method,privileged,run_seed,pad,regime,ss,n_episodes,n_success,success_rate,success_wilson_lo,success_wilson_hi,frac_crash,frac_off_pad,frac_hard_landing,frac_bounce,frac_success,frac_timeout,n_touchdowns,rel_vz_normal_p50_m_s,rel_vz_normal_p95_m_s,rel_vz_world_z_p50_m_s,rel_vz_world_z_p95_m_s,lateral_p50_m,lateral_p95_m,rel_tilt_p95_deg,time_to_touchdown_mean_s,time_to_touchdown_p50_s,effort_mean_sq,action_jerk_mean,disagreement_n,disagreement_rate,tunnelling_n,max_penetration_m,n_td_in_quiescent_window,frac_td_in_quiescent_window,frac_in_training_distribution,n_reason_ground_contact,n_reason_off_plate_strike,n_reason_tilt_gt_crash,n_reason_below_deck,n_reason_out_of_bounds,n_reason_dwell_complete,n_reason_release,n_reason_time_limit,n_listed,skip_reason,frac_td_in_quiescent_window_wilson_lo,frac_td_in_quiescent_window_wilson_hi,quiet_landings_per_listed,quiet_landings_per_listed_wilson_lo,quiet_landings_per_listed_wilson_hi,run_dir,run_algo,run_total_steps,run_ckpt,run_ckpt_steps,run_train_git_sha,run_config_sha256,run_config_source_sha256,run_model_sha256,run_vecnormalize_sha256,run_checkpoint_json_sha256,run_policy_class,run_needs_motion_feed,run_training_motion,eval_deck_motion,python,numpy,torch,sb3,gymnasium,pybullet,dmf_sha,gpd_sha,success_yaml_sha256,landing_yaml_sha256,observation_yaml_sha256,noise_yaml_sha256,episodes_manifest_sha256,generator_seed,v_max_m_s,driver,arm,condition,arm_motion,start_check,lam_inverse,noise_enabled,noise_position_sigma_m,noise_velocity_sigma_m_s,noise_latency_ms_configured,noise_latency_steps,noise_latency_ms_effective,noise_hold_freq_hz,sinusoid_rms_source_sha256,episode_lists_manifest_sha256
ppo,False,0,aft,id,SS3,200,199,0.995,0.9722262956021069,0.9991168312843989,0.0,0.0,0.0,0.005,0.995,0.0,200,0.250257738723455,0.363423234319763,0.2499018889539461,0.3631323857325224,0.020915083195458484,0.042487927914583286,7.905723512505568,1.578125,1.5770833333333334,0.25054850351481966,0.2594592839002935,0,0.0,0,-0.004309729819010248,190,0.95,0.755,0,0,0,0,0,199,1,0,200,,0.9104218518612239,0.972617354399236,0.95,0.9104218518612239,0.972617354399236,artifacts/runs/ppo/0,ppo,10000000,final,10010624,1d67488e2ec8c8522968511a772f65cfe3d8699d,aa28e4f4fd67c42b54cc6e93b365289bca6512297f4b84c1784bb2fe48a6d1b3,26b6c49f8552f5fa626c19bab5222205eb83d294854734a23c3b0b1b3d70e14a,1a012394335c44d1e08d20f2199debaf3809d7bef96e04749817ae35b584fd49,9ddb2a992d4263426bc28033f8cd9f7f54daf7011ca67eb81f3099ecf289db6f,2ea668e37f848fc3f7a50cfb21c64435de80f878bbef01ee165e3a8e5b0e00a0,LearnedPolicy,False,jonswap,jonswap,3.12.3,2.5.2,2.13.0,2.9.0,1.3.0,3.2.7,e9fa15cc35312a5c1ecf0c42668a690b5061c090,7ebad1ecabd28a7000add2d05f888aa2e837c2cc,c7fbdcc4df48bd4a2cfe21811613e5e50e3e4868822fe6dddd13745d96692118,b98d65cc5e34337369dcd4d69d63651cc2c99c19e8494199e8b5ec9e06c8b87f,3ee7e46399aea60603c767e0a604e79e7db233924ce71fe027a1ccc1623b7eb0,7beb41daec3d6a34c6da7696c56a982667957298f017ebe137829282b6ce7985,e6f30e55e478d39061b94e38de33959ca99b16e8cac38a3bd99b34f6543ad4a2,20260924,1.5,kinematic,noise,sigma2cm_lat0step,jonswap,strict,25.0,True,0.02,0.1,0.0,0,0.0,30.0,,e6f30e55e478d39061b94e38de33959ca99b16e8cac38a3bd99b34f6543ad4a2
ppo,False,0,aft,id,SS4,200,196,0.98,0.9497129130941735,0.9921955735836505,0.0,0.0,0.0,0.02,0.98,0.0,200,0.2569136313071284,0.38015438807806656,0.25740674868717356,0.38129221982677836,0.02142495120047582,0.04606327985467272,7.811056475846411,1.5789791666666668,1.5833333333333333,0.2552782349864345,0.2596307962874198,0,0.0,0,-0.0042116643091964084,138,0.69,0.75,0,0,0,0,0,196,4,0,200,,0.6228282243374195,0.750010551639219,0.69,0.6228282243374195,0.750010551639219,artifacts/runs/ppo/0,ppo,10000000,final,10010624,1d67488e2ec8c8522968511a772f65cfe3d8699d,aa28e4f4fd67c42b54cc6e93b365289bca6512297f4b84c1784bb2fe48a6d1b3,26b6c49f8552f5fa626c19bab5222205eb83d294854734a23c3b0b1b3d70e14a,1a012394335c44d1e08d20f2199debaf3809d7bef96e04749817ae35b584fd49,9ddb2a992d4263426bc28033f8cd9f7f54daf7011ca67eb81f3099ecf289db6f,2ea668e37f848fc3f7a50cfb21c64435de80f878bbef01ee165e3a8e5b0e00a0,LearnedPolicy,False,jonswap,jonswap,3.12.3,2.5.2,2.13.0,2.9.0,1.3.0,3.2.7,e9fa15cc35312a5c1ecf0c42668a690b5061c090,7ebad1ecabd28a7000add2d05f888aa2e837c2cc,c7fbdcc4df48bd4a2cfe21811613e5e50e3e4868822fe6dddd13745d96692118,b98d65cc5e34337369dcd4d69d63651cc2c99c19e8494199e8b5ec9e06c8b87f,3ee7e46399aea60603c767e0a604e79e7db233924ce71fe027a1ccc1623b7eb0,7beb41daec3d6a34c6da7696c56a982667957298f017ebe137829282b6ce7985,e6f30e55e478d39061b94e38de33959ca99b16e8cac38a3bd99b34f6543ad4a2,20260924,1.5,kinematic,noise,sigma2cm_lat0step,jonswap,strict,25.0,True,0.02,0.1,0.0,0,0.0,30.0,,e6f30e55e478d39061b94e38de33959ca99b16e8cac38a3bd99b34f6543ad4a2
ppo,False,0,aft,id,SS5,200,194,0.97,0.9361057075454807,0.9861796856598887,0.0,0.0,0.01,0.02,0.97,0.0,200,0.2399811938654226,0.33922766178674724,0.2425930910197877,0.3395352235388718,0.020650627513797957,0.046892474687549486,9.844332744911254,1.5911875,1.5916666666666666,0.2571262651970722,0.26391393296152016,0,0.0,1,-0.005237879180348006,64,0.32,0.745,0,0,0,0,0,196,4,0,200,,0.25926533315468053,0.38751898434113546,0.32,0.25926533315468053,0.38751898434113546,artifacts/runs/ppo/0,ppo,10000000,final,10010624,1d67488e2ec8c8522968511a772f65cfe3d8699d,aa28e4f4fd67c42b54cc6e93b365289bca6512297f4b84c1784bb2fe48a6d1b3,26b6c49f8552f5fa626c19bab5222205eb83d294854734a23c3b0b1b3d70e14a,1a012394335c44d1e08d20f2199debaf3809d7bef96e04749817ae35b584fd49,9ddb2a992d4263426bc28033f8cd9f7f54daf7011ca67eb81f3099ecf289db6f,2ea668e37f848fc3f7a50cfb21c64435de80f878bbef01ee165e3a8e5b0e00a0,LearnedPolicy,False,jonswap,jonswap,3.12.3,2.5.2,2.13.0,2.9.0,1.3.0,3.2.7,e9fa15cc35312a5c1ecf0c42668a690b5061c090,7ebad1ecabd28a7000add2d05f888aa2e837c2cc,c7fbdcc4df48bd4a2cfe21811613e5e50e3e4868822fe6dddd13745d96692118,b98d65cc5e34337369dcd4d69d63651cc2c99c19e8494199e8b5ec9e06c8b87f,3ee7e46399aea60603c767e0a604e79e7db233924ce71fe027a1ccc1623b7eb0,7beb41daec3d6a34c6da7696c56a982667957298f017ebe137829282b6ce7985,e6f30e55e478d39061b94e38de33959ca99b16e8cac38a3bd99b34f6543ad4a2,20260924,1.5,kinematic,noise,sigma2cm_lat0step,jonswap,strict,25.0,True,0.02,0.1,0.0,0,0.0,30.0,,e6f30e55e478d39061b94e38de33959ca99b16e8cac38a3bd99b34f6543ad4a2
ppo,False,0,aft,id,SS6,200,193,0.965,0.9295293884777092,0.9829444579914328,0.0,0.0,0.025,0.01,0.965,0.0,200,0.24517857908588314,0.36843665771383854,0.2509035494965371,0.3697463683004499,0.02185579383004318,0.04538767836467629,12.08696333601398,1.6211458333333335,1.6041666666666667,0.2579438381946658,0.26658036091099435,0,0.0,4,-0.006173232975417493,25,0.125,0.0,0,0,0,0,0,198,2,0,200,,0.08611974475712644,0.17801425002582347,0.125,0.08611974475712644,0.17801425002582347,artifacts/runs/ppo/0,ppo,10000000,final,10010624,1d67488e2ec8c8522968511a772f65cfe3d8699d,aa28e4f4fd67c42b54cc6e93b365289bca6512297f4b84c1784bb2fe48a6d1b3,26b6c49f8552f5fa626c19bab5222205eb83d294854734a23c3b0b1b3d70e14a,1a012394335c44d1e08d20f2199debaf3809d7bef96e04749817ae35b584fd49,9ddb2a992d4263426bc28033f8cd9f7f54daf7011ca67eb81f3099ecf289db6f,2ea668e37f848fc3f7a50cfb21c64435de80f878bbef01ee165e3a8e5b0e00a0,LearnedPolicy,False,jonswap,jonswap,3.12.3,2.5.2,2.13.0,2.9.0,1.3.0,3.2.7,e9fa15cc35312a5c1ecf0c42668a690b5061c090,7ebad1ecabd28a7000add2d05f888aa2e837c2cc,c7fbdcc4df48bd4a2cfe21811613e5e50e3e4868822fe6dddd13745d96692118,b98d65cc5e34337369dcd4d69d63651cc2c99c19e8494199e8b5ec9e06c8b87f,3ee7e46399aea60603c767e0a604e79e7db233924ce71fe027a1ccc1623b7eb0,7beb41daec3d6a34c6da7696c56a982667957298f017ebe137829282b6ce7985,e6f30e55e478d39061b94e38de33959ca99b16e8cac38a3bd99b34f6543ad4a2,20260924,1.5,kinematic,noise,sigma2cm_lat0step,jonswap,strict,25.0,True,0.02,0.1,0.0,0,0.0,30.0,,e6f30e55e478d39061b94e38de33959ca99b16e8cac38a3bd99b34f6543ad4a2
ppo,False,1,aft,id,SS3,200,200,1.0,0.9811546736227335,1.0,0.0,0.0,0.0,0.0,1.0,0.0,200,0.25202587924541336,0.35459525601654013,0.2520195822828415,0.3542357626079847,0.019213001137684413,0.03961012397197978,6.760661130797997,1.5681874999999998,1.5666666666666667,0.27120684483865176,0.2577029163503438,0,0.0,0,-0.004633590022148856,191,0.955,0.755,0,0,0,0,0,200,0,0,200,,0.9167032959981803,0.976147456998507,0.955,0.9167032959981803,0.976147456998507,artifacts/runs/ppo/1,ppo,10000000,final,10010624,1d67488e2ec8c8522968511a772f65cfe3d8699d,aa28e4f4fd67c42b54cc6e93b365289bca6512297f4b84c1784bb2fe48a6d1b3,26b6c49f8552f5fa626c19bab5222205eb83d294854734a23c3b0b1b3d70e14a,77e172f4133c465b39c1f770f59e892666d3c9109a0d74da434e54a2c3a5294b,a82172a5d0cdab6b63ae362ee461ed3fa67d30136b83e87be42a72da47da455f,8d1481982a00eb2ce0ff3666e34c32e7d7d1a5c92dbb3206d2b5c46f3255e70a,LearnedPolicy,False,jonswap,jonswap,3.12.3,2.5.2,2.13.0,2.9.0,1.3.0,3.2.7,e9fa15cc35312a5c1ecf0c42668a690b5061c090,7ebad1ecabd28a7000add2d05f888aa2e837c2cc,c7fbdcc4df48bd4a2cfe21811613e5e50e3e4868822fe6dddd13745d96692118,b98d65cc5e34337369dcd4d69d63651cc2c99c19e8494199e8b5ec9e06c8b87f,3ee7e46399aea60603c767e0a604e79e7db233924ce71fe027a1ccc1623b7eb0,7beb41daec3d6a34c6da7696c56a982667957298f017ebe137829282b6ce7985,e6f30e55e478d39061b94e38de33959ca99b16e8cac38a3bd99b34f6543ad4a2,20260924,1.5,kinematic,noise,sigma2cm_lat0step,jonswap,strict,25.0,True,0.02,0.1,0.0,0,0.0,30.0,,e6f30e55e478d39061b94e38de33959ca99b16e8cac38a3bd99b34f6543ad4a2
ppo,False,1,aft,id,SS4,200,200,1.0,0.9811546736227335,1.0,0.0,0.0,0.0,0.0,1.0,0.0,200,0.26328758981673883,0.37904157764415786,0.26387135811195683,0.3783726820266054,0.0192701776422613,0.041377728727723835,7.476798212578957,1.5705208333333331,1.575,0.2729099391814262,0.25435993444687993,0,0.0,0,-0.004089803282846841,138,0.69,0.75,0,0,0,0,0,200,0,0,200,,0.6228282243374195,0.750010551639219,0.69,0.6228282243374195,0.750010551639219,artifacts/runs/ppo/1,ppo,10000000,final,10010624,1d67488e2ec8c8522968511a772f65cfe3d8699d,aa28e4f4fd67c42b54cc6e93b365289bca6512297f4b84c1784bb2fe48a6d1b3,26b6c49f8552f5fa626c19bab5222205eb83d294854734a23c3b0b1b3d70e14a,77e172f4133c465b39c1f770f59e892666d3c9109a0d74da434e54a2c3a5294b,a82172a5d0cdab6b63ae362ee461ed3fa67d30136b83e87be42a72da47da455f,8d1481982a00eb2ce0ff3666e34c32e7d7d1a5c92dbb3206d2b5c46f3255e70a,LearnedPolicy,False,jonswap,jonswap,3.12.3,2.5.2,2.13.0,2.9.0,1.3.0,3.2.7,e9fa15cc35312a5c1ecf0c42668a690b5061c090,7ebad1ecabd28a7000add2d05f888aa2e837c2cc,c7fbdcc4df48bd4a2cfe21811613e5e50e3e4868822fe6dddd13745d96692118,b98d65cc5e34337369dcd4d69d63651cc2c99c19e8494199e8b5ec9e06c8b87f,3ee7e46399aea60603c767e0a604e79e7db233924ce71fe027a1ccc1623b7eb0,7beb41daec3d6a34c6da7696c56a982667957298f017ebe137829282b6ce7985,e6f30e55e478d39061b94e38de33959ca99b16e8cac38a3bd99b34f6543ad4a2,20260924,1.5,kinematic,noise,sigma2cm_lat0step,jonswap,strict,25.0,True,0.02,0.1,0.0,0,0.0,30.0,,e6f30e55e478d39061b94e38de33959ca99b16e8cac38a3bd99b34f6543ad4a2
ppo,False,1,aft,id,SS5,200,198,0.99,0.9642782382838231,0.9972533418664555,0.0,0.0,0.005,0.005,0.99,0.0,200,0.24447744986214925,0.35750398983416753,0.24528094834973896,0.3613151430399899,0.02042068510155423,0.044182848136586954,9.399248431849365,1.5754791666666665,1.5708333333333333,0.2751976866799231,0.2559286539724245,0,0.0,1,-0.00542939847844541,61,0.305,0.745,0,0,0,0,0,199,1,0,200,,0.24536415630735034,0.37198552097978366,0.305,0.24536415630735034,0.37198552097978366,artifacts/runs/ppo/1,ppo,10000000,final,10010624,1d67488e2ec8c8522968511a772f65cfe3d8699d,aa28e4f4fd67c42b54cc6e93b365289bca6512297f4b84c1784bb2fe48a6d1b3,26b6c49f8552f5fa626c19bab5222205eb83d294854734a23c3b0b1b3d70e14a,77e172f4133c465b39c1f770f59e892666d3c9109a0d74da434e54a2c3a5294b,a82172a5d0cdab6b63ae362ee461ed3fa67d30136b83e87be42a72da47da455f,8d1481982a00eb2ce0ff3666e34c32e7d7d1a5c92dbb3206d2b5c46f3255e70a,LearnedPolicy,False,jonswap,jonswap,3.12.3,2.5.2,2.13.0,2.9.0,1.3.0,3.2.7,e9fa15cc35312a5c1ecf0c42668a690b5061c090,7ebad1ecabd28a7000add2d05f888aa2e837c2cc,c7fbdcc4df48bd4a2cfe21811613e5e50e3e4868822fe6dddd13745d96692118,b98d65cc5e34337369dcd4d69d63651cc2c99c19e8494199e8b5ec9e06c8b87f,3ee7e46399aea60603c767e0a604e79e7db233924ce71fe027a1ccc1623b7eb0,7beb41daec3d6a34c6da7696c56a982667957298f017ebe137829282b6ce7985,e6f30e55e478d39061b94e38de33959ca99b16e8cac38a3bd99b34f6543ad4a2,20260924,1.5,kinematic,noise,sigma2cm_lat0step,jonswap,strict,25.0,True,0.02,0.1,0.0,0,0.0,30.0,,e6f30e55e478d39061b94e38de33959ca99b16e8cac38a3bd99b34f6543ad4a2
ppo,False,1,aft,id,SS6,200,187,0.935,0.8919809207009312,0.961623645350847,0.0,0.0,0.025,0.04,0.935,0.0,200,0.26455756061318514,0.3673227603961846,0.2669359325881177,0.37472553017996163,0.01943969794101702,0.04713138565809552,13.477434141420694,1.589125,1.5916666666666666,0.2792579424883582,0.25970343480422364,0,0.0,6,-0.006063154889682866,24,0.12,0.0,0,0,0,0,0,190,10,0,200,,0.08197992706375512,0.17234252098296743,0.12,0.08197992706375512,0.17234252098296743,artifacts/runs/ppo/1,ppo,10000000,final,10010624,1d67488e2ec8c8522968511a772f65cfe3d8699d,aa28e4f4fd67c42b54cc6e93b365289bca6512297f4b84c1784bb2fe48a6d1b3,26b6c49f8552f5fa626c19bab5222205eb83d294854734a23c3b0b1b3d70e14a,77e172f4133c465b39c1f770f59e892666d3c9109a0d74da434e54a2c3a5294b,a82172a5d0cdab6b63ae362ee461ed3fa67d30136b83e87be42a72da47da455f,8d1481982a00eb2ce0ff3666e34c32e7d7d1a5c92dbb3206d2b5c46f3255e70a,LearnedPolicy,False,jonswap,jonswap,3.12.3,2.5.2,2.13.0,2.9.0,1.3.0,3.2.7,e9fa15cc35312a5c1ecf0c42668a690b5061c090,7ebad1ecabd28a7000add2d05f888aa2e837c2cc,c7fbdcc4df48bd4a2cfe21811613e5e50e3e4868822fe6dddd13745d96692118,b98d65cc5e34337369dcd4d69d63651cc2c99c19e8494199e8b5ec9e06c8b87f,3ee7e46399aea60603c767e0a604e79e7db233924ce71fe027a1ccc1623b7eb0,7beb41daec3d6a34c6da7696c56a982667957298f017ebe137829282b6ce7985,e6f30e55e478d39061b94e38de33959ca99b16e8cac38a3bd99b34f6543ad4a2,20260924,1.5,kinematic,noise,sigma2cm_lat0step,jonswap,strict,25.0,True,0.02,0.1,0.0,0,0.0,30.0,,e6f30e55e478d39061b94e38de33959ca99b16e8cac38a3bd99b34f6543ad4a2
ppo,False,2,aft,id,SS3,200,199,0.995,0.9722262956021069,0.9991168312843989,0.0,0.0,0.0,0.005,0.995,0.0,200,0.2508020856441983,0.35537135694673105,0.25210552614642123,0.3554690379495344,0.018339433853131658,0.03851379220416514,9.262005111641722,1.5786250000000002,1.5708333333333333,0.24353721294096758,0.27007913578189097,0,0.0,0,-0.004904525776954189,190,0.95,0.755,0,0,0,0,0,199,1,0,200,,0.9104218518612239,0.972617354399236,0.95,0.9104218518612239,0.972617354399236,artifacts/runs/ppo/2,ppo,10000000,final,10010624,1d67488e2ec8c8522968511a772f65cfe3d8699d,aa28e4f4fd67c42b54cc6e93b365289bca6512297f4b84c1784bb2fe48a6d1b3,26b6c49f8552f5fa626c19bab5222205eb83d294854734a23c3b0b1b3d70e14a,785d07894e5792c21be9101064cf625c2f21171047f56684d5a0e9b55a6aee91,9a95795a0e61c02e4389f547b94a9dd08c0912af60a5e2094e5cc314ffbfabc3,02bd6e2fc9633ae4e89365c42d519dc4e8ef0c67d17be4050ff3a485b90047de,LearnedPolicy,False,jonswap,jonswap,3.12.3,2.5.2,2.13.0,2.9.0,1.3.0,3.2.7,e9fa15cc35312a5c1ecf0c42668a690b5061c090,7ebad1ecabd28a7000add2d05f888aa2e837c2cc,c7fbdcc4df48bd4a2cfe21811613e5e50e3e4868822fe6dddd13745d96692118,b98d65cc5e34337369dcd4d69d63651cc2c99c19e8494199e8b5ec9e06c8b87f,3ee7e46399aea60603c767e0a604e79e7db233924ce71fe027a1ccc1623b7eb0,7beb41daec3d6a34c6da7696c56a982667957298f017ebe137829282b6ce7985,e6f30e55e478d39061b94e38de33959ca99b16e8cac38a3bd99b34f6543ad4a2,20260924,1.5,kinematic,noise,sigma2cm_lat0step,jonswap,strict,25.0,True,0.02,0.1,0.0,0,0.0,30.0,,e6f30e55e478d39061b94e38de33959ca99b16e8cac38a3bd99b34f6543ad4a2
ppo,False,2,aft,id,SS4,200,199,0.995,0.9722262956021069,0.9991168312843989,0.0,0.0,0.0,0.005,0.995,0.0,200,0.2534562302934456,0.385588191703531,0.2527152661287324,0.38441899254350764,0.019924973235008282,0.04317035236461529,8.968380582474973,1.578854166666667,1.5812499999999998,0.2455868327778763,0.26837582676067717,0,0.0,0,-0.004210368272360048,138,0.69,0.75,0,0,0,0,0,199,1,0,200,,0.6228282243374195,0.750010551639219,0.69,0.6228282243374195,0.750010551639219,artifacts/runs/ppo/2,ppo,10000000,final,10010624,1d67488e2ec8c8522968511a772f65cfe3d8699d,aa28e4f4fd67c42b54cc6e93b365289bca6512297f4b84c1784bb2fe48a6d1b3,26b6c49f8552f5fa626c19bab5222205eb83d294854734a23c3b0b1b3d70e14a,785d07894e5792c21be9101064cf625c2f21171047f56684d5a0e9b55a6aee91,9a95795a0e61c02e4389f547b94a9dd08c0912af60a5e2094e5cc314ffbfabc3,02bd6e2fc9633ae4e89365c42d519dc4e8ef0c67d17be4050ff3a485b90047de,LearnedPolicy,False,jonswap,jonswap,3.12.3,2.5.2,2.13.0,2.9.0,1.3.0,3.2.7,e9fa15cc35312a5c1ecf0c42668a690b5061c090,7ebad1ecabd28a7000add2d05f888aa2e837c2cc,c7fbdcc4df48bd4a2cfe21811613e5e50e3e4868822fe6dddd13745d96692118,b98d65cc5e34337369dcd4d69d63651cc2c99c19e8494199e8b5ec9e06c8b87f,3ee7e46399aea60603c767e0a604e79e7db233924ce71fe027a1ccc1623b7eb0,7beb41daec3d6a34c6da7696c56a982667957298f017ebe137829282b6ce7985,e6f30e55e478d39061b94e38de33959ca99b16e8cac38a3bd99b34f6543ad4a2,20260924,1.5,kinematic,noise,sigma2cm_lat0step,jonswap,strict,25.0,True,0.02,0.1,0.0,0,0.0,30.0,,e6f30e55e478d39061b94e38de33959ca99b16e8cac38a3bd99b34f6543ad4a2
ppo,False,2,aft,id,SS5,200,194,0.97,0.9361057075454807,0.9861796856598887,0.0,0.0,0.01,0.02,0.97,0.0,200,0.24239688416144822,0.34282162578486747,0.24275215379397264,0.3465805442956689,0.02065744804984522,0.04249686442127289,10.31448655907751,1.5885624999999999,1.5875,0.2502407666370916,0.27365390872589435,0,0.0,0,-0.004910383855923731,63,0.315,0.745,0,0,0,0,0,195,5,0,200,,0.2546232099022851,0.3823495608573036,0.315,0.2546232099022851,0.3823495608573036,artifacts/runs/ppo/2,ppo,10000000,final,10010624,1d67488e2ec8c8522968511a772f65cfe3d8699d,aa28e4f4fd67c42b54cc6e93b365289bca6512297f4b84c1784bb2fe48a6d1b3,26b6c49f8552f5fa626c19bab5222205eb83d294854734a23c3b0b1b3d70e14a,785d07894e5792c21be9101064cf625c2f21171047f56684d5a0e9b55a6aee91,9a95795a0e61c02e4389f547b94a9dd08c0912af60a5e2094e5cc314ffbfabc3,02bd6e2fc9633ae4e89365c42d519dc4e8ef0c67d17be4050ff3a485b90047de,LearnedPolicy,False,jonswap,jonswap,3.12.3,2.5.2,2.13.0,2.9.0,1.3.0,3.2.7,e9fa15cc35312a5c1ecf0c42668a690b5061c090,7ebad1ecabd28a7000add2d05f888aa2e837c2cc,c7fbdcc4df48bd4a2cfe21811613e5e50e3e4868822fe6dddd13745d96692118,b98d65cc5e34337369dcd4d69d63651cc2c99c19e8494199e8b5ec9e06c8b87f,3ee7e46399aea60603c767e0a604e79e7db233924ce71fe027a1ccc1623b7eb0,7beb41daec3d6a34c6da7696c56a982667957298f017ebe137829282b6ce7985,e6f30e55e478d39061b94e38de33959ca99b16e8cac38a3bd99b34f6543ad4a2,20260924,1.5,kinematic,noise,sigma2cm_lat0step,jonswap,strict,25.0,True,0.02,0.1,0.0,0,0.0,30.0,,e6f30e55e478d39061b94e38de33959ca99b16e8cac38a3bd99b34f6543ad4a2
ppo,False,2,aft,id,SS6,200,194,0.97,0.9361057075454807,0.9861796856598887,0.0,0.0,0.02,0.01,0.97,0.0,200,0.24072316078344597,0.36564118502375803,0.24341032652356093,0.3696764219473078,0.022480255210381092,0.05496840927979344,12.758790480321675,1.6288958333333334,1.6062500000000002,0.2487171164467047,0.27164403464242914,0,0.0,4,-0.005725990323056019,24,0.12,0.0,0,0,0,0,0,196,4,0,200,,0.08197992706375512,0.17234252098296743,0.12,0.08197992706375512,0.17234252098296743,artifacts/runs/ppo/2,ppo,10000000,final,10010624,1d67488e2ec8c8522968511a772f65cfe3d8699d,aa28e4f4fd67c42b54cc6e93b365289bca6512297f4b84c1784bb2fe48a6d1b3,26b6c49f8552f5fa626c19bab5222205eb83d294854734a23c3b0b1b3d70e14a,785d07894e5792c21be9101064cf625c2f21171047f56684d5a0e9b55a6aee91,9a95795a0e61c02e4389f547b94a9dd08c0912af60a5e2094e5cc314ffbfabc3,02bd6e2fc9633ae4e89365c42d519dc4e8ef0c67d17be4050ff3a485b90047de,LearnedPolicy,False,jonswap,jonswap,3.12.3,2.5.2,2.13.0,2.9.0,1.3.0,3.2.7,e9fa15cc35312a5c1ecf0c42668a690b5061c090,7ebad1ecabd28a7000add2d05f888aa2e837c2cc,c7fbdcc4df48bd4a2cfe21811613e5e50e3e4868822fe6dddd13745d96692118,b98d65cc5e34337369dcd4d69d63651cc2c99c19e8494199e8b5ec9e06c8b87f,3ee7e46399aea60603c767e0a604e79e7db233924ce71fe027a1ccc1623b7eb0,7beb41daec3d6a34c6da7696c56a982667957298f017ebe137829282b6ce7985,e6f30e55e478d39061b94e38de33959ca99b16e8cac38a3bd99b34f6543ad4a2,20260924,1.5,kinematic,noise,sigma2cm_lat0step,jonswap,strict,25.0,True,0.02,0.1,0.0,0,0.0,30.0,,e6f30e55e478d39061b94e38de33959ca99b16e8cac38a3bd99b34f6543ad4a2
ppo,False,3,aft,id,SS3,200,198,0.99,0.9642782382838231,0.9972533418664555,0.0,0.0,0.0,0.01,0.99,0.0,200,0.2565107034659785,0.36171091405603,0.25706984754533135,0.36190002908276303,0.01853794561996818,0.03730533351064542,8.253482279052557,1.5405624999999998,1.5375,0.2591153957564309,0.26190507560020765,0,0.0,0,-0.004650015064049694,191,0.955,0.755,0,0,0,0,0,198,2,0,200,,0.9167032959981803,0.976147456998507,0.955,0.9167032959981803,0.976147456998507,artifacts/runs/ppo/3,ppo,10000000,final,10010624,1d67488e2ec8c8522968511a772f65cfe3d8699d,aa28e4f4fd67c42b54cc6e93b365289bca6512297f4b84c1784bb2fe48a6d1b3,26b6c49f8552f5fa626c19bab5222205eb83d294854734a23c3b0b1b3d70e14a,ab7152483da4fd50de264a3f0daaffb37cb7febe316803c154b3ed5a494f4d8f,97bb0f4a9cea41eba346cbef16d10a8fd2e625280036dca49859e9d49d7d98f7,e06fa8718729185b93b0874dab70fd01f0cf9fa14cf7de867d18c5555d8c8858,LearnedPolicy,False,jonswap,jonswap,3.12.3,2.5.2,2.13.0,2.9.0,1.3.0,3.2.7,e9fa15cc35312a5c1ecf0c42668a690b5061c090,7ebad1ecabd28a7000add2d05f888aa2e837c2cc,c7fbdcc4df48bd4a2cfe21811613e5e50e3e4868822fe6dddd13745d96692118,b98d65cc5e34337369dcd4d69d63651cc2c99c19e8494199e8b5ec9e06c8b87f,3ee7e46399aea60603c767e0a604e79e7db233924ce71fe027a1ccc1623b7eb0,7beb41daec3d6a34c6da7696c56a982667957298f017ebe137829282b6ce7985,e6f30e55e478d39061b94e38de33959ca99b16e8cac38a3bd99b34f6543ad4a2,20260924,1.5,kinematic,noise,sigma2cm_lat0step,jonswap,strict,25.0,True,0.02,0.1,0.0,0,0.0,30.0,,e6f30e55e478d39061b94e38de33959ca99b16e8cac38a3bd99b34f6543ad4a2
ppo,False,3,aft,id,SS4,200,197,0.985,0.9568342712073097,0.9948857622067417,0.0,0.0,0.005,0.01,0.985,0.0,200,0.26378422759029896,0.3869421983457644,0.2640693060610504,0.3866907211132348,0.01862588421354477,0.036986775372722686,8.983262345836208,1.5437708333333333,1.5416666666666667,0.2600934891058278,0.2594432763640962,0,0.0,0,-0.004318215567945484,140,0.7,0.75,0,0,0,0,0,198,2,0,200,,0.6332093162728074,0.7592525531762859,0.7,0.6332093162728074,0.7592525531762859,artifacts/runs/ppo/3,ppo,10000000,final,10010624,1d67488e2ec8c8522968511a772f65cfe3d8699d,aa28e4f4fd67c42b54cc6e93b365289bca6512297f4b84c1784bb2fe48a6d1b3,26b6c49f8552f5fa626c19bab5222205eb83d294854734a23c3b0b1b3d70e14a,ab7152483da4fd50de264a3f0daaffb37cb7febe316803c154b3ed5a494f4d8f,97bb0f4a9cea41eba346cbef16d10a8fd2e625280036dca49859e9d49d7d98f7,e06fa8718729185b93b0874dab70fd01f0cf9fa14cf7de867d18c5555d8c8858,LearnedPolicy,False,jonswap,jonswap,3.12.3,2.5.2,2.13.0,2.9.0,1.3.0,3.2.7,e9fa15cc35312a5c1ecf0c42668a690b5061c090,7ebad1ecabd28a7000add2d05f888aa2e837c2cc,c7fbdcc4df48bd4a2cfe21811613e5e50e3e4868822fe6dddd13745d96692118,b98d65cc5e34337369dcd4d69d63651cc2c99c19e8494199e8b5ec9e06c8b87f,3ee7e46399aea60603c767e0a604e79e7db233924ce71fe027a1ccc1623b7eb0,7beb41daec3d6a34c6da7696c56a982667957298f017ebe137829282b6ce7985,e6f30e55e478d39061b94e38de33959ca99b16e8cac38a3bd99b34f6543ad4a2,20260924,1.5,kinematic,noise,sigma2cm_lat0step,jonswap,strict,25.0,True,0.02,0.1,0.0,0,0.0,30.0,,e6f30e55e478d39061b94e38de33959ca99b16e8cac38a3bd99b34f6543ad4a2
ppo,False,3,aft,id,SS5,200,198,0.99,0.9642782382838231,0.9972533418664555,0.0,0.0,0.0,0.01,0.99,0.0,200,0.2459014764724986,0.34986904438727945,0.24982704041573645,0.3546454393931669,0.018033353107902175,0.04049476864493261,9.446590268938087,1.5495625000000002,1.5458333333333334,0.26272553754392575,0.2634640324142125,0,0.0,2,-0.005216735837134488,63,0.315,0.745,0,0,0,0,0,198,2,0,200,,0.2546232099022851,0.3823495608573036,0.315,0.2546232099022851,0.3823495608573036,artifacts/runs/ppo/3,ppo,10000000,final,10010624,1d67488e2ec8c8522968511a772f65cfe3d8699d,aa28e4f4fd67c42b54cc6e93b365289bca6512297f4b84c1784bb2fe48a6d1b3,26b6c49f8552f5fa626c19bab5222205eb83d294854734a23c3b0b1b3d70e14a,ab7152483da4fd50de264a3f0daaffb37cb7febe316803c154b3ed5a494f4d8f,97bb0f4a9cea41eba346cbef16d10a8fd2e625280036dca49859e9d49d7d98f7,e06fa8718729185b93b0874dab70fd01f0cf9fa14cf7de867d18c5555d8c8858,LearnedPolicy,False,jonswap,jonswap,3.12.3,2.5.2,2.13.0,2.9.0,1.3.0,3.2.7,e9fa15cc35312a5c1ecf0c42668a690b5061c090,7ebad1ecabd28a7000add2d05f888aa2e837c2cc,c7fbdcc4df48bd4a2cfe21811613e5e50e3e4868822fe6dddd13745d96692118,b98d65cc5e34337369dcd4d69d63651cc2c99c19e8494199e8b5ec9e06c8b87f,3ee7e46399aea60603c767e0a604e79e7db233924ce71fe027a1ccc1623b7eb0,7beb41daec3d6a34c6da7696c56a982667957298f017ebe137829282b6ce7985,e6f30e55e478d39061b94e38de33959ca99b16e8cac38a3bd99b34f6543ad4a2,20260924,1.5,kinematic,noise,sigma2cm_lat0step,jonswap,strict,25.0,True,0.02,0.1,0.0,0,0.0,30.0,,e6f30e55e478d39061b94e38de33959ca99b16e8cac38a3bd99b34f6543ad4a2
ppo,False,3,aft,id,SS6,200,196,0.98,0.9497129130941735,0.9921955735836505,0.0,0.005,0.015,0.0,0.98,0.0,200,0.2706360330452683,0.3754052119883143,0.2733460632796152,0.378641367151164,0.023449070091027972,0.05472348269444031,12.67473089383433,1.5983333333333332,1.575,0.26127340212500394,0.25921401323087034,0,0.0,3,-0.00599564079503797,22,0.11,0.0,0,0,0,0,0,200,0,0,200,,0.07377244460125303,0.1609269099730149,0.11,0.07377244460125303,0.1609269099730149,artifacts/runs/ppo/3,ppo,10000000,final,10010624,1d67488e2ec8c8522968511a772f65cfe3d8699d,aa28e4f4fd67c42b54cc6e93b365289bca6512297f4b84c1784bb2fe48a6d1b3,26b6c49f8552f5fa626c19bab5222205eb83d294854734a23c3b0b1b3d70e14a,ab7152483da4fd50de264a3f0daaffb37cb7febe316803c154b3ed5a494f4d8f,97bb0f4a9cea41eba346cbef16d10a8fd2e625280036dca49859e9d49d7d98f7,e06fa8718729185b93b0874dab70fd01f0cf9fa14cf7de867d18c5555d8c8858,LearnedPolicy,False,jonswap,jonswap,3.12.3,2.5.2,2.13.0,2.9.0,1.3.0,3.2.7,e9fa15cc35312a5c1ecf0c42668a690b5061c090,7ebad1ecabd28a7000add2d05f888aa2e837c2cc,c7fbdcc4df48bd4a2cfe21811613e5e50e3e4868822fe6dddd13745d96692118,b98d65cc5e34337369dcd4d69d63651cc2c99c19e8494199e8b5ec9e06c8b87f,3ee7e46399aea60603c767e0a604e79e7db233924ce71fe027a1ccc1623b7eb0,7beb41daec3d6a34c6da7696c56a982667957298f017ebe137829282b6ce7985,e6f30e55e478d39061b94e38de33959ca99b16e8cac38a3bd99b34f6543ad4a2,20260924,1.5,kinematic,noise,sigma2cm_lat0step,jonswap,strict,25.0,True,0.02,0.1,0.0,0,0.0,30.0,,e6f30e55e478d39061b94e38de33959ca99b16e8cac38a3bd99b34f6543ad4a2
ppo,False,4,aft,id,SS3,200,198,0.99,0.9642782382838231,0.9972533418664555,0.0,0.0,0.0,0.01,0.99,0.0,200,0.2392774069001231,0.36514652172791295,0.2398475492738269,0.3650954915645388,0.01690016403363041,0.03572131771678957,6.637724770942204,1.6155,1.6125,0.24388081994376706,0.25399163419182447,0,0.0,0,-0.004066613604324523,192,0.96,0.755,0,0,0,0,0,198,2,0,200,,0.923067931799067,0.9795943679338476,0.96,0.923067931799067,0.9795943679338476,artifacts/runs/ppo/4,ppo,10000000,final,10010624,1d67488e2ec8c8522968511a772f65cfe3d8699d,aa28e4f4fd67c42b54cc6e93b365289bca6512297f4b84c1784bb2fe48a6d1b3,26b6c49f8552f5fa626c19bab5222205eb83d294854734a23c3b0b1b3d70e14a,0f6fa22d0d78ca95d6921cbffd3a3f33256b0b062e60450732bc5ff3d852289b,6e5d7599d8b22d2faeae0c29e77815969a718294a40510afc7a7f4c6eeba4d38,25ca4106038d25702886c8826640f3a64cf21ce82006e4cae60c158511cd7d6e,LearnedPolicy,False,jonswap,jonswap,3.12.3,2.5.2,2.13.0,2.9.0,1.3.0,3.2.7,e9fa15cc35312a5c1ecf0c42668a690b5061c090,7ebad1ecabd28a7000add2d05f888aa2e837c2cc,c7fbdcc4df48bd4a2cfe21811613e5e50e3e4868822fe6dddd13745d96692118,b98d65cc5e34337369dcd4d69d63651cc2c99c19e8494199e8b5ec9e06c8b87f,3ee7e46399aea60603c767e0a604e79e7db233924ce71fe027a1ccc1623b7eb0,7beb41daec3d6a34c6da7696c56a982667957298f017ebe137829282b6ce7985,e6f30e55e478d39061b94e38de33959ca99b16e8cac38a3bd99b34f6543ad4a2,20260924,1.5,kinematic,noise,sigma2cm_lat0step,jonswap,strict,25.0,True,0.02,0.1,0.0,0,0.0,30.0,,e6f30e55e478d39061b94e38de33959ca99b16e8cac38a3bd99b34f6543ad4a2
ppo,False,4,aft,id,SS4,200,196,0.98,0.9497129130941735,0.9921955735836505,0.0,0.0,0.0,0.02,0.98,0.0,200,0.24836295781286843,0.3462320513582808,0.24870181572086977,0.3460549272819803,0.01672824779884815,0.037856822820364955,7.860955457102368,1.6141874999999999,1.6145833333333335,0.2460093660140965,0.25697041009174915,0,0.0,0,-0.004361877810011608,136,0.68,0.75,0,0,0,0,0,196,4,0,200,,0.6124810156588646,0.7407346668453195,0.68,0.6124810156588646,0.7407346668453195,artifacts/runs/ppo/4,ppo,10000000,final,10010624,1d67488e2ec8c8522968511a772f65cfe3d8699d,aa28e4f4fd67c42b54cc6e93b365289bca6512297f4b84c1784bb2fe48a6d1b3,26b6c49f8552f5fa626c19bab5222205eb83d294854734a23c3b0b1b3d70e14a,0f6fa22d0d78ca95d6921cbffd3a3f33256b0b062e60450732bc5ff3d852289b,6e5d7599d8b22d2faeae0c29e77815969a718294a40510afc7a7f4c6eeba4d38,25ca4106038d25702886c8826640f3a64cf21ce82006e4cae60c158511cd7d6e,LearnedPolicy,False,jonswap,jonswap,3.12.3,2.5.2,2.13.0,2.9.0,1.3.0,3.2.7,e9fa15cc35312a5c1ecf0c42668a690b5061c090,7ebad1ecabd28a7000add2d05f888aa2e837c2cc,c7fbdcc4df48bd4a2cfe21811613e5e50e3e4868822fe6dddd13745d96692118,b98d65cc5e34337369dcd4d69d63651cc2c99c19e8494199e8b5ec9e06c8b87f,3ee7e46399aea60603c767e0a604e79e7db233924ce71fe027a1ccc1623b7eb0,7beb41daec3d6a34c6da7696c56a982667957298f017ebe137829282b6ce7985,e6f30e55e478d39061b94e38de33959ca99b16e8cac38a3bd99b34f6543ad4a2,20260924,1.5,kinematic,noise,sigma2cm_lat0step,jonswap,strict,25.0,True,0.02,0.1,0.0,0,0.0,30.0,,e6f30e55e478d39061b94e38de33959ca99b16e8cac38a3bd99b34f6543ad4a2
ppo,False,4,aft,id,SS5,200,200,1.0,0.9811546736227335,1.0,0.0,0.0,0.0,0.0,1.0,0.0,200,0.24121910822968579,0.3387485524242122,0.24122026617984998,0.3361887848518105,0.01657163786043525,0.03966943912884121,8.805943776116717,1.628125,1.6166666666666667,0.24734500201543036,0.2575934646129625,0,0.0,1,-0.005196296530923177,60,0.3,0.745,0,0,0,0,0,200,0,0,200,,0.24074744682371402,0.36679068372719265,0.3,0.24074744682371402,0.36679068372719265,artifacts/runs/ppo/4,ppo,10000000,final,10010624,1d67488e2ec8c8522968511a772f65cfe3d8699d,aa28e4f4fd67c42b54cc6e93b365289bca6512297f4b84c1784bb2fe48a6d1b3,26b6c49f8552f5fa626c19bab5222205eb83d294854734a23c3b0b1b3d70e14a,0f6fa22d0d78ca95d6921cbffd3a3f33256b0b062e60450732bc5ff3d852289b,6e5d7599d8b22d2faeae0c29e77815969a718294a40510afc7a7f4c6eeba4d38,25ca4106038d25702886c8826640f3a64cf21ce82006e4cae60c158511cd7d6e,LearnedPolicy,False,jonswap,jonswap,3.12.3,2.5.2,2.13.0,2.9.0,1.3.0,3.2.7,e9fa15cc35312a5c1ecf0c42668a690b5061c090,7ebad1ecabd28a7000add2d05f888aa2e837c2cc,c7fbdcc4df48bd4a2cfe21811613e5e50e3e4868822fe6dddd13745d96692118,b98d65cc5e34337369dcd4d69d63651cc2c99c19e8494199e8b5ec9e06c8b87f,3ee7e46399aea60603c767e0a604e79e7db233924ce71fe027a1ccc1623b7eb0,7beb41daec3d6a34c6da7696c56a982667957298f017ebe137829282b6ce7985,e6f30e55e478d39061b94e38de33959ca99b16e8cac38a3bd99b34f6543ad4a2,20260924,1.5,kinematic,noise,sigma2cm_lat0step,jonswap,strict,25.0,True,0.02,0.1,0.0,0,0.0,30.0,,e6f30e55e478d39061b94e38de33959ca99b16e8cac38a3bd99b34f6543ad4a2
ppo,False,4,aft,id,SS6,200,189,0.945,0.9042130012276914,0.9690146582965411,0.0,0.0,0.04,0.015,0.945,0.0,200,0.23606946665597112,0.3562276520895482,0.23865442563335568,0.3504261168748188,0.02001093321608316,0.047047787894629295,13.67919365587439,1.6426458333333336,1.6458333333333333,0.24697170902797672,0.2594741903577453,1,0.005,7,-0.005863968556308609,24,0.12,0.0,0,0,0,0,0,195,5,0,200,,0.08197992706375512,0.17234252098296743,0.12,0.08197992706375512,0.17234252098296743,artifacts/runs/ppo/4,ppo,10000000,final,10010624,1d67488e2ec8c8522968511a772f65cfe3d8699d,aa28e4f4fd67c42b54cc6e93b365289bca6512297f4b84c1784bb2fe48a6d1b3,26b6c49f8552f5fa626c19bab5222205eb83d294854734a23c3b0b1b3d70e14a,0f6fa22d0d78ca95d6921cbffd3a3f33256b0b062e60450732bc5ff3d852289b,6e5d7599d8b22d2faeae0c29e77815969a718294a40510afc7a7f4c6eeba4d38,25ca4106038d25702886c8826640f3a64cf21ce82006e4cae60c158511cd7d6e,LearnedPolicy,False,jonswap,jonswap,3.12.3,2.5.2,2.13.0,2.9.0,1.3.0,3.2.7,e9fa15cc35312a5c1ecf0c42668a690b5061c090,7ebad1ecabd28a7000add2d05f888aa2e837c2cc,c7fbdcc4df48bd4a2cfe21811613e5e50e3e4868822fe6dddd13745d96692118,b98d65cc5e34337369dcd4d69d63651cc2c99c19e8494199e8b5ec9e06c8b87f,3ee7e46399aea60603c767e0a604e79e7db233924ce71fe027a1ccc1623b7eb0,7beb41daec3d6a34c6da7696c56a982667957298f017ebe137829282b6ce7985,e6f30e55e478d39061b94e38de33959ca99b16e8cac38a3bd99b34f6543ad4a2,20260924,1.5,kinematic,noise,sigma2cm_lat0step,jonswap,strict,25.0,True,0.02,0.1,0.0,0,0.0,30.0,,e6f30e55e478d39061b94e38de33959ca99b16e8cac38a3bd99b34f6543ad4a2
sac,False,0,aft,id,SS3,200,165,0.825,0.7663556885175099,0.8713948493372666,0.0,0.02,0.155,0.0,0.825,0.0,200,0.38600676096797193,0.5727623385663263,0.38622468535799526,0.5729111399279733,0.03390712211596511,0.07666788795580298,14.653494052677068,1.2019166666666665,1.1833333333333333,0.7825734390789091,0.6854417116552901,0,0.0,37,-0.009035483447361162,192,0.96,0.755,0,0,0,0,0,198,2,0,200,,0.923067931799067,0.9795943679338476,0.96,0.923067931799067,0.9795943679338476,artifacts/runs/sac/0,sac,2000000,final,2000000,14d7f32bf25e34a16fe3677cdab869c107881536,04af3f42a26542592ae4f363f65c6e5d7add8aeafb0ca57a9a91656a83c5623d,a46f94152e99cd325ec30eb7de6c25c79be05c2294519eddee235e09b8bf5159,3401491ed458d6d474879747c9951dcd51ee8cb8cc761762d78de5b8f4271222,145883fa0744dbaa9bdd35d50f7069f67ed4e6a269023e7d19c524825ca1755b,93dce22b2e888e64cef832c51e9fd69a23b7240739883bba0d0b452edbd0e43a,LearnedPolicy,False,jonswap,jonswap,3.12.3,2.5.2,2.13.0,2.9.0,1.3.0,3.2.7,e9fa15cc35312a5c1ecf0c42668a690b5061c090,7ebad1ecabd28a7000add2d05f888aa2e837c2cc,c7fbdcc4df48bd4a2cfe21811613e5e50e3e4868822fe6dddd13745d96692118,b98d65cc5e34337369dcd4d69d63651cc2c99c19e8494199e8b5ec9e06c8b87f,3ee7e46399aea60603c767e0a604e79e7db233924ce71fe027a1ccc1623b7eb0,7beb41daec3d6a34c6da7696c56a982667957298f017ebe137829282b6ce7985,e6f30e55e478d39061b94e38de33959ca99b16e8cac38a3bd99b34f6543ad4a2,20260924,1.5,kinematic,noise,sigma2cm_lat0step,jonswap,strict,25.0,True,0.02,0.1,0.0,0,0.0,30.0,,e6f30e55e478d39061b94e38de33959ca99b16e8cac38a3bd99b34f6543ad4a2
sac,False,0,aft,id,SS4,200,170,0.85,0.7939442071583334,0.89286406437758,0.0,0.005,0.145,0.0,0.85,0.0,200,0.37923596447201163,0.5428123272794894,0.37831205128728923,0.5425111428525511,0.03395370571941178,0.07711883007184488,14.687477980136329,1.23825,1.1875,0.8008331539886538,0.6882984649896536,1,0.005,41,-0.012261662264465106,144,0.72,0.75,0,0,0,0,0,197,3,0,200,,0.6540769541334929,0.7776311022605097,0.72,0.6540769541334929,0.7776311022605097,artifacts/runs/sac/0,sac,2000000,final,2000000,14d7f32bf25e34a16fe3677cdab869c107881536,04af3f42a26542592ae4f363f65c6e5d7add8aeafb0ca57a9a91656a83c5623d,a46f94152e99cd325ec30eb7de6c25c79be05c2294519eddee235e09b8bf5159,3401491ed458d6d474879747c9951dcd51ee8cb8cc761762d78de5b8f4271222,145883fa0744dbaa9bdd35d50f7069f67ed4e6a269023e7d19c524825ca1755b,93dce22b2e888e64cef832c51e9fd69a23b7240739883bba0d0b452edbd0e43a,LearnedPolicy,False,jonswap,jonswap,3.12.3,2.5.2,2.13.0,2.9.0,1.3.0,3.2.7,e9fa15cc35312a5c1ecf0c42668a690b5061c090,7ebad1ecabd28a7000add2d05f888aa2e837c2cc,c7fbdcc4df48bd4a2cfe21811613e5e50e3e4868822fe6dddd13745d96692118,b98d65cc5e34337369dcd4d69d63651cc2c99c19e8494199e8b5ec9e06c8b87f,3ee7e46399aea60603c767e0a604e79e7db233924ce71fe027a1ccc1623b7eb0,7beb41daec3d6a34c6da7696c56a982667957298f017ebe137829282b6ce7985,e6f30e55e478d39061b94e38de33959ca99b16e8cac38a3bd99b34f6543ad4a2,20260924,1.5,kinematic,noise,sigma2cm_lat0step,jonswap,strict,25.0,True,0.02,0.1,0.0,0,0.0,30.0,,e6f30e55e478d39061b94e38de33959ca99b16e8cac38a3bd99b34f6543ad4a2
sac,False,0,aft,id,SS5,200,153,0.765,0.7015863111723746,0.8184256658476741,0.01,0.06,0.16,0.005,0.765,0.0,198,0.3866252256577216,0.5718235462880029,0.390978951159229,0.5977888857218657,0.04089326872885386,0.10359987937910416,16.524499668304966,1.336026936026936,1.275,0.8369384453320171,0.6997987709190031,1,0.005,55,-0.01156266971134167,56,0.2828282828282828,0.745,0,0,2,0,0,191,7,0,200,,0.22469210132974887,0.3492309147717246,0.28,0.22236889773949026,0.3459230458665071,artifacts/runs/sac/0,sac,2000000,final,2000000,14d7f32bf25e34a16fe3677cdab869c107881536,04af3f42a26542592ae4f363f65c6e5d7add8aeafb0ca57a9a91656a83c5623d,a46f94152e99cd325ec30eb7de6c25c79be05c2294519eddee235e09b8bf5159,3401491ed458d6d474879747c9951dcd51ee8cb8cc761762d78de5b8f4271222,145883fa0744dbaa9bdd35d50f7069f67ed4e6a269023e7d19c524825ca1755b,93dce22b2e888e64cef832c51e9fd69a23b7240739883bba0d0b452edbd0e43a,LearnedPolicy,False,jonswap,jonswap,3.12.3,2.5.2,2.13.0,2.9.0,1.3.0,3.2.7,e9fa15cc35312a5c1ecf0c42668a690b5061c090,7ebad1ecabd28a7000add2d05f888aa2e837c2cc,c7fbdcc4df48bd4a2cfe21811613e5e50e3e4868822fe6dddd13745d96692118,b98d65cc5e34337369dcd4d69d63651cc2c99c19e8494199e8b5ec9e06c8b87f,3ee7e46399aea60603c767e0a604e79e7db233924ce71fe027a1ccc1623b7eb0,7beb41daec3d6a34c6da7696c56a982667957298f017ebe137829282b6ce7985,e6f30e55e478d39061b94e38de33959ca99b16e8cac38a3bd99b34f6543ad4a2,20260924,1.5,kinematic,noise,sigma2cm_lat0step,jonswap,strict,25.0,True,0.02,0.1,0.0,0,0.0,30.0,,e6f30e55e478d39061b94e38de33959ca99b16e8cac38a3bd99b34f6543ad4a2
sac,False,0,aft,id,SS6,200,115,0.575,0.5057093264785485,0.6414638745648614,0.0,0.1,0.305,0.02,0.575,0.0,200,0.4209592046854339,0.6575683770533263,0.42523704598805245,0.6576814151077186,0.0447395111123381,0.14488342082828248,21.521144544075607,1.495666666666667,1.3666666666666667,0.8398236672675243,0.7128728460829447,0,0.0,79,-0.011150237419617766,20,0.1,0.0,0,0,0,0,0,182,18,0,200,,0.06567044866909588,0.1494058124327174,0.1,0.06567044866909588,0.1494058124327174,artifacts/runs/sac/0,sac,2000000,final,2000000,14d7f32bf25e34a16fe3677cdab869c107881536,04af3f42a26542592ae4f363f65c6e5d7add8aeafb0ca57a9a91656a83c5623d,a46f94152e99cd325ec30eb7de6c25c79be05c2294519eddee235e09b8bf5159,3401491ed458d6d474879747c9951dcd51ee8cb8cc761762d78de5b8f4271222,145883fa0744dbaa9bdd35d50f7069f67ed4e6a269023e7d19c524825ca1755b,93dce22b2e888e64cef832c51e9fd69a23b7240739883bba0d0b452edbd0e43a,LearnedPolicy,False,jonswap,jonswap,3.12.3,2.5.2,2.13.0,2.9.0,1.3.0,3.2.7,e9fa15cc35312a5c1ecf0c42668a690b5061c090,7ebad1ecabd28a7000add2d05f888aa2e837c2cc,c7fbdcc4df48bd4a2cfe21811613e5e50e3e4868822fe6dddd13745d96692118,b98d65cc5e34337369dcd4d69d63651cc2c99c19e8494199e8b5ec9e06c8b87f,3ee7e46399aea60603c767e0a604e79e7db233924ce71fe027a1ccc1623b7eb0,7beb41daec3d6a34c6da7696c56a982667957298f017ebe137829282b6ce7985,e6f30e55e478d39061b94e38de33959ca99b16e8cac38a3bd99b34f6543ad4a2,20260924,1.5,kinematic,noise,sigma2cm_lat0step,jonswap,strict,25.0,True,0.02,0.1,0.0,0,0.0,30.0,,e6f30e55e478d39061b94e38de33959ca99b16e8cac38a3bd99b34f6543ad4a2
sac,False,1,aft,id,SS3,200,134,0.67,0.602166847737769,0.7314257412939605,0.005,0.045,0.255,0.025,0.67,0.0,199,0.41281075719581223,0.6375299266180918,0.41358293760066145,0.639292986532442,0.04522399795556132,0.09527969889343951,20.24448345626683,1.5244556113902847,1.4958333333333333,0.9305408445549682,0.7509859394699074,0,0.0,59,-0.011449810592186646,193,0.9698492462311558,0.755,0,0,1,0,0,188,11,0,200,,0.9357923896238843,0.9861098737852073,0.965,0.9295293884777092,0.9829444579914328,artifacts/runs/sac/1,sac,2000000,final,2000000,14d7f32bf25e34a16fe3677cdab869c107881536,04af3f42a26542592ae4f363f65c6e5d7add8aeafb0ca57a9a91656a83c5623d,a46f94152e99cd325ec30eb7de6c25c79be05c2294519eddee235e09b8bf5159,8f72450570c886e5c0f75c9a89782a62f7e829fc0ed24e12b4a9994098d4373d,eb9ea77cfdce8e5e360e36f545085ddadcfffcdc64e04912ad9f5564870bcdea,8880fffd9d5bee4a3fa40f00eb2613071bf8fbfc917c39d626b6df6054a06ac4,LearnedPolicy,False,jonswap,jonswap,3.12.3,2.5.2,2.13.0,2.9.0,1.3.0,3.2.7,e9fa15cc35312a5c1ecf0c42668a690b5061c090,7ebad1ecabd28a7000add2d05f888aa2e837c2cc,c7fbdcc4df48bd4a2cfe21811613e5e50e3e4868822fe6dddd13745d96692118,b98d65cc5e34337369dcd4d69d63651cc2c99c19e8494199e8b5ec9e06c8b87f,3ee7e46399aea60603c767e0a604e79e7db233924ce71fe027a1ccc1623b7eb0,7beb41daec3d6a34c6da7696c56a982667957298f017ebe137829282b6ce7985,e6f30e55e478d39061b94e38de33959ca99b16e8cac38a3bd99b34f6543ad4a2,20260924,1.5,kinematic,noise,sigma2cm_lat0step,jonswap,strict,25.0,True,0.02,0.1,0.0,0,0.0,30.0,,e6f30e55e478d39061b94e38de33959ca99b16e8cac38a3bd99b34f6543ad4a2
sac,False,1,aft,id,SS4,200,113,0.565,0.49570736259794607,0.6318427449730093,0.005,0.08,0.34,0.01,0.565,0.0,200,0.42566126978479274,0.7073812628974799,0.4285713920839686,0.7035664480555599,0.04317748502076279,0.12870417525925565,19.681185454445725,1.5559583333333336,1.5583333333333333,0.9207661203862963,0.7545606865349367,1,0.005,61,-0.013076251938117659,143,0.715,0.75,0,0,1,0,0,187,12,0,200,,0.6488465397039482,0.7730499699538271,0.715,0.6488465397039482,0.7730499699538271,artifacts/runs/sac/1,sac,2000000,final,2000000,14d7f32bf25e34a16fe3677cdab869c107881536,04af3f42a26542592ae4f363f65c6e5d7add8aeafb0ca57a9a91656a83c5623d,a46f94152e99cd325ec30eb7de6c25c79be05c2294519eddee235e09b8bf5159,8f72450570c886e5c0f75c9a89782a62f7e829fc0ed24e12b4a9994098d4373d,eb9ea77cfdce8e5e360e36f545085ddadcfffcdc64e04912ad9f5564870bcdea,8880fffd9d5bee4a3fa40f00eb2613071bf8fbfc917c39d626b6df6054a06ac4,LearnedPolicy,False,jonswap,jonswap,3.12.3,2.5.2,2.13.0,2.9.0,1.3.0,3.2.7,e9fa15cc35312a5c1ecf0c42668a690b5061c090,7ebad1ecabd28a7000add2d05f888aa2e837c2cc,c7fbdcc4df48bd4a2cfe21811613e5e50e3e4868822fe6dddd13745d96692118,b98d65cc5e34337369dcd4d69d63651cc2c99c19e8494199e8b5ec9e06c8b87f,3ee7e46399aea60603c767e0a604e79e7db233924ce71fe027a1ccc1623b7eb0,7beb41daec3d6a34c6da7696c56a982667957298f017ebe137829282b6ce7985,e6f30e55e478d39061b94e38de33959ca99b16e8cac38a3bd99b34f6543ad4a2,20260924,1.5,kinematic,noise,sigma2cm_lat0step,jonswap,strict,25.0,True,0.02,0.1,0.0,0,0.0,30.0,,e6f30e55e478d39061b94e38de33959ca99b16e8cac38a3bd99b34f6543ad4a2
sac,False,1,aft,id,SS5,200,95,0.475,0.4069162264657108,0.5440260398531525,0.045,0.155,0.31,0.015,0.475,0.0,192,0.4361085819791746,0.7477923970648647,0.43515201439944984,0.7354662831294394,0.05760874346904549,0.1284755781546597,21.962947208871526,1.6773437500000001,1.6,0.8836814630096942,0.7464111702233075,3,0.015,74,-0.012135279376761532,55,0.2864583333333333,0.745,0,1,8,0,0,172,19,0,200,,0.22718928343023492,0.3541046852024413,0.275,0.21779700329307355,0.34068339357669647,artifacts/runs/sac/1,sac,2000000,final,2000000,14d7f32bf25e34a16fe3677cdab869c107881536,04af3f42a26542592ae4f363f65c6e5d7add8aeafb0ca57a9a91656a83c5623d,a46f94152e99cd325ec30eb7de6c25c79be05c2294519eddee235e09b8bf5159,8f72450570c886e5c0f75c9a89782a62f7e829fc0ed24e12b4a9994098d4373d,eb9ea77cfdce8e5e360e36f545085ddadcfffcdc64e04912ad9f5564870bcdea,8880fffd9d5bee4a3fa40f00eb2613071bf8fbfc917c39d626b6df6054a06ac4,LearnedPolicy,False,jonswap,jonswap,3.12.3,2.5.2,2.13.0,2.9.0,1.3.0,3.2.7,e9fa15cc35312a5c1ecf0c42668a690b5061c090,7ebad1ecabd28a7000add2d05f888aa2e837c2cc,c7fbdcc4df48bd4a2cfe21811613e5e50e3e4868822fe6dddd13745d96692118,b98d65cc5e34337369dcd4d69d63651cc2c99c19e8494199e8b5ec9e06c8b87f,3ee7e46399aea60603c767e0a604e79e7db233924ce71fe027a1ccc1623b7eb0,7beb41daec3d6a34c6da7696c56a982667957298f017ebe137829282b6ce7985,e6f30e55e478d39061b94e38de33959ca99b16e8cac38a3bd99b34f6543ad4a2,20260924,1.5,kinematic,noise,sigma2cm_lat0step,jonswap,strict,25.0,True,0.02,0.1,0.0,0,0.0,30.0,,e6f30e55e478d39061b94e38de33959ca99b16e8cac38a3bd99b34f6543ad4a2
sac,False,1,aft,id,SS6,200,75,0.375,0.31085436858409826,0.44385696301021843,0.055,0.16,0.4,0.01,0.375,0.0,189,0.47893240975275103,0.7927497578019826,0.4820151299735211,0.7802211019491968,0.05884214451750809,0.14262657573752333,23.48464010402341,1.8674823633156965,1.7583333333333333,0.8518776660044548,0.7474177722420596,3,0.015,85,-0.015126236928214356,22,0.1164021164021164,0.0,0,0,10,0,1,168,21,0,200,,0.07813874840503862,0.16994825069393413,0.11,0.07377244460125303,0.1609269099730149,artifacts/runs/sac/1,sac,2000000,final,2000000,14d7f32bf25e34a16fe3677cdab869c107881536,04af3f42a26542592ae4f363f65c6e5d7add8aeafb0ca57a9a91656a83c5623d,a46f94152e99cd325ec30eb7de6c25c79be05c2294519eddee235e09b8bf5159,8f72450570c886e5c0f75c9a89782a62f7e829fc0ed24e12b4a9994098d4373d,eb9ea77cfdce8e5e360e36f545085ddadcfffcdc64e04912ad9f5564870bcdea,8880fffd9d5bee4a3fa40f00eb2613071bf8fbfc917c39d626b6df6054a06ac4,LearnedPolicy,False,jonswap,jonswap,3.12.3,2.5.2,2.13.0,2.9.0,1.3.0,3.2.7,e9fa15cc35312a5c1ecf0c42668a690b5061c090,7ebad1ecabd28a7000add2d05f888aa2e837c2cc,c7fbdcc4df48bd4a2cfe21811613e5e50e3e4868822fe6dddd13745d96692118,b98d65cc5e34337369dcd4d69d63651cc2c99c19e8494199e8b5ec9e06c8b87f,3ee7e46399aea60603c767e0a604e79e7db233924ce71fe027a1ccc1623b7eb0,7beb41daec3d6a34c6da7696c56a982667957298f017ebe137829282b6ce7985,e6f30e55e478d39061b94e38de33959ca99b16e8cac38a3bd99b34f6543ad4a2,20260924,1.5,kinematic,noise,sigma2cm_lat0step,jonswap,strict,25.0,True,0.02,0.1,0.0,0,0.0,30.0,,e6f30e55e478d39061b94e38de33959ca99b16e8cac38a3bd99b34f6543ad4a2
sac,False,2,aft,id,SS3,200,120,0.6,0.53083672039262,0.6653942143319266,0.01,0.05,0.335,0.005,0.6,0.0,198,0.42650756107991866,0.7362051963436629,0.42730453854830613,0.7435665196720147,0.04454664914760036,0.09911927384290067,19.650048045408944,1.8211069023569022,1.7479166666666668,0.7349362369252321,0.7492195158636374,1,0.005,65,-0.010384341753850954,188,0.9494949494949495,0.755,0,0,1,1,0,190,8,0,200,,0.9095418255163528,0.9723384434829232,0.94,0.8980683070423372,0.9653478057456681,artifacts/runs/sac/2,sac,2000000,final,2000000,14d7f32bf25e34a16fe3677cdab869c107881536,04af3f42a26542592ae4f363f65c6e5d7add8aeafb0ca57a9a91656a83c5623d,a46f94152e99cd325ec30eb7de6c25c79be05c2294519eddee235e09b8bf5159,9688985a5ccf9054cc3ea10bb2397c3dc7666ffe045125f5757010ad8b83201c,aa95499ec91ebf4277770bc01b1ca798c570abfbb01f09a3d5835d001ed883ff,22f5bdf89b8ca6f9f0945a492532b9996aef9ed5b0cba343cdcce1b2385836a2,LearnedPolicy,False,jonswap,jonswap,3.12.3,2.5.2,2.13.0,2.9.0,1.3.0,3.2.7,e9fa15cc35312a5c1ecf0c42668a690b5061c090,7ebad1ecabd28a7000add2d05f888aa2e837c2cc,c7fbdcc4df48bd4a2cfe21811613e5e50e3e4868822fe6dddd13745d96692118,b98d65cc5e34337369dcd4d69d63651cc2c99c19e8494199e8b5ec9e06c8b87f,3ee7e46399aea60603c767e0a604e79e7db233924ce71fe027a1ccc1623b7eb0,7beb41daec3d6a34c6da7696c56a982667957298f017ebe137829282b6ce7985,e6f30e55e478d39061b94e38de33959ca99b16e8cac38a3bd99b34f6543ad4a2,20260924,1.5,kinematic,noise,sigma2cm_lat0step,jonswap,strict,25.0,True,0.02,0.1,0.0,0,0.0,30.0,,e6f30e55e478d39061b94e38de33959ca99b16e8cac38a3bd99b34f6543ad4a2
sac,False,2,aft,id,SS4,200,119,0.595,0.525797100813387,0.6606222871749323,0.005,0.05,0.34,0.01,0.595,0.0,199,0.4194601749375738,0.6894956470695094,0.4171424413431219,0.6901771672257678,0.044775432351979574,0.1001357306524301,18.608535728628986,1.8220896147403685,1.8166666666666667,0.7197616336844809,0.7175922885247766,2,0.01,67,-0.012629833123746353,142,0.7135678391959799,0.75,0,0,1,0,0,189,10,0,200,,0.6471764608358092,0.7718700225319598,0.71,0.6436252189922268,0.7684597439293211,artifacts/runs/sac/2,sac,2000000,final,2000000,14d7f32bf25e34a16fe3677cdab869c107881536,04af3f42a26542592ae4f363f65c6e5d7add8aeafb0ca57a9a91656a83c5623d,a46f94152e99cd325ec30eb7de6c25c79be05c2294519eddee235e09b8bf5159,9688985a5ccf9054cc3ea10bb2397c3dc7666ffe045125f5757010ad8b83201c,aa95499ec91ebf4277770bc01b1ca798c570abfbb01f09a3d5835d001ed883ff,22f5bdf89b8ca6f9f0945a492532b9996aef9ed5b0cba343cdcce1b2385836a2,LearnedPolicy,False,jonswap,jonswap,3.12.3,2.5.2,2.13.0,2.9.0,1.3.0,3.2.7,e9fa15cc35312a5c1ecf0c42668a690b5061c090,7ebad1ecabd28a7000add2d05f888aa2e837c2cc,c7fbdcc4df48bd4a2cfe21811613e5e50e3e4868822fe6dddd13745d96692118,b98d65cc5e34337369dcd4d69d63651cc2c99c19e8494199e8b5ec9e06c8b87f,3ee7e46399aea60603c767e0a604e79e7db233924ce71fe027a1ccc1623b7eb0,7beb41daec3d6a34c6da7696c56a982667957298f017ebe137829282b6ce7985,e6f30e55e478d39061b94e38de33959ca99b16e8cac38a3bd99b34f6543ad4a2,20260924,1.5,kinematic,noise,sigma2cm_lat0step,jonswap,strict,25.0,True,0.02,0.1,0.0,0,0.0,30.0,,e6f30e55e478d39061b94e38de33959ca99b16e8cac38a3bd99b34f6543ad4a2
sac,False,2,aft,id,SS5,200,116,0.58,0.5107207393958046,0.6462640083838327,0.02,0.065,0.315,0.015,0.58,0.005,195,0.4306673949925225,0.7111072580450628,0.43020614294256687,0.7175361017501357,0.04519545939153597,0.11180202453557576,18.232904571904445,1.9503846153846156,1.8416666666666666,0.7278645020558284,0.6872000039666493,2,0.01,72,-0.011903827226836148,62,0.31794871794871793,0.745,0,0,4,0,0,184,11,1,200,,0.25664388609755884,0.38628772172159087,0.31,0.2499894483607809,0.37717177566258037,artifacts/runs/sac/2,sac,2000000,final,2000000,14d7f32bf25e34a16fe3677cdab869c107881536,04af3f42a26542592ae4f363f65c6e5d7add8aeafb0ca57a9a91656a83c5623d,a46f94152e99cd325ec30eb7de6c25c79be05c2294519eddee235e09b8bf5159,9688985a5ccf9054cc3ea10bb2397c3dc7666ffe045125f5757010ad8b83201c,aa95499ec91ebf4277770bc01b1ca798c570abfbb01f09a3d5835d001ed883ff,22f5bdf89b8ca6f9f0945a492532b9996aef9ed5b0cba343cdcce1b2385836a2,LearnedPolicy,False,jonswap,jonswap,3.12.3,2.5.2,2.13.0,2.9.0,1.3.0,3.2.7,e9fa15cc35312a5c1ecf0c42668a690b5061c090,7ebad1ecabd28a7000add2d05f888aa2e837c2cc,c7fbdcc4df48bd4a2cfe21811613e5e50e3e4868822fe6dddd13745d96692118,b98d65cc5e34337369dcd4d69d63651cc2c99c19e8494199e8b5ec9e06c8b87f,3ee7e46399aea60603c767e0a604e79e7db233924ce71fe027a1ccc1623b7eb0,7beb41daec3d6a34c6da7696c56a982667957298f017ebe137829282b6ce7985,e6f30e55e478d39061b94e38de33959ca99b16e8cac38a3bd99b34f6543ad4a2,20260924,1.5,kinematic,noise,sigma2cm_lat0step,jonswap,strict,25.0,True,0.02,0.1,0.0,0,0.0,30.0,,e6f30e55e478d39061b94e38de33959ca99b16e8cac38a3bd99b34f6543ad4a2
sac,False,2,aft,id,SS6,200,83,0.415,0.34894285449757567,0.4842608509865596,0.075,0.1,0.385,0.02,0.415,0.005,184,0.45426340595162784,0.7526847539298595,0.45722039376703505,0.7580472418123063,0.05179334274032983,0.12126583687125049,21.663826447792633,1.9326766304347824,1.8833333333333333,0.753343378614716,0.6803699500186631,0,0.0,85,-0.018086937425065532,23,0.125,0.0,0,0,15,0,0,170,14,1,200,,0.08475663198978053,0.18058127122715925,0.115,0.07786373232561955,0.16664716898487572,artifacts/runs/sac/2,sac,2000000,final,2000000,14d7f32bf25e34a16fe3677cdab869c107881536,04af3f42a26542592ae4f363f65c6e5d7add8aeafb0ca57a9a91656a83c5623d,a46f94152e99cd325ec30eb7de6c25c79be05c2294519eddee235e09b8bf5159,9688985a5ccf9054cc3ea10bb2397c3dc7666ffe045125f5757010ad8b83201c,aa95499ec91ebf4277770bc01b1ca798c570abfbb01f09a3d5835d001ed883ff,22f5bdf89b8ca6f9f0945a492532b9996aef9ed5b0cba343cdcce1b2385836a2,LearnedPolicy,False,jonswap,jonswap,3.12.3,2.5.2,2.13.0,2.9.0,1.3.0,3.2.7,e9fa15cc35312a5c1ecf0c42668a690b5061c090,7ebad1ecabd28a7000add2d05f888aa2e837c2cc,c7fbdcc4df48bd4a2cfe21811613e5e50e3e4868822fe6dddd13745d96692118,b98d65cc5e34337369dcd4d69d63651cc2c99c19e8494199e8b5ec9e06c8b87f,3ee7e46399aea60603c767e0a604e79e7db233924ce71fe027a1ccc1623b7eb0,7beb41daec3d6a34c6da7696c56a982667957298f017ebe137829282b6ce7985,e6f30e55e478d39061b94e38de33959ca99b16e8cac38a3bd99b34f6543ad4a2,20260924,1.5,kinematic,noise,sigma2cm_lat0step,jonswap,strict,25.0,True,0.02,0.1,0.0,0,0.0,30.0,,e6f30e55e478d39061b94e38de33959ca99b16e8cac38a3bd99b34f6543ad4a2
sac,False,3,aft,id,SS3,200,123,0.615,0.5459986722024608,0.6796669027307678,0.01,0.055,0.32,0.0,0.615,0.0,199,0.44342865967180284,0.7622684794180238,0.4438381605956853,0.7638100999653902,0.04513567605478507,0.10439958214907559,18.66508503019812,1.4826633165829144,1.325,0.845311060747689,0.7637587810435156,0,0.0,70,-0.014466624182346042,192,0.964824120603015,0.755,0,0,2,0,0,193,5,0,200,,0.9291841127557207,0.9828582333976589,0.96,0.923067931799067,0.9795943679338476,artifacts/runs/sac/3,sac,2000000,final,2000000,14d7f32bf25e34a16fe3677cdab869c107881536,04af3f42a26542592ae4f363f65c6e5d7add8aeafb0ca57a9a91656a83c5623d,a46f94152e99cd325ec30eb7de6c25c79be05c2294519eddee235e09b8bf5159,c5c2be8fdedb97c8588fe22d1c0a493a9a395296b18aed38768fa6026c39e3b4,6462c1c4f6d72919a26059793a2c5fff3157af26f94456986f0c10c34354e44c,01b9cb82053dd92cd012ffd4b1fe0eb1181007f99200c057e96d1f20bc8a8831,LearnedPolicy,False,jonswap,jonswap,3.12.3,2.5.2,2.13.0,2.9.0,1.3.0,3.2.7,e9fa15cc35312a5c1ecf0c42668a690b5061c090,7ebad1ecabd28a7000add2d05f888aa2e837c2cc,c7fbdcc4df48bd4a2cfe21811613e5e50e3e4868822fe6dddd13745d96692118,b98d65cc5e34337369dcd4d69d63651cc2c99c19e8494199e8b5ec9e06c8b87f,3ee7e46399aea60603c767e0a604e79e7db233924ce71fe027a1ccc1623b7eb0,7beb41daec3d6a34c6da7696c56a982667957298f017ebe137829282b6ce7985,e6f30e55e478d39061b94e38de33959ca99b16e8cac38a3bd99b34f6543ad4a2,20260924,1.5,kinematic,noise,sigma2cm_lat0step,jonswap,strict,25.0,True,0.02,0.1,0.0,0,0.0,30.0,,e6f30e55e478d39061b94e38de33959ca99b16e8cac38a3bd99b34f6543ad4a2
sac,False,3,aft,id,SS4,200,115,0.575,0.5057093264785485,0.6414638745648614,0.005,0.065,0.355,0.0,0.575,0.0,199,0.44296054449718636,0.8038947289832558,0.4420827934878096,0.7950699947851998,0.04611770154560199,0.10605036844993213,20.312154007464063,1.4702261306532662,1.3791666666666667,0.8588706245455423,0.7667480349687523,0,0.0,82,-0.01417033277573022,143,0.7185929648241206,0.75,0,0,1,0,0,191,8,0,200,,0.6524308453424082,0.776475555281073,0.715,0.6488465397039482,0.7730499699538271,artifacts/runs/sac/3,sac,2000000,final,2000000,14d7f32bf25e34a16fe3677cdab869c107881536,04af3f42a26542592ae4f363f65c6e5d7add8aeafb0ca57a9a91656a83c5623d,a46f94152e99cd325ec30eb7de6c25c79be05c2294519eddee235e09b8bf5159,c5c2be8fdedb97c8588fe22d1c0a493a9a395296b18aed38768fa6026c39e3b4,6462c1c4f6d72919a26059793a2c5fff3157af26f94456986f0c10c34354e44c,01b9cb82053dd92cd012ffd4b1fe0eb1181007f99200c057e96d1f20bc8a8831,LearnedPolicy,False,jonswap,jonswap,3.12.3,2.5.2,2.13.0,2.9.0,1.3.0,3.2.7,e9fa15cc35312a5c1ecf0c42668a690b5061c090,7ebad1ecabd28a7000add2d05f888aa2e837c2cc,c7fbdcc4df48bd4a2cfe21811613e5e50e3e4868822fe6dddd13745d96692118,b98d65cc5e34337369dcd4d69d63651cc2c99c19e8494199e8b5ec9e06c8b87f,3ee7e46399aea60603c767e0a604e79e7db233924ce71fe027a1ccc1623b7eb0,7beb41daec3d6a34c6da7696c56a982667957298f017ebe137829282b6ce7985,e6f30e55e478d39061b94e38de33959ca99b16e8cac38a3bd99b34f6543ad4a2,20260924,1.5,kinematic,noise,sigma2cm_lat0step,jonswap,strict,25.0,True,0.02,0.1,0.0,0,0.0,30.0,,e6f30e55e478d39061b94e38de33959ca99b16e8cac38a3bd99b34f6543ad4a2
sac,False,3,aft,id,SS5,200,101,0.505,0.43627000033527485,0.5735415464009526,0.02,0.08,0.39,0.005,0.505,0.0,196,0.46203785029850686,0.7433328337260672,0.4584164249368381,0.7457139310984884,0.05253037555377948,0.10998983276085034,21.281551026458224,1.5551658163265305,1.4208333333333334,0.9113367485516523,0.7613586261421904,0,0.0,83,-0.012461780688105986,57,0.29081632653061223,0.745,0,0,4,0,0,192,4,0,200,,0.23174484814557778,0.35792988459557123,0.285,0.22695003004617292,0.3511534602960517,artifacts/runs/sac/3,sac,2000000,final,2000000,14d7f32bf25e34a16fe3677cdab869c107881536,04af3f42a26542592ae4f363f65c6e5d7add8aeafb0ca57a9a91656a83c5623d,a46f94152e99cd325ec30eb7de6c25c79be05c2294519eddee235e09b8bf5159,c5c2be8fdedb97c8588fe22d1c0a493a9a395296b18aed38768fa6026c39e3b4,6462c1c4f6d72919a26059793a2c5fff3157af26f94456986f0c10c34354e44c,01b9cb82053dd92cd012ffd4b1fe0eb1181007f99200c057e96d1f20bc8a8831,LearnedPolicy,False,jonswap,jonswap,3.12.3,2.5.2,2.13.0,2.9.0,1.3.0,3.2.7,e9fa15cc35312a5c1ecf0c42668a690b5061c090,7ebad1ecabd28a7000add2d05f888aa2e837c2cc,c7fbdcc4df48bd4a2cfe21811613e5e50e3e4868822fe6dddd13745d96692118,b98d65cc5e34337369dcd4d69d63651cc2c99c19e8494199e8b5ec9e06c8b87f,3ee7e46399aea60603c767e0a604e79e7db233924ce71fe027a1ccc1623b7eb0,7beb41daec3d6a34c6da7696c56a982667957298f017ebe137829282b6ce7985,e6f30e55e478d39061b94e38de33959ca99b16e8cac38a3bd99b34f6543ad4a2,20260924,1.5,kinematic,noise,sigma2cm_lat0step,jonswap,strict,25.0,True,0.02,0.1,0.0,0,0.0,30.0,,e6f30e55e478d39061b94e38de33959ca99b16e8cac38a3bd99b34f6543ad4a2
sac,False,3,aft,id,SS6,200,79,0.395,0.32984101013207967,0.46411650840714636,0.03,0.155,0.41,0.01,0.395,0.0,195,0.48859533832583607,0.865177127310872,0.4866236386270412,0.8707001605264713,0.05097806758267102,0.17522537691396742,27.400231248466905,1.6121794871794872,1.5333333333333332,0.94378934914464,0.7436528371688627,2,0.01,93,-0.02053600331954907,21,0.1076923076923077,0.0,0,1,5,0,0,171,23,0,200,,0.0715230658069427,0.15901969470474617,0.105,0.06970748792681017,0.1551803199112304,artifacts/runs/sac/3,sac,2000000,final,2000000,14d7f32bf25e34a16fe3677cdab869c107881536,04af3f42a26542592ae4f363f65c6e5d7add8aeafb0ca57a9a91656a83c5623d,a46f94152e99cd325ec30eb7de6c25c79be05c2294519eddee235e09b8bf5159,c5c2be8fdedb97c8588fe22d1c0a493a9a395296b18aed38768fa6026c39e3b4,6462c1c4f6d72919a26059793a2c5fff3157af26f94456986f0c10c34354e44c,01b9cb82053dd92cd012ffd4b1fe0eb1181007f99200c057e96d1f20bc8a8831,LearnedPolicy,False,jonswap,jonswap,3.12.3,2.5.2,2.13.0,2.9.0,1.3.0,3.2.7,e9fa15cc35312a5c1ecf0c42668a690b5061c090,7ebad1ecabd28a7000add2d05f888aa2e837c2cc,c7fbdcc4df48bd4a2cfe21811613e5e50e3e4868822fe6dddd13745d96692118,b98d65cc5e34337369dcd4d69d63651cc2c99c19e8494199e8b5ec9e06c8b87f,3ee7e46399aea60603c767e0a604e79e7db233924ce71fe027a1ccc1623b7eb0,7beb41daec3d6a34c6da7696c56a982667957298f017ebe137829282b6ce7985,e6f30e55e478d39061b94e38de33959ca99b16e8cac38a3bd99b34f6543ad4a2,20260924,1.5,kinematic,noise,sigma2cm_lat0step,jonswap,strict,25.0,True,0.02,0.1,0.0,0,0.0,30.0,,e6f30e55e478d39061b94e38de33959ca99b16e8cac38a3bd99b34f6543ad4a2
sac,False,4,aft,id,SS3,200,144,0.72,0.6540769541334929,0.7776311022605097,0.005,0.005,0.24,0.03,0.72,0.0,200,0.4138262022884055,0.6061547635825116,0.41335541860175706,0.6060228602369261,0.031654678823824736,0.06972266093871005,14.645111042138977,1.728875,1.68125,0.9001840173725327,0.7420750868410291,0,0.0,45,-0.01476870137144143,191,0.955,0.755,0,1,0,0,0,190,9,0,200,,0.9167032959981803,0.976147456998507,0.955,0.9167032959981803,0.976147456998507,artifacts/runs/sac/4,sac,2000000,final,2000000,14d7f32bf25e34a16fe3677cdab869c107881536,04af3f42a26542592ae4f363f65c6e5d7add8aeafb0ca57a9a91656a83c5623d,a46f94152e99cd325ec30eb7de6c25c79be05c2294519eddee235e09b8bf5159,45a546406b2b9c9a546101424ac98a3ae5a0f312cdeb72fa4a81f368803d5380,5d0066dbcbd8fef89cf79185dc527dfa5c8c3b6e5686032aa02efa479dd858db,ed71bb4c19fe01e28d412178b72ed75c03307f532389b6b201bbf656cc4bced5,LearnedPolicy,False,jonswap,jonswap,3.12.3,2.5.2,2.13.0,2.9.0,1.3.0,3.2.7,e9fa15cc35312a5c1ecf0c42668a690b5061c090,7ebad1ecabd28a7000add2d05f888aa2e837c2cc,c7fbdcc4df48bd4a2cfe21811613e5e50e3e4868822fe6dddd13745d96692118,b98d65cc5e34337369dcd4d69d63651cc2c99c19e8494199e8b5ec9e06c8b87f,3ee7e46399aea60603c767e0a604e79e7db233924ce71fe027a1ccc1623b7eb0,7beb41daec3d6a34c6da7696c56a982667957298f017ebe137829282b6ce7985,e6f30e55e478d39061b94e38de33959ca99b16e8cac38a3bd99b34f6543ad4a2,20260924,1.5,kinematic,noise,sigma2cm_lat0step,jonswap,strict,25.0,True,0.02,0.1,0.0,0,0.0,30.0,,e6f30e55e478d39061b94e38de33959ca99b16e8cac38a3bd99b34f6543ad4a2
sac,False,4,aft,id,SS4,200,145,0.725,0.6593166064233035,0.7822029967069265,0.0,0.025,0.22,0.03,0.725,0.0,200,0.40980118446218816,0.61834105922012,0.41124887891644724,0.6175442241717292,0.030948026491635586,0.08623954394878028,18.013276527077394,1.799875,1.7687499999999998,0.908608860289732,0.7420157785479514,0,0.0,49,-0.009804591125414765,141,0.705,0.75,0,0,0,0,0,188,12,0,200,,0.6384128547538122,0.7638605614315084,0.705,0.6384128547538122,0.7638605614315084,artifacts/runs/sac/4,sac,2000000,final,2000000,14d7f32bf25e34a16fe3677cdab869c107881536,04af3f42a26542592ae4f363f65c6e5d7add8aeafb0ca57a9a91656a83c5623d,a46f94152e99cd325ec30eb7de6c25c79be05c2294519eddee235e09b8bf5159,45a546406b2b9c9a546101424ac98a3ae5a0f312cdeb72fa4a81f368803d5380,5d0066dbcbd8fef89cf79185dc527dfa5c8c3b6e5686032aa02efa479dd858db,ed71bb4c19fe01e28d412178b72ed75c03307f532389b6b201bbf656cc4bced5,LearnedPolicy,False,jonswap,jonswap,3.12.3,2.5.2,2.13.0,2.9.0,1.3.0,3.2.7,e9fa15cc35312a5c1ecf0c42668a690b5061c090,7ebad1ecabd28a7000add2d05f888aa2e837c2cc,c7fbdcc4df48bd4a2cfe21811613e5e50e3e4868822fe6dddd13745d96692118,b98d65cc5e34337369dcd4d69d63651cc2c99c19e8494199e8b5ec9e06c8b87f,3ee7e46399aea60603c767e0a604e79e7db233924ce71fe027a1ccc1623b7eb0,7beb41daec3d6a34c6da7696c56a982667957298f017ebe137829282b6ce7985,e6f30e55e478d39061b94e38de33959ca99b16e8cac38a3bd99b34f6543ad4a2,20260924,1.5,kinematic,noise,sigma2cm_lat0step,jonswap,strict,25.0,True,0.02,0.1,0.0,0,0.0,30.0,,e6f30e55e478d39061b94e38de33959ca99b16e8cac38a3bd99b34f6543ad4a2
sac,False,4,aft,id,SS5,200,112,0.56,0.4907167533465867,0.6270218074881414,0.02,0.07,0.335,0.01,0.56,0.005,197,0.4050979141853491,0.750934564311916,0.40342400506885334,0.7621902171772444,0.03660780861819919,0.12332066736008128,22.61753031787811,1.9554991539763114,1.9083333333333332,0.9508430643336108,0.7548663188944156,1,0.005,60,-0.01611286221858979,54,0.27411167512690354,0.745,0,1,1,2,0,183,12,1,200,,0.21659033724853177,0.3402740645408577,0.27,0.21323449814685846,0.33543435198668425,artifacts/runs/sac/4,sac,2000000,final,2000000,14d7f32bf25e34a16fe3677cdab869c107881536,04af3f42a26542592ae4f363f65c6e5d7add8aeafb0ca57a9a91656a83c5623d,a46f94152e99cd325ec30eb7de6c25c79be05c2294519eddee235e09b8bf5159,45a546406b2b9c9a546101424ac98a3ae5a0f312cdeb72fa4a81f368803d5380,5d0066dbcbd8fef89cf79185dc527dfa5c8c3b6e5686032aa02efa479dd858db,ed71bb4c19fe01e28d412178b72ed75c03307f532389b6b201bbf656cc4bced5,LearnedPolicy,False,jonswap,jonswap,3.12.3,2.5.2,2.13.0,2.9.0,1.3.0,3.2.7,e9fa15cc35312a5c1ecf0c42668a690b5061c090,7ebad1ecabd28a7000add2d05f888aa2e837c2cc,c7fbdcc4df48bd4a2cfe21811613e5e50e3e4868822fe6dddd13745d96692118,b98d65cc5e34337369dcd4d69d63651cc2c99c19e8494199e8b5ec9e06c8b87f,3ee7e46399aea60603c767e0a604e79e7db233924ce71fe027a1ccc1623b7eb0,7beb41daec3d6a34c6da7696c56a982667957298f017ebe137829282b6ce7985,e6f30e55e478d39061b94e38de33959ca99b16e8cac38a3bd99b34f6543ad4a2,20260924,1.5,kinematic,noise,sigma2cm_lat0step,jonswap,strict,25.0,True,0.02,0.1,0.0,0,0.0,30.0,,e6f30e55e478d39061b94e38de33959ca99b16e8cac38a3bd99b34f6543ad4a2
sac,False,4,aft,id,SS6,200,84,0.42,0.35373599161616726,0.4892792606041954,0.09,0.1,0.355,0.035,0.42,0.0,182,0.4551611069775947,0.9115449919869214,0.462829662017168,0.894722621442542,0.0381439453675122,0.12253536064098733,23.24815698617773,2.037271062271062,1.9583333333333333,0.943009995055497,0.7479530305596999,0,0.0,76,-0.014171664278582198,20,0.10989010989010989,0.0,0,0,15,2,1,161,21,0,200,,0.07227124590628178,0.16363660317595013,0.1,0.06567044866909588,0.1494058124327174,artifacts/runs/sac/4,sac,2000000,final,2000000,14d7f32bf25e34a16fe3677cdab869c107881536,04af3f42a26542592ae4f363f65c6e5d7add8aeafb0ca57a9a91656a83c5623d,a46f94152e99cd325ec30eb7de6c25c79be05c2294519eddee235e09b8bf5159,45a546406b2b9c9a546101424ac98a3ae5a0f312cdeb72fa4a81f368803d5380,5d0066dbcbd8fef89cf79185dc527dfa5c8c3b6e5686032aa02efa479dd858db,ed71bb4c19fe01e28d412178b72ed75c03307f532389b6b201bbf656cc4bced5,LearnedPolicy,False,jonswap,jonswap,3.12.3,2.5.2,2.13.0,2.9.0,1.3.0,3.2.7,e9fa15cc35312a5c1ecf0c42668a690b5061c090,7ebad1ecabd28a7000add2d05f888aa2e837c2cc,c7fbdcc4df48bd4a2cfe21811613e5e50e3e4868822fe6dddd13745d96692118,b98d65cc5e34337369dcd4d69d63651cc2c99c19e8494199e8b5ec9e06c8b87f,3ee7e46399aea60603c767e0a604e79e7db233924ce71fe027a1ccc1623b7eb0,7beb41daec3d6a34c6da7696c56a982667957298f017ebe137829282b6ce7985,e6f30e55e478d39061b94e38de33959ca99b16e8cac38a3bd99b34f6543ad4a2,20260924,1.5,kinematic,noise,sigma2cm_lat0step,jonswap,strict,25.0,True,0.02,0.1,0.0,0,0.0,30.0,,e6f30e55e478d39061b94e38de33959ca99b16e8cac38a3bd99b34f6543ad4a2
residual_ppo,False,0,aft,id,SS3,200,163,0.815,0.7554293723884824,0.8626980719938395,0.0,0.02,0.015,0.15,0.815,0.0,200,0.24299460267197182,0.35840861728345685,0.2434410377106332,0.35812470738074315,0.023139833214723744,0.05606752888569427,13.567922264681878,2.164604166666667,2.1729166666666666,0.15320292865002194,0.3207728279328127,0,0.0,2,-0.006203733180182207,189,0.945,0.755,0,0,0,0,0,165,35,0,200,,0.9042130012276914,0.9690146582965411,0.945,0.9042130012276914,0.9690146582965411,artifacts/runs/residual_ppo/0,ppo,10000000,final,10010624,6cedd5d9a1fbf7eabafa9ca6146ab19ce81fdab2,19cdad00d93d6be4a86cfe04718de10a5c258cf4c8f4a801437a495be5d5fc86,d706560de93355a04d130211968afc8ccf20e7443dc3b03da0206c0a4414e00c,3faf23260e02091826843f6a2a1888069256f56bb9cd93c74aec52beefdbfe2b,647ece3afc685b286aee3149d637ed8ac15ad27205bb9b011ad6aa2d37c86182,d44cbe30cef4a9768cd85e5b1d08c765902780f9adce81a5b90982fd461f609b,ResidualPolicy,False,jonswap,jonswap,3.12.3,2.5.2,2.13.0,2.9.0,1.3.0,3.2.7,e9fa15cc35312a5c1ecf0c42668a690b5061c090,7ebad1ecabd28a7000add2d05f888aa2e837c2cc,c7fbdcc4df48bd4a2cfe21811613e5e50e3e4868822fe6dddd13745d96692118,b98d65cc5e34337369dcd4d69d63651cc2c99c19e8494199e8b5ec9e06c8b87f,3ee7e46399aea60603c767e0a604e79e7db233924ce71fe027a1ccc1623b7eb0,7beb41daec3d6a34c6da7696c56a982667957298f017ebe137829282b6ce7985,e6f30e55e478d39061b94e38de33959ca99b16e8cac38a3bd99b34f6543ad4a2,20260924,1.5,kinematic,noise,sigma2cm_lat0step,jonswap,strict,25.0,True,0.02,0.1,0.0,0,0.0,30.0,,e6f30e55e478d39061b94e38de33959ca99b16e8cac38a3bd99b34f6543ad4a2
residual_ppo,False,0,aft,id,SS4,200,164,0.82,0.7608852497127511,0.8670537414057983,0.0,0.005,0.06,0.115,0.82,0.0,200,0.2569224276567039,0.35103377766979244,0.2567173973784931,0.3498862172248136,0.024774503954312563,0.05380997170191893,15.732597224061296,2.127416666666667,2.1083333333333334,0.15974001115544395,0.32370632773738595,0,0.0,1,-0.005211286109732378,139,0.695,0.75,0,0,0,0,0,167,33,0,200,,0.6280144790202163,0.7546358436926496,0.695,0.6280144790202163,0.7546358436926496,artifacts/runs/residual_ppo/0,ppo,10000000,final,10010624,6cedd5d9a1fbf7eabafa9ca6146ab19ce81fdab2,19cdad00d93d6be4a86cfe04718de10a5c258cf4c8f4a801437a495be5d5fc86,d706560de93355a04d130211968afc8ccf20e7443dc3b03da0206c0a4414e00c,3faf23260e02091826843f6a2a1888069256f56bb9cd93c74aec52beefdbfe2b,647ece3afc685b286aee3149d637ed8ac15ad27205bb9b011ad6aa2d37c86182,d44cbe30cef4a9768cd85e5b1d08c765902780f9adce81a5b90982fd461f609b,ResidualPolicy,False,jonswap,jonswap,3.12.3,2.5.2,2.13.0,2.9.0,1.3.0,3.2.7,e9fa15cc35312a5c1ecf0c42668a690b5061c090,7ebad1ecabd28a7000add2d05f888aa2e837c2cc,c7fbdcc4df48bd4a2cfe21811613e5e50e3e4868822fe6dddd13745d96692118,b98d65cc5e34337369dcd4d69d63651cc2c99c19e8494199e8b5ec9e06c8b87f,3ee7e46399aea60603c767e0a604e79e7db233924ce71fe027a1ccc1623b7eb0,7beb41daec3d6a34c6da7696c56a982667957298f017ebe137829282b6ce7985,e6f30e55e478d39061b94e38de33959ca99b16e8cac38a3bd99b34f6543ad4a2,20260924,1.5,kinematic,noise,sigma2cm_lat0step,jonswap,strict,25.0,True,0.02,0.1,0.0,0,0.0,30.0,,e6f30e55e478d39061b94e38de33959ca99b16e8cac38a3bd99b34f6543ad4a2
residual_ppo,False,0,aft,id,SS5,200,169,0.845,0.7883930940765792,0.8886036307231068,0.0,0.0,0.045,0.11,0.845,0.0,200,0.2569833388495587,0.3685250692565397,0.25775820014009915,0.3672152641757436,0.023205940099311054,0.048992629551435976,14.067211402804285,2.151145833333333,2.10625,0.16430409934109577,0.32537337794082843,1,0.005,2,-0.005238450155007558,61,0.305,0.745,0,0,0,0,0,173,27,0,200,,0.24536415630735034,0.37198552097978366,0.305,0.24536415630735034,0.37198552097978366,artifacts/runs/residual_ppo/0,ppo,10000000,final,10010624,6cedd5d9a1fbf7eabafa9ca6146ab19ce81fdab2,19cdad00d93d6be4a86cfe04718de10a5c258cf4c8f4a801437a495be5d5fc86,d706560de93355a04d130211968afc8ccf20e7443dc3b03da0206c0a4414e00c,3faf23260e02091826843f6a2a1888069256f56bb9cd93c74aec52beefdbfe2b,647ece3afc685b286aee3149d637ed8ac15ad27205bb9b011ad6aa2d37c86182,d44cbe30cef4a9768cd85e5b1d08c765902780f9adce81a5b90982fd461f609b,ResidualPolicy,False,jonswap,jonswap,3.12.3,2.5.2,2.13.0,2.9.0,1.3.0,3.2.7,e9fa15cc35312a5c1ecf0c42668a690b5061c090,7ebad1ecabd28a7000add2d05f888aa2e837c2cc,c7fbdcc4df48bd4a2cfe21811613e5e50e3e4868822fe6dddd13745d96692118,b98d65cc5e34337369dcd4d69d63651cc2c99c19e8494199e8b5ec9e06c8b87f,3ee7e46399aea60603c767e0a604e79e7db233924ce71fe027a1ccc1623b7eb0,7beb41daec3d6a34c6da7696c56a982667957298f017ebe137829282b6ce7985,e6f30e55e478d39061b94e38de33959ca99b16e8cac38a3bd99b34f6543ad4a2,20260924,1.5,kinematic,noise,sigma2cm_lat0step,jonswap,strict,25.0,True,0.02,0.1,0.0,0,0.0,30.0,,e6f30e55e478d39061b94e38de33959ca99b16e8cac38a3bd99b34f6543ad4a2
residual_ppo,False,0,aft,id,SS6,200,156,0.78,0.7176120008170632,0.8318346164116674,0.0,0.005,0.08,0.135,0.78,0.0,200,0.23296223828511578,0.3522257530139477,0.2398561131568568,0.3530193985222708,0.025194000042099027,0.054883400488306575,15.909661918837607,2.2099375,2.21875,0.16790231796381674,0.32082445132621484,1,0.005,4,-0.005880123867378359,25,0.125,0.0,0,0,0,0,0,164,36,0,200,,0.08611974475712644,0.17801425002582347,0.125,0.08611974475712644,0.17801425002582347,artifacts/runs/residual_ppo/0,ppo,10000000,final,10010624,6cedd5d9a1fbf7eabafa9ca6146ab19ce81fdab2,19cdad00d93d6be4a86cfe04718de10a5c258cf4c8f4a801437a495be5d5fc86,d706560de93355a04d130211968afc8ccf20e7443dc3b03da0206c0a4414e00c,3faf23260e02091826843f6a2a1888069256f56bb9cd93c74aec52beefdbfe2b,647ece3afc685b286aee3149d637ed8ac15ad27205bb9b011ad6aa2d37c86182,d44cbe30cef4a9768cd85e5b1d08c765902780f9adce81a5b90982fd461f609b,ResidualPolicy,False,jonswap,jonswap,3.12.3,2.5.2,2.13.0,2.9.0,1.3.0,3.2.7,e9fa15cc35312a5c1ecf0c42668a690b5061c090,7ebad1ecabd28a7000add2d05f888aa2e837c2cc,c7fbdcc4df48bd4a2cfe21811613e5e50e3e4868822fe6dddd13745d96692118,b98d65cc5e34337369dcd4d69d63651cc2c99c19e8494199e8b5ec9e06c8b87f,3ee7e46399aea60603c767e0a604e79e7db233924ce71fe027a1ccc1623b7eb0,7beb41daec3d6a34c6da7696c56a982667957298f017ebe137829282b6ce7985,e6f30e55e478d39061b94e38de33959ca99b16e8cac38a3bd99b34f6543ad4a2,20260924,1.5,kinematic,noise,sigma2cm_lat0step,jonswap,strict,25.0,True,0.02,0.1,0.0,0,0.0,30.0,,e6f30e55e478d39061b94e38de33959ca99b16e8cac38a3bd99b34f6543ad4a2
residual_ppo,False,1,aft,id,SS3,200,180,0.9,0.8505941875672826,0.9343295513309041,0.0,0.01,0.015,0.075,0.9,0.0,200,0.2532813733955353,0.3574102953973397,0.25408697702081195,0.35738005206730533,0.02140549712834397,0.048218164024755664,12.17789606398749,2.1761666666666666,2.183333333333333,0.14469444480644456,0.2973194448821596,0,0.0,0,-0.004865612031225756,186,0.93,0.755,0,0,0,0,0,181,19,0,200,,0.8859451911438936,0.9578478281716571,0.93,0.8859451911438936,0.9578478281716571,artifacts/runs/residual_ppo/1,ppo,10000000,final,10010624,6cedd5d9a1fbf7eabafa9ca6146ab19ce81fdab2,19cdad00d93d6be4a86cfe04718de10a5c258cf4c8f4a801437a495be5d5fc86,d706560de93355a04d130211968afc8ccf20e7443dc3b03da0206c0a4414e00c,1b3a12e22cb8c40d526d1e4a68f00be1afbfa8fd7e118c33d247e18d51339b5a,ad2b2662bdcf6a313c9ca4eb821568d3cee96a7db386ac524dfba4f6d6e9506d,831eb1b8655ac92e1cf3d4907822d4b7f192380179868871581e48397b2a3421,ResidualPolicy,False,jonswap,jonswap,3.12.3,2.5.2,2.13.0,2.9.0,1.3.0,3.2.7,e9fa15cc35312a5c1ecf0c42668a690b5061c090,7ebad1ecabd28a7000add2d05f888aa2e837c2cc,c7fbdcc4df48bd4a2cfe21811613e5e50e3e4868822fe6dddd13745d96692118,b98d65cc5e34337369dcd4d69d63651cc2c99c19e8494199e8b5ec9e06c8b87f,3ee7e46399aea60603c767e0a604e79e7db233924ce71fe027a1ccc1623b7eb0,7beb41daec3d6a34c6da7696c56a982667957298f017ebe137829282b6ce7985,e6f30e55e478d39061b94e38de33959ca99b16e8cac38a3bd99b34f6543ad4a2,20260924,1.5,kinematic,noise,sigma2cm_lat0step,jonswap,strict,25.0,True,0.02,0.1,0.0,0,0.0,30.0,,e6f30e55e478d39061b94e38de33959ca99b16e8cac38a3bd99b34f6543ad4a2
residual_ppo,False,1,aft,id,SS4,200,173,0.865,0.8107086162924745,0.9055342954521209,0.0,0.01,0.045,0.08,0.865,0.0,200,0.25049463504309155,0.373039186002314,0.25145193879694294,0.37375544221444956,0.023717694775735446,0.05406382775472194,14.497938680912,2.1369375,2.1395833333333334,0.15122255643596852,0.2949794591756543,0,0.0,1,-0.005298767171149067,139,0.695,0.75,0,0,0,0,0,176,24,0,200,,0.6280144790202163,0.7546358436926496,0.695,0.6280144790202163,0.7546358436926496,artifacts/runs/residual_ppo/1,ppo,10000000,final,10010624,6cedd5d9a1fbf7eabafa9ca6146ab19ce81fdab2,19cdad00d93d6be4a86cfe04718de10a5c258cf4c8f4a801437a495be5d5fc86,d706560de93355a04d130211968afc8ccf20e7443dc3b03da0206c0a4414e00c,1b3a12e22cb8c40d526d1e4a68f00be1afbfa8fd7e118c33d247e18d51339b5a,ad2b2662bdcf6a313c9ca4eb821568d3cee96a7db386ac524dfba4f6d6e9506d,831eb1b8655ac92e1cf3d4907822d4b7f192380179868871581e48397b2a3421,ResidualPolicy,False,jonswap,jonswap,3.12.3,2.5.2,2.13.0,2.9.0,1.3.0,3.2.7,e9fa15cc35312a5c1ecf0c42668a690b5061c090,7ebad1ecabd28a7000add2d05f888aa2e837c2cc,c7fbdcc4df48bd4a2cfe21811613e5e50e3e4868822fe6dddd13745d96692118,b98d65cc5e34337369dcd4d69d63651cc2c99c19e8494199e8b5ec9e06c8b87f,3ee7e46399aea60603c767e0a604e79e7db233924ce71fe027a1ccc1623b7eb0,7beb41daec3d6a34c6da7696c56a982667957298f017ebe137829282b6ce7985,e6f30e55e478d39061b94e38de33959ca99b16e8cac38a3bd99b34f6543ad4a2,20260924,1.5,kinematic,noise,sigma2cm_lat0step,jonswap,strict,25.0,True,0.02,0.1,0.0,0,0.0,30.0,,e6f30e55e478d39061b94e38de33959ca99b16e8cac38a3bd99b34f6543ad4a2
residual_ppo,False,1,aft,id,SS5,200,167,0.835,0.7773421846094045,0.8800314467178268,0.0,0.005,0.06,0.1,0.835,0.0,200,0.25560049449464195,0.3764049275632184,0.257512425304676,0.3798009547946714,0.02543963516215423,0.06146440934590326,17.04395895303428,2.1615625,2.1520833333333336,0.15591293862789293,0.29613508433507346,0,0.0,3,-0.0055392370235698846,53,0.265,0.745,0,0,0,0,0,172,28,0,200,,0.2086815414710911,0.3301757619262242,0.265,0.2086815414710911,0.3301757619262242,artifacts/runs/residual_ppo/1,ppo,10000000,final,10010624,6cedd5d9a1fbf7eabafa9ca6146ab19ce81fdab2,19cdad00d93d6be4a86cfe04718de10a5c258cf4c8f4a801437a495be5d5fc86,d706560de93355a04d130211968afc8ccf20e7443dc3b03da0206c0a4414e00c,1b3a12e22cb8c40d526d1e4a68f00be1afbfa8fd7e118c33d247e18d51339b5a,ad2b2662bdcf6a313c9ca4eb821568d3cee96a7db386ac524dfba4f6d6e9506d,831eb1b8655ac92e1cf3d4907822d4b7f192380179868871581e48397b2a3421,ResidualPolicy,False,jonswap,jonswap,3.12.3,2.5.2,2.13.0,2.9.0,1.3.0,3.2.7,e9fa15cc35312a5c1ecf0c42668a690b5061c090,7ebad1ecabd28a7000add2d05f888aa2e837c2cc,c7fbdcc4df48bd4a2cfe21811613e5e50e3e4868822fe6dddd13745d96692118,b98d65cc5e34337369dcd4d69d63651cc2c99c19e8494199e8b5ec9e06c8b87f,3ee7e46399aea60603c767e0a604e79e7db233924ce71fe027a1ccc1623b7eb0,7beb41daec3d6a34c6da7696c56a982667957298f017ebe137829282b6ce7985,e6f30e55e478d39061b94e38de33959ca99b16e8cac38a3bd99b34f6543ad4a2,20260924,1.5,kinematic,noise,sigma2cm_lat0step,jonswap,strict,25.0,True,0.02,0.1,0.0,0,0.0,30.0,,e6f30e55e478d39061b94e38de33959ca99b16e8cac38a3bd99b34f6543ad4a2
residual_ppo,False,1,aft,id,SS6,200,161,0.805,0.7445595562538726,0.8539447946559949,0.0,0.0,0.095,0.1,0.805,0.0,200,0.24546093741075947,0.3625490492032349,0.24834055544623745,0.3658153435054062,0.026511759285508585,0.054965192070041344,19.62305418626569,2.1996041666666666,2.1875,0.15727748790003415,0.2921735677716354,1,0.005,1,-0.005076428639139132,21,0.105,0.0,0,0,0,0,0,168,32,0,200,,0.06970748792681017,0.1551803199112304,0.105,0.06970748792681017,0.1551803199112304,artifacts/runs/residual_ppo/1,ppo,10000000,final,10010624,6cedd5d9a1fbf7eabafa9ca6146ab19ce81fdab2,19cdad00d93d6be4a86cfe04718de10a5c258cf4c8f4a801437a495be5d5fc86,d706560de93355a04d130211968afc8ccf20e7443dc3b03da0206c0a4414e00c,1b3a12e22cb8c40d526d1e4a68f00be1afbfa8fd7e118c33d247e18d51339b5a,ad2b2662bdcf6a313c9ca4eb821568d3cee96a7db386ac524dfba4f6d6e9506d,831eb1b8655ac92e1cf3d4907822d4b7f192380179868871581e48397b2a3421,ResidualPolicy,False,jonswap,jonswap,3.12.3,2.5.2,2.13.0,2.9.0,1.3.0,3.2.7,e9fa15cc35312a5c1ecf0c42668a690b5061c090,7ebad1ecabd28a7000add2d05f888aa2e837c2cc,c7fbdcc4df48bd4a2cfe21811613e5e50e3e4868822fe6dddd13745d96692118,b98d65cc5e34337369dcd4d69d63651cc2c99c19e8494199e8b5ec9e06c8b87f,3ee7e46399aea60603c767e0a604e79e7db233924ce71fe027a1ccc1623b7eb0,7beb41daec3d6a34c6da7696c56a982667957298f017ebe137829282b6ce7985,e6f30e55e478d39061b94e38de33959ca99b16e8cac38a3bd99b34f6543ad4a2,20260924,1.5,kinematic,noise,sigma2cm_lat0step,jonswap,strict,25.0,True,0.02,0.1,0.0,0,0.0,30.0,,e6f30e55e478d39061b94e38de33959ca99b16e8cac38a3bd99b34f6543ad4a2
residual_ppo,False,2,aft,id,SS3,200,161,0.805,0.7445595562538726,0.8539447946559949,0.0,0.01,0.025,0.16,0.805,0.0,200,0.2458922108247196,0.3728520816661866,0.2469196826233427,0.37297920402705564,0.021585768085082693,0.05311624650502725,14.573519152213807,2.1355416666666667,2.1166666666666663,0.14952625838077677,0.30756590469074635,0,0.0,1,-0.005653360751514964,185,0.925,0.755,0,0,0,0,0,163,37,0,200,,0.8799563897637055,0.954025082815618,0.925,0.8799563897637055,0.954025082815618,artifacts/runs/residual_ppo/2,ppo,10000000,final,10010624,6cedd5d9a1fbf7eabafa9ca6146ab19ce81fdab2,19cdad00d93d6be4a86cfe04718de10a5c258cf4c8f4a801437a495be5d5fc86,d706560de93355a04d130211968afc8ccf20e7443dc3b03da0206c0a4414e00c,c0c86bfafa39418c1ad1ded80d005bcb2766eeb26afcd3c061d671c08d6a6760,7a948ffc92bc3c5ebc907068774b664aca2b9cd84bfd3816b3d5f0f4ef8dd43b,ad79d4285d88ce4ba85634730a71266fe684aec9d831ffa289236d16e2e61991,ResidualPolicy,False,jonswap,jonswap,3.12.3,2.5.2,2.13.0,2.9.0,1.3.0,3.2.7,e9fa15cc35312a5c1ecf0c42668a690b5061c090,7ebad1ecabd28a7000add2d05f888aa2e837c2cc,c7fbdcc4df48bd4a2cfe21811613e5e50e3e4868822fe6dddd13745d96692118,b98d65cc5e34337369dcd4d69d63651cc2c99c19e8494199e8b5ec9e06c8b87f,3ee7e46399aea60603c767e0a604e79e7db233924ce71fe027a1ccc1623b7eb0,7beb41daec3d6a34c6da7696c56a982667957298f017ebe137829282b6ce7985,e6f30e55e478d39061b94e38de33959ca99b16e8cac38a3bd99b34f6543ad4a2,20260924,1.5,kinematic,noise,sigma2cm_lat0step,jonswap,strict,25.0,True,0.02,0.1,0.0,0,0.0,30.0,,e6f30e55e478d39061b94e38de33959ca99b16e8cac38a3bd99b34f6543ad4a2
residual_ppo,False,2,aft,id,SS4,200,143,0.715,0.6488465397039482,0.7730499699538271,0.0,0.005,0.04,0.24,0.715,0.0,200,0.24234844365177344,0.359260290245791,0.24208429424779965,0.3584075531400265,0.024908743053293235,0.05427587140144529,14.430165420240094,2.1223541666666663,2.0999999999999996,0.1569864159949135,0.30753545058759435,0,0.0,0,-0.004811158818838468,141,0.705,0.75,0,0,0,0,0,146,54,0,200,,0.6384128547538122,0.7638605614315084,0.705,0.6384128547538122,0.7638605614315084,artifacts/runs/residual_ppo/2,ppo,10000000,final,10010624,6cedd5d9a1fbf7eabafa9ca6146ab19ce81fdab2,19cdad00d93d6be4a86cfe04718de10a5c258cf4c8f4a801437a495be5d5fc86,d706560de93355a04d130211968afc8ccf20e7443dc3b03da0206c0a4414e00c,c0c86bfafa39418c1ad1ded80d005bcb2766eeb26afcd3c061d671c08d6a6760,7a948ffc92bc3c5ebc907068774b664aca2b9cd84bfd3816b3d5f0f4ef8dd43b,ad79d4285d88ce4ba85634730a71266fe684aec9d831ffa289236d16e2e61991,ResidualPolicy,False,jonswap,jonswap,3.12.3,2.5.2,2.13.0,2.9.0,1.3.0,3.2.7,e9fa15cc35312a5c1ecf0c42668a690b5061c090,7ebad1ecabd28a7000add2d05f888aa2e837c2cc,c7fbdcc4df48bd4a2cfe21811613e5e50e3e4868822fe6dddd13745d96692118,b98d65cc5e34337369dcd4d69d63651cc2c99c19e8494199e8b5ec9e06c8b87f,3ee7e46399aea60603c767e0a604e79e7db233924ce71fe027a1ccc1623b7eb0,7beb41daec3d6a34c6da7696c56a982667957298f017ebe137829282b6ce7985,e6f30e55e478d39061b94e38de33959ca99b16e8cac38a3bd99b34f6543ad4a2,20260924,1.5,kinematic,noise,sigma2cm_lat0step,jonswap,strict,25.0,True,0.02,0.1,0.0,0,0.0,30.0,,e6f30e55e478d39061b94e38de33959ca99b16e8cac38a3bd99b34f6543ad4a2
residual_ppo,False,2,aft,id,SS5,200,154,0.77,0.7069169563469642,0.8229065674093119,0.0,0.005,0.07,0.155,0.77,0.0,200,0.2500929670315201,0.3572469758603276,0.2512088268644654,0.35875308119479876,0.023465596008781845,0.059233110930429635,17.056380472519518,2.1233125,2.114583333333333,0.16039016541293613,0.30998933763026826,0,0.0,3,-0.0053913543265381005,54,0.27,0.745,0,0,0,0,0,161,39,0,200,,0.21323449814685846,0.33543435198668425,0.27,0.21323449814685846,0.33543435198668425,artifacts/runs/residual_ppo/2,ppo,10000000,final,10010624,6cedd5d9a1fbf7eabafa9ca6146ab19ce81fdab2,19cdad00d93d6be4a86cfe04718de10a5c258cf4c8f4a801437a495be5d5fc86,d706560de93355a04d130211968afc8ccf20e7443dc3b03da0206c0a4414e00c,c0c86bfafa39418c1ad1ded80d005bcb2766eeb26afcd3c061d671c08d6a6760,7a948ffc92bc3c5ebc907068774b664aca2b9cd84bfd3816b3d5f0f4ef8dd43b,ad79d4285d88ce4ba85634730a71266fe684aec9d831ffa289236d16e2e61991,ResidualPolicy,False,jonswap,jonswap,3.12.3,2.5.2,2.13.0,2.9.0,1.3.0,3.2.7,e9fa15cc35312a5c1ecf0c42668a690b5061c090,7ebad1ecabd28a7000add2d05f888aa2e837c2cc,c7fbdcc4df48bd4a2cfe21811613e5e50e3e4868822fe6dddd13745d96692118,b98d65cc5e34337369dcd4d69d63651cc2c99c19e8494199e8b5ec9e06c8b87f,3ee7e46399aea60603c767e0a604e79e7db233924ce71fe027a1ccc1623b7eb0,7beb41daec3d6a34c6da7696c56a982667957298f017ebe137829282b6ce7985,e6f30e55e478d39061b94e38de33959ca99b16e8cac38a3bd99b34f6543ad4a2,20260924,1.5,kinematic,noise,sigma2cm_lat0step,jonswap,strict,25.0,True,0.02,0.1,0.0,0,0.0,30.0,,e6f30e55e478d39061b94e38de33959ca99b16e8cac38a3bd99b34f6543ad4a2
residual_ppo,False,2,aft,id,SS6,200,149,0.745,0.6803707417954529,0.8003950482796865,0.0,0.005,0.125,0.125,0.745,0.0,200,0.24603919923896483,0.3682939172795103,0.2457949500685236,0.37103897760212207,0.024099880213104954,0.047303853353964136,19.05513352375727,2.1334791666666666,2.1166666666666667,0.16406916720577108,0.30070528683528897,1,0.005,1,-0.005084097099878885,25,0.125,0.0,0,0,0,0,0,162,38,0,200,,0.08611974475712644,0.17801425002582347,0.125,0.08611974475712644,0.17801425002582347,artifacts/runs/residual_ppo/2,ppo,10000000,final,10010624,6cedd5d9a1fbf7eabafa9ca6146ab19ce81fdab2,19cdad00d93d6be4a86cfe04718de10a5c258cf4c8f4a801437a495be5d5fc86,d706560de93355a04d130211968afc8ccf20e7443dc3b03da0206c0a4414e00c,c0c86bfafa39418c1ad1ded80d005bcb2766eeb26afcd3c061d671c08d6a6760,7a948ffc92bc3c5ebc907068774b664aca2b9cd84bfd3816b3d5f0f4ef8dd43b,ad79d4285d88ce4ba85634730a71266fe684aec9d831ffa289236d16e2e61991,ResidualPolicy,False,jonswap,jonswap,3.12.3,2.5.2,2.13.0,2.9.0,1.3.0,3.2.7,e9fa15cc35312a5c1ecf0c42668a690b5061c090,7ebad1ecabd28a7000add2d05f888aa2e837c2cc,c7fbdcc4df48bd4a2cfe21811613e5e50e3e4868822fe6dddd13745d96692118,b98d65cc5e34337369dcd4d69d63651cc2c99c19e8494199e8b5ec9e06c8b87f,3ee7e46399aea60603c767e0a604e79e7db233924ce71fe027a1ccc1623b7eb0,7beb41daec3d6a34c6da7696c56a982667957298f017ebe137829282b6ce7985,e6f30e55e478d39061b94e38de33959ca99b16e8cac38a3bd99b34f6543ad4a2,20260924,1.5,kinematic,noise,sigma2cm_lat0step,jonswap,strict,25.0,True,0.02,0.1,0.0,0,0.0,30.0,,e6f30e55e478d39061b94e38de33959ca99b16e8cac38a3bd99b34f6543ad4a2
residual_ppo,False,3,aft,id,SS3,200,156,0.78,0.7176120008170632,0.8318346164116674,0.0,0.01,0.04,0.17,0.78,0.0,200,0.2549748107735387,0.3668929456325913,0.25396195514713354,0.36673188202252066,0.024925007541369254,0.05185562197516461,14.240592468743127,2.154375,2.1416666666666666,0.1526029131222181,0.3172713064498201,0,0.0,0,-0.0043227993554891785,191,0.955,0.755,0,0,0,0,0,162,38,0,200,,0.9167032959981803,0.976147456998507,0.955,0.9167032959981803,0.976147456998507,artifacts/runs/residual_ppo/3,ppo,10000000,final,10010624,6cedd5d9a1fbf7eabafa9ca6146ab19ce81fdab2,19cdad00d93d6be4a86cfe04718de10a5c258cf4c8f4a801437a495be5d5fc86,d706560de93355a04d130211968afc8ccf20e7443dc3b03da0206c0a4414e00c,6470e1279334541aaa2df2af0a733534f42442adfdaaa93d0890efc8f7c05fe0,ca32f475846ab9f769c692dbcac664f2677232f74ab7d12208fb3c22b7e07fac,509e1b240700744a76a4c6c983d9a33838778a6ad7d93ebf028bdd2bb50815e2,ResidualPolicy,False,jonswap,jonswap,3.12.3,2.5.2,2.13.0,2.9.0,1.3.0,3.2.7,e9fa15cc35312a5c1ecf0c42668a690b5061c090,7ebad1ecabd28a7000add2d05f888aa2e837c2cc,c7fbdcc4df48bd4a2cfe21811613e5e50e3e4868822fe6dddd13745d96692118,b98d65cc5e34337369dcd4d69d63651cc2c99c19e8494199e8b5ec9e06c8b87f,3ee7e46399aea60603c767e0a604e79e7db233924ce71fe027a1ccc1623b7eb0,7beb41daec3d6a34c6da7696c56a982667957298f017ebe137829282b6ce7985,e6f30e55e478d39061b94e38de33959ca99b16e8cac38a3bd99b34f6543ad4a2,20260924,1.5,kinematic,noise,sigma2cm_lat0step,jonswap,strict,25.0,True,0.02,0.1,0.0,0,0.0,30.0,,e6f30e55e478d39061b94e38de33959ca99b16e8cac38a3bd99b34f6543ad4a2
residual_ppo,False,3,aft,id,SS4,200,151,0.755,0.6909575644379659,0.8094313191096282,0.0,0.005,0.07,0.17,0.755,0.0,200,0.26533790063195195,0.3711514978168535,0.2635053529902228,0.3718848729532819,0.024165286439466964,0.06215733618749404,16.11464237573241,2.1475416666666667,2.1312499999999996,0.15754386044178856,0.31467420775486027,0,0.0,0,-0.004941239206853928,137,0.685,0.75,0,0,0,0,0,154,46,0,200,,0.6176504391426966,0.745376790097715,0.685,0.6176504391426966,0.745376790097715,artifacts/runs/residual_ppo/3,ppo,10000000,final,10010624,6cedd5d9a1fbf7eabafa9ca6146ab19ce81fdab2,19cdad00d93d6be4a86cfe04718de10a5c258cf4c8f4a801437a495be5d5fc86,d706560de93355a04d130211968afc8ccf20e7443dc3b03da0206c0a4414e00c,6470e1279334541aaa2df2af0a733534f42442adfdaaa93d0890efc8f7c05fe0,ca32f475846ab9f769c692dbcac664f2677232f74ab7d12208fb3c22b7e07fac,509e1b240700744a76a4c6c983d9a33838778a6ad7d93ebf028bdd2bb50815e2,ResidualPolicy,False,jonswap,jonswap,3.12.3,2.5.2,2.13.0,2.9.0,1.3.0,3.2.7,e9fa15cc35312a5c1ecf0c42668a690b5061c090,7ebad1ecabd28a7000add2d05f888aa2e837c2cc,c7fbdcc4df48bd4a2cfe21811613e5e50e3e4868822fe6dddd13745d96692118,b98d65cc5e34337369dcd4d69d63651cc2c99c19e8494199e8b5ec9e06c8b87f,3ee7e46399aea60603c767e0a604e79e7db233924ce71fe027a1ccc1623b7eb0,7beb41daec3d6a34c6da7696c56a982667957298f017ebe137829282b6ce7985,e6f30e55e478d39061b94e38de33959ca99b16e8cac38a3bd99b34f6543ad4a2,20260924,1.5,kinematic,noise,sigma2cm_lat0step,jonswap,strict,25.0,True,0.02,0.1,0.0,0,0.0,30.0,,e6f30e55e478d39061b94e38de33959ca99b16e8cac38a3bd99b34f6543ad4a2
residual_ppo,False,3,aft,id,SS5,200,153,0.765,0.7015863111723746,0.8184256658476741,0.0,0.02,0.07,0.145,0.765,0.0,200,0.25891120776851195,0.374920314859612,0.26305030202846363,0.37413833844974775,0.02326354131389281,0.061884133260811894,16.937259273633014,2.1556041666666665,2.1291666666666664,0.16055332455643423,0.31334855277926,0,0.0,2,-0.005273938364468698,62,0.31,0.745,0,0,0,0,0,162,38,0,200,,0.2499894483607809,0.37717177566258037,0.31,0.2499894483607809,0.37717177566258037,artifacts/runs/residual_ppo/3,ppo,10000000,final,10010624,6cedd5d9a1fbf7eabafa9ca6146ab19ce81fdab2,19cdad00d93d6be4a86cfe04718de10a5c258cf4c8f4a801437a495be5d5fc86,d706560de93355a04d130211968afc8ccf20e7443dc3b03da0206c0a4414e00c,6470e1279334541aaa2df2af0a733534f42442adfdaaa93d0890efc8f7c05fe0,ca32f475846ab9f769c692dbcac664f2677232f74ab7d12208fb3c22b7e07fac,509e1b240700744a76a4c6c983d9a33838778a6ad7d93ebf028bdd2bb50815e2,ResidualPolicy,False,jonswap,jonswap,3.12.3,2.5.2,2.13.0,2.9.0,1.3.0,3.2.7,e9fa15cc35312a5c1ecf0c42668a690b5061c090,7ebad1ecabd28a7000add2d05f888aa2e837c2cc,c7fbdcc4df48bd4a2cfe21811613e5e50e3e4868822fe6dddd13745d96692118,b98d65cc5e34337369dcd4d69d63651cc2c99c19e8494199e8b5ec9e06c8b87f,3ee7e46399aea60603c767e0a604e79e7db233924ce71fe027a1ccc1623b7eb0,7beb41daec3d6a34c6da7696c56a982667957298f017ebe137829282b6ce7985,e6f30e55e478d39061b94e38de33959ca99b16e8cac38a3bd99b34f6543ad4a2,20260924,1.5,kinematic,noise,sigma2cm_lat0step,jonswap,strict,25.0,True,0.02,0.1,0.0,0,0.0,30.0,,e6f30e55e478d39061b94e38de33959ca99b16e8cac38a3bd99b34f6543ad4a2
residual_ppo,False,3,aft,id,SS6,200,154,0.77,0.7069169563469642,0.8229065674093119,0.0,0.005,0.125,0.1,0.77,0.0,200,0.26347937528162346,0.3832941450669092,0.2653517459161433,0.3792715914142573,0.024499541754147258,0.05901191730031742,19.984306716269913,2.1818333333333335,2.1666666666666665,0.162190019040929,0.3080413000673942,0,0.0,3,-0.006182199069973595,22,0.11,0.0,0,0,0,0,0,173,27,0,200,,0.07377244460125303,0.1609269099730149,0.11,0.07377244460125303,0.1609269099730149,artifacts/runs/residual_ppo/3,ppo,10000000,final,10010624,6cedd5d9a1fbf7eabafa9ca6146ab19ce81fdab2,19cdad00d93d6be4a86cfe04718de10a5c258cf4c8f4a801437a495be5d5fc86,d706560de93355a04d130211968afc8ccf20e7443dc3b03da0206c0a4414e00c,6470e1279334541aaa2df2af0a733534f42442adfdaaa93d0890efc8f7c05fe0,ca32f475846ab9f769c692dbcac664f2677232f74ab7d12208fb3c22b7e07fac,509e1b240700744a76a4c6c983d9a33838778a6ad7d93ebf028bdd2bb50815e2,ResidualPolicy,False,jonswap,jonswap,3.12.3,2.5.2,2.13.0,2.9.0,1.3.0,3.2.7,e9fa15cc35312a5c1ecf0c42668a690b5061c090,7ebad1ecabd28a7000add2d05f888aa2e837c2cc,c7fbdcc4df48bd4a2cfe21811613e5e50e3e4868822fe6dddd13745d96692118,b98d65cc5e34337369dcd4d69d63651cc2c99c19e8494199e8b5ec9e06c8b87f,3ee7e46399aea60603c767e0a604e79e7db233924ce71fe027a1ccc1623b7eb0,7beb41daec3d6a34c6da7696c56a982667957298f017ebe137829282b6ce7985,e6f30e55e478d39061b94e38de33959ca99b16e8cac38a3bd99b34f6543ad4a2,20260924,1.5,kinematic,noise,sigma2cm_lat0step,jonswap,strict,25.0,True,0.02,0.1,0.0,0,0.0,30.0,,e6f30e55e478d39061b94e38de33959ca99b16e8cac38a3bd99b34f6543ad4a2
residual_ppo,False,4,aft,id,SS3,200,147,0.735,0.6698242380737758,0.7913184585289088,0.01,0.01,0.09,0.155,0.735,0.0,198,0.2415506677914654,0.356253854335732,0.2413535294355818,0.35646350082554923,0.026132807525723473,0.0695842102936907,20.630919663169582,2.199957912457912,2.154166666666667,0.1411600816564235,0.30052458807122123,0,0.0,0,-0.004922118711670508,184,0.9292929292929293,0.755,0,0,2,0,0,151,47,0,200,,0.8848279049173902,0.9574172958122553,0.92,0.874010511732856,0.9501594141102401,artifacts/runs/residual_ppo/4,ppo,10000000,final,10010624,6cedd5d9a1fbf7eabafa9ca6146ab19ce81fdab2,19cdad00d93d6be4a86cfe04718de10a5c258cf4c8f4a801437a495be5d5fc86,d706560de93355a04d130211968afc8ccf20e7443dc3b03da0206c0a4414e00c,ad2c8fbfd1b4cc695216dbdea711bcef287d65bcf37bfc13b77052919bc23e81,a117225dfe54a9f622dfe5254ef0a4fd9bab8f1ea93bda5925dea8ecf55b27dc,424451d859fd957d424c13883815d151bd0a5d18ffd1f6556642d24050fe5acc,ResidualPolicy,False,jonswap,jonswap,3.12.3,2.5.2,2.13.0,2.9.0,1.3.0,3.2.7,e9fa15cc35312a5c1ecf0c42668a690b5061c090,7ebad1ecabd28a7000add2d05f888aa2e837c2cc,c7fbdcc4df48bd4a2cfe21811613e5e50e3e4868822fe6dddd13745d96692118,b98d65cc5e34337369dcd4d69d63651cc2c99c19e8494199e8b5ec9e06c8b87f,3ee7e46399aea60603c767e0a604e79e7db233924ce71fe027a1ccc1623b7eb0,7beb41daec3d6a34c6da7696c56a982667957298f017ebe137829282b6ce7985,e6f30e55e478d39061b94e38de33959ca99b16e8cac38a3bd99b34f6543ad4a2,20260924,1.5,kinematic,noise,sigma2cm_lat0step,jonswap,strict,25.0,True,0.02,0.1,0.0,0,0.0,30.0,,e6f30e55e478d39061b94e38de33959ca99b16e8cac38a3bd99b34f6543ad4a2
residual_ppo,False,4,aft,id,SS4,200,163,0.815,0.7554293723884824,0.8626980719938395,0.0,0.01,0.06,0.115,0.815,0.0,200,0.2548537077297006,0.3690862523984552,0.2542248219110774,0.37074668544221046,0.024516372912779555,0.060078196278427524,17.00924743863638,2.1892916666666666,2.1708333333333334,0.14490581514912154,0.30040791941663286,3,0.015,1,-0.005171414360402356,141,0.705,0.75,0,0,0,0,0,166,34,0,200,,0.6384128547538122,0.7638605614315084,0.705,0.6384128547538122,0.7638605614315084,artifacts/runs/residual_ppo/4,ppo,10000000,final,10010624,6cedd5d9a1fbf7eabafa9ca6146ab19ce81fdab2,19cdad00d93d6be4a86cfe04718de10a5c258cf4c8f4a801437a495be5d5fc86,d706560de93355a04d130211968afc8ccf20e7443dc3b03da0206c0a4414e00c,ad2c8fbfd1b4cc695216dbdea711bcef287d65bcf37bfc13b77052919bc23e81,a117225dfe54a9f622dfe5254ef0a4fd9bab8f1ea93bda5925dea8ecf55b27dc,424451d859fd957d424c13883815d151bd0a5d18ffd1f6556642d24050fe5acc,ResidualPolicy,False,jonswap,jonswap,3.12.3,2.5.2,2.13.0,2.9.0,1.3.0,3.2.7,e9fa15cc35312a5c1ecf0c42668a690b5061c090,7ebad1ecabd28a7000add2d05f888aa2e837c2cc,c7fbdcc4df48bd4a2cfe21811613e5e50e3e4868822fe6dddd13745d96692118,b98d65cc5e34337369dcd4d69d63651cc2c99c19e8494199e8b5ec9e06c8b87f,3ee7e46399aea60603c767e0a604e79e7db233924ce71fe027a1ccc1623b7eb0,7beb41daec3d6a34c6da7696c56a982667957298f017ebe137829282b6ce7985,e6f30e55e478d39061b94e38de33959ca99b16e8cac38a3bd99b34f6543ad4a2,20260924,1.5,kinematic,noise,sigma2cm_lat0step,jonswap,strict,25.0,True,0.02,0.1,0.0,0,0.0,30.0,,e6f30e55e478d39061b94e38de33959ca99b16e8cac38a3bd99b34f6543ad4a2
residual_ppo,False,4,aft,id,SS5,200,161,0.805,0.7445595562538726,0.8539447946559949,0.0,0.005,0.095,0.095,0.805,0.0,200,0.25856106748188756,0.38403176775341974,0.2566682033087406,0.3884267011688182,0.02536096798573339,0.06452905294246672,17.540085455904336,2.1918333333333333,2.1666666666666665,0.14950668961025604,0.300044154522337,1,0.005,2,-0.005469155335302456,56,0.28,0.745,0,0,0,0,0,171,29,0,200,,0.22236889773949026,0.3459230458665071,0.28,0.22236889773949026,0.3459230458665071,artifacts/runs/residual_ppo/4,ppo,10000000,final,10010624,6cedd5d9a1fbf7eabafa9ca6146ab19ce81fdab2,19cdad00d93d6be4a86cfe04718de10a5c258cf4c8f4a801437a495be5d5fc86,d706560de93355a04d130211968afc8ccf20e7443dc3b03da0206c0a4414e00c,ad2c8fbfd1b4cc695216dbdea711bcef287d65bcf37bfc13b77052919bc23e81,a117225dfe54a9f622dfe5254ef0a4fd9bab8f1ea93bda5925dea8ecf55b27dc,424451d859fd957d424c13883815d151bd0a5d18ffd1f6556642d24050fe5acc,ResidualPolicy,False,jonswap,jonswap,3.12.3,2.5.2,2.13.0,2.9.0,1.3.0,3.2.7,e9fa15cc35312a5c1ecf0c42668a690b5061c090,7ebad1ecabd28a7000add2d05f888aa2e837c2cc,c7fbdcc4df48bd4a2cfe21811613e5e50e3e4868822fe6dddd13745d96692118,b98d65cc5e34337369dcd4d69d63651cc2c99c19e8494199e8b5ec9e06c8b87f,3ee7e46399aea60603c767e0a604e79e7db233924ce71fe027a1ccc1623b7eb0,7beb41daec3d6a34c6da7696c56a982667957298f017ebe137829282b6ce7985,e6f30e55e478d39061b94e38de33959ca99b16e8cac38a3bd99b34f6543ad4a2,20260924,1.5,kinematic,noise,sigma2cm_lat0step,jonswap,strict,25.0,True,0.02,0.1,0.0,0,0.0,30.0,,e6f30e55e478d39061b94e38de33959ca99b16e8cac38a3bd99b34f6543ad4a2
residual_ppo,False,4,aft,id,SS6,200,139,0.695,0.6280144790202163,0.7546358436926496,0.0,0.015,0.16,0.13,0.695,0.0,200,0.24829505427753457,0.35847839679502136,0.24616995494007166,0.35875381394786837,0.025910476183432028,0.06264580384810242,23.012247390115533,2.2672291666666666,2.2375,0.15174271689097713,0.2952658405806283,1,0.005,6,-0.005635292040842726,21,0.105,0.0,0,0,0,0,0,150,50,0,200,,0.06970748792681017,0.1551803199112304,0.105,0.06970748792681017,0.1551803199112304,artifacts/runs/residual_ppo/4,ppo,10000000,final,10010624,6cedd5d9a1fbf7eabafa9ca6146ab19ce81fdab2,19cdad00d93d6be4a86cfe04718de10a5c258cf4c8f4a801437a495be5d5fc86,d706560de93355a04d130211968afc8ccf20e7443dc3b03da0206c0a4414e00c,ad2c8fbfd1b4cc695216dbdea711bcef287d65bcf37bfc13b77052919bc23e81,a117225dfe54a9f622dfe5254ef0a4fd9bab8f1ea93bda5925dea8ecf55b27dc,424451d859fd957d424c13883815d151bd0a5d18ffd1f6556642d24050fe5acc,ResidualPolicy,False,jonswap,jonswap,3.12.3,2.5.2,2.13.0,2.9.0,1.3.0,3.2.7,e9fa15cc35312a5c1ecf0c42668a690b5061c090,7ebad1ecabd28a7000add2d05f888aa2e837c2cc,c7fbdcc4df48bd4a2cfe21811613e5e50e3e4868822fe6dddd13745d96692118,b98d65cc5e34337369dcd4d69d63651cc2c99c19e8494199e8b5ec9e06c8b87f,3ee7e46399aea60603c767e0a604e79e7db233924ce71fe027a1ccc1623b7eb0,7beb41daec3d6a34c6da7696c56a982667957298f017ebe137829282b6ce7985,e6f30e55e478d39061b94e38de33959ca99b16e8cac38a3bd99b34f6543ad4a2,20260924,1.5,kinematic,noise,sigma2cm_lat0step,jonswap,strict,25.0,True,0.02,0.1,0.0,0,0.0,30.0,,e6f30e55e478d39061b94e38de33959ca99b16e8cac38a3bd99b34f6543ad4a2
ppo_forecast,False,0,aft,id,SS3,200,200,1.0,0.9811546736227335,1.0,0.0,0.0,0.0,0.0,1.0,0.0,200,0.25123185009962506,0.31751358583522304,0.2508158266367273,0.3177481741424511,0.01767711702567881,0.034952687251186235,6.545066000144711,1.562625,1.5625,0.24103333705774296,0.2667817436015294,0,0.0,0,-0.004097656459377259,191,0.955,0.755,0,0,0,0,0,200,0,0,200,,0.9167032959981803,0.976147456998507,0.955,0.9167032959981803,0.976147456998507,artifacts/runs/ppo_forecast/0,ppo,10000000,final,10010624,6cedd5d9a1fbf7eabafa9ca6146ab19ce81fdab2,b765176bb07227178386a716a339effffa4335b08c314bec5a9cbafe01e7a185,42c455437bb58f00f412e7608a10c1b947b234e7a40adfbbb3856c534a5e5e57,a4710fd3f0d36722335bd164a68da1eb99e52f1616d4c6621068ae3ec1473116,0d3e9fe15c11e3f72e195d8e355a49a6927d7d70128a0a74d92e3c780a267a77,d166e6244a3a0f74e35c109a7e7695957ea782495b722d3294fab78c6d06f846,ForecastPolicy,True,jonswap,jonswap,3.12.3,2.5.2,2.13.0,2.9.0,1.3.0,3.2.7,e9fa15cc35312a5c1ecf0c42668a690b5061c090,7ebad1ecabd28a7000add2d05f888aa2e837c2cc,c7fbdcc4df48bd4a2cfe21811613e5e50e3e4868822fe6dddd13745d96692118,b98d65cc5e34337369dcd4d69d63651cc2c99c19e8494199e8b5ec9e06c8b87f,3ee7e46399aea60603c767e0a604e79e7db233924ce71fe027a1ccc1623b7eb0,7beb41daec3d6a34c6da7696c56a982667957298f017ebe137829282b6ce7985,e6f30e55e478d39061b94e38de33959ca99b16e8cac38a3bd99b34f6543ad4a2,20260924,1.5,kinematic,noise,sigma2cm_lat0step,jonswap,strict,25.0,True,0.02,0.1,0.0,0,0.0,30.0,,e6f30e55e478d39061b94e38de33959ca99b16e8cac38a3bd99b34f6543ad4a2
ppo_forecast,False,0,aft,id,SS4,200,200,1.0,0.9811546736227335,1.0,0.0,0.0,0.0,0.0,1.0,0.0,200,0.24595581381757503,0.3247192275254108,0.24561604266686748,0.3251705732098032,0.016346194469186864,0.034522740533580044,6.870116132057726,1.5632916666666665,1.5666666666666667,0.2453710072742439,0.2666709139801577,0,0.0,0,-0.0042509313960933295,140,0.7,0.75,0,0,0,0,0,200,0,0,200,,0.6332093162728074,0.7592525531762859,0.7,0.6332093162728074,0.7592525531762859,artifacts/runs/ppo_forecast/0,ppo,10000000,final,10010624,6cedd5d9a1fbf7eabafa9ca6146ab19ce81fdab2,b765176bb07227178386a716a339effffa4335b08c314bec5a9cbafe01e7a185,42c455437bb58f00f412e7608a10c1b947b234e7a40adfbbb3856c534a5e5e57,a4710fd3f0d36722335bd164a68da1eb99e52f1616d4c6621068ae3ec1473116,0d3e9fe15c11e3f72e195d8e355a49a6927d7d70128a0a74d92e3c780a267a77,d166e6244a3a0f74e35c109a7e7695957ea782495b722d3294fab78c6d06f846,ForecastPolicy,True,jonswap,jonswap,3.12.3,2.5.2,2.13.0,2.9.0,1.3.0,3.2.7,e9fa15cc35312a5c1ecf0c42668a690b5061c090,7ebad1ecabd28a7000add2d05f888aa2e837c2cc,c7fbdcc4df48bd4a2cfe21811613e5e50e3e4868822fe6dddd13745d96692118,b98d65cc5e34337369dcd4d69d63651cc2c99c19e8494199e8b5ec9e06c8b87f,3ee7e46399aea60603c767e0a604e79e7db233924ce71fe027a1ccc1623b7eb0,7beb41daec3d6a34c6da7696c56a982667957298f017ebe137829282b6ce7985,e6f30e55e478d39061b94e38de33959ca99b16e8cac38a3bd99b34f6543ad4a2,20260924,1.5,kinematic,noise,sigma2cm_lat0step,jonswap,strict,25.0,True,0.02,0.1,0.0,0,0.0,30.0,,e6f30e55e478d39061b94e38de33959ca99b16e8cac38a3bd99b34f6543ad4a2
ppo_forecast,False,0,aft,id,SS5,200,199,0.995,0.9722262956021069,0.9991168312843989,0.0,0.0,0.005,0.0,0.995,0.0,200,0.24016819330439676,0.31265701332856677,0.2406185025366896,0.31393516413120887,0.0187311099235693,0.04084096071882459,9.195395097938757,1.570270833333333,1.5666666666666667,0.25272704777800875,0.26906375206446076,0,0.0,0,-0.004565124157665632,61,0.305,0.745,0,0,0,0,0,199,1,0,200,,0.24536415630735034,0.37198552097978366,0.305,0.24536415630735034,0.37198552097978366,artifacts/runs/ppo_forecast/0,ppo,10000000,final,10010624,6cedd5d9a1fbf7eabafa9ca6146ab19ce81fdab2,b765176bb07227178386a716a339effffa4335b08c314bec5a9cbafe01e7a185,42c455437bb58f00f412e7608a10c1b947b234e7a40adfbbb3856c534a5e5e57,a4710fd3f0d36722335bd164a68da1eb99e52f1616d4c6621068ae3ec1473116,0d3e9fe15c11e3f72e195d8e355a49a6927d7d70128a0a74d92e3c780a267a77,d166e6244a3a0f74e35c109a7e7695957ea782495b722d3294fab78c6d06f846,ForecastPolicy,True,jonswap,jonswap,3.12.3,2.5.2,2.13.0,2.9.0,1.3.0,3.2.7,e9fa15cc35312a5c1ecf0c42668a690b5061c090,7ebad1ecabd28a7000add2d05f888aa2e837c2cc,c7fbdcc4df48bd4a2cfe21811613e5e50e3e4868822fe6dddd13745d96692118,b98d65cc5e34337369dcd4d69d63651cc2c99c19e8494199e8b5ec9e06c8b87f,3ee7e46399aea60603c767e0a604e79e7db233924ce71fe027a1ccc1623b7eb0,7beb41daec3d6a34c6da7696c56a982667957298f017ebe137829282b6ce7985,e6f30e55e478d39061b94e38de33959ca99b16e8cac38a3bd99b34f6543ad4a2,20260924,1.5,kinematic,noise,sigma2cm_lat0step,jonswap,strict,25.0,True,0.02,0.1,0.0,0,0.0,30.0,,e6f30e55e478d39061b94e38de33959ca99b16e8cac38a3bd99b34f6543ad4a2
ppo_forecast,False,0,aft,id,SS6,200,194,0.97,0.9361057075454807,0.9861796856598887,0.0,0.005,0.02,0.005,0.97,0.0,200,0.24823990951628133,0.3345908086765103,0.24707159129619272,0.33352984390475987,0.0218719778714281,0.05238441184663951,11.979379578749011,1.5854791666666668,1.575,0.2598544131994234,0.2639949688571938,0,0.0,2,-0.005264971616667181,24,0.12,0.0,0,0,0,0,0,198,2,0,200,,0.08197992706375512,0.17234252098296743,0.12,0.08197992706375512,0.17234252098296743,artifacts/runs/ppo_forecast/0,ppo,10000000,final,10010624,6cedd5d9a1fbf7eabafa9ca6146ab19ce81fdab2,b765176bb07227178386a716a339effffa4335b08c314bec5a9cbafe01e7a185,42c455437bb58f00f412e7608a10c1b947b234e7a40adfbbb3856c534a5e5e57,a4710fd3f0d36722335bd164a68da1eb99e52f1616d4c6621068ae3ec1473116,0d3e9fe15c11e3f72e195d8e355a49a6927d7d70128a0a74d92e3c780a267a77,d166e6244a3a0f74e35c109a7e7695957ea782495b722d3294fab78c6d06f846,ForecastPolicy,True,jonswap,jonswap,3.12.3,2.5.2,2.13.0,2.9.0,1.3.0,3.2.7,e9fa15cc35312a5c1ecf0c42668a690b5061c090,7ebad1ecabd28a7000add2d05f888aa2e837c2cc,c7fbdcc4df48bd4a2cfe21811613e5e50e3e4868822fe6dddd13745d96692118,b98d65cc5e34337369dcd4d69d63651cc2c99c19e8494199e8b5ec9e06c8b87f,3ee7e46399aea60603c767e0a604e79e7db233924ce71fe027a1ccc1623b7eb0,7beb41daec3d6a34c6da7696c56a982667957298f017ebe137829282b6ce7985,e6f30e55e478d39061b94e38de33959ca99b16e8cac38a3bd99b34f6543ad4a2,20260924,1.5,kinematic,noise,sigma2cm_lat0step,jonswap,strict,25.0,True,0.02,0.1,0.0,0,0.0,30.0,,e6f30e55e478d39061b94e38de33959ca99b16e8cac38a3bd99b34f6543ad4a2
ppo_forecast,False,1,aft,id,SS3,200,200,1.0,0.9811546736227335,1.0,0.0,0.0,0.0,0.0,1.0,0.0,200,0.251072866759688,0.31514855117590485,0.2508036112123713,0.315180553379669,0.015745068374148928,0.035373813981628206,6.255236300631184,1.5300625000000003,1.5291666666666666,0.3174834205155848,0.26804475729609434,0,0.0,0,-0.0032821224658311043,190,0.95,0.755,0,0,0,0,0,200,0,0,200,,0.9104218518612239,0.972617354399236,0.95,0.9104218518612239,0.972617354399236,artifacts/runs/ppo_forecast/1,ppo,10000000,final,10010624,6cedd5d9a1fbf7eabafa9ca6146ab19ce81fdab2,b765176bb07227178386a716a339effffa4335b08c314bec5a9cbafe01e7a185,42c455437bb58f00f412e7608a10c1b947b234e7a40adfbbb3856c534a5e5e57,05c089bc199302f546b5515b78843df4ef149d56bd90ad7802366907ad0b6cf4,2117c9548c19077acfdaf36025f43e504b62bd6d85d67ff65ff437ab6f6e6ca8,3c666e83901862d15dd53ac47551989654d1aa286e709a208346e8abd81c5e47,ForecastPolicy,True,jonswap,jonswap,3.12.3,2.5.2,2.13.0,2.9.0,1.3.0,3.2.7,e9fa15cc35312a5c1ecf0c42668a690b5061c090,7ebad1ecabd28a7000add2d05f888aa2e837c2cc,c7fbdcc4df48bd4a2cfe21811613e5e50e3e4868822fe6dddd13745d96692118,b98d65cc5e34337369dcd4d69d63651cc2c99c19e8494199e8b5ec9e06c8b87f,3ee7e46399aea60603c767e0a604e79e7db233924ce71fe027a1ccc1623b7eb0,7beb41daec3d6a34c6da7696c56a982667957298f017ebe137829282b6ce7985,e6f30e55e478d39061b94e38de33959ca99b16e8cac38a3bd99b34f6543ad4a2,20260924,1.5,kinematic,noise,sigma2cm_lat0step,jonswap,strict,25.0,True,0.02,0.1,0.0,0,0.0,30.0,,e6f30e55e478d39061b94e38de33959ca99b16e8cac38a3bd99b34f6543ad4a2
ppo_forecast,False,1,aft,id,SS4,200,200,1.0,0.9811546736227335,1.0,0.0,0.0,0.0,0.0,1.0,0.0,200,0.2447297200535749,0.3159495925650588,0.2451985298566417,0.31596658578899617,0.016663375823187825,0.03627885164346649,6.297518650475208,1.5350833333333334,1.5416666666666667,0.3162334036674254,0.2677067892022195,0,0.0,0,-0.003983181068242067,140,0.7,0.75,0,0,0,0,0,200,0,0,200,,0.6332093162728074,0.7592525531762859,0.7,0.6332093162728074,0.7592525531762859,artifacts/runs/ppo_forecast/1,ppo,10000000,final,10010624,6cedd5d9a1fbf7eabafa9ca6146ab19ce81fdab2,b765176bb07227178386a716a339effffa4335b08c314bec5a9cbafe01e7a185,42c455437bb58f00f412e7608a10c1b947b234e7a40adfbbb3856c534a5e5e57,05c089bc199302f546b5515b78843df4ef149d56bd90ad7802366907ad0b6cf4,2117c9548c19077acfdaf36025f43e504b62bd6d85d67ff65ff437ab6f6e6ca8,3c666e83901862d15dd53ac47551989654d1aa286e709a208346e8abd81c5e47,ForecastPolicy,True,jonswap,jonswap,3.12.3,2.5.2,2.13.0,2.9.0,1.3.0,3.2.7,e9fa15cc35312a5c1ecf0c42668a690b5061c090,7ebad1ecabd28a7000add2d05f888aa2e837c2cc,c7fbdcc4df48bd4a2cfe21811613e5e50e3e4868822fe6dddd13745d96692118,b98d65cc5e34337369dcd4d69d63651cc2c99c19e8494199e8b5ec9e06c8b87f,3ee7e46399aea60603c767e0a604e79e7db233924ce71fe027a1ccc1623b7eb0,7beb41daec3d6a34c6da7696c56a982667957298f017ebe137829282b6ce7985,e6f30e55e478d39061b94e38de33959ca99b16e8cac38a3bd99b34f6543ad4a2,20260924,1.5,kinematic,noise,sigma2cm_lat0step,jonswap,strict,25.0,True,0.02,0.1,0.0,0,0.0,30.0,,e6f30e55e478d39061b94e38de33959ca99b16e8cac38a3bd99b34f6543ad4a2
ppo_forecast,False,1,aft,id,SS5,200,200,1.0,0.9811546736227335,1.0,0.0,0.0,0.0,0.0,1.0,0.0,200,0.24795287000089372,0.3188012943065611,0.24791189751604828,0.32242147572448226,0.01678986718806777,0.033388394898100505,9.329021363009078,1.5341874999999998,1.53125,0.3195725113460769,0.26957850932138816,0,0.0,0,-0.004666753139816832,62,0.31,0.745,0,0,0,0,0,200,0,0,200,,0.2499894483607809,0.37717177566258037,0.31,0.2499894483607809,0.37717177566258037,artifacts/runs/ppo_forecast/1,ppo,10000000,final,10010624,6cedd5d9a1fbf7eabafa9ca6146ab19ce81fdab2,b765176bb07227178386a716a339effffa4335b08c314bec5a9cbafe01e7a185,42c455437bb58f00f412e7608a10c1b947b234e7a40adfbbb3856c534a5e5e57,05c089bc199302f546b5515b78843df4ef149d56bd90ad7802366907ad0b6cf4,2117c9548c19077acfdaf36025f43e504b62bd6d85d67ff65ff437ab6f6e6ca8,3c666e83901862d15dd53ac47551989654d1aa286e709a208346e8abd81c5e47,ForecastPolicy,True,jonswap,jonswap,3.12.3,2.5.2,2.13.0,2.9.0,1.3.0,3.2.7,e9fa15cc35312a5c1ecf0c42668a690b5061c090,7ebad1ecabd28a7000add2d05f888aa2e837c2cc,c7fbdcc4df48bd4a2cfe21811613e5e50e3e4868822fe6dddd13745d96692118,b98d65cc5e34337369dcd4d69d63651cc2c99c19e8494199e8b5ec9e06c8b87f,3ee7e46399aea60603c767e0a604e79e7db233924ce71fe027a1ccc1623b7eb0,7beb41daec3d6a34c6da7696c56a982667957298f017ebe137829282b6ce7985,e6f30e55e478d39061b94e38de33959ca99b16e8cac38a3bd99b34f6543ad4a2,20260924,1.5,kinematic,noise,sigma2cm_lat0step,jonswap,strict,25.0,True,0.02,0.1,0.0,0,0.0,30.0,,e6f30e55e478d39061b94e38de33959ca99b16e8cac38a3bd99b34f6543ad4a2
ppo_forecast,False,1,aft,id,SS6,200,196,0.98,0.9497129130941735,0.9921955735836505,0.0,0.0,0.02,0.0,0.98,0.0,200,0.24731809180557718,0.3127577026731973,0.2515741134667018,0.3250578478763349,0.01862386745820155,0.03990264109196516,11.898595123936953,1.5448125,1.5333333333333332,0.3179905409385572,0.26881218229646253,0,0.0,4,-0.005805304216450067,24,0.12,0.0,0,0,0,0,0,198,2,0,200,,0.08197992706375512,0.17234252098296743,0.12,0.08197992706375512,0.17234252098296743,artifacts/runs/ppo_forecast/1,ppo,10000000,final,10010624,6cedd5d9a1fbf7eabafa9ca6146ab19ce81fdab2,b765176bb07227178386a716a339effffa4335b08c314bec5a9cbafe01e7a185,42c455437bb58f00f412e7608a10c1b947b234e7a40adfbbb3856c534a5e5e57,05c089bc199302f546b5515b78843df4ef149d56bd90ad7802366907ad0b6cf4,2117c9548c19077acfdaf36025f43e504b62bd6d85d67ff65ff437ab6f6e6ca8,3c666e83901862d15dd53ac47551989654d1aa286e709a208346e8abd81c5e47,ForecastPolicy,True,jonswap,jonswap,3.12.3,2.5.2,2.13.0,2.9.0,1.3.0,3.2.7,e9fa15cc35312a5c1ecf0c42668a690b5061c090,7ebad1ecabd28a7000add2d05f888aa2e837c2cc,c7fbdcc4df48bd4a2cfe21811613e5e50e3e4868822fe6dddd13745d96692118,b98d65cc5e34337369dcd4d69d63651cc2c99c19e8494199e8b5ec9e06c8b87f,3ee7e46399aea60603c767e0a604e79e7db233924ce71fe027a1ccc1623b7eb0,7beb41daec3d6a34c6da7696c56a982667957298f017ebe137829282b6ce7985,e6f30e55e478d39061b94e38de33959ca99b16e8cac38a3bd99b34f6543ad4a2,20260924,1.5,kinematic,noise,sigma2cm_lat0step,jonswap,strict,25.0,True,0.02,0.1,0.0,0,0.0,30.0,,e6f30e55e478d39061b94e38de33959ca99b16e8cac38a3bd99b34f6543ad4a2
ppo_forecast,False,2,aft,id,SS3,200,200,1.0,0.9811546736227335,1.0,0.0,0.0,0.0,0.0,1.0,0.0,200,0.24488851083733784,0.3127972314674219,0.2447120693894469,0.31318555807898035,0.015612734444622984,0.03724992263071877,6.584697196266757,1.5399583333333333,1.5354166666666667,0.25344565568681565,0.2484253506102541,0,0.0,0,-0.003940261484953072,191,0.955,0.755,0,0,0,0,0,200,0,0,200,,0.9167032959981803,0.976147456998507,0.955,0.9167032959981803,0.976147456998507,artifacts/runs/ppo_forecast/2,ppo,10000000,final,10010624,6cedd5d9a1fbf7eabafa9ca6146ab19ce81fdab2,b765176bb07227178386a716a339effffa4335b08c314bec5a9cbafe01e7a185,42c455437bb58f00f412e7608a10c1b947b234e7a40adfbbb3856c534a5e5e57,5f04c8068021148a640b3ea72d50804ed91a8fef2204945aeef111a8fe6ef28e,274a35a60429b7e46de492d5f1dbd8ab895cb7a0a6168c6ea51711676981edf5,a8733476d0039390a4865aa02ed85588b37c8925df766aa789b81f6229447507,ForecastPolicy,True,jonswap,jonswap,3.12.3,2.5.2,2.13.0,2.9.0,1.3.0,3.2.7,e9fa15cc35312a5c1ecf0c42668a690b5061c090,7ebad1ecabd28a7000add2d05f888aa2e837c2cc,c7fbdcc4df48bd4a2cfe21811613e5e50e3e4868822fe6dddd13745d96692118,b98d65cc5e34337369dcd4d69d63651cc2c99c19e8494199e8b5ec9e06c8b87f,3ee7e46399aea60603c767e0a604e79e7db233924ce71fe027a1ccc1623b7eb0,7beb41daec3d6a34c6da7696c56a982667957298f017ebe137829282b6ce7985,e6f30e55e478d39061b94e38de33959ca99b16e8cac38a3bd99b34f6543ad4a2,20260924,1.5,kinematic,noise,sigma2cm_lat0step,jonswap,strict,25.0,True,0.02,0.1,0.0,0,0.0,30.0,,e6f30e55e478d39061b94e38de33959ca99b16e8cac38a3bd99b34f6543ad4a2
ppo_forecast,False,2,aft,id,SS4,200,200,1.0,0.9811546736227335,1.0,0.0,0.0,0.0,0.0,1.0,0.0,200,0.2466003378711424,0.31201879908850955,0.24596807934714637,0.3129475620400737,0.016964696972241636,0.03594591979605101,7.531911606896755,1.5403125,1.5416666666666667,0.2545811713552972,0.24827557006666864,0,0.0,0,-0.0033693511257175085,139,0.695,0.75,0,0,0,0,0,200,0,0,200,,0.6280144790202163,0.7546358436926496,0.695,0.6280144790202163,0.7546358436926496,artifacts/runs/ppo_forecast/2,ppo,10000000,final,10010624,6cedd5d9a1fbf7eabafa9ca6146ab19ce81fdab2,b765176bb07227178386a716a339effffa4335b08c314bec5a9cbafe01e7a185,42c455437bb58f00f412e7608a10c1b947b234e7a40adfbbb3856c534a5e5e57,5f04c8068021148a640b3ea72d50804ed91a8fef2204945aeef111a8fe6ef28e,274a35a60429b7e46de492d5f1dbd8ab895cb7a0a6168c6ea51711676981edf5,a8733476d0039390a4865aa02ed85588b37c8925df766aa789b81f6229447507,ForecastPolicy,True,jonswap,jonswap,3.12.3,2.5.2,2.13.0,2.9.0,1.3.0,3.2.7,e9fa15cc35312a5c1ecf0c42668a690b5061c090,7ebad1ecabd28a7000add2d05f888aa2e837c2cc,c7fbdcc4df48bd4a2cfe21811613e5e50e3e4868822fe6dddd13745d96692118,b98d65cc5e34337369dcd4d69d63651cc2c99c19e8494199e8b5ec9e06c8b87f,3ee7e46399aea60603c767e0a604e79e7db233924ce71fe027a1ccc1623b7eb0,7beb41daec3d6a34c6da7696c56a982667957298f017ebe137829282b6ce7985,e6f30e55e478d39061b94e38de33959ca99b16e8cac38a3bd99b34f6543ad4a2,20260924,1.5,kinematic,noise,sigma2cm_lat0step,jonswap,strict,25.0,True,0.02,0.1,0.0,0,0.0,30.0,,e6f30e55e478d39061b94e38de33959ca99b16e8cac38a3bd99b34f6543ad4a2
ppo_forecast,False,2,aft,id,SS5,200,200,1.0,0.9811546736227335,1.0,0.0,0.0,0.0,0.0,1.0,0.0,200,0.2395156634751891,0.3123321993059212,0.2398821870234144,0.3121010763715595,0.01822990280061774,0.03725950795579561,9.008715567996513,1.5392083333333335,1.5416666666666667,0.257632560316688,0.2507734707460526,0,0.0,0,-0.00431552928154462,63,0.315,0.745,0,0,0,0,0,200,0,0,200,,0.2546232099022851,0.3823495608573036,0.315,0.2546232099022851,0.3823495608573036,artifacts/runs/ppo_forecast/2,ppo,10000000,final,10010624,6cedd5d9a1fbf7eabafa9ca6146ab19ce81fdab2,b765176bb07227178386a716a339effffa4335b08c314bec5a9cbafe01e7a185,42c455437bb58f00f412e7608a10c1b947b234e7a40adfbbb3856c534a5e5e57,5f04c8068021148a640b3ea72d50804ed91a8fef2204945aeef111a8fe6ef28e,274a35a60429b7e46de492d5f1dbd8ab895cb7a0a6168c6ea51711676981edf5,a8733476d0039390a4865aa02ed85588b37c8925df766aa789b81f6229447507,ForecastPolicy,True,jonswap,jonswap,3.12.3,2.5.2,2.13.0,2.9.0,1.3.0,3.2.7,e9fa15cc35312a5c1ecf0c42668a690b5061c090,7ebad1ecabd28a7000add2d05f888aa2e837c2cc,c7fbdcc4df48bd4a2cfe21811613e5e50e3e4868822fe6dddd13745d96692118,b98d65cc5e34337369dcd4d69d63651cc2c99c19e8494199e8b5ec9e06c8b87f,3ee7e46399aea60603c767e0a604e79e7db233924ce71fe027a1ccc1623b7eb0,7beb41daec3d6a34c6da7696c56a982667957298f017ebe137829282b6ce7985,e6f30e55e478d39061b94e38de33959ca99b16e8cac38a3bd99b34f6543ad4a2,20260924,1.5,kinematic,noise,sigma2cm_lat0step,jonswap,strict,25.0,True,0.02,0.1,0.0,0,0.0,30.0,,e6f30e55e478d39061b94e38de33959ca99b16e8cac38a3bd99b34f6543ad4a2
ppo_forecast,False,2,aft,id,SS6,200,192,0.96,0.923067931799067,0.9795943679338476,0.0,0.0,0.025,0.015,0.96,0.0,200,0.25109451899510193,0.3274376390334717,0.25316501504227573,0.33439121652956033,0.01979588029007645,0.042880267079585685,12.877709667004588,1.5499374999999997,1.5479166666666666,0.25857916687278026,0.2466680830295005,0,0.0,1,-0.0051675963730289445,22,0.11,0.0,0,0,0,0,0,196,4,0,200,,0.07377244460125303,0.1609269099730149,0.11,0.07377244460125303,0.1609269099730149,artifacts/runs/ppo_forecast/2,ppo,10000000,final,10010624,6cedd5d9a1fbf7eabafa9ca6146ab19ce81fdab2,b765176bb07227178386a716a339effffa4335b08c314bec5a9cbafe01e7a185,42c455437bb58f00f412e7608a10c1b947b234e7a40adfbbb3856c534a5e5e57,5f04c8068021148a640b3ea72d50804ed91a8fef2204945aeef111a8fe6ef28e,274a35a60429b7e46de492d5f1dbd8ab895cb7a0a6168c6ea51711676981edf5,a8733476d0039390a4865aa02ed85588b37c8925df766aa789b81f6229447507,ForecastPolicy,True,jonswap,jonswap,3.12.3,2.5.2,2.13.0,2.9.0,1.3.0,3.2.7,e9fa15cc35312a5c1ecf0c42668a690b5061c090,7ebad1ecabd28a7000add2d05f888aa2e837c2cc,c7fbdcc4df48bd4a2cfe21811613e5e50e3e4868822fe6dddd13745d96692118,b98d65cc5e34337369dcd4d69d63651cc2c99c19e8494199e8b5ec9e06c8b87f,3ee7e46399aea60603c767e0a604e79e7db233924ce71fe027a1ccc1623b7eb0,7beb41daec3d6a34c6da7696c56a982667957298f017ebe137829282b6ce7985,e6f30e55e478d39061b94e38de33959ca99b16e8cac38a3bd99b34f6543ad4a2,20260924,1.5,kinematic,noise,sigma2cm_lat0step,jonswap,strict,25.0,True,0.02,0.1,0.0,0,0.0,30.0,,e6f30e55e478d39061b94e38de33959ca99b16e8cac38a3bd99b34f6543ad4a2
ppo_forecast,False,3,aft,id,SS3,200,200,1.0,0.9811546736227335,1.0,0.0,0.0,0.0,0.0,1.0,0.0,200,0.25298402094656264,0.32534169826352616,0.2534593203274895,0.3236566462956262,0.015082158133074116,0.032211022061071785,6.232249375496343,1.5434375,1.5375,0.3008972961691626,0.2499480689526559,0,0.0,0,-0.0037968583207270905,191,0.955,0.755,0,0,0,0,0,200,0,0,200,,0.9167032959981803,0.976147456998507,0.955,0.9167032959981803,0.976147456998507,artifacts/runs/ppo_forecast/3,ppo,10000000,final,10010624,6cedd5d9a1fbf7eabafa9ca6146ab19ce81fdab2,b765176bb07227178386a716a339effffa4335b08c314bec5a9cbafe01e7a185,42c455437bb58f00f412e7608a10c1b947b234e7a40adfbbb3856c534a5e5e57,1cb0e664020484704e31df0dffea6de2d0d245454b4822b09bebf74d33cb1412,f04f1806fde35791bd953b8f21d61c001486d3503c6091b6cf8274962140836e,e671d06950623e7ffdce4e1d39991cae8c19fdab70ac4ac26b0f6b2a95a7ad48,ForecastPolicy,True,jonswap,jonswap,3.12.3,2.5.2,2.13.0,2.9.0,1.3.0,3.2.7,e9fa15cc35312a5c1ecf0c42668a690b5061c090,7ebad1ecabd28a7000add2d05f888aa2e837c2cc,c7fbdcc4df48bd4a2cfe21811613e5e50e3e4868822fe6dddd13745d96692118,b98d65cc5e34337369dcd4d69d63651cc2c99c19e8494199e8b5ec9e06c8b87f,3ee7e46399aea60603c767e0a604e79e7db233924ce71fe027a1ccc1623b7eb0,7beb41daec3d6a34c6da7696c56a982667957298f017ebe137829282b6ce7985,e6f30e55e478d39061b94e38de33959ca99b16e8cac38a3bd99b34f6543ad4a2,20260924,1.5,kinematic,noise,sigma2cm_lat0step,jonswap,strict,25.0,True,0.02,0.1,0.0,0,0.0,30.0,,e6f30e55e478d39061b94e38de33959ca99b16e8cac38a3bd99b34f6543ad4a2
ppo_forecast,False,3,aft,id,SS4,200,200,1.0,0.9811546736227335,1.0,0.0,0.0,0.0,0.0,1.0,0.0,200,0.2510810262182973,0.32572243511510274,0.2511455615671074,0.32466261883715386,0.015004157212262613,0.03547343662746239,7.740494423234752,1.5463333333333333,1.55,0.29782843480882504,0.2502273194421602,0,0.0,1,-0.005123258849834977,140,0.7,0.75,0,0,0,0,0,200,0,0,200,,0.6332093162728074,0.7592525531762859,0.7,0.6332093162728074,0.7592525531762859,artifacts/runs/ppo_forecast/3,ppo,10000000,final,10010624,6cedd5d9a1fbf7eabafa9ca6146ab19ce81fdab2,b765176bb07227178386a716a339effffa4335b08c314bec5a9cbafe01e7a185,42c455437bb58f00f412e7608a10c1b947b234e7a40adfbbb3856c534a5e5e57,1cb0e664020484704e31df0dffea6de2d0d245454b4822b09bebf74d33cb1412,f04f1806fde35791bd953b8f21d61c001486d3503c6091b6cf8274962140836e,e671d06950623e7ffdce4e1d39991cae8c19fdab70ac4ac26b0f6b2a95a7ad48,ForecastPolicy,True,jonswap,jonswap,3.12.3,2.5.2,2.13.0,2.9.0,1.3.0,3.2.7,e9fa15cc35312a5c1ecf0c42668a690b5061c090,7ebad1ecabd28a7000add2d05f888aa2e837c2cc,c7fbdcc4df48bd4a2cfe21811613e5e50e3e4868822fe6dddd13745d96692118,b98d65cc5e34337369dcd4d69d63651cc2c99c19e8494199e8b5ec9e06c8b87f,3ee7e46399aea60603c767e0a604e79e7db233924ce71fe027a1ccc1623b7eb0,7beb41daec3d6a34c6da7696c56a982667957298f017ebe137829282b6ce7985,e6f30e55e478d39061b94e38de33959ca99b16e8cac38a3bd99b34f6543ad4a2,20260924,1.5,kinematic,noise,sigma2cm_lat0step,jonswap,strict,25.0,True,0.02,0.1,0.0,0,0.0,30.0,,e6f30e55e478d39061b94e38de33959ca99b16e8cac38a3bd99b34f6543ad4a2
ppo_forecast,False,3,aft,id,SS5,200,200,1.0,0.9811546736227335,1.0,0.0,0.0,0.0,0.0,1.0,0.0,200,0.23656288971267408,0.30476602697603433,0.23588083103314958,0.3047293011076309,0.017164811812624615,0.03857577139030868,8.396683923840735,1.5537916666666667,1.5541666666666667,0.29431795381638215,0.24982767513760623,0,0.0,1,-0.005340062923071594,60,0.3,0.745,0,0,0,0,0,200,0,0,200,,0.24074744682371402,0.36679068372719265,0.3,0.24074744682371402,0.36679068372719265,artifacts/runs/ppo_forecast/3,ppo,10000000,final,10010624,6cedd5d9a1fbf7eabafa9ca6146ab19ce81fdab2,b765176bb07227178386a716a339effffa4335b08c314bec5a9cbafe01e7a185,42c455437bb58f00f412e7608a10c1b947b234e7a40adfbbb3856c534a5e5e57,1cb0e664020484704e31df0dffea6de2d0d245454b4822b09bebf74d33cb1412,f04f1806fde35791bd953b8f21d61c001486d3503c6091b6cf8274962140836e,e671d06950623e7ffdce4e1d39991cae8c19fdab70ac4ac26b0f6b2a95a7ad48,ForecastPolicy,True,jonswap,jonswap,3.12.3,2.5.2,2.13.0,2.9.0,1.3.0,3.2.7,e9fa15cc35312a5c1ecf0c42668a690b5061c090,7ebad1ecabd28a7000add2d05f888aa2e837c2cc,c7fbdcc4df48bd4a2cfe21811613e5e50e3e4868822fe6dddd13745d96692118,b98d65cc5e34337369dcd4d69d63651cc2c99c19e8494199e8b5ec9e06c8b87f,3ee7e46399aea60603c767e0a604e79e7db233924ce71fe027a1ccc1623b7eb0,7beb41daec3d6a34c6da7696c56a982667957298f017ebe137829282b6ce7985,e6f30e55e478d39061b94e38de33959ca99b16e8cac38a3bd99b34f6543ad4a2,20260924,1.5,kinematic,noise,sigma2cm_lat0step,jonswap,strict,25.0,True,0.02,0.1,0.0,0,0.0,30.0,,e6f30e55e478d39061b94e38de33959ca99b16e8cac38a3bd99b34f6543ad4a2
ppo_forecast,False,3,aft,id,SS6,200,192,0.96,0.923067931799067,0.9795943679338476,0.0,0.0,0.025,0.015,0.96,0.0,200,0.24310164868405365,0.3228516779777125,0.24650885709090287,0.3286001445008164,0.019917664096020582,0.047315092429305185,12.523980715658585,1.5621041666666668,1.5541666666666667,0.28804452208859,0.25575692555908885,0,0.0,2,-0.005087068017527942,23,0.115,0.0,0,0,0,0,0,197,3,0,200,,0.07786373232561955,0.16664716898487572,0.115,0.07786373232561955,0.16664716898487572,artifacts/runs/ppo_forecast/3,ppo,10000000,final,10010624,6cedd5d9a1fbf7eabafa9ca6146ab19ce81fdab2,b765176bb07227178386a716a339effffa4335b08c314bec5a9cbafe01e7a185,42c455437bb58f00f412e7608a10c1b947b234e7a40adfbbb3856c534a5e5e57,1cb0e664020484704e31df0dffea6de2d0d245454b4822b09bebf74d33cb1412,f04f1806fde35791bd953b8f21d61c001486d3503c6091b6cf8274962140836e,e671d06950623e7ffdce4e1d39991cae8c19fdab70ac4ac26b0f6b2a95a7ad48,ForecastPolicy,True,jonswap,jonswap,3.12.3,2.5.2,2.13.0,2.9.0,1.3.0,3.2.7,e9fa15cc35312a5c1ecf0c42668a690b5061c090,7ebad1ecabd28a7000add2d05f888aa2e837c2cc,c7fbdcc4df48bd4a2cfe21811613e5e50e3e4868822fe6dddd13745d96692118,b98d65cc5e34337369dcd4d69d63651cc2c99c19e8494199e8b5ec9e06c8b87f,3ee7e46399aea60603c767e0a604e79e7db233924ce71fe027a1ccc1623b7eb0,7beb41daec3d6a34c6da7696c56a982667957298f017ebe137829282b6ce7985,e6f30e55e478d39061b94e38de33959ca99b16e8cac38a3bd99b34f6543ad4a2,20260924,1.5,kinematic,noise,sigma2cm_lat0step,jonswap,strict,25.0,True,0.02,0.1,0.0,0,0.0,30.0,,e6f30e55e478d39061b94e38de33959ca99b16e8cac38a3bd99b34f6543ad4a2
ppo_forecast,False,4,aft,id,SS3,200,200,1.0,0.9811546736227335,1.0,0.0,0.0,0.0,0.0,1.0,0.0,200,0.2542264362551525,0.3111336115282615,0.25411034423889434,0.3107328774444919,0.01673729556676252,0.03358615265630674,6.279280861607714,1.5433333333333332,1.5458333333333334,0.2539286777246653,0.2701411571622305,0,0.0,0,-0.003869827357265669,191,0.955,0.755,0,0,0,0,0,200,0,0,200,,0.9167032959981803,0.976147456998507,0.955,0.9167032959981803,0.976147456998507,artifacts/runs/ppo_forecast/4,ppo,10000000,final,10010624,6cedd5d9a1fbf7eabafa9ca6146ab19ce81fdab2,b765176bb07227178386a716a339effffa4335b08c314bec5a9cbafe01e7a185,42c455437bb58f00f412e7608a10c1b947b234e7a40adfbbb3856c534a5e5e57,c516a3324c8b088053d065321bcf5f97bbeddbd4068dad5f493c8251cd65873d,640a73a9613c3c177c3d92a9822ce3bfbd9daa77409cd507ea7b5865ec6b143d,1315c92f0f65250b57599e80eadbef22ea9839f0c1b6eca69ae835f592a19ff9,ForecastPolicy,True,jonswap,jonswap,3.12.3,2.5.2,2.13.0,2.9.0,1.3.0,3.2.7,e9fa15cc35312a5c1ecf0c42668a690b5061c090,7ebad1ecabd28a7000add2d05f888aa2e837c2cc,c7fbdcc4df48bd4a2cfe21811613e5e50e3e4868822fe6dddd13745d96692118,b98d65cc5e34337369dcd4d69d63651cc2c99c19e8494199e8b5ec9e06c8b87f,3ee7e46399aea60603c767e0a604e79e7db233924ce71fe027a1ccc1623b7eb0,7beb41daec3d6a34c6da7696c56a982667957298f017ebe137829282b6ce7985,e6f30e55e478d39061b94e38de33959ca99b16e8cac38a3bd99b34f6543ad4a2,20260924,1.5,kinematic,noise,sigma2cm_lat0step,jonswap,strict,25.0,True,0.02,0.1,0.0,0,0.0,30.0,,e6f30e55e478d39061b94e38de33959ca99b16e8cac38a3bd99b34f6543ad4a2
ppo_forecast,False,4,aft,id,SS4,200,200,1.0,0.9811546736227335,1.0,0.0,0.0,0.0,0.0,1.0,0.0,200,0.2501301973271721,0.32331609603268896,0.25054455456249447,0.3244225494379212,0.01616212592194811,0.03235944481167991,6.837046217378963,1.5428541666666666,1.55,0.25440763162660507,0.26931947791993344,0,0.0,0,-0.00326724108990856,140,0.7,0.75,0,0,0,0,0,200,0,0,200,,0.6332093162728074,0.7592525531762859,0.7,0.6332093162728074,0.7592525531762859,artifacts/runs/ppo_forecast/4,ppo,10000000,final,10010624,6cedd5d9a1fbf7eabafa9ca6146ab19ce81fdab2,b765176bb07227178386a716a339effffa4335b08c314bec5a9cbafe01e7a185,42c455437bb58f00f412e7608a10c1b947b234e7a40adfbbb3856c534a5e5e57,c516a3324c8b088053d065321bcf5f97bbeddbd4068dad5f493c8251cd65873d,640a73a9613c3c177c3d92a9822ce3bfbd9daa77409cd507ea7b5865ec6b143d,1315c92f0f65250b57599e80eadbef22ea9839f0c1b6eca69ae835f592a19ff9,ForecastPolicy,True,jonswap,jonswap,3.12.3,2.5.2,2.13.0,2.9.0,1.3.0,3.2.7,e9fa15cc35312a5c1ecf0c42668a690b5061c090,7ebad1ecabd28a7000add2d05f888aa2e837c2cc,c7fbdcc4df48bd4a2cfe21811613e5e50e3e4868822fe6dddd13745d96692118,b98d65cc5e34337369dcd4d69d63651cc2c99c19e8494199e8b5ec9e06c8b87f,3ee7e46399aea60603c767e0a604e79e7db233924ce71fe027a1ccc1623b7eb0,7beb41daec3d6a34c6da7696c56a982667957298f017ebe137829282b6ce7985,e6f30e55e478d39061b94e38de33959ca99b16e8cac38a3bd99b34f6543ad4a2,20260924,1.5,kinematic,noise,sigma2cm_lat0step,jonswap,strict,25.0,True,0.02,0.1,0.0,0,0.0,30.0,,e6f30e55e478d39061b94e38de33959ca99b16e8cac38a3bd99b34f6543ad4a2
ppo_forecast,False,4,aft,id,SS5,200,200,1.0,0.9811546736227335,1.0,0.0,0.0,0.0,0.0,1.0,0.0,200,0.24768465187210248,0.3152907704911649,0.2481230175896409,0.314368728893344,0.015504434735184126,0.035271550234831535,8.666349692867536,1.5461874999999998,1.5458333333333334,0.25783043755067775,0.2677257951412662,0,0.0,1,-0.005108570964457633,62,0.31,0.745,0,0,0,0,0,200,0,0,200,,0.2499894483607809,0.37717177566258037,0.31,0.2499894483607809,0.37717177566258037,artifacts/runs/ppo_forecast/4,ppo,10000000,final,10010624,6cedd5d9a1fbf7eabafa9ca6146ab19ce81fdab2,b765176bb07227178386a716a339effffa4335b08c314bec5a9cbafe01e7a185,42c455437bb58f00f412e7608a10c1b947b234e7a40adfbbb3856c534a5e5e57,c516a3324c8b088053d065321bcf5f97bbeddbd4068dad5f493c8251cd65873d,640a73a9613c3c177c3d92a9822ce3bfbd9daa77409cd507ea7b5865ec6b143d,1315c92f0f65250b57599e80eadbef22ea9839f0c1b6eca69ae835f592a19ff9,ForecastPolicy,True,jonswap,jonswap,3.12.3,2.5.2,2.13.0,2.9.0,1.3.0,3.2.7,e9fa15cc35312a5c1ecf0c42668a690b5061c090,7ebad1ecabd28a7000add2d05f888aa2e837c2cc,c7fbdcc4df48bd4a2cfe21811613e5e50e3e4868822fe6dddd13745d96692118,b98d65cc5e34337369dcd4d69d63651cc2c99c19e8494199e8b5ec9e06c8b87f,3ee7e46399aea60603c767e0a604e79e7db233924ce71fe027a1ccc1623b7eb0,7beb41daec3d6a34c6da7696c56a982667957298f017ebe137829282b6ce7985,e6f30e55e478d39061b94e38de33959ca99b16e8cac38a3bd99b34f6543ad4a2,20260924,1.5,kinematic,noise,sigma2cm_lat0step,jonswap,strict,25.0,True,0.02,0.1,0.0,0,0.0,30.0,,e6f30e55e478d39061b94e38de33959ca99b16e8cac38a3bd99b34f6543ad4a2
ppo_forecast,False,4,aft,id,SS6,200,192,0.96,0.923067931799067,0.9795943679338476,0.005,0.0,0.035,0.0,0.96,0.0,200,0.25183195060839253,0.3299364228283438,0.25173752473448063,0.33027639792729724,0.02220454875577635,0.05208424883506612,12.217392968951543,1.5707291666666665,1.5645833333333332,0.25685018810295807,0.26576849850679807,1,0.005,3,-0.005625216242784601,23,0.115,0.0,0,1,0,0,0,196,3,0,200,,0.07786373232561955,0.16664716898487572,0.115,0.07786373232561955,0.16664716898487572,artifacts/runs/ppo_forecast/4,ppo,10000000,final,10010624,6cedd5d9a1fbf7eabafa9ca6146ab19ce81fdab2,b765176bb07227178386a716a339effffa4335b08c314bec5a9cbafe01e7a185,42c455437bb58f00f412e7608a10c1b947b234e7a40adfbbb3856c534a5e5e57,c516a3324c8b088053d065321bcf5f97bbeddbd4068dad5f493c8251cd65873d,640a73a9613c3c177c3d92a9822ce3bfbd9daa77409cd507ea7b5865ec6b143d,1315c92f0f65250b57599e80eadbef22ea9839f0c1b6eca69ae835f592a19ff9,ForecastPolicy,True,jonswap,jonswap,3.12.3,2.5.2,2.13.0,2.9.0,1.3.0,3.2.7,e9fa15cc35312a5c1ecf0c42668a690b5061c090,7ebad1ecabd28a7000add2d05f888aa2e837c2cc,c7fbdcc4df48bd4a2cfe21811613e5e50e3e4868822fe6dddd13745d96692118,b98d65cc5e34337369dcd4d69d63651cc2c99c19e8494199e8b5ec9e06c8b87f,3ee7e46399aea60603c767e0a604e79e7db233924ce71fe027a1ccc1623b7eb0,7beb41daec3d6a34c6da7696c56a982667957298f017ebe137829282b6ce7985,e6f30e55e478d39061b94e38de33959ca99b16e8cac38a3bd99b34f6543ad4a2,20260924,1.5,kinematic,noise,sigma2cm_lat0step,jonswap,strict,25.0,True,0.02,0.1,0.0,0,0.0,30.0,,e6f30e55e478d39061b94e38de33959ca99b16e8cac38a3bd99b34f6543ad4a2
residual_ppo_forecast,False,0,aft,id,SS3,200,160,0.8,0.7391448134346212,0.8495479907390189,0.0,0.01,0.03,0.16,0.8,0.0,200,0.2528065467055119,0.3466624059855261,0.2532309846369866,0.3466275062320275,0.02567562463078498,0.05631085322625622,14.37134971250401,2.108833333333333,2.09375,0.13890697013576989,0.2949407229601455,0,0.0,0,-0.004198393979918757,186,0.93,0.755,0,0,0,0,0,162,38,0,200,,0.8859451911438936,0.9578478281716571,0.93,0.8859451911438936,0.9578478281716571,artifacts/runs/residual_ppo_forecast/0,ppo,10000000,final,10010624,6cedd5d9a1fbf7eabafa9ca6146ab19ce81fdab2,8276ee8f4e1baa91aa56b31aeb5b5f48aa8845c72939e13cf44ff4fb4e10b2e3,92671b2081ade69e3bda52d06309eb171c7b36b2303c8648d10c93d6591a4765,8642848a224023a069190ceba3a47a93e9d3884843f2a5d4c6ffb4daaac81522,05c683af2cfb1933e7265d6b306fbb2773a0f00e94f8deda7a8a4d729c4af0b4,7c465b02e74bbf27d5c42a8dfbc5bc735556cdcd8a22047f6d60070db40a21bc,ResidualForecastPolicy,True,jonswap,jonswap,3.12.3,2.5.2,2.13.0,2.9.0,1.3.0,3.2.7,e9fa15cc35312a5c1ecf0c42668a690b5061c090,7ebad1ecabd28a7000add2d05f888aa2e837c2cc,c7fbdcc4df48bd4a2cfe21811613e5e50e3e4868822fe6dddd13745d96692118,b98d65cc5e34337369dcd4d69d63651cc2c99c19e8494199e8b5ec9e06c8b87f,3ee7e46399aea60603c767e0a604e79e7db233924ce71fe027a1ccc1623b7eb0,7beb41daec3d6a34c6da7696c56a982667957298f017ebe137829282b6ce7985,e6f30e55e478d39061b94e38de33959ca99b16e8cac38a3bd99b34f6543ad4a2,20260924,1.5,kinematic,noise,sigma2cm_lat0step,jonswap,strict,25.0,True,0.02,0.1,0.0,0,0.0,30.0,,e6f30e55e478d39061b94e38de33959ca99b16e8cac38a3bd99b34f6543ad4a2
residual_ppo_forecast,False,0,aft,id,SS4,200,169,0.845,0.7883930940765792,0.8886036307231068,0.0,0.005,0.03,0.12,0.845,0.0,200,0.24500005704937383,0.3556962224159096,0.24655851190475453,0.35243538739913577,0.022423638172633466,0.052764137366964003,13.076707624464587,2.1092708333333334,2.1041666666666665,0.14394182204189931,0.2941172512933226,1,0.005,2,-0.005189716602559157,143,0.715,0.75,0,0,0,0,0,171,29,0,200,,0.6488465397039482,0.7730499699538271,0.715,0.6488465397039482,0.7730499699538271,artifacts/runs/residual_ppo_forecast/0,ppo,10000000,final,10010624,6cedd5d9a1fbf7eabafa9ca6146ab19ce81fdab2,8276ee8f4e1baa91aa56b31aeb5b5f48aa8845c72939e13cf44ff4fb4e10b2e3,92671b2081ade69e3bda52d06309eb171c7b36b2303c8648d10c93d6591a4765,8642848a224023a069190ceba3a47a93e9d3884843f2a5d4c6ffb4daaac81522,05c683af2cfb1933e7265d6b306fbb2773a0f00e94f8deda7a8a4d729c4af0b4,7c465b02e74bbf27d5c42a8dfbc5bc735556cdcd8a22047f6d60070db40a21bc,ResidualForecastPolicy,True,jonswap,jonswap,3.12.3,2.5.2,2.13.0,2.9.0,1.3.0,3.2.7,e9fa15cc35312a5c1ecf0c42668a690b5061c090,7ebad1ecabd28a7000add2d05f888aa2e837c2cc,c7fbdcc4df48bd4a2cfe21811613e5e50e3e4868822fe6dddd13745d96692118,b98d65cc5e34337369dcd4d69d63651cc2c99c19e8494199e8b5ec9e06c8b87f,3ee7e46399aea60603c767e0a604e79e7db233924ce71fe027a1ccc1623b7eb0,7beb41daec3d6a34c6da7696c56a982667957298f017ebe137829282b6ce7985,e6f30e55e478d39061b94e38de33959ca99b16e8cac38a3bd99b34f6543ad4a2,20260924,1.5,kinematic,noise,sigma2cm_lat0step,jonswap,strict,25.0,True,0.02,0.1,0.0,0,0.0,30.0,,e6f30e55e478d39061b94e38de33959ca99b16e8cac38a3bd99b34f6543ad4a2
residual_ppo_forecast,False,0,aft,id,SS5,200,172,0.86,0.8051011913429243,0.9013301736654437,0.0,0.005,0.035,0.1,0.86,0.0,200,0.25297177657613423,0.3547442499821018,0.252908716251427,0.35320466517104676,0.024104918614171404,0.052422921151782355,13.196201941786281,2.1114374999999996,2.0895833333333336,0.14850079611372252,0.29402986869095576,0,0.0,0,-0.0049525540562825425,54,0.27,0.745,0,0,0,0,0,178,22,0,200,,0.21323449814685846,0.33543435198668425,0.27,0.21323449814685846,0.33543435198668425,artifacts/runs/residual_ppo_forecast/0,ppo,10000000,final,10010624,6cedd5d9a1fbf7eabafa9ca6146ab19ce81fdab2,8276ee8f4e1baa91aa56b31aeb5b5f48aa8845c72939e13cf44ff4fb4e10b2e3,92671b2081ade69e3bda52d06309eb171c7b36b2303c8648d10c93d6591a4765,8642848a224023a069190ceba3a47a93e9d3884843f2a5d4c6ffb4daaac81522,05c683af2cfb1933e7265d6b306fbb2773a0f00e94f8deda7a8a4d729c4af0b4,7c465b02e74bbf27d5c42a8dfbc5bc735556cdcd8a22047f6d60070db40a21bc,ResidualForecastPolicy,True,jonswap,jonswap,3.12.3,2.5.2,2.13.0,2.9.0,1.3.0,3.2.7,e9fa15cc35312a5c1ecf0c42668a690b5061c090,7ebad1ecabd28a7000add2d05f888aa2e837c2cc,c7fbdcc4df48bd4a2cfe21811613e5e50e3e4868822fe6dddd13745d96692118,b98d65cc5e34337369dcd4d69d63651cc2c99c19e8494199e8b5ec9e06c8b87f,3ee7e46399aea60603c767e0a604e79e7db233924ce71fe027a1ccc1623b7eb0,7beb41daec3d6a34c6da7696c56a982667957298f017ebe137829282b6ce7985,e6f30e55e478d39061b94e38de33959ca99b16e8cac38a3bd99b34f6543ad4a2,20260924,1.5,kinematic,noise,sigma2cm_lat0step,jonswap,strict,25.0,True,0.02,0.1,0.0,0,0.0,30.0,,e6f30e55e478d39061b94e38de33959ca99b16e8cac38a3bd99b34f6543ad4a2
residual_ppo_forecast,False,0,aft,id,SS6,200,157,0.785,0.7229769265100339,0.8362812374549242,0.0,0.0,0.11,0.105,0.785,0.0,200,0.26103197446225435,0.3771313993431516,0.2640354363790105,0.3660728573615134,0.024328606867920828,0.05017670421540789,16.132490102552612,2.1534166666666668,2.154166666666667,0.15179904376303952,0.28958807182972746,0,0.0,3,-0.005383236474777481,24,0.12,0.0,0,0,0,0,0,169,31,0,200,,0.08197992706375512,0.17234252098296743,0.12,0.08197992706375512,0.17234252098296743,artifacts/runs/residual_ppo_forecast/0,ppo,10000000,final,10010624,6cedd5d9a1fbf7eabafa9ca6146ab19ce81fdab2,8276ee8f4e1baa91aa56b31aeb5b5f48aa8845c72939e13cf44ff4fb4e10b2e3,92671b2081ade69e3bda52d06309eb171c7b36b2303c8648d10c93d6591a4765,8642848a224023a069190ceba3a47a93e9d3884843f2a5d4c6ffb4daaac81522,05c683af2cfb1933e7265d6b306fbb2773a0f00e94f8deda7a8a4d729c4af0b4,7c465b02e74bbf27d5c42a8dfbc5bc735556cdcd8a22047f6d60070db40a21bc,ResidualForecastPolicy,True,jonswap,jonswap,3.12.3,2.5.2,2.13.0,2.9.0,1.3.0,3.2.7,e9fa15cc35312a5c1ecf0c42668a690b5061c090,7ebad1ecabd28a7000add2d05f888aa2e837c2cc,c7fbdcc4df48bd4a2cfe21811613e5e50e3e4868822fe6dddd13745d96692118,b98d65cc5e34337369dcd4d69d63651cc2c99c19e8494199e8b5ec9e06c8b87f,3ee7e46399aea60603c767e0a604e79e7db233924ce71fe027a1ccc1623b7eb0,7beb41daec3d6a34c6da7696c56a982667957298f017ebe137829282b6ce7985,e6f30e55e478d39061b94e38de33959ca99b16e8cac38a3bd99b34f6543ad4a2,20260924,1.5,kinematic,noise,sigma2cm_lat0step,jonswap,strict,25.0,True,0.02,0.1,0.0,0,0.0,30.0,,e6f30e55e478d39061b94e38de33959ca99b16e8cac38a3bd99b34f6543ad4a2
residual_ppo_forecast,False,1,aft,id,SS3,200,169,0.845,0.7883930940765792,0.8886036307231068,0.0,0.015,0.02,0.12,0.845,0.0,200,0.2504991453067803,0.3575444579692742,0.2504584582626396,0.3582510288249957,0.024585410852760392,0.051704345322512314,14.172961392790558,2.1090625,2.0979166666666664,0.1431377340116385,0.29796113951855924,0,0.0,0,-0.004817666519322142,187,0.935,0.755,0,0,0,0,0,174,26,0,200,,0.8919809207009312,0.961623645350847,0.935,0.8919809207009312,0.961623645350847,artifacts/runs/residual_ppo_forecast/1,ppo,10000000,final,10010624,6cedd5d9a1fbf7eabafa9ca6146ab19ce81fdab2,8276ee8f4e1baa91aa56b31aeb5b5f48aa8845c72939e13cf44ff4fb4e10b2e3,92671b2081ade69e3bda52d06309eb171c7b36b2303c8648d10c93d6591a4765,129feb9da2bfce5ab1b169c5e7ee4956ca4b3dd890a44171f0265638cb35eed5,f008964eabf072d81045c92f413c7d29b561e5baf783aa2c8f121c77f04151f8,65ca46d9d2effab3b94ed2360a8e44cc66114dc6d71d1c8beee094459ae3d900,ResidualForecastPolicy,True,jonswap,jonswap,3.12.3,2.5.2,2.13.0,2.9.0,1.3.0,3.2.7,e9fa15cc35312a5c1ecf0c42668a690b5061c090,7ebad1ecabd28a7000add2d05f888aa2e837c2cc,c7fbdcc4df48bd4a2cfe21811613e5e50e3e4868822fe6dddd13745d96692118,b98d65cc5e34337369dcd4d69d63651cc2c99c19e8494199e8b5ec9e06c8b87f,3ee7e46399aea60603c767e0a604e79e7db233924ce71fe027a1ccc1623b7eb0,7beb41daec3d6a34c6da7696c56a982667957298f017ebe137829282b6ce7985,e6f30e55e478d39061b94e38de33959ca99b16e8cac38a3bd99b34f6543ad4a2,20260924,1.5,kinematic,noise,sigma2cm_lat0step,jonswap,strict,25.0,True,0.02,0.1,0.0,0,0.0,30.0,,e6f30e55e478d39061b94e38de33959ca99b16e8cac38a3bd99b34f6543ad4a2
residual_ppo_forecast,False,1,aft,id,SS4,200,163,0.815,0.7554293723884824,0.8626980719938395,0.0,0.005,0.04,0.14,0.815,0.0,200,0.253419920154503,0.35698197850727575,0.25336225202245966,0.3570277495051527,0.023049468997052007,0.057702463748067735,14.561002613687675,2.1313541666666667,2.122916666666667,0.14657823486404958,0.29564530635346,0,0.0,0,-0.004368954943271101,141,0.705,0.75,0,0,0,0,0,165,35,0,200,,0.6384128547538122,0.7638605614315084,0.705,0.6384128547538122,0.7638605614315084,artifacts/runs/residual_ppo_forecast/1,ppo,10000000,final,10010624,6cedd5d9a1fbf7eabafa9ca6146ab19ce81fdab2,8276ee8f4e1baa91aa56b31aeb5b5f48aa8845c72939e13cf44ff4fb4e10b2e3,92671b2081ade69e3bda52d06309eb171c7b36b2303c8648d10c93d6591a4765,129feb9da2bfce5ab1b169c5e7ee4956ca4b3dd890a44171f0265638cb35eed5,f008964eabf072d81045c92f413c7d29b561e5baf783aa2c8f121c77f04151f8,65ca46d9d2effab3b94ed2360a8e44cc66114dc6d71d1c8beee094459ae3d900,ResidualForecastPolicy,True,jonswap,jonswap,3.12.3,2.5.2,2.13.0,2.9.0,1.3.0,3.2.7,e9fa15cc35312a5c1ecf0c42668a690b5061c090,7ebad1ecabd28a7000add2d05f888aa2e837c2cc,c7fbdcc4df48bd4a2cfe21811613e5e50e3e4868822fe6dddd13745d96692118,b98d65cc5e34337369dcd4d69d63651cc2c99c19e8494199e8b5ec9e06c8b87f,3ee7e46399aea60603c767e0a604e79e7db233924ce71fe027a1ccc1623b7eb0,7beb41daec3d6a34c6da7696c56a982667957298f017ebe137829282b6ce7985,e6f30e55e478d39061b94e38de33959ca99b16e8cac38a3bd99b34f6543ad4a2,20260924,1.5,kinematic,noise,sigma2cm_lat0step,jonswap,strict,25.0,True,0.02,0.1,0.0,0,0.0,30.0,,e6f30e55e478d39061b94e38de33959ca99b16e8cac38a3bd99b34f6543ad4a2
residual_ppo_forecast,False,1,aft,id,SS5,200,161,0.805,0.7445595562538726,0.8539447946559949,0.0,0.005,0.06,0.13,0.805,0.0,200,0.25478146613033653,0.3533477534047724,0.2540645603431836,0.352257533463341,0.026545990135534343,0.05201157184567332,15.414373935302065,2.135104166666667,2.09375,0.1508936585351835,0.29485986475701936,0,0.0,1,-0.005055119095136109,57,0.285,0.745,0,0,0,0,0,165,35,0,200,,0.22695003004617292,0.3511534602960517,0.285,0.22695003004617292,0.3511534602960517,artifacts/runs/residual_ppo_forecast/1,ppo,10000000,final,10010624,6cedd5d9a1fbf7eabafa9ca6146ab19ce81fdab2,8276ee8f4e1baa91aa56b31aeb5b5f48aa8845c72939e13cf44ff4fb4e10b2e3,92671b2081ade69e3bda52d06309eb171c7b36b2303c8648d10c93d6591a4765,129feb9da2bfce5ab1b169c5e7ee4956ca4b3dd890a44171f0265638cb35eed5,f008964eabf072d81045c92f413c7d29b561e5baf783aa2c8f121c77f04151f8,65ca46d9d2effab3b94ed2360a8e44cc66114dc6d71d1c8beee094459ae3d900,ResidualForecastPolicy,True,jonswap,jonswap,3.12.3,2.5.2,2.13.0,2.9.0,1.3.0,3.2.7,e9fa15cc35312a5c1ecf0c42668a690b5061c090,7ebad1ecabd28a7000add2d05f888aa2e837c2cc,c7fbdcc4df48bd4a2cfe21811613e5e50e3e4868822fe6dddd13745d96692118,b98d65cc5e34337369dcd4d69d63651cc2c99c19e8494199e8b5ec9e06c8b87f,3ee7e46399aea60603c767e0a604e79e7db233924ce71fe027a1ccc1623b7eb0,7beb41daec3d6a34c6da7696c56a982667957298f017ebe137829282b6ce7985,e6f30e55e478d39061b94e38de33959ca99b16e8cac38a3bd99b34f6543ad4a2,20260924,1.5,kinematic,noise,sigma2cm_lat0step,jonswap,strict,25.0,True,0.02,0.1,0.0,0,0.0,30.0,,e6f30e55e478d39061b94e38de33959ca99b16e8cac38a3bd99b34f6543ad4a2
residual_ppo_forecast,False,1,aft,id,SS6,200,158,0.79,0.7283538314009754,0.8407158793002101,0.0,0.005,0.07,0.135,0.79,0.0,200,0.2565766644680095,0.361785724379974,0.2597928268541292,0.359012803819914,0.024935053686456654,0.055950797597752434,16.230024430175884,2.2205625,2.197916666666667,0.1510875293434006,0.2898925836523435,0,0.0,0,-0.004662925637444604,22,0.11,0.0,0,0,0,0,0,161,39,0,200,,0.07377244460125303,0.1609269099730149,0.11,0.07377244460125303,0.1609269099730149,artifacts/runs/residual_ppo_forecast/1,ppo,10000000,final,10010624,6cedd5d9a1fbf7eabafa9ca6146ab19ce81fdab2,8276ee8f4e1baa91aa56b31aeb5b5f48aa8845c72939e13cf44ff4fb4e10b2e3,92671b2081ade69e3bda52d06309eb171c7b36b2303c8648d10c93d6591a4765,129feb9da2bfce5ab1b169c5e7ee4956ca4b3dd890a44171f0265638cb35eed5,f008964eabf072d81045c92f413c7d29b561e5baf783aa2c8f121c77f04151f8,65ca46d9d2effab3b94ed2360a8e44cc66114dc6d71d1c8beee094459ae3d900,ResidualForecastPolicy,True,jonswap,jonswap,3.12.3,2.5.2,2.13.0,2.9.0,1.3.0,3.2.7,e9fa15cc35312a5c1ecf0c42668a690b5061c090,7ebad1ecabd28a7000add2d05f888aa2e837c2cc,c7fbdcc4df48bd4a2cfe21811613e5e50e3e4868822fe6dddd13745d96692118,b98d65cc5e34337369dcd4d69d63651cc2c99c19e8494199e8b5ec9e06c8b87f,3ee7e46399aea60603c767e0a604e79e7db233924ce71fe027a1ccc1623b7eb0,7beb41daec3d6a34c6da7696c56a982667957298f017ebe137829282b6ce7985,e6f30e55e478d39061b94e38de33959ca99b16e8cac38a3bd99b34f6543ad4a2,20260924,1.5,kinematic,noise,sigma2cm_lat0step,jonswap,strict,25.0,True,0.02,0.1,0.0,0,0.0,30.0,,e6f30e55e478d39061b94e38de33959ca99b16e8cac38a3bd99b34f6543ad4a2
residual_ppo_forecast,False,2,aft,id,SS3,200,173,0.865,0.8107086162924745,0.9055342954521209,0.005,0.01,0.06,0.06,0.865,0.0,199,0.250106045920531,0.3629649199201455,0.24994634254733444,0.3631822817797899,0.021947940996940096,0.056843233918043384,17.369149505329403,2.123283082077052,2.1,0.13645190997371245,0.2892177610289708,0,0.0,0,-0.0047829990727515865,185,0.9296482412060302,0.755,0,0,1,0,0,177,22,0,200,,0.8853892694087233,0.9576336559546708,0.925,0.8799563897637055,0.954025082815618,artifacts/runs/residual_ppo_forecast/2,ppo,10000000,final,10010624,6cedd5d9a1fbf7eabafa9ca6146ab19ce81fdab2,8276ee8f4e1baa91aa56b31aeb5b5f48aa8845c72939e13cf44ff4fb4e10b2e3,92671b2081ade69e3bda52d06309eb171c7b36b2303c8648d10c93d6591a4765,d8bcbef807158e47f88d1da56dfc022073da660ba81ffb023ed44e9a5833e125,aad11ac36d4e4af4e67a276248bbcd500b7b8d75473c3845b41551f2f298a16b,b6ea70e1fe6c0ec92e07af8c47788b29eb1d52a8aebe43f3254509fe4a1e290a,ResidualForecastPolicy,True,jonswap,jonswap,3.12.3,2.5.2,2.13.0,2.9.0,1.3.0,3.2.7,e9fa15cc35312a5c1ecf0c42668a690b5061c090,7ebad1ecabd28a7000add2d05f888aa2e837c2cc,c7fbdcc4df48bd4a2cfe21811613e5e50e3e4868822fe6dddd13745d96692118,b98d65cc5e34337369dcd4d69d63651cc2c99c19e8494199e8b5ec9e06c8b87f,3ee7e46399aea60603c767e0a604e79e7db233924ce71fe027a1ccc1623b7eb0,7beb41daec3d6a34c6da7696c56a982667957298f017ebe137829282b6ce7985,e6f30e55e478d39061b94e38de33959ca99b16e8cac38a3bd99b34f6543ad4a2,20260924,1.5,kinematic,noise,sigma2cm_lat0step,jonswap,strict,25.0,True,0.02,0.1,0.0,0,0.0,30.0,,e6f30e55e478d39061b94e38de33959ca99b16e8cac38a3bd99b34f6543ad4a2
residual_ppo_forecast,False,2,aft,id,SS4,200,173,0.865,0.8107086162924745,0.9055342954521209,0.0,0.01,0.06,0.065,0.865,0.0,200,0.23341951763897462,0.3610453391561313,0.23351268758127547,0.364798187411307,0.02297629077287771,0.05556267416182732,15.981068362411401,2.139020833333333,2.125,0.14054342145222404,0.2894752136543084,0,0.0,1,-0.006117640526134742,142,0.71,0.75,0,0,0,0,0,179,21,0,200,,0.6436252189922268,0.7684597439293211,0.71,0.6436252189922268,0.7684597439293211,artifacts/runs/residual_ppo_forecast/2,ppo,10000000,final,10010624,6cedd5d9a1fbf7eabafa9ca6146ab19ce81fdab2,8276ee8f4e1baa91aa56b31aeb5b5f48aa8845c72939e13cf44ff4fb4e10b2e3,92671b2081ade69e3bda52d06309eb171c7b36b2303c8648d10c93d6591a4765,d8bcbef807158e47f88d1da56dfc022073da660ba81ffb023ed44e9a5833e125,aad11ac36d4e4af4e67a276248bbcd500b7b8d75473c3845b41551f2f298a16b,b6ea70e1fe6c0ec92e07af8c47788b29eb1d52a8aebe43f3254509fe4a1e290a,ResidualForecastPolicy,True,jonswap,jonswap,3.12.3,2.5.2,2.13.0,2.9.0,1.3.0,3.2.7,e9fa15cc35312a5c1ecf0c42668a690b5061c090,7ebad1ecabd28a7000add2d05f888aa2e837c2cc,c7fbdcc4df48bd4a2cfe21811613e5e50e3e4868822fe6dddd13745d96692118,b98d65cc5e34337369dcd4d69d63651cc2c99c19e8494199e8b5ec9e06c8b87f,3ee7e46399aea60603c767e0a604e79e7db233924ce71fe027a1ccc1623b7eb0,7beb41daec3d6a34c6da7696c56a982667957298f017ebe137829282b6ce7985,e6f30e55e478d39061b94e38de33959ca99b16e8cac38a3bd99b34f6543ad4a2,20260924,1.5,kinematic,noise,sigma2cm_lat0step,jonswap,strict,25.0,True,0.02,0.1,0.0,0,0.0,30.0,,e6f30e55e478d39061b94e38de33959ca99b16e8cac38a3bd99b34f6543ad4a2
residual_ppo_forecast,False,2,aft,id,SS5,200,172,0.86,0.8051011913429243,0.9013301736654437,0.0,0.005,0.05,0.085,0.86,0.0,200,0.2421367238285245,0.35716212334705777,0.24065317955516186,0.3626294381949087,0.025360850131265513,0.05537563827452417,15.04237407152148,2.1720208333333333,2.1625,0.14414375801431467,0.2884379511158036,0,0.0,0,-0.004831531685094289,58,0.29,0.745,0,0,0,0,0,178,22,0,200,,0.23154025607067882,0.3563747810077731,0.29,0.23154025607067882,0.3563747810077731,artifacts/runs/residual_ppo_forecast/2,ppo,10000000,final,10010624,6cedd5d9a1fbf7eabafa9ca6146ab19ce81fdab2,8276ee8f4e1baa91aa56b31aeb5b5f48aa8845c72939e13cf44ff4fb4e10b2e3,92671b2081ade69e3bda52d06309eb171c7b36b2303c8648d10c93d6591a4765,d8bcbef807158e47f88d1da56dfc022073da660ba81ffb023ed44e9a5833e125,aad11ac36d4e4af4e67a276248bbcd500b7b8d75473c3845b41551f2f298a16b,b6ea70e1fe6c0ec92e07af8c47788b29eb1d52a8aebe43f3254509fe4a1e290a,ResidualForecastPolicy,True,jonswap,jonswap,3.12.3,2.5.2,2.13.0,2.9.0,1.3.0,3.2.7,e9fa15cc35312a5c1ecf0c42668a690b5061c090,7ebad1ecabd28a7000add2d05f888aa2e837c2cc,c7fbdcc4df48bd4a2cfe21811613e5e50e3e4868822fe6dddd13745d96692118,b98d65cc5e34337369dcd4d69d63651cc2c99c19e8494199e8b5ec9e06c8b87f,3ee7e46399aea60603c767e0a604e79e7db233924ce71fe027a1ccc1623b7eb0,7beb41daec3d6a34c6da7696c56a982667957298f017ebe137829282b6ce7985,e6f30e55e478d39061b94e38de33959ca99b16e8cac38a3bd99b34f6543ad4a2,20260924,1.5,kinematic,noise,sigma2cm_lat0step,jonswap,strict,25.0,True,0.02,0.1,0.0,0,0.0,30.0,,e6f30e55e478d39061b94e38de33959ca99b16e8cac38a3bd99b34f6543ad4a2
residual_ppo_forecast,False,2,aft,id,SS6,200,162,0.81,0.7499876129240015,0.8583282847220932,0.0,0.015,0.08,0.095,0.81,0.0,200,0.2467659805850993,0.3563842741729537,0.24704901907077942,0.35252905945335866,0.023533690789378357,0.05769014538810442,20.26699118117219,2.1860208333333335,2.1791666666666667,0.14779607076827464,0.2846937609262294,1,0.005,1,-0.005779421608340847,20,0.1,0.0,0,0,0,0,0,168,32,0,200,,0.06567044866909588,0.1494058124327174,0.1,0.06567044866909588,0.1494058124327174,artifacts/runs/residual_ppo_forecast/2,ppo,10000000,final,10010624,6cedd5d9a1fbf7eabafa9ca6146ab19ce81fdab2,8276ee8f4e1baa91aa56b31aeb5b5f48aa8845c72939e13cf44ff4fb4e10b2e3,92671b2081ade69e3bda52d06309eb171c7b36b2303c8648d10c93d6591a4765,d8bcbef807158e47f88d1da56dfc022073da660ba81ffb023ed44e9a5833e125,aad11ac36d4e4af4e67a276248bbcd500b7b8d75473c3845b41551f2f298a16b,b6ea70e1fe6c0ec92e07af8c47788b29eb1d52a8aebe43f3254509fe4a1e290a,ResidualForecastPolicy,True,jonswap,jonswap,3.12.3,2.5.2,2.13.0,2.9.0,1.3.0,3.2.7,e9fa15cc35312a5c1ecf0c42668a690b5061c090,7ebad1ecabd28a7000add2d05f888aa2e837c2cc,c7fbdcc4df48bd4a2cfe21811613e5e50e3e4868822fe6dddd13745d96692118,b98d65cc5e34337369dcd4d69d63651cc2c99c19e8494199e8b5ec9e06c8b87f,3ee7e46399aea60603c767e0a604e79e7db233924ce71fe027a1ccc1623b7eb0,7beb41daec3d6a34c6da7696c56a982667957298f017ebe137829282b6ce7985,e6f30e55e478d39061b94e38de33959ca99b16e8cac38a3bd99b34f6543ad4a2,20260924,1.5,kinematic,noise,sigma2cm_lat0step,jonswap,strict,25.0,True,0.02,0.1,0.0,0,0.0,30.0,,e6f30e55e478d39061b94e38de33959ca99b16e8cac38a3bd99b34f6543ad4a2
residual_ppo_forecast,False,3,aft,id,SS3,200,168,0.84,0.7828592983793289,0.8843258796841297,0.005,0.005,0.035,0.115,0.84,0.0,200,0.2664083428424012,0.3536990921953119,0.26728159116141037,0.35396353577614686,0.022740694608686163,0.061507189258017625,14.16199929267827,2.1493124999999997,2.127083333333333,0.13765779485500407,0.31123063765083675,0,0.0,0,-0.004599833469529431,189,0.945,0.755,0,1,0,0,0,171,28,0,200,,0.9042130012276914,0.9690146582965411,0.945,0.9042130012276914,0.9690146582965411,artifacts/runs/residual_ppo_forecast/3,ppo,10000000,final,10010624,6cedd5d9a1fbf7eabafa9ca6146ab19ce81fdab2,8276ee8f4e1baa91aa56b31aeb5b5f48aa8845c72939e13cf44ff4fb4e10b2e3,92671b2081ade69e3bda52d06309eb171c7b36b2303c8648d10c93d6591a4765,e0cac6a48fb9a003253bb0dd691ffdf645b079a0bbf9fda0f2eacf3d30811691,50c96efdb27e0015ebf0953295cfbb54ad6de05570c8ae3ab9be24609081e574,699a090ef8aa1265acb749dcf8b882f4eab461dc8075351943ee1c05c164ab99,ResidualForecastPolicy,True,jonswap,jonswap,3.12.3,2.5.2,2.13.0,2.9.0,1.3.0,3.2.7,e9fa15cc35312a5c1ecf0c42668a690b5061c090,7ebad1ecabd28a7000add2d05f888aa2e837c2cc,c7fbdcc4df48bd4a2cfe21811613e5e50e3e4868822fe6dddd13745d96692118,b98d65cc5e34337369dcd4d69d63651cc2c99c19e8494199e8b5ec9e06c8b87f,3ee7e46399aea60603c767e0a604e79e7db233924ce71fe027a1ccc1623b7eb0,7beb41daec3d6a34c6da7696c56a982667957298f017ebe137829282b6ce7985,e6f30e55e478d39061b94e38de33959ca99b16e8cac38a3bd99b34f6543ad4a2,20260924,1.5,kinematic,noise,sigma2cm_lat0step,jonswap,strict,25.0,True,0.02,0.1,0.0,0,0.0,30.0,,e6f30e55e478d39061b94e38de33959ca99b16e8cac38a3bd99b34f6543ad4a2
residual_ppo_forecast,False,3,aft,id,SS4,200,160,0.8,0.7391448134346212,0.8495479907390189,0.005,0.0,0.025,0.17,0.8,0.0,199,0.25441422053321144,0.35848876026674825,0.2552704779032961,0.35697599507240396,0.023330810713214394,0.054310715598037705,12.90943243235825,2.148827470686767,2.1625,0.14316308690711613,0.3116193873209714,0,0.0,0,-0.004456356801569453,144,0.7236180904522613,0.75,0,0,1,0,0,163,36,0,200,,0.6576945407753232,0.7810717771038702,0.72,0.6540769541334929,0.7776311022605097,artifacts/runs/residual_ppo_forecast/3,ppo,10000000,final,10010624,6cedd5d9a1fbf7eabafa9ca6146ab19ce81fdab2,8276ee8f4e1baa91aa56b31aeb5b5f48aa8845c72939e13cf44ff4fb4e10b2e3,92671b2081ade69e3bda52d06309eb171c7b36b2303c8648d10c93d6591a4765,e0cac6a48fb9a003253bb0dd691ffdf645b079a0bbf9fda0f2eacf3d30811691,50c96efdb27e0015ebf0953295cfbb54ad6de05570c8ae3ab9be24609081e574,699a090ef8aa1265acb749dcf8b882f4eab461dc8075351943ee1c05c164ab99,ResidualForecastPolicy,True,jonswap,jonswap,3.12.3,2.5.2,2.13.0,2.9.0,1.3.0,3.2.7,e9fa15cc35312a5c1ecf0c42668a690b5061c090,7ebad1ecabd28a7000add2d05f888aa2e837c2cc,c7fbdcc4df48bd4a2cfe21811613e5e50e3e4868822fe6dddd13745d96692118,b98d65cc5e34337369dcd4d69d63651cc2c99c19e8494199e8b5ec9e06c8b87f,3ee7e46399aea60603c767e0a604e79e7db233924ce71fe027a1ccc1623b7eb0,7beb41daec3d6a34c6da7696c56a982667957298f017ebe137829282b6ce7985,e6f30e55e478d39061b94e38de33959ca99b16e8cac38a3bd99b34f6543ad4a2,20260924,1.5,kinematic,noise,sigma2cm_lat0step,jonswap,strict,25.0,True,0.02,0.1,0.0,0,0.0,30.0,,e6f30e55e478d39061b94e38de33959ca99b16e8cac38a3bd99b34f6543ad4a2
residual_ppo_forecast,False,3,aft,id,SS5,200,162,0.81,0.7499876129240015,0.8583282847220932,0.0,0.005,0.025,0.16,0.81,0.0,200,0.2521734806274516,0.368858107925495,0.25242063182933044,0.37178460113810397,0.025899444875877017,0.05576536542689408,12.612554776270352,2.1461249999999996,2.1395833333333334,0.14747502181806643,0.3101414741012786,1,0.005,1,-0.005052605932280207,58,0.29,0.745,0,0,0,0,0,164,36,0,200,,0.23154025607067882,0.3563747810077731,0.29,0.23154025607067882,0.3563747810077731,artifacts/runs/residual_ppo_forecast/3,ppo,10000000,final,10010624,6cedd5d9a1fbf7eabafa9ca6146ab19ce81fdab2,8276ee8f4e1baa91aa56b31aeb5b5f48aa8845c72939e13cf44ff4fb4e10b2e3,92671b2081ade69e3bda52d06309eb171c7b36b2303c8648d10c93d6591a4765,e0cac6a48fb9a003253bb0dd691ffdf645b079a0bbf9fda0f2eacf3d30811691,50c96efdb27e0015ebf0953295cfbb54ad6de05570c8ae3ab9be24609081e574,699a090ef8aa1265acb749dcf8b882f4eab461dc8075351943ee1c05c164ab99,ResidualForecastPolicy,True,jonswap,jonswap,3.12.3,2.5.2,2.13.0,2.9.0,1.3.0,3.2.7,e9fa15cc35312a5c1ecf0c42668a690b5061c090,7ebad1ecabd28a7000add2d05f888aa2e837c2cc,c7fbdcc4df48bd4a2cfe21811613e5e50e3e4868822fe6dddd13745d96692118,b98d65cc5e34337369dcd4d69d63651cc2c99c19e8494199e8b5ec9e06c8b87f,3ee7e46399aea60603c767e0a604e79e7db233924ce71fe027a1ccc1623b7eb0,7beb41daec3d6a34c6da7696c56a982667957298f017ebe137829282b6ce7985,e6f30e55e478d39061b94e38de33959ca99b16e8cac38a3bd99b34f6543ad4a2,20260924,1.5,kinematic,noise,sigma2cm_lat0step,jonswap,strict,25.0,True,0.02,0.1,0.0,0,0.0,30.0,,e6f30e55e478d39061b94e38de33959ca99b16e8cac38a3bd99b34f6543ad4a2
residual_ppo_forecast,False,3,aft,id,SS6,200,142,0.71,0.6436252189922268,0.7684597439293211,0.0,0.01,0.095,0.185,0.71,0.0,200,0.24636498463015039,0.3559810388279382,0.2503725390985905,0.35452412198588595,0.02682614534281432,0.0575152913405221,19.418527921436205,2.1544166666666666,2.1312499999999996,0.15273944009258478,0.30399134959516805,1,0.005,2,-0.005418559647691364,22,0.11,0.0,0,0,0,0,0,153,47,0,200,,0.07377244460125303,0.1609269099730149,0.11,0.07377244460125303,0.1609269099730149,artifacts/runs/residual_ppo_forecast/3,ppo,10000000,final,10010624,6cedd5d9a1fbf7eabafa9ca6146ab19ce81fdab2,8276ee8f4e1baa91aa56b31aeb5b5f48aa8845c72939e13cf44ff4fb4e10b2e3,92671b2081ade69e3bda52d06309eb171c7b36b2303c8648d10c93d6591a4765,e0cac6a48fb9a003253bb0dd691ffdf645b079a0bbf9fda0f2eacf3d30811691,50c96efdb27e0015ebf0953295cfbb54ad6de05570c8ae3ab9be24609081e574,699a090ef8aa1265acb749dcf8b882f4eab461dc8075351943ee1c05c164ab99,ResidualForecastPolicy,True,jonswap,jonswap,3.12.3,2.5.2,2.13.0,2.9.0,1.3.0,3.2.7,e9fa15cc35312a5c1ecf0c42668a690b5061c090,7ebad1ecabd28a7000add2d05f888aa2e837c2cc,c7fbdcc4df48bd4a2cfe21811613e5e50e3e4868822fe6dddd13745d96692118,b98d65cc5e34337369dcd4d69d63651cc2c99c19e8494199e8b5ec9e06c8b87f,3ee7e46399aea60603c767e0a604e79e7db233924ce71fe027a1ccc1623b7eb0,7beb41daec3d6a34c6da7696c56a982667957298f017ebe137829282b6ce7985,e6f30e55e478d39061b94e38de33959ca99b16e8cac38a3bd99b34f6543ad4a2,20260924,1.5,kinematic,noise,sigma2cm_lat0step,jonswap,strict,25.0,True,0.02,0.1,0.0,0,0.0,30.0,,e6f30e55e478d39061b94e38de33959ca99b16e8cac38a3bd99b34f6543ad4a2
residual_ppo_forecast,False,4,aft,id,SS3,200,184,0.92,0.874010511732856,0.9501594141102401,0.0,0.0,0.02,0.06,0.92,0.0,200,0.24634809541644836,0.3418867004394264,0.24515862611268713,0.34131535707447025,0.02234726639811645,0.04620171683991048,12.918674896388,2.123333333333333,2.08125,0.1382121439816559,0.28340122188758754,0,0.0,1,-0.0053771930854621544,186,0.93,0.755,0,0,0,0,0,186,14,0,200,,0.8859451911438936,0.9578478281716571,0.93,0.8859451911438936,0.9578478281716571,artifacts/runs/residual_ppo_forecast/4,ppo,10000000,final,10010624,6cedd5d9a1fbf7eabafa9ca6146ab19ce81fdab2,8276ee8f4e1baa91aa56b31aeb5b5f48aa8845c72939e13cf44ff4fb4e10b2e3,92671b2081ade69e3bda52d06309eb171c7b36b2303c8648d10c93d6591a4765,5927218ad237d36e64672b9d38e25e3d328803f5c4646623c19072e43b5d2763,0b7be3d802f56c6df8190de63634a287ed4dbaa8016d4ff9bb18ca779bcb457b,40643f3e6fba58edff7f05f77955cbb03f4466990a582eecfc035beb4e18043e,ResidualForecastPolicy,True,jonswap,jonswap,3.12.3,2.5.2,2.13.0,2.9.0,1.3.0,3.2.7,e9fa15cc35312a5c1ecf0c42668a690b5061c090,7ebad1ecabd28a7000add2d05f888aa2e837c2cc,c7fbdcc4df48bd4a2cfe21811613e5e50e3e4868822fe6dddd13745d96692118,b98d65cc5e34337369dcd4d69d63651cc2c99c19e8494199e8b5ec9e06c8b87f,3ee7e46399aea60603c767e0a604e79e7db233924ce71fe027a1ccc1623b7eb0,7beb41daec3d6a34c6da7696c56a982667957298f017ebe137829282b6ce7985,e6f30e55e478d39061b94e38de33959ca99b16e8cac38a3bd99b34f6543ad4a2,20260924,1.5,kinematic,noise,sigma2cm_lat0step,jonswap,strict,25.0,True,0.02,0.1,0.0,0,0.0,30.0,,e6f30e55e478d39061b94e38de33959ca99b16e8cac38a3bd99b34f6543ad4a2
residual_ppo_forecast,False,4,aft,id,SS4,200,183,0.915,0.8681041292843443,0.9462542498225244,0.0,0.005,0.045,0.035,0.915,0.0,200,0.2570072186061866,0.349740384740076,0.25685754925501825,0.3540649658240321,0.024693537605169184,0.04682692031198103,14.742398615413393,2.1305833333333335,2.1333333333333333,0.14263648815288085,0.2831495384315749,0,0.0,0,-0.004797641990052843,142,0.71,0.75,0,0,0,0,0,185,15,0,200,,0.6436252189922268,0.7684597439293211,0.71,0.6436252189922268,0.7684597439293211,artifacts/runs/residual_ppo_forecast/4,ppo,10000000,final,10010624,6cedd5d9a1fbf7eabafa9ca6146ab19ce81fdab2,8276ee8f4e1baa91aa56b31aeb5b5f48aa8845c72939e13cf44ff4fb4e10b2e3,92671b2081ade69e3bda52d06309eb171c7b36b2303c8648d10c93d6591a4765,5927218ad237d36e64672b9d38e25e3d328803f5c4646623c19072e43b5d2763,0b7be3d802f56c6df8190de63634a287ed4dbaa8016d4ff9bb18ca779bcb457b,40643f3e6fba58edff7f05f77955cbb03f4466990a582eecfc035beb4e18043e,ResidualForecastPolicy,True,jonswap,jonswap,3.12.3,2.5.2,2.13.0,2.9.0,1.3.0,3.2.7,e9fa15cc35312a5c1ecf0c42668a690b5061c090,7ebad1ecabd28a7000add2d05f888aa2e837c2cc,c7fbdcc4df48bd4a2cfe21811613e5e50e3e4868822fe6dddd13745d96692118,b98d65cc5e34337369dcd4d69d63651cc2c99c19e8494199e8b5ec9e06c8b87f,3ee7e46399aea60603c767e0a604e79e7db233924ce71fe027a1ccc1623b7eb0,7beb41daec3d6a34c6da7696c56a982667957298f017ebe137829282b6ce7985,e6f30e55e478d39061b94e38de33959ca99b16e8cac38a3bd99b34f6543ad4a2,20260924,1.5,kinematic,noise,sigma2cm_lat0step,jonswap,strict,25.0,True,0.02,0.1,0.0,0,0.0,30.0,,e6f30e55e478d39061b94e38de33959ca99b16e8cac38a3bd99b34f6543ad4a2
residual_ppo_forecast,False,4,aft,id,SS5,200,178,0.89,0.839073090026985,0.926227555398747,0.0,0.0,0.075,0.035,0.89,0.0,200,0.2641917592205555,0.3564416388728237,0.26442536195342764,0.3575421866790751,0.022599052624019275,0.048302271306390816,15.691460899725916,2.145166666666667,2.125,0.1475209353543611,0.2820540547455726,0,0.0,0,-0.004958517434558133,49,0.245,0.745,0,0,0,0,0,186,14,0,200,,0.1905686808903718,0.30904243556203415,0.245,0.1905686808903718,0.30904243556203415,artifacts/runs/residual_ppo_forecast/4,ppo,10000000,final,10010624,6cedd5d9a1fbf7eabafa9ca6146ab19ce81fdab2,8276ee8f4e1baa91aa56b31aeb5b5f48aa8845c72939e13cf44ff4fb4e10b2e3,92671b2081ade69e3bda52d06309eb171c7b36b2303c8648d10c93d6591a4765,5927218ad237d36e64672b9d38e25e3d328803f5c4646623c19072e43b5d2763,0b7be3d802f56c6df8190de63634a287ed4dbaa8016d4ff9bb18ca779bcb457b,40643f3e6fba58edff7f05f77955cbb03f4466990a582eecfc035beb4e18043e,ResidualForecastPolicy,True,jonswap,jonswap,3.12.3,2.5.2,2.13.0,2.9.0,1.3.0,3.2.7,e9fa15cc35312a5c1ecf0c42668a690b5061c090,7ebad1ecabd28a7000add2d05f888aa2e837c2cc,c7fbdcc4df48bd4a2cfe21811613e5e50e3e4868822fe6dddd13745d96692118,b98d65cc5e34337369dcd4d69d63651cc2c99c19e8494199e8b5ec9e06c8b87f,3ee7e46399aea60603c767e0a604e79e7db233924ce71fe027a1ccc1623b7eb0,7beb41daec3d6a34c6da7696c56a982667957298f017ebe137829282b6ce7985,e6f30e55e478d39061b94e38de33959ca99b16e8cac38a3bd99b34f6543ad4a2,20260924,1.5,kinematic,noise,sigma2cm_lat0step,jonswap,strict,25.0,True,0.02,0.1,0.0,0,0.0,30.0,,e6f30e55e478d39061b94e38de33959ca99b16e8cac38a3bd99b34f6543ad4a2
residual_ppo_forecast,False,4,aft,id,SS6,200,174,0.87,0.8163364812775159,0.9097179772033067,0.0,0.0,0.105,0.025,0.87,0.0,200,0.26380046943805213,0.3554779057619671,0.26026585554472825,0.3570766757921804,0.023539328563445136,0.04995730952459491,20.42993240591333,2.193791666666667,2.1958333333333333,0.15123512082728138,0.2782875128402488,0,0.0,6,-0.005728701587611438,23,0.115,0.0,0,0,0,0,0,188,12,0,200,,0.07786373232561955,0.16664716898487572,0.115,0.07786373232561955,0.16664716898487572,artifacts/runs/residual_ppo_forecast/4,ppo,10000000,final,10010624,6cedd5d9a1fbf7eabafa9ca6146ab19ce81fdab2,8276ee8f4e1baa91aa56b31aeb5b5f48aa8845c72939e13cf44ff4fb4e10b2e3,92671b2081ade69e3bda52d06309eb171c7b36b2303c8648d10c93d6591a4765,5927218ad237d36e64672b9d38e25e3d328803f5c4646623c19072e43b5d2763,0b7be3d802f56c6df8190de63634a287ed4dbaa8016d4ff9bb18ca779bcb457b,40643f3e6fba58edff7f05f77955cbb03f4466990a582eecfc035beb4e18043e,ResidualForecastPolicy,True,jonswap,jonswap,3.12.3,2.5.2,2.13.0,2.9.0,1.3.0,3.2.7,e9fa15cc35312a5c1ecf0c42668a690b5061c090,7ebad1ecabd28a7000add2d05f888aa2e837c2cc,c7fbdcc4df48bd4a2cfe21811613e5e50e3e4868822fe6dddd13745d96692118,b98d65cc5e34337369dcd4d69d63651cc2c99c19e8494199e8b5ec9e06c8b87f,3ee7e46399aea60603c767e0a604e79e7db233924ce71fe027a1ccc1623b7eb0,7beb41daec3d6a34c6da7696c56a982667957298f017ebe137829282b6ce7985,e6f30e55e478d39061b94e38de33959ca99b16e8cac38a3bd99b34f6543ad4a2,20260924,1.5,kinematic,noise,sigma2cm_lat0step,jonswap,strict,25.0,True,0.02,0.1,0.0,0,0.0,30.0,,e6f30e55e478d39061b94e38de33959ca99b16e8cac38a3bd99b34f6543ad4a2
ppo_sinusoid,False,0,aft,id,SS3,200,199,0.995,0.9722262956021069,0.9991168312843989,0.0,0.0,0.0,0.005,0.995,0.0,200,0.2592179047891954,0.3707496724920246,0.25921792181365155,0.3708638893775554,0.015523303382733767,0.030052815810432582,6.4063412396061885,1.5540416666666668,1.5458333333333334,0.23379771565678226,0.23856265205426466,0,0.0,0,-0.003417074905534565,190,0.95,0.755,0,0,0,0,0,199,1,0,200,,0.9104218518612239,0.972617354399236,0.95,0.9104218518612239,0.972617354399236,artifacts/runs/ppo_sinusoid/0,ppo,10000000,final,10010624,6cedd5d9a1fbf7eabafa9ca6146ab19ce81fdab2,0dd539e7ae526fb16bc5d9bcc631b27e1c01056314997b68563497482d3127ff,c760e6ae03ca75505ec61e191edc2174652ebec2e1a3472c11bc32a3dacad4c0,3e30abe049ed0bcc76314f1fcccd90b76d4ddb2765c4a092ffb98e523a3caf5d,af0451da40cb2a79146c1cad8e4631ed3c9ef8d7fc61342074ee4a6326a25841,b4b815011e763bf3b2959ed79210da69e117a802eb70a05290b3517660eaa2ab,LearnedPolicy,False,sinusoid,jonswap,3.12.3,2.5.2,2.13.0,2.9.0,1.3.0,3.2.7,e9fa15cc35312a5c1ecf0c42668a690b5061c090,7ebad1ecabd28a7000add2d05f888aa2e837c2cc,c7fbdcc4df48bd4a2cfe21811613e5e50e3e4868822fe6dddd13745d96692118,b98d65cc5e34337369dcd4d69d63651cc2c99c19e8494199e8b5ec9e06c8b87f,3ee7e46399aea60603c767e0a604e79e7db233924ce71fe027a1ccc1623b7eb0,7beb41daec3d6a34c6da7696c56a982667957298f017ebe137829282b6ce7985,e6f30e55e478d39061b94e38de33959ca99b16e8cac38a3bd99b34f6543ad4a2,20260924,1.5,kinematic,noise,sigma2cm_lat0step,jonswap,strict,25.0,True,0.02,0.1,0.0,0,0.0,30.0,,e6f30e55e478d39061b94e38de33959ca99b16e8cac38a3bd99b34f6543ad4a2
ppo_sinusoid,False,0,aft,id,SS4,200,199,0.995,0.9722262956021069,0.9991168312843989,0.0,0.0,0.005,0.0,0.995,0.0,200,0.25557994256486594,0.38985347305085716,0.2550334734031564,0.38989950751549796,0.014265187764755962,0.0326872206505228,7.060563528124647,1.5566041666666666,1.5583333333333333,0.23684357209297516,0.2346981187726039,0,0.0,0,-0.0037608585801751247,138,0.69,0.75,0,0,0,0,0,200,0,0,200,,0.6228282243374195,0.750010551639219,0.69,0.6228282243374195,0.750010551639219,artifacts/runs/ppo_sinusoid/0,ppo,10000000,final,10010624,6cedd5d9a1fbf7eabafa9ca6146ab19ce81fdab2,0dd539e7ae526fb16bc5d9bcc631b27e1c01056314997b68563497482d3127ff,c760e6ae03ca75505ec61e191edc2174652ebec2e1a3472c11bc32a3dacad4c0,3e30abe049ed0bcc76314f1fcccd90b76d4ddb2765c4a092ffb98e523a3caf5d,af0451da40cb2a79146c1cad8e4631ed3c9ef8d7fc61342074ee4a6326a25841,b4b815011e763bf3b2959ed79210da69e117a802eb70a05290b3517660eaa2ab,LearnedPolicy,False,sinusoid,jonswap,3.12.3,2.5.2,2.13.0,2.9.0,1.3.0,3.2.7,e9fa15cc35312a5c1ecf0c42668a690b5061c090,7ebad1ecabd28a7000add2d05f888aa2e837c2cc,c7fbdcc4df48bd4a2cfe21811613e5e50e3e4868822fe6dddd13745d96692118,b98d65cc5e34337369dcd4d69d63651cc2c99c19e8494199e8b5ec9e06c8b87f,3ee7e46399aea60603c767e0a604e79e7db233924ce71fe027a1ccc1623b7eb0,7beb41daec3d6a34c6da7696c56a982667957298f017ebe137829282b6ce7985,e6f30e55e478d39061b94e38de33959ca99b16e8cac38a3bd99b34f6543ad4a2,20260924,1.5,kinematic,noise,sigma2cm_lat0step,jonswap,strict,25.0,True,0.02,0.1,0.0,0,0.0,30.0,,e6f30e55e478d39061b94e38de33959ca99b16e8cac38a3bd99b34f6543ad4a2
ppo_sinusoid,False,0,aft,id,SS5,200,196,0.98,0.9497129130941735,0.9921955735836505,0.0,0.0,0.0,0.02,0.98,0.0,200,0.24995252913766636,0.3587954988768768,0.2488162136981913,0.35926243746023834,0.015073939803913104,0.03573713882646113,9.455874779654902,1.563875,1.55625,0.23802277352750117,0.2375958069795729,1,0.005,0,-0.00462755881797896,63,0.315,0.745,0,0,0,0,0,196,4,0,200,,0.2546232099022851,0.3823495608573036,0.315,0.2546232099022851,0.3823495608573036,artifacts/runs/ppo_sinusoid/0,ppo,10000000,final,10010624,6cedd5d9a1fbf7eabafa9ca6146ab19ce81fdab2,0dd539e7ae526fb16bc5d9bcc631b27e1c01056314997b68563497482d3127ff,c760e6ae03ca75505ec61e191edc2174652ebec2e1a3472c11bc32a3dacad4c0,3e30abe049ed0bcc76314f1fcccd90b76d4ddb2765c4a092ffb98e523a3caf5d,af0451da40cb2a79146c1cad8e4631ed3c9ef8d7fc61342074ee4a6326a25841,b4b815011e763bf3b2959ed79210da69e117a802eb70a05290b3517660eaa2ab,LearnedPolicy,False,sinusoid,jonswap,3.12.3,2.5.2,2.13.0,2.9.0,1.3.0,3.2.7,e9fa15cc35312a5c1ecf0c42668a690b5061c090,7ebad1ecabd28a7000add2d05f888aa2e837c2cc,c7fbdcc4df48bd4a2cfe21811613e5e50e3e4868822fe6dddd13745d96692118,b98d65cc5e34337369dcd4d69d63651cc2c99c19e8494199e8b5ec9e06c8b87f,3ee7e46399aea60603c767e0a604e79e7db233924ce71fe027a1ccc1623b7eb0,7beb41daec3d6a34c6da7696c56a982667957298f017ebe137829282b6ce7985,e6f30e55e478d39061b94e38de33959ca99b16e8cac38a3bd99b34f6543ad4a2,20260924,1.5,kinematic,noise,sigma2cm_lat0step,jonswap,strict,25.0,True,0.02,0.1,0.0,0,0.0,30.0,,e6f30e55e478d39061b94e38de33959ca99b16e8cac38a3bd99b34f6543ad4a2
ppo_sinusoid,False,0,aft,id,SS6,200,190,0.95,0.9104218518612239,0.972617354399236,0.0,0.0,0.035,0.015,0.95,0.0,200,0.25291844447960177,0.3603075559300316,0.2556777049998783,0.3632469249392349,0.017481689383906773,0.050135713098679625,13.698381083300106,1.5807499999999999,1.5854166666666667,0.24172564774091107,0.23345695070097794,0,0.0,2,-0.005549972623863039,23,0.115,0.0,0,0,0,0,0,195,5,0,200,,0.07786373232561955,0.16664716898487572,0.115,0.07786373232561955,0.16664716898487572,artifacts/runs/ppo_sinusoid/0,ppo,10000000,final,10010624,6cedd5d9a1fbf7eabafa9ca6146ab19ce81fdab2,0dd539e7ae526fb16bc5d9bcc631b27e1c01056314997b68563497482d3127ff,c760e6ae03ca75505ec61e191edc2174652ebec2e1a3472c11bc32a3dacad4c0,3e30abe049ed0bcc76314f1fcccd90b76d4ddb2765c4a092ffb98e523a3caf5d,af0451da40cb2a79146c1cad8e4631ed3c9ef8d7fc61342074ee4a6326a25841,b4b815011e763bf3b2959ed79210da69e117a802eb70a05290b3517660eaa2ab,LearnedPolicy,False,sinusoid,jonswap,3.12.3,2.5.2,2.13.0,2.9.0,1.3.0,3.2.7,e9fa15cc35312a5c1ecf0c42668a690b5061c090,7ebad1ecabd28a7000add2d05f888aa2e837c2cc,c7fbdcc4df48bd4a2cfe21811613e5e50e3e4868822fe6dddd13745d96692118,b98d65cc5e34337369dcd4d69d63651cc2c99c19e8494199e8b5ec9e06c8b87f,3ee7e46399aea60603c767e0a604e79e7db233924ce71fe027a1ccc1623b7eb0,7beb41daec3d6a34c6da7696c56a982667957298f017ebe137829282b6ce7985,e6f30e55e478d39061b94e38de33959ca99b16e8cac38a3bd99b34f6543ad4a2,20260924,1.5,kinematic,noise,sigma2cm_lat0step,jonswap,strict,25.0,True,0.02,0.1,0.0,0,0.0,30.0,,e6f30e55e478d39061b94e38de33959ca99b16e8cac38a3bd99b34f6543ad4a2
ppo_sinusoid,False,1,aft,id,SS3,200,199,0.995,0.9722262956021069,0.9991168312843989,0.0,0.0,0.005,0.0,0.995,0.0,200,0.2571595310284679,0.3578495786042246,0.2571269428608951,0.3579884944704957,0.017560246571099176,0.04165105270323076,8.084858509572022,1.5342708333333333,1.5333333333333332,0.21272752624107327,0.23069645541666753,0,0.0,0,-0.004294695794184382,190,0.95,0.755,0,0,0,0,0,199,1,0,200,,0.9104218518612239,0.972617354399236,0.95,0.9104218518612239,0.972617354399236,artifacts/runs/ppo_sinusoid/1,ppo,10000000,final,10010624,6cedd5d9a1fbf7eabafa9ca6146ab19ce81fdab2,0dd539e7ae526fb16bc5d9bcc631b27e1c01056314997b68563497482d3127ff,c760e6ae03ca75505ec61e191edc2174652ebec2e1a3472c11bc32a3dacad4c0,0f5aa57318f8f61ab42610d56c06d24fdf753c0291c66f1999b6985ed5aecf60,ef9be83f1509767aad9644a06a42934311c1fea3fbae61dd79d97032793a9963,4e9d25f7a12fe9ddf9958b2f7c8cc5fd4b0222ad0b0c9660b4d0926b4b2c4cb0,LearnedPolicy,False,sinusoid,jonswap,3.12.3,2.5.2,2.13.0,2.9.0,1.3.0,3.2.7,e9fa15cc35312a5c1ecf0c42668a690b5061c090,7ebad1ecabd28a7000add2d05f888aa2e837c2cc,c7fbdcc4df48bd4a2cfe21811613e5e50e3e4868822fe6dddd13745d96692118,b98d65cc5e34337369dcd4d69d63651cc2c99c19e8494199e8b5ec9e06c8b87f,3ee7e46399aea60603c767e0a604e79e7db233924ce71fe027a1ccc1623b7eb0,7beb41daec3d6a34c6da7696c56a982667957298f017ebe137829282b6ce7985,e6f30e55e478d39061b94e38de33959ca99b16e8cac38a3bd99b34f6543ad4a2,20260924,1.5,kinematic,noise,sigma2cm_lat0step,jonswap,strict,25.0,True,0.02,0.1,0.0,0,0.0,30.0,,e6f30e55e478d39061b94e38de33959ca99b16e8cac38a3bd99b34f6543ad4a2
ppo_sinusoid,False,1,aft,id,SS4,200,197,0.985,0.9568342712073097,0.9948857622067417,0.0,0.0,0.005,0.01,0.985,0.0,200,0.26251075510907956,0.37682713527177986,0.2621820319118947,0.37647097946039493,0.015563134501358973,0.038859813293355694,8.419955641642632,1.5379166666666668,1.5375,0.21555755610904284,0.2310604816857652,0,0.0,0,-0.00419572647147223,141,0.705,0.75,0,0,0,0,0,198,2,0,200,,0.6384128547538122,0.7638605614315084,0.705,0.6384128547538122,0.7638605614315084,artifacts/runs/ppo_sinusoid/1,ppo,10000000,final,10010624,6cedd5d9a1fbf7eabafa9ca6146ab19ce81fdab2,0dd539e7ae526fb16bc5d9bcc631b27e1c01056314997b68563497482d3127ff,c760e6ae03ca75505ec61e191edc2174652ebec2e1a3472c11bc32a3dacad4c0,0f5aa57318f8f61ab42610d56c06d24fdf753c0291c66f1999b6985ed5aecf60,ef9be83f1509767aad9644a06a42934311c1fea3fbae61dd79d97032793a9963,4e9d25f7a12fe9ddf9958b2f7c8cc5fd4b0222ad0b0c9660b4d0926b4b2c4cb0,LearnedPolicy,False,sinusoid,jonswap,3.12.3,2.5.2,2.13.0,2.9.0,1.3.0,3.2.7,e9fa15cc35312a5c1ecf0c42668a690b5061c090,7ebad1ecabd28a7000add2d05f888aa2e837c2cc,c7fbdcc4df48bd4a2cfe21811613e5e50e3e4868822fe6dddd13745d96692118,b98d65cc5e34337369dcd4d69d63651cc2c99c19e8494199e8b5ec9e06c8b87f,3ee7e46399aea60603c767e0a604e79e7db233924ce71fe027a1ccc1623b7eb0,7beb41daec3d6a34c6da7696c56a982667957298f017ebe137829282b6ce7985,e6f30e55e478d39061b94e38de33959ca99b16e8cac38a3bd99b34f6543ad4a2,20260924,1.5,kinematic,noise,sigma2cm_lat0step,jonswap,strict,25.0,True,0.02,0.1,0.0,0,0.0,30.0,,e6f30e55e478d39061b94e38de33959ca99b16e8cac38a3bd99b34f6543ad4a2
ppo_sinusoid,False,1,aft,id,SS5,200,198,0.99,0.9642782382838231,0.9972533418664555,0.0,0.0,0.01,0.0,0.99,0.0,200,0.25922285442346743,0.3754665563732921,0.26049296536598243,0.37767594273983196,0.0181017634304087,0.04398195653836841,10.192825527247944,1.5329791666666666,1.5291666666666666,0.22076834383723237,0.22872369260373193,1,0.005,0,-0.0049001959107499524,62,0.31,0.745,0,0,0,0,0,199,1,0,200,,0.2499894483607809,0.37717177566258037,0.31,0.2499894483607809,0.37717177566258037,artifacts/runs/ppo_sinusoid/1,ppo,10000000,final,10010624,6cedd5d9a1fbf7eabafa9ca6146ab19ce81fdab2,0dd539e7ae526fb16bc5d9bcc631b27e1c01056314997b68563497482d3127ff,c760e6ae03ca75505ec61e191edc2174652ebec2e1a3472c11bc32a3dacad4c0,0f5aa57318f8f61ab42610d56c06d24fdf753c0291c66f1999b6985ed5aecf60,ef9be83f1509767aad9644a06a42934311c1fea3fbae61dd79d97032793a9963,4e9d25f7a12fe9ddf9958b2f7c8cc5fd4b0222ad0b0c9660b4d0926b4b2c4cb0,LearnedPolicy,False,sinusoid,jonswap,3.12.3,2.5.2,2.13.0,2.9.0,1.3.0,3.2.7,e9fa15cc35312a5c1ecf0c42668a690b5061c090,7ebad1ecabd28a7000add2d05f888aa2e837c2cc,c7fbdcc4df48bd4a2cfe21811613e5e50e3e4868822fe6dddd13745d96692118,b98d65cc5e34337369dcd4d69d63651cc2c99c19e8494199e8b5ec9e06c8b87f,3ee7e46399aea60603c767e0a604e79e7db233924ce71fe027a1ccc1623b7eb0,7beb41daec3d6a34c6da7696c56a982667957298f017ebe137829282b6ce7985,e6f30e55e478d39061b94e38de33959ca99b16e8cac38a3bd99b34f6543ad4a2,20260924,1.5,kinematic,noise,sigma2cm_lat0step,jonswap,strict,25.0,True,0.02,0.1,0.0,0,0.0,30.0,,e6f30e55e478d39061b94e38de33959ca99b16e8cac38a3bd99b34f6543ad4a2
ppo_sinusoid,False,1,aft,id,SS6,200,192,0.96,0.923067931799067,0.9795943679338476,0.0,0.0,0.04,0.0,0.96,0.0,200,0.2682510050597553,0.3993168976244226,0.27003843448934783,0.4071830555018831,0.01736835559058192,0.04532954476844923,13.11064598842573,1.5563749999999998,1.5479166666666666,0.22439914250419687,0.2222410511168253,0,0.0,0,-0.004945230477674655,22,0.11,0.0,0,0,0,0,0,198,2,0,200,,0.07377244460125303,0.1609269099730149,0.11,0.07377244460125303,0.1609269099730149,artifacts/runs/ppo_sinusoid/1,ppo,10000000,final,10010624,6cedd5d9a1fbf7eabafa9ca6146ab19ce81fdab2,0dd539e7ae526fb16bc5d9bcc631b27e1c01056314997b68563497482d3127ff,c760e6ae03ca75505ec61e191edc2174652ebec2e1a3472c11bc32a3dacad4c0,0f5aa57318f8f61ab42610d56c06d24fdf753c0291c66f1999b6985ed5aecf60,ef9be83f1509767aad9644a06a42934311c1fea3fbae61dd79d97032793a9963,4e9d25f7a12fe9ddf9958b2f7c8cc5fd4b0222ad0b0c9660b4d0926b4b2c4cb0,LearnedPolicy,False,sinusoid,jonswap,3.12.3,2.5.2,2.13.0,2.9.0,1.3.0,3.2.7,e9fa15cc35312a5c1ecf0c42668a690b5061c090,7ebad1ecabd28a7000add2d05f888aa2e837c2cc,c7fbdcc4df48bd4a2cfe21811613e5e50e3e4868822fe6dddd13745d96692118,b98d65cc5e34337369dcd4d69d63651cc2c99c19e8494199e8b5ec9e06c8b87f,3ee7e46399aea60603c767e0a604e79e7db233924ce71fe027a1ccc1623b7eb0,7beb41daec3d6a34c6da7696c56a982667957298f017ebe137829282b6ce7985,e6f30e55e478d39061b94e38de33959ca99b16e8cac38a3bd99b34f6543ad4a2,20260924,1.5,kinematic,noise,sigma2cm_lat0step,jonswap,strict,25.0,True,0.02,0.1,0.0,0,0.0,30.0,,e6f30e55e478d39061b94e38de33959ca99b16e8cac38a3bd99b34f6543ad4a2
ppo_sinusoid,False,2,aft,id,SS3,200,200,1.0,0.9811546736227335,1.0,0.0,0.0,0.0,0.0,1.0,0.0,200,0.268691867687619,0.35565712368291985,0.26875824603444404,0.3562866210679729,0.014678854892315817,0.03611506588908827,7.205005948943589,1.5151875000000001,1.5166666666666666,0.22716884053417308,0.23276785347075438,0,0.0,0,-0.004416021425660228,189,0.945,0.755,0,0,0,0,0,200,0,0,200,,0.9042130012276914,0.9690146582965411,0.945,0.9042130012276914,0.9690146582965411,artifacts/runs/ppo_sinusoid/2,ppo,10000000,final,10010624,6cedd5d9a1fbf7eabafa9ca6146ab19ce81fdab2,0dd539e7ae526fb16bc5d9bcc631b27e1c01056314997b68563497482d3127ff,c760e6ae03ca75505ec61e191edc2174652ebec2e1a3472c11bc32a3dacad4c0,b1bed34ac4b86a9500f90146d99ee47781491c22f83bcb80aa608a5a085b1142,fa2737b4e406dbc235920c67e88c6ea2a87f57fb91a789f269b0a28af096cb61,df477afd97b6425a6a659ec2f2e5848b674903f24c734f8e297e64d82a525f2a,LearnedPolicy,False,sinusoid,jonswap,3.12.3,2.5.2,2.13.0,2.9.0,1.3.0,3.2.7,e9fa15cc35312a5c1ecf0c42668a690b5061c090,7ebad1ecabd28a7000add2d05f888aa2e837c2cc,c7fbdcc4df48bd4a2cfe21811613e5e50e3e4868822fe6dddd13745d96692118,b98d65cc5e34337369dcd4d69d63651cc2c99c19e8494199e8b5ec9e06c8b87f,3ee7e46399aea60603c767e0a604e79e7db233924ce71fe027a1ccc1623b7eb0,7beb41daec3d6a34c6da7696c56a982667957298f017ebe137829282b6ce7985,e6f30e55e478d39061b94e38de33959ca99b16e8cac38a3bd99b34f6543ad4a2,20260924,1.5,kinematic,noise,sigma2cm_lat0step,jonswap,strict,25.0,True,0.02,0.1,0.0,0,0.0,30.0,,e6f30e55e478d39061b94e38de33959ca99b16e8cac38a3bd99b34f6543ad4a2
ppo_sinusoid,False,2,aft,id,SS4,200,198,0.99,0.9642782382838231,0.9972533418664555,0.0,0.0,0.005,0.005,0.99,0.0,200,0.26033690065857135,0.38897638331453765,0.2595264751335501,0.3891213893955533,0.017123232995254055,0.03495551150822626,9.227427038906342,1.5219374999999997,1.5208333333333333,0.23006311260801332,0.23100607603104792,0,0.0,0,-0.00436499717367473,142,0.71,0.75,0,0,0,0,0,199,1,0,200,,0.6436252189922268,0.7684597439293211,0.71,0.6436252189922268,0.7684597439293211,artifacts/runs/ppo_sinusoid/2,ppo,10000000,final,10010624,6cedd5d9a1fbf7eabafa9ca6146ab19ce81fdab2,0dd539e7ae526fb16bc5d9bcc631b27e1c01056314997b68563497482d3127ff,c760e6ae03ca75505ec61e191edc2174652ebec2e1a3472c11bc32a3dacad4c0,b1bed34ac4b86a9500f90146d99ee47781491c22f83bcb80aa608a5a085b1142,fa2737b4e406dbc235920c67e88c6ea2a87f57fb91a789f269b0a28af096cb61,df477afd97b6425a6a659ec2f2e5848b674903f24c734f8e297e64d82a525f2a,LearnedPolicy,False,sinusoid,jonswap,3.12.3,2.5.2,2.13.0,2.9.0,1.3.0,3.2.7,e9fa15cc35312a5c1ecf0c42668a690b5061c090,7ebad1ecabd28a7000add2d05f888aa2e837c2cc,c7fbdcc4df48bd4a2cfe21811613e5e50e3e4868822fe6dddd13745d96692118,b98d65cc5e34337369dcd4d69d63651cc2c99c19e8494199e8b5ec9e06c8b87f,3ee7e46399aea60603c767e0a604e79e7db233924ce71fe027a1ccc1623b7eb0,7beb41daec3d6a34c6da7696c56a982667957298f017ebe137829282b6ce7985,e6f30e55e478d39061b94e38de33959ca99b16e8cac38a3bd99b34f6543ad4a2,20260924,1.5,kinematic,noise,sigma2cm_lat0step,jonswap,strict,25.0,True,0.02,0.1,0.0,0,0.0,30.0,,e6f30e55e478d39061b94e38de33959ca99b16e8cac38a3bd99b34f6543ad4a2
ppo_sinusoid,False,2,aft,id,SS5,200,197,0.985,0.9568342712073097,0.9948857622067417,0.0,0.0,0.01,0.005,0.985,0.0,200,0.2488774468602884,0.36493908788541957,0.2500897803140379,0.36722020725200905,0.01749778962876114,0.036627591577037696,9.698803369259824,1.5261041666666666,1.5208333333333333,0.23332615094621473,0.23059682742666546,0,0.0,0,-0.004907296603406819,61,0.305,0.745,0,0,0,0,0,199,1,0,200,,0.24536415630735034,0.37198552097978366,0.305,0.24536415630735034,0.37198552097978366,artifacts/runs/ppo_sinusoid/2,ppo,10000000,final,10010624,6cedd5d9a1fbf7eabafa9ca6146ab19ce81fdab2,0dd539e7ae526fb16bc5d9bcc631b27e1c01056314997b68563497482d3127ff,c760e6ae03ca75505ec61e191edc2174652ebec2e1a3472c11bc32a3dacad4c0,b1bed34ac4b86a9500f90146d99ee47781491c22f83bcb80aa608a5a085b1142,fa2737b4e406dbc235920c67e88c6ea2a87f57fb91a789f269b0a28af096cb61,df477afd97b6425a6a659ec2f2e5848b674903f24c734f8e297e64d82a525f2a,LearnedPolicy,False,sinusoid,jonswap,3.12.3,2.5.2,2.13.0,2.9.0,1.3.0,3.2.7,e9fa15cc35312a5c1ecf0c42668a690b5061c090,7ebad1ecabd28a7000add2d05f888aa2e837c2cc,c7fbdcc4df48bd4a2cfe21811613e5e50e3e4868822fe6dddd13745d96692118,b98d65cc5e34337369dcd4d69d63651cc2c99c19e8494199e8b5ec9e06c8b87f,3ee7e46399aea60603c767e0a604e79e7db233924ce71fe027a1ccc1623b7eb0,7beb41daec3d6a34c6da7696c56a982667957298f017ebe137829282b6ce7985,e6f30e55e478d39061b94e38de33959ca99b16e8cac38a3bd99b34f6543ad4a2,20260924,1.5,kinematic,noise,sigma2cm_lat0step,jonswap,strict,25.0,True,0.02,0.1,0.0,0,0.0,30.0,,e6f30e55e478d39061b94e38de33959ca99b16e8cac38a3bd99b34f6543ad4a2
ppo_sinusoid,False,2,aft,id,SS6,200,190,0.95,0.9104218518612239,0.972617354399236,0.0,0.0,0.04,0.01,0.95,0.0,200,0.2674859217656616,0.38814403077779924,0.2680205914725916,0.38855450205726294,0.017758428056237653,0.03695778496477698,13.178818961699406,1.5499583333333333,1.5437500000000002,0.23767115501463773,0.2285217771555027,0,0.0,3,-0.005564618987765721,22,0.11,0.0,0,0,0,0,0,197,3,0,200,,0.07377244460125303,0.1609269099730149,0.11,0.07377244460125303,0.1609269099730149,artifacts/runs/ppo_sinusoid/2,ppo,10000000,final,10010624,6cedd5d9a1fbf7eabafa9ca6146ab19ce81fdab2,0dd539e7ae526fb16bc5d9bcc631b27e1c01056314997b68563497482d3127ff,c760e6ae03ca75505ec61e191edc2174652ebec2e1a3472c11bc32a3dacad4c0,b1bed34ac4b86a9500f90146d99ee47781491c22f83bcb80aa608a5a085b1142,fa2737b4e406dbc235920c67e88c6ea2a87f57fb91a789f269b0a28af096cb61,df477afd97b6425a6a659ec2f2e5848b674903f24c734f8e297e64d82a525f2a,LearnedPolicy,False,sinusoid,jonswap,3.12.3,2.5.2,2.13.0,2.9.0,1.3.0,3.2.7,e9fa15cc35312a5c1ecf0c42668a690b5061c090,7ebad1ecabd28a7000add2d05f888aa2e837c2cc,c7fbdcc4df48bd4a2cfe21811613e5e50e3e4868822fe6dddd13745d96692118,b98d65cc5e34337369dcd4d69d63651cc2c99c19e8494199e8b5ec9e06c8b87f,3ee7e46399aea60603c767e0a604e79e7db233924ce71fe027a1ccc1623b7eb0,7beb41daec3d6a34c6da7696c56a982667957298f017ebe137829282b6ce7985,e6f30e55e478d39061b94e38de33959ca99b16e8cac38a3bd99b34f6543ad4a2,20260924,1.5,kinematic,noise,sigma2cm_lat0step,jonswap,strict,25.0,True,0.02,0.1,0.0,0,0.0,30.0,,e6f30e55e478d39061b94e38de33959ca99b16e8cac38a3bd99b34f6543ad4a2
ppo_sinusoid,False,3,aft,id,SS3,200,198,0.99,0.9642782382838231,0.9972533418664555,0.0,0.0,0.01,0.0,0.99,0.0,200,0.27187321115031093,0.3812996506108941,0.27142238737324165,0.38126934870144147,0.018374341288093135,0.04126844441803462,8.484848183301718,1.52725,1.5208333333333333,0.2843319233203333,0.25438087226518447,0,0.0,1,-0.005472480130172747,190,0.95,0.755,0,0,0,0,0,200,0,0,200,,0.9104218518612239,0.972617354399236,0.95,0.9104218518612239,0.972617354399236,artifacts/runs/ppo_sinusoid/3,ppo,10000000,final,10010624,6cedd5d9a1fbf7eabafa9ca6146ab19ce81fdab2,0dd539e7ae526fb16bc5d9bcc631b27e1c01056314997b68563497482d3127ff,c760e6ae03ca75505ec61e191edc2174652ebec2e1a3472c11bc32a3dacad4c0,d7d65d4e7ec6e0122c1df5469bc0198357850ce8557a25052b7f798f6137264c,032955786bb06d41cdd367f06a4aacdcd388043f7238097255f55427b8d0b780,55ff2375855c56d85915cb2037b331ee03d61c8a427d78d6492d738a006845fb,LearnedPolicy,False,sinusoid,jonswap,3.12.3,2.5.2,2.13.0,2.9.0,1.3.0,3.2.7,e9fa15cc35312a5c1ecf0c42668a690b5061c090,7ebad1ecabd28a7000add2d05f888aa2e837c2cc,c7fbdcc4df48bd4a2cfe21811613e5e50e3e4868822fe6dddd13745d96692118,b98d65cc5e34337369dcd4d69d63651cc2c99c19e8494199e8b5ec9e06c8b87f,3ee7e46399aea60603c767e0a604e79e7db233924ce71fe027a1ccc1623b7eb0,7beb41daec3d6a34c6da7696c56a982667957298f017ebe137829282b6ce7985,e6f30e55e478d39061b94e38de33959ca99b16e8cac38a3bd99b34f6543ad4a2,20260924,1.5,kinematic,noise,sigma2cm_lat0step,jonswap,strict,25.0,True,0.02,0.1,0.0,0,0.0,30.0,,e6f30e55e478d39061b94e38de33959ca99b16e8cac38a3bd99b34f6543ad4a2
ppo_sinusoid,False,3,aft,id,SS4,200,195,0.975,0.942821659593358,0.9892752803482386,0.0,0.005,0.005,0.015,0.975,0.0,200,0.26115020461745053,0.3901719817198178,0.2617788428587287,0.3903474465600693,0.018020351133539378,0.042103276588517084,9.432669914468985,1.5289166666666665,1.5270833333333331,0.2896618657875123,0.25186854428810035,0,0.0,1,-0.005145645797775041,140,0.7,0.75,0,0,0,0,0,195,5,0,200,,0.6332093162728074,0.7592525531762859,0.7,0.6332093162728074,0.7592525531762859,artifacts/runs/ppo_sinusoid/3,ppo,10000000,final,10010624,6cedd5d9a1fbf7eabafa9ca6146ab19ce81fdab2,0dd539e7ae526fb16bc5d9bcc631b27e1c01056314997b68563497482d3127ff,c760e6ae03ca75505ec61e191edc2174652ebec2e1a3472c11bc32a3dacad4c0,d7d65d4e7ec6e0122c1df5469bc0198357850ce8557a25052b7f798f6137264c,032955786bb06d41cdd367f06a4aacdcd388043f7238097255f55427b8d0b780,55ff2375855c56d85915cb2037b331ee03d61c8a427d78d6492d738a006845fb,LearnedPolicy,False,sinusoid,jonswap,3.12.3,2.5.2,2.13.0,2.9.0,1.3.0,3.2.7,e9fa15cc35312a5c1ecf0c42668a690b5061c090,7ebad1ecabd28a7000add2d05f888aa2e837c2cc,c7fbdcc4df48bd4a2cfe21811613e5e50e3e4868822fe6dddd13745d96692118,b98d65cc5e34337369dcd4d69d63651cc2c99c19e8494199e8b5ec9e06c8b87f,3ee7e46399aea60603c767e0a604e79e7db233924ce71fe027a1ccc1623b7eb0,7beb41daec3d6a34c6da7696c56a982667957298f017ebe137829282b6ce7985,e6f30e55e478d39061b94e38de33959ca99b16e8cac38a3bd99b34f6543ad4a2,20260924,1.5,kinematic,noise,sigma2cm_lat0step,jonswap,strict,25.0,True,0.02,0.1,0.0,0,0.0,30.0,,e6f30e55e478d39061b94e38de33959ca99b16e8cac38a3bd99b34f6543ad4a2
ppo_sinusoid,False,3,aft,id,SS5,200,196,0.98,0.9497129130941735,0.9921955735836505,0.0,0.005,0.015,0.0,0.98,0.0,200,0.24523550383866047,0.36472594023736754,0.2451486193351623,0.3658971786034122,0.017458715692321276,0.042931270011818186,11.239632030871183,1.5333958333333333,1.525,0.2928424432756584,0.2523226018417728,0,0.0,1,-0.005064391559391722,60,0.3,0.745,0,0,0,0,0,198,2,0,200,,0.24074744682371402,0.36679068372719265,0.3,0.24074744682371402,0.36679068372719265,artifacts/runs/ppo_sinusoid/3,ppo,10000000,final,10010624,6cedd5d9a1fbf7eabafa9ca6146ab19ce81fdab2,0dd539e7ae526fb16bc5d9bcc631b27e1c01056314997b68563497482d3127ff,c760e6ae03ca75505ec61e191edc2174652ebec2e1a3472c11bc32a3dacad4c0,d7d65d4e7ec6e0122c1df5469bc0198357850ce8557a25052b7f798f6137264c,032955786bb06d41cdd367f06a4aacdcd388043f7238097255f55427b8d0b780,55ff2375855c56d85915cb2037b331ee03d61c8a427d78d6492d738a006845fb,LearnedPolicy,False,sinusoid,jonswap,3.12.3,2.5.2,2.13.0,2.9.0,1.3.0,3.2.7,e9fa15cc35312a5c1ecf0c42668a690b5061c090,7ebad1ecabd28a7000add2d05f888aa2e837c2cc,c7fbdcc4df48bd4a2cfe21811613e5e50e3e4868822fe6dddd13745d96692118,b98d65cc5e34337369dcd4d69d63651cc2c99c19e8494199e8b5ec9e06c8b87f,3ee7e46399aea60603c767e0a604e79e7db233924ce71fe027a1ccc1623b7eb0,7beb41daec3d6a34c6da7696c56a982667957298f017ebe137829282b6ce7985,e6f30e55e478d39061b94e38de33959ca99b16e8cac38a3bd99b34f6543ad4a2,20260924,1.5,kinematic,noise,sigma2cm_lat0step,jonswap,strict,25.0,True,0.02,0.1,0.0,0,0.0,30.0,,e6f30e55e478d39061b94e38de33959ca99b16e8cac38a3bd99b34f6543ad4a2
ppo_sinusoid,False,3,aft,id,SS6,200,183,0.915,0.8681041292843443,0.9462542498225244,0.0,0.0,0.055,0.03,0.915,0.0,200,0.2556692199695292,0.3781763194903255,0.2603799784187178,0.381229087520609,0.019345030465398677,0.04793356338919317,15.143739039678428,1.5491875,1.5416666666666667,0.29668322746944253,0.24983694022591885,1,0.005,5,-0.005642779523711354,23,0.115,0.0,0,0,0,0,0,189,11,0,200,,0.07786373232561955,0.16664716898487572,0.115,0.07786373232561955,0.16664716898487572,artifacts/runs/ppo_sinusoid/3,ppo,10000000,final,10010624,6cedd5d9a1fbf7eabafa9ca6146ab19ce81fdab2,0dd539e7ae526fb16bc5d9bcc631b27e1c01056314997b68563497482d3127ff,c760e6ae03ca75505ec61e191edc2174652ebec2e1a3472c11bc32a3dacad4c0,d7d65d4e7ec6e0122c1df5469bc0198357850ce8557a25052b7f798f6137264c,032955786bb06d41cdd367f06a4aacdcd388043f7238097255f55427b8d0b780,55ff2375855c56d85915cb2037b331ee03d61c8a427d78d6492d738a006845fb,LearnedPolicy,False,sinusoid,jonswap,3.12.3,2.5.2,2.13.0,2.9.0,1.3.0,3.2.7,e9fa15cc35312a5c1ecf0c42668a690b5061c090,7ebad1ecabd28a7000add2d05f888aa2e837c2cc,c7fbdcc4df48bd4a2cfe21811613e5e50e3e4868822fe6dddd13745d96692118,b98d65cc5e34337369dcd4d69d63651cc2c99c19e8494199e8b5ec9e06c8b87f,3ee7e46399aea60603c767e0a604e79e7db233924ce71fe027a1ccc1623b7eb0,7beb41daec3d6a34c6da7696c56a982667957298f017ebe137829282b6ce7985,e6f30e55e478d39061b94e38de33959ca99b16e8cac38a3bd99b34f6543ad4a2,20260924,1.5,kinematic,noise,sigma2cm_lat0step,jonswap,strict,25.0,True,0.02,0.1,0.0,0,0.0,30.0,,e6f30e55e478d39061b94e38de33959ca99b16e8cac38a3bd99b34f6543ad4a2
ppo_sinusoid,False,4,aft,id,SS3,200,200,1.0,0.9811546736227335,1.0,0.0,0.0,0.0,0.0,1.0,0.0,200,0.26724919166358735,0.37873744031451295,0.2666620462548618,0.3782706819655727,0.01579817721469649,0.03448201086801297,7.645031602100062,1.5457083333333332,1.5458333333333334,0.2411998717853442,0.24458911021411137,0,0.0,0,-0.004798773669527313,190,0.95,0.755,0,0,0,0,0,200,0,0,200,,0.9104218518612239,0.972617354399236,0.95,0.9104218518612239,0.972617354399236,artifacts/runs/ppo_sinusoid/4,ppo,10000000,final,10010624,6cedd5d9a1fbf7eabafa9ca6146ab19ce81fdab2,0dd539e7ae526fb16bc5d9bcc631b27e1c01056314997b68563497482d3127ff,c760e6ae03ca75505ec61e191edc2174652ebec2e1a3472c11bc32a3dacad4c0,0f6136e289a8ce9d99314f5751ffb39f8fe83a209f720163b41c3ac9df7ab40c,2b9178a3a663c0c39e406d4be733d6ee885cb31b8b8524c9aa85f86f21153460,60a8b3007f9f578e9f002f2a62ac118b7faea78547c3b1a8e41e6e9c38af7898,LearnedPolicy,False,sinusoid,jonswap,3.12.3,2.5.2,2.13.0,2.9.0,1.3.0,3.2.7,e9fa15cc35312a5c1ecf0c42668a690b5061c090,7ebad1ecabd28a7000add2d05f888aa2e837c2cc,c7fbdcc4df48bd4a2cfe21811613e5e50e3e4868822fe6dddd13745d96692118,b98d65cc5e34337369dcd4d69d63651cc2c99c19e8494199e8b5ec9e06c8b87f,3ee7e46399aea60603c767e0a604e79e7db233924ce71fe027a1ccc1623b7eb0,7beb41daec3d6a34c6da7696c56a982667957298f017ebe137829282b6ce7985,e6f30e55e478d39061b94e38de33959ca99b16e8cac38a3bd99b34f6543ad4a2,20260924,1.5,kinematic,noise,sigma2cm_lat0step,jonswap,strict,25.0,True,0.02,0.1,0.0,0,0.0,30.0,,e6f30e55e478d39061b94e38de33959ca99b16e8cac38a3bd99b34f6543ad4a2
ppo_sinusoid,False,4,aft,id,SS4,200,199,0.995,0.9722262956021069,0.9991168312843989,0.0,0.005,0.0,0.0,0.995,0.0,200,0.2707031865157329,0.3920374367608926,0.2721292062440625,0.39518771924021406,0.017943963451178643,0.040402396404074135,7.9597756269678035,1.54925,1.55,0.24414462218523503,0.24036530732699857,0,0.0,0,-0.003688156813542566,140,0.7,0.75,0,0,0,0,0,200,0,0,200,,0.6332093162728074,0.7592525531762859,0.7,0.6332093162728074,0.7592525531762859,artifacts/runs/ppo_sinusoid/4,ppo,10000000,final,10010624,6cedd5d9a1fbf7eabafa9ca6146ab19ce81fdab2,0dd539e7ae526fb16bc5d9bcc631b27e1c01056314997b68563497482d3127ff,c760e6ae03ca75505ec61e191edc2174652ebec2e1a3472c11bc32a3dacad4c0,0f6136e289a8ce9d99314f5751ffb39f8fe83a209f720163b41c3ac9df7ab40c,2b9178a3a663c0c39e406d4be733d6ee885cb31b8b8524c9aa85f86f21153460,60a8b3007f9f578e9f002f2a62ac118b7faea78547c3b1a8e41e6e9c38af7898,LearnedPolicy,False,sinusoid,jonswap,3.12.3,2.5.2,2.13.0,2.9.0,1.3.0,3.2.7,e9fa15cc35312a5c1ecf0c42668a690b5061c090,7ebad1ecabd28a7000add2d05f888aa2e837c2cc,c7fbdcc4df48bd4a2cfe21811613e5e50e3e4868822fe6dddd13745d96692118,b98d65cc5e34337369dcd4d69d63651cc2c99c19e8494199e8b5ec9e06c8b87f,3ee7e46399aea60603c767e0a604e79e7db233924ce71fe027a1ccc1623b7eb0,7beb41daec3d6a34c6da7696c56a982667957298f017ebe137829282b6ce7985,e6f30e55e478d39061b94e38de33959ca99b16e8cac38a3bd99b34f6543ad4a2,20260924,1.5,kinematic,noise,sigma2cm_lat0step,jonswap,strict,25.0,True,0.02,0.1,0.0,0,0.0,30.0,,e6f30e55e478d39061b94e38de33959ca99b16e8cac38a3bd99b34f6543ad4a2
ppo_sinusoid,False,4,aft,id,SS5,200,199,0.995,0.9722262956021069,0.9991168312843989,0.0,0.0,0.005,0.0,0.995,0.0,200,0.25672170963570723,0.3605709119806326,0.25752729913720007,0.3614139002179483,0.018036083708424966,0.034609491477885904,8.856830515732032,1.5534375,1.5479166666666666,0.2462262099161764,0.2414828488670185,0,0.0,1,-0.00507147504971874,60,0.3,0.745,0,0,0,0,0,200,0,0,200,,0.24074744682371402,0.36679068372719265,0.3,0.24074744682371402,0.36679068372719265,artifacts/runs/ppo_sinusoid/4,ppo,10000000,final,10010624,6cedd5d9a1fbf7eabafa9ca6146ab19ce81fdab2,0dd539e7ae526fb16bc5d9bcc631b27e1c01056314997b68563497482d3127ff,c760e6ae03ca75505ec61e191edc2174652ebec2e1a3472c11bc32a3dacad4c0,0f6136e289a8ce9d99314f5751ffb39f8fe83a209f720163b41c3ac9df7ab40c,2b9178a3a663c0c39e406d4be733d6ee885cb31b8b8524c9aa85f86f21153460,60a8b3007f9f578e9f002f2a62ac118b7faea78547c3b1a8e41e6e9c38af7898,LearnedPolicy,False,sinusoid,jonswap,3.12.3,2.5.2,2.13.0,2.9.0,1.3.0,3.2.7,e9fa15cc35312a5c1ecf0c42668a690b5061c090,7ebad1ecabd28a7000add2d05f888aa2e837c2cc,c7fbdcc4df48bd4a2cfe21811613e5e50e3e4868822fe6dddd13745d96692118,b98d65cc5e34337369dcd4d69d63651cc2c99c19e8494199e8b5ec9e06c8b87f,3ee7e46399aea60603c767e0a604e79e7db233924ce71fe027a1ccc1623b7eb0,7beb41daec3d6a34c6da7696c56a982667957298f017ebe137829282b6ce7985,e6f30e55e478d39061b94e38de33959ca99b16e8cac38a3bd99b34f6543ad4a2,20260924,1.5,kinematic,noise,sigma2cm_lat0step,jonswap,strict,25.0,True,0.02,0.1,0.0,0,0.0,30.0,,e6f30e55e478d39061b94e38de33959ca99b16e8cac38a3bd99b34f6543ad4a2
ppo_sinusoid,False,4,aft,id,SS6,200,192,0.96,0.923067931799067,0.9795943679338476,0.0,0.0,0.035,0.005,0.96,0.0,200,0.2604598152010812,0.36893250275169026,0.25700479580123403,0.3759147241613217,0.018895121153668443,0.0446001183430323,12.819986970941708,1.57625,1.5645833333333332,0.2427555534396929,0.2392543716642267,0,0.0,4,-0.00517715125392355,23,0.115,0.0,0,0,0,0,0,199,1,0,200,,0.07786373232561955,0.16664716898487572,0.115,0.07786373232561955,0.16664716898487572,artifacts/runs/ppo_sinusoid/4,ppo,10000000,final,10010624,6cedd5d9a1fbf7eabafa9ca6146ab19ce81fdab2,0dd539e7ae526fb16bc5d9bcc631b27e1c01056314997b68563497482d3127ff,c760e6ae03ca75505ec61e191edc2174652ebec2e1a3472c11bc32a3dacad4c0,0f6136e289a8ce9d99314f5751ffb39f8fe83a209f720163b41c3ac9df7ab40c,2b9178a3a663c0c39e406d4be733d6ee885cb31b8b8524c9aa85f86f21153460,60a8b3007f9f578e9f002f2a62ac118b7faea78547c3b1a8e41e6e9c38af7898,LearnedPolicy,False,sinusoid,jonswap,3.12.3,2.5.2,2.13.0,2.9.0,1.3.0,3.2.7,e9fa15cc35312a5c1ecf0c42668a690b5061c090,7ebad1ecabd28a7000add2d05f888aa2e837c2cc,c7fbdcc4df48bd4a2cfe21811613e5e50e3e4868822fe6dddd13745d96692118,b98d65cc5e34337369dcd4d69d63651cc2c99c19e8494199e8b5ec9e06c8b87f,3ee7e46399aea60603c767e0a604e79e7db233924ce71fe027a1ccc1623b7eb0,7beb41daec3d6a34c6da7696c56a982667957298f017ebe137829282b6ce7985,e6f30e55e478d39061b94e38de33959ca99b16e8cac38a3bd99b34f6543ad4a2,20260924,1.5,kinematic,noise,sigma2cm_lat0step,jonswap,strict,25.0,True,0.02,0.1,0.0,0,0.0,30.0,,e6f30e55e478d39061b94e38de33959ca99b16e8cac38a3bd99b34f6543ad4a2
