method,privileged,run_seed,pad,regime,ss,n_episodes,n_success,success_rate,success_wilson_lo,success_wilson_hi,frac_crash,frac_off_pad,frac_hard_landing,frac_bounce,frac_success,frac_timeout,n_touchdowns,rel_vz_normal_p50_m_s,rel_vz_normal_p95_m_s,rel_vz_world_z_p50_m_s,rel_vz_world_z_p95_m_s,lateral_p50_m,lateral_p95_m,rel_tilt_p95_deg,time_to_touchdown_mean_s,time_to_touchdown_p50_s,effort_mean_sq,action_jerk_mean,disagreement_n,disagreement_rate,tunnelling_n,max_penetration_m,n_td_in_quiescent_window,frac_td_in_quiescent_window,frac_in_training_distribution,n_reason_ground_contact,n_reason_off_plate_strike,n_reason_tilt_gt_crash,n_reason_below_deck,n_reason_out_of_bounds,n_reason_dwell_complete,n_reason_release,n_reason_time_limit,n_listed,skip_reason,frac_td_in_quiescent_window_wilson_lo,frac_td_in_quiescent_window_wilson_hi,quiet_landings_per_listed,quiet_landings_per_listed_wilson_lo,quiet_landings_per_listed_wilson_hi,run_dir,run_algo,run_total_steps,run_ckpt,run_ckpt_steps,run_train_git_sha,run_config_sha256,run_config_source_sha256,run_model_sha256,run_vecnormalize_sha256,run_checkpoint_json_sha256,run_policy_class,run_needs_motion_feed,run_training_motion,eval_deck_motion,python,numpy,torch,sb3,gymnasium,pybullet,dmf_sha,gpd_sha,success_yaml_sha256,landing_yaml_sha256,observation_yaml_sha256,noise_yaml_sha256,episodes_manifest_sha256,generator_seed,v_max_m_s,driver,arm,condition,arm_motion,start_check,lam_inverse,noise_enabled,noise_position_sigma_m,noise_velocity_sigma_m_s,noise_latency_ms_configured,noise_latency_steps,noise_latency_ms_effective,noise_hold_freq_hz,sinusoid_rms_source_sha256,episode_lists_manifest_sha256
ppo,False,0,aft,id,SS3,200,200,1.0,0.9811546736227335,1.0,0.0,0.0,0.0,0.0,1.0,0.0,200,0.24942573993259232,0.31915705390988497,0.2495382255252788,0.3188063549565062,0.014453140672621032,0.03244303232888482,4.54085264575613,1.5434791666666667,1.5458333333333334,0.24449831645088282,0.22862199886174836,0,0.0,0,-0.0028671998756266905,191,0.955,0.755,0,0,0,0,0,200,0,0,200,,0.9167032959981803,0.976147456998507,0.955,0.9167032959981803,0.976147456998507,artifacts/runs/ppo/0,ppo,10000000,final,10010624,1d67488e2ec8c8522968511a772f65cfe3d8699d,aa28e4f4fd67c42b54cc6e93b365289bca6512297f4b84c1784bb2fe48a6d1b3,26b6c49f8552f5fa626c19bab5222205eb83d294854734a23c3b0b1b3d70e14a,1a012394335c44d1e08d20f2199debaf3809d7bef96e04749817ae35b584fd49,9ddb2a992d4263426bc28033f8cd9f7f54daf7011ca67eb81f3099ecf289db6f,2ea668e37f848fc3f7a50cfb21c64435de80f878bbef01ee165e3a8e5b0e00a0,LearnedPolicy,False,jonswap,jonswap,3.12.3,2.5.2,2.13.0,2.9.0,1.3.0,3.2.7,e9fa15cc35312a5c1ecf0c42668a690b5061c090,7ebad1ecabd28a7000add2d05f888aa2e837c2cc,c7fbdcc4df48bd4a2cfe21811613e5e50e3e4868822fe6dddd13745d96692118,b98d65cc5e34337369dcd4d69d63651cc2c99c19e8494199e8b5ec9e06c8b87f,3ee7e46399aea60603c767e0a604e79e7db233924ce71fe027a1ccc1623b7eb0,7beb41daec3d6a34c6da7696c56a982667957298f017ebe137829282b6ce7985,e6f30e55e478d39061b94e38de33959ca99b16e8cac38a3bd99b34f6543ad4a2,20260924,1.5,kinematic,noise,sigma1cm_lat1step,jonswap,strict,25.0,True,0.01,0.05,33.4,1,33.333333333333336,30.0,,e6f30e55e478d39061b94e38de33959ca99b16e8cac38a3bd99b34f6543ad4a2
ppo,False,0,aft,id,SS4,200,199,0.995,0.9722262956021069,0.9991168312843989,0.0,0.0,0.0,0.005,0.995,0.0,200,0.24537403422772175,0.3320168988078125,0.24589695134895323,0.3318684769986492,0.014484021816152385,0.029844729677307107,5.108241962852343,1.5454583333333334,1.5437500000000002,0.24665858924019424,0.22998857115611673,0,0.0,0,-0.003241410766874487,140,0.7,0.75,0,0,0,0,0,199,1,0,200,,0.6332093162728074,0.7592525531762859,0.7,0.6332093162728074,0.7592525531762859,artifacts/runs/ppo/0,ppo,10000000,final,10010624,1d67488e2ec8c8522968511a772f65cfe3d8699d,aa28e4f4fd67c42b54cc6e93b365289bca6512297f4b84c1784bb2fe48a6d1b3,26b6c49f8552f5fa626c19bab5222205eb83d294854734a23c3b0b1b3d70e14a,1a012394335c44d1e08d20f2199debaf3809d7bef96e04749817ae35b584fd49,9ddb2a992d4263426bc28033f8cd9f7f54daf7011ca67eb81f3099ecf289db6f,2ea668e37f848fc3f7a50cfb21c64435de80f878bbef01ee165e3a8e5b0e00a0,LearnedPolicy,False,jonswap,jonswap,3.12.3,2.5.2,2.13.0,2.9.0,1.3.0,3.2.7,e9fa15cc35312a5c1ecf0c42668a690b5061c090,7ebad1ecabd28a7000add2d05f888aa2e837c2cc,c7fbdcc4df48bd4a2cfe21811613e5e50e3e4868822fe6dddd13745d96692118,b98d65cc5e34337369dcd4d69d63651cc2c99c19e8494199e8b5ec9e06c8b87f,3ee7e46399aea60603c767e0a604e79e7db233924ce71fe027a1ccc1623b7eb0,7beb41daec3d6a34c6da7696c56a982667957298f017ebe137829282b6ce7985,e6f30e55e478d39061b94e38de33959ca99b16e8cac38a3bd99b34f6543ad4a2,20260924,1.5,kinematic,noise,sigma1cm_lat1step,jonswap,strict,25.0,True,0.01,0.05,33.4,1,33.333333333333336,30.0,,e6f30e55e478d39061b94e38de33959ca99b16e8cac38a3bd99b34f6543ad4a2
ppo,False,0,aft,id,SS5,200,199,0.995,0.9722262956021069,0.9991168312843989,0.0,0.0,0.0,0.005,0.995,0.0,200,0.24114841480857538,0.33335870155205743,0.2427003854056601,0.33512812762362426,0.015355687880266408,0.03360947709670388,7.929640255057578,1.5529374999999999,1.5541666666666667,0.24977458471288003,0.23434402765586593,0,0.0,0,-0.0048055658995356685,62,0.31,0.745,0,0,0,0,0,199,1,0,200,,0.2499894483607809,0.37717177566258037,0.31,0.2499894483607809,0.37717177566258037,artifacts/runs/ppo/0,ppo,10000000,final,10010624,1d67488e2ec8c8522968511a772f65cfe3d8699d,aa28e4f4fd67c42b54cc6e93b365289bca6512297f4b84c1784bb2fe48a6d1b3,26b6c49f8552f5fa626c19bab5222205eb83d294854734a23c3b0b1b3d70e14a,1a012394335c44d1e08d20f2199debaf3809d7bef96e04749817ae35b584fd49,9ddb2a992d4263426bc28033f8cd9f7f54daf7011ca67eb81f3099ecf289db6f,2ea668e37f848fc3f7a50cfb21c64435de80f878bbef01ee165e3a8e5b0e00a0,LearnedPolicy,False,jonswap,jonswap,3.12.3,2.5.2,2.13.0,2.9.0,1.3.0,3.2.7,e9fa15cc35312a5c1ecf0c42668a690b5061c090,7ebad1ecabd28a7000add2d05f888aa2e837c2cc,c7fbdcc4df48bd4a2cfe21811613e5e50e3e4868822fe6dddd13745d96692118,b98d65cc5e34337369dcd4d69d63651cc2c99c19e8494199e8b5ec9e06c8b87f,3ee7e46399aea60603c767e0a604e79e7db233924ce71fe027a1ccc1623b7eb0,7beb41daec3d6a34c6da7696c56a982667957298f017ebe137829282b6ce7985,e6f30e55e478d39061b94e38de33959ca99b16e8cac38a3bd99b34f6543ad4a2,20260924,1.5,kinematic,noise,sigma1cm_lat1step,jonswap,strict,25.0,True,0.01,0.05,33.4,1,33.333333333333336,30.0,,e6f30e55e478d39061b94e38de33959ca99b16e8cac38a3bd99b34f6543ad4a2
ppo,False,0,aft,id,SS6,200,196,0.98,0.9497129130941735,0.9921955735836505,0.0,0.0,0.015,0.005,0.98,0.0,200,0.24903653661252426,0.338238659319387,0.25220349034049727,0.34107225175785166,0.016899830864968296,0.039684740516662584,11.971032980133689,1.5816041666666667,1.575,0.25137796461531486,0.2399798257390161,1,0.005,4,-0.006182625809316148,24,0.12,0.0,0,0,0,0,0,199,1,0,200,,0.08197992706375512,0.17234252098296743,0.12,0.08197992706375512,0.17234252098296743,artifacts/runs/ppo/0,ppo,10000000,final,10010624,1d67488e2ec8c8522968511a772f65cfe3d8699d,aa28e4f4fd67c42b54cc6e93b365289bca6512297f4b84c1784bb2fe48a6d1b3,26b6c49f8552f5fa626c19bab5222205eb83d294854734a23c3b0b1b3d70e14a,1a012394335c44d1e08d20f2199debaf3809d7bef96e04749817ae35b584fd49,9ddb2a992d4263426bc28033f8cd9f7f54daf7011ca67eb81f3099ecf289db6f,2ea668e37f848fc3f7a50cfb21c64435de80f878bbef01ee165e3a8e5b0e00a0,LearnedPolicy,False,jonswap,jonswap,3.12.3,2.5.2,2.13.0,2.9.0,1.3.0,3.2.7,e9fa15cc35312a5c1ecf0c42668a690b5061c090,7ebad1ecabd28a7000add2d05f888aa2e837c2cc,c7fbdcc4df48bd4a2cfe21811613e5e50e3e4868822fe6dddd13745d96692118,b98d65cc5e34337369dcd4d69d63651cc2c99c19e8494199e8b5ec9e06c8b87f,3ee7e46399aea60603c767e0a604e79e7db233924ce71fe027a1ccc1623b7eb0,7beb41daec3d6a34c6da7696c56a982667957298f017ebe137829282b6ce7985,e6f30e55e478d39061b94e38de33959ca99b16e8cac38a3bd99b34f6543ad4a2,20260924,1.5,kinematic,noise,sigma1cm_lat1step,jonswap,strict,25.0,True,0.01,0.05,33.4,1,33.333333333333336,30.0,,e6f30e55e478d39061b94e38de33959ca99b16e8cac38a3bd99b34f6543ad4a2
ppo,False,1,aft,id,SS3,200,200,1.0,0.9811546736227335,1.0,0.0,0.0,0.0,0.0,1.0,0.0,200,0.24619166422352715,0.3077142151292945,0.24535900304245256,0.30765344773696435,0.013314581374436325,0.028851155961579864,4.582432800454863,1.5409166666666665,1.5416666666666667,0.2638399511102775,0.22667872777805806,0,0.0,0,-0.002790439797944659,191,0.955,0.755,0,0,0,0,0,200,0,0,200,,0.9167032959981803,0.976147456998507,0.955,0.9167032959981803,0.976147456998507,artifacts/runs/ppo/1,ppo,10000000,final,10010624,1d67488e2ec8c8522968511a772f65cfe3d8699d,aa28e4f4fd67c42b54cc6e93b365289bca6512297f4b84c1784bb2fe48a6d1b3,26b6c49f8552f5fa626c19bab5222205eb83d294854734a23c3b0b1b3d70e14a,77e172f4133c465b39c1f770f59e892666d3c9109a0d74da434e54a2c3a5294b,a82172a5d0cdab6b63ae362ee461ed3fa67d30136b83e87be42a72da47da455f,8d1481982a00eb2ce0ff3666e34c32e7d7d1a5c92dbb3206d2b5c46f3255e70a,LearnedPolicy,False,jonswap,jonswap,3.12.3,2.5.2,2.13.0,2.9.0,1.3.0,3.2.7,e9fa15cc35312a5c1ecf0c42668a690b5061c090,7ebad1ecabd28a7000add2d05f888aa2e837c2cc,c7fbdcc4df48bd4a2cfe21811613e5e50e3e4868822fe6dddd13745d96692118,b98d65cc5e34337369dcd4d69d63651cc2c99c19e8494199e8b5ec9e06c8b87f,3ee7e46399aea60603c767e0a604e79e7db233924ce71fe027a1ccc1623b7eb0,7beb41daec3d6a34c6da7696c56a982667957298f017ebe137829282b6ce7985,e6f30e55e478d39061b94e38de33959ca99b16e8cac38a3bd99b34f6543ad4a2,20260924,1.5,kinematic,noise,sigma1cm_lat1step,jonswap,strict,25.0,True,0.01,0.05,33.4,1,33.333333333333336,30.0,,e6f30e55e478d39061b94e38de33959ca99b16e8cac38a3bd99b34f6543ad4a2
ppo,False,1,aft,id,SS4,200,200,1.0,0.9811546736227335,1.0,0.0,0.0,0.0,0.0,1.0,0.0,200,0.24960210824559717,0.3324831012079233,0.2507277094877436,0.3319984654056607,0.014358714742728311,0.02737269537783228,5.664567113723191,1.5422916666666666,1.5458333333333334,0.2655852098156728,0.22395127332314899,0,0.0,0,-0.003645682259077314,139,0.695,0.75,0,0,0,0,0,200,0,0,200,,0.6280144790202163,0.7546358436926496,0.695,0.6280144790202163,0.7546358436926496,artifacts/runs/ppo/1,ppo,10000000,final,10010624,1d67488e2ec8c8522968511a772f65cfe3d8699d,aa28e4f4fd67c42b54cc6e93b365289bca6512297f4b84c1784bb2fe48a6d1b3,26b6c49f8552f5fa626c19bab5222205eb83d294854734a23c3b0b1b3d70e14a,77e172f4133c465b39c1f770f59e892666d3c9109a0d74da434e54a2c3a5294b,a82172a5d0cdab6b63ae362ee461ed3fa67d30136b83e87be42a72da47da455f,8d1481982a00eb2ce0ff3666e34c32e7d7d1a5c92dbb3206d2b5c46f3255e70a,LearnedPolicy,False,jonswap,jonswap,3.12.3,2.5.2,2.13.0,2.9.0,1.3.0,3.2.7,e9fa15cc35312a5c1ecf0c42668a690b5061c090,7ebad1ecabd28a7000add2d05f888aa2e837c2cc,c7fbdcc4df48bd4a2cfe21811613e5e50e3e4868822fe6dddd13745d96692118,b98d65cc5e34337369dcd4d69d63651cc2c99c19e8494199e8b5ec9e06c8b87f,3ee7e46399aea60603c767e0a604e79e7db233924ce71fe027a1ccc1623b7eb0,7beb41daec3d6a34c6da7696c56a982667957298f017ebe137829282b6ce7985,e6f30e55e478d39061b94e38de33959ca99b16e8cac38a3bd99b34f6543ad4a2,20260924,1.5,kinematic,noise,sigma1cm_lat1step,jonswap,strict,25.0,True,0.01,0.05,33.4,1,33.333333333333336,30.0,,e6f30e55e478d39061b94e38de33959ca99b16e8cac38a3bd99b34f6543ad4a2
ppo,False,1,aft,id,SS5,200,200,1.0,0.9811546736227335,1.0,0.0,0.0,0.0,0.0,1.0,0.0,200,0.23424252559377412,0.31936070755256507,0.2352031865776735,0.32018716281030973,0.015355122458166493,0.027922504137674213,8.644478724931504,1.5517916666666665,1.5541666666666667,0.26848731459229386,0.2264301492443098,0,0.0,0,-0.004694085687476473,60,0.3,0.745,0,0,0,0,0,200,0,0,200,,0.24074744682371402,0.36679068372719265,0.3,0.24074744682371402,0.36679068372719265,artifacts/runs/ppo/1,ppo,10000000,final,10010624,1d67488e2ec8c8522968511a772f65cfe3d8699d,aa28e4f4fd67c42b54cc6e93b365289bca6512297f4b84c1784bb2fe48a6d1b3,26b6c49f8552f5fa626c19bab5222205eb83d294854734a23c3b0b1b3d70e14a,77e172f4133c465b39c1f770f59e892666d3c9109a0d74da434e54a2c3a5294b,a82172a5d0cdab6b63ae362ee461ed3fa67d30136b83e87be42a72da47da455f,8d1481982a00eb2ce0ff3666e34c32e7d7d1a5c92dbb3206d2b5c46f3255e70a,LearnedPolicy,False,jonswap,jonswap,3.12.3,2.5.2,2.13.0,2.9.0,1.3.0,3.2.7,e9fa15cc35312a5c1ecf0c42668a690b5061c090,7ebad1ecabd28a7000add2d05f888aa2e837c2cc,c7fbdcc4df48bd4a2cfe21811613e5e50e3e4868822fe6dddd13745d96692118,b98d65cc5e34337369dcd4d69d63651cc2c99c19e8494199e8b5ec9e06c8b87f,3ee7e46399aea60603c767e0a604e79e7db233924ce71fe027a1ccc1623b7eb0,7beb41daec3d6a34c6da7696c56a982667957298f017ebe137829282b6ce7985,e6f30e55e478d39061b94e38de33959ca99b16e8cac38a3bd99b34f6543ad4a2,20260924,1.5,kinematic,noise,sigma1cm_lat1step,jonswap,strict,25.0,True,0.01,0.05,33.4,1,33.333333333333336,30.0,,e6f30e55e478d39061b94e38de33959ca99b16e8cac38a3bd99b34f6543ad4a2
ppo,False,1,aft,id,SS6,200,197,0.985,0.9568342712073097,0.9948857622067417,0.0,0.0,0.005,0.01,0.985,0.0,200,0.2530833637911595,0.33102206856169886,0.2565975318643208,0.33507666060072194,0.013519713742488747,0.03319267433266723,12.388549466056647,1.5733541666666668,1.5666666666666667,0.26953889375454027,0.22747251685263226,0,0.0,5,-0.005770157561938941,23,0.115,0.0,0,0,0,0,0,197,3,0,200,,0.07786373232561955,0.16664716898487572,0.115,0.07786373232561955,0.16664716898487572,artifacts/runs/ppo/1,ppo,10000000,final,10010624,1d67488e2ec8c8522968511a772f65cfe3d8699d,aa28e4f4fd67c42b54cc6e93b365289bca6512297f4b84c1784bb2fe48a6d1b3,26b6c49f8552f5fa626c19bab5222205eb83d294854734a23c3b0b1b3d70e14a,77e172f4133c465b39c1f770f59e892666d3c9109a0d74da434e54a2c3a5294b,a82172a5d0cdab6b63ae362ee461ed3fa67d30136b83e87be42a72da47da455f,8d1481982a00eb2ce0ff3666e34c32e7d7d1a5c92dbb3206d2b5c46f3255e70a,LearnedPolicy,False,jonswap,jonswap,3.12.3,2.5.2,2.13.0,2.9.0,1.3.0,3.2.7,e9fa15cc35312a5c1ecf0c42668a690b5061c090,7ebad1ecabd28a7000add2d05f888aa2e837c2cc,c7fbdcc4df48bd4a2cfe21811613e5e50e3e4868822fe6dddd13745d96692118,b98d65cc5e34337369dcd4d69d63651cc2c99c19e8494199e8b5ec9e06c8b87f,3ee7e46399aea60603c767e0a604e79e7db233924ce71fe027a1ccc1623b7eb0,7beb41daec3d6a34c6da7696c56a982667957298f017ebe137829282b6ce7985,e6f30e55e478d39061b94e38de33959ca99b16e8cac38a3bd99b34f6543ad4a2,20260924,1.5,kinematic,noise,sigma1cm_lat1step,jonswap,strict,25.0,True,0.01,0.05,33.4,1,33.333333333333336,30.0,,e6f30e55e478d39061b94e38de33959ca99b16e8cac38a3bd99b34f6543ad4a2
ppo,False,2,aft,id,SS3,200,200,1.0,0.9811546736227335,1.0,0.0,0.0,0.0,0.0,1.0,0.0,200,0.24510555217741092,0.3090798334810524,0.24523266365142615,0.3090958523933814,0.011674728721598724,0.02249353744639579,4.440289412973237,1.5548333333333333,1.55,0.228943081654633,0.23132503885808922,0,0.0,0,-0.0026272081473486856,191,0.955,0.755,0,0,0,0,0,200,0,0,200,,0.9167032959981803,0.976147456998507,0.955,0.9167032959981803,0.976147456998507,artifacts/runs/ppo/2,ppo,10000000,final,10010624,1d67488e2ec8c8522968511a772f65cfe3d8699d,aa28e4f4fd67c42b54cc6e93b365289bca6512297f4b84c1784bb2fe48a6d1b3,26b6c49f8552f5fa626c19bab5222205eb83d294854734a23c3b0b1b3d70e14a,785d07894e5792c21be9101064cf625c2f21171047f56684d5a0e9b55a6aee91,9a95795a0e61c02e4389f547b94a9dd08c0912af60a5e2094e5cc314ffbfabc3,02bd6e2fc9633ae4e89365c42d519dc4e8ef0c67d17be4050ff3a485b90047de,LearnedPolicy,False,jonswap,jonswap,3.12.3,2.5.2,2.13.0,2.9.0,1.3.0,3.2.7,e9fa15cc35312a5c1ecf0c42668a690b5061c090,7ebad1ecabd28a7000add2d05f888aa2e837c2cc,c7fbdcc4df48bd4a2cfe21811613e5e50e3e4868822fe6dddd13745d96692118,b98d65cc5e34337369dcd4d69d63651cc2c99c19e8494199e8b5ec9e06c8b87f,3ee7e46399aea60603c767e0a604e79e7db233924ce71fe027a1ccc1623b7eb0,7beb41daec3d6a34c6da7696c56a982667957298f017ebe137829282b6ce7985,e6f30e55e478d39061b94e38de33959ca99b16e8cac38a3bd99b34f6543ad4a2,20260924,1.5,kinematic,noise,sigma1cm_lat1step,jonswap,strict,25.0,True,0.01,0.05,33.4,1,33.333333333333336,30.0,,e6f30e55e478d39061b94e38de33959ca99b16e8cac38a3bd99b34f6543ad4a2
ppo,False,2,aft,id,SS4,200,200,1.0,0.9811546736227335,1.0,0.0,0.0,0.0,0.0,1.0,0.0,200,0.24747221345657303,0.33377034319009846,0.24763143994554643,0.3351930810866377,0.0132619680670358,0.025106251503432243,5.994429238635169,1.5558749999999997,1.5541666666666667,0.23194589700592017,0.23066065432155633,0,0.0,0,-0.003141958383141949,140,0.7,0.75,0,0,0,0,0,200,0,0,200,,0.6332093162728074,0.7592525531762859,0.7,0.6332093162728074,0.7592525531762859,artifacts/runs/ppo/2,ppo,10000000,final,10010624,1d67488e2ec8c8522968511a772f65cfe3d8699d,aa28e4f4fd67c42b54cc6e93b365289bca6512297f4b84c1784bb2fe48a6d1b3,26b6c49f8552f5fa626c19bab5222205eb83d294854734a23c3b0b1b3d70e14a,785d07894e5792c21be9101064cf625c2f21171047f56684d5a0e9b55a6aee91,9a95795a0e61c02e4389f547b94a9dd08c0912af60a5e2094e5cc314ffbfabc3,02bd6e2fc9633ae4e89365c42d519dc4e8ef0c67d17be4050ff3a485b90047de,LearnedPolicy,False,jonswap,jonswap,3.12.3,2.5.2,2.13.0,2.9.0,1.3.0,3.2.7,e9fa15cc35312a5c1ecf0c42668a690b5061c090,7ebad1ecabd28a7000add2d05f888aa2e837c2cc,c7fbdcc4df48bd4a2cfe21811613e5e50e3e4868822fe6dddd13745d96692118,b98d65cc5e34337369dcd4d69d63651cc2c99c19e8494199e8b5ec9e06c8b87f,3ee7e46399aea60603c767e0a604e79e7db233924ce71fe027a1ccc1623b7eb0,7beb41daec3d6a34c6da7696c56a982667957298f017ebe137829282b6ce7985,e6f30e55e478d39061b94e38de33959ca99b16e8cac38a3bd99b34f6543ad4a2,20260924,1.5,kinematic,noise,sigma1cm_lat1step,jonswap,strict,25.0,True,0.01,0.05,33.4,1,33.333333333333336,30.0,,e6f30e55e478d39061b94e38de33959ca99b16e8cac38a3bd99b34f6543ad4a2
ppo,False,2,aft,id,SS5,200,198,0.99,0.9642782382838231,0.9972533418664555,0.0,0.0,0.005,0.005,0.99,0.0,200,0.24369001241439134,0.31926069702234194,0.24480993876694485,0.32185195673484096,0.015241639396620727,0.03278747641602503,9.338355306511318,1.5638125000000003,1.5583333333333333,0.2361744126824064,0.23430709984461565,0,0.0,0,-0.004606974981040197,63,0.315,0.745,0,0,0,0,0,198,2,0,200,,0.2546232099022851,0.3823495608573036,0.315,0.2546232099022851,0.3823495608573036,artifacts/runs/ppo/2,ppo,10000000,final,10010624,1d67488e2ec8c8522968511a772f65cfe3d8699d,aa28e4f4fd67c42b54cc6e93b365289bca6512297f4b84c1784bb2fe48a6d1b3,26b6c49f8552f5fa626c19bab5222205eb83d294854734a23c3b0b1b3d70e14a,785d07894e5792c21be9101064cf625c2f21171047f56684d5a0e9b55a6aee91,9a95795a0e61c02e4389f547b94a9dd08c0912af60a5e2094e5cc314ffbfabc3,02bd6e2fc9633ae4e89365c42d519dc4e8ef0c67d17be4050ff3a485b90047de,LearnedPolicy,False,jonswap,jonswap,3.12.3,2.5.2,2.13.0,2.9.0,1.3.0,3.2.7,e9fa15cc35312a5c1ecf0c42668a690b5061c090,7ebad1ecabd28a7000add2d05f888aa2e837c2cc,c7fbdcc4df48bd4a2cfe21811613e5e50e3e4868822fe6dddd13745d96692118,b98d65cc5e34337369dcd4d69d63651cc2c99c19e8494199e8b5ec9e06c8b87f,3ee7e46399aea60603c767e0a604e79e7db233924ce71fe027a1ccc1623b7eb0,7beb41daec3d6a34c6da7696c56a982667957298f017ebe137829282b6ce7985,e6f30e55e478d39061b94e38de33959ca99b16e8cac38a3bd99b34f6543ad4a2,20260924,1.5,kinematic,noise,sigma1cm_lat1step,jonswap,strict,25.0,True,0.01,0.05,33.4,1,33.333333333333336,30.0,,e6f30e55e478d39061b94e38de33959ca99b16e8cac38a3bd99b34f6543ad4a2
ppo,False,2,aft,id,SS6,200,196,0.98,0.9497129130941735,0.9921955735836505,0.0,0.0,0.015,0.005,0.98,0.0,200,0.24710753809675265,0.32392693484911655,0.25067695166207027,0.32220065948397447,0.017470135557383103,0.03912787277366657,11.529294123964624,1.6011041666666666,1.5916666666666666,0.23806631265116246,0.23743595284908406,0,0.0,3,-0.0056804108623147685,23,0.115,0.0,0,0,0,0,0,197,3,0,200,,0.07786373232561955,0.16664716898487572,0.115,0.07786373232561955,0.16664716898487572,artifacts/runs/ppo/2,ppo,10000000,final,10010624,1d67488e2ec8c8522968511a772f65cfe3d8699d,aa28e4f4fd67c42b54cc6e93b365289bca6512297f4b84c1784bb2fe48a6d1b3,26b6c49f8552f5fa626c19bab5222205eb83d294854734a23c3b0b1b3d70e14a,785d07894e5792c21be9101064cf625c2f21171047f56684d5a0e9b55a6aee91,9a95795a0e61c02e4389f547b94a9dd08c0912af60a5e2094e5cc314ffbfabc3,02bd6e2fc9633ae4e89365c42d519dc4e8ef0c67d17be4050ff3a485b90047de,LearnedPolicy,False,jonswap,jonswap,3.12.3,2.5.2,2.13.0,2.9.0,1.3.0,3.2.7,e9fa15cc35312a5c1ecf0c42668a690b5061c090,7ebad1ecabd28a7000add2d05f888aa2e837c2cc,c7fbdcc4df48bd4a2cfe21811613e5e50e3e4868822fe6dddd13745d96692118,b98d65cc5e34337369dcd4d69d63651cc2c99c19e8494199e8b5ec9e06c8b87f,3ee7e46399aea60603c767e0a604e79e7db233924ce71fe027a1ccc1623b7eb0,7beb41daec3d6a34c6da7696c56a982667957298f017ebe137829282b6ce7985,e6f30e55e478d39061b94e38de33959ca99b16e8cac38a3bd99b34f6543ad4a2,20260924,1.5,kinematic,noise,sigma1cm_lat1step,jonswap,strict,25.0,True,0.01,0.05,33.4,1,33.333333333333336,30.0,,e6f30e55e478d39061b94e38de33959ca99b16e8cac38a3bd99b34f6543ad4a2
ppo,False,3,aft,id,SS3,200,200,1.0,0.9811546736227335,1.0,0.0,0.0,0.0,0.0,1.0,0.0,200,0.248846191867879,0.3106402098681257,0.24856180336628586,0.3105479122441624,0.011081960352469103,0.023156911587693074,4.754501952028861,1.5194791666666665,1.5166666666666666,0.24571650600957098,0.21980606732173227,0,0.0,0,-0.002925877846613142,189,0.945,0.755,0,0,0,0,0,200,0,0,200,,0.9042130012276914,0.9690146582965411,0.945,0.9042130012276914,0.9690146582965411,artifacts/runs/ppo/3,ppo,10000000,final,10010624,1d67488e2ec8c8522968511a772f65cfe3d8699d,aa28e4f4fd67c42b54cc6e93b365289bca6512297f4b84c1784bb2fe48a6d1b3,26b6c49f8552f5fa626c19bab5222205eb83d294854734a23c3b0b1b3d70e14a,ab7152483da4fd50de264a3f0daaffb37cb7febe316803c154b3ed5a494f4d8f,97bb0f4a9cea41eba346cbef16d10a8fd2e625280036dca49859e9d49d7d98f7,e06fa8718729185b93b0874dab70fd01f0cf9fa14cf7de867d18c5555d8c8858,LearnedPolicy,False,jonswap,jonswap,3.12.3,2.5.2,2.13.0,2.9.0,1.3.0,3.2.7,e9fa15cc35312a5c1ecf0c42668a690b5061c090,7ebad1ecabd28a7000add2d05f888aa2e837c2cc,c7fbdcc4df48bd4a2cfe21811613e5e50e3e4868822fe6dddd13745d96692118,b98d65cc5e34337369dcd4d69d63651cc2c99c19e8494199e8b5ec9e06c8b87f,3ee7e46399aea60603c767e0a604e79e7db233924ce71fe027a1ccc1623b7eb0,7beb41daec3d6a34c6da7696c56a982667957298f017ebe137829282b6ce7985,e6f30e55e478d39061b94e38de33959ca99b16e8cac38a3bd99b34f6543ad4a2,20260924,1.5,kinematic,noise,sigma1cm_lat1step,jonswap,strict,25.0,True,0.01,0.05,33.4,1,33.333333333333336,30.0,,e6f30e55e478d39061b94e38de33959ca99b16e8cac38a3bd99b34f6543ad4a2
ppo,False,3,aft,id,SS4,200,200,1.0,0.9811546736227335,1.0,0.0,0.0,0.0,0.0,1.0,0.0,200,0.2502384040697887,0.3296797308501134,0.25054525225024826,0.329714401610919,0.010079771802708224,0.02082851026298533,5.403451720464526,1.5233541666666668,1.5166666666666666,0.24713762918372212,0.21953495164314593,0,0.0,0,-0.0031174278537313077,140,0.7,0.75,0,0,0,0,0,200,0,0,200,,0.6332093162728074,0.7592525531762859,0.7,0.6332093162728074,0.7592525531762859,artifacts/runs/ppo/3,ppo,10000000,final,10010624,1d67488e2ec8c8522968511a772f65cfe3d8699d,aa28e4f4fd67c42b54cc6e93b365289bca6512297f4b84c1784bb2fe48a6d1b3,26b6c49f8552f5fa626c19bab5222205eb83d294854734a23c3b0b1b3d70e14a,ab7152483da4fd50de264a3f0daaffb37cb7febe316803c154b3ed5a494f4d8f,97bb0f4a9cea41eba346cbef16d10a8fd2e625280036dca49859e9d49d7d98f7,e06fa8718729185b93b0874dab70fd01f0cf9fa14cf7de867d18c5555d8c8858,LearnedPolicy,False,jonswap,jonswap,3.12.3,2.5.2,2.13.0,2.9.0,1.3.0,3.2.7,e9fa15cc35312a5c1ecf0c42668a690b5061c090,7ebad1ecabd28a7000add2d05f888aa2e837c2cc,c7fbdcc4df48bd4a2cfe21811613e5e50e3e4868822fe6dddd13745d96692118,b98d65cc5e34337369dcd4d69d63651cc2c99c19e8494199e8b5ec9e06c8b87f,3ee7e46399aea60603c767e0a604e79e7db233924ce71fe027a1ccc1623b7eb0,7beb41daec3d6a34c6da7696c56a982667957298f017ebe137829282b6ce7985,e6f30e55e478d39061b94e38de33959ca99b16e8cac38a3bd99b34f6543ad4a2,20260924,1.5,kinematic,noise,sigma1cm_lat1step,jonswap,strict,25.0,True,0.01,0.05,33.4,1,33.333333333333336,30.0,,e6f30e55e478d39061b94e38de33959ca99b16e8cac38a3bd99b34f6543ad4a2
ppo,False,3,aft,id,SS5,200,199,0.995,0.9722262956021069,0.9991168312843989,0.0,0.0,0.005,0.0,0.995,0.0,200,0.2481456574697582,0.32573728860347884,0.24968954100382712,0.3305658760677557,0.01104532565654828,0.022884229402773924,8.734981710464977,1.5273124999999999,1.5291666666666666,0.25041785462735505,0.22322770084649413,0,0.0,0,-0.004988172004343154,61,0.305,0.745,0,0,0,0,0,200,0,0,200,,0.24536415630735034,0.37198552097978366,0.305,0.24536415630735034,0.37198552097978366,artifacts/runs/ppo/3,ppo,10000000,final,10010624,1d67488e2ec8c8522968511a772f65cfe3d8699d,aa28e4f4fd67c42b54cc6e93b365289bca6512297f4b84c1784bb2fe48a6d1b3,26b6c49f8552f5fa626c19bab5222205eb83d294854734a23c3b0b1b3d70e14a,ab7152483da4fd50de264a3f0daaffb37cb7febe316803c154b3ed5a494f4d8f,97bb0f4a9cea41eba346cbef16d10a8fd2e625280036dca49859e9d49d7d98f7,e06fa8718729185b93b0874dab70fd01f0cf9fa14cf7de867d18c5555d8c8858,LearnedPolicy,False,jonswap,jonswap,3.12.3,2.5.2,2.13.0,2.9.0,1.3.0,3.2.7,e9fa15cc35312a5c1ecf0c42668a690b5061c090,7ebad1ecabd28a7000add2d05f888aa2e837c2cc,c7fbdcc4df48bd4a2cfe21811613e5e50e3e4868822fe6dddd13745d96692118,b98d65cc5e34337369dcd4d69d63651cc2c99c19e8494199e8b5ec9e06c8b87f,3ee7e46399aea60603c767e0a604e79e7db233924ce71fe027a1ccc1623b7eb0,7beb41daec3d6a34c6da7696c56a982667957298f017ebe137829282b6ce7985,e6f30e55e478d39061b94e38de33959ca99b16e8cac38a3bd99b34f6543ad4a2,20260924,1.5,kinematic,noise,sigma1cm_lat1step,jonswap,strict,25.0,True,0.01,0.05,33.4,1,33.333333333333336,30.0,,e6f30e55e478d39061b94e38de33959ca99b16e8cac38a3bd99b34f6543ad4a2
ppo,False,3,aft,id,SS6,200,197,0.985,0.9568342712073097,0.9948857622067417,0.0,0.0,0.015,0.0,0.985,0.0,200,0.2580460920748542,0.34407886602040366,0.2587109063457519,0.34416856922302486,0.013203818689737443,0.03324709846528101,10.974361720773034,1.5727708333333335,1.5458333333333334,0.2494119391230248,0.22066238104690902,1,0.005,1,-0.005113104431124402,24,0.12,0.0,0,0,0,0,0,200,0,0,200,,0.08197992706375512,0.17234252098296743,0.12,0.08197992706375512,0.17234252098296743,artifacts/runs/ppo/3,ppo,10000000,final,10010624,1d67488e2ec8c8522968511a772f65cfe3d8699d,aa28e4f4fd67c42b54cc6e93b365289bca6512297f4b84c1784bb2fe48a6d1b3,26b6c49f8552f5fa626c19bab5222205eb83d294854734a23c3b0b1b3d70e14a,ab7152483da4fd50de264a3f0daaffb37cb7febe316803c154b3ed5a494f4d8f,97bb0f4a9cea41eba346cbef16d10a8fd2e625280036dca49859e9d49d7d98f7,e06fa8718729185b93b0874dab70fd01f0cf9fa14cf7de867d18c5555d8c8858,LearnedPolicy,False,jonswap,jonswap,3.12.3,2.5.2,2.13.0,2.9.0,1.3.0,3.2.7,e9fa15cc35312a5c1ecf0c42668a690b5061c090,7ebad1ecabd28a7000add2d05f888aa2e837c2cc,c7fbdcc4df48bd4a2cfe21811613e5e50e3e4868822fe6dddd13745d96692118,b98d65cc5e34337369dcd4d69d63651cc2c99c19e8494199e8b5ec9e06c8b87f,3ee7e46399aea60603c767e0a604e79e7db233924ce71fe027a1ccc1623b7eb0,7beb41daec3d6a34c6da7696c56a982667957298f017ebe137829282b6ce7985,e6f30e55e478d39061b94e38de33959ca99b16e8cac38a3bd99b34f6543ad4a2,20260924,1.5,kinematic,noise,sigma1cm_lat1step,jonswap,strict,25.0,True,0.01,0.05,33.4,1,33.333333333333336,30.0,,e6f30e55e478d39061b94e38de33959ca99b16e8cac38a3bd99b34f6543ad4a2
ppo,False,4,aft,id,SS3,200,200,1.0,0.9811546736227335,1.0,0.0,0.0,0.0,0.0,1.0,0.0,200,0.2422653202447697,0.30852885833888344,0.24210157795268752,0.3089023842648939,0.012127671133345614,0.02656523749773759,5.183537550793484,1.5755625,1.575,0.23993224618662012,0.22955634265333252,0,0.0,0,-0.0033854566088702357,191,0.955,0.755,0,0,0,0,0,200,0,0,200,,0.9167032959981803,0.976147456998507,0.955,0.9167032959981803,0.976147456998507,artifacts/runs/ppo/4,ppo,10000000,final,10010624,1d67488e2ec8c8522968511a772f65cfe3d8699d,aa28e4f4fd67c42b54cc6e93b365289bca6512297f4b84c1784bb2fe48a6d1b3,26b6c49f8552f5fa626c19bab5222205eb83d294854734a23c3b0b1b3d70e14a,0f6fa22d0d78ca95d6921cbffd3a3f33256b0b062e60450732bc5ff3d852289b,6e5d7599d8b22d2faeae0c29e77815969a718294a40510afc7a7f4c6eeba4d38,25ca4106038d25702886c8826640f3a64cf21ce82006e4cae60c158511cd7d6e,LearnedPolicy,False,jonswap,jonswap,3.12.3,2.5.2,2.13.0,2.9.0,1.3.0,3.2.7,e9fa15cc35312a5c1ecf0c42668a690b5061c090,7ebad1ecabd28a7000add2d05f888aa2e837c2cc,c7fbdcc4df48bd4a2cfe21811613e5e50e3e4868822fe6dddd13745d96692118,b98d65cc5e34337369dcd4d69d63651cc2c99c19e8494199e8b5ec9e06c8b87f,3ee7e46399aea60603c767e0a604e79e7db233924ce71fe027a1ccc1623b7eb0,7beb41daec3d6a34c6da7696c56a982667957298f017ebe137829282b6ce7985,e6f30e55e478d39061b94e38de33959ca99b16e8cac38a3bd99b34f6543ad4a2,20260924,1.5,kinematic,noise,sigma1cm_lat1step,jonswap,strict,25.0,True,0.01,0.05,33.4,1,33.333333333333336,30.0,,e6f30e55e478d39061b94e38de33959ca99b16e8cac38a3bd99b34f6543ad4a2
ppo,False,4,aft,id,SS4,200,200,1.0,0.9811546736227335,1.0,0.0,0.0,0.0,0.0,1.0,0.0,200,0.24357499348704575,0.3194338382804715,0.24314268884331633,0.3198779551002128,0.012749992756312478,0.026933369506218625,7.163195918406364,1.5814791666666668,1.5812499999999998,0.24003756062311304,0.22961347921071137,0,0.0,0,-0.0033730358526171786,139,0.695,0.75,0,0,0,0,0,200,0,0,200,,0.6280144790202163,0.7546358436926496,0.695,0.6280144790202163,0.7546358436926496,artifacts/runs/ppo/4,ppo,10000000,final,10010624,1d67488e2ec8c8522968511a772f65cfe3d8699d,aa28e4f4fd67c42b54cc6e93b365289bca6512297f4b84c1784bb2fe48a6d1b3,26b6c49f8552f5fa626c19bab5222205eb83d294854734a23c3b0b1b3d70e14a,0f6fa22d0d78ca95d6921cbffd3a3f33256b0b062e60450732bc5ff3d852289b,6e5d7599d8b22d2faeae0c29e77815969a718294a40510afc7a7f4c6eeba4d38,25ca4106038d25702886c8826640f3a64cf21ce82006e4cae60c158511cd7d6e,LearnedPolicy,False,jonswap,jonswap,3.12.3,2.5.2,2.13.0,2.9.0,1.3.0,3.2.7,e9fa15cc35312a5c1ecf0c42668a690b5061c090,7ebad1ecabd28a7000add2d05f888aa2e837c2cc,c7fbdcc4df48bd4a2cfe21811613e5e50e3e4868822fe6dddd13745d96692118,b98d65cc5e34337369dcd4d69d63651cc2c99c19e8494199e8b5ec9e06c8b87f,3ee7e46399aea60603c767e0a604e79e7db233924ce71fe027a1ccc1623b7eb0,7beb41daec3d6a34c6da7696c56a982667957298f017ebe137829282b6ce7985,e6f30e55e478d39061b94e38de33959ca99b16e8cac38a3bd99b34f6543ad4a2,20260924,1.5,kinematic,noise,sigma1cm_lat1step,jonswap,strict,25.0,True,0.01,0.05,33.4,1,33.333333333333336,30.0,,e6f30e55e478d39061b94e38de33959ca99b16e8cac38a3bd99b34f6543ad4a2
ppo,False,4,aft,id,SS5,200,198,0.99,0.9642782382838231,0.9972533418664555,0.0,0.0,0.005,0.005,0.99,0.0,200,0.2328570618951349,0.3108502063529509,0.23399381143505782,0.3102641991909449,0.013344290225000699,0.026498560000192645,8.224978643290541,1.5914375,1.5875,0.24263465099337467,0.2324159922088988,0,0.0,0,-0.004184770781991137,62,0.31,0.745,0,0,0,0,0,198,2,0,200,,0.2499894483607809,0.37717177566258037,0.31,0.2499894483607809,0.37717177566258037,artifacts/runs/ppo/4,ppo,10000000,final,10010624,1d67488e2ec8c8522968511a772f65cfe3d8699d,aa28e4f4fd67c42b54cc6e93b365289bca6512297f4b84c1784bb2fe48a6d1b3,26b6c49f8552f5fa626c19bab5222205eb83d294854734a23c3b0b1b3d70e14a,0f6fa22d0d78ca95d6921cbffd3a3f33256b0b062e60450732bc5ff3d852289b,6e5d7599d8b22d2faeae0c29e77815969a718294a40510afc7a7f4c6eeba4d38,25ca4106038d25702886c8826640f3a64cf21ce82006e4cae60c158511cd7d6e,LearnedPolicy,False,jonswap,jonswap,3.12.3,2.5.2,2.13.0,2.9.0,1.3.0,3.2.7,e9fa15cc35312a5c1ecf0c42668a690b5061c090,7ebad1ecabd28a7000add2d05f888aa2e837c2cc,c7fbdcc4df48bd4a2cfe21811613e5e50e3e4868822fe6dddd13745d96692118,b98d65cc5e34337369dcd4d69d63651cc2c99c19e8494199e8b5ec9e06c8b87f,3ee7e46399aea60603c767e0a604e79e7db233924ce71fe027a1ccc1623b7eb0,7beb41daec3d6a34c6da7696c56a982667957298f017ebe137829282b6ce7985,e6f30e55e478d39061b94e38de33959ca99b16e8cac38a3bd99b34f6543ad4a2,20260924,1.5,kinematic,noise,sigma1cm_lat1step,jonswap,strict,25.0,True,0.01,0.05,33.4,1,33.333333333333336,30.0,,e6f30e55e478d39061b94e38de33959ca99b16e8cac38a3bd99b34f6543ad4a2
ppo,False,4,aft,id,SS6,200,194,0.97,0.9361057075454807,0.9861796856598887,0.0,0.0,0.02,0.01,0.97,0.0,200,0.23782797768744396,0.3226072710986945,0.24112556792636552,0.3253374579594406,0.013022519883535805,0.02841822024047594,13.060365553201692,1.6159791666666665,1.6083333333333334,0.24065421100847012,0.23577549372133547,0,0.0,3,-0.005729258918035902,22,0.11,0.0,0,0,0,0,0,197,3,0,200,,0.07377244460125303,0.1609269099730149,0.11,0.07377244460125303,0.1609269099730149,artifacts/runs/ppo/4,ppo,10000000,final,10010624,1d67488e2ec8c8522968511a772f65cfe3d8699d,aa28e4f4fd67c42b54cc6e93b365289bca6512297f4b84c1784bb2fe48a6d1b3,26b6c49f8552f5fa626c19bab5222205eb83d294854734a23c3b0b1b3d70e14a,0f6fa22d0d78ca95d6921cbffd3a3f33256b0b062e60450732bc5ff3d852289b,6e5d7599d8b22d2faeae0c29e77815969a718294a40510afc7a7f4c6eeba4d38,25ca4106038d25702886c8826640f3a64cf21ce82006e4cae60c158511cd7d6e,LearnedPolicy,False,jonswap,jonswap,3.12.3,2.5.2,2.13.0,2.9.0,1.3.0,3.2.7,e9fa15cc35312a5c1ecf0c42668a690b5061c090,7ebad1ecabd28a7000add2d05f888aa2e837c2cc,c7fbdcc4df48bd4a2cfe21811613e5e50e3e4868822fe6dddd13745d96692118,b98d65cc5e34337369dcd4d69d63651cc2c99c19e8494199e8b5ec9e06c8b87f,3ee7e46399aea60603c767e0a604e79e7db233924ce71fe027a1ccc1623b7eb0,7beb41daec3d6a34c6da7696c56a982667957298f017ebe137829282b6ce7985,e6f30e55e478d39061b94e38de33959ca99b16e8cac38a3bd99b34f6543ad4a2,20260924,1.5,kinematic,noise,sigma1cm_lat1step,jonswap,strict,25.0,True,0.01,0.05,33.4,1,33.333333333333336,30.0,,e6f30e55e478d39061b94e38de33959ca99b16e8cac38a3bd99b34f6543ad4a2
sac,False,0,aft,id,SS3,200,194,0.97,0.9361057075454807,0.9861796856598887,0.0,0.005,0.025,0.0,0.97,0.0,200,0.3414256115953558,0.4428632635774232,0.34127083297002536,0.4426436509406836,0.023209223914635452,0.04847667983351946,8.568320713002114,1.1749791666666667,1.1625,0.6448064485427341,0.5586933584011631,0,0.0,4,-0.007309699769603047,191,0.955,0.755,0,0,0,0,0,200,0,0,200,,0.9167032959981803,0.976147456998507,0.955,0.9167032959981803,0.976147456998507,artifacts/runs/sac/0,sac,2000000,final,2000000,14d7f32bf25e34a16fe3677cdab869c107881536,04af3f42a26542592ae4f363f65c6e5d7add8aeafb0ca57a9a91656a83c5623d,a46f94152e99cd325ec30eb7de6c25c79be05c2294519eddee235e09b8bf5159,3401491ed458d6d474879747c9951dcd51ee8cb8cc761762d78de5b8f4271222,145883fa0744dbaa9bdd35d50f7069f67ed4e6a269023e7d19c524825ca1755b,93dce22b2e888e64cef832c51e9fd69a23b7240739883bba0d0b452edbd0e43a,LearnedPolicy,False,jonswap,jonswap,3.12.3,2.5.2,2.13.0,2.9.0,1.3.0,3.2.7,e9fa15cc35312a5c1ecf0c42668a690b5061c090,7ebad1ecabd28a7000add2d05f888aa2e837c2cc,c7fbdcc4df48bd4a2cfe21811613e5e50e3e4868822fe6dddd13745d96692118,b98d65cc5e34337369dcd4d69d63651cc2c99c19e8494199e8b5ec9e06c8b87f,3ee7e46399aea60603c767e0a604e79e7db233924ce71fe027a1ccc1623b7eb0,7beb41daec3d6a34c6da7696c56a982667957298f017ebe137829282b6ce7985,e6f30e55e478d39061b94e38de33959ca99b16e8cac38a3bd99b34f6543ad4a2,20260924,1.5,kinematic,noise,sigma1cm_lat1step,jonswap,strict,25.0,True,0.01,0.05,33.4,1,33.333333333333336,30.0,,e6f30e55e478d39061b94e38de33959ca99b16e8cac38a3bd99b34f6543ad4a2
sac,False,0,aft,id,SS4,200,195,0.975,0.942821659593358,0.9892752803482386,0.0,0.0,0.025,0.0,0.975,0.0,200,0.3478862755681884,0.46305891663206616,0.3481324184712859,0.4608746277001616,0.027746914896952333,0.0523157119841117,8.504803957696815,1.2169375,1.1708333333333334,0.6910363160365744,0.5478599538400966,0,0.0,5,-0.007540704960634925,145,0.725,0.75,0,0,0,0,0,200,0,0,200,,0.6593166064233035,0.7822029967069265,0.725,0.6593166064233035,0.7822029967069265,artifacts/runs/sac/0,sac,2000000,final,2000000,14d7f32bf25e34a16fe3677cdab869c107881536,04af3f42a26542592ae4f363f65c6e5d7add8aeafb0ca57a9a91656a83c5623d,a46f94152e99cd325ec30eb7de6c25c79be05c2294519eddee235e09b8bf5159,3401491ed458d6d474879747c9951dcd51ee8cb8cc761762d78de5b8f4271222,145883fa0744dbaa9bdd35d50f7069f67ed4e6a269023e7d19c524825ca1755b,93dce22b2e888e64cef832c51e9fd69a23b7240739883bba0d0b452edbd0e43a,LearnedPolicy,False,jonswap,jonswap,3.12.3,2.5.2,2.13.0,2.9.0,1.3.0,3.2.7,e9fa15cc35312a5c1ecf0c42668a690b5061c090,7ebad1ecabd28a7000add2d05f888aa2e837c2cc,c7fbdcc4df48bd4a2cfe21811613e5e50e3e4868822fe6dddd13745d96692118,b98d65cc5e34337369dcd4d69d63651cc2c99c19e8494199e8b5ec9e06c8b87f,3ee7e46399aea60603c767e0a604e79e7db233924ce71fe027a1ccc1623b7eb0,7beb41daec3d6a34c6da7696c56a982667957298f017ebe137829282b6ce7985,e6f30e55e478d39061b94e38de33959ca99b16e8cac38a3bd99b34f6543ad4a2,20260924,1.5,kinematic,noise,sigma1cm_lat1step,jonswap,strict,25.0,True,0.01,0.05,33.4,1,33.333333333333336,30.0,,e6f30e55e478d39061b94e38de33959ca99b16e8cac38a3bd99b34f6543ad4a2
sac,False,0,aft,id,SS5,200,166,0.83,0.7718411637168737,0.8757209208741302,0.005,0.035,0.12,0.01,0.83,0.0,199,0.3725669468519447,0.5839543913069778,0.3708612217906298,0.5822692689758916,0.03103765741814505,0.0837684663410724,13.16743840082476,1.276507537688442,1.2375,0.7346987035028454,0.5521952034948996,0,0.0,21,-0.008467090108989096,64,0.32160804020100503,0.745,0,0,0,1,0,192,7,0,200,,0.26061809479659565,0.38935484262562076,0.32,0.25926533315468053,0.38751898434113546,artifacts/runs/sac/0,sac,2000000,final,2000000,14d7f32bf25e34a16fe3677cdab869c107881536,04af3f42a26542592ae4f363f65c6e5d7add8aeafb0ca57a9a91656a83c5623d,a46f94152e99cd325ec30eb7de6c25c79be05c2294519eddee235e09b8bf5159,3401491ed458d6d474879747c9951dcd51ee8cb8cc761762d78de5b8f4271222,145883fa0744dbaa9bdd35d50f7069f67ed4e6a269023e7d19c524825ca1755b,93dce22b2e888e64cef832c51e9fd69a23b7240739883bba0d0b452edbd0e43a,LearnedPolicy,False,jonswap,jonswap,3.12.3,2.5.2,2.13.0,2.9.0,1.3.0,3.2.7,e9fa15cc35312a5c1ecf0c42668a690b5061c090,7ebad1ecabd28a7000add2d05f888aa2e837c2cc,c7fbdcc4df48bd4a2cfe21811613e5e50e3e4868822fe6dddd13745d96692118,b98d65cc5e34337369dcd4d69d63651cc2c99c19e8494199e8b5ec9e06c8b87f,3ee7e46399aea60603c767e0a604e79e7db233924ce71fe027a1ccc1623b7eb0,7beb41daec3d6a34c6da7696c56a982667957298f017ebe137829282b6ce7985,e6f30e55e478d39061b94e38de33959ca99b16e8cac38a3bd99b34f6543ad4a2,20260924,1.5,kinematic,noise,sigma1cm_lat1step,jonswap,strict,25.0,True,0.01,0.05,33.4,1,33.333333333333336,30.0,,e6f30e55e478d39061b94e38de33959ca99b16e8cac38a3bd99b34f6543ad4a2
sac,False,0,aft,id,SS6,200,144,0.72,0.6540769541334929,0.7776311022605097,0.005,0.07,0.2,0.005,0.72,0.0,199,0.3889198337169191,0.5946852594531887,0.3943523442270094,0.5989577775531596,0.038845203020655375,0.10633647594880036,21.029530590993076,1.3530988274706868,1.2791666666666666,0.7670782154688248,0.5752983160002916,0,0.0,43,-0.00926206411565377,22,0.11055276381909548,0.0,0,0,1,0,0,196,3,0,200,,0.07414910504008648,0.1617073076422171,0.11,0.07377244460125303,0.1609269099730149,artifacts/runs/sac/0,sac,2000000,final,2000000,14d7f32bf25e34a16fe3677cdab869c107881536,04af3f42a26542592ae4f363f65c6e5d7add8aeafb0ca57a9a91656a83c5623d,a46f94152e99cd325ec30eb7de6c25c79be05c2294519eddee235e09b8bf5159,3401491ed458d6d474879747c9951dcd51ee8cb8cc761762d78de5b8f4271222,145883fa0744dbaa9bdd35d50f7069f67ed4e6a269023e7d19c524825ca1755b,93dce22b2e888e64cef832c51e9fd69a23b7240739883bba0d0b452edbd0e43a,LearnedPolicy,False,jonswap,jonswap,3.12.3,2.5.2,2.13.0,2.9.0,1.3.0,3.2.7,e9fa15cc35312a5c1ecf0c42668a690b5061c090,7ebad1ecabd28a7000add2d05f888aa2e837c2cc,c7fbdcc4df48bd4a2cfe21811613e5e50e3e4868822fe6dddd13745d96692118,b98d65cc5e34337369dcd4d69d63651cc2c99c19e8494199e8b5ec9e06c8b87f,3ee7e46399aea60603c767e0a604e79e7db233924ce71fe027a1ccc1623b7eb0,7beb41daec3d6a34c6da7696c56a982667957298f017ebe137829282b6ce7985,e6f30e55e478d39061b94e38de33959ca99b16e8cac38a3bd99b34f6543ad4a2,20260924,1.5,kinematic,noise,sigma1cm_lat1step,jonswap,strict,25.0,True,0.01,0.05,33.4,1,33.333333333333336,30.0,,e6f30e55e478d39061b94e38de33959ca99b16e8cac38a3bd99b34f6543ad4a2
sac,False,1,aft,id,SS3,200,182,0.91,0.8622342812328346,0.9423125511378069,0.0,0.0,0.09,0.0,0.91,0.0,200,0.37695289962828915,0.517082880603554,0.37648610805363364,0.5169759080658324,0.03371767080760485,0.06532111027478407,9.54174257786365,1.3818541666666666,1.3666666666666667,0.8622238768843224,0.5952335389435496,0,0.0,11,-0.008123011682364291,193,0.965,0.755,0,0,0,0,0,200,0,0,200,,0.9295293884777092,0.9829444579914328,0.965,0.9295293884777092,0.9829444579914328,artifacts/runs/sac/1,sac,2000000,final,2000000,14d7f32bf25e34a16fe3677cdab869c107881536,04af3f42a26542592ae4f363f65c6e5d7add8aeafb0ca57a9a91656a83c5623d,a46f94152e99cd325ec30eb7de6c25c79be05c2294519eddee235e09b8bf5159,8f72450570c886e5c0f75c9a89782a62f7e829fc0ed24e12b4a9994098d4373d,eb9ea77cfdce8e5e360e36f545085ddadcfffcdc64e04912ad9f5564870bcdea,8880fffd9d5bee4a3fa40f00eb2613071bf8fbfc917c39d626b6df6054a06ac4,LearnedPolicy,False,jonswap,jonswap,3.12.3,2.5.2,2.13.0,2.9.0,1.3.0,3.2.7,e9fa15cc35312a5c1ecf0c42668a690b5061c090,7ebad1ecabd28a7000add2d05f888aa2e837c2cc,c7fbdcc4df48bd4a2cfe21811613e5e50e3e4868822fe6dddd13745d96692118,b98d65cc5e34337369dcd4d69d63651cc2c99c19e8494199e8b5ec9e06c8b87f,3ee7e46399aea60603c767e0a604e79e7db233924ce71fe027a1ccc1623b7eb0,7beb41daec3d6a34c6da7696c56a982667957298f017ebe137829282b6ce7985,e6f30e55e478d39061b94e38de33959ca99b16e8cac38a3bd99b34f6543ad4a2,20260924,1.5,kinematic,noise,sigma1cm_lat1step,jonswap,strict,25.0,True,0.01,0.05,33.4,1,33.333333333333336,30.0,,e6f30e55e478d39061b94e38de33959ca99b16e8cac38a3bd99b34f6543ad4a2
sac,False,1,aft,id,SS4,200,171,0.855,0.7995133246921847,0.8971064935799559,0.0,0.005,0.125,0.015,0.855,0.0,200,0.3753935568843275,0.5641369124896715,0.37755188497348147,0.5648645891894783,0.0384612108483505,0.07084544444351525,12.772466152670697,1.4082083333333333,1.4104166666666667,0.8515443397350304,0.6050115409346111,1,0.005,16,-0.00901862462336787,147,0.735,0.75,0,0,0,0,0,196,4,0,200,,0.6698242380737758,0.7913184585289088,0.735,0.6698242380737758,0.7913184585289088,artifacts/runs/sac/1,sac,2000000,final,2000000,14d7f32bf25e34a16fe3677cdab869c107881536,04af3f42a26542592ae4f363f65c6e5d7add8aeafb0ca57a9a91656a83c5623d,a46f94152e99cd325ec30eb7de6c25c79be05c2294519eddee235e09b8bf5159,8f72450570c886e5c0f75c9a89782a62f7e829fc0ed24e12b4a9994098d4373d,eb9ea77cfdce8e5e360e36f545085ddadcfffcdc64e04912ad9f5564870bcdea,8880fffd9d5bee4a3fa40f00eb2613071bf8fbfc917c39d626b6df6054a06ac4,LearnedPolicy,False,jonswap,jonswap,3.12.3,2.5.2,2.13.0,2.9.0,1.3.0,3.2.7,e9fa15cc35312a5c1ecf0c42668a690b5061c090,7ebad1ecabd28a7000add2d05f888aa2e837c2cc,c7fbdcc4df48bd4a2cfe21811613e5e50e3e4868822fe6dddd13745d96692118,b98d65cc5e34337369dcd4d69d63651cc2c99c19e8494199e8b5ec9e06c8b87f,3ee7e46399aea60603c767e0a604e79e7db233924ce71fe027a1ccc1623b7eb0,7beb41daec3d6a34c6da7696c56a982667957298f017ebe137829282b6ce7985,e6f30e55e478d39061b94e38de33959ca99b16e8cac38a3bd99b34f6543ad4a2,20260924,1.5,kinematic,noise,sigma1cm_lat1step,jonswap,strict,25.0,True,0.01,0.05,33.4,1,33.333333333333336,30.0,,e6f30e55e478d39061b94e38de33959ca99b16e8cac38a3bd99b34f6543ad4a2
sac,False,1,aft,id,SS5,200,143,0.715,0.6488465397039482,0.7730499699538271,0.01,0.025,0.25,0.0,0.715,0.0,199,0.41063240784021654,0.6748669914766914,0.40756259439489523,0.6680223126091758,0.0425741651817135,0.08571225286899391,14.87956544096884,1.5250628140703517,1.4666666666666666,0.8041399668016618,0.6074428473993272,0,0.0,36,-0.01294596317531936,60,0.3015075376884422,0.745,0,0,2,0,0,194,4,0,200,,0.2420010294198634,0.3685322389795041,0.3,0.24074744682371402,0.36679068372719265,artifacts/runs/sac/1,sac,2000000,final,2000000,14d7f32bf25e34a16fe3677cdab869c107881536,04af3f42a26542592ae4f363f65c6e5d7add8aeafb0ca57a9a91656a83c5623d,a46f94152e99cd325ec30eb7de6c25c79be05c2294519eddee235e09b8bf5159,8f72450570c886e5c0f75c9a89782a62f7e829fc0ed24e12b4a9994098d4373d,eb9ea77cfdce8e5e360e36f545085ddadcfffcdc64e04912ad9f5564870bcdea,8880fffd9d5bee4a3fa40f00eb2613071bf8fbfc917c39d626b6df6054a06ac4,LearnedPolicy,False,jonswap,jonswap,3.12.3,2.5.2,2.13.0,2.9.0,1.3.0,3.2.7,e9fa15cc35312a5c1ecf0c42668a690b5061c090,7ebad1ecabd28a7000add2d05f888aa2e837c2cc,c7fbdcc4df48bd4a2cfe21811613e5e50e3e4868822fe6dddd13745d96692118,b98d65cc5e34337369dcd4d69d63651cc2c99c19e8494199e8b5ec9e06c8b87f,3ee7e46399aea60603c767e0a604e79e7db233924ce71fe027a1ccc1623b7eb0,7beb41daec3d6a34c6da7696c56a982667957298f017ebe137829282b6ce7985,e6f30e55e478d39061b94e38de33959ca99b16e8cac38a3bd99b34f6543ad4a2,20260924,1.5,kinematic,noise,sigma1cm_lat1step,jonswap,strict,25.0,True,0.01,0.05,33.4,1,33.333333333333336,30.0,,e6f30e55e478d39061b94e38de33959ca99b16e8cac38a3bd99b34f6543ad4a2
sac,False,1,aft,id,SS6,200,121,0.605,0.5358834915928536,0.6701589898679203,0.01,0.095,0.29,0.0,0.605,0.0,198,0.4413125306032668,0.7619321440806687,0.4395684446339234,0.7647835113872136,0.05376798723960399,0.12383312247593899,18.504345607206098,1.7499158249158246,1.6333333333333333,0.7868352483331702,0.6179781079084958,0,0.0,70,-0.011110240687045294,19,0.09595959595959595,0.0,0,0,2,0,0,187,11,0,200,,0.0622948885543644,0.14500374605302804,0.095,0.06166310271738653,0.1436016116481994,artifacts/runs/sac/1,sac,2000000,final,2000000,14d7f32bf25e34a16fe3677cdab869c107881536,04af3f42a26542592ae4f363f65c6e5d7add8aeafb0ca57a9a91656a83c5623d,a46f94152e99cd325ec30eb7de6c25c79be05c2294519eddee235e09b8bf5159,8f72450570c886e5c0f75c9a89782a62f7e829fc0ed24e12b4a9994098d4373d,eb9ea77cfdce8e5e360e36f545085ddadcfffcdc64e04912ad9f5564870bcdea,8880fffd9d5bee4a3fa40f00eb2613071bf8fbfc917c39d626b6df6054a06ac4,LearnedPolicy,False,jonswap,jonswap,3.12.3,2.5.2,2.13.0,2.9.0,1.3.0,3.2.7,e9fa15cc35312a5c1ecf0c42668a690b5061c090,7ebad1ecabd28a7000add2d05f888aa2e837c2cc,c7fbdcc4df48bd4a2cfe21811613e5e50e3e4868822fe6dddd13745d96692118,b98d65cc5e34337369dcd4d69d63651cc2c99c19e8494199e8b5ec9e06c8b87f,3ee7e46399aea60603c767e0a604e79e7db233924ce71fe027a1ccc1623b7eb0,7beb41daec3d6a34c6da7696c56a982667957298f017ebe137829282b6ce7985,e6f30e55e478d39061b94e38de33959ca99b16e8cac38a3bd99b34f6543ad4a2,20260924,1.5,kinematic,noise,sigma1cm_lat1step,jonswap,strict,25.0,True,0.01,0.05,33.4,1,33.333333333333336,30.0,,e6f30e55e478d39061b94e38de33959ca99b16e8cac38a3bd99b34f6543ad4a2
sac,False,2,aft,id,SS3,200,177,0.885,0.8333528310151243,0.9221362676743804,0.0,0.005,0.11,0.0,0.885,0.0,200,0.3579984643788975,0.5793735015156133,0.35774643294883585,0.5781747808727178,0.04268400344163506,0.07598955946019396,13.209862012448813,1.5505416666666667,1.5187499999999998,0.6601082872518189,0.6010239127543777,0,0.0,17,-0.009584167501766593,189,0.945,0.755,0,0,0,0,0,199,1,0,200,,0.9042130012276914,0.9690146582965411,0.945,0.9042130012276914,0.9690146582965411,artifacts/runs/sac/2,sac,2000000,final,2000000,14d7f32bf25e34a16fe3677cdab869c107881536,04af3f42a26542592ae4f363f65c6e5d7add8aeafb0ca57a9a91656a83c5623d,a46f94152e99cd325ec30eb7de6c25c79be05c2294519eddee235e09b8bf5159,9688985a5ccf9054cc3ea10bb2397c3dc7666ffe045125f5757010ad8b83201c,aa95499ec91ebf4277770bc01b1ca798c570abfbb01f09a3d5835d001ed883ff,22f5bdf89b8ca6f9f0945a492532b9996aef9ed5b0cba343cdcce1b2385836a2,LearnedPolicy,False,jonswap,jonswap,3.12.3,2.5.2,2.13.0,2.9.0,1.3.0,3.2.7,e9fa15cc35312a5c1ecf0c42668a690b5061c090,7ebad1ecabd28a7000add2d05f888aa2e837c2cc,c7fbdcc4df48bd4a2cfe21811613e5e50e3e4868822fe6dddd13745d96692118,b98d65cc5e34337369dcd4d69d63651cc2c99c19e8494199e8b5ec9e06c8b87f,3ee7e46399aea60603c767e0a604e79e7db233924ce71fe027a1ccc1623b7eb0,7beb41daec3d6a34c6da7696c56a982667957298f017ebe137829282b6ce7985,e6f30e55e478d39061b94e38de33959ca99b16e8cac38a3bd99b34f6543ad4a2,20260924,1.5,kinematic,noise,sigma1cm_lat1step,jonswap,strict,25.0,True,0.01,0.05,33.4,1,33.333333333333336,30.0,,e6f30e55e478d39061b94e38de33959ca99b16e8cac38a3bd99b34f6543ad4a2
sac,False,2,aft,id,SS4,200,178,0.89,0.839073090026985,0.926227555398747,0.0,0.015,0.095,0.0,0.89,0.0,200,0.34444431630189354,0.575467967734662,0.3468502126830614,0.5772866777198263,0.03534452867294813,0.07325391818650125,11.066334169396338,1.5540000000000003,1.5125,0.6711915596013014,0.5798455004280707,0,0.0,17,-0.008317657586958694,148,0.74,0.75,0,0,0,0,0,200,0,0,200,,0.6750925439746589,0.7958616993642531,0.74,0.6750925439746589,0.7958616993642531,artifacts/runs/sac/2,sac,2000000,final,2000000,14d7f32bf25e34a16fe3677cdab869c107881536,04af3f42a26542592ae4f363f65c6e5d7add8aeafb0ca57a9a91656a83c5623d,a46f94152e99cd325ec30eb7de6c25c79be05c2294519eddee235e09b8bf5159,9688985a5ccf9054cc3ea10bb2397c3dc7666ffe045125f5757010ad8b83201c,aa95499ec91ebf4277770bc01b1ca798c570abfbb01f09a3d5835d001ed883ff,22f5bdf89b8ca6f9f0945a492532b9996aef9ed5b0cba343cdcce1b2385836a2,LearnedPolicy,False,jonswap,jonswap,3.12.3,2.5.2,2.13.0,2.9.0,1.3.0,3.2.7,e9fa15cc35312a5c1ecf0c42668a690b5061c090,7ebad1ecabd28a7000add2d05f888aa2e837c2cc,c7fbdcc4df48bd4a2cfe21811613e5e50e3e4868822fe6dddd13745d96692118,b98d65cc5e34337369dcd4d69d63651cc2c99c19e8494199e8b5ec9e06c8b87f,3ee7e46399aea60603c767e0a604e79e7db233924ce71fe027a1ccc1623b7eb0,7beb41daec3d6a34c6da7696c56a982667957298f017ebe137829282b6ce7985,e6f30e55e478d39061b94e38de33959ca99b16e8cac38a3bd99b34f6543ad4a2,20260924,1.5,kinematic,noise,sigma1cm_lat1step,jonswap,strict,25.0,True,0.01,0.05,33.4,1,33.333333333333336,30.0,,e6f30e55e478d39061b94e38de33959ca99b16e8cac38a3bd99b34f6543ad4a2
sac,False,2,aft,id,SS5,200,158,0.79,0.7283538314009754,0.8407158793002101,0.015,0.01,0.18,0.005,0.79,0.0,197,0.3976579035250567,0.6121594030124482,0.3990191591043562,0.6200314514254451,0.03392455246738368,0.0696231812828356,14.413688629572622,1.7267131979695434,1.7,0.657122355272204,0.5623507170547961,0,0.0,37,-0.01198290785624507,62,0.3147208121827411,0.745,0,0,3,0,0,196,1,0,200,,0.2539398813785014,0.38258934705549225,0.31,0.2499894483607809,0.37717177566258037,artifacts/runs/sac/2,sac,2000000,final,2000000,14d7f32bf25e34a16fe3677cdab869c107881536,04af3f42a26542592ae4f363f65c6e5d7add8aeafb0ca57a9a91656a83c5623d,a46f94152e99cd325ec30eb7de6c25c79be05c2294519eddee235e09b8bf5159,9688985a5ccf9054cc3ea10bb2397c3dc7666ffe045125f5757010ad8b83201c,aa95499ec91ebf4277770bc01b1ca798c570abfbb01f09a3d5835d001ed883ff,22f5bdf89b8ca6f9f0945a492532b9996aef9ed5b0cba343cdcce1b2385836a2,LearnedPolicy,False,jonswap,jonswap,3.12.3,2.5.2,2.13.0,2.9.0,1.3.0,3.2.7,e9fa15cc35312a5c1ecf0c42668a690b5061c090,7ebad1ecabd28a7000add2d05f888aa2e837c2cc,c7fbdcc4df48bd4a2cfe21811613e5e50e3e4868822fe6dddd13745d96692118,b98d65cc5e34337369dcd4d69d63651cc2c99c19e8494199e8b5ec9e06c8b87f,3ee7e46399aea60603c767e0a604e79e7db233924ce71fe027a1ccc1623b7eb0,7beb41daec3d6a34c6da7696c56a982667957298f017ebe137829282b6ce7985,e6f30e55e478d39061b94e38de33959ca99b16e8cac38a3bd99b34f6543ad4a2,20260924,1.5,kinematic,noise,sigma1cm_lat1step,jonswap,strict,25.0,True,0.01,0.05,33.4,1,33.333333333333336,30.0,,e6f30e55e478d39061b94e38de33959ca99b16e8cac38a3bd99b34f6543ad4a2
sac,False,2,aft,id,SS6,200,125,0.625,0.5561430369897816,0.6891456314159018,0.085,0.03,0.255,0.005,0.625,0.0,185,0.3965722498062728,0.6918751429193556,0.4076128135955604,0.7093431448532497,0.037632372928928605,0.09754465529991142,15.843114522661264,1.763490990990991,1.7083333333333333,0.6872249589009658,0.5653412547365666,0,0.0,62,-0.014865329665499097,28,0.15135135135135136,0.0,0,2,15,0,0,180,3,0,200,,0.10683800629286344,0.21004928738936707,0.14,0.09866982633455634,0.1948988086570756,artifacts/runs/sac/2,sac,2000000,final,2000000,14d7f32bf25e34a16fe3677cdab869c107881536,04af3f42a26542592ae4f363f65c6e5d7add8aeafb0ca57a9a91656a83c5623d,a46f94152e99cd325ec30eb7de6c25c79be05c2294519eddee235e09b8bf5159,9688985a5ccf9054cc3ea10bb2397c3dc7666ffe045125f5757010ad8b83201c,aa95499ec91ebf4277770bc01b1ca798c570abfbb01f09a3d5835d001ed883ff,22f5bdf89b8ca6f9f0945a492532b9996aef9ed5b0cba343cdcce1b2385836a2,LearnedPolicy,False,jonswap,jonswap,3.12.3,2.5.2,2.13.0,2.9.0,1.3.0,3.2.7,e9fa15cc35312a5c1ecf0c42668a690b5061c090,7ebad1ecabd28a7000add2d05f888aa2e837c2cc,c7fbdcc4df48bd4a2cfe21811613e5e50e3e4868822fe6dddd13745d96692118,b98d65cc5e34337369dcd4d69d63651cc2c99c19e8494199e8b5ec9e06c8b87f,3ee7e46399aea60603c767e0a604e79e7db233924ce71fe027a1ccc1623b7eb0,7beb41daec3d6a34c6da7696c56a982667957298f017ebe137829282b6ce7985,e6f30e55e478d39061b94e38de33959ca99b16e8cac38a3bd99b34f6543ad4a2,20260924,1.5,kinematic,noise,sigma1cm_lat1step,jonswap,strict,25.0,True,0.01,0.05,33.4,1,33.333333333333336,30.0,,e6f30e55e478d39061b94e38de33959ca99b16e8cac38a3bd99b34f6543ad4a2
sac,False,3,aft,id,SS3,200,179,0.895,0.8448196800887696,0.9302925120731899,0.0,0.005,0.1,0.0,0.895,0.0,200,0.3387098476428887,0.6293761904592684,0.3390396732615689,0.6311407146161805,0.028877573984459823,0.06231448884993095,9.991994793211969,1.2606666666666666,1.25,0.7147756338743482,0.5900141632091382,0,0.0,21,-0.012460216448593206,190,0.95,0.755,0,0,0,0,0,199,1,0,200,,0.9104218518612239,0.972617354399236,0.95,0.9104218518612239,0.972617354399236,artifacts/runs/sac/3,sac,2000000,final,2000000,14d7f32bf25e34a16fe3677cdab869c107881536,04af3f42a26542592ae4f363f65c6e5d7add8aeafb0ca57a9a91656a83c5623d,a46f94152e99cd325ec30eb7de6c25c79be05c2294519eddee235e09b8bf5159,c5c2be8fdedb97c8588fe22d1c0a493a9a395296b18aed38768fa6026c39e3b4,6462c1c4f6d72919a26059793a2c5fff3157af26f94456986f0c10c34354e44c,01b9cb82053dd92cd012ffd4b1fe0eb1181007f99200c057e96d1f20bc8a8831,LearnedPolicy,False,jonswap,jonswap,3.12.3,2.5.2,2.13.0,2.9.0,1.3.0,3.2.7,e9fa15cc35312a5c1ecf0c42668a690b5061c090,7ebad1ecabd28a7000add2d05f888aa2e837c2cc,c7fbdcc4df48bd4a2cfe21811613e5e50e3e4868822fe6dddd13745d96692118,b98d65cc5e34337369dcd4d69d63651cc2c99c19e8494199e8b5ec9e06c8b87f,3ee7e46399aea60603c767e0a604e79e7db233924ce71fe027a1ccc1623b7eb0,7beb41daec3d6a34c6da7696c56a982667957298f017ebe137829282b6ce7985,e6f30e55e478d39061b94e38de33959ca99b16e8cac38a3bd99b34f6543ad4a2,20260924,1.5,kinematic,noise,sigma1cm_lat1step,jonswap,strict,25.0,True,0.01,0.05,33.4,1,33.333333333333336,30.0,,e6f30e55e478d39061b94e38de33959ca99b16e8cac38a3bd99b34f6543ad4a2
sac,False,3,aft,id,SS4,200,170,0.85,0.7939442071583334,0.89286406437758,0.005,0.01,0.135,0.0,0.85,0.0,199,0.3619766259213728,0.5911444385742707,0.36184250447409616,0.5933518976136731,0.02968411090337543,0.06935235306943771,14.300073608433003,1.2662060301507538,1.2583333333333333,0.7621776052681034,0.5952199996205019,0,0.0,22,-0.010581031986161065,144,0.7236180904522613,0.75,0,0,1,0,0,197,2,0,200,,0.6576945407753232,0.7810717771038702,0.72,0.6540769541334929,0.7776311022605097,artifacts/runs/sac/3,sac,2000000,final,2000000,14d7f32bf25e34a16fe3677cdab869c107881536,04af3f42a26542592ae4f363f65c6e5d7add8aeafb0ca57a9a91656a83c5623d,a46f94152e99cd325ec30eb7de6c25c79be05c2294519eddee235e09b8bf5159,c5c2be8fdedb97c8588fe22d1c0a493a9a395296b18aed38768fa6026c39e3b4,6462c1c4f6d72919a26059793a2c5fff3157af26f94456986f0c10c34354e44c,01b9cb82053dd92cd012ffd4b1fe0eb1181007f99200c057e96d1f20bc8a8831,LearnedPolicy,False,jonswap,jonswap,3.12.3,2.5.2,2.13.0,2.9.0,1.3.0,3.2.7,e9fa15cc35312a5c1ecf0c42668a690b5061c090,7ebad1ecabd28a7000add2d05f888aa2e837c2cc,c7fbdcc4df48bd4a2cfe21811613e5e50e3e4868822fe6dddd13745d96692118,b98d65cc5e34337369dcd4d69d63651cc2c99c19e8494199e8b5ec9e06c8b87f,3ee7e46399aea60603c767e0a604e79e7db233924ce71fe027a1ccc1623b7eb0,7beb41daec3d6a34c6da7696c56a982667957298f017ebe137829282b6ce7985,e6f30e55e478d39061b94e38de33959ca99b16e8cac38a3bd99b34f6543ad4a2,20260924,1.5,kinematic,noise,sigma1cm_lat1step,jonswap,strict,25.0,True,0.01,0.05,33.4,1,33.333333333333336,30.0,,e6f30e55e478d39061b94e38de33959ca99b16e8cac38a3bd99b34f6543ad4a2
sac,False,3,aft,id,SS5,200,146,0.73,0.6645656480133157,0.7867655018531416,0.0,0.035,0.235,0.0,0.73,0.0,200,0.412085802384345,0.7141029263495106,0.41098007469799724,0.7035572035671408,0.03682417872974719,0.0885283397894019,13.148126554974416,1.3389583333333333,1.3125,0.7985088320895415,0.6026807909145381,0,0.0,36,-0.01021198073212887,60,0.3,0.745,0,0,0,0,0,200,0,0,200,,0.24074744682371402,0.36679068372719265,0.3,0.24074744682371402,0.36679068372719265,artifacts/runs/sac/3,sac,2000000,final,2000000,14d7f32bf25e34a16fe3677cdab869c107881536,04af3f42a26542592ae4f363f65c6e5d7add8aeafb0ca57a9a91656a83c5623d,a46f94152e99cd325ec30eb7de6c25c79be05c2294519eddee235e09b8bf5159,c5c2be8fdedb97c8588fe22d1c0a493a9a395296b18aed38768fa6026c39e3b4,6462c1c4f6d72919a26059793a2c5fff3157af26f94456986f0c10c34354e44c,01b9cb82053dd92cd012ffd4b1fe0eb1181007f99200c057e96d1f20bc8a8831,LearnedPolicy,False,jonswap,jonswap,3.12.3,2.5.2,2.13.0,2.9.0,1.3.0,3.2.7,e9fa15cc35312a5c1ecf0c42668a690b5061c090,7ebad1ecabd28a7000add2d05f888aa2e837c2cc,c7fbdcc4df48bd4a2cfe21811613e5e50e3e4868822fe6dddd13745d96692118,b98d65cc5e34337369dcd4d69d63651cc2c99c19e8494199e8b5ec9e06c8b87f,3ee7e46399aea60603c767e0a604e79e7db233924ce71fe027a1ccc1623b7eb0,7beb41daec3d6a34c6da7696c56a982667957298f017ebe137829282b6ce7985,e6f30e55e478d39061b94e38de33959ca99b16e8cac38a3bd99b34f6543ad4a2,20260924,1.5,kinematic,noise,sigma1cm_lat1step,jonswap,strict,25.0,True,0.01,0.05,33.4,1,33.333333333333336,30.0,,e6f30e55e478d39061b94e38de33959ca99b16e8cac38a3bd99b34f6543ad4a2
sac,False,3,aft,id,SS6,200,125,0.625,0.5561430369897816,0.6891456314159018,0.005,0.085,0.275,0.01,0.625,0.0,199,0.42206898131241943,0.6696038251774591,0.41483943686870944,0.6611962099984905,0.04511048576348504,0.11828428651606782,16.346465280018155,1.5284757118927976,1.425,0.8083390519364185,0.6079636208614255,0,0.0,50,-0.011710768201833931,21,0.10552763819095477,0.0,0,0,1,0,0,192,7,0,200,,0.0700631887478877,0.15593330667870367,0.105,0.06970748792681017,0.1551803199112304,artifacts/runs/sac/3,sac,2000000,final,2000000,14d7f32bf25e34a16fe3677cdab869c107881536,04af3f42a26542592ae4f363f65c6e5d7add8aeafb0ca57a9a91656a83c5623d,a46f94152e99cd325ec30eb7de6c25c79be05c2294519eddee235e09b8bf5159,c5c2be8fdedb97c8588fe22d1c0a493a9a395296b18aed38768fa6026c39e3b4,6462c1c4f6d72919a26059793a2c5fff3157af26f94456986f0c10c34354e44c,01b9cb82053dd92cd012ffd4b1fe0eb1181007f99200c057e96d1f20bc8a8831,LearnedPolicy,False,jonswap,jonswap,3.12.3,2.5.2,2.13.0,2.9.0,1.3.0,3.2.7,e9fa15cc35312a5c1ecf0c42668a690b5061c090,7ebad1ecabd28a7000add2d05f888aa2e837c2cc,c7fbdcc4df48bd4a2cfe21811613e5e50e3e4868822fe6dddd13745d96692118,b98d65cc5e34337369dcd4d69d63651cc2c99c19e8494199e8b5ec9e06c8b87f,3ee7e46399aea60603c767e0a604e79e7db233924ce71fe027a1ccc1623b7eb0,7beb41daec3d6a34c6da7696c56a982667957298f017ebe137829282b6ce7985,e6f30e55e478d39061b94e38de33959ca99b16e8cac38a3bd99b34f6543ad4a2,20260924,1.5,kinematic,noise,sigma1cm_lat1step,jonswap,strict,25.0,True,0.01,0.05,33.4,1,33.333333333333336,30.0,,e6f30e55e478d39061b94e38de33959ca99b16e8cac38a3bd99b34f6543ad4a2
sac,False,4,aft,id,SS3,200,194,0.97,0.9361057075454807,0.9861796856598887,0.0,0.0,0.03,0.0,0.97,0.0,200,0.3393174562619313,0.4589401372027704,0.33979607014436003,0.45885110070499613,0.02174580363271616,0.050306642632960946,8.952692590554063,1.4475624999999999,1.4270833333333335,0.8332835460746115,0.5774169914329033,0,0.0,6,-0.006739880670654689,195,0.975,0.755,0,0,0,0,0,200,0,0,200,,0.942821659593358,0.9892752803482386,0.975,0.942821659593358,0.9892752803482386,artifacts/runs/sac/4,sac,2000000,final,2000000,14d7f32bf25e34a16fe3677cdab869c107881536,04af3f42a26542592ae4f363f65c6e5d7add8aeafb0ca57a9a91656a83c5623d,a46f94152e99cd325ec30eb7de6c25c79be05c2294519eddee235e09b8bf5159,45a546406b2b9c9a546101424ac98a3ae5a0f312cdeb72fa4a81f368803d5380,5d0066dbcbd8fef89cf79185dc527dfa5c8c3b6e5686032aa02efa479dd858db,ed71bb4c19fe01e28d412178b72ed75c03307f532389b6b201bbf656cc4bced5,LearnedPolicy,False,jonswap,jonswap,3.12.3,2.5.2,2.13.0,2.9.0,1.3.0,3.2.7,e9fa15cc35312a5c1ecf0c42668a690b5061c090,7ebad1ecabd28a7000add2d05f888aa2e837c2cc,c7fbdcc4df48bd4a2cfe21811613e5e50e3e4868822fe6dddd13745d96692118,b98d65cc5e34337369dcd4d69d63651cc2c99c19e8494199e8b5ec9e06c8b87f,3ee7e46399aea60603c767e0a604e79e7db233924ce71fe027a1ccc1623b7eb0,7beb41daec3d6a34c6da7696c56a982667957298f017ebe137829282b6ce7985,e6f30e55e478d39061b94e38de33959ca99b16e8cac38a3bd99b34f6543ad4a2,20260924,1.5,kinematic,noise,sigma1cm_lat1step,jonswap,strict,25.0,True,0.01,0.05,33.4,1,33.333333333333336,30.0,,e6f30e55e478d39061b94e38de33959ca99b16e8cac38a3bd99b34f6543ad4a2
sac,False,4,aft,id,SS4,200,182,0.91,0.8622342812328346,0.9423125511378069,0.0,0.01,0.075,0.005,0.91,0.0,200,0.35160195866712035,0.5854145330506917,0.3496100200848805,0.5819060233608836,0.024738416312276464,0.060611533948301106,8.93661194535133,1.4914166666666666,1.5104166666666665,0.860352391359084,0.5801424351249963,0,0.0,10,-0.009172777239541418,146,0.73,0.75,0,0,0,0,0,199,1,0,200,,0.6645656480133157,0.7867655018531416,0.73,0.6645656480133157,0.7867655018531416,artifacts/runs/sac/4,sac,2000000,final,2000000,14d7f32bf25e34a16fe3677cdab869c107881536,04af3f42a26542592ae4f363f65c6e5d7add8aeafb0ca57a9a91656a83c5623d,a46f94152e99cd325ec30eb7de6c25c79be05c2294519eddee235e09b8bf5159,45a546406b2b9c9a546101424ac98a3ae5a0f312cdeb72fa4a81f368803d5380,5d0066dbcbd8fef89cf79185dc527dfa5c8c3b6e5686032aa02efa479dd858db,ed71bb4c19fe01e28d412178b72ed75c03307f532389b6b201bbf656cc4bced5,LearnedPolicy,False,jonswap,jonswap,3.12.3,2.5.2,2.13.0,2.9.0,1.3.0,3.2.7,e9fa15cc35312a5c1ecf0c42668a690b5061c090,7ebad1ecabd28a7000add2d05f888aa2e837c2cc,c7fbdcc4df48bd4a2cfe21811613e5e50e3e4868822fe6dddd13745d96692118,b98d65cc5e34337369dcd4d69d63651cc2c99c19e8494199e8b5ec9e06c8b87f,3ee7e46399aea60603c767e0a604e79e7db233924ce71fe027a1ccc1623b7eb0,7beb41daec3d6a34c6da7696c56a982667957298f017ebe137829282b6ce7985,e6f30e55e478d39061b94e38de33959ca99b16e8cac38a3bd99b34f6543ad4a2,20260924,1.5,kinematic,noise,sigma1cm_lat1step,jonswap,strict,25.0,True,0.01,0.05,33.4,1,33.333333333333336,30.0,,e6f30e55e478d39061b94e38de33959ca99b16e8cac38a3bd99b34f6543ad4a2
sac,False,4,aft,id,SS5,200,155,0.775,0.7122587676433947,0.8273763028491088,0.02,0.05,0.155,0.0,0.775,0.0,196,0.3811101972106552,0.6218248215519512,0.3855946395426577,0.6217959682303638,0.026165702012793335,0.09719737136454207,14.601399138291917,1.698044217687075,1.6708333333333334,0.8745450013524325,0.6008948685160951,0,0.0,36,-0.007923663142919198,57,0.29081632653061223,0.745,0,0,4,0,0,194,2,0,200,,0.23174484814557778,0.35792988459557123,0.285,0.22695003004617292,0.3511534602960517,artifacts/runs/sac/4,sac,2000000,final,2000000,14d7f32bf25e34a16fe3677cdab869c107881536,04af3f42a26542592ae4f363f65c6e5d7add8aeafb0ca57a9a91656a83c5623d,a46f94152e99cd325ec30eb7de6c25c79be05c2294519eddee235e09b8bf5159,45a546406b2b9c9a546101424ac98a3ae5a0f312cdeb72fa4a81f368803d5380,5d0066dbcbd8fef89cf79185dc527dfa5c8c3b6e5686032aa02efa479dd858db,ed71bb4c19fe01e28d412178b72ed75c03307f532389b6b201bbf656cc4bced5,LearnedPolicy,False,jonswap,jonswap,3.12.3,2.5.2,2.13.0,2.9.0,1.3.0,3.2.7,e9fa15cc35312a5c1ecf0c42668a690b5061c090,7ebad1ecabd28a7000add2d05f888aa2e837c2cc,c7fbdcc4df48bd4a2cfe21811613e5e50e3e4868822fe6dddd13745d96692118,b98d65cc5e34337369dcd4d69d63651cc2c99c19e8494199e8b5ec9e06c8b87f,3ee7e46399aea60603c767e0a604e79e7db233924ce71fe027a1ccc1623b7eb0,7beb41daec3d6a34c6da7696c56a982667957298f017ebe137829282b6ce7985,e6f30e55e478d39061b94e38de33959ca99b16e8cac38a3bd99b34f6543ad4a2,20260924,1.5,kinematic,noise,sigma1cm_lat1step,jonswap,strict,25.0,True,0.01,0.05,33.4,1,33.333333333333336,30.0,,e6f30e55e478d39061b94e38de33959ca99b16e8cac38a3bd99b34f6543ad4a2
sac,False,4,aft,id,SS6,200,124,0.62,0.5510671801561923,0.6844099415132637,0.03,0.06,0.265,0.025,0.62,0.0,194,0.4048020454486031,0.7222433117798235,0.40619671269363095,0.7185142075557505,0.03282073545776133,0.10607758809460836,17.019398497466018,1.8111039518900343,1.75,0.8701633153242944,0.6098370713170983,1,0.005,40,-0.015377979218581715,21,0.10824742268041238,0.0,0,0,6,0,0,182,12,0,200,,0.07189759497558228,0.15981045597566318,0.105,0.06970748792681017,0.1551803199112304,artifacts/runs/sac/4,sac,2000000,final,2000000,14d7f32bf25e34a16fe3677cdab869c107881536,04af3f42a26542592ae4f363f65c6e5d7add8aeafb0ca57a9a91656a83c5623d,a46f94152e99cd325ec30eb7de6c25c79be05c2294519eddee235e09b8bf5159,45a546406b2b9c9a546101424ac98a3ae5a0f312cdeb72fa4a81f368803d5380,5d0066dbcbd8fef89cf79185dc527dfa5c8c3b6e5686032aa02efa479dd858db,ed71bb4c19fe01e28d412178b72ed75c03307f532389b6b201bbf656cc4bced5,LearnedPolicy,False,jonswap,jonswap,3.12.3,2.5.2,2.13.0,2.9.0,1.3.0,3.2.7,e9fa15cc35312a5c1ecf0c42668a690b5061c090,7ebad1ecabd28a7000add2d05f888aa2e837c2cc,c7fbdcc4df48bd4a2cfe21811613e5e50e3e4868822fe6dddd13745d96692118,b98d65cc5e34337369dcd4d69d63651cc2c99c19e8494199e8b5ec9e06c8b87f,3ee7e46399aea60603c767e0a604e79e7db233924ce71fe027a1ccc1623b7eb0,7beb41daec3d6a34c6da7696c56a982667957298f017ebe137829282b6ce7985,e6f30e55e478d39061b94e38de33959ca99b16e8cac38a3bd99b34f6543ad4a2,20260924,1.5,kinematic,noise,sigma1cm_lat1step,jonswap,strict,25.0,True,0.01,0.05,33.4,1,33.333333333333336,30.0,,e6f30e55e478d39061b94e38de33959ca99b16e8cac38a3bd99b34f6543ad4a2
residual_ppo,False,0,aft,id,SS3,200,200,1.0,0.9811546736227335,1.0,0.0,0.0,0.0,0.0,1.0,0.0,200,0.24831225301952192,0.3043136168222412,0.247729666231637,0.3045207437130749,0.013683636188941802,0.028405525470604133,6.0724203819862534,1.9970833333333333,1.9729166666666664,0.12756563130425178,0.22107553487573608,0,0.0,0,-0.003109687616309475,188,0.94,0.755,0,0,0,0,0,200,0,0,200,,0.8980683070423372,0.9653478057456681,0.94,0.8980683070423372,0.9653478057456681,artifacts/runs/residual_ppo/0,ppo,10000000,final,10010624,6cedd5d9a1fbf7eabafa9ca6146ab19ce81fdab2,19cdad00d93d6be4a86cfe04718de10a5c258cf4c8f4a801437a495be5d5fc86,d706560de93355a04d130211968afc8ccf20e7443dc3b03da0206c0a4414e00c,3faf23260e02091826843f6a2a1888069256f56bb9cd93c74aec52beefdbfe2b,647ece3afc685b286aee3149d637ed8ac15ad27205bb9b011ad6aa2d37c86182,d44cbe30cef4a9768cd85e5b1d08c765902780f9adce81a5b90982fd461f609b,ResidualPolicy,False,jonswap,jonswap,3.12.3,2.5.2,2.13.0,2.9.0,1.3.0,3.2.7,e9fa15cc35312a5c1ecf0c42668a690b5061c090,7ebad1ecabd28a7000add2d05f888aa2e837c2cc,c7fbdcc4df48bd4a2cfe21811613e5e50e3e4868822fe6dddd13745d96692118,b98d65cc5e34337369dcd4d69d63651cc2c99c19e8494199e8b5ec9e06c8b87f,3ee7e46399aea60603c767e0a604e79e7db233924ce71fe027a1ccc1623b7eb0,7beb41daec3d6a34c6da7696c56a982667957298f017ebe137829282b6ce7985,e6f30e55e478d39061b94e38de33959ca99b16e8cac38a3bd99b34f6543ad4a2,20260924,1.5,kinematic,noise,sigma1cm_lat1step,jonswap,strict,25.0,True,0.01,0.05,33.4,1,33.333333333333336,30.0,,e6f30e55e478d39061b94e38de33959ca99b16e8cac38a3bd99b34f6543ad4a2
residual_ppo,False,0,aft,id,SS4,200,198,0.99,0.9642782382838231,0.9972533418664555,0.0,0.0,0.0,0.01,0.99,0.0,200,0.2501628822625038,0.31500926127575246,0.24960213692342287,0.31516312043875944,0.01388546927932359,0.02887297569347524,6.321463766135838,2.0054999999999996,1.9895833333333335,0.132982178393248,0.22137827962696605,0,0.0,0,-0.004055940189235344,142,0.71,0.75,0,0,0,0,0,198,2,0,200,,0.6436252189922268,0.7684597439293211,0.71,0.6436252189922268,0.7684597439293211,artifacts/runs/residual_ppo/0,ppo,10000000,final,10010624,6cedd5d9a1fbf7eabafa9ca6146ab19ce81fdab2,19cdad00d93d6be4a86cfe04718de10a5c258cf4c8f4a801437a495be5d5fc86,d706560de93355a04d130211968afc8ccf20e7443dc3b03da0206c0a4414e00c,3faf23260e02091826843f6a2a1888069256f56bb9cd93c74aec52beefdbfe2b,647ece3afc685b286aee3149d637ed8ac15ad27205bb9b011ad6aa2d37c86182,d44cbe30cef4a9768cd85e5b1d08c765902780f9adce81a5b90982fd461f609b,ResidualPolicy,False,jonswap,jonswap,3.12.3,2.5.2,2.13.0,2.9.0,1.3.0,3.2.7,e9fa15cc35312a5c1ecf0c42668a690b5061c090,7ebad1ecabd28a7000add2d05f888aa2e837c2cc,c7fbdcc4df48bd4a2cfe21811613e5e50e3e4868822fe6dddd13745d96692118,b98d65cc5e34337369dcd4d69d63651cc2c99c19e8494199e8b5ec9e06c8b87f,3ee7e46399aea60603c767e0a604e79e7db233924ce71fe027a1ccc1623b7eb0,7beb41daec3d6a34c6da7696c56a982667957298f017ebe137829282b6ce7985,e6f30e55e478d39061b94e38de33959ca99b16e8cac38a3bd99b34f6543ad4a2,20260924,1.5,kinematic,noise,sigma1cm_lat1step,jonswap,strict,25.0,True,0.01,0.05,33.4,1,33.333333333333336,30.0,,e6f30e55e478d39061b94e38de33959ca99b16e8cac38a3bd99b34f6543ad4a2
residual_ppo,False,0,aft,id,SS5,200,199,0.995,0.9722262956021069,0.9991168312843989,0.0,0.0,0.005,0.0,0.995,0.0,200,0.25600828877845877,0.3351013062422307,0.256745919165848,0.33727069188778325,0.01514622566171535,0.030590715311698373,8.086667271466245,2.001041666666667,1.9812500000000002,0.13838655227772378,0.22234056721554865,0,0.0,0,-0.004668074365121476,58,0.29,0.745,0,0,0,0,0,199,1,0,200,,0.23154025607067882,0.3563747810077731,0.29,0.23154025607067882,0.3563747810077731,artifacts/runs/residual_ppo/0,ppo,10000000,final,10010624,6cedd5d9a1fbf7eabafa9ca6146ab19ce81fdab2,19cdad00d93d6be4a86cfe04718de10a5c258cf4c8f4a801437a495be5d5fc86,d706560de93355a04d130211968afc8ccf20e7443dc3b03da0206c0a4414e00c,3faf23260e02091826843f6a2a1888069256f56bb9cd93c74aec52beefdbfe2b,647ece3afc685b286aee3149d637ed8ac15ad27205bb9b011ad6aa2d37c86182,d44cbe30cef4a9768cd85e5b1d08c765902780f9adce81a5b90982fd461f609b,ResidualPolicy,False,jonswap,jonswap,3.12.3,2.5.2,2.13.0,2.9.0,1.3.0,3.2.7,e9fa15cc35312a5c1ecf0c42668a690b5061c090,7ebad1ecabd28a7000add2d05f888aa2e837c2cc,c7fbdcc4df48bd4a2cfe21811613e5e50e3e4868822fe6dddd13745d96692118,b98d65cc5e34337369dcd4d69d63651cc2c99c19e8494199e8b5ec9e06c8b87f,3ee7e46399aea60603c767e0a604e79e7db233924ce71fe027a1ccc1623b7eb0,7beb41daec3d6a34c6da7696c56a982667957298f017ebe137829282b6ce7985,e6f30e55e478d39061b94e38de33959ca99b16e8cac38a3bd99b34f6543ad4a2,20260924,1.5,kinematic,noise,sigma1cm_lat1step,jonswap,strict,25.0,True,0.01,0.05,33.4,1,33.333333333333336,30.0,,e6f30e55e478d39061b94e38de33959ca99b16e8cac38a3bd99b34f6543ad4a2
residual_ppo,False,0,aft,id,SS6,200,188,0.94,0.8980683070423372,0.9653478057456681,0.0,0.0,0.05,0.01,0.94,0.0,200,0.25367546552396175,0.33486824745020294,0.2545852049703137,0.3315727943964481,0.017592143546633507,0.03710909142864454,14.672139721014876,2.024833333333333,2.025,0.14466300506043392,0.21885518384939068,0,0.0,4,-0.006317737765529856,25,0.125,0.0,0,0,0,0,0,197,3,0,200,,0.08611974475712644,0.17801425002582347,0.125,0.08611974475712644,0.17801425002582347,artifacts/runs/residual_ppo/0,ppo,10000000,final,10010624,6cedd5d9a1fbf7eabafa9ca6146ab19ce81fdab2,19cdad00d93d6be4a86cfe04718de10a5c258cf4c8f4a801437a495be5d5fc86,d706560de93355a04d130211968afc8ccf20e7443dc3b03da0206c0a4414e00c,3faf23260e02091826843f6a2a1888069256f56bb9cd93c74aec52beefdbfe2b,647ece3afc685b286aee3149d637ed8ac15ad27205bb9b011ad6aa2d37c86182,d44cbe30cef4a9768cd85e5b1d08c765902780f9adce81a5b90982fd461f609b,ResidualPolicy,False,jonswap,jonswap,3.12.3,2.5.2,2.13.0,2.9.0,1.3.0,3.2.7,e9fa15cc35312a5c1ecf0c42668a690b5061c090,7ebad1ecabd28a7000add2d05f888aa2e837c2cc,c7fbdcc4df48bd4a2cfe21811613e5e50e3e4868822fe6dddd13745d96692118,b98d65cc5e34337369dcd4d69d63651cc2c99c19e8494199e8b5ec9e06c8b87f,3ee7e46399aea60603c767e0a604e79e7db233924ce71fe027a1ccc1623b7eb0,7beb41daec3d6a34c6da7696c56a982667957298f017ebe137829282b6ce7985,e6f30e55e478d39061b94e38de33959ca99b16e8cac38a3bd99b34f6543ad4a2,20260924,1.5,kinematic,noise,sigma1cm_lat1step,jonswap,strict,25.0,True,0.01,0.05,33.4,1,33.333333333333336,30.0,,e6f30e55e478d39061b94e38de33959ca99b16e8cac38a3bd99b34f6543ad4a2
residual_ppo,False,1,aft,id,SS3,200,200,1.0,0.9811546736227335,1.0,0.0,0.0,0.0,0.0,1.0,0.0,200,0.2536415732708608,0.3186223703953899,0.25382938716153347,0.3185889203988988,0.014430863434074546,0.02916391536140368,6.692908956629052,1.9977916666666664,1.9895833333333335,0.122418883871281,0.2002424306790531,0,0.0,0,-0.004164383257406352,189,0.945,0.755,0,0,0,0,0,200,0,0,200,,0.9042130012276914,0.9690146582965411,0.945,0.9042130012276914,0.9690146582965411,artifacts/runs/residual_ppo/1,ppo,10000000,final,10010624,6cedd5d9a1fbf7eabafa9ca6146ab19ce81fdab2,19cdad00d93d6be4a86cfe04718de10a5c258cf4c8f4a801437a495be5d5fc86,d706560de93355a04d130211968afc8ccf20e7443dc3b03da0206c0a4414e00c,1b3a12e22cb8c40d526d1e4a68f00be1afbfa8fd7e118c33d247e18d51339b5a,ad2b2662bdcf6a313c9ca4eb821568d3cee96a7db386ac524dfba4f6d6e9506d,831eb1b8655ac92e1cf3d4907822d4b7f192380179868871581e48397b2a3421,ResidualPolicy,False,jonswap,jonswap,3.12.3,2.5.2,2.13.0,2.9.0,1.3.0,3.2.7,e9fa15cc35312a5c1ecf0c42668a690b5061c090,7ebad1ecabd28a7000add2d05f888aa2e837c2cc,c7fbdcc4df48bd4a2cfe21811613e5e50e3e4868822fe6dddd13745d96692118,b98d65cc5e34337369dcd4d69d63651cc2c99c19e8494199e8b5ec9e06c8b87f,3ee7e46399aea60603c767e0a604e79e7db233924ce71fe027a1ccc1623b7eb0,7beb41daec3d6a34c6da7696c56a982667957298f017ebe137829282b6ce7985,e6f30e55e478d39061b94e38de33959ca99b16e8cac38a3bd99b34f6543ad4a2,20260924,1.5,kinematic,noise,sigma1cm_lat1step,jonswap,strict,25.0,True,0.01,0.05,33.4,1,33.333333333333336,30.0,,e6f30e55e478d39061b94e38de33959ca99b16e8cac38a3bd99b34f6543ad4a2
residual_ppo,False,1,aft,id,SS4,200,199,0.995,0.9722262956021069,0.9991168312843989,0.0,0.0,0.0,0.005,0.995,0.0,200,0.24780901135469383,0.31721795647805767,0.24851959994913092,0.318632395650184,0.01486737008029923,0.034256873848280245,6.970572595390995,1.9991041666666667,1.9812500000000002,0.12833952195751952,0.19947029508223468,0,0.0,0,-0.003915077942838303,139,0.695,0.75,0,0,0,0,0,199,1,0,200,,0.6280144790202163,0.7546358436926496,0.695,0.6280144790202163,0.7546358436926496,artifacts/runs/residual_ppo/1,ppo,10000000,final,10010624,6cedd5d9a1fbf7eabafa9ca6146ab19ce81fdab2,19cdad00d93d6be4a86cfe04718de10a5c258cf4c8f4a801437a495be5d5fc86,d706560de93355a04d130211968afc8ccf20e7443dc3b03da0206c0a4414e00c,1b3a12e22cb8c40d526d1e4a68f00be1afbfa8fd7e118c33d247e18d51339b5a,ad2b2662bdcf6a313c9ca4eb821568d3cee96a7db386ac524dfba4f6d6e9506d,831eb1b8655ac92e1cf3d4907822d4b7f192380179868871581e48397b2a3421,ResidualPolicy,False,jonswap,jonswap,3.12.3,2.5.2,2.13.0,2.9.0,1.3.0,3.2.7,e9fa15cc35312a5c1ecf0c42668a690b5061c090,7ebad1ecabd28a7000add2d05f888aa2e837c2cc,c7fbdcc4df48bd4a2cfe21811613e5e50e3e4868822fe6dddd13745d96692118,b98d65cc5e34337369dcd4d69d63651cc2c99c19e8494199e8b5ec9e06c8b87f,3ee7e46399aea60603c767e0a604e79e7db233924ce71fe027a1ccc1623b7eb0,7beb41daec3d6a34c6da7696c56a982667957298f017ebe137829282b6ce7985,e6f30e55e478d39061b94e38de33959ca99b16e8cac38a3bd99b34f6543ad4a2,20260924,1.5,kinematic,noise,sigma1cm_lat1step,jonswap,strict,25.0,True,0.01,0.05,33.4,1,33.333333333333336,30.0,,e6f30e55e478d39061b94e38de33959ca99b16e8cac38a3bd99b34f6543ad4a2
residual_ppo,False,1,aft,id,SS5,200,198,0.99,0.9642782382838231,0.9972533418664555,0.0,0.0,0.01,0.0,0.99,0.0,200,0.2588525703338046,0.3362624114012812,0.2607913564221057,0.33700794768974046,0.01558663018501327,0.032360660310706675,9.648578798984953,1.997520833333333,1.9895833333333335,0.13479731458330033,0.20157863964480127,0,0.0,0,-0.004377416151563718,58,0.29,0.745,0,0,0,0,0,200,0,0,200,,0.23154025607067882,0.3563747810077731,0.29,0.23154025607067882,0.3563747810077731,artifacts/runs/residual_ppo/1,ppo,10000000,final,10010624,6cedd5d9a1fbf7eabafa9ca6146ab19ce81fdab2,19cdad00d93d6be4a86cfe04718de10a5c258cf4c8f4a801437a495be5d5fc86,d706560de93355a04d130211968afc8ccf20e7443dc3b03da0206c0a4414e00c,1b3a12e22cb8c40d526d1e4a68f00be1afbfa8fd7e118c33d247e18d51339b5a,ad2b2662bdcf6a313c9ca4eb821568d3cee96a7db386ac524dfba4f6d6e9506d,831eb1b8655ac92e1cf3d4907822d4b7f192380179868871581e48397b2a3421,ResidualPolicy,False,jonswap,jonswap,3.12.3,2.5.2,2.13.0,2.9.0,1.3.0,3.2.7,e9fa15cc35312a5c1ecf0c42668a690b5061c090,7ebad1ecabd28a7000add2d05f888aa2e837c2cc,c7fbdcc4df48bd4a2cfe21811613e5e50e3e4868822fe6dddd13745d96692118,b98d65cc5e34337369dcd4d69d63651cc2c99c19e8494199e8b5ec9e06c8b87f,3ee7e46399aea60603c767e0a604e79e7db233924ce71fe027a1ccc1623b7eb0,7beb41daec3d6a34c6da7696c56a982667957298f017ebe137829282b6ce7985,e6f30e55e478d39061b94e38de33959ca99b16e8cac38a3bd99b34f6543ad4a2,20260924,1.5,kinematic,noise,sigma1cm_lat1step,jonswap,strict,25.0,True,0.01,0.05,33.4,1,33.333333333333336,30.0,,e6f30e55e478d39061b94e38de33959ca99b16e8cac38a3bd99b34f6543ad4a2
residual_ppo,False,1,aft,id,SS6,200,191,0.955,0.9167032959981803,0.976147456998507,0.0,0.0,0.04,0.005,0.955,0.0,200,0.2570718292641463,0.3323688110439153,0.25916438400872616,0.33503621901888125,0.017202300343657582,0.033085738325457616,13.609775137726103,2.0304166666666665,2.01875,0.13886924867123576,0.19754083648515577,0,0.0,2,-0.005990661975639241,21,0.105,0.0,0,0,0,0,0,197,3,0,200,,0.06970748792681017,0.1551803199112304,0.105,0.06970748792681017,0.1551803199112304,artifacts/runs/residual_ppo/1,ppo,10000000,final,10010624,6cedd5d9a1fbf7eabafa9ca6146ab19ce81fdab2,19cdad00d93d6be4a86cfe04718de10a5c258cf4c8f4a801437a495be5d5fc86,d706560de93355a04d130211968afc8ccf20e7443dc3b03da0206c0a4414e00c,1b3a12e22cb8c40d526d1e4a68f00be1afbfa8fd7e118c33d247e18d51339b5a,ad2b2662bdcf6a313c9ca4eb821568d3cee96a7db386ac524dfba4f6d6e9506d,831eb1b8655ac92e1cf3d4907822d4b7f192380179868871581e48397b2a3421,ResidualPolicy,False,jonswap,jonswap,3.12.3,2.5.2,2.13.0,2.9.0,1.3.0,3.2.7,e9fa15cc35312a5c1ecf0c42668a690b5061c090,7ebad1ecabd28a7000add2d05f888aa2e837c2cc,c7fbdcc4df48bd4a2cfe21811613e5e50e3e4868822fe6dddd13745d96692118,b98d65cc5e34337369dcd4d69d63651cc2c99c19e8494199e8b5ec9e06c8b87f,3ee7e46399aea60603c767e0a604e79e7db233924ce71fe027a1ccc1623b7eb0,7beb41daec3d6a34c6da7696c56a982667957298f017ebe137829282b6ce7985,e6f30e55e478d39061b94e38de33959ca99b16e8cac38a3bd99b34f6543ad4a2,20260924,1.5,kinematic,noise,sigma1cm_lat1step,jonswap,strict,25.0,True,0.01,0.05,33.4,1,33.333333333333336,30.0,,e6f30e55e478d39061b94e38de33959ca99b16e8cac38a3bd99b34f6543ad4a2
residual_ppo,False,2,aft,id,SS3,200,200,1.0,0.9811546736227335,1.0,0.0,0.0,0.0,0.0,1.0,0.0,200,0.24708402519530182,0.31042504277253063,0.2470531432950699,0.3106524849044225,0.014428068480355213,0.03161538810188371,6.2840674368983285,2.0017291666666663,1.9875,0.12226695659334165,0.21396491877469098,0,0.0,0,-0.004302631997687953,187,0.935,0.755,0,0,0,0,0,200,0,0,200,,0.8919809207009312,0.961623645350847,0.935,0.8919809207009312,0.961623645350847,artifacts/runs/residual_ppo/2,ppo,10000000,final,10010624,6cedd5d9a1fbf7eabafa9ca6146ab19ce81fdab2,19cdad00d93d6be4a86cfe04718de10a5c258cf4c8f4a801437a495be5d5fc86,d706560de93355a04d130211968afc8ccf20e7443dc3b03da0206c0a4414e00c,c0c86bfafa39418c1ad1ded80d005bcb2766eeb26afcd3c061d671c08d6a6760,7a948ffc92bc3c5ebc907068774b664aca2b9cd84bfd3816b3d5f0f4ef8dd43b,ad79d4285d88ce4ba85634730a71266fe684aec9d831ffa289236d16e2e61991,ResidualPolicy,False,jonswap,jonswap,3.12.3,2.5.2,2.13.0,2.9.0,1.3.0,3.2.7,e9fa15cc35312a5c1ecf0c42668a690b5061c090,7ebad1ecabd28a7000add2d05f888aa2e837c2cc,c7fbdcc4df48bd4a2cfe21811613e5e50e3e4868822fe6dddd13745d96692118,b98d65cc5e34337369dcd4d69d63651cc2c99c19e8494199e8b5ec9e06c8b87f,3ee7e46399aea60603c767e0a604e79e7db233924ce71fe027a1ccc1623b7eb0,7beb41daec3d6a34c6da7696c56a982667957298f017ebe137829282b6ce7985,e6f30e55e478d39061b94e38de33959ca99b16e8cac38a3bd99b34f6543ad4a2,20260924,1.5,kinematic,noise,sigma1cm_lat1step,jonswap,strict,25.0,True,0.01,0.05,33.4,1,33.333333333333336,30.0,,e6f30e55e478d39061b94e38de33959ca99b16e8cac38a3bd99b34f6543ad4a2
residual_ppo,False,2,aft,id,SS4,200,200,1.0,0.9811546736227335,1.0,0.0,0.0,0.0,0.0,1.0,0.0,200,0.24381399505511084,0.31638873579041155,0.24352280499437767,0.3157248891371733,0.014692036334013434,0.02941019296731573,7.475524841381391,2.0091041666666665,1.99375,0.12797689302387416,0.21364706857759544,0,0.0,0,-0.0031004527146324744,139,0.695,0.75,0,0,0,0,0,200,0,0,200,,0.6280144790202163,0.7546358436926496,0.695,0.6280144790202163,0.7546358436926496,artifacts/runs/residual_ppo/2,ppo,10000000,final,10010624,6cedd5d9a1fbf7eabafa9ca6146ab19ce81fdab2,19cdad00d93d6be4a86cfe04718de10a5c258cf4c8f4a801437a495be5d5fc86,d706560de93355a04d130211968afc8ccf20e7443dc3b03da0206c0a4414e00c,c0c86bfafa39418c1ad1ded80d005bcb2766eeb26afcd3c061d671c08d6a6760,7a948ffc92bc3c5ebc907068774b664aca2b9cd84bfd3816b3d5f0f4ef8dd43b,ad79d4285d88ce4ba85634730a71266fe684aec9d831ffa289236d16e2e61991,ResidualPolicy,False,jonswap,jonswap,3.12.3,2.5.2,2.13.0,2.9.0,1.3.0,3.2.7,e9fa15cc35312a5c1ecf0c42668a690b5061c090,7ebad1ecabd28a7000add2d05f888aa2e837c2cc,c7fbdcc4df48bd4a2cfe21811613e5e50e3e4868822fe6dddd13745d96692118,b98d65cc5e34337369dcd4d69d63651cc2c99c19e8494199e8b5ec9e06c8b87f,3ee7e46399aea60603c767e0a604e79e7db233924ce71fe027a1ccc1623b7eb0,7beb41daec3d6a34c6da7696c56a982667957298f017ebe137829282b6ce7985,e6f30e55e478d39061b94e38de33959ca99b16e8cac38a3bd99b34f6543ad4a2,20260924,1.5,kinematic,noise,sigma1cm_lat1step,jonswap,strict,25.0,True,0.01,0.05,33.4,1,33.333333333333336,30.0,,e6f30e55e478d39061b94e38de33959ca99b16e8cac38a3bd99b34f6543ad4a2
residual_ppo,False,2,aft,id,SS5,200,196,0.98,0.9497129130941735,0.9921955735836505,0.0,0.0,0.01,0.01,0.98,0.0,200,0.25011505948458546,0.3250842731484541,0.2522761098946909,0.3243497547174096,0.016480119655723408,0.03389788590242857,9.858269493758549,1.9900625000000003,1.9749999999999999,0.13428595361161913,0.2119742539132741,0,0.0,1,-0.005072862960194666,61,0.305,0.745,0,0,0,0,0,196,4,0,200,,0.24536415630735034,0.37198552097978366,0.305,0.24536415630735034,0.37198552097978366,artifacts/runs/residual_ppo/2,ppo,10000000,final,10010624,6cedd5d9a1fbf7eabafa9ca6146ab19ce81fdab2,19cdad00d93d6be4a86cfe04718de10a5c258cf4c8f4a801437a495be5d5fc86,d706560de93355a04d130211968afc8ccf20e7443dc3b03da0206c0a4414e00c,c0c86bfafa39418c1ad1ded80d005bcb2766eeb26afcd3c061d671c08d6a6760,7a948ffc92bc3c5ebc907068774b664aca2b9cd84bfd3816b3d5f0f4ef8dd43b,ad79d4285d88ce4ba85634730a71266fe684aec9d831ffa289236d16e2e61991,ResidualPolicy,False,jonswap,jonswap,3.12.3,2.5.2,2.13.0,2.9.0,1.3.0,3.2.7,e9fa15cc35312a5c1ecf0c42668a690b5061c090,7ebad1ecabd28a7000add2d05f888aa2e837c2cc,c7fbdcc4df48bd4a2cfe21811613e5e50e3e4868822fe6dddd13745d96692118,b98d65cc5e34337369dcd4d69d63651cc2c99c19e8494199e8b5ec9e06c8b87f,3ee7e46399aea60603c767e0a604e79e7db233924ce71fe027a1ccc1623b7eb0,7beb41daec3d6a34c6da7696c56a982667957298f017ebe137829282b6ce7985,e6f30e55e478d39061b94e38de33959ca99b16e8cac38a3bd99b34f6543ad4a2,20260924,1.5,kinematic,noise,sigma1cm_lat1step,jonswap,strict,25.0,True,0.01,0.05,33.4,1,33.333333333333336,30.0,,e6f30e55e478d39061b94e38de33959ca99b16e8cac38a3bd99b34f6543ad4a2
residual_ppo,False,2,aft,id,SS6,200,190,0.95,0.9104218518612239,0.972617354399236,0.0,0.0,0.04,0.01,0.95,0.0,200,0.2583596363273304,0.3383081889839849,0.26044207442890077,0.3510118106839179,0.015624607927589101,0.03603636059380951,14.032307616700995,2.0042291666666667,2.0125,0.13976823271372818,0.20815336004964544,0,0.0,0,-0.004977393032993532,25,0.125,0.0,0,0,0,0,0,196,4,0,200,,0.08611974475712644,0.17801425002582347,0.125,0.08611974475712644,0.17801425002582347,artifacts/runs/residual_ppo/2,ppo,10000000,final,10010624,6cedd5d9a1fbf7eabafa9ca6146ab19ce81fdab2,19cdad00d93d6be4a86cfe04718de10a5c258cf4c8f4a801437a495be5d5fc86,d706560de93355a04d130211968afc8ccf20e7443dc3b03da0206c0a4414e00c,c0c86bfafa39418c1ad1ded80d005bcb2766eeb26afcd3c061d671c08d6a6760,7a948ffc92bc3c5ebc907068774b664aca2b9cd84bfd3816b3d5f0f4ef8dd43b,ad79d4285d88ce4ba85634730a71266fe684aec9d831ffa289236d16e2e61991,ResidualPolicy,False,jonswap,jonswap,3.12.3,2.5.2,2.13.0,2.9.0,1.3.0,3.2.7,e9fa15cc35312a5c1ecf0c42668a690b5061c090,7ebad1ecabd28a7000add2d05f888aa2e837c2cc,c7fbdcc4df48bd4a2cfe21811613e5e50e3e4868822fe6dddd13745d96692118,b98d65cc5e34337369dcd4d69d63651cc2c99c19e8494199e8b5ec9e06c8b87f,3ee7e46399aea60603c767e0a604e79e7db233924ce71fe027a1ccc1623b7eb0,7beb41daec3d6a34c6da7696c56a982667957298f017ebe137829282b6ce7985,e6f30e55e478d39061b94e38de33959ca99b16e8cac38a3bd99b34f6543ad4a2,20260924,1.5,kinematic,noise,sigma1cm_lat1step,jonswap,strict,25.0,True,0.01,0.05,33.4,1,33.333333333333336,30.0,,e6f30e55e478d39061b94e38de33959ca99b16e8cac38a3bd99b34f6543ad4a2
residual_ppo,False,3,aft,id,SS3,200,200,1.0,0.9811546736227335,1.0,0.0,0.0,0.0,0.0,1.0,0.0,200,0.24942176607178737,0.3140271897405983,0.24947521416582696,0.31366003270935144,0.015250601903917697,0.032928222823929605,7.081114572817924,1.9995625000000001,1.9770833333333333,0.13097418040995304,0.22689778397359373,0,0.0,0,-0.0035748067504788724,188,0.94,0.755,0,0,0,0,0,200,0,0,200,,0.8980683070423372,0.9653478057456681,0.94,0.8980683070423372,0.9653478057456681,artifacts/runs/residual_ppo/3,ppo,10000000,final,10010624,6cedd5d9a1fbf7eabafa9ca6146ab19ce81fdab2,19cdad00d93d6be4a86cfe04718de10a5c258cf4c8f4a801437a495be5d5fc86,d706560de93355a04d130211968afc8ccf20e7443dc3b03da0206c0a4414e00c,6470e1279334541aaa2df2af0a733534f42442adfdaaa93d0890efc8f7c05fe0,ca32f475846ab9f769c692dbcac664f2677232f74ab7d12208fb3c22b7e07fac,509e1b240700744a76a4c6c983d9a33838778a6ad7d93ebf028bdd2bb50815e2,ResidualPolicy,False,jonswap,jonswap,3.12.3,2.5.2,2.13.0,2.9.0,1.3.0,3.2.7,e9fa15cc35312a5c1ecf0c42668a690b5061c090,7ebad1ecabd28a7000add2d05f888aa2e837c2cc,c7fbdcc4df48bd4a2cfe21811613e5e50e3e4868822fe6dddd13745d96692118,b98d65cc5e34337369dcd4d69d63651cc2c99c19e8494199e8b5ec9e06c8b87f,3ee7e46399aea60603c767e0a604e79e7db233924ce71fe027a1ccc1623b7eb0,7beb41daec3d6a34c6da7696c56a982667957298f017ebe137829282b6ce7985,e6f30e55e478d39061b94e38de33959ca99b16e8cac38a3bd99b34f6543ad4a2,20260924,1.5,kinematic,noise,sigma1cm_lat1step,jonswap,strict,25.0,True,0.01,0.05,33.4,1,33.333333333333336,30.0,,e6f30e55e478d39061b94e38de33959ca99b16e8cac38a3bd99b34f6543ad4a2
residual_ppo,False,3,aft,id,SS4,200,200,1.0,0.9811546736227335,1.0,0.0,0.0,0.0,0.0,1.0,0.0,200,0.2503799032519475,0.32745530074920504,0.25174009921368506,0.32669585687275443,0.013966096669163593,0.029613206847083365,7.040134785714156,2.0028125,1.9833333333333334,0.13644584928879303,0.2253752048995243,0,0.0,0,-0.0035442088938765354,140,0.7,0.75,0,0,0,0,0,200,0,0,200,,0.6332093162728074,0.7592525531762859,0.7,0.6332093162728074,0.7592525531762859,artifacts/runs/residual_ppo/3,ppo,10000000,final,10010624,6cedd5d9a1fbf7eabafa9ca6146ab19ce81fdab2,19cdad00d93d6be4a86cfe04718de10a5c258cf4c8f4a801437a495be5d5fc86,d706560de93355a04d130211968afc8ccf20e7443dc3b03da0206c0a4414e00c,6470e1279334541aaa2df2af0a733534f42442adfdaaa93d0890efc8f7c05fe0,ca32f475846ab9f769c692dbcac664f2677232f74ab7d12208fb3c22b7e07fac,509e1b240700744a76a4c6c983d9a33838778a6ad7d93ebf028bdd2bb50815e2,ResidualPolicy,False,jonswap,jonswap,3.12.3,2.5.2,2.13.0,2.9.0,1.3.0,3.2.7,e9fa15cc35312a5c1ecf0c42668a690b5061c090,7ebad1ecabd28a7000add2d05f888aa2e837c2cc,c7fbdcc4df48bd4a2cfe21811613e5e50e3e4868822fe6dddd13745d96692118,b98d65cc5e34337369dcd4d69d63651cc2c99c19e8494199e8b5ec9e06c8b87f,3ee7e46399aea60603c767e0a604e79e7db233924ce71fe027a1ccc1623b7eb0,7beb41daec3d6a34c6da7696c56a982667957298f017ebe137829282b6ce7985,e6f30e55e478d39061b94e38de33959ca99b16e8cac38a3bd99b34f6543ad4a2,20260924,1.5,kinematic,noise,sigma1cm_lat1step,jonswap,strict,25.0,True,0.01,0.05,33.4,1,33.333333333333336,30.0,,e6f30e55e478d39061b94e38de33959ca99b16e8cac38a3bd99b34f6543ad4a2
residual_ppo,False,3,aft,id,SS5,200,199,0.995,0.9722262956021069,0.9991168312843989,0.0,0.0,0.005,0.0,0.995,0.0,200,0.2555793106055001,0.3337196243354771,0.25726125436221936,0.3345348433844032,0.0154410871149484,0.03033185602060333,9.705056089584616,1.9931041666666667,1.9666666666666666,0.1411338362889702,0.22451935170007029,0,0.0,1,-0.005113641416607484,60,0.3,0.745,0,0,0,0,0,200,0,0,200,,0.24074744682371402,0.36679068372719265,0.3,0.24074744682371402,0.36679068372719265,artifacts/runs/residual_ppo/3,ppo,10000000,final,10010624,6cedd5d9a1fbf7eabafa9ca6146ab19ce81fdab2,19cdad00d93d6be4a86cfe04718de10a5c258cf4c8f4a801437a495be5d5fc86,d706560de93355a04d130211968afc8ccf20e7443dc3b03da0206c0a4414e00c,6470e1279334541aaa2df2af0a733534f42442adfdaaa93d0890efc8f7c05fe0,ca32f475846ab9f769c692dbcac664f2677232f74ab7d12208fb3c22b7e07fac,509e1b240700744a76a4c6c983d9a33838778a6ad7d93ebf028bdd2bb50815e2,ResidualPolicy,False,jonswap,jonswap,3.12.3,2.5.2,2.13.0,2.9.0,1.3.0,3.2.7,e9fa15cc35312a5c1ecf0c42668a690b5061c090,7ebad1ecabd28a7000add2d05f888aa2e837c2cc,c7fbdcc4df48bd4a2cfe21811613e5e50e3e4868822fe6dddd13745d96692118,b98d65cc5e34337369dcd4d69d63651cc2c99c19e8494199e8b5ec9e06c8b87f,3ee7e46399aea60603c767e0a604e79e7db233924ce71fe027a1ccc1623b7eb0,7beb41daec3d6a34c6da7696c56a982667957298f017ebe137829282b6ce7985,e6f30e55e478d39061b94e38de33959ca99b16e8cac38a3bd99b34f6543ad4a2,20260924,1.5,kinematic,noise,sigma1cm_lat1step,jonswap,strict,25.0,True,0.01,0.05,33.4,1,33.333333333333336,30.0,,e6f30e55e478d39061b94e38de33959ca99b16e8cac38a3bd99b34f6543ad4a2
residual_ppo,False,3,aft,id,SS6,200,190,0.95,0.9104218518612239,0.972617354399236,0.0,0.0,0.045,0.005,0.95,0.0,200,0.2557802479439354,0.33286482584823446,0.2564275964899776,0.33817132980852666,0.01657162944229546,0.03852320082832556,14.344453535258461,2.031458333333333,2.0270833333333336,0.1415775820874633,0.2169431523438525,0,0.0,3,-0.006331904902634962,25,0.125,0.0,0,0,0,0,0,195,5,0,200,,0.08611974475712644,0.17801425002582347,0.125,0.08611974475712644,0.17801425002582347,artifacts/runs/residual_ppo/3,ppo,10000000,final,10010624,6cedd5d9a1fbf7eabafa9ca6146ab19ce81fdab2,19cdad00d93d6be4a86cfe04718de10a5c258cf4c8f4a801437a495be5d5fc86,d706560de93355a04d130211968afc8ccf20e7443dc3b03da0206c0a4414e00c,6470e1279334541aaa2df2af0a733534f42442adfdaaa93d0890efc8f7c05fe0,ca32f475846ab9f769c692dbcac664f2677232f74ab7d12208fb3c22b7e07fac,509e1b240700744a76a4c6c983d9a33838778a6ad7d93ebf028bdd2bb50815e2,ResidualPolicy,False,jonswap,jonswap,3.12.3,2.5.2,2.13.0,2.9.0,1.3.0,3.2.7,e9fa15cc35312a5c1ecf0c42668a690b5061c090,7ebad1ecabd28a7000add2d05f888aa2e837c2cc,c7fbdcc4df48bd4a2cfe21811613e5e50e3e4868822fe6dddd13745d96692118,b98d65cc5e34337369dcd4d69d63651cc2c99c19e8494199e8b5ec9e06c8b87f,3ee7e46399aea60603c767e0a604e79e7db233924ce71fe027a1ccc1623b7eb0,7beb41daec3d6a34c6da7696c56a982667957298f017ebe137829282b6ce7985,e6f30e55e478d39061b94e38de33959ca99b16e8cac38a3bd99b34f6543ad4a2,20260924,1.5,kinematic,noise,sigma1cm_lat1step,jonswap,strict,25.0,True,0.01,0.05,33.4,1,33.333333333333336,30.0,,e6f30e55e478d39061b94e38de33959ca99b16e8cac38a3bd99b34f6543ad4a2
residual_ppo,False,4,aft,id,SS3,200,199,0.995,0.9722262956021069,0.9991168312843989,0.0,0.0,0.0,0.005,0.995,0.0,200,0.24826969086353215,0.30468772982181425,0.24862344120347354,0.30471459203094226,0.014335985988751531,0.029550431050051743,6.094053637454036,2.0023541666666667,2.0041666666666664,0.11746092256078904,0.20478419562586508,0,0.0,0,-0.0032120267380214944,188,0.94,0.755,0,0,0,0,0,199,1,0,200,,0.8980683070423372,0.9653478057456681,0.94,0.8980683070423372,0.9653478057456681,artifacts/runs/residual_ppo/4,ppo,10000000,final,10010624,6cedd5d9a1fbf7eabafa9ca6146ab19ce81fdab2,19cdad00d93d6be4a86cfe04718de10a5c258cf4c8f4a801437a495be5d5fc86,d706560de93355a04d130211968afc8ccf20e7443dc3b03da0206c0a4414e00c,ad2c8fbfd1b4cc695216dbdea711bcef287d65bcf37bfc13b77052919bc23e81,a117225dfe54a9f622dfe5254ef0a4fd9bab8f1ea93bda5925dea8ecf55b27dc,424451d859fd957d424c13883815d151bd0a5d18ffd1f6556642d24050fe5acc,ResidualPolicy,False,jonswap,jonswap,3.12.3,2.5.2,2.13.0,2.9.0,1.3.0,3.2.7,e9fa15cc35312a5c1ecf0c42668a690b5061c090,7ebad1ecabd28a7000add2d05f888aa2e837c2cc,c7fbdcc4df48bd4a2cfe21811613e5e50e3e4868822fe6dddd13745d96692118,b98d65cc5e34337369dcd4d69d63651cc2c99c19e8494199e8b5ec9e06c8b87f,3ee7e46399aea60603c767e0a604e79e7db233924ce71fe027a1ccc1623b7eb0,7beb41daec3d6a34c6da7696c56a982667957298f017ebe137829282b6ce7985,e6f30e55e478d39061b94e38de33959ca99b16e8cac38a3bd99b34f6543ad4a2,20260924,1.5,kinematic,noise,sigma1cm_lat1step,jonswap,strict,25.0,True,0.01,0.05,33.4,1,33.333333333333336,30.0,,e6f30e55e478d39061b94e38de33959ca99b16e8cac38a3bd99b34f6543ad4a2
residual_ppo,False,4,aft,id,SS4,200,199,0.995,0.9722262956021069,0.9991168312843989,0.0,0.0,0.005,0.0,0.995,0.0,200,0.24208784096897518,0.3136307024502494,0.24339046323771035,0.31456544830764777,0.014694001480756846,0.03038559075030565,8.406767923137087,2.0149166666666667,1.9979166666666668,0.12272571416025152,0.20515085226428836,0,0.0,0,-0.0038461560165399034,140,0.7,0.75,0,0,0,0,0,199,1,0,200,,0.6332093162728074,0.7592525531762859,0.7,0.6332093162728074,0.7592525531762859,artifacts/runs/residual_ppo/4,ppo,10000000,final,10010624,6cedd5d9a1fbf7eabafa9ca6146ab19ce81fdab2,19cdad00d93d6be4a86cfe04718de10a5c258cf4c8f4a801437a495be5d5fc86,d706560de93355a04d130211968afc8ccf20e7443dc3b03da0206c0a4414e00c,ad2c8fbfd1b4cc695216dbdea711bcef287d65bcf37bfc13b77052919bc23e81,a117225dfe54a9f622dfe5254ef0a4fd9bab8f1ea93bda5925dea8ecf55b27dc,424451d859fd957d424c13883815d151bd0a5d18ffd1f6556642d24050fe5acc,ResidualPolicy,False,jonswap,jonswap,3.12.3,2.5.2,2.13.0,2.9.0,1.3.0,3.2.7,e9fa15cc35312a5c1ecf0c42668a690b5061c090,7ebad1ecabd28a7000add2d05f888aa2e837c2cc,c7fbdcc4df48bd4a2cfe21811613e5e50e3e4868822fe6dddd13745d96692118,b98d65cc5e34337369dcd4d69d63651cc2c99c19e8494199e8b5ec9e06c8b87f,3ee7e46399aea60603c767e0a604e79e7db233924ce71fe027a1ccc1623b7eb0,7beb41daec3d6a34c6da7696c56a982667957298f017ebe137829282b6ce7985,e6f30e55e478d39061b94e38de33959ca99b16e8cac38a3bd99b34f6543ad4a2,20260924,1.5,kinematic,noise,sigma1cm_lat1step,jonswap,strict,25.0,True,0.01,0.05,33.4,1,33.333333333333336,30.0,,e6f30e55e478d39061b94e38de33959ca99b16e8cac38a3bd99b34f6543ad4a2
residual_ppo,False,4,aft,id,SS5,200,197,0.985,0.9568342712073097,0.9948857622067417,0.0,0.0,0.015,0.0,0.985,0.0,200,0.25645463199963103,0.3353953316029108,0.25648708395781983,0.3343501523948916,0.015661474395351954,0.032352173275595676,9.597679065409576,2.0073749999999997,1.9895833333333335,0.12802895175753048,0.20639758015125953,0,0.0,1,-0.005005444921321277,61,0.305,0.745,0,0,0,0,0,199,1,0,200,,0.24536415630735034,0.37198552097978366,0.305,0.24536415630735034,0.37198552097978366,artifacts/runs/residual_ppo/4,ppo,10000000,final,10010624,6cedd5d9a1fbf7eabafa9ca6146ab19ce81fdab2,19cdad00d93d6be4a86cfe04718de10a5c258cf4c8f4a801437a495be5d5fc86,d706560de93355a04d130211968afc8ccf20e7443dc3b03da0206c0a4414e00c,ad2c8fbfd1b4cc695216dbdea711bcef287d65bcf37bfc13b77052919bc23e81,a117225dfe54a9f622dfe5254ef0a4fd9bab8f1ea93bda5925dea8ecf55b27dc,424451d859fd957d424c13883815d151bd0a5d18ffd1f6556642d24050fe5acc,ResidualPolicy,False,jonswap,jonswap,3.12.3,2.5.2,2.13.0,2.9.0,1.3.0,3.2.7,e9fa15cc35312a5c1ecf0c42668a690b5061c090,7ebad1ecabd28a7000add2d05f888aa2e837c2cc,c7fbdcc4df48bd4a2cfe21811613e5e50e3e4868822fe6dddd13745d96692118,b98d65cc5e34337369dcd4d69d63651cc2c99c19e8494199e8b5ec9e06c8b87f,3ee7e46399aea60603c767e0a604e79e7db233924ce71fe027a1ccc1623b7eb0,7beb41daec3d6a34c6da7696c56a982667957298f017ebe137829282b6ce7985,e6f30e55e478d39061b94e38de33959ca99b16e8cac38a3bd99b34f6543ad4a2,20260924,1.5,kinematic,noise,sigma1cm_lat1step,jonswap,strict,25.0,True,0.01,0.05,33.4,1,33.333333333333336,30.0,,e6f30e55e478d39061b94e38de33959ca99b16e8cac38a3bd99b34f6543ad4a2
residual_ppo,False,4,aft,id,SS6,200,192,0.96,0.923067931799067,0.9795943679338476,0.0,0.0,0.03,0.01,0.96,0.0,200,0.2493366953382547,0.33332568455001543,0.25126695613258654,0.330303251471521,0.01688399305031952,0.04110790840590987,12.412748765119346,2.0414375,2.0166666666666666,0.1329446144146763,0.20225018192501382,1,0.005,0,-0.0049749020552689585,22,0.11,0.0,0,0,0,0,0,197,3,0,200,,0.07377244460125303,0.1609269099730149,0.11,0.07377244460125303,0.1609269099730149,artifacts/runs/residual_ppo/4,ppo,10000000,final,10010624,6cedd5d9a1fbf7eabafa9ca6146ab19ce81fdab2,19cdad00d93d6be4a86cfe04718de10a5c258cf4c8f4a801437a495be5d5fc86,d706560de93355a04d130211968afc8ccf20e7443dc3b03da0206c0a4414e00c,ad2c8fbfd1b4cc695216dbdea711bcef287d65bcf37bfc13b77052919bc23e81,a117225dfe54a9f622dfe5254ef0a4fd9bab8f1ea93bda5925dea8ecf55b27dc,424451d859fd957d424c13883815d151bd0a5d18ffd1f6556642d24050fe5acc,ResidualPolicy,False,jonswap,jonswap,3.12.3,2.5.2,2.13.0,2.9.0,1.3.0,3.2.7,e9fa15cc35312a5c1ecf0c42668a690b5061c090,7ebad1ecabd28a7000add2d05f888aa2e837c2cc,c7fbdcc4df48bd4a2cfe21811613e5e50e3e4868822fe6dddd13745d96692118,b98d65cc5e34337369dcd4d69d63651cc2c99c19e8494199e8b5ec9e06c8b87f,3ee7e46399aea60603c767e0a604e79e7db233924ce71fe027a1ccc1623b7eb0,7beb41daec3d6a34c6da7696c56a982667957298f017ebe137829282b6ce7985,e6f30e55e478d39061b94e38de33959ca99b16e8cac38a3bd99b34f6543ad4a2,20260924,1.5,kinematic,noise,sigma1cm_lat1step,jonswap,strict,25.0,True,0.01,0.05,33.4,1,33.333333333333336,30.0,,e6f30e55e478d39061b94e38de33959ca99b16e8cac38a3bd99b34f6543ad4a2
ppo_forecast,False,0,aft,id,SS3,200,200,1.0,0.9811546736227335,1.0,0.0,0.0,0.0,0.0,1.0,0.0,200,0.24419390988654538,0.2855979584023811,0.24405932069318512,0.2847038703500937,0.01307886897693121,0.02397630934138462,4.4617447162646595,1.5457083333333332,1.5479166666666666,0.232631382724868,0.23305791058950873,0,0.0,0,-0.0026674628200586714,192,0.96,0.755,0,0,0,0,0,200,0,0,200,,0.923067931799067,0.9795943679338476,0.96,0.923067931799067,0.9795943679338476,artifacts/runs/ppo_forecast/0,ppo,10000000,final,10010624,6cedd5d9a1fbf7eabafa9ca6146ab19ce81fdab2,b765176bb07227178386a716a339effffa4335b08c314bec5a9cbafe01e7a185,42c455437bb58f00f412e7608a10c1b947b234e7a40adfbbb3856c534a5e5e57,a4710fd3f0d36722335bd164a68da1eb99e52f1616d4c6621068ae3ec1473116,0d3e9fe15c11e3f72e195d8e355a49a6927d7d70128a0a74d92e3c780a267a77,d166e6244a3a0f74e35c109a7e7695957ea782495b722d3294fab78c6d06f846,ForecastPolicy,True,jonswap,jonswap,3.12.3,2.5.2,2.13.0,2.9.0,1.3.0,3.2.7,e9fa15cc35312a5c1ecf0c42668a690b5061c090,7ebad1ecabd28a7000add2d05f888aa2e837c2cc,c7fbdcc4df48bd4a2cfe21811613e5e50e3e4868822fe6dddd13745d96692118,b98d65cc5e34337369dcd4d69d63651cc2c99c19e8494199e8b5ec9e06c8b87f,3ee7e46399aea60603c767e0a604e79e7db233924ce71fe027a1ccc1623b7eb0,7beb41daec3d6a34c6da7696c56a982667957298f017ebe137829282b6ce7985,e6f30e55e478d39061b94e38de33959ca99b16e8cac38a3bd99b34f6543ad4a2,20260924,1.5,kinematic,noise,sigma1cm_lat1step,jonswap,strict,25.0,True,0.01,0.05,33.4,1,33.333333333333336,30.0,,e6f30e55e478d39061b94e38de33959ca99b16e8cac38a3bd99b34f6543ad4a2
ppo_forecast,False,0,aft,id,SS4,200,200,1.0,0.9811546736227335,1.0,0.0,0.0,0.0,0.0,1.0,0.0,200,0.24086109534255573,0.30101377601538576,0.24122413034268897,0.30051726573202414,0.013411518673946304,0.027714544367272997,5.2859320214263406,1.5461666666666667,1.5458333333333334,0.2370102475801688,0.23349164546630902,0,0.0,0,-0.0027575417670897702,139,0.695,0.75,0,0,0,0,0,200,0,0,200,,0.6280144790202163,0.7546358436926496,0.695,0.6280144790202163,0.7546358436926496,artifacts/runs/ppo_forecast/0,ppo,10000000,final,10010624,6cedd5d9a1fbf7eabafa9ca6146ab19ce81fdab2,b765176bb07227178386a716a339effffa4335b08c314bec5a9cbafe01e7a185,42c455437bb58f00f412e7608a10c1b947b234e7a40adfbbb3856c534a5e5e57,a4710fd3f0d36722335bd164a68da1eb99e52f1616d4c6621068ae3ec1473116,0d3e9fe15c11e3f72e195d8e355a49a6927d7d70128a0a74d92e3c780a267a77,d166e6244a3a0f74e35c109a7e7695957ea782495b722d3294fab78c6d06f846,ForecastPolicy,True,jonswap,jonswap,3.12.3,2.5.2,2.13.0,2.9.0,1.3.0,3.2.7,e9fa15cc35312a5c1ecf0c42668a690b5061c090,7ebad1ecabd28a7000add2d05f888aa2e837c2cc,c7fbdcc4df48bd4a2cfe21811613e5e50e3e4868822fe6dddd13745d96692118,b98d65cc5e34337369dcd4d69d63651cc2c99c19e8494199e8b5ec9e06c8b87f,3ee7e46399aea60603c767e0a604e79e7db233924ce71fe027a1ccc1623b7eb0,7beb41daec3d6a34c6da7696c56a982667957298f017ebe137829282b6ce7985,e6f30e55e478d39061b94e38de33959ca99b16e8cac38a3bd99b34f6543ad4a2,20260924,1.5,kinematic,noise,sigma1cm_lat1step,jonswap,strict,25.0,True,0.01,0.05,33.4,1,33.333333333333336,30.0,,e6f30e55e478d39061b94e38de33959ca99b16e8cac38a3bd99b34f6543ad4a2
ppo_forecast,False,0,aft,id,SS5,200,200,1.0,0.9811546736227335,1.0,0.0,0.0,0.0,0.0,1.0,0.0,200,0.2389512442204006,0.2884454616714318,0.23734856227173867,0.2885394126108202,0.01459605494584764,0.030544136912841812,7.432659119581562,1.5544791666666666,1.5458333333333334,0.24535923858556027,0.23497907468168486,0,0.0,0,-0.004454672954174032,61,0.305,0.745,0,0,0,0,0,200,0,0,200,,0.24536415630735034,0.37198552097978366,0.305,0.24536415630735034,0.37198552097978366,artifacts/runs/ppo_forecast/0,ppo,10000000,final,10010624,6cedd5d9a1fbf7eabafa9ca6146ab19ce81fdab2,b765176bb07227178386a716a339effffa4335b08c314bec5a9cbafe01e7a185,42c455437bb58f00f412e7608a10c1b947b234e7a40adfbbb3856c534a5e5e57,a4710fd3f0d36722335bd164a68da1eb99e52f1616d4c6621068ae3ec1473116,0d3e9fe15c11e3f72e195d8e355a49a6927d7d70128a0a74d92e3c780a267a77,d166e6244a3a0f74e35c109a7e7695957ea782495b722d3294fab78c6d06f846,ForecastPolicy,True,jonswap,jonswap,3.12.3,2.5.2,2.13.0,2.9.0,1.3.0,3.2.7,e9fa15cc35312a5c1ecf0c42668a690b5061c090,7ebad1ecabd28a7000add2d05f888aa2e837c2cc,c7fbdcc4df48bd4a2cfe21811613e5e50e3e4868822fe6dddd13745d96692118,b98d65cc5e34337369dcd4d69d63651cc2c99c19e8494199e8b5ec9e06c8b87f,3ee7e46399aea60603c767e0a604e79e7db233924ce71fe027a1ccc1623b7eb0,7beb41daec3d6a34c6da7696c56a982667957298f017ebe137829282b6ce7985,e6f30e55e478d39061b94e38de33959ca99b16e8cac38a3bd99b34f6543ad4a2,20260924,1.5,kinematic,noise,sigma1cm_lat1step,jonswap,strict,25.0,True,0.01,0.05,33.4,1,33.333333333333336,30.0,,e6f30e55e478d39061b94e38de33959ca99b16e8cac38a3bd99b34f6543ad4a2
ppo_forecast,False,0,aft,id,SS6,200,195,0.975,0.942821659593358,0.9892752803482386,0.0,0.0,0.02,0.005,0.975,0.0,200,0.2449197096283695,0.30080846503538505,0.24516055214129678,0.30028522683117337,0.018050161059966888,0.04241898715157846,11.659239223170749,1.5674374999999998,1.5625,0.2535350861610047,0.2345415421116146,0,0.0,4,-0.005432298914174868,23,0.115,0.0,0,0,0,0,0,199,1,0,200,,0.07786373232561955,0.16664716898487572,0.115,0.07786373232561955,0.16664716898487572,artifacts/runs/ppo_forecast/0,ppo,10000000,final,10010624,6cedd5d9a1fbf7eabafa9ca6146ab19ce81fdab2,b765176bb07227178386a716a339effffa4335b08c314bec5a9cbafe01e7a185,42c455437bb58f00f412e7608a10c1b947b234e7a40adfbbb3856c534a5e5e57,a4710fd3f0d36722335bd164a68da1eb99e52f1616d4c6621068ae3ec1473116,0d3e9fe15c11e3f72e195d8e355a49a6927d7d70128a0a74d92e3c780a267a77,d166e6244a3a0f74e35c109a7e7695957ea782495b722d3294fab78c6d06f846,ForecastPolicy,True,jonswap,jonswap,3.12.3,2.5.2,2.13.0,2.9.0,1.3.0,3.2.7,e9fa15cc35312a5c1ecf0c42668a690b5061c090,7ebad1ecabd28a7000add2d05f888aa2e837c2cc,c7fbdcc4df48bd4a2cfe21811613e5e50e3e4868822fe6dddd13745d96692118,b98d65cc5e34337369dcd4d69d63651cc2c99c19e8494199e8b5ec9e06c8b87f,3ee7e46399aea60603c767e0a604e79e7db233924ce71fe027a1ccc1623b7eb0,7beb41daec3d6a34c6da7696c56a982667957298f017ebe137829282b6ce7985,e6f30e55e478d39061b94e38de33959ca99b16e8cac38a3bd99b34f6543ad4a2,20260924,1.5,kinematic,noise,sigma1cm_lat1step,jonswap,strict,25.0,True,0.01,0.05,33.4,1,33.333333333333336,30.0,,e6f30e55e478d39061b94e38de33959ca99b16e8cac38a3bd99b34f6543ad4a2
ppo_forecast,False,1,aft,id,SS3,200,200,1.0,0.9811546736227335,1.0,0.0,0.0,0.0,0.0,1.0,0.0,200,0.2523476359309537,0.29267031845099584,0.2524862455458786,0.2928457789056253,0.010729075263805302,0.022512146801527855,4.108295681480707,1.519875,1.5166666666666666,0.3148542136024788,0.24562847861505527,0,0.0,0,-0.002620559261176488,190,0.95,0.755,0,0,0,0,0,200,0,0,200,,0.9104218518612239,0.972617354399236,0.95,0.9104218518612239,0.972617354399236,artifacts/runs/ppo_forecast/1,ppo,10000000,final,10010624,6cedd5d9a1fbf7eabafa9ca6146ab19ce81fdab2,b765176bb07227178386a716a339effffa4335b08c314bec5a9cbafe01e7a185,42c455437bb58f00f412e7608a10c1b947b234e7a40adfbbb3856c534a5e5e57,05c089bc199302f546b5515b78843df4ef149d56bd90ad7802366907ad0b6cf4,2117c9548c19077acfdaf36025f43e504b62bd6d85d67ff65ff437ab6f6e6ca8,3c666e83901862d15dd53ac47551989654d1aa286e709a208346e8abd81c5e47,ForecastPolicy,True,jonswap,jonswap,3.12.3,2.5.2,2.13.0,2.9.0,1.3.0,3.2.7,e9fa15cc35312a5c1ecf0c42668a690b5061c090,7ebad1ecabd28a7000add2d05f888aa2e837c2cc,c7fbdcc4df48bd4a2cfe21811613e5e50e3e4868822fe6dddd13745d96692118,b98d65cc5e34337369dcd4d69d63651cc2c99c19e8494199e8b5ec9e06c8b87f,3ee7e46399aea60603c767e0a604e79e7db233924ce71fe027a1ccc1623b7eb0,7beb41daec3d6a34c6da7696c56a982667957298f017ebe137829282b6ce7985,e6f30e55e478d39061b94e38de33959ca99b16e8cac38a3bd99b34f6543ad4a2,20260924,1.5,kinematic,noise,sigma1cm_lat1step,jonswap,strict,25.0,True,0.01,0.05,33.4,1,33.333333333333336,30.0,,e6f30e55e478d39061b94e38de33959ca99b16e8cac38a3bd99b34f6543ad4a2
ppo_forecast,False,1,aft,id,SS4,200,200,1.0,0.9811546736227335,1.0,0.0,0.0,0.0,0.0,1.0,0.0,200,0.24945364780814558,0.2880657576117425,0.24985903682211208,0.2888931773091667,0.012355516969654718,0.02351283389949463,4.71713000702417,1.522145833333333,1.5333333333333332,0.31526976418621006,0.24769298148288166,0,0.0,0,-0.003335211717979156,140,0.7,0.75,0,0,0,0,0,200,0,0,200,,0.6332093162728074,0.7592525531762859,0.7,0.6332093162728074,0.7592525531762859,artifacts/runs/ppo_forecast/1,ppo,10000000,final,10010624,6cedd5d9a1fbf7eabafa9ca6146ab19ce81fdab2,b765176bb07227178386a716a339effffa4335b08c314bec5a9cbafe01e7a185,42c455437bb58f00f412e7608a10c1b947b234e7a40adfbbb3856c534a5e5e57,05c089bc199302f546b5515b78843df4ef149d56bd90ad7802366907ad0b6cf4,2117c9548c19077acfdaf36025f43e504b62bd6d85d67ff65ff437ab6f6e6ca8,3c666e83901862d15dd53ac47551989654d1aa286e709a208346e8abd81c5e47,ForecastPolicy,True,jonswap,jonswap,3.12.3,2.5.2,2.13.0,2.9.0,1.3.0,3.2.7,e9fa15cc35312a5c1ecf0c42668a690b5061c090,7ebad1ecabd28a7000add2d05f888aa2e837c2cc,c7fbdcc4df48bd4a2cfe21811613e5e50e3e4868822fe6dddd13745d96692118,b98d65cc5e34337369dcd4d69d63651cc2c99c19e8494199e8b5ec9e06c8b87f,3ee7e46399aea60603c767e0a604e79e7db233924ce71fe027a1ccc1623b7eb0,7beb41daec3d6a34c6da7696c56a982667957298f017ebe137829282b6ce7985,e6f30e55e478d39061b94e38de33959ca99b16e8cac38a3bd99b34f6543ad4a2,20260924,1.5,kinematic,noise,sigma1cm_lat1step,jonswap,strict,25.0,True,0.01,0.05,33.4,1,33.333333333333336,30.0,,e6f30e55e478d39061b94e38de33959ca99b16e8cac38a3bd99b34f6543ad4a2
ppo_forecast,False,1,aft,id,SS5,200,200,1.0,0.9811546736227335,1.0,0.0,0.0,0.0,0.0,1.0,0.0,200,0.24554642447782032,0.29827608436305175,0.24653758937562475,0.2996316885690976,0.012390042541860878,0.028473749196946826,7.695451279347214,1.5231874999999997,1.5229166666666667,0.31652219703368417,0.24852996627475762,0,0.0,0,-0.004426055561115083,61,0.305,0.745,0,0,0,0,0,200,0,0,200,,0.24536415630735034,0.37198552097978366,0.305,0.24536415630735034,0.37198552097978366,artifacts/runs/ppo_forecast/1,ppo,10000000,final,10010624,6cedd5d9a1fbf7eabafa9ca6146ab19ce81fdab2,b765176bb07227178386a716a339effffa4335b08c314bec5a9cbafe01e7a185,42c455437bb58f00f412e7608a10c1b947b234e7a40adfbbb3856c534a5e5e57,05c089bc199302f546b5515b78843df4ef149d56bd90ad7802366907ad0b6cf4,2117c9548c19077acfdaf36025f43e504b62bd6d85d67ff65ff437ab6f6e6ca8,3c666e83901862d15dd53ac47551989654d1aa286e709a208346e8abd81c5e47,ForecastPolicy,True,jonswap,jonswap,3.12.3,2.5.2,2.13.0,2.9.0,1.3.0,3.2.7,e9fa15cc35312a5c1ecf0c42668a690b5061c090,7ebad1ecabd28a7000add2d05f888aa2e837c2cc,c7fbdcc4df48bd4a2cfe21811613e5e50e3e4868822fe6dddd13745d96692118,b98d65cc5e34337369dcd4d69d63651cc2c99c19e8494199e8b5ec9e06c8b87f,3ee7e46399aea60603c767e0a604e79e7db233924ce71fe027a1ccc1623b7eb0,7beb41daec3d6a34c6da7696c56a982667957298f017ebe137829282b6ce7985,e6f30e55e478d39061b94e38de33959ca99b16e8cac38a3bd99b34f6543ad4a2,20260924,1.5,kinematic,noise,sigma1cm_lat1step,jonswap,strict,25.0,True,0.01,0.05,33.4,1,33.333333333333336,30.0,,e6f30e55e478d39061b94e38de33959ca99b16e8cac38a3bd99b34f6543ad4a2
ppo_forecast,False,1,aft,id,SS6,200,196,0.98,0.9497129130941735,0.9921955735836505,0.0,0.0,0.015,0.005,0.98,0.0,200,0.2496606211277851,0.30340975189201813,0.25260613462657616,0.3072164622776395,0.013810666326792538,0.03710329770198907,11.830526218145096,1.5334375,1.525,0.31540811145670067,0.25059560930887204,0,0.0,3,-0.0052953063861768315,25,0.125,0.0,0,0,0,0,0,198,2,0,200,,0.08611974475712644,0.17801425002582347,0.125,0.08611974475712644,0.17801425002582347,artifacts/runs/ppo_forecast/1,ppo,10000000,final,10010624,6cedd5d9a1fbf7eabafa9ca6146ab19ce81fdab2,b765176bb07227178386a716a339effffa4335b08c314bec5a9cbafe01e7a185,42c455437bb58f00f412e7608a10c1b947b234e7a40adfbbb3856c534a5e5e57,05c089bc199302f546b5515b78843df4ef149d56bd90ad7802366907ad0b6cf4,2117c9548c19077acfdaf36025f43e504b62bd6d85d67ff65ff437ab6f6e6ca8,3c666e83901862d15dd53ac47551989654d1aa286e709a208346e8abd81c5e47,ForecastPolicy,True,jonswap,jonswap,3.12.3,2.5.2,2.13.0,2.9.0,1.3.0,3.2.7,e9fa15cc35312a5c1ecf0c42668a690b5061c090,7ebad1ecabd28a7000add2d05f888aa2e837c2cc,c7fbdcc4df48bd4a2cfe21811613e5e50e3e4868822fe6dddd13745d96692118,b98d65cc5e34337369dcd4d69d63651cc2c99c19e8494199e8b5ec9e06c8b87f,3ee7e46399aea60603c767e0a604e79e7db233924ce71fe027a1ccc1623b7eb0,7beb41daec3d6a34c6da7696c56a982667957298f017ebe137829282b6ce7985,e6f30e55e478d39061b94e38de33959ca99b16e8cac38a3bd99b34f6543ad4a2,20260924,1.5,kinematic,noise,sigma1cm_lat1step,jonswap,strict,25.0,True,0.01,0.05,33.4,1,33.333333333333336,30.0,,e6f30e55e478d39061b94e38de33959ca99b16e8cac38a3bd99b34f6543ad4a2
ppo_forecast,False,2,aft,id,SS3,200,200,1.0,0.9811546736227335,1.0,0.0,0.0,0.0,0.0,1.0,0.0,200,0.24141004982066058,0.28332890126086835,0.24141845023811753,0.2833002972493003,0.011464856931511214,0.02432614081961325,3.8189201560901833,1.525625,1.5229166666666667,0.24991927295117822,0.2254676374189316,0,0.0,0,-0.002787900752360272,191,0.955,0.755,0,0,0,0,0,200,0,0,200,,0.9167032959981803,0.976147456998507,0.955,0.9167032959981803,0.976147456998507,artifacts/runs/ppo_forecast/2,ppo,10000000,final,10010624,6cedd5d9a1fbf7eabafa9ca6146ab19ce81fdab2,b765176bb07227178386a716a339effffa4335b08c314bec5a9cbafe01e7a185,42c455437bb58f00f412e7608a10c1b947b234e7a40adfbbb3856c534a5e5e57,5f04c8068021148a640b3ea72d50804ed91a8fef2204945aeef111a8fe6ef28e,274a35a60429b7e46de492d5f1dbd8ab895cb7a0a6168c6ea51711676981edf5,a8733476d0039390a4865aa02ed85588b37c8925df766aa789b81f6229447507,ForecastPolicy,True,jonswap,jonswap,3.12.3,2.5.2,2.13.0,2.9.0,1.3.0,3.2.7,e9fa15cc35312a5c1ecf0c42668a690b5061c090,7ebad1ecabd28a7000add2d05f888aa2e837c2cc,c7fbdcc4df48bd4a2cfe21811613e5e50e3e4868822fe6dddd13745d96692118,b98d65cc5e34337369dcd4d69d63651cc2c99c19e8494199e8b5ec9e06c8b87f,3ee7e46399aea60603c767e0a604e79e7db233924ce71fe027a1ccc1623b7eb0,7beb41daec3d6a34c6da7696c56a982667957298f017ebe137829282b6ce7985,e6f30e55e478d39061b94e38de33959ca99b16e8cac38a3bd99b34f6543ad4a2,20260924,1.5,kinematic,noise,sigma1cm_lat1step,jonswap,strict,25.0,True,0.01,0.05,33.4,1,33.333333333333336,30.0,,e6f30e55e478d39061b94e38de33959ca99b16e8cac38a3bd99b34f6543ad4a2
ppo_forecast,False,2,aft,id,SS4,200,200,1.0,0.9811546736227335,1.0,0.0,0.0,0.0,0.0,1.0,0.0,200,0.24273349903440997,0.2946105063177331,0.24287283934683665,0.2943232113015929,0.012286514721146117,0.027532684732973482,5.16932194813365,1.5245833333333334,1.5291666666666666,0.2521783961604052,0.22499500230396194,0,0.0,0,-0.0032815823513750236,141,0.705,0.75,0,0,0,0,0,200,0,0,200,,0.6384128547538122,0.7638605614315084,0.705,0.6384128547538122,0.7638605614315084,artifacts/runs/ppo_forecast/2,ppo,10000000,final,10010624,6cedd5d9a1fbf7eabafa9ca6146ab19ce81fdab2,b765176bb07227178386a716a339effffa4335b08c314bec5a9cbafe01e7a185,42c455437bb58f00f412e7608a10c1b947b234e7a40adfbbb3856c534a5e5e57,5f04c8068021148a640b3ea72d50804ed91a8fef2204945aeef111a8fe6ef28e,274a35a60429b7e46de492d5f1dbd8ab895cb7a0a6168c6ea51711676981edf5,a8733476d0039390a4865aa02ed85588b37c8925df766aa789b81f6229447507,ForecastPolicy,True,jonswap,jonswap,3.12.3,2.5.2,2.13.0,2.9.0,1.3.0,3.2.7,e9fa15cc35312a5c1ecf0c42668a690b5061c090,7ebad1ecabd28a7000add2d05f888aa2e837c2cc,c7fbdcc4df48bd4a2cfe21811613e5e50e3e4868822fe6dddd13745d96692118,b98d65cc5e34337369dcd4d69d63651cc2c99c19e8494199e8b5ec9e06c8b87f,3ee7e46399aea60603c767e0a604e79e7db233924ce71fe027a1ccc1623b7eb0,7beb41daec3d6a34c6da7696c56a982667957298f017ebe137829282b6ce7985,e6f30e55e478d39061b94e38de33959ca99b16e8cac38a3bd99b34f6543ad4a2,20260924,1.5,kinematic,noise,sigma1cm_lat1step,jonswap,strict,25.0,True,0.01,0.05,33.4,1,33.333333333333336,30.0,,e6f30e55e478d39061b94e38de33959ca99b16e8cac38a3bd99b34f6543ad4a2
ppo_forecast,False,2,aft,id,SS5,200,200,1.0,0.9811546736227335,1.0,0.0,0.0,0.0,0.0,1.0,0.0,200,0.24320783928528086,0.2982254313848119,0.2442171984645063,0.29915958881574695,0.014572448406622321,0.03174177618279653,8.269674366648246,1.522833333333333,1.5208333333333333,0.25374044051496186,0.22837274223365545,0,0.0,0,-0.004913938291418766,62,0.31,0.745,0,0,0,0,0,200,0,0,200,,0.2499894483607809,0.37717177566258037,0.31,0.2499894483607809,0.37717177566258037,artifacts/runs/ppo_forecast/2,ppo,10000000,final,10010624,6cedd5d9a1fbf7eabafa9ca6146ab19ce81fdab2,b765176bb07227178386a716a339effffa4335b08c314bec5a9cbafe01e7a185,42c455437bb58f00f412e7608a10c1b947b234e7a40adfbbb3856c534a5e5e57,5f04c8068021148a640b3ea72d50804ed91a8fef2204945aeef111a8fe6ef28e,274a35a60429b7e46de492d5f1dbd8ab895cb7a0a6168c6ea51711676981edf5,a8733476d0039390a4865aa02ed85588b37c8925df766aa789b81f6229447507,ForecastPolicy,True,jonswap,jonswap,3.12.3,2.5.2,2.13.0,2.9.0,1.3.0,3.2.7,e9fa15cc35312a5c1ecf0c42668a690b5061c090,7ebad1ecabd28a7000add2d05f888aa2e837c2cc,c7fbdcc4df48bd4a2cfe21811613e5e50e3e4868822fe6dddd13745d96692118,b98d65cc5e34337369dcd4d69d63651cc2c99c19e8494199e8b5ec9e06c8b87f,3ee7e46399aea60603c767e0a604e79e7db233924ce71fe027a1ccc1623b7eb0,7beb41daec3d6a34c6da7696c56a982667957298f017ebe137829282b6ce7985,e6f30e55e478d39061b94e38de33959ca99b16e8cac38a3bd99b34f6543ad4a2,20260924,1.5,kinematic,noise,sigma1cm_lat1step,jonswap,strict,25.0,True,0.01,0.05,33.4,1,33.333333333333336,30.0,,e6f30e55e478d39061b94e38de33959ca99b16e8cac38a3bd99b34f6543ad4a2
ppo_forecast,False,2,aft,id,SS6,200,195,0.975,0.942821659593358,0.9892752803482386,0.0,0.0,0.025,0.0,0.975,0.0,200,0.2505339254406536,0.3139674891486984,0.2522759563916074,0.3122956073705224,0.017139709231424098,0.03349764188878672,12.736162251456435,1.5283958333333334,1.5208333333333333,0.25632196848755756,0.224933828965375,0,0.0,1,-0.005229576276210556,25,0.125,0.0,0,0,0,0,0,200,0,0,200,,0.08611974475712644,0.17801425002582347,0.125,0.08611974475712644,0.17801425002582347,artifacts/runs/ppo_forecast/2,ppo,10000000,final,10010624,6cedd5d9a1fbf7eabafa9ca6146ab19ce81fdab2,b765176bb07227178386a716a339effffa4335b08c314bec5a9cbafe01e7a185,42c455437bb58f00f412e7608a10c1b947b234e7a40adfbbb3856c534a5e5e57,5f04c8068021148a640b3ea72d50804ed91a8fef2204945aeef111a8fe6ef28e,274a35a60429b7e46de492d5f1dbd8ab895cb7a0a6168c6ea51711676981edf5,a8733476d0039390a4865aa02ed85588b37c8925df766aa789b81f6229447507,ForecastPolicy,True,jonswap,jonswap,3.12.3,2.5.2,2.13.0,2.9.0,1.3.0,3.2.7,e9fa15cc35312a5c1ecf0c42668a690b5061c090,7ebad1ecabd28a7000add2d05f888aa2e837c2cc,c7fbdcc4df48bd4a2cfe21811613e5e50e3e4868822fe6dddd13745d96692118,b98d65cc5e34337369dcd4d69d63651cc2c99c19e8494199e8b5ec9e06c8b87f,3ee7e46399aea60603c767e0a604e79e7db233924ce71fe027a1ccc1623b7eb0,7beb41daec3d6a34c6da7696c56a982667957298f017ebe137829282b6ce7985,e6f30e55e478d39061b94e38de33959ca99b16e8cac38a3bd99b34f6543ad4a2,20260924,1.5,kinematic,noise,sigma1cm_lat1step,jonswap,strict,25.0,True,0.01,0.05,33.4,1,33.333333333333336,30.0,,e6f30e55e478d39061b94e38de33959ca99b16e8cac38a3bd99b34f6543ad4a2
ppo_forecast,False,3,aft,id,SS3,200,200,1.0,0.9811546736227335,1.0,0.0,0.0,0.0,0.0,1.0,0.0,200,0.2533128232456122,0.28798740130441625,0.2533093224133213,0.2901365796865171,0.010282747408919879,0.02243330609996091,4.27402187563557,1.5165208333333333,1.5145833333333334,0.29993704280344313,0.22448979946313088,0,0.0,0,-0.0024178361247718812,191,0.955,0.755,0,0,0,0,0,200,0,0,200,,0.9167032959981803,0.976147456998507,0.955,0.9167032959981803,0.976147456998507,artifacts/runs/ppo_forecast/3,ppo,10000000,final,10010624,6cedd5d9a1fbf7eabafa9ca6146ab19ce81fdab2,b765176bb07227178386a716a339effffa4335b08c314bec5a9cbafe01e7a185,42c455437bb58f00f412e7608a10c1b947b234e7a40adfbbb3856c534a5e5e57,1cb0e664020484704e31df0dffea6de2d0d245454b4822b09bebf74d33cb1412,f04f1806fde35791bd953b8f21d61c001486d3503c6091b6cf8274962140836e,e671d06950623e7ffdce4e1d39991cae8c19fdab70ac4ac26b0f6b2a95a7ad48,ForecastPolicy,True,jonswap,jonswap,3.12.3,2.5.2,2.13.0,2.9.0,1.3.0,3.2.7,e9fa15cc35312a5c1ecf0c42668a690b5061c090,7ebad1ecabd28a7000add2d05f888aa2e837c2cc,c7fbdcc4df48bd4a2cfe21811613e5e50e3e4868822fe6dddd13745d96692118,b98d65cc5e34337369dcd4d69d63651cc2c99c19e8494199e8b5ec9e06c8b87f,3ee7e46399aea60603c767e0a604e79e7db233924ce71fe027a1ccc1623b7eb0,7beb41daec3d6a34c6da7696c56a982667957298f017ebe137829282b6ce7985,e6f30e55e478d39061b94e38de33959ca99b16e8cac38a3bd99b34f6543ad4a2,20260924,1.5,kinematic,noise,sigma1cm_lat1step,jonswap,strict,25.0,True,0.01,0.05,33.4,1,33.333333333333336,30.0,,e6f30e55e478d39061b94e38de33959ca99b16e8cac38a3bd99b34f6543ad4a2
ppo_forecast,False,3,aft,id,SS4,200,200,1.0,0.9811546736227335,1.0,0.0,0.0,0.0,0.0,1.0,0.0,200,0.2502104380888559,0.29572156708266917,0.24920441168506718,0.29653187754216564,0.011850479089530417,0.023249041252728298,4.856626748580742,1.5194583333333334,1.525,0.2971902508362057,0.22540675679106237,0,0.0,0,-0.0033274202938294137,139,0.695,0.75,0,0,0,0,0,200,0,0,200,,0.6280144790202163,0.7546358436926496,0.695,0.6280144790202163,0.7546358436926496,artifacts/runs/ppo_forecast/3,ppo,10000000,final,10010624,6cedd5d9a1fbf7eabafa9ca6146ab19ce81fdab2,b765176bb07227178386a716a339effffa4335b08c314bec5a9cbafe01e7a185,42c455437bb58f00f412e7608a10c1b947b234e7a40adfbbb3856c534a5e5e57,1cb0e664020484704e31df0dffea6de2d0d245454b4822b09bebf74d33cb1412,f04f1806fde35791bd953b8f21d61c001486d3503c6091b6cf8274962140836e,e671d06950623e7ffdce4e1d39991cae8c19fdab70ac4ac26b0f6b2a95a7ad48,ForecastPolicy,True,jonswap,jonswap,3.12.3,2.5.2,2.13.0,2.9.0,1.3.0,3.2.7,e9fa15cc35312a5c1ecf0c42668a690b5061c090,7ebad1ecabd28a7000add2d05f888aa2e837c2cc,c7fbdcc4df48bd4a2cfe21811613e5e50e3e4868822fe6dddd13745d96692118,b98d65cc5e34337369dcd4d69d63651cc2c99c19e8494199e8b5ec9e06c8b87f,3ee7e46399aea60603c767e0a604e79e7db233924ce71fe027a1ccc1623b7eb0,7beb41daec3d6a34c6da7696c56a982667957298f017ebe137829282b6ce7985,e6f30e55e478d39061b94e38de33959ca99b16e8cac38a3bd99b34f6543ad4a2,20260924,1.5,kinematic,noise,sigma1cm_lat1step,jonswap,strict,25.0,True,0.01,0.05,33.4,1,33.333333333333336,30.0,,e6f30e55e478d39061b94e38de33959ca99b16e8cac38a3bd99b34f6543ad4a2
ppo_forecast,False,3,aft,id,SS5,200,200,1.0,0.9811546736227335,1.0,0.0,0.0,0.0,0.0,1.0,0.0,200,0.2400104027683117,0.28960264868491964,0.24128919361896928,0.2923308050495682,0.012391424343439133,0.026586673824216072,8.156058616958724,1.52575,1.5229166666666667,0.2927575316418845,0.2273945819066981,0,0.0,0,-0.004422827431969236,59,0.295,0.745,0,0,0,0,0,200,0,0,200,,0.23613943856849148,0.36158714524618774,0.295,0.23613943856849148,0.36158714524618774,artifacts/runs/ppo_forecast/3,ppo,10000000,final,10010624,6cedd5d9a1fbf7eabafa9ca6146ab19ce81fdab2,b765176bb07227178386a716a339effffa4335b08c314bec5a9cbafe01e7a185,42c455437bb58f00f412e7608a10c1b947b234e7a40adfbbb3856c534a5e5e57,1cb0e664020484704e31df0dffea6de2d0d245454b4822b09bebf74d33cb1412,f04f1806fde35791bd953b8f21d61c001486d3503c6091b6cf8274962140836e,e671d06950623e7ffdce4e1d39991cae8c19fdab70ac4ac26b0f6b2a95a7ad48,ForecastPolicy,True,jonswap,jonswap,3.12.3,2.5.2,2.13.0,2.9.0,1.3.0,3.2.7,e9fa15cc35312a5c1ecf0c42668a690b5061c090,7ebad1ecabd28a7000add2d05f888aa2e837c2cc,c7fbdcc4df48bd4a2cfe21811613e5e50e3e4868822fe6dddd13745d96692118,b98d65cc5e34337369dcd4d69d63651cc2c99c19e8494199e8b5ec9e06c8b87f,3ee7e46399aea60603c767e0a604e79e7db233924ce71fe027a1ccc1623b7eb0,7beb41daec3d6a34c6da7696c56a982667957298f017ebe137829282b6ce7985,e6f30e55e478d39061b94e38de33959ca99b16e8cac38a3bd99b34f6543ad4a2,20260924,1.5,kinematic,noise,sigma1cm_lat1step,jonswap,strict,25.0,True,0.01,0.05,33.4,1,33.333333333333336,30.0,,e6f30e55e478d39061b94e38de33959ca99b16e8cac38a3bd99b34f6543ad4a2
ppo_forecast,False,3,aft,id,SS6,200,197,0.985,0.9568342712073097,0.9948857622067417,0.0,0.0,0.015,0.0,0.985,0.0,200,0.24696484173334549,0.2999787319793518,0.24953083592445593,0.30287843402105913,0.015266506464679076,0.03775860184185908,11.264514208921218,1.5345833333333332,1.5333333333333332,0.28807512782879796,0.2309511767731496,0,0.0,2,-0.0073106792952146865,24,0.12,0.0,0,0,0,0,0,200,0,0,200,,0.08197992706375512,0.17234252098296743,0.12,0.08197992706375512,0.17234252098296743,artifacts/runs/ppo_forecast/3,ppo,10000000,final,10010624,6cedd5d9a1fbf7eabafa9ca6146ab19ce81fdab2,b765176bb07227178386a716a339effffa4335b08c314bec5a9cbafe01e7a185,42c455437bb58f00f412e7608a10c1b947b234e7a40adfbbb3856c534a5e5e57,1cb0e664020484704e31df0dffea6de2d0d245454b4822b09bebf74d33cb1412,f04f1806fde35791bd953b8f21d61c001486d3503c6091b6cf8274962140836e,e671d06950623e7ffdce4e1d39991cae8c19fdab70ac4ac26b0f6b2a95a7ad48,ForecastPolicy,True,jonswap,jonswap,3.12.3,2.5.2,2.13.0,2.9.0,1.3.0,3.2.7,e9fa15cc35312a5c1ecf0c42668a690b5061c090,7ebad1ecabd28a7000add2d05f888aa2e837c2cc,c7fbdcc4df48bd4a2cfe21811613e5e50e3e4868822fe6dddd13745d96692118,b98d65cc5e34337369dcd4d69d63651cc2c99c19e8494199e8b5ec9e06c8b87f,3ee7e46399aea60603c767e0a604e79e7db233924ce71fe027a1ccc1623b7eb0,7beb41daec3d6a34c6da7696c56a982667957298f017ebe137829282b6ce7985,e6f30e55e478d39061b94e38de33959ca99b16e8cac38a3bd99b34f6543ad4a2,20260924,1.5,kinematic,noise,sigma1cm_lat1step,jonswap,strict,25.0,True,0.01,0.05,33.4,1,33.333333333333336,30.0,,e6f30e55e478d39061b94e38de33959ca99b16e8cac38a3bd99b34f6543ad4a2
ppo_forecast,False,4,aft,id,SS3,200,200,1.0,0.9811546736227335,1.0,0.0,0.0,0.0,0.0,1.0,0.0,200,0.25207809807932924,0.28386691735899755,0.25186968554165795,0.28440214350415427,0.010774899800870983,0.023835927807014674,4.6664604161631855,1.5171666666666668,1.5208333333333333,0.247279574639361,0.24035156672677388,0,0.0,0,-0.002541013620902995,189,0.945,0.755,0,0,0,0,0,200,0,0,200,,0.9042130012276914,0.9690146582965411,0.945,0.9042130012276914,0.9690146582965411,artifacts/runs/ppo_forecast/4,ppo,10000000,final,10010624,6cedd5d9a1fbf7eabafa9ca6146ab19ce81fdab2,b765176bb07227178386a716a339effffa4335b08c314bec5a9cbafe01e7a185,42c455437bb58f00f412e7608a10c1b947b234e7a40adfbbb3856c534a5e5e57,c516a3324c8b088053d065321bcf5f97bbeddbd4068dad5f493c8251cd65873d,640a73a9613c3c177c3d92a9822ce3bfbd9daa77409cd507ea7b5865ec6b143d,1315c92f0f65250b57599e80eadbef22ea9839f0c1b6eca69ae835f592a19ff9,ForecastPolicy,True,jonswap,jonswap,3.12.3,2.5.2,2.13.0,2.9.0,1.3.0,3.2.7,e9fa15cc35312a5c1ecf0c42668a690b5061c090,7ebad1ecabd28a7000add2d05f888aa2e837c2cc,c7fbdcc4df48bd4a2cfe21811613e5e50e3e4868822fe6dddd13745d96692118,b98d65cc5e34337369dcd4d69d63651cc2c99c19e8494199e8b5ec9e06c8b87f,3ee7e46399aea60603c767e0a604e79e7db233924ce71fe027a1ccc1623b7eb0,7beb41daec3d6a34c6da7696c56a982667957298f017ebe137829282b6ce7985,e6f30e55e478d39061b94e38de33959ca99b16e8cac38a3bd99b34f6543ad4a2,20260924,1.5,kinematic,noise,sigma1cm_lat1step,jonswap,strict,25.0,True,0.01,0.05,33.4,1,33.333333333333336,30.0,,e6f30e55e478d39061b94e38de33959ca99b16e8cac38a3bd99b34f6543ad4a2
ppo_forecast,False,4,aft,id,SS4,200,200,1.0,0.9811546736227335,1.0,0.0,0.0,0.0,0.0,1.0,0.0,200,0.25270380296753225,0.28953015557322337,0.25262896637600796,0.29102496951967827,0.011242433239109879,0.02360442257628752,5.425970980633326,1.5174791666666667,1.525,0.24814388838354023,0.2389617045385442,0,0.0,0,-0.002984310686605755,140,0.7,0.75,0,0,0,0,0,200,0,0,200,,0.6332093162728074,0.7592525531762859,0.7,0.6332093162728074,0.7592525531762859,artifacts/runs/ppo_forecast/4,ppo,10000000,final,10010624,6cedd5d9a1fbf7eabafa9ca6146ab19ce81fdab2,b765176bb07227178386a716a339effffa4335b08c314bec5a9cbafe01e7a185,42c455437bb58f00f412e7608a10c1b947b234e7a40adfbbb3856c534a5e5e57,c516a3324c8b088053d065321bcf5f97bbeddbd4068dad5f493c8251cd65873d,640a73a9613c3c177c3d92a9822ce3bfbd9daa77409cd507ea7b5865ec6b143d,1315c92f0f65250b57599e80eadbef22ea9839f0c1b6eca69ae835f592a19ff9,ForecastPolicy,True,jonswap,jonswap,3.12.3,2.5.2,2.13.0,2.9.0,1.3.0,3.2.7,e9fa15cc35312a5c1ecf0c42668a690b5061c090,7ebad1ecabd28a7000add2d05f888aa2e837c2cc,c7fbdcc4df48bd4a2cfe21811613e5e50e3e4868822fe6dddd13745d96692118,b98d65cc5e34337369dcd4d69d63651cc2c99c19e8494199e8b5ec9e06c8b87f,3ee7e46399aea60603c767e0a604e79e7db233924ce71fe027a1ccc1623b7eb0,7beb41daec3d6a34c6da7696c56a982667957298f017ebe137829282b6ce7985,e6f30e55e478d39061b94e38de33959ca99b16e8cac38a3bd99b34f6543ad4a2,20260924,1.5,kinematic,noise,sigma1cm_lat1step,jonswap,strict,25.0,True,0.01,0.05,33.4,1,33.333333333333336,30.0,,e6f30e55e478d39061b94e38de33959ca99b16e8cac38a3bd99b34f6543ad4a2
ppo_forecast,False,4,aft,id,SS5,200,200,1.0,0.9811546736227335,1.0,0.0,0.0,0.0,0.0,1.0,0.0,200,0.24672250800562323,0.29511617932946266,0.24729783950113937,0.29723144188588335,0.012486802540184787,0.02959274084719533,7.0693928793166965,1.5204375,1.5208333333333333,0.25244214604064696,0.23949169384847366,0,0.0,0,-0.00494359180765739,61,0.305,0.745,0,0,0,0,0,200,0,0,200,,0.24536415630735034,0.37198552097978366,0.305,0.24536415630735034,0.37198552097978366,artifacts/runs/ppo_forecast/4,ppo,10000000,final,10010624,6cedd5d9a1fbf7eabafa9ca6146ab19ce81fdab2,b765176bb07227178386a716a339effffa4335b08c314bec5a9cbafe01e7a185,42c455437bb58f00f412e7608a10c1b947b234e7a40adfbbb3856c534a5e5e57,c516a3324c8b088053d065321bcf5f97bbeddbd4068dad5f493c8251cd65873d,640a73a9613c3c177c3d92a9822ce3bfbd9daa77409cd507ea7b5865ec6b143d,1315c92f0f65250b57599e80eadbef22ea9839f0c1b6eca69ae835f592a19ff9,ForecastPolicy,True,jonswap,jonswap,3.12.3,2.5.2,2.13.0,2.9.0,1.3.0,3.2.7,e9fa15cc35312a5c1ecf0c42668a690b5061c090,7ebad1ecabd28a7000add2d05f888aa2e837c2cc,c7fbdcc4df48bd4a2cfe21811613e5e50e3e4868822fe6dddd13745d96692118,b98d65cc5e34337369dcd4d69d63651cc2c99c19e8494199e8b5ec9e06c8b87f,3ee7e46399aea60603c767e0a604e79e7db233924ce71fe027a1ccc1623b7eb0,7beb41daec3d6a34c6da7696c56a982667957298f017ebe137829282b6ce7985,e6f30e55e478d39061b94e38de33959ca99b16e8cac38a3bd99b34f6543ad4a2,20260924,1.5,kinematic,noise,sigma1cm_lat1step,jonswap,strict,25.0,True,0.01,0.05,33.4,1,33.333333333333336,30.0,,e6f30e55e478d39061b94e38de33959ca99b16e8cac38a3bd99b34f6543ad4a2
ppo_forecast,False,4,aft,id,SS6,200,195,0.975,0.942821659593358,0.9892752803482386,0.0,0.0,0.025,0.0,0.975,0.0,200,0.25642607512584303,0.3251375444363375,0.2550689446728207,0.3129279389717709,0.01688838875712747,0.047647923635841714,12.662751977260555,1.5445625,1.5291666666666666,0.24902851428568215,0.2377541128236287,0,0.0,3,-0.006462659479564457,23,0.115,0.0,0,0,0,0,0,198,2,0,200,,0.07786373232561955,0.16664716898487572,0.115,0.07786373232561955,0.16664716898487572,artifacts/runs/ppo_forecast/4,ppo,10000000,final,10010624,6cedd5d9a1fbf7eabafa9ca6146ab19ce81fdab2,b765176bb07227178386a716a339effffa4335b08c314bec5a9cbafe01e7a185,42c455437bb58f00f412e7608a10c1b947b234e7a40adfbbb3856c534a5e5e57,c516a3324c8b088053d065321bcf5f97bbeddbd4068dad5f493c8251cd65873d,640a73a9613c3c177c3d92a9822ce3bfbd9daa77409cd507ea7b5865ec6b143d,1315c92f0f65250b57599e80eadbef22ea9839f0c1b6eca69ae835f592a19ff9,ForecastPolicy,True,jonswap,jonswap,3.12.3,2.5.2,2.13.0,2.9.0,1.3.0,3.2.7,e9fa15cc35312a5c1ecf0c42668a690b5061c090,7ebad1ecabd28a7000add2d05f888aa2e837c2cc,c7fbdcc4df48bd4a2cfe21811613e5e50e3e4868822fe6dddd13745d96692118,b98d65cc5e34337369dcd4d69d63651cc2c99c19e8494199e8b5ec9e06c8b87f,3ee7e46399aea60603c767e0a604e79e7db233924ce71fe027a1ccc1623b7eb0,7beb41daec3d6a34c6da7696c56a982667957298f017ebe137829282b6ce7985,e6f30e55e478d39061b94e38de33959ca99b16e8cac38a3bd99b34f6543ad4a2,20260924,1.5,kinematic,noise,sigma1cm_lat1step,jonswap,strict,25.0,True,0.01,0.05,33.4,1,33.333333333333336,30.0,,e6f30e55e478d39061b94e38de33959ca99b16e8cac38a3bd99b34f6543ad4a2
residual_ppo_forecast,False,0,aft,id,SS3,200,200,1.0,0.9811546736227335,1.0,0.0,0.0,0.0,0.0,1.0,0.0,200,0.252023269603208,0.31024159276774205,0.2521584540566509,0.31021821402540706,0.015745714449904996,0.03175280559826453,6.4967784530499095,1.9826666666666668,1.9708333333333332,0.11766066531424428,0.1999197936394719,0,0.0,0,-0.0028042033500334466,188,0.94,0.755,0,0,0,0,0,200,0,0,200,,0.8980683070423372,0.9653478057456681,0.94,0.8980683070423372,0.9653478057456681,artifacts/runs/residual_ppo_forecast/0,ppo,10000000,final,10010624,6cedd5d9a1fbf7eabafa9ca6146ab19ce81fdab2,8276ee8f4e1baa91aa56b31aeb5b5f48aa8845c72939e13cf44ff4fb4e10b2e3,92671b2081ade69e3bda52d06309eb171c7b36b2303c8648d10c93d6591a4765,8642848a224023a069190ceba3a47a93e9d3884843f2a5d4c6ffb4daaac81522,05c683af2cfb1933e7265d6b306fbb2773a0f00e94f8deda7a8a4d729c4af0b4,7c465b02e74bbf27d5c42a8dfbc5bc735556cdcd8a22047f6d60070db40a21bc,ResidualForecastPolicy,True,jonswap,jonswap,3.12.3,2.5.2,2.13.0,2.9.0,1.3.0,3.2.7,e9fa15cc35312a5c1ecf0c42668a690b5061c090,7ebad1ecabd28a7000add2d05f888aa2e837c2cc,c7fbdcc4df48bd4a2cfe21811613e5e50e3e4868822fe6dddd13745d96692118,b98d65cc5e34337369dcd4d69d63651cc2c99c19e8494199e8b5ec9e06c8b87f,3ee7e46399aea60603c767e0a604e79e7db233924ce71fe027a1ccc1623b7eb0,7beb41daec3d6a34c6da7696c56a982667957298f017ebe137829282b6ce7985,e6f30e55e478d39061b94e38de33959ca99b16e8cac38a3bd99b34f6543ad4a2,20260924,1.5,kinematic,noise,sigma1cm_lat1step,jonswap,strict,25.0,True,0.01,0.05,33.4,1,33.333333333333336,30.0,,e6f30e55e478d39061b94e38de33959ca99b16e8cac38a3bd99b34f6543ad4a2
residual_ppo_forecast,False,0,aft,id,SS4,200,200,1.0,0.9811546736227335,1.0,0.0,0.0,0.0,0.0,1.0,0.0,200,0.25888478623960387,0.3162645264864614,0.25906873640832184,0.31598899135967473,0.015458688607925142,0.030882120313989177,7.2381142436482255,1.9863958333333336,1.9625,0.12353876698799976,0.1997477590007719,0,0.0,0,-0.004522353070159633,141,0.705,0.75,0,0,0,0,0,200,0,0,200,,0.6384128547538122,0.7638605614315084,0.705,0.6384128547538122,0.7638605614315084,artifacts/runs/residual_ppo_forecast/0,ppo,10000000,final,10010624,6cedd5d9a1fbf7eabafa9ca6146ab19ce81fdab2,8276ee8f4e1baa91aa56b31aeb5b5f48aa8845c72939e13cf44ff4fb4e10b2e3,92671b2081ade69e3bda52d06309eb171c7b36b2303c8648d10c93d6591a4765,8642848a224023a069190ceba3a47a93e9d3884843f2a5d4c6ffb4daaac81522,05c683af2cfb1933e7265d6b306fbb2773a0f00e94f8deda7a8a4d729c4af0b4,7c465b02e74bbf27d5c42a8dfbc5bc735556cdcd8a22047f6d60070db40a21bc,ResidualForecastPolicy,True,jonswap,jonswap,3.12.3,2.5.2,2.13.0,2.9.0,1.3.0,3.2.7,e9fa15cc35312a5c1ecf0c42668a690b5061c090,7ebad1ecabd28a7000add2d05f888aa2e837c2cc,c7fbdcc4df48bd4a2cfe21811613e5e50e3e4868822fe6dddd13745d96692118,b98d65cc5e34337369dcd4d69d63651cc2c99c19e8494199e8b5ec9e06c8b87f,3ee7e46399aea60603c767e0a604e79e7db233924ce71fe027a1ccc1623b7eb0,7beb41daec3d6a34c6da7696c56a982667957298f017ebe137829282b6ce7985,e6f30e55e478d39061b94e38de33959ca99b16e8cac38a3bd99b34f6543ad4a2,20260924,1.5,kinematic,noise,sigma1cm_lat1step,jonswap,strict,25.0,True,0.01,0.05,33.4,1,33.333333333333336,30.0,,e6f30e55e478d39061b94e38de33959ca99b16e8cac38a3bd99b34f6543ad4a2
residual_ppo_forecast,False,0,aft,id,SS5,200,199,0.995,0.9722262956021069,0.9991168312843989,0.0,0.0,0.005,0.0,0.995,0.0,200,0.2543764833544845,0.3308836355318715,0.25486303158796253,0.3264960483982241,0.01651519625910362,0.03468038984455027,8.479762556701237,1.9813958333333335,1.975,0.12883808143524045,0.1978914346404251,0,0.0,0,-0.004107478844300405,58,0.29,0.745,0,0,0,0,0,199,1,0,200,,0.23154025607067882,0.3563747810077731,0.29,0.23154025607067882,0.3563747810077731,artifacts/runs/residual_ppo_forecast/0,ppo,10000000,final,10010624,6cedd5d9a1fbf7eabafa9ca6146ab19ce81fdab2,8276ee8f4e1baa91aa56b31aeb5b5f48aa8845c72939e13cf44ff4fb4e10b2e3,92671b2081ade69e3bda52d06309eb171c7b36b2303c8648d10c93d6591a4765,8642848a224023a069190ceba3a47a93e9d3884843f2a5d4c6ffb4daaac81522,05c683af2cfb1933e7265d6b306fbb2773a0f00e94f8deda7a8a4d729c4af0b4,7c465b02e74bbf27d5c42a8dfbc5bc735556cdcd8a22047f6d60070db40a21bc,ResidualForecastPolicy,True,jonswap,jonswap,3.12.3,2.5.2,2.13.0,2.9.0,1.3.0,3.2.7,e9fa15cc35312a5c1ecf0c42668a690b5061c090,7ebad1ecabd28a7000add2d05f888aa2e837c2cc,c7fbdcc4df48bd4a2cfe21811613e5e50e3e4868822fe6dddd13745d96692118,b98d65cc5e34337369dcd4d69d63651cc2c99c19e8494199e8b5ec9e06c8b87f,3ee7e46399aea60603c767e0a604e79e7db233924ce71fe027a1ccc1623b7eb0,7beb41daec3d6a34c6da7696c56a982667957298f017ebe137829282b6ce7985,e6f30e55e478d39061b94e38de33959ca99b16e8cac38a3bd99b34f6543ad4a2,20260924,1.5,kinematic,noise,sigma1cm_lat1step,jonswap,strict,25.0,True,0.01,0.05,33.4,1,33.333333333333336,30.0,,e6f30e55e478d39061b94e38de33959ca99b16e8cac38a3bd99b34f6543ad4a2
residual_ppo_forecast,False,0,aft,id,SS6,200,193,0.965,0.9295293884777092,0.9829444579914328,0.0,0.0,0.03,0.005,0.965,0.0,200,0.26243416638053607,0.3204614216082946,0.2640482344460527,0.3231377873493762,0.01726644840011673,0.039806394399553024,14.13851994232338,2.0117291666666666,2.0062499999999996,0.13173646287894233,0.19255029887671046,0,0.0,0,-0.004830228319654638,24,0.12,0.0,0,0,0,0,0,199,1,0,200,,0.08197992706375512,0.17234252098296743,0.12,0.08197992706375512,0.17234252098296743,artifacts/runs/residual_ppo_forecast/0,ppo,10000000,final,10010624,6cedd5d9a1fbf7eabafa9ca6146ab19ce81fdab2,8276ee8f4e1baa91aa56b31aeb5b5f48aa8845c72939e13cf44ff4fb4e10b2e3,92671b2081ade69e3bda52d06309eb171c7b36b2303c8648d10c93d6591a4765,8642848a224023a069190ceba3a47a93e9d3884843f2a5d4c6ffb4daaac81522,05c683af2cfb1933e7265d6b306fbb2773a0f00e94f8deda7a8a4d729c4af0b4,7c465b02e74bbf27d5c42a8dfbc5bc735556cdcd8a22047f6d60070db40a21bc,ResidualForecastPolicy,True,jonswap,jonswap,3.12.3,2.5.2,2.13.0,2.9.0,1.3.0,3.2.7,e9fa15cc35312a5c1ecf0c42668a690b5061c090,7ebad1ecabd28a7000add2d05f888aa2e837c2cc,c7fbdcc4df48bd4a2cfe21811613e5e50e3e4868822fe6dddd13745d96692118,b98d65cc5e34337369dcd4d69d63651cc2c99c19e8494199e8b5ec9e06c8b87f,3ee7e46399aea60603c767e0a604e79e7db233924ce71fe027a1ccc1623b7eb0,7beb41daec3d6a34c6da7696c56a982667957298f017ebe137829282b6ce7985,e6f30e55e478d39061b94e38de33959ca99b16e8cac38a3bd99b34f6543ad4a2,20260924,1.5,kinematic,noise,sigma1cm_lat1step,jonswap,strict,25.0,True,0.01,0.05,33.4,1,33.333333333333336,30.0,,e6f30e55e478d39061b94e38de33959ca99b16e8cac38a3bd99b34f6543ad4a2
residual_ppo_forecast,False,1,aft,id,SS3,200,199,0.995,0.9722262956021069,0.9991168312843989,0.0,0.0,0.0,0.005,0.995,0.0,200,0.26016442526962136,0.3179780516425648,0.2604033258663623,0.31794671787627904,0.014822038401537426,0.031647024828597096,5.917697976998409,1.9843958333333334,1.9604166666666667,0.11793060362301637,0.1959883733199037,0,0.0,0,-0.003406600770222255,187,0.935,0.755,0,0,0,0,0,199,1,0,200,,0.8919809207009312,0.961623645350847,0.935,0.8919809207009312,0.961623645350847,artifacts/runs/residual_ppo_forecast/1,ppo,10000000,final,10010624,6cedd5d9a1fbf7eabafa9ca6146ab19ce81fdab2,8276ee8f4e1baa91aa56b31aeb5b5f48aa8845c72939e13cf44ff4fb4e10b2e3,92671b2081ade69e3bda52d06309eb171c7b36b2303c8648d10c93d6591a4765,129feb9da2bfce5ab1b169c5e7ee4956ca4b3dd890a44171f0265638cb35eed5,f008964eabf072d81045c92f413c7d29b561e5baf783aa2c8f121c77f04151f8,65ca46d9d2effab3b94ed2360a8e44cc66114dc6d71d1c8beee094459ae3d900,ResidualForecastPolicy,True,jonswap,jonswap,3.12.3,2.5.2,2.13.0,2.9.0,1.3.0,3.2.7,e9fa15cc35312a5c1ecf0c42668a690b5061c090,7ebad1ecabd28a7000add2d05f888aa2e837c2cc,c7fbdcc4df48bd4a2cfe21811613e5e50e3e4868822fe6dddd13745d96692118,b98d65cc5e34337369dcd4d69d63651cc2c99c19e8494199e8b5ec9e06c8b87f,3ee7e46399aea60603c767e0a604e79e7db233924ce71fe027a1ccc1623b7eb0,7beb41daec3d6a34c6da7696c56a982667957298f017ebe137829282b6ce7985,e6f30e55e478d39061b94e38de33959ca99b16e8cac38a3bd99b34f6543ad4a2,20260924,1.5,kinematic,noise,sigma1cm_lat1step,jonswap,strict,25.0,True,0.01,0.05,33.4,1,33.333333333333336,30.0,,e6f30e55e478d39061b94e38de33959ca99b16e8cac38a3bd99b34f6543ad4a2
residual_ppo_forecast,False,1,aft,id,SS4,200,200,1.0,0.9811546736227335,1.0,0.0,0.0,0.0,0.0,1.0,0.0,200,0.2579979903469659,0.325554456669529,0.257426300520762,0.32590597552164713,0.014986326000461202,0.033214620991765254,6.684515098332729,1.9887916666666667,1.9604166666666667,0.12273359198955887,0.19374786265995284,0,0.0,0,-0.0038564349990702763,142,0.71,0.75,0,0,0,0,0,200,0,0,200,,0.6436252189922268,0.7684597439293211,0.71,0.6436252189922268,0.7684597439293211,artifacts/runs/residual_ppo_forecast/1,ppo,10000000,final,10010624,6cedd5d9a1fbf7eabafa9ca6146ab19ce81fdab2,8276ee8f4e1baa91aa56b31aeb5b5f48aa8845c72939e13cf44ff4fb4e10b2e3,92671b2081ade69e3bda52d06309eb171c7b36b2303c8648d10c93d6591a4765,129feb9da2bfce5ab1b169c5e7ee4956ca4b3dd890a44171f0265638cb35eed5,f008964eabf072d81045c92f413c7d29b561e5baf783aa2c8f121c77f04151f8,65ca46d9d2effab3b94ed2360a8e44cc66114dc6d71d1c8beee094459ae3d900,ResidualForecastPolicy,True,jonswap,jonswap,3.12.3,2.5.2,2.13.0,2.9.0,1.3.0,3.2.7,e9fa15cc35312a5c1ecf0c42668a690b5061c090,7ebad1ecabd28a7000add2d05f888aa2e837c2cc,c7fbdcc4df48bd4a2cfe21811613e5e50e3e4868822fe6dddd13745d96692118,b98d65cc5e34337369dcd4d69d63651cc2c99c19e8494199e8b5ec9e06c8b87f,3ee7e46399aea60603c767e0a604e79e7db233924ce71fe027a1ccc1623b7eb0,7beb41daec3d6a34c6da7696c56a982667957298f017ebe137829282b6ce7985,e6f30e55e478d39061b94e38de33959ca99b16e8cac38a3bd99b34f6543ad4a2,20260924,1.5,kinematic,noise,sigma1cm_lat1step,jonswap,strict,25.0,True,0.01,0.05,33.4,1,33.333333333333336,30.0,,e6f30e55e478d39061b94e38de33959ca99b16e8cac38a3bd99b34f6543ad4a2
residual_ppo_forecast,False,1,aft,id,SS5,200,198,0.99,0.9642782382838231,0.9972533418664555,0.0,0.0,0.005,0.005,0.99,0.0,200,0.2617584504117568,0.32358056942936975,0.26323020231076555,0.3242774730680554,0.018193345195121724,0.035148511716336504,9.787107010772337,1.9904374999999999,1.9833333333333334,0.12755121973994663,0.19310107375628915,0,0.0,0,-0.00429718258912754,62,0.31,0.745,0,0,0,0,0,199,1,0,200,,0.2499894483607809,0.37717177566258037,0.31,0.2499894483607809,0.37717177566258037,artifacts/runs/residual_ppo_forecast/1,ppo,10000000,final,10010624,6cedd5d9a1fbf7eabafa9ca6146ab19ce81fdab2,8276ee8f4e1baa91aa56b31aeb5b5f48aa8845c72939e13cf44ff4fb4e10b2e3,92671b2081ade69e3bda52d06309eb171c7b36b2303c8648d10c93d6591a4765,129feb9da2bfce5ab1b169c5e7ee4956ca4b3dd890a44171f0265638cb35eed5,f008964eabf072d81045c92f413c7d29b561e5baf783aa2c8f121c77f04151f8,65ca46d9d2effab3b94ed2360a8e44cc66114dc6d71d1c8beee094459ae3d900,ResidualForecastPolicy,True,jonswap,jonswap,3.12.3,2.5.2,2.13.0,2.9.0,1.3.0,3.2.7,e9fa15cc35312a5c1ecf0c42668a690b5061c090,7ebad1ecabd28a7000add2d05f888aa2e837c2cc,c7fbdcc4df48bd4a2cfe21811613e5e50e3e4868822fe6dddd13745d96692118,b98d65cc5e34337369dcd4d69d63651cc2c99c19e8494199e8b5ec9e06c8b87f,3ee7e46399aea60603c767e0a604e79e7db233924ce71fe027a1ccc1623b7eb0,7beb41daec3d6a34c6da7696c56a982667957298f017ebe137829282b6ce7985,e6f30e55e478d39061b94e38de33959ca99b16e8cac38a3bd99b34f6543ad4a2,20260924,1.5,kinematic,noise,sigma1cm_lat1step,jonswap,strict,25.0,True,0.01,0.05,33.4,1,33.333333333333336,30.0,,e6f30e55e478d39061b94e38de33959ca99b16e8cac38a3bd99b34f6543ad4a2
residual_ppo_forecast,False,1,aft,id,SS6,200,191,0.955,0.9167032959981803,0.976147456998507,0.0,0.0,0.03,0.015,0.955,0.0,200,0.25749756287304765,0.3115689009120779,0.25767832768056026,0.3123109709832702,0.018853716876558353,0.04075109115940999,13.507096519191894,2.047270833333333,2.029166666666667,0.12892878302341124,0.18878428662620805,1,0.005,0,-0.00453060204694661,24,0.12,0.0,0,0,0,0,0,194,6,0,200,,0.08197992706375512,0.17234252098296743,0.12,0.08197992706375512,0.17234252098296743,artifacts/runs/residual_ppo_forecast/1,ppo,10000000,final,10010624,6cedd5d9a1fbf7eabafa9ca6146ab19ce81fdab2,8276ee8f4e1baa91aa56b31aeb5b5f48aa8845c72939e13cf44ff4fb4e10b2e3,92671b2081ade69e3bda52d06309eb171c7b36b2303c8648d10c93d6591a4765,129feb9da2bfce5ab1b169c5e7ee4956ca4b3dd890a44171f0265638cb35eed5,f008964eabf072d81045c92f413c7d29b561e5baf783aa2c8f121c77f04151f8,65ca46d9d2effab3b94ed2360a8e44cc66114dc6d71d1c8beee094459ae3d900,ResidualForecastPolicy,True,jonswap,jonswap,3.12.3,2.5.2,2.13.0,2.9.0,1.3.0,3.2.7,e9fa15cc35312a5c1ecf0c42668a690b5061c090,7ebad1ecabd28a7000add2d05f888aa2e837c2cc,c7fbdcc4df48bd4a2cfe21811613e5e50e3e4868822fe6dddd13745d96692118,b98d65cc5e34337369dcd4d69d63651cc2c99c19e8494199e8b5ec9e06c8b87f,3ee7e46399aea60603c767e0a604e79e7db233924ce71fe027a1ccc1623b7eb0,7beb41daec3d6a34c6da7696c56a982667957298f017ebe137829282b6ce7985,e6f30e55e478d39061b94e38de33959ca99b16e8cac38a3bd99b34f6543ad4a2,20260924,1.5,kinematic,noise,sigma1cm_lat1step,jonswap,strict,25.0,True,0.01,0.05,33.4,1,33.333333333333336,30.0,,e6f30e55e478d39061b94e38de33959ca99b16e8cac38a3bd99b34f6543ad4a2
residual_ppo_forecast,False,2,aft,id,SS3,200,200,1.0,0.9811546736227335,1.0,0.0,0.0,0.0,0.0,1.0,0.0,200,0.24700495134588488,0.2977696558104892,0.2468934466757131,0.2980160016404881,0.013679890348188993,0.029063789016638118,5.859165698235565,1.993125,1.9645833333333331,0.11915460517068112,0.19447224442905486,0,0.0,0,-0.004338957016870595,188,0.94,0.755,0,0,0,0,0,200,0,0,200,,0.8980683070423372,0.9653478057456681,0.94,0.8980683070423372,0.9653478057456681,artifacts/runs/residual_ppo_forecast/2,ppo,10000000,final,10010624,6cedd5d9a1fbf7eabafa9ca6146ab19ce81fdab2,8276ee8f4e1baa91aa56b31aeb5b5f48aa8845c72939e13cf44ff4fb4e10b2e3,92671b2081ade69e3bda52d06309eb171c7b36b2303c8648d10c93d6591a4765,d8bcbef807158e47f88d1da56dfc022073da660ba81ffb023ed44e9a5833e125,aad11ac36d4e4af4e67a276248bbcd500b7b8d75473c3845b41551f2f298a16b,b6ea70e1fe6c0ec92e07af8c47788b29eb1d52a8aebe43f3254509fe4a1e290a,ResidualForecastPolicy,True,jonswap,jonswap,3.12.3,2.5.2,2.13.0,2.9.0,1.3.0,3.2.7,e9fa15cc35312a5c1ecf0c42668a690b5061c090,7ebad1ecabd28a7000add2d05f888aa2e837c2cc,c7fbdcc4df48bd4a2cfe21811613e5e50e3e4868822fe6dddd13745d96692118,b98d65cc5e34337369dcd4d69d63651cc2c99c19e8494199e8b5ec9e06c8b87f,3ee7e46399aea60603c767e0a604e79e7db233924ce71fe027a1ccc1623b7eb0,7beb41daec3d6a34c6da7696c56a982667957298f017ebe137829282b6ce7985,e6f30e55e478d39061b94e38de33959ca99b16e8cac38a3bd99b34f6543ad4a2,20260924,1.5,kinematic,noise,sigma1cm_lat1step,jonswap,strict,25.0,True,0.01,0.05,33.4,1,33.333333333333336,30.0,,e6f30e55e478d39061b94e38de33959ca99b16e8cac38a3bd99b34f6543ad4a2
residual_ppo_forecast,False,2,aft,id,SS4,200,200,1.0,0.9811546736227335,1.0,0.0,0.0,0.0,0.0,1.0,0.0,200,0.2463360935876188,0.3108260876431184,0.24609530888400372,0.3113116949626643,0.012555259248402117,0.026699857351619907,6.770530126601589,1.995104166666667,1.975,0.1234724404764761,0.193064775927361,0,0.0,0,-0.004041253864164083,142,0.71,0.75,0,0,0,0,0,200,0,0,200,,0.6436252189922268,0.7684597439293211,0.71,0.6436252189922268,0.7684597439293211,artifacts/runs/residual_ppo_forecast/2,ppo,10000000,final,10010624,6cedd5d9a1fbf7eabafa9ca6146ab19ce81fdab2,8276ee8f4e1baa91aa56b31aeb5b5f48aa8845c72939e13cf44ff4fb4e10b2e3,92671b2081ade69e3bda52d06309eb171c7b36b2303c8648d10c93d6591a4765,d8bcbef807158e47f88d1da56dfc022073da660ba81ffb023ed44e9a5833e125,aad11ac36d4e4af4e67a276248bbcd500b7b8d75473c3845b41551f2f298a16b,b6ea70e1fe6c0ec92e07af8c47788b29eb1d52a8aebe43f3254509fe4a1e290a,ResidualForecastPolicy,True,jonswap,jonswap,3.12.3,2.5.2,2.13.0,2.9.0,1.3.0,3.2.7,e9fa15cc35312a5c1ecf0c42668a690b5061c090,7ebad1ecabd28a7000add2d05f888aa2e837c2cc,c7fbdcc4df48bd4a2cfe21811613e5e50e3e4868822fe6dddd13745d96692118,b98d65cc5e34337369dcd4d69d63651cc2c99c19e8494199e8b5ec9e06c8b87f,3ee7e46399aea60603c767e0a604e79e7db233924ce71fe027a1ccc1623b7eb0,7beb41daec3d6a34c6da7696c56a982667957298f017ebe137829282b6ce7985,e6f30e55e478d39061b94e38de33959ca99b16e8cac38a3bd99b34f6543ad4a2,20260924,1.5,kinematic,noise,sigma1cm_lat1step,jonswap,strict,25.0,True,0.01,0.05,33.4,1,33.333333333333336,30.0,,e6f30e55e478d39061b94e38de33959ca99b16e8cac38a3bd99b34f6543ad4a2
residual_ppo_forecast,False,2,aft,id,SS5,200,198,0.99,0.9642782382838231,0.9972533418664555,0.0,0.0,0.005,0.005,0.99,0.0,200,0.2508993627122803,0.31348779220967044,0.252459871085093,0.31345717442602583,0.01588077949753746,0.03435955816043682,8.686058531625962,2.0028333333333332,1.9749999999999999,0.12778094944298454,0.1915620493075248,0,0.0,1,-0.005571369496485651,60,0.3,0.745,0,0,0,0,0,199,1,0,200,,0.24074744682371402,0.36679068372719265,0.3,0.24074744682371402,0.36679068372719265,artifacts/runs/residual_ppo_forecast/2,ppo,10000000,final,10010624,6cedd5d9a1fbf7eabafa9ca6146ab19ce81fdab2,8276ee8f4e1baa91aa56b31aeb5b5f48aa8845c72939e13cf44ff4fb4e10b2e3,92671b2081ade69e3bda52d06309eb171c7b36b2303c8648d10c93d6591a4765,d8bcbef807158e47f88d1da56dfc022073da660ba81ffb023ed44e9a5833e125,aad11ac36d4e4af4e67a276248bbcd500b7b8d75473c3845b41551f2f298a16b,b6ea70e1fe6c0ec92e07af8c47788b29eb1d52a8aebe43f3254509fe4a1e290a,ResidualForecastPolicy,True,jonswap,jonswap,3.12.3,2.5.2,2.13.0,2.9.0,1.3.0,3.2.7,e9fa15cc35312a5c1ecf0c42668a690b5061c090,7ebad1ecabd28a7000add2d05f888aa2e837c2cc,c7fbdcc4df48bd4a2cfe21811613e5e50e3e4868822fe6dddd13745d96692118,b98d65cc5e34337369dcd4d69d63651cc2c99c19e8494199e8b5ec9e06c8b87f,3ee7e46399aea60603c767e0a604e79e7db233924ce71fe027a1ccc1623b7eb0,7beb41daec3d6a34c6da7696c56a982667957298f017ebe137829282b6ce7985,e6f30e55e478d39061b94e38de33959ca99b16e8cac38a3bd99b34f6543ad4a2,20260924,1.5,kinematic,noise,sigma1cm_lat1step,jonswap,strict,25.0,True,0.01,0.05,33.4,1,33.333333333333336,30.0,,e6f30e55e478d39061b94e38de33959ca99b16e8cac38a3bd99b34f6543ad4a2
residual_ppo_forecast,False,2,aft,id,SS6,200,189,0.945,0.9042130012276914,0.9690146582965411,0.0,0.0,0.04,0.015,0.945,0.0,200,0.24646397545192494,0.31596282852767893,0.24704532233495874,0.3143323639353954,0.01803633829095623,0.03632906565953669,14.38336579645171,2.0428958333333336,2.0208333333333335,0.13018649555857967,0.18853874111109584,0,0.0,2,-0.0051853903346703095,22,0.11,0.0,0,0,0,0,0,193,7,0,200,,0.07377244460125303,0.1609269099730149,0.11,0.07377244460125303,0.1609269099730149,artifacts/runs/residual_ppo_forecast/2,ppo,10000000,final,10010624,6cedd5d9a1fbf7eabafa9ca6146ab19ce81fdab2,8276ee8f4e1baa91aa56b31aeb5b5f48aa8845c72939e13cf44ff4fb4e10b2e3,92671b2081ade69e3bda52d06309eb171c7b36b2303c8648d10c93d6591a4765,d8bcbef807158e47f88d1da56dfc022073da660ba81ffb023ed44e9a5833e125,aad11ac36d4e4af4e67a276248bbcd500b7b8d75473c3845b41551f2f298a16b,b6ea70e1fe6c0ec92e07af8c47788b29eb1d52a8aebe43f3254509fe4a1e290a,ResidualForecastPolicy,True,jonswap,jonswap,3.12.3,2.5.2,2.13.0,2.9.0,1.3.0,3.2.7,e9fa15cc35312a5c1ecf0c42668a690b5061c090,7ebad1ecabd28a7000add2d05f888aa2e837c2cc,c7fbdcc4df48bd4a2cfe21811613e5e50e3e4868822fe6dddd13745d96692118,b98d65cc5e34337369dcd4d69d63651cc2c99c19e8494199e8b5ec9e06c8b87f,3ee7e46399aea60603c767e0a604e79e7db233924ce71fe027a1ccc1623b7eb0,7beb41daec3d6a34c6da7696c56a982667957298f017ebe137829282b6ce7985,e6f30e55e478d39061b94e38de33959ca99b16e8cac38a3bd99b34f6543ad4a2,20260924,1.5,kinematic,noise,sigma1cm_lat1step,jonswap,strict,25.0,True,0.01,0.05,33.4,1,33.333333333333336,30.0,,e6f30e55e478d39061b94e38de33959ca99b16e8cac38a3bd99b34f6543ad4a2
residual_ppo_forecast,False,3,aft,id,SS3,200,200,1.0,0.9811546736227335,1.0,0.0,0.0,0.0,0.0,1.0,0.0,200,0.2568914843488901,0.30771295761790657,0.2567883084147103,0.30838283913539405,0.01893283029855994,0.033186645821663495,6.127777076343011,2.0032291666666664,1.9916666666666667,0.11454973860135498,0.20592913055310846,0,0.0,0,-0.0036019304018776897,188,0.94,0.755,0,0,0,0,0,200,0,0,200,,0.8980683070423372,0.9653478057456681,0.94,0.8980683070423372,0.9653478057456681,artifacts/runs/residual_ppo_forecast/3,ppo,10000000,final,10010624,6cedd5d9a1fbf7eabafa9ca6146ab19ce81fdab2,8276ee8f4e1baa91aa56b31aeb5b5f48aa8845c72939e13cf44ff4fb4e10b2e3,92671b2081ade69e3bda52d06309eb171c7b36b2303c8648d10c93d6591a4765,e0cac6a48fb9a003253bb0dd691ffdf645b079a0bbf9fda0f2eacf3d30811691,50c96efdb27e0015ebf0953295cfbb54ad6de05570c8ae3ab9be24609081e574,699a090ef8aa1265acb749dcf8b882f4eab461dc8075351943ee1c05c164ab99,ResidualForecastPolicy,True,jonswap,jonswap,3.12.3,2.5.2,2.13.0,2.9.0,1.3.0,3.2.7,e9fa15cc35312a5c1ecf0c42668a690b5061c090,7ebad1ecabd28a7000add2d05f888aa2e837c2cc,c7fbdcc4df48bd4a2cfe21811613e5e50e3e4868822fe6dddd13745d96692118,b98d65cc5e34337369dcd4d69d63651cc2c99c19e8494199e8b5ec9e06c8b87f,3ee7e46399aea60603c767e0a604e79e7db233924ce71fe027a1ccc1623b7eb0,7beb41daec3d6a34c6da7696c56a982667957298f017ebe137829282b6ce7985,e6f30e55e478d39061b94e38de33959ca99b16e8cac38a3bd99b34f6543ad4a2,20260924,1.5,kinematic,noise,sigma1cm_lat1step,jonswap,strict,25.0,True,0.01,0.05,33.4,1,33.333333333333336,30.0,,e6f30e55e478d39061b94e38de33959ca99b16e8cac38a3bd99b34f6543ad4a2
residual_ppo_forecast,False,3,aft,id,SS4,200,200,1.0,0.9811546736227335,1.0,0.0,0.0,0.0,0.0,1.0,0.0,200,0.2555615674292723,0.32074929325709395,0.25592699288776244,0.320230450874651,0.016388237201991066,0.0336143322326495,6.067357421777835,2.0105833333333334,1.9875,0.11900452006704423,0.20629909623419287,0,0.0,0,-0.003440166238958889,142,0.71,0.75,0,0,0,0,0,200,0,0,200,,0.6436252189922268,0.7684597439293211,0.71,0.6436252189922268,0.7684597439293211,artifacts/runs/residual_ppo_forecast/3,ppo,10000000,final,10010624,6cedd5d9a1fbf7eabafa9ca6146ab19ce81fdab2,8276ee8f4e1baa91aa56b31aeb5b5f48aa8845c72939e13cf44ff4fb4e10b2e3,92671b2081ade69e3bda52d06309eb171c7b36b2303c8648d10c93d6591a4765,e0cac6a48fb9a003253bb0dd691ffdf645b079a0bbf9fda0f2eacf3d30811691,50c96efdb27e0015ebf0953295cfbb54ad6de05570c8ae3ab9be24609081e574,699a090ef8aa1265acb749dcf8b882f4eab461dc8075351943ee1c05c164ab99,ResidualForecastPolicy,True,jonswap,jonswap,3.12.3,2.5.2,2.13.0,2.9.0,1.3.0,3.2.7,e9fa15cc35312a5c1ecf0c42668a690b5061c090,7ebad1ecabd28a7000add2d05f888aa2e837c2cc,c7fbdcc4df48bd4a2cfe21811613e5e50e3e4868822fe6dddd13745d96692118,b98d65cc5e34337369dcd4d69d63651cc2c99c19e8494199e8b5ec9e06c8b87f,3ee7e46399aea60603c767e0a604e79e7db233924ce71fe027a1ccc1623b7eb0,7beb41daec3d6a34c6da7696c56a982667957298f017ebe137829282b6ce7985,e6f30e55e478d39061b94e38de33959ca99b16e8cac38a3bd99b34f6543ad4a2,20260924,1.5,kinematic,noise,sigma1cm_lat1step,jonswap,strict,25.0,True,0.01,0.05,33.4,1,33.333333333333336,30.0,,e6f30e55e478d39061b94e38de33959ca99b16e8cac38a3bd99b34f6543ad4a2
residual_ppo_forecast,False,3,aft,id,SS5,200,197,0.985,0.9568342712073097,0.9948857622067417,0.0,0.0,0.005,0.01,0.985,0.0,200,0.26398375542792596,0.32209668421484133,0.2641035182495478,0.3257496348140463,0.01956645502337832,0.038031094184396874,10.319685129489066,1.9963333333333333,1.9791666666666667,0.12424901308840285,0.20345782572358687,0,0.0,0,-0.004419023431905043,59,0.295,0.745,0,0,0,0,0,198,2,0,200,,0.23613943856849148,0.36158714524618774,0.295,0.23613943856849148,0.36158714524618774,artifacts/runs/residual_ppo_forecast/3,ppo,10000000,final,10010624,6cedd5d9a1fbf7eabafa9ca6146ab19ce81fdab2,8276ee8f4e1baa91aa56b31aeb5b5f48aa8845c72939e13cf44ff4fb4e10b2e3,92671b2081ade69e3bda52d06309eb171c7b36b2303c8648d10c93d6591a4765,e0cac6a48fb9a003253bb0dd691ffdf645b079a0bbf9fda0f2eacf3d30811691,50c96efdb27e0015ebf0953295cfbb54ad6de05570c8ae3ab9be24609081e574,699a090ef8aa1265acb749dcf8b882f4eab461dc8075351943ee1c05c164ab99,ResidualForecastPolicy,True,jonswap,jonswap,3.12.3,2.5.2,2.13.0,2.9.0,1.3.0,3.2.7,e9fa15cc35312a5c1ecf0c42668a690b5061c090,7ebad1ecabd28a7000add2d05f888aa2e837c2cc,c7fbdcc4df48bd4a2cfe21811613e5e50e3e4868822fe6dddd13745d96692118,b98d65cc5e34337369dcd4d69d63651cc2c99c19e8494199e8b5ec9e06c8b87f,3ee7e46399aea60603c767e0a604e79e7db233924ce71fe027a1ccc1623b7eb0,7beb41daec3d6a34c6da7696c56a982667957298f017ebe137829282b6ce7985,e6f30e55e478d39061b94e38de33959ca99b16e8cac38a3bd99b34f6543ad4a2,20260924,1.5,kinematic,noise,sigma1cm_lat1step,jonswap,strict,25.0,True,0.01,0.05,33.4,1,33.333333333333336,30.0,,e6f30e55e478d39061b94e38de33959ca99b16e8cac38a3bd99b34f6543ad4a2
residual_ppo_forecast,False,3,aft,id,SS6,200,192,0.96,0.923067931799067,0.9795943679338476,0.0,0.0,0.03,0.01,0.96,0.0,200,0.25028737800775996,0.31271697083454575,0.2517894943245901,0.3160928579784105,0.019011974786021683,0.04353948336460827,13.007141609415298,2.0178125,2.010416666666667,0.12923790913800615,0.19919325279932493,0,0.0,0,-0.004593702849810438,22,0.11,0.0,0,0,0,0,0,196,4,0,200,,0.07377244460125303,0.1609269099730149,0.11,0.07377244460125303,0.1609269099730149,artifacts/runs/residual_ppo_forecast/3,ppo,10000000,final,10010624,6cedd5d9a1fbf7eabafa9ca6146ab19ce81fdab2,8276ee8f4e1baa91aa56b31aeb5b5f48aa8845c72939e13cf44ff4fb4e10b2e3,92671b2081ade69e3bda52d06309eb171c7b36b2303c8648d10c93d6591a4765,e0cac6a48fb9a003253bb0dd691ffdf645b079a0bbf9fda0f2eacf3d30811691,50c96efdb27e0015ebf0953295cfbb54ad6de05570c8ae3ab9be24609081e574,699a090ef8aa1265acb749dcf8b882f4eab461dc8075351943ee1c05c164ab99,ResidualForecastPolicy,True,jonswap,jonswap,3.12.3,2.5.2,2.13.0,2.9.0,1.3.0,3.2.7,e9fa15cc35312a5c1ecf0c42668a690b5061c090,7ebad1ecabd28a7000add2d05f888aa2e837c2cc,c7fbdcc4df48bd4a2cfe21811613e5e50e3e4868822fe6dddd13745d96692118,b98d65cc5e34337369dcd4d69d63651cc2c99c19e8494199e8b5ec9e06c8b87f,3ee7e46399aea60603c767e0a604e79e7db233924ce71fe027a1ccc1623b7eb0,7beb41daec3d6a34c6da7696c56a982667957298f017ebe137829282b6ce7985,e6f30e55e478d39061b94e38de33959ca99b16e8cac38a3bd99b34f6543ad4a2,20260924,1.5,kinematic,noise,sigma1cm_lat1step,jonswap,strict,25.0,True,0.01,0.05,33.4,1,33.333333333333336,30.0,,e6f30e55e478d39061b94e38de33959ca99b16e8cac38a3bd99b34f6543ad4a2
residual_ppo_forecast,False,4,aft,id,SS3,200,199,0.995,0.9722262956021069,0.9991168312843989,0.005,0.0,0.0,0.0,0.995,0.0,199,0.2542252881238668,0.3069885361809739,0.2541762805024358,0.30657030098415367,0.014464714125737117,0.02816699610052253,6.228998934688391,1.9786641541038528,1.9458333333333333,0.12015305896897552,0.18867912392066302,0,0.0,0,-0.002707362791739898,189,0.949748743718593,0.755,0,0,1,0,0,199,0,0,200,,0.9099839887498027,0.9724786056364403,0.945,0.9042130012276914,0.9690146582965411,artifacts/runs/residual_ppo_forecast/4,ppo,10000000,final,10010624,6cedd5d9a1fbf7eabafa9ca6146ab19ce81fdab2,8276ee8f4e1baa91aa56b31aeb5b5f48aa8845c72939e13cf44ff4fb4e10b2e3,92671b2081ade69e3bda52d06309eb171c7b36b2303c8648d10c93d6591a4765,5927218ad237d36e64672b9d38e25e3d328803f5c4646623c19072e43b5d2763,0b7be3d802f56c6df8190de63634a287ed4dbaa8016d4ff9bb18ca779bcb457b,40643f3e6fba58edff7f05f77955cbb03f4466990a582eecfc035beb4e18043e,ResidualForecastPolicy,True,jonswap,jonswap,3.12.3,2.5.2,2.13.0,2.9.0,1.3.0,3.2.7,e9fa15cc35312a5c1ecf0c42668a690b5061c090,7ebad1ecabd28a7000add2d05f888aa2e837c2cc,c7fbdcc4df48bd4a2cfe21811613e5e50e3e4868822fe6dddd13745d96692118,b98d65cc5e34337369dcd4d69d63651cc2c99c19e8494199e8b5ec9e06c8b87f,3ee7e46399aea60603c767e0a604e79e7db233924ce71fe027a1ccc1623b7eb0,7beb41daec3d6a34c6da7696c56a982667957298f017ebe137829282b6ce7985,e6f30e55e478d39061b94e38de33959ca99b16e8cac38a3bd99b34f6543ad4a2,20260924,1.5,kinematic,noise,sigma1cm_lat1step,jonswap,strict,25.0,True,0.01,0.05,33.4,1,33.333333333333336,30.0,,e6f30e55e478d39061b94e38de33959ca99b16e8cac38a3bd99b34f6543ad4a2
residual_ppo_forecast,False,4,aft,id,SS4,200,199,0.995,0.9722262956021069,0.9991168312843989,0.0,0.0,0.005,0.0,0.995,0.0,200,0.2522494405626761,0.3104524879291156,0.25304279974030897,0.31052271652644814,0.015270808593605465,0.029681707216392877,6.8630340526823135,1.9911874999999997,1.9604166666666667,0.12448178841561738,0.1896490891921944,0,0.0,0,-0.0036645773476010604,140,0.7,0.75,0,0,0,0,0,199,1,0,200,,0.6332093162728074,0.7592525531762859,0.7,0.6332093162728074,0.7592525531762859,artifacts/runs/residual_ppo_forecast/4,ppo,10000000,final,10010624,6cedd5d9a1fbf7eabafa9ca6146ab19ce81fdab2,8276ee8f4e1baa91aa56b31aeb5b5f48aa8845c72939e13cf44ff4fb4e10b2e3,92671b2081ade69e3bda52d06309eb171c7b36b2303c8648d10c93d6591a4765,5927218ad237d36e64672b9d38e25e3d328803f5c4646623c19072e43b5d2763,0b7be3d802f56c6df8190de63634a287ed4dbaa8016d4ff9bb18ca779bcb457b,40643f3e6fba58edff7f05f77955cbb03f4466990a582eecfc035beb4e18043e,ResidualForecastPolicy,True,jonswap,jonswap,3.12.3,2.5.2,2.13.0,2.9.0,1.3.0,3.2.7,e9fa15cc35312a5c1ecf0c42668a690b5061c090,7ebad1ecabd28a7000add2d05f888aa2e837c2cc,c7fbdcc4df48bd4a2cfe21811613e5e50e3e4868822fe6dddd13745d96692118,b98d65cc5e34337369dcd4d69d63651cc2c99c19e8494199e8b5ec9e06c8b87f,3ee7e46399aea60603c767e0a604e79e7db233924ce71fe027a1ccc1623b7eb0,7beb41daec3d6a34c6da7696c56a982667957298f017ebe137829282b6ce7985,e6f30e55e478d39061b94e38de33959ca99b16e8cac38a3bd99b34f6543ad4a2,20260924,1.5,kinematic,noise,sigma1cm_lat1step,jonswap,strict,25.0,True,0.01,0.05,33.4,1,33.333333333333336,30.0,,e6f30e55e478d39061b94e38de33959ca99b16e8cac38a3bd99b34f6543ad4a2
residual_ppo_forecast,False,4,aft,id,SS5,200,197,0.985,0.9568342712073097,0.9948857622067417,0.0,0.0,0.01,0.005,0.985,0.0,200,0.25845396688143285,0.3150177906986038,0.2594174992853061,0.3152734921412966,0.01547651998010121,0.03242853642682762,9.339031268301472,1.9898958333333332,1.9562499999999998,0.12965169852170802,0.18708762487159475,0,0.0,1,-0.005453699402926297,58,0.29,0.745,0,0,0,0,0,198,2,0,200,,0.23154025607067882,0.3563747810077731,0.29,0.23154025607067882,0.3563747810077731,artifacts/runs/residual_ppo_forecast/4,ppo,10000000,final,10010624,6cedd5d9a1fbf7eabafa9ca6146ab19ce81fdab2,8276ee8f4e1baa91aa56b31aeb5b5f48aa8845c72939e13cf44ff4fb4e10b2e3,92671b2081ade69e3bda52d06309eb171c7b36b2303c8648d10c93d6591a4765,5927218ad237d36e64672b9d38e25e3d328803f5c4646623c19072e43b5d2763,0b7be3d802f56c6df8190de63634a287ed4dbaa8016d4ff9bb18ca779bcb457b,40643f3e6fba58edff7f05f77955cbb03f4466990a582eecfc035beb4e18043e,ResidualForecastPolicy,True,jonswap,jonswap,3.12.3,2.5.2,2.13.0,2.9.0,1.3.0,3.2.7,e9fa15cc35312a5c1ecf0c42668a690b5061c090,7ebad1ecabd28a7000add2d05f888aa2e837c2cc,c7fbdcc4df48bd4a2cfe21811613e5e50e3e4868822fe6dddd13745d96692118,b98d65cc5e34337369dcd4d69d63651cc2c99c19e8494199e8b5ec9e06c8b87f,3ee7e46399aea60603c767e0a604e79e7db233924ce71fe027a1ccc1623b7eb0,7beb41daec3d6a34c6da7696c56a982667957298f017ebe137829282b6ce7985,e6f30e55e478d39061b94e38de33959ca99b16e8cac38a3bd99b34f6543ad4a2,20260924,1.5,kinematic,noise,sigma1cm_lat1step,jonswap,strict,25.0,True,0.01,0.05,33.4,1,33.333333333333336,30.0,,e6f30e55e478d39061b94e38de33959ca99b16e8cac38a3bd99b34f6543ad4a2
residual_ppo_forecast,False,4,aft,id,SS6,200,192,0.96,0.923067931799067,0.9795943679338476,0.0,0.0,0.04,0.0,0.96,0.0,200,0.25949206506205696,0.32264171799542,0.2616860628739367,0.32312115968786487,0.016869415122613227,0.0335217003395706,14.381579964638052,2.00925,2.002083333333333,0.13562811844687872,0.18312791284354402,1,0.005,5,-0.0055454424677212925,23,0.115,0.0,0,0,0,0,0,196,4,0,200,,0.07786373232561955,0.16664716898487572,0.115,0.07786373232561955,0.16664716898487572,artifacts/runs/residual_ppo_forecast/4,ppo,10000000,final,10010624,6cedd5d9a1fbf7eabafa9ca6146ab19ce81fdab2,8276ee8f4e1baa91aa56b31aeb5b5f48aa8845c72939e13cf44ff4fb4e10b2e3,92671b2081ade69e3bda52d06309eb171c7b36b2303c8648d10c93d6591a4765,5927218ad237d36e64672b9d38e25e3d328803f5c4646623c19072e43b5d2763,0b7be3d802f56c6df8190de63634a287ed4dbaa8016d4ff9bb18ca779bcb457b,40643f3e6fba58edff7f05f77955cbb03f4466990a582eecfc035beb4e18043e,ResidualForecastPolicy,True,jonswap,jonswap,3.12.3,2.5.2,2.13.0,2.9.0,1.3.0,3.2.7,e9fa15cc35312a5c1ecf0c42668a690b5061c090,7ebad1ecabd28a7000add2d05f888aa2e837c2cc,c7fbdcc4df48bd4a2cfe21811613e5e50e3e4868822fe6dddd13745d96692118,b98d65cc5e34337369dcd4d69d63651cc2c99c19e8494199e8b5ec9e06c8b87f,3ee7e46399aea60603c767e0a604e79e7db233924ce71fe027a1ccc1623b7eb0,7beb41daec3d6a34c6da7696c56a982667957298f017ebe137829282b6ce7985,e6f30e55e478d39061b94e38de33959ca99b16e8cac38a3bd99b34f6543ad4a2,20260924,1.5,kinematic,noise,sigma1cm_lat1step,jonswap,strict,25.0,True,0.01,0.05,33.4,1,33.333333333333336,30.0,,e6f30e55e478d39061b94e38de33959ca99b16e8cac38a3bd99b34f6543ad4a2
ppo_sinusoid,False,0,aft,id,SS3,200,200,1.0,0.9811546736227335,1.0,0.0,0.0,0.0,0.0,1.0,0.0,200,0.25594185563615895,0.30669822543394887,0.25620682452870525,0.3065866057352501,0.009208932162999978,0.01968458301840308,4.378615325713244,1.5183958333333334,1.5166666666666666,0.23083769865179754,0.19859876042695127,0,0.0,0,-0.0028598834576673304,189,0.945,0.755,0,0,0,0,0,200,0,0,200,,0.9042130012276914,0.9690146582965411,0.945,0.9042130012276914,0.9690146582965411,artifacts/runs/ppo_sinusoid/0,ppo,10000000,final,10010624,6cedd5d9a1fbf7eabafa9ca6146ab19ce81fdab2,0dd539e7ae526fb16bc5d9bcc631b27e1c01056314997b68563497482d3127ff,c760e6ae03ca75505ec61e191edc2174652ebec2e1a3472c11bc32a3dacad4c0,3e30abe049ed0bcc76314f1fcccd90b76d4ddb2765c4a092ffb98e523a3caf5d,af0451da40cb2a79146c1cad8e4631ed3c9ef8d7fc61342074ee4a6326a25841,b4b815011e763bf3b2959ed79210da69e117a802eb70a05290b3517660eaa2ab,LearnedPolicy,False,sinusoid,jonswap,3.12.3,2.5.2,2.13.0,2.9.0,1.3.0,3.2.7,e9fa15cc35312a5c1ecf0c42668a690b5061c090,7ebad1ecabd28a7000add2d05f888aa2e837c2cc,c7fbdcc4df48bd4a2cfe21811613e5e50e3e4868822fe6dddd13745d96692118,b98d65cc5e34337369dcd4d69d63651cc2c99c19e8494199e8b5ec9e06c8b87f,3ee7e46399aea60603c767e0a604e79e7db233924ce71fe027a1ccc1623b7eb0,7beb41daec3d6a34c6da7696c56a982667957298f017ebe137829282b6ce7985,e6f30e55e478d39061b94e38de33959ca99b16e8cac38a3bd99b34f6543ad4a2,20260924,1.5,kinematic,noise,sigma1cm_lat1step,jonswap,strict,25.0,True,0.01,0.05,33.4,1,33.333333333333336,30.0,,e6f30e55e478d39061b94e38de33959ca99b16e8cac38a3bd99b34f6543ad4a2
ppo_sinusoid,False,0,aft,id,SS4,200,200,1.0,0.9811546736227335,1.0,0.0,0.0,0.0,0.0,1.0,0.0,200,0.2569101798042449,0.3261499272417921,0.2573307491858327,0.3254222874499543,0.0097668129770357,0.019046441677454923,5.007961292973226,1.5198958333333332,1.5208333333333333,0.2323271320752962,0.1966395630064492,0,0.0,0,-0.0030602447077755224,140,0.7,0.75,0,0,0,0,0,200,0,0,200,,0.6332093162728074,0.7592525531762859,0.7,0.6332093162728074,0.7592525531762859,artifacts/runs/ppo_sinusoid/0,ppo,10000000,final,10010624,6cedd5d9a1fbf7eabafa9ca6146ab19ce81fdab2,0dd539e7ae526fb16bc5d9bcc631b27e1c01056314997b68563497482d3127ff,c760e6ae03ca75505ec61e191edc2174652ebec2e1a3472c11bc32a3dacad4c0,3e30abe049ed0bcc76314f1fcccd90b76d4ddb2765c4a092ffb98e523a3caf5d,af0451da40cb2a79146c1cad8e4631ed3c9ef8d7fc61342074ee4a6326a25841,b4b815011e763bf3b2959ed79210da69e117a802eb70a05290b3517660eaa2ab,LearnedPolicy,False,sinusoid,jonswap,3.12.3,2.5.2,2.13.0,2.9.0,1.3.0,3.2.7,e9fa15cc35312a5c1ecf0c42668a690b5061c090,7ebad1ecabd28a7000add2d05f888aa2e837c2cc,c7fbdcc4df48bd4a2cfe21811613e5e50e3e4868822fe6dddd13745d96692118,b98d65cc5e34337369dcd4d69d63651cc2c99c19e8494199e8b5ec9e06c8b87f,3ee7e46399aea60603c767e0a604e79e7db233924ce71fe027a1ccc1623b7eb0,7beb41daec3d6a34c6da7696c56a982667957298f017ebe137829282b6ce7985,e6f30e55e478d39061b94e38de33959ca99b16e8cac38a3bd99b34f6543ad4a2,20260924,1.5,kinematic,noise,sigma1cm_lat1step,jonswap,strict,25.0,True,0.01,0.05,33.4,1,33.333333333333336,30.0,,e6f30e55e478d39061b94e38de33959ca99b16e8cac38a3bd99b34f6543ad4a2
ppo_sinusoid,False,0,aft,id,SS5,200,200,1.0,0.9811546736227335,1.0,0.0,0.0,0.0,0.0,1.0,0.0,200,0.2499405342339339,0.31931598658625665,0.25040834903233666,0.3187404654669249,0.010433384994006489,0.02388149672415709,8.447174584915297,1.5248333333333335,1.5291666666666666,0.2333758999349463,0.19593413888289057,0,0.0,0,-0.004460919495290911,63,0.315,0.745,0,0,0,0,0,200,0,0,200,,0.2546232099022851,0.3823495608573036,0.315,0.2546232099022851,0.3823495608573036,artifacts/runs/ppo_sinusoid/0,ppo,10000000,final,10010624,6cedd5d9a1fbf7eabafa9ca6146ab19ce81fdab2,0dd539e7ae526fb16bc5d9bcc631b27e1c01056314997b68563497482d3127ff,c760e6ae03ca75505ec61e191edc2174652ebec2e1a3472c11bc32a3dacad4c0,3e30abe049ed0bcc76314f1fcccd90b76d4ddb2765c4a092ffb98e523a3caf5d,af0451da40cb2a79146c1cad8e4631ed3c9ef8d7fc61342074ee4a6326a25841,b4b815011e763bf3b2959ed79210da69e117a802eb70a05290b3517660eaa2ab,LearnedPolicy,False,sinusoid,jonswap,3.12.3,2.5.2,2.13.0,2.9.0,1.3.0,3.2.7,e9fa15cc35312a5c1ecf0c42668a690b5061c090,7ebad1ecabd28a7000add2d05f888aa2e837c2cc,c7fbdcc4df48bd4a2cfe21811613e5e50e3e4868822fe6dddd13745d96692118,b98d65cc5e34337369dcd4d69d63651cc2c99c19e8494199e8b5ec9e06c8b87f,3ee7e46399aea60603c767e0a604e79e7db233924ce71fe027a1ccc1623b7eb0,7beb41daec3d6a34c6da7696c56a982667957298f017ebe137829282b6ce7985,e6f30e55e478d39061b94e38de33959ca99b16e8cac38a3bd99b34f6543ad4a2,20260924,1.5,kinematic,noise,sigma1cm_lat1step,jonswap,strict,25.0,True,0.01,0.05,33.4,1,33.333333333333336,30.0,,e6f30e55e478d39061b94e38de33959ca99b16e8cac38a3bd99b34f6543ad4a2
ppo_sinusoid,False,0,aft,id,SS6,200,193,0.965,0.9295293884777092,0.9829444579914328,0.0,0.0,0.035,0.0,0.965,0.0,200,0.2614762591941914,0.3375732010856186,0.26379708769086857,0.34463632094206914,0.011330302704877272,0.04154656343253901,12.385302257818372,1.5388541666666666,1.5375,0.23601641907818366,0.19893236268389913,0,0.0,3,-0.0057660280823310876,23,0.115,0.0,0,0,0,0,0,199,1,0,200,,0.07786373232561955,0.16664716898487572,0.115,0.07786373232561955,0.16664716898487572,artifacts/runs/ppo_sinusoid/0,ppo,10000000,final,10010624,6cedd5d9a1fbf7eabafa9ca6146ab19ce81fdab2,0dd539e7ae526fb16bc5d9bcc631b27e1c01056314997b68563497482d3127ff,c760e6ae03ca75505ec61e191edc2174652ebec2e1a3472c11bc32a3dacad4c0,3e30abe049ed0bcc76314f1fcccd90b76d4ddb2765c4a092ffb98e523a3caf5d,af0451da40cb2a79146c1cad8e4631ed3c9ef8d7fc61342074ee4a6326a25841,b4b815011e763bf3b2959ed79210da69e117a802eb70a05290b3517660eaa2ab,LearnedPolicy,False,sinusoid,jonswap,3.12.3,2.5.2,2.13.0,2.9.0,1.3.0,3.2.7,e9fa15cc35312a5c1ecf0c42668a690b5061c090,7ebad1ecabd28a7000add2d05f888aa2e837c2cc,c7fbdcc4df48bd4a2cfe21811613e5e50e3e4868822fe6dddd13745d96692118,b98d65cc5e34337369dcd4d69d63651cc2c99c19e8494199e8b5ec9e06c8b87f,3ee7e46399aea60603c767e0a604e79e7db233924ce71fe027a1ccc1623b7eb0,7beb41daec3d6a34c6da7696c56a982667957298f017ebe137829282b6ce7985,e6f30e55e478d39061b94e38de33959ca99b16e8cac38a3bd99b34f6543ad4a2,20260924,1.5,kinematic,noise,sigma1cm_lat1step,jonswap,strict,25.0,True,0.01,0.05,33.4,1,33.333333333333336,30.0,,e6f30e55e478d39061b94e38de33959ca99b16e8cac38a3bd99b34f6543ad4a2
ppo_sinusoid,False,1,aft,id,SS3,200,200,1.0,0.9811546736227335,1.0,0.0,0.0,0.0,0.0,1.0,0.0,200,0.2562555987381966,0.31227978445175075,0.2562282322148138,0.3129213829420374,0.011926585405415859,0.021190943300769028,4.663776106968786,1.5149374999999998,1.5166666666666666,0.2024934067725988,0.19084255276515322,0,0.0,0,-0.002541584037819596,190,0.95,0.755,0,0,0,0,0,200,0,0,200,,0.9104218518612239,0.972617354399236,0.95,0.9104218518612239,0.972617354399236,artifacts/runs/ppo_sinusoid/1,ppo,10000000,final,10010624,6cedd5d9a1fbf7eabafa9ca6146ab19ce81fdab2,0dd539e7ae526fb16bc5d9bcc631b27e1c01056314997b68563497482d3127ff,c760e6ae03ca75505ec61e191edc2174652ebec2e1a3472c11bc32a3dacad4c0,0f5aa57318f8f61ab42610d56c06d24fdf753c0291c66f1999b6985ed5aecf60,ef9be83f1509767aad9644a06a42934311c1fea3fbae61dd79d97032793a9963,4e9d25f7a12fe9ddf9958b2f7c8cc5fd4b0222ad0b0c9660b4d0926b4b2c4cb0,LearnedPolicy,False,sinusoid,jonswap,3.12.3,2.5.2,2.13.0,2.9.0,1.3.0,3.2.7,e9fa15cc35312a5c1ecf0c42668a690b5061c090,7ebad1ecabd28a7000add2d05f888aa2e837c2cc,c7fbdcc4df48bd4a2cfe21811613e5e50e3e4868822fe6dddd13745d96692118,b98d65cc5e34337369dcd4d69d63651cc2c99c19e8494199e8b5ec9e06c8b87f,3ee7e46399aea60603c767e0a604e79e7db233924ce71fe027a1ccc1623b7eb0,7beb41daec3d6a34c6da7696c56a982667957298f017ebe137829282b6ce7985,e6f30e55e478d39061b94e38de33959ca99b16e8cac38a3bd99b34f6543ad4a2,20260924,1.5,kinematic,noise,sigma1cm_lat1step,jonswap,strict,25.0,True,0.01,0.05,33.4,1,33.333333333333336,30.0,,e6f30e55e478d39061b94e38de33959ca99b16e8cac38a3bd99b34f6543ad4a2
ppo_sinusoid,False,1,aft,id,SS4,200,200,1.0,0.9811546736227335,1.0,0.0,0.0,0.0,0.0,1.0,0.0,200,0.2507490278679859,0.3372526977698882,0.25053477159391857,0.3377196514397759,0.010639563802186525,0.02131807834007491,5.035295022557128,1.5179791666666664,1.5208333333333333,0.20573290475223416,0.19085362259873143,0,0.0,0,-0.004676974776382508,141,0.705,0.75,0,0,0,0,0,200,0,0,200,,0.6384128547538122,0.7638605614315084,0.705,0.6384128547538122,0.7638605614315084,artifacts/runs/ppo_sinusoid/1,ppo,10000000,final,10010624,6cedd5d9a1fbf7eabafa9ca6146ab19ce81fdab2,0dd539e7ae526fb16bc5d9bcc631b27e1c01056314997b68563497482d3127ff,c760e6ae03ca75505ec61e191edc2174652ebec2e1a3472c11bc32a3dacad4c0,0f5aa57318f8f61ab42610d56c06d24fdf753c0291c66f1999b6985ed5aecf60,ef9be83f1509767aad9644a06a42934311c1fea3fbae61dd79d97032793a9963,4e9d25f7a12fe9ddf9958b2f7c8cc5fd4b0222ad0b0c9660b4d0926b4b2c4cb0,LearnedPolicy,False,sinusoid,jonswap,3.12.3,2.5.2,2.13.0,2.9.0,1.3.0,3.2.7,e9fa15cc35312a5c1ecf0c42668a690b5061c090,7ebad1ecabd28a7000add2d05f888aa2e837c2cc,c7fbdcc4df48bd4a2cfe21811613e5e50e3e4868822fe6dddd13745d96692118,b98d65cc5e34337369dcd4d69d63651cc2c99c19e8494199e8b5ec9e06c8b87f,3ee7e46399aea60603c767e0a604e79e7db233924ce71fe027a1ccc1623b7eb0,7beb41daec3d6a34c6da7696c56a982667957298f017ebe137829282b6ce7985,e6f30e55e478d39061b94e38de33959ca99b16e8cac38a3bd99b34f6543ad4a2,20260924,1.5,kinematic,noise,sigma1cm_lat1step,jonswap,strict,25.0,True,0.01,0.05,33.4,1,33.333333333333336,30.0,,e6f30e55e478d39061b94e38de33959ca99b16e8cac38a3bd99b34f6543ad4a2
ppo_sinusoid,False,1,aft,id,SS5,200,200,1.0,0.9811546736227335,1.0,0.0,0.0,0.0,0.0,1.0,0.0,200,0.25018310287426565,0.32441370564952343,0.25082430476534645,0.32816624008647877,0.0108050724399107,0.02405259879142319,7.936014369592667,1.5177916666666664,1.5208333333333333,0.21170116933689,0.18952370295120427,0,0.0,0,-0.004650166199645834,63,0.315,0.745,0,0,0,0,0,200,0,0,200,,0.2546232099022851,0.3823495608573036,0.315,0.2546232099022851,0.3823495608573036,artifacts/runs/ppo_sinusoid/1,ppo,10000000,final,10010624,6cedd5d9a1fbf7eabafa9ca6146ab19ce81fdab2,0dd539e7ae526fb16bc5d9bcc631b27e1c01056314997b68563497482d3127ff,c760e6ae03ca75505ec61e191edc2174652ebec2e1a3472c11bc32a3dacad4c0,0f5aa57318f8f61ab42610d56c06d24fdf753c0291c66f1999b6985ed5aecf60,ef9be83f1509767aad9644a06a42934311c1fea3fbae61dd79d97032793a9963,4e9d25f7a12fe9ddf9958b2f7c8cc5fd4b0222ad0b0c9660b4d0926b4b2c4cb0,LearnedPolicy,False,sinusoid,jonswap,3.12.3,2.5.2,2.13.0,2.9.0,1.3.0,3.2.7,e9fa15cc35312a5c1ecf0c42668a690b5061c090,7ebad1ecabd28a7000add2d05f888aa2e837c2cc,c7fbdcc4df48bd4a2cfe21811613e5e50e3e4868822fe6dddd13745d96692118,b98d65cc5e34337369dcd4d69d63651cc2c99c19e8494199e8b5ec9e06c8b87f,3ee7e46399aea60603c767e0a604e79e7db233924ce71fe027a1ccc1623b7eb0,7beb41daec3d6a34c6da7696c56a982667957298f017ebe137829282b6ce7985,e6f30e55e478d39061b94e38de33959ca99b16e8cac38a3bd99b34f6543ad4a2,20260924,1.5,kinematic,noise,sigma1cm_lat1step,jonswap,strict,25.0,True,0.01,0.05,33.4,1,33.333333333333336,30.0,,e6f30e55e478d39061b94e38de33959ca99b16e8cac38a3bd99b34f6543ad4a2
ppo_sinusoid,False,1,aft,id,SS6,200,193,0.965,0.9295293884777092,0.9829444579914328,0.0,0.0,0.03,0.005,0.965,0.0,200,0.25812835143395696,0.34345748556963224,0.2597556973824756,0.34600932716150545,0.011373955792901728,0.02749379309760035,12.52634973141938,1.5398541666666665,1.5291666666666666,0.2160768387238678,0.18916933320973162,0,0.0,4,-0.006101535751995977,24,0.12,0.0,0,0,0,0,0,198,2,0,200,,0.08197992706375512,0.17234252098296743,0.12,0.08197992706375512,0.17234252098296743,artifacts/runs/ppo_sinusoid/1,ppo,10000000,final,10010624,6cedd5d9a1fbf7eabafa9ca6146ab19ce81fdab2,0dd539e7ae526fb16bc5d9bcc631b27e1c01056314997b68563497482d3127ff,c760e6ae03ca75505ec61e191edc2174652ebec2e1a3472c11bc32a3dacad4c0,0f5aa57318f8f61ab42610d56c06d24fdf753c0291c66f1999b6985ed5aecf60,ef9be83f1509767aad9644a06a42934311c1fea3fbae61dd79d97032793a9963,4e9d25f7a12fe9ddf9958b2f7c8cc5fd4b0222ad0b0c9660b4d0926b4b2c4cb0,LearnedPolicy,False,sinusoid,jonswap,3.12.3,2.5.2,2.13.0,2.9.0,1.3.0,3.2.7,e9fa15cc35312a5c1ecf0c42668a690b5061c090,7ebad1ecabd28a7000add2d05f888aa2e837c2cc,c7fbdcc4df48bd4a2cfe21811613e5e50e3e4868822fe6dddd13745d96692118,b98d65cc5e34337369dcd4d69d63651cc2c99c19e8494199e8b5ec9e06c8b87f,3ee7e46399aea60603c767e0a604e79e7db233924ce71fe027a1ccc1623b7eb0,7beb41daec3d6a34c6da7696c56a982667957298f017ebe137829282b6ce7985,e6f30e55e478d39061b94e38de33959ca99b16e8cac38a3bd99b34f6543ad4a2,20260924,1.5,kinematic,noise,sigma1cm_lat1step,jonswap,strict,25.0,True,0.01,0.05,33.4,1,33.333333333333336,30.0,,e6f30e55e478d39061b94e38de33959ca99b16e8cac38a3bd99b34f6543ad4a2
ppo_sinusoid,False,2,aft,id,SS3,200,200,1.0,0.9811546736227335,1.0,0.0,0.0,0.0,0.0,1.0,0.0,200,0.25458454369911454,0.32419490812614815,0.2546636648228847,0.32528444636606085,0.010200153628131932,0.020816360821844966,4.018413160555263,1.4880625,1.4875,0.2193740214940373,0.19486696920476998,0,0.0,0,-0.0029233780238138983,189,0.945,0.755,0,0,0,0,0,200,0,0,200,,0.9042130012276914,0.9690146582965411,0.945,0.9042130012276914,0.9690146582965411,artifacts/runs/ppo_sinusoid/2,ppo,10000000,final,10010624,6cedd5d9a1fbf7eabafa9ca6146ab19ce81fdab2,0dd539e7ae526fb16bc5d9bcc631b27e1c01056314997b68563497482d3127ff,c760e6ae03ca75505ec61e191edc2174652ebec2e1a3472c11bc32a3dacad4c0,b1bed34ac4b86a9500f90146d99ee47781491c22f83bcb80aa608a5a085b1142,fa2737b4e406dbc235920c67e88c6ea2a87f57fb91a789f269b0a28af096cb61,df477afd97b6425a6a659ec2f2e5848b674903f24c734f8e297e64d82a525f2a,LearnedPolicy,False,sinusoid,jonswap,3.12.3,2.5.2,2.13.0,2.9.0,1.3.0,3.2.7,e9fa15cc35312a5c1ecf0c42668a690b5061c090,7ebad1ecabd28a7000add2d05f888aa2e837c2cc,c7fbdcc4df48bd4a2cfe21811613e5e50e3e4868822fe6dddd13745d96692118,b98d65cc5e34337369dcd4d69d63651cc2c99c19e8494199e8b5ec9e06c8b87f,3ee7e46399aea60603c767e0a604e79e7db233924ce71fe027a1ccc1623b7eb0,7beb41daec3d6a34c6da7696c56a982667957298f017ebe137829282b6ce7985,e6f30e55e478d39061b94e38de33959ca99b16e8cac38a3bd99b34f6543ad4a2,20260924,1.5,kinematic,noise,sigma1cm_lat1step,jonswap,strict,25.0,True,0.01,0.05,33.4,1,33.333333333333336,30.0,,e6f30e55e478d39061b94e38de33959ca99b16e8cac38a3bd99b34f6543ad4a2
ppo_sinusoid,False,2,aft,id,SS4,200,200,1.0,0.9811546736227335,1.0,0.0,0.0,0.0,0.0,1.0,0.0,200,0.24823628038964743,0.338794255587011,0.2486161312136067,0.34001589866978427,0.009729396290786018,0.020241096795556517,5.236040225348502,1.4929166666666667,1.4958333333333333,0.22200798303710337,0.19575936202554606,0,0.0,0,-0.002963012264796882,140,0.7,0.75,0,0,0,0,0,200,0,0,200,,0.6332093162728074,0.7592525531762859,0.7,0.6332093162728074,0.7592525531762859,artifacts/runs/ppo_sinusoid/2,ppo,10000000,final,10010624,6cedd5d9a1fbf7eabafa9ca6146ab19ce81fdab2,0dd539e7ae526fb16bc5d9bcc631b27e1c01056314997b68563497482d3127ff,c760e6ae03ca75505ec61e191edc2174652ebec2e1a3472c11bc32a3dacad4c0,b1bed34ac4b86a9500f90146d99ee47781491c22f83bcb80aa608a5a085b1142,fa2737b4e406dbc235920c67e88c6ea2a87f57fb91a789f269b0a28af096cb61,df477afd97b6425a6a659ec2f2e5848b674903f24c734f8e297e64d82a525f2a,LearnedPolicy,False,sinusoid,jonswap,3.12.3,2.5.2,2.13.0,2.9.0,1.3.0,3.2.7,e9fa15cc35312a5c1ecf0c42668a690b5061c090,7ebad1ecabd28a7000add2d05f888aa2e837c2cc,c7fbdcc4df48bd4a2cfe21811613e5e50e3e4868822fe6dddd13745d96692118,b98d65cc5e34337369dcd4d69d63651cc2c99c19e8494199e8b5ec9e06c8b87f,3ee7e46399aea60603c767e0a604e79e7db233924ce71fe027a1ccc1623b7eb0,7beb41daec3d6a34c6da7696c56a982667957298f017ebe137829282b6ce7985,e6f30e55e478d39061b94e38de33959ca99b16e8cac38a3bd99b34f6543ad4a2,20260924,1.5,kinematic,noise,sigma1cm_lat1step,jonswap,strict,25.0,True,0.01,0.05,33.4,1,33.333333333333336,30.0,,e6f30e55e478d39061b94e38de33959ca99b16e8cac38a3bd99b34f6543ad4a2
ppo_sinusoid,False,2,aft,id,SS5,200,200,1.0,0.9811546736227335,1.0,0.0,0.0,0.0,0.0,1.0,0.0,200,0.2529256922931257,0.32394290366167067,0.253741552461144,0.3239219601855839,0.010258260534548147,0.02063311920291302,7.556257619579271,1.4968541666666666,1.4979166666666668,0.2254201676090618,0.19373619625892358,0,0.0,0,-0.004582420292944102,61,0.305,0.745,0,0,0,0,0,200,0,0,200,,0.24536415630735034,0.37198552097978366,0.305,0.24536415630735034,0.37198552097978366,artifacts/runs/ppo_sinusoid/2,ppo,10000000,final,10010624,6cedd5d9a1fbf7eabafa9ca6146ab19ce81fdab2,0dd539e7ae526fb16bc5d9bcc631b27e1c01056314997b68563497482d3127ff,c760e6ae03ca75505ec61e191edc2174652ebec2e1a3472c11bc32a3dacad4c0,b1bed34ac4b86a9500f90146d99ee47781491c22f83bcb80aa608a5a085b1142,fa2737b4e406dbc235920c67e88c6ea2a87f57fb91a789f269b0a28af096cb61,df477afd97b6425a6a659ec2f2e5848b674903f24c734f8e297e64d82a525f2a,LearnedPolicy,False,sinusoid,jonswap,3.12.3,2.5.2,2.13.0,2.9.0,1.3.0,3.2.7,e9fa15cc35312a5c1ecf0c42668a690b5061c090,7ebad1ecabd28a7000add2d05f888aa2e837c2cc,c7fbdcc4df48bd4a2cfe21811613e5e50e3e4868822fe6dddd13745d96692118,b98d65cc5e34337369dcd4d69d63651cc2c99c19e8494199e8b5ec9e06c8b87f,3ee7e46399aea60603c767e0a604e79e7db233924ce71fe027a1ccc1623b7eb0,7beb41daec3d6a34c6da7696c56a982667957298f017ebe137829282b6ce7985,e6f30e55e478d39061b94e38de33959ca99b16e8cac38a3bd99b34f6543ad4a2,20260924,1.5,kinematic,noise,sigma1cm_lat1step,jonswap,strict,25.0,True,0.01,0.05,33.4,1,33.333333333333336,30.0,,e6f30e55e478d39061b94e38de33959ca99b16e8cac38a3bd99b34f6543ad4a2
ppo_sinusoid,False,2,aft,id,SS6,200,195,0.975,0.942821659593358,0.9892752803482386,0.0,0.0,0.02,0.005,0.975,0.0,200,0.2671278194352079,0.3544646056196028,0.269937688491785,0.35428245963047,0.010877410513645939,0.023588608341393664,12.393512692770987,1.518333333333333,1.5125,0.23119535408788422,0.19493647403915987,0,0.0,4,-0.0055083830177171155,23,0.115,0.0,0,0,0,0,0,198,2,0,200,,0.07786373232561955,0.16664716898487572,0.115,0.07786373232561955,0.16664716898487572,artifacts/runs/ppo_sinusoid/2,ppo,10000000,final,10010624,6cedd5d9a1fbf7eabafa9ca6146ab19ce81fdab2,0dd539e7ae526fb16bc5d9bcc631b27e1c01056314997b68563497482d3127ff,c760e6ae03ca75505ec61e191edc2174652ebec2e1a3472c11bc32a3dacad4c0,b1bed34ac4b86a9500f90146d99ee47781491c22f83bcb80aa608a5a085b1142,fa2737b4e406dbc235920c67e88c6ea2a87f57fb91a789f269b0a28af096cb61,df477afd97b6425a6a659ec2f2e5848b674903f24c734f8e297e64d82a525f2a,LearnedPolicy,False,sinusoid,jonswap,3.12.3,2.5.2,2.13.0,2.9.0,1.3.0,3.2.7,e9fa15cc35312a5c1ecf0c42668a690b5061c090,7ebad1ecabd28a7000add2d05f888aa2e837c2cc,c7fbdcc4df48bd4a2cfe21811613e5e50e3e4868822fe6dddd13745d96692118,b98d65cc5e34337369dcd4d69d63651cc2c99c19e8494199e8b5ec9e06c8b87f,3ee7e46399aea60603c767e0a604e79e7db233924ce71fe027a1ccc1623b7eb0,7beb41daec3d6a34c6da7696c56a982667957298f017ebe137829282b6ce7985,e6f30e55e478d39061b94e38de33959ca99b16e8cac38a3bd99b34f6543ad4a2,20260924,1.5,kinematic,noise,sigma1cm_lat1step,jonswap,strict,25.0,True,0.01,0.05,33.4,1,33.333333333333336,30.0,,e6f30e55e478d39061b94e38de33959ca99b16e8cac38a3bd99b34f6543ad4a2
ppo_sinusoid,False,3,aft,id,SS3,200,200,1.0,0.9811546736227335,1.0,0.0,0.0,0.0,0.0,1.0,0.0,200,0.25262414860854876,0.31541896625026766,0.25215537285745004,0.31413686093711285,0.010372035373586958,0.022778976497932965,5.043891910880669,1.5072708333333333,1.5041666666666667,0.2718421702600564,0.21410984298152663,0,0.0,0,-0.003130287016352165,190,0.95,0.755,0,0,0,0,0,200,0,0,200,,0.9104218518612239,0.972617354399236,0.95,0.9104218518612239,0.972617354399236,artifacts/runs/ppo_sinusoid/3,ppo,10000000,final,10010624,6cedd5d9a1fbf7eabafa9ca6146ab19ce81fdab2,0dd539e7ae526fb16bc5d9bcc631b27e1c01056314997b68563497482d3127ff,c760e6ae03ca75505ec61e191edc2174652ebec2e1a3472c11bc32a3dacad4c0,d7d65d4e7ec6e0122c1df5469bc0198357850ce8557a25052b7f798f6137264c,032955786bb06d41cdd367f06a4aacdcd388043f7238097255f55427b8d0b780,55ff2375855c56d85915cb2037b331ee03d61c8a427d78d6492d738a006845fb,LearnedPolicy,False,sinusoid,jonswap,3.12.3,2.5.2,2.13.0,2.9.0,1.3.0,3.2.7,e9fa15cc35312a5c1ecf0c42668a690b5061c090,7ebad1ecabd28a7000add2d05f888aa2e837c2cc,c7fbdcc4df48bd4a2cfe21811613e5e50e3e4868822fe6dddd13745d96692118,b98d65cc5e34337369dcd4d69d63651cc2c99c19e8494199e8b5ec9e06c8b87f,3ee7e46399aea60603c767e0a604e79e7db233924ce71fe027a1ccc1623b7eb0,7beb41daec3d6a34c6da7696c56a982667957298f017ebe137829282b6ce7985,e6f30e55e478d39061b94e38de33959ca99b16e8cac38a3bd99b34f6543ad4a2,20260924,1.5,kinematic,noise,sigma1cm_lat1step,jonswap,strict,25.0,True,0.01,0.05,33.4,1,33.333333333333336,30.0,,e6f30e55e478d39061b94e38de33959ca99b16e8cac38a3bd99b34f6543ad4a2
ppo_sinusoid,False,3,aft,id,SS4,200,200,1.0,0.9811546736227335,1.0,0.0,0.0,0.0,0.0,1.0,0.0,200,0.24879124994863341,0.33195841365422746,0.2479427950440537,0.332113206849253,0.010454552884298179,0.02317234872988167,5.9825246186806185,1.5075208333333334,1.5125,0.27698341772827667,0.2147346030370916,0,0.0,0,-0.0036696868521536442,141,0.705,0.75,0,0,0,0,0,200,0,0,200,,0.6384128547538122,0.7638605614315084,0.705,0.6384128547538122,0.7638605614315084,artifacts/runs/ppo_sinusoid/3,ppo,10000000,final,10010624,6cedd5d9a1fbf7eabafa9ca6146ab19ce81fdab2,0dd539e7ae526fb16bc5d9bcc631b27e1c01056314997b68563497482d3127ff,c760e6ae03ca75505ec61e191edc2174652ebec2e1a3472c11bc32a3dacad4c0,d7d65d4e7ec6e0122c1df5469bc0198357850ce8557a25052b7f798f6137264c,032955786bb06d41cdd367f06a4aacdcd388043f7238097255f55427b8d0b780,55ff2375855c56d85915cb2037b331ee03d61c8a427d78d6492d738a006845fb,LearnedPolicy,False,sinusoid,jonswap,3.12.3,2.5.2,2.13.0,2.9.0,1.3.0,3.2.7,e9fa15cc35312a5c1ecf0c42668a690b5061c090,7ebad1ecabd28a7000add2d05f888aa2e837c2cc,c7fbdcc4df48bd4a2cfe21811613e5e50e3e4868822fe6dddd13745d96692118,b98d65cc5e34337369dcd4d69d63651cc2c99c19e8494199e8b5ec9e06c8b87f,3ee7e46399aea60603c767e0a604e79e7db233924ce71fe027a1ccc1623b7eb0,7beb41daec3d6a34c6da7696c56a982667957298f017ebe137829282b6ce7985,e6f30e55e478d39061b94e38de33959ca99b16e8cac38a3bd99b34f6543ad4a2,20260924,1.5,kinematic,noise,sigma1cm_lat1step,jonswap,strict,25.0,True,0.01,0.05,33.4,1,33.333333333333336,30.0,,e6f30e55e478d39061b94e38de33959ca99b16e8cac38a3bd99b34f6543ad4a2
ppo_sinusoid,False,3,aft,id,SS5,200,200,1.0,0.9811546736227335,1.0,0.0,0.0,0.0,0.0,1.0,0.0,200,0.23968864199385143,0.32473051756256505,0.24225158522070123,0.3267889826509559,0.011023095612780517,0.02307296443792304,9.143961859960703,1.5131666666666665,1.5125,0.2815518736822575,0.2138646297740591,0,0.0,1,-0.005368082310559452,61,0.305,0.745,0,0,0,0,0,200,0,0,200,,0.24536415630735034,0.37198552097978366,0.305,0.24536415630735034,0.37198552097978366,artifacts/runs/ppo_sinusoid/3,ppo,10000000,final,10010624,6cedd5d9a1fbf7eabafa9ca6146ab19ce81fdab2,0dd539e7ae526fb16bc5d9bcc631b27e1c01056314997b68563497482d3127ff,c760e6ae03ca75505ec61e191edc2174652ebec2e1a3472c11bc32a3dacad4c0,d7d65d4e7ec6e0122c1df5469bc0198357850ce8557a25052b7f798f6137264c,032955786bb06d41cdd367f06a4aacdcd388043f7238097255f55427b8d0b780,55ff2375855c56d85915cb2037b331ee03d61c8a427d78d6492d738a006845fb,LearnedPolicy,False,sinusoid,jonswap,3.12.3,2.5.2,2.13.0,2.9.0,1.3.0,3.2.7,e9fa15cc35312a5c1ecf0c42668a690b5061c090,7ebad1ecabd28a7000add2d05f888aa2e837c2cc,c7fbdcc4df48bd4a2cfe21811613e5e50e3e4868822fe6dddd13745d96692118,b98d65cc5e34337369dcd4d69d63651cc2c99c19e8494199e8b5ec9e06c8b87f,3ee7e46399aea60603c767e0a604e79e7db233924ce71fe027a1ccc1623b7eb0,7beb41daec3d6a34c6da7696c56a982667957298f017ebe137829282b6ce7985,e6f30e55e478d39061b94e38de33959ca99b16e8cac38a3bd99b34f6543ad4a2,20260924,1.5,kinematic,noise,sigma1cm_lat1step,jonswap,strict,25.0,True,0.01,0.05,33.4,1,33.333333333333336,30.0,,e6f30e55e478d39061b94e38de33959ca99b16e8cac38a3bd99b34f6543ad4a2
ppo_sinusoid,False,3,aft,id,SS6,200,194,0.97,0.9361057075454807,0.9861796856598887,0.0,0.0,0.025,0.005,0.97,0.0,200,0.25858422249511526,0.33415754802106634,0.25737484538997213,0.3360746976476182,0.011860038922908505,0.030276130692858325,12.424692898529752,1.5344583333333333,1.5291666666666666,0.2843296216087362,0.21279438319061364,0,0.0,3,-0.0051925055202047985,24,0.12,0.0,0,0,0,0,0,199,1,0,200,,0.08197992706375512,0.17234252098296743,0.12,0.08197992706375512,0.17234252098296743,artifacts/runs/ppo_sinusoid/3,ppo,10000000,final,10010624,6cedd5d9a1fbf7eabafa9ca6146ab19ce81fdab2,0dd539e7ae526fb16bc5d9bcc631b27e1c01056314997b68563497482d3127ff,c760e6ae03ca75505ec61e191edc2174652ebec2e1a3472c11bc32a3dacad4c0,d7d65d4e7ec6e0122c1df5469bc0198357850ce8557a25052b7f798f6137264c,032955786bb06d41cdd367f06a4aacdcd388043f7238097255f55427b8d0b780,55ff2375855c56d85915cb2037b331ee03d61c8a427d78d6492d738a006845fb,LearnedPolicy,False,sinusoid,jonswap,3.12.3,2.5.2,2.13.0,2.9.0,1.3.0,3.2.7,e9fa15cc35312a5c1ecf0c42668a690b5061c090,7ebad1ecabd28a7000add2d05f888aa2e837c2cc,c7fbdcc4df48bd4a2cfe21811613e5e50e3e4868822fe6dddd13745d96692118,b98d65cc5e34337369dcd4d69d63651cc2c99c19e8494199e8b5ec9e06c8b87f,3ee7e46399aea60603c767e0a604e79e7db233924ce71fe027a1ccc1623b7eb0,7beb41daec3d6a34c6da7696c56a982667957298f017ebe137829282b6ce7985,e6f30e55e478d39061b94e38de33959ca99b16e8cac38a3bd99b34f6543ad4a2,20260924,1.5,kinematic,noise,sigma1cm_lat1step,jonswap,strict,25.0,True,0.01,0.05,33.4,1,33.333333333333336,30.0,,e6f30e55e478d39061b94e38de33959ca99b16e8cac38a3bd99b34f6543ad4a2
ppo_sinusoid,False,4,aft,id,SS3,200,200,1.0,0.9811546736227335,1.0,0.0,0.0,0.0,0.0,1.0,0.0,200,0.25892452475872463,0.32445536962641314,0.2592395831466946,0.3244616282052033,0.011144347956930385,0.019977833097080157,4.645294243594908,1.5189583333333334,1.5166666666666666,0.232452073792368,0.2023035739188583,0,0.0,0,-0.0030193502018573863,190,0.95,0.755,0,0,0,0,0,200,0,0,200,,0.9104218518612239,0.972617354399236,0.95,0.9104218518612239,0.972617354399236,artifacts/runs/ppo_sinusoid/4,ppo,10000000,final,10010624,6cedd5d9a1fbf7eabafa9ca6146ab19ce81fdab2,0dd539e7ae526fb16bc5d9bcc631b27e1c01056314997b68563497482d3127ff,c760e6ae03ca75505ec61e191edc2174652ebec2e1a3472c11bc32a3dacad4c0,0f6136e289a8ce9d99314f5751ffb39f8fe83a209f720163b41c3ac9df7ab40c,2b9178a3a663c0c39e406d4be733d6ee885cb31b8b8524c9aa85f86f21153460,60a8b3007f9f578e9f002f2a62ac118b7faea78547c3b1a8e41e6e9c38af7898,LearnedPolicy,False,sinusoid,jonswap,3.12.3,2.5.2,2.13.0,2.9.0,1.3.0,3.2.7,e9fa15cc35312a5c1ecf0c42668a690b5061c090,7ebad1ecabd28a7000add2d05f888aa2e837c2cc,c7fbdcc4df48bd4a2cfe21811613e5e50e3e4868822fe6dddd13745d96692118,b98d65cc5e34337369dcd4d69d63651cc2c99c19e8494199e8b5ec9e06c8b87f,3ee7e46399aea60603c767e0a604e79e7db233924ce71fe027a1ccc1623b7eb0,7beb41daec3d6a34c6da7696c56a982667957298f017ebe137829282b6ce7985,e6f30e55e478d39061b94e38de33959ca99b16e8cac38a3bd99b34f6543ad4a2,20260924,1.5,kinematic,noise,sigma1cm_lat1step,jonswap,strict,25.0,True,0.01,0.05,33.4,1,33.333333333333336,30.0,,e6f30e55e478d39061b94e38de33959ca99b16e8cac38a3bd99b34f6543ad4a2
ppo_sinusoid,False,4,aft,id,SS4,200,200,1.0,0.9811546736227335,1.0,0.0,0.0,0.0,0.0,1.0,0.0,200,0.2521200460054597,0.3347458967275073,0.25160593808998777,0.33705500784573605,0.010961231777996652,0.02125021921929208,4.687989381812682,1.5196875,1.5208333333333333,0.23559863604840095,0.20046641398615905,0,0.0,0,-0.003003458298319822,140,0.7,0.75,0,0,0,0,0,200,0,0,200,,0.6332093162728074,0.7592525531762859,0.7,0.6332093162728074,0.7592525531762859,artifacts/runs/ppo_sinusoid/4,ppo,10000000,final,10010624,6cedd5d9a1fbf7eabafa9ca6146ab19ce81fdab2,0dd539e7ae526fb16bc5d9bcc631b27e1c01056314997b68563497482d3127ff,c760e6ae03ca75505ec61e191edc2174652ebec2e1a3472c11bc32a3dacad4c0,0f6136e289a8ce9d99314f5751ffb39f8fe83a209f720163b41c3ac9df7ab40c,2b9178a3a663c0c39e406d4be733d6ee885cb31b8b8524c9aa85f86f21153460,60a8b3007f9f578e9f002f2a62ac118b7faea78547c3b1a8e41e6e9c38af7898,LearnedPolicy,False,sinusoid,jonswap,3.12.3,2.5.2,2.13.0,2.9.0,1.3.0,3.2.7,e9fa15cc35312a5c1ecf0c42668a690b5061c090,7ebad1ecabd28a7000add2d05f888aa2e837c2cc,c7fbdcc4df48bd4a2cfe21811613e5e50e3e4868822fe6dddd13745d96692118,b98d65cc5e34337369dcd4d69d63651cc2c99c19e8494199e8b5ec9e06c8b87f,3ee7e46399aea60603c767e0a604e79e7db233924ce71fe027a1ccc1623b7eb0,7beb41daec3d6a34c6da7696c56a982667957298f017ebe137829282b6ce7985,e6f30e55e478d39061b94e38de33959ca99b16e8cac38a3bd99b34f6543ad4a2,20260924,1.5,kinematic,noise,sigma1cm_lat1step,jonswap,strict,25.0,True,0.01,0.05,33.4,1,33.333333333333336,30.0,,e6f30e55e478d39061b94e38de33959ca99b16e8cac38a3bd99b34f6543ad4a2
ppo_sinusoid,False,4,aft,id,SS5,200,200,1.0,0.9811546736227335,1.0,0.0,0.0,0.0,0.0,1.0,0.0,200,0.24990554160347592,0.32199317407000777,0.24988775274804356,0.32254793074038285,0.012464383963719738,0.02607774922653909,8.215645789465393,1.5211874999999997,1.5229166666666667,0.23799170323513913,0.2007031967973549,0,0.0,0,-0.004536623513617439,63,0.315,0.745,0,0,0,0,0,200,0,0,200,,0.2546232099022851,0.3823495608573036,0.315,0.2546232099022851,0.3823495608573036,artifacts/runs/ppo_sinusoid/4,ppo,10000000,final,10010624,6cedd5d9a1fbf7eabafa9ca6146ab19ce81fdab2,0dd539e7ae526fb16bc5d9bcc631b27e1c01056314997b68563497482d3127ff,c760e6ae03ca75505ec61e191edc2174652ebec2e1a3472c11bc32a3dacad4c0,0f6136e289a8ce9d99314f5751ffb39f8fe83a209f720163b41c3ac9df7ab40c,2b9178a3a663c0c39e406d4be733d6ee885cb31b8b8524c9aa85f86f21153460,60a8b3007f9f578e9f002f2a62ac118b7faea78547c3b1a8e41e6e9c38af7898,LearnedPolicy,False,sinusoid,jonswap,3.12.3,2.5.2,2.13.0,2.9.0,1.3.0,3.2.7,e9fa15cc35312a5c1ecf0c42668a690b5061c090,7ebad1ecabd28a7000add2d05f888aa2e837c2cc,c7fbdcc4df48bd4a2cfe21811613e5e50e3e4868822fe6dddd13745d96692118,b98d65cc5e34337369dcd4d69d63651cc2c99c19e8494199e8b5ec9e06c8b87f,3ee7e46399aea60603c767e0a604e79e7db233924ce71fe027a1ccc1623b7eb0,7beb41daec3d6a34c6da7696c56a982667957298f017ebe137829282b6ce7985,e6f30e55e478d39061b94e38de33959ca99b16e8cac38a3bd99b34f6543ad4a2,20260924,1.5,kinematic,noise,sigma1cm_lat1step,jonswap,strict,25.0,True,0.01,0.05,33.4,1,33.333333333333336,30.0,,e6f30e55e478d39061b94e38de33959ca99b16e8cac38a3bd99b34f6543ad4a2
ppo_sinusoid,False,4,aft,id,SS6,200,197,0.985,0.9568342712073097,0.9948857622067417,0.0,0.0,0.015,0.0,0.985,0.0,200,0.2616911897816697,0.3367323406861468,0.2642109586379544,0.336537138453765,0.0120098310448622,0.03300367195231016,11.619280851813334,1.53675,1.5375,0.23529962746282962,0.19948678212543772,0,0.0,4,-0.005839952157190462,24,0.12,0.0,0,0,0,0,0,199,1,0,200,,0.08197992706375512,0.17234252098296743,0.12,0.08197992706375512,0.17234252098296743,artifacts/runs/ppo_sinusoid/4,ppo,10000000,final,10010624,6cedd5d9a1fbf7eabafa9ca6146ab19ce81fdab2,0dd539e7ae526fb16bc5d9bcc631b27e1c01056314997b68563497482d3127ff,c760e6ae03ca75505ec61e191edc2174652ebec2e1a3472c11bc32a3dacad4c0,0f6136e289a8ce9d99314f5751ffb39f8fe83a209f720163b41c3ac9df7ab40c,2b9178a3a663c0c39e406d4be733d6ee885cb31b8b8524c9aa85f86f21153460,60a8b3007f9f578e9f002f2a62ac118b7faea78547c3b1a8e41e6e9c38af7898,LearnedPolicy,False,sinusoid,jonswap,3.12.3,2.5.2,2.13.0,2.9.0,1.3.0,3.2.7,e9fa15cc35312a5c1ecf0c42668a690b5061c090,7ebad1ecabd28a7000add2d05f888aa2e837c2cc,c7fbdcc4df48bd4a2cfe21811613e5e50e3e4868822fe6dddd13745d96692118,b98d65cc5e34337369dcd4d69d63651cc2c99c19e8494199e8b5ec9e06c8b87f,3ee7e46399aea60603c767e0a604e79e7db233924ce71fe027a1ccc1623b7eb0,7beb41daec3d6a34c6da7696c56a982667957298f017ebe137829282b6ce7985,e6f30e55e478d39061b94e38de33959ca99b16e8cac38a3bd99b34f6543ad4a2,20260924,1.5,kinematic,noise,sigma1cm_lat1step,jonswap,strict,25.0,True,0.01,0.05,33.4,1,33.333333333333336,30.0,,e6f30e55e478d39061b94e38de33959ca99b16e8cac38a3bd99b34f6543ad4a2
