method,privileged,run_seed,pad,regime,ss,n_episodes,n_success,success_rate,success_wilson_lo,success_wilson_hi,frac_crash,frac_off_pad,frac_hard_landing,frac_bounce,frac_success,frac_timeout,n_touchdowns,rel_vz_normal_p50_m_s,rel_vz_normal_p95_m_s,rel_vz_world_z_p50_m_s,rel_vz_world_z_p95_m_s,lateral_p50_m,lateral_p95_m,rel_tilt_p95_deg,time_to_touchdown_mean_s,time_to_touchdown_p50_s,effort_mean_sq,action_jerk_mean,disagreement_n,disagreement_rate,tunnelling_n,max_penetration_m,n_td_in_quiescent_window,frac_td_in_quiescent_window,frac_in_training_distribution,n_reason_ground_contact,n_reason_off_plate_strike,n_reason_tilt_gt_crash,n_reason_below_deck,n_reason_out_of_bounds,n_reason_dwell_complete,n_reason_release,n_reason_time_limit,n_listed,skip_reason,frac_td_in_quiescent_window_wilson_lo,frac_td_in_quiescent_window_wilson_hi,quiet_landings_per_listed,quiet_landings_per_listed_wilson_lo,quiet_landings_per_listed_wilson_hi,run_dir,run_algo,run_total_steps,run_ckpt,run_ckpt_steps,run_train_git_sha,run_config_sha256,run_config_source_sha256,run_model_sha256,run_vecnormalize_sha256,run_checkpoint_json_sha256,run_policy_class,run_needs_motion_feed,run_training_motion,eval_deck_motion,python,numpy,torch,sb3,gymnasium,pybullet,dmf_sha,gpd_sha,success_yaml_sha256,landing_yaml_sha256,observation_yaml_sha256,noise_yaml_sha256,episodes_manifest_sha256,generator_seed,v_max_m_s,driver,arm,condition,arm_motion,start_check,lam_inverse,noise_enabled,noise_position_sigma_m,noise_velocity_sigma_m_s,noise_latency_ms_configured,noise_latency_steps,noise_latency_ms_effective,noise_hold_freq_hz,sinusoid_rms_source_sha256,episode_lists_manifest_sha256
ppo,False,0,aft,id,SS3,200,52,0.26,0.20413830063574687,0.32490745602534116,0.06,0.28,0.275,0.125,0.26,0.0,195,0.41019192789619074,0.6237091410568675,0.40990648843941313,0.6243953547630866,0.0725343088063363,0.2677185151351565,40.27787830666495,1.704957264957265,1.6958333333333333,0.3338131890912443,0.3029972318199695,9,0.045,32,-0.007946067460855705,185,0.9487179487179487,0.755,0,7,2,3,0,92,96,0,200,,0.9081888924041478,0.9719092573373845,0.925,0.8799563897637055,0.954025082815618,artifacts/runs/ppo/0,ppo,10000000,final,10010624,1d67488e2ec8c8522968511a772f65cfe3d8699d,aa28e4f4fd67c42b54cc6e93b365289bca6512297f4b84c1784bb2fe48a6d1b3,26b6c49f8552f5fa626c19bab5222205eb83d294854734a23c3b0b1b3d70e14a,1a012394335c44d1e08d20f2199debaf3809d7bef96e04749817ae35b584fd49,9ddb2a992d4263426bc28033f8cd9f7f54daf7011ca67eb81f3099ecf289db6f,2ea668e37f848fc3f7a50cfb21c64435de80f878bbef01ee165e3a8e5b0e00a0,LearnedPolicy,False,jonswap,jonswap,3.12.3,2.5.2,2.13.0,2.9.0,1.3.0,3.2.7,e9fa15cc35312a5c1ecf0c42668a690b5061c090,7ebad1ecabd28a7000add2d05f888aa2e837c2cc,c7fbdcc4df48bd4a2cfe21811613e5e50e3e4868822fe6dddd13745d96692118,b98d65cc5e34337369dcd4d69d63651cc2c99c19e8494199e8b5ec9e06c8b87f,3ee7e46399aea60603c767e0a604e79e7db233924ce71fe027a1ccc1623b7eb0,7beb41daec3d6a34c6da7696c56a982667957298f017ebe137829282b6ce7985,e6f30e55e478d39061b94e38de33959ca99b16e8cac38a3bd99b34f6543ad4a2,20260924,1.5,kinematic,noise,sigma4cm_lat2step,jonswap,strict,25.0,True,0.04,0.2,66.7,2,66.66666666666667,30.0,,e6f30e55e478d39061b94e38de33959ca99b16e8cac38a3bd99b34f6543ad4a2
ppo,False,0,aft,id,SS4,200,39,0.195,0.1460552053440051,0.25544044374612745,0.075,0.405,0.24,0.085,0.195,0.0,191,0.4008288781854272,0.6217453776371233,0.4040874809398227,0.6160984961365819,0.09420687029295709,0.3109556013001795,41.5691184834196,1.6655322862129143,1.6624999999999999,0.3382186967455836,0.3008853673773872,11,0.055,54,-0.009324705947686748,133,0.6963350785340314,0.75,0,6,7,2,0,100,85,0,200,,0.6277807601526822,0.7571475834039113,0.665,0.5970219120796653,0.7267591302158368,artifacts/runs/ppo/0,ppo,10000000,final,10010624,1d67488e2ec8c8522968511a772f65cfe3d8699d,aa28e4f4fd67c42b54cc6e93b365289bca6512297f4b84c1784bb2fe48a6d1b3,26b6c49f8552f5fa626c19bab5222205eb83d294854734a23c3b0b1b3d70e14a,1a012394335c44d1e08d20f2199debaf3809d7bef96e04749817ae35b584fd49,9ddb2a992d4263426bc28033f8cd9f7f54daf7011ca67eb81f3099ecf289db6f,2ea668e37f848fc3f7a50cfb21c64435de80f878bbef01ee165e3a8e5b0e00a0,LearnedPolicy,False,jonswap,jonswap,3.12.3,2.5.2,2.13.0,2.9.0,1.3.0,3.2.7,e9fa15cc35312a5c1ecf0c42668a690b5061c090,7ebad1ecabd28a7000add2d05f888aa2e837c2cc,c7fbdcc4df48bd4a2cfe21811613e5e50e3e4868822fe6dddd13745d96692118,b98d65cc5e34337369dcd4d69d63651cc2c99c19e8494199e8b5ec9e06c8b87f,3ee7e46399aea60603c767e0a604e79e7db233924ce71fe027a1ccc1623b7eb0,7beb41daec3d6a34c6da7696c56a982667957298f017ebe137829282b6ce7985,e6f30e55e478d39061b94e38de33959ca99b16e8cac38a3bd99b34f6543ad4a2,20260924,1.5,kinematic,noise,sigma4cm_lat2step,jonswap,strict,25.0,True,0.04,0.2,66.7,2,66.66666666666667,30.0,,e6f30e55e478d39061b94e38de33959ca99b16e8cac38a3bd99b34f6543ad4a2
ppo,False,0,aft,id,SS5,200,50,0.25,0.19508168006817497,0.31434098312045833,0.055,0.29,0.275,0.13,0.25,0.0,198,0.3705549231991815,0.6104934790904003,0.36974932291725693,0.6192892041901602,0.0685774879510962,0.31030047893401175,39.62289532322898,1.7328493265993263,1.7208333333333332,0.3319757510802225,0.30123250801024853,5,0.025,33,-0.008318079966130893,60,0.30303030303030304,0.745,0,8,3,0,0,96,93,0,200,,0.24326778246344963,0.3702903019076542,0.3,0.24074744682371402,0.36679068372719265,artifacts/runs/ppo/0,ppo,10000000,final,10010624,1d67488e2ec8c8522968511a772f65cfe3d8699d,aa28e4f4fd67c42b54cc6e93b365289bca6512297f4b84c1784bb2fe48a6d1b3,26b6c49f8552f5fa626c19bab5222205eb83d294854734a23c3b0b1b3d70e14a,1a012394335c44d1e08d20f2199debaf3809d7bef96e04749817ae35b584fd49,9ddb2a992d4263426bc28033f8cd9f7f54daf7011ca67eb81f3099ecf289db6f,2ea668e37f848fc3f7a50cfb21c64435de80f878bbef01ee165e3a8e5b0e00a0,LearnedPolicy,False,jonswap,jonswap,3.12.3,2.5.2,2.13.0,2.9.0,1.3.0,3.2.7,e9fa15cc35312a5c1ecf0c42668a690b5061c090,7ebad1ecabd28a7000add2d05f888aa2e837c2cc,c7fbdcc4df48bd4a2cfe21811613e5e50e3e4868822fe6dddd13745d96692118,b98d65cc5e34337369dcd4d69d63651cc2c99c19e8494199e8b5ec9e06c8b87f,3ee7e46399aea60603c767e0a604e79e7db233924ce71fe027a1ccc1623b7eb0,7beb41daec3d6a34c6da7696c56a982667957298f017ebe137829282b6ce7985,e6f30e55e478d39061b94e38de33959ca99b16e8cac38a3bd99b34f6543ad4a2,20260924,1.5,kinematic,noise,sigma4cm_lat2step,jonswap,strict,25.0,True,0.04,0.2,66.7,2,66.66666666666667,30.0,,e6f30e55e478d39061b94e38de33959ca99b16e8cac38a3bd99b34f6543ad4a2
ppo,False,0,aft,id,SS6,200,54,0.27,0.21323449814685846,0.33543435198668425,0.05,0.315,0.255,0.11,0.27,0.0,196,0.3990767885270681,0.62306341757228,0.3985255968331438,0.6243900550970019,0.07138815625669848,0.2702910645757567,39.00978907097358,1.735501700680272,1.75625,0.32369825976635047,0.30583401993957204,5,0.025,58,-0.011541578537328697,22,0.11224489795918367,0.0,0,6,2,2,0,119,71,0,200,,0.07530253387333503,0.16409453169562394,0.11,0.07377244460125303,0.1609269099730149,artifacts/runs/ppo/0,ppo,10000000,final,10010624,1d67488e2ec8c8522968511a772f65cfe3d8699d,aa28e4f4fd67c42b54cc6e93b365289bca6512297f4b84c1784bb2fe48a6d1b3,26b6c49f8552f5fa626c19bab5222205eb83d294854734a23c3b0b1b3d70e14a,1a012394335c44d1e08d20f2199debaf3809d7bef96e04749817ae35b584fd49,9ddb2a992d4263426bc28033f8cd9f7f54daf7011ca67eb81f3099ecf289db6f,2ea668e37f848fc3f7a50cfb21c64435de80f878bbef01ee165e3a8e5b0e00a0,LearnedPolicy,False,jonswap,jonswap,3.12.3,2.5.2,2.13.0,2.9.0,1.3.0,3.2.7,e9fa15cc35312a5c1ecf0c42668a690b5061c090,7ebad1ecabd28a7000add2d05f888aa2e837c2cc,c7fbdcc4df48bd4a2cfe21811613e5e50e3e4868822fe6dddd13745d96692118,b98d65cc5e34337369dcd4d69d63651cc2c99c19e8494199e8b5ec9e06c8b87f,3ee7e46399aea60603c767e0a604e79e7db233924ce71fe027a1ccc1623b7eb0,7beb41daec3d6a34c6da7696c56a982667957298f017ebe137829282b6ce7985,e6f30e55e478d39061b94e38de33959ca99b16e8cac38a3bd99b34f6543ad4a2,20260924,1.5,kinematic,noise,sigma4cm_lat2step,jonswap,strict,25.0,True,0.04,0.2,66.7,2,66.66666666666667,30.0,,e6f30e55e478d39061b94e38de33959ca99b16e8cac38a3bd99b34f6543ad4a2
ppo,False,1,aft,id,SS3,200,56,0.28,0.22236889773949026,0.3459230458665071,0.025,0.33,0.31,0.055,0.28,0.0,196,0.4251535577940891,0.6229870631906546,0.42574910306408903,0.6237621699865129,0.07018377078421048,0.23991925685740098,36.322349746372566,1.6003401360544218,1.6104166666666666,0.37114753848523,0.31480246260301353,5,0.025,52,-0.009285537678105088,186,0.9489795918367347,0.755,0,1,3,1,0,111,84,0,200,,0.908644342885338,0.9720537917190254,0.93,0.8859451911438936,0.9578478281716571,artifacts/runs/ppo/1,ppo,10000000,final,10010624,1d67488e2ec8c8522968511a772f65cfe3d8699d,aa28e4f4fd67c42b54cc6e93b365289bca6512297f4b84c1784bb2fe48a6d1b3,26b6c49f8552f5fa626c19bab5222205eb83d294854734a23c3b0b1b3d70e14a,77e172f4133c465b39c1f770f59e892666d3c9109a0d74da434e54a2c3a5294b,a82172a5d0cdab6b63ae362ee461ed3fa67d30136b83e87be42a72da47da455f,8d1481982a00eb2ce0ff3666e34c32e7d7d1a5c92dbb3206d2b5c46f3255e70a,LearnedPolicy,False,jonswap,jonswap,3.12.3,2.5.2,2.13.0,2.9.0,1.3.0,3.2.7,e9fa15cc35312a5c1ecf0c42668a690b5061c090,7ebad1ecabd28a7000add2d05f888aa2e837c2cc,c7fbdcc4df48bd4a2cfe21811613e5e50e3e4868822fe6dddd13745d96692118,b98d65cc5e34337369dcd4d69d63651cc2c99c19e8494199e8b5ec9e06c8b87f,3ee7e46399aea60603c767e0a604e79e7db233924ce71fe027a1ccc1623b7eb0,7beb41daec3d6a34c6da7696c56a982667957298f017ebe137829282b6ce7985,e6f30e55e478d39061b94e38de33959ca99b16e8cac38a3bd99b34f6543ad4a2,20260924,1.5,kinematic,noise,sigma4cm_lat2step,jonswap,strict,25.0,True,0.04,0.2,66.7,2,66.66666666666667,30.0,,e6f30e55e478d39061b94e38de33959ca99b16e8cac38a3bd99b34f6543ad4a2
ppo,False,1,aft,id,SS4,200,48,0.24,0.1860661599241369,0.30373340979204166,0.035,0.275,0.38,0.07,0.24,0.0,198,0.4169717317105643,0.6120288093178616,0.4151215517533008,0.6082908360368471,0.06812554886695844,0.20874731528676596,37.21818470023497,1.5989267676767676,1.6,0.3687848499596813,0.31255372503763257,5,0.025,55,-0.009594455991434436,139,0.702020202020202,0.75,0,1,5,1,0,120,73,0,200,,0.6349609560743676,0.761389726621936,0.695,0.6280144790202163,0.7546358436926496,artifacts/runs/ppo/1,ppo,10000000,final,10010624,1d67488e2ec8c8522968511a772f65cfe3d8699d,aa28e4f4fd67c42b54cc6e93b365289bca6512297f4b84c1784bb2fe48a6d1b3,26b6c49f8552f5fa626c19bab5222205eb83d294854734a23c3b0b1b3d70e14a,77e172f4133c465b39c1f770f59e892666d3c9109a0d74da434e54a2c3a5294b,a82172a5d0cdab6b63ae362ee461ed3fa67d30136b83e87be42a72da47da455f,8d1481982a00eb2ce0ff3666e34c32e7d7d1a5c92dbb3206d2b5c46f3255e70a,LearnedPolicy,False,jonswap,jonswap,3.12.3,2.5.2,2.13.0,2.9.0,1.3.0,3.2.7,e9fa15cc35312a5c1ecf0c42668a690b5061c090,7ebad1ecabd28a7000add2d05f888aa2e837c2cc,c7fbdcc4df48bd4a2cfe21811613e5e50e3e4868822fe6dddd13745d96692118,b98d65cc5e34337369dcd4d69d63651cc2c99c19e8494199e8b5ec9e06c8b87f,3ee7e46399aea60603c767e0a604e79e7db233924ce71fe027a1ccc1623b7eb0,7beb41daec3d6a34c6da7696c56a982667957298f017ebe137829282b6ce7985,e6f30e55e478d39061b94e38de33959ca99b16e8cac38a3bd99b34f6543ad4a2,20260924,1.5,kinematic,noise,sigma4cm_lat2step,jonswap,strict,25.0,True,0.04,0.2,66.7,2,66.66666666666667,30.0,,e6f30e55e478d39061b94e38de33959ca99b16e8cac38a3bd99b34f6543ad4a2
ppo,False,1,aft,id,SS5,200,66,0.33,0.26857425870603957,0.39783315226223115,0.045,0.255,0.295,0.075,0.33,0.0,197,0.38668723333330984,0.6302184862487253,0.392295611362696,0.6331230125102809,0.06940343175284275,0.24127164778679241,36.41741555353861,1.6107445008460237,1.6208333333333333,0.37246497365089537,0.31321276481033455,7,0.035,52,-0.00948967512587637,60,0.30456852791878175,0.745,0,6,3,0,0,114,77,0,200,,0.24454791548733879,0.3720651062855038,0.3,0.24074744682371402,0.36679068372719265,artifacts/runs/ppo/1,ppo,10000000,final,10010624,1d67488e2ec8c8522968511a772f65cfe3d8699d,aa28e4f4fd67c42b54cc6e93b365289bca6512297f4b84c1784bb2fe48a6d1b3,26b6c49f8552f5fa626c19bab5222205eb83d294854734a23c3b0b1b3d70e14a,77e172f4133c465b39c1f770f59e892666d3c9109a0d74da434e54a2c3a5294b,a82172a5d0cdab6b63ae362ee461ed3fa67d30136b83e87be42a72da47da455f,8d1481982a00eb2ce0ff3666e34c32e7d7d1a5c92dbb3206d2b5c46f3255e70a,LearnedPolicy,False,jonswap,jonswap,3.12.3,2.5.2,2.13.0,2.9.0,1.3.0,3.2.7,e9fa15cc35312a5c1ecf0c42668a690b5061c090,7ebad1ecabd28a7000add2d05f888aa2e837c2cc,c7fbdcc4df48bd4a2cfe21811613e5e50e3e4868822fe6dddd13745d96692118,b98d65cc5e34337369dcd4d69d63651cc2c99c19e8494199e8b5ec9e06c8b87f,3ee7e46399aea60603c767e0a604e79e7db233924ce71fe027a1ccc1623b7eb0,7beb41daec3d6a34c6da7696c56a982667957298f017ebe137829282b6ce7985,e6f30e55e478d39061b94e38de33959ca99b16e8cac38a3bd99b34f6543ad4a2,20260924,1.5,kinematic,noise,sigma4cm_lat2step,jonswap,strict,25.0,True,0.04,0.2,66.7,2,66.66666666666667,30.0,,e6f30e55e478d39061b94e38de33959ca99b16e8cac38a3bd99b34f6543ad4a2
ppo,False,1,aft,id,SS6,200,58,0.29,0.23154025607067882,0.3563747810077731,0.03,0.265,0.32,0.095,0.29,0.0,199,0.39106787646870483,0.6471971798847685,0.39994026580509,0.635538934297687,0.06744745200122033,0.27180492793482514,40.559023745720836,1.6052973199329985,1.6041666666666667,0.37107863768689014,0.3103963222204594,5,0.025,44,-0.008910770692494751,23,0.11557788944723618,0.0,0,5,1,0,0,117,77,0,200,,0.07826150820702031,0.16745482173099552,0.115,0.07786373232561955,0.16664716898487572,artifacts/runs/ppo/1,ppo,10000000,final,10010624,1d67488e2ec8c8522968511a772f65cfe3d8699d,aa28e4f4fd67c42b54cc6e93b365289bca6512297f4b84c1784bb2fe48a6d1b3,26b6c49f8552f5fa626c19bab5222205eb83d294854734a23c3b0b1b3d70e14a,77e172f4133c465b39c1f770f59e892666d3c9109a0d74da434e54a2c3a5294b,a82172a5d0cdab6b63ae362ee461ed3fa67d30136b83e87be42a72da47da455f,8d1481982a00eb2ce0ff3666e34c32e7d7d1a5c92dbb3206d2b5c46f3255e70a,LearnedPolicy,False,jonswap,jonswap,3.12.3,2.5.2,2.13.0,2.9.0,1.3.0,3.2.7,e9fa15cc35312a5c1ecf0c42668a690b5061c090,7ebad1ecabd28a7000add2d05f888aa2e837c2cc,c7fbdcc4df48bd4a2cfe21811613e5e50e3e4868822fe6dddd13745d96692118,b98d65cc5e34337369dcd4d69d63651cc2c99c19e8494199e8b5ec9e06c8b87f,3ee7e46399aea60603c767e0a604e79e7db233924ce71fe027a1ccc1623b7eb0,7beb41daec3d6a34c6da7696c56a982667957298f017ebe137829282b6ce7985,e6f30e55e478d39061b94e38de33959ca99b16e8cac38a3bd99b34f6543ad4a2,20260924,1.5,kinematic,noise,sigma4cm_lat2step,jonswap,strict,25.0,True,0.04,0.2,66.7,2,66.66666666666667,30.0,,e6f30e55e478d39061b94e38de33959ca99b16e8cac38a3bd99b34f6543ad4a2
ppo,False,2,aft,id,SS3,200,48,0.24,0.1860661599241369,0.30373340979204166,0.045,0.3,0.32,0.095,0.24,0.0,195,0.4008499587035143,0.5765938420996539,0.4079945915836878,0.5757274877086052,0.06590643161038613,0.2613253694054598,46.217001184120626,1.687542735042735,1.6916666666666667,0.32835007691735923,0.31582385707814536,7,0.035,33,-0.008502340732320946,184,0.9435897435897436,0.755,0,4,5,0,0,97,94,0,200,,0.9018270698118831,0.9682128153611747,0.92,0.874010511732856,0.9501594141102401,artifacts/runs/ppo/2,ppo,10000000,final,10010624,1d67488e2ec8c8522968511a772f65cfe3d8699d,aa28e4f4fd67c42b54cc6e93b365289bca6512297f4b84c1784bb2fe48a6d1b3,26b6c49f8552f5fa626c19bab5222205eb83d294854734a23c3b0b1b3d70e14a,785d07894e5792c21be9101064cf625c2f21171047f56684d5a0e9b55a6aee91,9a95795a0e61c02e4389f547b94a9dd08c0912af60a5e2094e5cc314ffbfabc3,02bd6e2fc9633ae4e89365c42d519dc4e8ef0c67d17be4050ff3a485b90047de,LearnedPolicy,False,jonswap,jonswap,3.12.3,2.5.2,2.13.0,2.9.0,1.3.0,3.2.7,e9fa15cc35312a5c1ecf0c42668a690b5061c090,7ebad1ecabd28a7000add2d05f888aa2e837c2cc,c7fbdcc4df48bd4a2cfe21811613e5e50e3e4868822fe6dddd13745d96692118,b98d65cc5e34337369dcd4d69d63651cc2c99c19e8494199e8b5ec9e06c8b87f,3ee7e46399aea60603c767e0a604e79e7db233924ce71fe027a1ccc1623b7eb0,7beb41daec3d6a34c6da7696c56a982667957298f017ebe137829282b6ce7985,e6f30e55e478d39061b94e38de33959ca99b16e8cac38a3bd99b34f6543ad4a2,20260924,1.5,kinematic,noise,sigma4cm_lat2step,jonswap,strict,25.0,True,0.04,0.2,66.7,2,66.66666666666667,30.0,,e6f30e55e478d39061b94e38de33959ca99b16e8cac38a3bd99b34f6543ad4a2
ppo,False,2,aft,id,SS4,200,37,0.185,0.13730192800616042,0.2445706276115175,0.04,0.33,0.325,0.12,0.185,0.0,196,0.3870865833366174,0.6063181696225876,0.38620072332228955,0.6030084263134181,0.07693289689463528,0.2532545932077477,40.49872481580523,1.6898596938775512,1.68125,0.33148858438375967,0.3168468797061379,3,0.015,33,-0.007151697122411847,136,0.6938775510204082,0.75,0,4,3,1,0,92,100,0,200,,0.6261431097303669,0.7541583574851536,0.68,0.6124810156588646,0.7407346668453195,artifacts/runs/ppo/2,ppo,10000000,final,10010624,1d67488e2ec8c8522968511a772f65cfe3d8699d,aa28e4f4fd67c42b54cc6e93b365289bca6512297f4b84c1784bb2fe48a6d1b3,26b6c49f8552f5fa626c19bab5222205eb83d294854734a23c3b0b1b3d70e14a,785d07894e5792c21be9101064cf625c2f21171047f56684d5a0e9b55a6aee91,9a95795a0e61c02e4389f547b94a9dd08c0912af60a5e2094e5cc314ffbfabc3,02bd6e2fc9633ae4e89365c42d519dc4e8ef0c67d17be4050ff3a485b90047de,LearnedPolicy,False,jonswap,jonswap,3.12.3,2.5.2,2.13.0,2.9.0,1.3.0,3.2.7,e9fa15cc35312a5c1ecf0c42668a690b5061c090,7ebad1ecabd28a7000add2d05f888aa2e837c2cc,c7fbdcc4df48bd4a2cfe21811613e5e50e3e4868822fe6dddd13745d96692118,b98d65cc5e34337369dcd4d69d63651cc2c99c19e8494199e8b5ec9e06c8b87f,3ee7e46399aea60603c767e0a604e79e7db233924ce71fe027a1ccc1623b7eb0,7beb41daec3d6a34c6da7696c56a982667957298f017ebe137829282b6ce7985,e6f30e55e478d39061b94e38de33959ca99b16e8cac38a3bd99b34f6543ad4a2,20260924,1.5,kinematic,noise,sigma4cm_lat2step,jonswap,strict,25.0,True,0.04,0.2,66.7,2,66.66666666666667,30.0,,e6f30e55e478d39061b94e38de33959ca99b16e8cac38a3bd99b34f6543ad4a2
ppo,False,2,aft,id,SS5,200,48,0.24,0.1860661599241369,0.30373340979204166,0.015,0.305,0.35,0.09,0.24,0.0,198,0.35226393954812724,0.6061083029698069,0.34952228965406,0.6081510412344386,0.0741273408265424,0.22008752855660166,39.867008587183626,1.703219696969697,1.6895833333333332,0.3203657372869147,0.3153960351453785,8,0.04,37,-0.008754415337596095,64,0.32323232323232326,0.745,0,1,2,0,0,101,96,0,200,,0.2619851061461755,0.3912080464945588,0.32,0.25926533315468053,0.38751898434113546,artifacts/runs/ppo/2,ppo,10000000,final,10010624,1d67488e2ec8c8522968511a772f65cfe3d8699d,aa28e4f4fd67c42b54cc6e93b365289bca6512297f4b84c1784bb2fe48a6d1b3,26b6c49f8552f5fa626c19bab5222205eb83d294854734a23c3b0b1b3d70e14a,785d07894e5792c21be9101064cf625c2f21171047f56684d5a0e9b55a6aee91,9a95795a0e61c02e4389f547b94a9dd08c0912af60a5e2094e5cc314ffbfabc3,02bd6e2fc9633ae4e89365c42d519dc4e8ef0c67d17be4050ff3a485b90047de,LearnedPolicy,False,jonswap,jonswap,3.12.3,2.5.2,2.13.0,2.9.0,1.3.0,3.2.7,e9fa15cc35312a5c1ecf0c42668a690b5061c090,7ebad1ecabd28a7000add2d05f888aa2e837c2cc,c7fbdcc4df48bd4a2cfe21811613e5e50e3e4868822fe6dddd13745d96692118,b98d65cc5e34337369dcd4d69d63651cc2c99c19e8494199e8b5ec9e06c8b87f,3ee7e46399aea60603c767e0a604e79e7db233924ce71fe027a1ccc1623b7eb0,7beb41daec3d6a34c6da7696c56a982667957298f017ebe137829282b6ce7985,e6f30e55e478d39061b94e38de33959ca99b16e8cac38a3bd99b34f6543ad4a2,20260924,1.5,kinematic,noise,sigma4cm_lat2step,jonswap,strict,25.0,True,0.04,0.2,66.7,2,66.66666666666667,30.0,,e6f30e55e478d39061b94e38de33959ca99b16e8cac38a3bd99b34f6543ad4a2
ppo,False,2,aft,id,SS6,200,39,0.195,0.1460552053440051,0.25544044374612745,0.04,0.315,0.31,0.14,0.195,0.0,195,0.397900625154291,0.6270340090596549,0.39754684804613133,0.619542326616595,0.0716872843670202,0.2257451064461101,39.678555453151915,1.7603632478632478,1.7583333333333333,0.31854242347234946,0.31531536156454,8,0.04,32,-0.00859115004790839,24,0.12307692307692308,0.0,0,3,4,1,0,95,97,0,200,,0.08411888400465381,0.17659867021245898,0.12,0.08197992706375512,0.17234252098296743,artifacts/runs/ppo/2,ppo,10000000,final,10010624,1d67488e2ec8c8522968511a772f65cfe3d8699d,aa28e4f4fd67c42b54cc6e93b365289bca6512297f4b84c1784bb2fe48a6d1b3,26b6c49f8552f5fa626c19bab5222205eb83d294854734a23c3b0b1b3d70e14a,785d07894e5792c21be9101064cf625c2f21171047f56684d5a0e9b55a6aee91,9a95795a0e61c02e4389f547b94a9dd08c0912af60a5e2094e5cc314ffbfabc3,02bd6e2fc9633ae4e89365c42d519dc4e8ef0c67d17be4050ff3a485b90047de,LearnedPolicy,False,jonswap,jonswap,3.12.3,2.5.2,2.13.0,2.9.0,1.3.0,3.2.7,e9fa15cc35312a5c1ecf0c42668a690b5061c090,7ebad1ecabd28a7000add2d05f888aa2e837c2cc,c7fbdcc4df48bd4a2cfe21811613e5e50e3e4868822fe6dddd13745d96692118,b98d65cc5e34337369dcd4d69d63651cc2c99c19e8494199e8b5ec9e06c8b87f,3ee7e46399aea60603c767e0a604e79e7db233924ce71fe027a1ccc1623b7eb0,7beb41daec3d6a34c6da7696c56a982667957298f017ebe137829282b6ce7985,e6f30e55e478d39061b94e38de33959ca99b16e8cac38a3bd99b34f6543ad4a2,20260924,1.5,kinematic,noise,sigma4cm_lat2step,jonswap,strict,25.0,True,0.04,0.2,66.7,2,66.66666666666667,30.0,,e6f30e55e478d39061b94e38de33959ca99b16e8cac38a3bd99b34f6543ad4a2
ppo,False,3,aft,id,SS3,200,43,0.215,0.1637187625450758,0.27702307348996613,0.01,0.355,0.32,0.1,0.215,0.0,200,0.43494937425747204,0.6206833092417207,0.4339306350344183,0.6196810799578366,0.07731746762463865,0.2118715920813025,36.726331120208904,1.5989791666666668,1.5854166666666667,0.3260399637692968,0.31280806827269186,9,0.045,55,-0.009162343331304596,190,0.95,0.755,0,2,0,0,0,116,82,0,200,,0.9104218518612239,0.972617354399236,0.95,0.9104218518612239,0.972617354399236,artifacts/runs/ppo/3,ppo,10000000,final,10010624,1d67488e2ec8c8522968511a772f65cfe3d8699d,aa28e4f4fd67c42b54cc6e93b365289bca6512297f4b84c1784bb2fe48a6d1b3,26b6c49f8552f5fa626c19bab5222205eb83d294854734a23c3b0b1b3d70e14a,ab7152483da4fd50de264a3f0daaffb37cb7febe316803c154b3ed5a494f4d8f,97bb0f4a9cea41eba346cbef16d10a8fd2e625280036dca49859e9d49d7d98f7,e06fa8718729185b93b0874dab70fd01f0cf9fa14cf7de867d18c5555d8c8858,LearnedPolicy,False,jonswap,jonswap,3.12.3,2.5.2,2.13.0,2.9.0,1.3.0,3.2.7,e9fa15cc35312a5c1ecf0c42668a690b5061c090,7ebad1ecabd28a7000add2d05f888aa2e837c2cc,c7fbdcc4df48bd4a2cfe21811613e5e50e3e4868822fe6dddd13745d96692118,b98d65cc5e34337369dcd4d69d63651cc2c99c19e8494199e8b5ec9e06c8b87f,3ee7e46399aea60603c767e0a604e79e7db233924ce71fe027a1ccc1623b7eb0,7beb41daec3d6a34c6da7696c56a982667957298f017ebe137829282b6ce7985,e6f30e55e478d39061b94e38de33959ca99b16e8cac38a3bd99b34f6543ad4a2,20260924,1.5,kinematic,noise,sigma4cm_lat2step,jonswap,strict,25.0,True,0.04,0.2,66.7,2,66.66666666666667,30.0,,e6f30e55e478d39061b94e38de33959ca99b16e8cac38a3bd99b34f6543ad4a2
ppo,False,3,aft,id,SS4,200,56,0.28,0.22236889773949026,0.3459230458665071,0.01,0.375,0.295,0.04,0.28,0.0,200,0.40320309764982437,0.6076477864234445,0.4047338853159196,0.6085413616133651,0.07908741743695359,0.21487500038895618,35.49496081945759,1.5971458333333333,1.5916666666666666,0.3290229747686471,0.31234365700079336,3,0.015,69,-0.0096736003704471,141,0.705,0.75,0,1,1,0,0,125,73,0,200,,0.6384128547538122,0.7638605614315084,0.705,0.6384128547538122,0.7638605614315084,artifacts/runs/ppo/3,ppo,10000000,final,10010624,1d67488e2ec8c8522968511a772f65cfe3d8699d,aa28e4f4fd67c42b54cc6e93b365289bca6512297f4b84c1784bb2fe48a6d1b3,26b6c49f8552f5fa626c19bab5222205eb83d294854734a23c3b0b1b3d70e14a,ab7152483da4fd50de264a3f0daaffb37cb7febe316803c154b3ed5a494f4d8f,97bb0f4a9cea41eba346cbef16d10a8fd2e625280036dca49859e9d49d7d98f7,e06fa8718729185b93b0874dab70fd01f0cf9fa14cf7de867d18c5555d8c8858,LearnedPolicy,False,jonswap,jonswap,3.12.3,2.5.2,2.13.0,2.9.0,1.3.0,3.2.7,e9fa15cc35312a5c1ecf0c42668a690b5061c090,7ebad1ecabd28a7000add2d05f888aa2e837c2cc,c7fbdcc4df48bd4a2cfe21811613e5e50e3e4868822fe6dddd13745d96692118,b98d65cc5e34337369dcd4d69d63651cc2c99c19e8494199e8b5ec9e06c8b87f,3ee7e46399aea60603c767e0a604e79e7db233924ce71fe027a1ccc1623b7eb0,7beb41daec3d6a34c6da7696c56a982667957298f017ebe137829282b6ce7985,e6f30e55e478d39061b94e38de33959ca99b16e8cac38a3bd99b34f6543ad4a2,20260924,1.5,kinematic,noise,sigma4cm_lat2step,jonswap,strict,25.0,True,0.04,0.2,66.7,2,66.66666666666667,30.0,,e6f30e55e478d39061b94e38de33959ca99b16e8cac38a3bd99b34f6543ad4a2
ppo,False,3,aft,id,SS5,200,50,0.25,0.19508168006817497,0.31434098312045833,0.01,0.335,0.315,0.09,0.25,0.0,198,0.39210772283937667,0.6585786000188738,0.3943627990910924,0.6518180474079835,0.07329749848473982,0.20930175691190517,35.61137099398363,1.6022727272727273,1.5958333333333332,0.32318947142921245,0.3112276472470639,6,0.03,46,-0.007878694638513517,62,0.31313131313131315,0.745,0,0,2,0,0,117,81,0,200,,0.25260921699142735,0.3807664015144917,0.31,0.2499894483607809,0.37717177566258037,artifacts/runs/ppo/3,ppo,10000000,final,10010624,1d67488e2ec8c8522968511a772f65cfe3d8699d,aa28e4f4fd67c42b54cc6e93b365289bca6512297f4b84c1784bb2fe48a6d1b3,26b6c49f8552f5fa626c19bab5222205eb83d294854734a23c3b0b1b3d70e14a,ab7152483da4fd50de264a3f0daaffb37cb7febe316803c154b3ed5a494f4d8f,97bb0f4a9cea41eba346cbef16d10a8fd2e625280036dca49859e9d49d7d98f7,e06fa8718729185b93b0874dab70fd01f0cf9fa14cf7de867d18c5555d8c8858,LearnedPolicy,False,jonswap,jonswap,3.12.3,2.5.2,2.13.0,2.9.0,1.3.0,3.2.7,e9fa15cc35312a5c1ecf0c42668a690b5061c090,7ebad1ecabd28a7000add2d05f888aa2e837c2cc,c7fbdcc4df48bd4a2cfe21811613e5e50e3e4868822fe6dddd13745d96692118,b98d65cc5e34337369dcd4d69d63651cc2c99c19e8494199e8b5ec9e06c8b87f,3ee7e46399aea60603c767e0a604e79e7db233924ce71fe027a1ccc1623b7eb0,7beb41daec3d6a34c6da7696c56a982667957298f017ebe137829282b6ce7985,e6f30e55e478d39061b94e38de33959ca99b16e8cac38a3bd99b34f6543ad4a2,20260924,1.5,kinematic,noise,sigma4cm_lat2step,jonswap,strict,25.0,True,0.04,0.2,66.7,2,66.66666666666667,30.0,,e6f30e55e478d39061b94e38de33959ca99b16e8cac38a3bd99b34f6543ad4a2
ppo,False,3,aft,id,SS6,200,62,0.31,0.2499894483607809,0.37717177566258037,0.02,0.285,0.29,0.095,0.31,0.0,199,0.3975651108548379,0.5905197308533694,0.40999020481522175,0.5890497283239772,0.057045646392278666,0.22923666339402515,33.54363045055151,1.6709170854271356,1.6541666666666666,0.31075203573701843,0.3144433244997514,6,0.03,58,-0.009341671211839896,23,0.11557788944723618,0.0,0,3,1,0,0,128,68,0,200,,0.07826150820702031,0.16745482173099552,0.115,0.07786373232561955,0.16664716898487572,artifacts/runs/ppo/3,ppo,10000000,final,10010624,1d67488e2ec8c8522968511a772f65cfe3d8699d,aa28e4f4fd67c42b54cc6e93b365289bca6512297f4b84c1784bb2fe48a6d1b3,26b6c49f8552f5fa626c19bab5222205eb83d294854734a23c3b0b1b3d70e14a,ab7152483da4fd50de264a3f0daaffb37cb7febe316803c154b3ed5a494f4d8f,97bb0f4a9cea41eba346cbef16d10a8fd2e625280036dca49859e9d49d7d98f7,e06fa8718729185b93b0874dab70fd01f0cf9fa14cf7de867d18c5555d8c8858,LearnedPolicy,False,jonswap,jonswap,3.12.3,2.5.2,2.13.0,2.9.0,1.3.0,3.2.7,e9fa15cc35312a5c1ecf0c42668a690b5061c090,7ebad1ecabd28a7000add2d05f888aa2e837c2cc,c7fbdcc4df48bd4a2cfe21811613e5e50e3e4868822fe6dddd13745d96692118,b98d65cc5e34337369dcd4d69d63651cc2c99c19e8494199e8b5ec9e06c8b87f,3ee7e46399aea60603c767e0a604e79e7db233924ce71fe027a1ccc1623b7eb0,7beb41daec3d6a34c6da7696c56a982667957298f017ebe137829282b6ce7985,e6f30e55e478d39061b94e38de33959ca99b16e8cac38a3bd99b34f6543ad4a2,20260924,1.5,kinematic,noise,sigma4cm_lat2step,jonswap,strict,25.0,True,0.04,0.2,66.7,2,66.66666666666667,30.0,,e6f30e55e478d39061b94e38de33959ca99b16e8cac38a3bd99b34f6543ad4a2
ppo,False,4,aft,id,SS3,200,111,0.555,0.4857330241280342,0.6221939899704665,0.015,0.14,0.185,0.105,0.555,0.0,197,0.3692962492039624,0.5754395130271326,0.3686632051800873,0.577312543745022,0.05026974442768996,0.17204776987952808,24.739331150727025,1.7713409475465312,1.7791666666666666,0.27902695160425145,0.30259235007886637,4,0.02,37,-0.008021446557134874,187,0.949238578680203,0.755,0,0,1,2,0,149,48,0,200,,0.9090952985266889,0.9721968462292447,0.935,0.8919809207009312,0.961623645350847,artifacts/runs/ppo/4,ppo,10000000,final,10010624,1d67488e2ec8c8522968511a772f65cfe3d8699d,aa28e4f4fd67c42b54cc6e93b365289bca6512297f4b84c1784bb2fe48a6d1b3,26b6c49f8552f5fa626c19bab5222205eb83d294854734a23c3b0b1b3d70e14a,0f6fa22d0d78ca95d6921cbffd3a3f33256b0b062e60450732bc5ff3d852289b,6e5d7599d8b22d2faeae0c29e77815969a718294a40510afc7a7f4c6eeba4d38,25ca4106038d25702886c8826640f3a64cf21ce82006e4cae60c158511cd7d6e,LearnedPolicy,False,jonswap,jonswap,3.12.3,2.5.2,2.13.0,2.9.0,1.3.0,3.2.7,e9fa15cc35312a5c1ecf0c42668a690b5061c090,7ebad1ecabd28a7000add2d05f888aa2e837c2cc,c7fbdcc4df48bd4a2cfe21811613e5e50e3e4868822fe6dddd13745d96692118,b98d65cc5e34337369dcd4d69d63651cc2c99c19e8494199e8b5ec9e06c8b87f,3ee7e46399aea60603c767e0a604e79e7db233924ce71fe027a1ccc1623b7eb0,7beb41daec3d6a34c6da7696c56a982667957298f017ebe137829282b6ce7985,e6f30e55e478d39061b94e38de33959ca99b16e8cac38a3bd99b34f6543ad4a2,20260924,1.5,kinematic,noise,sigma4cm_lat2step,jonswap,strict,25.0,True,0.04,0.2,66.7,2,66.66666666666667,30.0,,e6f30e55e478d39061b94e38de33959ca99b16e8cac38a3bd99b34f6543ad4a2
ppo,False,4,aft,id,SS4,200,109,0.545,0.47578611372488105,0.6125178069011651,0.02,0.135,0.205,0.095,0.545,0.0,200,0.37794549214432677,0.5713755081151881,0.37762409780367234,0.5720477146650563,0.045964776121896145,0.22010464656809117,24.14714428559134,1.7442916666666664,1.7666666666666666,0.2805718186449921,0.29499134418642414,0,0.0,31,-0.008521635353792162,138,0.69,0.75,0,4,0,0,0,153,43,0,200,,0.6228282243374195,0.750010551639219,0.69,0.6228282243374195,0.750010551639219,artifacts/runs/ppo/4,ppo,10000000,final,10010624,1d67488e2ec8c8522968511a772f65cfe3d8699d,aa28e4f4fd67c42b54cc6e93b365289bca6512297f4b84c1784bb2fe48a6d1b3,26b6c49f8552f5fa626c19bab5222205eb83d294854734a23c3b0b1b3d70e14a,0f6fa22d0d78ca95d6921cbffd3a3f33256b0b062e60450732bc5ff3d852289b,6e5d7599d8b22d2faeae0c29e77815969a718294a40510afc7a7f4c6eeba4d38,25ca4106038d25702886c8826640f3a64cf21ce82006e4cae60c158511cd7d6e,LearnedPolicy,False,jonswap,jonswap,3.12.3,2.5.2,2.13.0,2.9.0,1.3.0,3.2.7,e9fa15cc35312a5c1ecf0c42668a690b5061c090,7ebad1ecabd28a7000add2d05f888aa2e837c2cc,c7fbdcc4df48bd4a2cfe21811613e5e50e3e4868822fe6dddd13745d96692118,b98d65cc5e34337369dcd4d69d63651cc2c99c19e8494199e8b5ec9e06c8b87f,3ee7e46399aea60603c767e0a604e79e7db233924ce71fe027a1ccc1623b7eb0,7beb41daec3d6a34c6da7696c56a982667957298f017ebe137829282b6ce7985,e6f30e55e478d39061b94e38de33959ca99b16e8cac38a3bd99b34f6543ad4a2,20260924,1.5,kinematic,noise,sigma4cm_lat2step,jonswap,strict,25.0,True,0.04,0.2,66.7,2,66.66666666666667,30.0,,e6f30e55e478d39061b94e38de33959ca99b16e8cac38a3bd99b34f6543ad4a2
ppo,False,4,aft,id,SS5,200,97,0.485,0.41667385171877513,0.5538915080725428,0.015,0.155,0.245,0.1,0.485,0.0,200,0.3683826113040156,0.578686283868695,0.3654049859011884,0.5814624059278479,0.04942173558123618,0.18338714836811887,27.022959165165847,1.752833333333333,1.7520833333333332,0.28487814087091773,0.3030449943850793,2,0.01,43,-0.009618982359822644,64,0.32,0.745,0,2,1,0,0,149,48,0,200,,0.25926533315468053,0.38751898434113546,0.32,0.25926533315468053,0.38751898434113546,artifacts/runs/ppo/4,ppo,10000000,final,10010624,1d67488e2ec8c8522968511a772f65cfe3d8699d,aa28e4f4fd67c42b54cc6e93b365289bca6512297f4b84c1784bb2fe48a6d1b3,26b6c49f8552f5fa626c19bab5222205eb83d294854734a23c3b0b1b3d70e14a,0f6fa22d0d78ca95d6921cbffd3a3f33256b0b062e60450732bc5ff3d852289b,6e5d7599d8b22d2faeae0c29e77815969a718294a40510afc7a7f4c6eeba4d38,25ca4106038d25702886c8826640f3a64cf21ce82006e4cae60c158511cd7d6e,LearnedPolicy,False,jonswap,jonswap,3.12.3,2.5.2,2.13.0,2.9.0,1.3.0,3.2.7,e9fa15cc35312a5c1ecf0c42668a690b5061c090,7ebad1ecabd28a7000add2d05f888aa2e837c2cc,c7fbdcc4df48bd4a2cfe21811613e5e50e3e4868822fe6dddd13745d96692118,b98d65cc5e34337369dcd4d69d63651cc2c99c19e8494199e8b5ec9e06c8b87f,3ee7e46399aea60603c767e0a604e79e7db233924ce71fe027a1ccc1623b7eb0,7beb41daec3d6a34c6da7696c56a982667957298f017ebe137829282b6ce7985,e6f30e55e478d39061b94e38de33959ca99b16e8cac38a3bd99b34f6543ad4a2,20260924,1.5,kinematic,noise,sigma4cm_lat2step,jonswap,strict,25.0,True,0.04,0.2,66.7,2,66.66666666666667,30.0,,e6f30e55e478d39061b94e38de33959ca99b16e8cac38a3bd99b34f6543ad4a2
ppo,False,4,aft,id,SS6,200,86,0.43,0.36334322333434416,0.4992951223584731,0.025,0.16,0.275,0.11,0.43,0.0,198,0.3600319094193437,0.5824727250865347,0.3572652235034204,0.5711860138353153,0.050531748798473344,0.20148403032185033,26.49647684485353,1.7282828282828282,1.7208333333333332,0.28227679270199973,0.2978846295783978,5,0.025,37,-0.007789079867371549,24,0.12121212121212122,0.0,0,3,1,1,0,140,55,0,200,,0.08282231509749119,0.1740201548469393,0.12,0.08197992706375512,0.17234252098296743,artifacts/runs/ppo/4,ppo,10000000,final,10010624,1d67488e2ec8c8522968511a772f65cfe3d8699d,aa28e4f4fd67c42b54cc6e93b365289bca6512297f4b84c1784bb2fe48a6d1b3,26b6c49f8552f5fa626c19bab5222205eb83d294854734a23c3b0b1b3d70e14a,0f6fa22d0d78ca95d6921cbffd3a3f33256b0b062e60450732bc5ff3d852289b,6e5d7599d8b22d2faeae0c29e77815969a718294a40510afc7a7f4c6eeba4d38,25ca4106038d25702886c8826640f3a64cf21ce82006e4cae60c158511cd7d6e,LearnedPolicy,False,jonswap,jonswap,3.12.3,2.5.2,2.13.0,2.9.0,1.3.0,3.2.7,e9fa15cc35312a5c1ecf0c42668a690b5061c090,7ebad1ecabd28a7000add2d05f888aa2e837c2cc,c7fbdcc4df48bd4a2cfe21811613e5e50e3e4868822fe6dddd13745d96692118,b98d65cc5e34337369dcd4d69d63651cc2c99c19e8494199e8b5ec9e06c8b87f,3ee7e46399aea60603c767e0a604e79e7db233924ce71fe027a1ccc1623b7eb0,7beb41daec3d6a34c6da7696c56a982667957298f017ebe137829282b6ce7985,e6f30e55e478d39061b94e38de33959ca99b16e8cac38a3bd99b34f6543ad4a2,20260924,1.5,kinematic,noise,sigma4cm_lat2step,jonswap,strict,25.0,True,0.04,0.2,66.7,2,66.66666666666667,30.0,,e6f30e55e478d39061b94e38de33959ca99b16e8cac38a3bd99b34f6543ad4a2
sac,False,0,aft,id,SS3,200,32,0.16,0.1156741203158702,0.21714070162067106,0.035,0.34,0.435,0.03,0.16,0.0,194,0.5423964121608784,0.9208947754921756,0.5409340695748297,0.9213232906584254,0.07951009106116765,0.17604448984693305,24.50172592830478,1.538058419243986,1.3916666666666666,0.9581286878962516,0.9111718787498084,3,0.015,130,-0.013621632425594488,187,0.9639175257731959,0.755,0,1,4,2,0,128,65,0,200,,0.9274057200257223,0.982413693321487,0.935,0.8919809207009312,0.961623645350847,artifacts/runs/sac/0,sac,2000000,final,2000000,14d7f32bf25e34a16fe3677cdab869c107881536,04af3f42a26542592ae4f363f65c6e5d7add8aeafb0ca57a9a91656a83c5623d,a46f94152e99cd325ec30eb7de6c25c79be05c2294519eddee235e09b8bf5159,3401491ed458d6d474879747c9951dcd51ee8cb8cc761762d78de5b8f4271222,145883fa0744dbaa9bdd35d50f7069f67ed4e6a269023e7d19c524825ca1755b,93dce22b2e888e64cef832c51e9fd69a23b7240739883bba0d0b452edbd0e43a,LearnedPolicy,False,jonswap,jonswap,3.12.3,2.5.2,2.13.0,2.9.0,1.3.0,3.2.7,e9fa15cc35312a5c1ecf0c42668a690b5061c090,7ebad1ecabd28a7000add2d05f888aa2e837c2cc,c7fbdcc4df48bd4a2cfe21811613e5e50e3e4868822fe6dddd13745d96692118,b98d65cc5e34337369dcd4d69d63651cc2c99c19e8494199e8b5ec9e06c8b87f,3ee7e46399aea60603c767e0a604e79e7db233924ce71fe027a1ccc1623b7eb0,7beb41daec3d6a34c6da7696c56a982667957298f017ebe137829282b6ce7985,e6f30e55e478d39061b94e38de33959ca99b16e8cac38a3bd99b34f6543ad4a2,20260924,1.5,kinematic,noise,sigma4cm_lat2step,jonswap,strict,25.0,True,0.04,0.2,66.7,2,66.66666666666667,30.0,,e6f30e55e478d39061b94e38de33959ca99b16e8cac38a3bd99b34f6543ad4a2
sac,False,0,aft,id,SS4,200,28,0.14,0.09866982633455634,0.1948988086570756,0.055,0.405,0.345,0.055,0.14,0.0,195,0.5103762556697787,0.912665215602804,0.5182739372665539,0.8976756146011169,0.0888284346877669,0.2873401193188734,25.837320938416045,1.7127991452991453,1.4875,0.9978611996343215,0.9080233427042315,2,0.01,123,-0.015428640011228498,137,0.7025641025641025,0.75,0,6,4,1,0,110,79,0,200,,0.6349922152118167,0.762309235242932,0.685,0.6176504391426966,0.745376790097715,artifacts/runs/sac/0,sac,2000000,final,2000000,14d7f32bf25e34a16fe3677cdab869c107881536,04af3f42a26542592ae4f363f65c6e5d7add8aeafb0ca57a9a91656a83c5623d,a46f94152e99cd325ec30eb7de6c25c79be05c2294519eddee235e09b8bf5159,3401491ed458d6d474879747c9951dcd51ee8cb8cc761762d78de5b8f4271222,145883fa0744dbaa9bdd35d50f7069f67ed4e6a269023e7d19c524825ca1755b,93dce22b2e888e64cef832c51e9fd69a23b7240739883bba0d0b452edbd0e43a,LearnedPolicy,False,jonswap,jonswap,3.12.3,2.5.2,2.13.0,2.9.0,1.3.0,3.2.7,e9fa15cc35312a5c1ecf0c42668a690b5061c090,7ebad1ecabd28a7000add2d05f888aa2e837c2cc,c7fbdcc4df48bd4a2cfe21811613e5e50e3e4868822fe6dddd13745d96692118,b98d65cc5e34337369dcd4d69d63651cc2c99c19e8494199e8b5ec9e06c8b87f,3ee7e46399aea60603c767e0a604e79e7db233924ce71fe027a1ccc1623b7eb0,7beb41daec3d6a34c6da7696c56a982667957298f017ebe137829282b6ce7985,e6f30e55e478d39061b94e38de33959ca99b16e8cac38a3bd99b34f6543ad4a2,20260924,1.5,kinematic,noise,sigma4cm_lat2step,jonswap,strict,25.0,True,0.04,0.2,66.7,2,66.66666666666667,30.0,,e6f30e55e478d39061b94e38de33959ca99b16e8cac38a3bd99b34f6543ad4a2
sac,False,0,aft,id,SS5,200,21,0.105,0.06970748792681017,0.1551803199112304,0.165,0.405,0.295,0.03,0.105,0.0,175,0.5484803721710517,0.9516563616532364,0.5532128996045008,0.9567146830422524,0.10021282443457402,0.30230137607554,40.160303527446246,2.0272380952380953,1.7291666666666667,1.0390180808862508,0.9185389237775934,7,0.035,112,-0.014861121849761485,61,0.3485714285714286,0.745,0,4,25,4,0,84,83,0,200,,0.2819101245304349,0.4217380096914088,0.305,0.24536415630735034,0.37198552097978366,artifacts/runs/sac/0,sac,2000000,final,2000000,14d7f32bf25e34a16fe3677cdab869c107881536,04af3f42a26542592ae4f363f65c6e5d7add8aeafb0ca57a9a91656a83c5623d,a46f94152e99cd325ec30eb7de6c25c79be05c2294519eddee235e09b8bf5159,3401491ed458d6d474879747c9951dcd51ee8cb8cc761762d78de5b8f4271222,145883fa0744dbaa9bdd35d50f7069f67ed4e6a269023e7d19c524825ca1755b,93dce22b2e888e64cef832c51e9fd69a23b7240739883bba0d0b452edbd0e43a,LearnedPolicy,False,jonswap,jonswap,3.12.3,2.5.2,2.13.0,2.9.0,1.3.0,3.2.7,e9fa15cc35312a5c1ecf0c42668a690b5061c090,7ebad1ecabd28a7000add2d05f888aa2e837c2cc,c7fbdcc4df48bd4a2cfe21811613e5e50e3e4868822fe6dddd13745d96692118,b98d65cc5e34337369dcd4d69d63651cc2c99c19e8494199e8b5ec9e06c8b87f,3ee7e46399aea60603c767e0a604e79e7db233924ce71fe027a1ccc1623b7eb0,7beb41daec3d6a34c6da7696c56a982667957298f017ebe137829282b6ce7985,e6f30e55e478d39061b94e38de33959ca99b16e8cac38a3bd99b34f6543ad4a2,20260924,1.5,kinematic,noise,sigma4cm_lat2step,jonswap,strict,25.0,True,0.04,0.2,66.7,2,66.66666666666667,30.0,,e6f30e55e478d39061b94e38de33959ca99b16e8cac38a3bd99b34f6543ad4a2
sac,False,0,aft,id,SS6,200,15,0.075,0.04597491718438201,0.12004361023629456,0.275,0.405,0.22,0.025,0.075,0.0,156,0.4899515623239978,0.9371461859577804,0.4946378043324219,0.9339629130258713,0.11856414734127269,0.35046328525545883,46.77519813464049,2.2208867521367526,1.8291666666666666,1.0807993062231618,0.8992616098851204,10,0.05,88,-0.012791772691606128,18,0.11538461538461539,0.0,0,9,42,4,0,53,92,0,200,,0.07424445619253985,0.1750116449131639,0.09,0.05768744886219316,0.13776571876716542,artifacts/runs/sac/0,sac,2000000,final,2000000,14d7f32bf25e34a16fe3677cdab869c107881536,04af3f42a26542592ae4f363f65c6e5d7add8aeafb0ca57a9a91656a83c5623d,a46f94152e99cd325ec30eb7de6c25c79be05c2294519eddee235e09b8bf5159,3401491ed458d6d474879747c9951dcd51ee8cb8cc761762d78de5b8f4271222,145883fa0744dbaa9bdd35d50f7069f67ed4e6a269023e7d19c524825ca1755b,93dce22b2e888e64cef832c51e9fd69a23b7240739883bba0d0b452edbd0e43a,LearnedPolicy,False,jonswap,jonswap,3.12.3,2.5.2,2.13.0,2.9.0,1.3.0,3.2.7,e9fa15cc35312a5c1ecf0c42668a690b5061c090,7ebad1ecabd28a7000add2d05f888aa2e837c2cc,c7fbdcc4df48bd4a2cfe21811613e5e50e3e4868822fe6dddd13745d96692118,b98d65cc5e34337369dcd4d69d63651cc2c99c19e8494199e8b5ec9e06c8b87f,3ee7e46399aea60603c767e0a604e79e7db233924ce71fe027a1ccc1623b7eb0,7beb41daec3d6a34c6da7696c56a982667957298f017ebe137829282b6ce7985,e6f30e55e478d39061b94e38de33959ca99b16e8cac38a3bd99b34f6543ad4a2,20260924,1.5,kinematic,noise,sigma4cm_lat2step,jonswap,strict,25.0,True,0.04,0.2,66.7,2,66.66666666666667,30.0,,e6f30e55e478d39061b94e38de33959ca99b16e8cac38a3bd99b34f6543ad4a2
sac,False,1,aft,id,SS3,200,5,0.025,0.010724719651761264,0.05717834040664198,0.25,0.345,0.37,0.01,0.025,0.0,164,0.6255240061010519,1.0182749772286417,0.6235731170625438,1.0266311073867092,0.10094253617594133,0.3188848065553527,41.96764364176048,2.435010162601626,2.2562499999999996,0.9607495000550824,0.9360110492250174,8,0.04,104,-0.018279295706167906,156,0.9512195121951219,0.755,0,11,38,1,0,41,109,0,200,,0.9067067294106304,0.9750777893840323,0.78,0.7176120008170632,0.8318346164116674,artifacts/runs/sac/1,sac,2000000,final,2000000,14d7f32bf25e34a16fe3677cdab869c107881536,04af3f42a26542592ae4f363f65c6e5d7add8aeafb0ca57a9a91656a83c5623d,a46f94152e99cd325ec30eb7de6c25c79be05c2294519eddee235e09b8bf5159,8f72450570c886e5c0f75c9a89782a62f7e829fc0ed24e12b4a9994098d4373d,eb9ea77cfdce8e5e360e36f545085ddadcfffcdc64e04912ad9f5564870bcdea,8880fffd9d5bee4a3fa40f00eb2613071bf8fbfc917c39d626b6df6054a06ac4,LearnedPolicy,False,jonswap,jonswap,3.12.3,2.5.2,2.13.0,2.9.0,1.3.0,3.2.7,e9fa15cc35312a5c1ecf0c42668a690b5061c090,7ebad1ecabd28a7000add2d05f888aa2e837c2cc,c7fbdcc4df48bd4a2cfe21811613e5e50e3e4868822fe6dddd13745d96692118,b98d65cc5e34337369dcd4d69d63651cc2c99c19e8494199e8b5ec9e06c8b87f,3ee7e46399aea60603c767e0a604e79e7db233924ce71fe027a1ccc1623b7eb0,7beb41daec3d6a34c6da7696c56a982667957298f017ebe137829282b6ce7985,e6f30e55e478d39061b94e38de33959ca99b16e8cac38a3bd99b34f6543ad4a2,20260924,1.5,kinematic,noise,sigma4cm_lat2step,jonswap,strict,25.0,True,0.04,0.2,66.7,2,66.66666666666667,30.0,,e6f30e55e478d39061b94e38de33959ca99b16e8cac38a3bd99b34f6543ad4a2
sac,False,1,aft,id,SS4,200,3,0.015,0.00511423779325831,0.04316572879269026,0.39,0.35,0.24,0.005,0.015,0.0,135,0.5929167707255566,0.9575032371047288,0.5942268910232527,0.958305896667033,0.11522894844275812,0.3194586964182039,40.47325917768107,2.439845679012346,2.3,1.0168652425755276,0.933758237789186,14,0.07,97,-0.013554232424785637,102,0.7555555555555555,0.75,0,9,67,1,1,34,88,0,200,,0.6766515328653203,0.8203181805479448,0.51,0.44118587678458643,0.5784372166878682,artifacts/runs/sac/1,sac,2000000,final,2000000,14d7f32bf25e34a16fe3677cdab869c107881536,04af3f42a26542592ae4f363f65c6e5d7add8aeafb0ca57a9a91656a83c5623d,a46f94152e99cd325ec30eb7de6c25c79be05c2294519eddee235e09b8bf5159,8f72450570c886e5c0f75c9a89782a62f7e829fc0ed24e12b4a9994098d4373d,eb9ea77cfdce8e5e360e36f545085ddadcfffcdc64e04912ad9f5564870bcdea,8880fffd9d5bee4a3fa40f00eb2613071bf8fbfc917c39d626b6df6054a06ac4,LearnedPolicy,False,jonswap,jonswap,3.12.3,2.5.2,2.13.0,2.9.0,1.3.0,3.2.7,e9fa15cc35312a5c1ecf0c42668a690b5061c090,7ebad1ecabd28a7000add2d05f888aa2e837c2cc,c7fbdcc4df48bd4a2cfe21811613e5e50e3e4868822fe6dddd13745d96692118,b98d65cc5e34337369dcd4d69d63651cc2c99c19e8494199e8b5ec9e06c8b87f,3ee7e46399aea60603c767e0a604e79e7db233924ce71fe027a1ccc1623b7eb0,7beb41daec3d6a34c6da7696c56a982667957298f017ebe137829282b6ce7985,e6f30e55e478d39061b94e38de33959ca99b16e8cac38a3bd99b34f6543ad4a2,20260924,1.5,kinematic,noise,sigma4cm_lat2step,jonswap,strict,25.0,True,0.04,0.2,66.7,2,66.66666666666667,30.0,,e6f30e55e478d39061b94e38de33959ca99b16e8cac38a3bd99b34f6543ad4a2
sac,False,1,aft,id,SS5,200,6,0.03,0.013820314340111346,0.06389429245451925,0.52,0.27,0.175,0.005,0.03,0.0,110,0.5687079078121822,1.0521016862867336,0.565131671020469,1.033824087701313,0.126874205068068,0.3575635147530859,44.81939750759455,2.5084090909090904,2.2895833333333333,1.0886501931651407,0.9145565784172804,6,0.03,62,-0.014452817154992031,31,0.2818181818181818,0.745,0,11,89,3,1,27,69,0,200,,0.2062114368310301,0.37214955311725967,0.155,0.11139636927689314,0.21160690592342077,artifacts/runs/sac/1,sac,2000000,final,2000000,14d7f32bf25e34a16fe3677cdab869c107881536,04af3f42a26542592ae4f363f65c6e5d7add8aeafb0ca57a9a91656a83c5623d,a46f94152e99cd325ec30eb7de6c25c79be05c2294519eddee235e09b8bf5159,8f72450570c886e5c0f75c9a89782a62f7e829fc0ed24e12b4a9994098d4373d,eb9ea77cfdce8e5e360e36f545085ddadcfffcdc64e04912ad9f5564870bcdea,8880fffd9d5bee4a3fa40f00eb2613071bf8fbfc917c39d626b6df6054a06ac4,LearnedPolicy,False,jonswap,jonswap,3.12.3,2.5.2,2.13.0,2.9.0,1.3.0,3.2.7,e9fa15cc35312a5c1ecf0c42668a690b5061c090,7ebad1ecabd28a7000add2d05f888aa2e837c2cc,c7fbdcc4df48bd4a2cfe21811613e5e50e3e4868822fe6dddd13745d96692118,b98d65cc5e34337369dcd4d69d63651cc2c99c19e8494199e8b5ec9e06c8b87f,3ee7e46399aea60603c767e0a604e79e7db233924ce71fe027a1ccc1623b7eb0,7beb41daec3d6a34c6da7696c56a982667957298f017ebe137829282b6ce7985,e6f30e55e478d39061b94e38de33959ca99b16e8cac38a3bd99b34f6543ad4a2,20260924,1.5,kinematic,noise,sigma4cm_lat2step,jonswap,strict,25.0,True,0.04,0.2,66.7,2,66.66666666666667,30.0,,e6f30e55e478d39061b94e38de33959ca99b16e8cac38a3bd99b34f6543ad4a2
sac,False,1,aft,id,SS6,200,3,0.015,0.00511423779325831,0.04316572879269026,0.56,0.255,0.155,0.015,0.015,0.0,97,0.5977123221387238,1.0965881091972929,0.5765394223018457,1.1314734569478135,0.11830812839425824,0.3199865276233322,40.46114081355831,2.703694158075601,2.4583333333333335,1.1371433901477723,0.9074199695929798,5,0.025,61,-0.01547448072908587,12,0.12371134020618557,0.0,0,6,99,5,2,24,64,0,200,,0.0722040020802373,0.20388739074856865,0.06,0.03465219425433187,0.1019316929576627,artifacts/runs/sac/1,sac,2000000,final,2000000,14d7f32bf25e34a16fe3677cdab869c107881536,04af3f42a26542592ae4f363f65c6e5d7add8aeafb0ca57a9a91656a83c5623d,a46f94152e99cd325ec30eb7de6c25c79be05c2294519eddee235e09b8bf5159,8f72450570c886e5c0f75c9a89782a62f7e829fc0ed24e12b4a9994098d4373d,eb9ea77cfdce8e5e360e36f545085ddadcfffcdc64e04912ad9f5564870bcdea,8880fffd9d5bee4a3fa40f00eb2613071bf8fbfc917c39d626b6df6054a06ac4,LearnedPolicy,False,jonswap,jonswap,3.12.3,2.5.2,2.13.0,2.9.0,1.3.0,3.2.7,e9fa15cc35312a5c1ecf0c42668a690b5061c090,7ebad1ecabd28a7000add2d05f888aa2e837c2cc,c7fbdcc4df48bd4a2cfe21811613e5e50e3e4868822fe6dddd13745d96692118,b98d65cc5e34337369dcd4d69d63651cc2c99c19e8494199e8b5ec9e06c8b87f,3ee7e46399aea60603c767e0a604e79e7db233924ce71fe027a1ccc1623b7eb0,7beb41daec3d6a34c6da7696c56a982667957298f017ebe137829282b6ce7985,e6f30e55e478d39061b94e38de33959ca99b16e8cac38a3bd99b34f6543ad4a2,20260924,1.5,kinematic,noise,sigma4cm_lat2step,jonswap,strict,25.0,True,0.04,0.2,66.7,2,66.66666666666667,30.0,,e6f30e55e478d39061b94e38de33959ca99b16e8cac38a3bd99b34f6543ad4a2
sac,False,2,aft,id,SS3,200,3,0.015,0.00511423779325831,0.04316572879269026,0.445,0.345,0.165,0.005,0.015,0.025,125,0.7551195059648724,1.1687995459701381,0.7645792442903682,1.164517782093317,0.15689182920099498,0.4137174526939575,51.37441897679758,2.978666666666667,2.7708333333333335,0.9415182344475923,0.9572901179334982,6,0.03,74,-0.01859689497749989,119,0.952,0.755,0,16,71,2,0,27,79,5,200,,0.8992288896829618,0.9778179944047111,0.595,0.525797100813387,0.6606222871749323,artifacts/runs/sac/2,sac,2000000,final,2000000,14d7f32bf25e34a16fe3677cdab869c107881536,04af3f42a26542592ae4f363f65c6e5d7add8aeafb0ca57a9a91656a83c5623d,a46f94152e99cd325ec30eb7de6c25c79be05c2294519eddee235e09b8bf5159,9688985a5ccf9054cc3ea10bb2397c3dc7666ffe045125f5757010ad8b83201c,aa95499ec91ebf4277770bc01b1ca798c570abfbb01f09a3d5835d001ed883ff,22f5bdf89b8ca6f9f0945a492532b9996aef9ed5b0cba343cdcce1b2385836a2,LearnedPolicy,False,jonswap,jonswap,3.12.3,2.5.2,2.13.0,2.9.0,1.3.0,3.2.7,e9fa15cc35312a5c1ecf0c42668a690b5061c090,7ebad1ecabd28a7000add2d05f888aa2e837c2cc,c7fbdcc4df48bd4a2cfe21811613e5e50e3e4868822fe6dddd13745d96692118,b98d65cc5e34337369dcd4d69d63651cc2c99c19e8494199e8b5ec9e06c8b87f,3ee7e46399aea60603c767e0a604e79e7db233924ce71fe027a1ccc1623b7eb0,7beb41daec3d6a34c6da7696c56a982667957298f017ebe137829282b6ce7985,e6f30e55e478d39061b94e38de33959ca99b16e8cac38a3bd99b34f6543ad4a2,20260924,1.5,kinematic,noise,sigma4cm_lat2step,jonswap,strict,25.0,True,0.04,0.2,66.7,2,66.66666666666667,30.0,,e6f30e55e478d39061b94e38de33959ca99b16e8cac38a3bd99b34f6543ad4a2
sac,False,2,aft,id,SS4,200,6,0.03,0.013820314340111346,0.06389429245451925,0.395,0.325,0.22,0.01,0.03,0.02,131,0.6330280463799387,1.0997688414838902,0.6332913117969297,1.1048639132038724,0.12207459865404402,0.3381309365285211,48.15698177897356,2.719656488549618,2.375,0.9256714993186144,0.9402251005713701,9,0.045,85,-0.014021078241112251,98,0.7480916030534351,0.75,0,12,64,3,0,56,61,4,200,,0.667412201044951,0.8146353870520746,0.49,0.42156278331213176,0.5588141232154135,artifacts/runs/sac/2,sac,2000000,final,2000000,14d7f32bf25e34a16fe3677cdab869c107881536,04af3f42a26542592ae4f363f65c6e5d7add8aeafb0ca57a9a91656a83c5623d,a46f94152e99cd325ec30eb7de6c25c79be05c2294519eddee235e09b8bf5159,9688985a5ccf9054cc3ea10bb2397c3dc7666ffe045125f5757010ad8b83201c,aa95499ec91ebf4277770bc01b1ca798c570abfbb01f09a3d5835d001ed883ff,22f5bdf89b8ca6f9f0945a492532b9996aef9ed5b0cba343cdcce1b2385836a2,LearnedPolicy,False,jonswap,jonswap,3.12.3,2.5.2,2.13.0,2.9.0,1.3.0,3.2.7,e9fa15cc35312a5c1ecf0c42668a690b5061c090,7ebad1ecabd28a7000add2d05f888aa2e837c2cc,c7fbdcc4df48bd4a2cfe21811613e5e50e3e4868822fe6dddd13745d96692118,b98d65cc5e34337369dcd4d69d63651cc2c99c19e8494199e8b5ec9e06c8b87f,3ee7e46399aea60603c767e0a604e79e7db233924ce71fe027a1ccc1623b7eb0,7beb41daec3d6a34c6da7696c56a982667957298f017ebe137829282b6ce7985,e6f30e55e478d39061b94e38de33959ca99b16e8cac38a3bd99b34f6543ad4a2,20260924,1.5,kinematic,noise,sigma4cm_lat2step,jonswap,strict,25.0,True,0.04,0.2,66.7,2,66.66666666666667,30.0,,e6f30e55e478d39061b94e38de33959ca99b16e8cac38a3bd99b34f6543ad4a2
sac,False,2,aft,id,SS5,200,5,0.025,0.010724719651761264,0.05717834040664198,0.405,0.375,0.135,0.03,0.025,0.03,123,0.6633793541758988,1.1240795654250653,0.6495047195080812,1.143100478741233,0.13758696255563754,0.3990463595281961,43.78579449157235,2.7826558265582655,2.404166666666667,0.9614880614325162,0.908178551415515,6,0.03,84,-0.01493622565840601,40,0.3252032520325203,0.745,0,8,72,1,0,48,65,6,200,,0.24880212688399755,0.4121919960172082,0.2,0.15045200926098115,0.2608551865653788,artifacts/runs/sac/2,sac,2000000,final,2000000,14d7f32bf25e34a16fe3677cdab869c107881536,04af3f42a26542592ae4f363f65c6e5d7add8aeafb0ca57a9a91656a83c5623d,a46f94152e99cd325ec30eb7de6c25c79be05c2294519eddee235e09b8bf5159,9688985a5ccf9054cc3ea10bb2397c3dc7666ffe045125f5757010ad8b83201c,aa95499ec91ebf4277770bc01b1ca798c570abfbb01f09a3d5835d001ed883ff,22f5bdf89b8ca6f9f0945a492532b9996aef9ed5b0cba343cdcce1b2385836a2,LearnedPolicy,False,jonswap,jonswap,3.12.3,2.5.2,2.13.0,2.9.0,1.3.0,3.2.7,e9fa15cc35312a5c1ecf0c42668a690b5061c090,7ebad1ecabd28a7000add2d05f888aa2e837c2cc,c7fbdcc4df48bd4a2cfe21811613e5e50e3e4868822fe6dddd13745d96692118,b98d65cc5e34337369dcd4d69d63651cc2c99c19e8494199e8b5ec9e06c8b87f,3ee7e46399aea60603c767e0a604e79e7db233924ce71fe027a1ccc1623b7eb0,7beb41daec3d6a34c6da7696c56a982667957298f017ebe137829282b6ce7985,e6f30e55e478d39061b94e38de33959ca99b16e8cac38a3bd99b34f6543ad4a2,20260924,1.5,kinematic,noise,sigma4cm_lat2step,jonswap,strict,25.0,True,0.04,0.2,66.7,2,66.66666666666667,30.0,,e6f30e55e478d39061b94e38de33959ca99b16e8cac38a3bd99b34f6543ad4a2
sac,False,2,aft,id,SS6,200,4,0.02,0.0078044264163494685,0.050287086905826436,0.41,0.37,0.155,0.005,0.02,0.04,116,0.6323912006754687,1.0778696253374906,0.6347714593641408,1.0593028455356608,0.1523555996215715,0.3366101918694113,46.42554344383903,2.731681034482758,2.5270833333333336,0.9550939762995685,0.882396499791898,5,0.025,76,-0.014396692174782715,14,0.1206896551724138,0.0,0,5,77,0,0,52,58,8,200,,0.07326996536571831,0.19242655680642143,0.07,0.042152171828342806,0.11405480885610647,artifacts/runs/sac/2,sac,2000000,final,2000000,14d7f32bf25e34a16fe3677cdab869c107881536,04af3f42a26542592ae4f363f65c6e5d7add8aeafb0ca57a9a91656a83c5623d,a46f94152e99cd325ec30eb7de6c25c79be05c2294519eddee235e09b8bf5159,9688985a5ccf9054cc3ea10bb2397c3dc7666ffe045125f5757010ad8b83201c,aa95499ec91ebf4277770bc01b1ca798c570abfbb01f09a3d5835d001ed883ff,22f5bdf89b8ca6f9f0945a492532b9996aef9ed5b0cba343cdcce1b2385836a2,LearnedPolicy,False,jonswap,jonswap,3.12.3,2.5.2,2.13.0,2.9.0,1.3.0,3.2.7,e9fa15cc35312a5c1ecf0c42668a690b5061c090,7ebad1ecabd28a7000add2d05f888aa2e837c2cc,c7fbdcc4df48bd4a2cfe21811613e5e50e3e4868822fe6dddd13745d96692118,b98d65cc5e34337369dcd4d69d63651cc2c99c19e8494199e8b5ec9e06c8b87f,3ee7e46399aea60603c767e0a604e79e7db233924ce71fe027a1ccc1623b7eb0,7beb41daec3d6a34c6da7696c56a982667957298f017ebe137829282b6ce7985,e6f30e55e478d39061b94e38de33959ca99b16e8cac38a3bd99b34f6543ad4a2,20260924,1.5,kinematic,noise,sigma4cm_lat2step,jonswap,strict,25.0,True,0.04,0.2,66.7,2,66.66666666666667,30.0,,e6f30e55e478d39061b94e38de33959ca99b16e8cac38a3bd99b34f6543ad4a2
sac,False,3,aft,id,SS3,200,24,0.12,0.08197992706375512,0.17234252098296743,0.155,0.28,0.425,0.02,0.12,0.0,173,0.5869737679828404,1.0781885186960387,0.5859389357879055,1.0793319381671076,0.07818024015655851,0.27882404441610936,36.736839508880884,2.3312620423892105,2.1791666666666667,1.0425468683511125,0.9761303212169307,6,0.03,119,-0.018221082013317815,164,0.9479768786127167,0.755,0,2,29,0,0,90,79,0,200,,0.9040991296165678,0.9723921696163796,0.82,0.7608852497127511,0.8670537414057983,artifacts/runs/sac/3,sac,2000000,final,2000000,14d7f32bf25e34a16fe3677cdab869c107881536,04af3f42a26542592ae4f363f65c6e5d7add8aeafb0ca57a9a91656a83c5623d,a46f94152e99cd325ec30eb7de6c25c79be05c2294519eddee235e09b8bf5159,c5c2be8fdedb97c8588fe22d1c0a493a9a395296b18aed38768fa6026c39e3b4,6462c1c4f6d72919a26059793a2c5fff3157af26f94456986f0c10c34354e44c,01b9cb82053dd92cd012ffd4b1fe0eb1181007f99200c057e96d1f20bc8a8831,LearnedPolicy,False,jonswap,jonswap,3.12.3,2.5.2,2.13.0,2.9.0,1.3.0,3.2.7,e9fa15cc35312a5c1ecf0c42668a690b5061c090,7ebad1ecabd28a7000add2d05f888aa2e837c2cc,c7fbdcc4df48bd4a2cfe21811613e5e50e3e4868822fe6dddd13745d96692118,b98d65cc5e34337369dcd4d69d63651cc2c99c19e8494199e8b5ec9e06c8b87f,3ee7e46399aea60603c767e0a604e79e7db233924ce71fe027a1ccc1623b7eb0,7beb41daec3d6a34c6da7696c56a982667957298f017ebe137829282b6ce7985,e6f30e55e478d39061b94e38de33959ca99b16e8cac38a3bd99b34f6543ad4a2,20260924,1.5,kinematic,noise,sigma4cm_lat2step,jonswap,strict,25.0,True,0.04,0.2,66.7,2,66.66666666666667,30.0,,e6f30e55e478d39061b94e38de33959ca99b16e8cac38a3bd99b34f6543ad4a2
sac,False,3,aft,id,SS4,200,23,0.115,0.07786373232561955,0.16664716898487572,0.135,0.335,0.375,0.04,0.115,0.0,176,0.5566655054046556,1.0112627842338031,0.5608435240780012,0.9977301820426207,0.08585595710162469,0.22000041587638272,48.54499516699391,2.285061553030303,2.2583333333333333,1.0633697082550484,0.9757178161802503,7,0.035,121,-0.01809355824389415,120,0.6818181818181818,0.75,0,1,24,2,0,94,79,0,200,,0.6097507635006083,0.7461182358929597,0.6,0.53083672039262,0.6653942143319266,artifacts/runs/sac/3,sac,2000000,final,2000000,14d7f32bf25e34a16fe3677cdab869c107881536,04af3f42a26542592ae4f363f65c6e5d7add8aeafb0ca57a9a91656a83c5623d,a46f94152e99cd325ec30eb7de6c25c79be05c2294519eddee235e09b8bf5159,c5c2be8fdedb97c8588fe22d1c0a493a9a395296b18aed38768fa6026c39e3b4,6462c1c4f6d72919a26059793a2c5fff3157af26f94456986f0c10c34354e44c,01b9cb82053dd92cd012ffd4b1fe0eb1181007f99200c057e96d1f20bc8a8831,LearnedPolicy,False,jonswap,jonswap,3.12.3,2.5.2,2.13.0,2.9.0,1.3.0,3.2.7,e9fa15cc35312a5c1ecf0c42668a690b5061c090,7ebad1ecabd28a7000add2d05f888aa2e837c2cc,c7fbdcc4df48bd4a2cfe21811613e5e50e3e4868822fe6dddd13745d96692118,b98d65cc5e34337369dcd4d69d63651cc2c99c19e8494199e8b5ec9e06c8b87f,3ee7e46399aea60603c767e0a604e79e7db233924ce71fe027a1ccc1623b7eb0,7beb41daec3d6a34c6da7696c56a982667957298f017ebe137829282b6ce7985,e6f30e55e478d39061b94e38de33959ca99b16e8cac38a3bd99b34f6543ad4a2,20260924,1.5,kinematic,noise,sigma4cm_lat2step,jonswap,strict,25.0,True,0.04,0.2,66.7,2,66.66666666666667,30.0,,e6f30e55e478d39061b94e38de33959ca99b16e8cac38a3bd99b34f6543ad4a2
sac,False,3,aft,id,SS5,200,15,0.075,0.04597491718438201,0.12004361023629456,0.28,0.33,0.29,0.025,0.075,0.0,152,0.5733267832152302,1.0986152458554994,0.5657093331229199,1.1041399353736667,0.0985300612059393,0.29512805157950117,38.3388695468875,2.3247258771929826,2.177083333333333,1.1295837666840292,0.9612086473789063,12,0.06,105,-0.016461920078310693,53,0.34868421052631576,0.745,0,7,46,3,0,67,77,0,200,,0.27750105671174624,0.4273271684082069,0.265,0.2086815414710911,0.3301757619262242,artifacts/runs/sac/3,sac,2000000,final,2000000,14d7f32bf25e34a16fe3677cdab869c107881536,04af3f42a26542592ae4f363f65c6e5d7add8aeafb0ca57a9a91656a83c5623d,a46f94152e99cd325ec30eb7de6c25c79be05c2294519eddee235e09b8bf5159,c5c2be8fdedb97c8588fe22d1c0a493a9a395296b18aed38768fa6026c39e3b4,6462c1c4f6d72919a26059793a2c5fff3157af26f94456986f0c10c34354e44c,01b9cb82053dd92cd012ffd4b1fe0eb1181007f99200c057e96d1f20bc8a8831,LearnedPolicy,False,jonswap,jonswap,3.12.3,2.5.2,2.13.0,2.9.0,1.3.0,3.2.7,e9fa15cc35312a5c1ecf0c42668a690b5061c090,7ebad1ecabd28a7000add2d05f888aa2e837c2cc,c7fbdcc4df48bd4a2cfe21811613e5e50e3e4868822fe6dddd13745d96692118,b98d65cc5e34337369dcd4d69d63651cc2c99c19e8494199e8b5ec9e06c8b87f,3ee7e46399aea60603c767e0a604e79e7db233924ce71fe027a1ccc1623b7eb0,7beb41daec3d6a34c6da7696c56a982667957298f017ebe137829282b6ce7985,e6f30e55e478d39061b94e38de33959ca99b16e8cac38a3bd99b34f6543ad4a2,20260924,1.5,kinematic,noise,sigma4cm_lat2step,jonswap,strict,25.0,True,0.04,0.2,66.7,2,66.66666666666667,30.0,,e6f30e55e478d39061b94e38de33959ca99b16e8cac38a3bd99b34f6543ad4a2
sac,False,3,aft,id,SS6,200,11,0.055,0.03098534170345884,0.0957869987723084,0.34,0.38,0.215,0.01,0.055,0.0,143,0.5808401972232706,1.0510421099316818,0.5850214462871527,1.0971491449579178,0.12258489859617801,0.30933539376451763,50.10770316495727,2.4302447552447553,2.245833333333333,1.1893025269390871,0.9556184886472886,8,0.04,96,-0.014846219911111232,15,0.1048951048951049,0.0,0,9,56,3,0,61,71,0,200,,0.06460411837776037,0.16585844371117542,0.075,0.04597491718438201,0.12004361023629456,artifacts/runs/sac/3,sac,2000000,final,2000000,14d7f32bf25e34a16fe3677cdab869c107881536,04af3f42a26542592ae4f363f65c6e5d7add8aeafb0ca57a9a91656a83c5623d,a46f94152e99cd325ec30eb7de6c25c79be05c2294519eddee235e09b8bf5159,c5c2be8fdedb97c8588fe22d1c0a493a9a395296b18aed38768fa6026c39e3b4,6462c1c4f6d72919a26059793a2c5fff3157af26f94456986f0c10c34354e44c,01b9cb82053dd92cd012ffd4b1fe0eb1181007f99200c057e96d1f20bc8a8831,LearnedPolicy,False,jonswap,jonswap,3.12.3,2.5.2,2.13.0,2.9.0,1.3.0,3.2.7,e9fa15cc35312a5c1ecf0c42668a690b5061c090,7ebad1ecabd28a7000add2d05f888aa2e837c2cc,c7fbdcc4df48bd4a2cfe21811613e5e50e3e4868822fe6dddd13745d96692118,b98d65cc5e34337369dcd4d69d63651cc2c99c19e8494199e8b5ec9e06c8b87f,3ee7e46399aea60603c767e0a604e79e7db233924ce71fe027a1ccc1623b7eb0,7beb41daec3d6a34c6da7696c56a982667957298f017ebe137829282b6ce7985,e6f30e55e478d39061b94e38de33959ca99b16e8cac38a3bd99b34f6543ad4a2,20260924,1.5,kinematic,noise,sigma4cm_lat2step,jonswap,strict,25.0,True,0.04,0.2,66.7,2,66.66666666666667,30.0,,e6f30e55e478d39061b94e38de33959ca99b16e8cac38a3bd99b34f6543ad4a2
sac,False,4,aft,id,SS3,200,7,0.035,0.017055542008567192,0.07047061152229073,0.335,0.435,0.175,0.005,0.035,0.015,139,0.5674005710702752,0.947370180767669,0.5663076234895474,0.9477160149595067,0.13203740720900026,0.3318875195771023,39.21983514873968,3.7164568345323747,3.6875,1.1102177524382473,1.0655926871624357,2,0.01,87,-0.016493182583186924,134,0.9640287769784173,0.755,0,6,29,17,15,66,64,3,200,,0.9185599908074561,0.9845391588724067,0.67,0.602166847737769,0.7314257412939605,artifacts/runs/sac/4,sac,2000000,final,2000000,14d7f32bf25e34a16fe3677cdab869c107881536,04af3f42a26542592ae4f363f65c6e5d7add8aeafb0ca57a9a91656a83c5623d,a46f94152e99cd325ec30eb7de6c25c79be05c2294519eddee235e09b8bf5159,45a546406b2b9c9a546101424ac98a3ae5a0f312cdeb72fa4a81f368803d5380,5d0066dbcbd8fef89cf79185dc527dfa5c8c3b6e5686032aa02efa479dd858db,ed71bb4c19fe01e28d412178b72ed75c03307f532389b6b201bbf656cc4bced5,LearnedPolicy,False,jonswap,jonswap,3.12.3,2.5.2,2.13.0,2.9.0,1.3.0,3.2.7,e9fa15cc35312a5c1ecf0c42668a690b5061c090,7ebad1ecabd28a7000add2d05f888aa2e837c2cc,c7fbdcc4df48bd4a2cfe21811613e5e50e3e4868822fe6dddd13745d96692118,b98d65cc5e34337369dcd4d69d63651cc2c99c19e8494199e8b5ec9e06c8b87f,3ee7e46399aea60603c767e0a604e79e7db233924ce71fe027a1ccc1623b7eb0,7beb41daec3d6a34c6da7696c56a982667957298f017ebe137829282b6ce7985,e6f30e55e478d39061b94e38de33959ca99b16e8cac38a3bd99b34f6543ad4a2,20260924,1.5,kinematic,noise,sigma4cm_lat2step,jonswap,strict,25.0,True,0.04,0.2,66.7,2,66.66666666666667,30.0,,e6f30e55e478d39061b94e38de33959ca99b16e8cac38a3bd99b34f6543ad4a2
sac,False,4,aft,id,SS4,200,10,0.05,0.02738264560076393,0.08957814813877599,0.39,0.335,0.17,0.02,0.05,0.035,124,0.5489880431086565,1.0686862355303954,0.555317445179303,1.0601191484713322,0.1195263425337888,0.31191367601030884,43.84900278837313,3.5448924731182796,3.3583333333333334,1.1218774634376525,1.0621359530931125,3,0.015,73,-0.016719128329859532,91,0.7338709677419355,0.75,0,8,31,21,18,53,62,7,200,,0.6499148550667715,0.8037720829190407,0.455,0.387482193098835,0.524213886275119,artifacts/runs/sac/4,sac,2000000,final,2000000,14d7f32bf25e34a16fe3677cdab869c107881536,04af3f42a26542592ae4f363f65c6e5d7add8aeafb0ca57a9a91656a83c5623d,a46f94152e99cd325ec30eb7de6c25c79be05c2294519eddee235e09b8bf5159,45a546406b2b9c9a546101424ac98a3ae5a0f312cdeb72fa4a81f368803d5380,5d0066dbcbd8fef89cf79185dc527dfa5c8c3b6e5686032aa02efa479dd858db,ed71bb4c19fe01e28d412178b72ed75c03307f532389b6b201bbf656cc4bced5,LearnedPolicy,False,jonswap,jonswap,3.12.3,2.5.2,2.13.0,2.9.0,1.3.0,3.2.7,e9fa15cc35312a5c1ecf0c42668a690b5061c090,7ebad1ecabd28a7000add2d05f888aa2e837c2cc,c7fbdcc4df48bd4a2cfe21811613e5e50e3e4868822fe6dddd13745d96692118,b98d65cc5e34337369dcd4d69d63651cc2c99c19e8494199e8b5ec9e06c8b87f,3ee7e46399aea60603c767e0a604e79e7db233924ce71fe027a1ccc1623b7eb0,7beb41daec3d6a34c6da7696c56a982667957298f017ebe137829282b6ce7985,e6f30e55e478d39061b94e38de33959ca99b16e8cac38a3bd99b34f6543ad4a2,20260924,1.5,kinematic,noise,sigma4cm_lat2step,jonswap,strict,25.0,True,0.04,0.2,66.7,2,66.66666666666667,30.0,,e6f30e55e478d39061b94e38de33959ca99b16e8cac38a3bd99b34f6543ad4a2
sac,False,4,aft,id,SS5,200,7,0.035,0.017055542008567192,0.07047061152229073,0.475,0.265,0.165,0.02,0.035,0.04,108,0.5642081383852349,1.0450281110649104,0.5592898905171413,1.0037685773212341,0.13589480268697018,0.3693862117654457,39.66086031344645,3.453317901234569,3.1208333333333336,1.16028865219103,1.0333314245454701,5,0.025,69,-0.017720687436054594,35,0.32407407407407407,0.745,0,7,59,13,16,47,50,8,200,,0.2431666541281401,0.4170666761530558,0.175,0.12860515066273331,0.23364431148248993,artifacts/runs/sac/4,sac,2000000,final,2000000,14d7f32bf25e34a16fe3677cdab869c107881536,04af3f42a26542592ae4f363f65c6e5d7add8aeafb0ca57a9a91656a83c5623d,a46f94152e99cd325ec30eb7de6c25c79be05c2294519eddee235e09b8bf5159,45a546406b2b9c9a546101424ac98a3ae5a0f312cdeb72fa4a81f368803d5380,5d0066dbcbd8fef89cf79185dc527dfa5c8c3b6e5686032aa02efa479dd858db,ed71bb4c19fe01e28d412178b72ed75c03307f532389b6b201bbf656cc4bced5,LearnedPolicy,False,jonswap,jonswap,3.12.3,2.5.2,2.13.0,2.9.0,1.3.0,3.2.7,e9fa15cc35312a5c1ecf0c42668a690b5061c090,7ebad1ecabd28a7000add2d05f888aa2e837c2cc,c7fbdcc4df48bd4a2cfe21811613e5e50e3e4868822fe6dddd13745d96692118,b98d65cc5e34337369dcd4d69d63651cc2c99c19e8494199e8b5ec9e06c8b87f,3ee7e46399aea60603c767e0a604e79e7db233924ce71fe027a1ccc1623b7eb0,7beb41daec3d6a34c6da7696c56a982667957298f017ebe137829282b6ce7985,e6f30e55e478d39061b94e38de33959ca99b16e8cac38a3bd99b34f6543ad4a2,20260924,1.5,kinematic,noise,sigma4cm_lat2step,jonswap,strict,25.0,True,0.04,0.2,66.7,2,66.66666666666667,30.0,,e6f30e55e478d39061b94e38de33959ca99b16e8cac38a3bd99b34f6543ad4a2
sac,False,4,aft,id,SS6,200,3,0.015,0.00511423779325831,0.04316572879269026,0.675,0.17,0.085,0.01,0.015,0.045,65,0.4873439728686466,1.2639589883480105,0.5017797670491738,1.1895907934401642,0.12987965569395157,0.4103381548027558,48.792045788338804,3.1448717948717952,2.8583333333333334,1.2073550807249165,0.99493798904773,5,0.025,33,-0.01645087906138746,7,0.1076923076923077,0.0,0,8,102,12,13,21,35,9,200,,0.053154219531127755,0.20601313581449843,0.035,0.017055542008567192,0.07047061152229073,artifacts/runs/sac/4,sac,2000000,final,2000000,14d7f32bf25e34a16fe3677cdab869c107881536,04af3f42a26542592ae4f363f65c6e5d7add8aeafb0ca57a9a91656a83c5623d,a46f94152e99cd325ec30eb7de6c25c79be05c2294519eddee235e09b8bf5159,45a546406b2b9c9a546101424ac98a3ae5a0f312cdeb72fa4a81f368803d5380,5d0066dbcbd8fef89cf79185dc527dfa5c8c3b6e5686032aa02efa479dd858db,ed71bb4c19fe01e28d412178b72ed75c03307f532389b6b201bbf656cc4bced5,LearnedPolicy,False,jonswap,jonswap,3.12.3,2.5.2,2.13.0,2.9.0,1.3.0,3.2.7,e9fa15cc35312a5c1ecf0c42668a690b5061c090,7ebad1ecabd28a7000add2d05f888aa2e837c2cc,c7fbdcc4df48bd4a2cfe21811613e5e50e3e4868822fe6dddd13745d96692118,b98d65cc5e34337369dcd4d69d63651cc2c99c19e8494199e8b5ec9e06c8b87f,3ee7e46399aea60603c767e0a604e79e7db233924ce71fe027a1ccc1623b7eb0,7beb41daec3d6a34c6da7696c56a982667957298f017ebe137829282b6ce7985,e6f30e55e478d39061b94e38de33959ca99b16e8cac38a3bd99b34f6543ad4a2,20260924,1.5,kinematic,noise,sigma4cm_lat2step,jonswap,strict,25.0,True,0.04,0.2,66.7,2,66.66666666666667,30.0,,e6f30e55e478d39061b94e38de33959ca99b16e8cac38a3bd99b34f6543ad4a2
residual_ppo,False,0,aft,id,SS3,200,0,0.0,1.734723475976807e-18,0.018845326377266575,0.92,0.06,0.015,0.005,0.0,0.0,21,0.5985565079362825,0.9996325961752821,0.6051301360803033,1.004391710628728,0.22413991521068846,0.3475957551240338,51.536037449030445,2.251190476190476,2.1083333333333334,0.38218948792099544,0.4332017986474012,6,0.03,3,-0.008917746330691836,18,0.8571428571428571,0.755,0,4,179,1,0,0,16,0,200,,0.6536393971937906,0.9501898750027473,0.09,0.05768744886219316,0.13776571876716542,artifacts/runs/residual_ppo/0,ppo,10000000,final,10010624,6cedd5d9a1fbf7eabafa9ca6146ab19ce81fdab2,19cdad00d93d6be4a86cfe04718de10a5c258cf4c8f4a801437a495be5d5fc86,d706560de93355a04d130211968afc8ccf20e7443dc3b03da0206c0a4414e00c,3faf23260e02091826843f6a2a1888069256f56bb9cd93c74aec52beefdbfe2b,647ece3afc685b286aee3149d637ed8ac15ad27205bb9b011ad6aa2d37c86182,d44cbe30cef4a9768cd85e5b1d08c765902780f9adce81a5b90982fd461f609b,ResidualPolicy,False,jonswap,jonswap,3.12.3,2.5.2,2.13.0,2.9.0,1.3.0,3.2.7,e9fa15cc35312a5c1ecf0c42668a690b5061c090,7ebad1ecabd28a7000add2d05f888aa2e837c2cc,c7fbdcc4df48bd4a2cfe21811613e5e50e3e4868822fe6dddd13745d96692118,b98d65cc5e34337369dcd4d69d63651cc2c99c19e8494199e8b5ec9e06c8b87f,3ee7e46399aea60603c767e0a604e79e7db233924ce71fe027a1ccc1623b7eb0,7beb41daec3d6a34c6da7696c56a982667957298f017ebe137829282b6ce7985,e6f30e55e478d39061b94e38de33959ca99b16e8cac38a3bd99b34f6543ad4a2,20260924,1.5,kinematic,noise,sigma4cm_lat2step,jonswap,strict,25.0,True,0.04,0.2,66.7,2,66.66666666666667,30.0,,e6f30e55e478d39061b94e38de33959ca99b16e8cac38a3bd99b34f6543ad4a2
residual_ppo,False,0,aft,id,SS4,200,0,0.0,1.734723475976807e-18,0.018845326377266575,0.92,0.06,0.02,0.0,0.0,0.0,19,0.5749500424308102,0.7209336026278333,0.5405379803746153,0.7465253792137638,0.233751318237449,0.3731825685933501,52.21655893317195,2.1524122807017547,2.1,0.37967135387201995,0.42896233743179196,4,0.02,1,-0.005189554850903774,11,0.5789473684210527,0.75,0,3,181,0,0,0,16,0,200,,0.3627590353425504,0.7685810871754576,0.055,0.03098534170345884,0.0957869987723084,artifacts/runs/residual_ppo/0,ppo,10000000,final,10010624,6cedd5d9a1fbf7eabafa9ca6146ab19ce81fdab2,19cdad00d93d6be4a86cfe04718de10a5c258cf4c8f4a801437a495be5d5fc86,d706560de93355a04d130211968afc8ccf20e7443dc3b03da0206c0a4414e00c,3faf23260e02091826843f6a2a1888069256f56bb9cd93c74aec52beefdbfe2b,647ece3afc685b286aee3149d637ed8ac15ad27205bb9b011ad6aa2d37c86182,d44cbe30cef4a9768cd85e5b1d08c765902780f9adce81a5b90982fd461f609b,ResidualPolicy,False,jonswap,jonswap,3.12.3,2.5.2,2.13.0,2.9.0,1.3.0,3.2.7,e9fa15cc35312a5c1ecf0c42668a690b5061c090,7ebad1ecabd28a7000add2d05f888aa2e837c2cc,c7fbdcc4df48bd4a2cfe21811613e5e50e3e4868822fe6dddd13745d96692118,b98d65cc5e34337369dcd4d69d63651cc2c99c19e8494199e8b5ec9e06c8b87f,3ee7e46399aea60603c767e0a604e79e7db233924ce71fe027a1ccc1623b7eb0,7beb41daec3d6a34c6da7696c56a982667957298f017ebe137829282b6ce7985,e6f30e55e478d39061b94e38de33959ca99b16e8cac38a3bd99b34f6543ad4a2,20260924,1.5,kinematic,noise,sigma4cm_lat2step,jonswap,strict,25.0,True,0.04,0.2,66.7,2,66.66666666666667,30.0,,e6f30e55e478d39061b94e38de33959ca99b16e8cac38a3bd99b34f6543ad4a2
residual_ppo,False,0,aft,id,SS5,200,0,0.0,1.734723475976807e-18,0.018845326377266575,0.94,0.06,0.0,0.0,0.0,0.0,16,0.5568281013093846,0.8869189752824059,0.5939326210523547,0.8535320512843707,0.21196591636271622,0.32608626528113127,46.54416240407488,2.1354166666666665,1.9875,0.3900053417460093,0.43502793871914824,4,0.02,1,-0.005710750527172991,3,0.1875,0.745,0,1,186,1,0,0,12,0,200,,0.06591599071428142,0.4300888096197414,0.015,0.00511423779325831,0.04316572879269026,artifacts/runs/residual_ppo/0,ppo,10000000,final,10010624,6cedd5d9a1fbf7eabafa9ca6146ab19ce81fdab2,19cdad00d93d6be4a86cfe04718de10a5c258cf4c8f4a801437a495be5d5fc86,d706560de93355a04d130211968afc8ccf20e7443dc3b03da0206c0a4414e00c,3faf23260e02091826843f6a2a1888069256f56bb9cd93c74aec52beefdbfe2b,647ece3afc685b286aee3149d637ed8ac15ad27205bb9b011ad6aa2d37c86182,d44cbe30cef4a9768cd85e5b1d08c765902780f9adce81a5b90982fd461f609b,ResidualPolicy,False,jonswap,jonswap,3.12.3,2.5.2,2.13.0,2.9.0,1.3.0,3.2.7,e9fa15cc35312a5c1ecf0c42668a690b5061c090,7ebad1ecabd28a7000add2d05f888aa2e837c2cc,c7fbdcc4df48bd4a2cfe21811613e5e50e3e4868822fe6dddd13745d96692118,b98d65cc5e34337369dcd4d69d63651cc2c99c19e8494199e8b5ec9e06c8b87f,3ee7e46399aea60603c767e0a604e79e7db233924ce71fe027a1ccc1623b7eb0,7beb41daec3d6a34c6da7696c56a982667957298f017ebe137829282b6ce7985,e6f30e55e478d39061b94e38de33959ca99b16e8cac38a3bd99b34f6543ad4a2,20260924,1.5,kinematic,noise,sigma4cm_lat2step,jonswap,strict,25.0,True,0.04,0.2,66.7,2,66.66666666666667,30.0,,e6f30e55e478d39061b94e38de33959ca99b16e8cac38a3bd99b34f6543ad4a2
residual_ppo,False,0,aft,id,SS6,200,0,0.0,1.734723475976807e-18,0.018845326377266575,0.935,0.06,0.005,0.0,0.0,0.0,18,0.6178315966139131,0.9331978504961129,0.6580172231748285,0.9077021928648541,0.24578594587548364,0.3683366322818109,57.06917725945446,2.549074074074074,2.1604166666666664,0.3922482177046529,0.43046041068112045,2,0.01,2,-0.007473164721835041,3,0.16666666666666666,0.0,0,3,184,0,0,0,13,0,200,,0.05836576805861446,0.39222038103915724,0.015,0.00511423779325831,0.04316572879269026,artifacts/runs/residual_ppo/0,ppo,10000000,final,10010624,6cedd5d9a1fbf7eabafa9ca6146ab19ce81fdab2,19cdad00d93d6be4a86cfe04718de10a5c258cf4c8f4a801437a495be5d5fc86,d706560de93355a04d130211968afc8ccf20e7443dc3b03da0206c0a4414e00c,3faf23260e02091826843f6a2a1888069256f56bb9cd93c74aec52beefdbfe2b,647ece3afc685b286aee3149d637ed8ac15ad27205bb9b011ad6aa2d37c86182,d44cbe30cef4a9768cd85e5b1d08c765902780f9adce81a5b90982fd461f609b,ResidualPolicy,False,jonswap,jonswap,3.12.3,2.5.2,2.13.0,2.9.0,1.3.0,3.2.7,e9fa15cc35312a5c1ecf0c42668a690b5061c090,7ebad1ecabd28a7000add2d05f888aa2e837c2cc,c7fbdcc4df48bd4a2cfe21811613e5e50e3e4868822fe6dddd13745d96692118,b98d65cc5e34337369dcd4d69d63651cc2c99c19e8494199e8b5ec9e06c8b87f,3ee7e46399aea60603c767e0a604e79e7db233924ce71fe027a1ccc1623b7eb0,7beb41daec3d6a34c6da7696c56a982667957298f017ebe137829282b6ce7985,e6f30e55e478d39061b94e38de33959ca99b16e8cac38a3bd99b34f6543ad4a2,20260924,1.5,kinematic,noise,sigma4cm_lat2step,jonswap,strict,25.0,True,0.04,0.2,66.7,2,66.66666666666667,30.0,,e6f30e55e478d39061b94e38de33959ca99b16e8cac38a3bd99b34f6543ad4a2
residual_ppo,False,1,aft,id,SS3,200,0,0.0,1.734723475976807e-18,0.018845326377266575,0.955,0.04,0.005,0.0,0.0,0.0,10,0.591634456388716,0.9380653513197668,0.6025547078237563,0.938388250660203,0.231001368369606,0.35641708049833015,51.12824922206186,2.3824999999999994,2.3125,0.3774874923240292,0.41828227885322344,1,0.005,1,-0.006095733701049248,8,0.8,0.755,0,0,191,0,0,0,9,0,200,,0.49016247153664183,0.9433178485456247,0.04,0.020405632066152306,0.07693206820093293,artifacts/runs/residual_ppo/1,ppo,10000000,final,10010624,6cedd5d9a1fbf7eabafa9ca6146ab19ce81fdab2,19cdad00d93d6be4a86cfe04718de10a5c258cf4c8f4a801437a495be5d5fc86,d706560de93355a04d130211968afc8ccf20e7443dc3b03da0206c0a4414e00c,1b3a12e22cb8c40d526d1e4a68f00be1afbfa8fd7e118c33d247e18d51339b5a,ad2b2662bdcf6a313c9ca4eb821568d3cee96a7db386ac524dfba4f6d6e9506d,831eb1b8655ac92e1cf3d4907822d4b7f192380179868871581e48397b2a3421,ResidualPolicy,False,jonswap,jonswap,3.12.3,2.5.2,2.13.0,2.9.0,1.3.0,3.2.7,e9fa15cc35312a5c1ecf0c42668a690b5061c090,7ebad1ecabd28a7000add2d05f888aa2e837c2cc,c7fbdcc4df48bd4a2cfe21811613e5e50e3e4868822fe6dddd13745d96692118,b98d65cc5e34337369dcd4d69d63651cc2c99c19e8494199e8b5ec9e06c8b87f,3ee7e46399aea60603c767e0a604e79e7db233924ce71fe027a1ccc1623b7eb0,7beb41daec3d6a34c6da7696c56a982667957298f017ebe137829282b6ce7985,e6f30e55e478d39061b94e38de33959ca99b16e8cac38a3bd99b34f6543ad4a2,20260924,1.5,kinematic,noise,sigma4cm_lat2step,jonswap,strict,25.0,True,0.04,0.2,66.7,2,66.66666666666667,30.0,,e6f30e55e478d39061b94e38de33959ca99b16e8cac38a3bd99b34f6543ad4a2
residual_ppo,False,1,aft,id,SS4,200,0,0.0,1.734723475976807e-18,0.018845326377266575,0.91,0.06,0.025,0.005,0.0,0.0,22,0.7308996117813381,0.9828841356421059,0.7033980455895144,0.9642573968743172,0.1612906322147235,0.31308206542778194,50.95165045652632,2.2734848484848484,1.96875,0.38199108934637027,0.41089967933894245,5,0.025,6,-0.008570557942797012,17,0.7727272727272727,0.75,0,2,180,0,0,0,18,0,200,,0.5656004682477829,0.8987696001475147,0.085,0.05374575017747561,0.13189587071565567,artifacts/runs/residual_ppo/1,ppo,10000000,final,10010624,6cedd5d9a1fbf7eabafa9ca6146ab19ce81fdab2,19cdad00d93d6be4a86cfe04718de10a5c258cf4c8f4a801437a495be5d5fc86,d706560de93355a04d130211968afc8ccf20e7443dc3b03da0206c0a4414e00c,1b3a12e22cb8c40d526d1e4a68f00be1afbfa8fd7e118c33d247e18d51339b5a,ad2b2662bdcf6a313c9ca4eb821568d3cee96a7db386ac524dfba4f6d6e9506d,831eb1b8655ac92e1cf3d4907822d4b7f192380179868871581e48397b2a3421,ResidualPolicy,False,jonswap,jonswap,3.12.3,2.5.2,2.13.0,2.9.0,1.3.0,3.2.7,e9fa15cc35312a5c1ecf0c42668a690b5061c090,7ebad1ecabd28a7000add2d05f888aa2e837c2cc,c7fbdcc4df48bd4a2cfe21811613e5e50e3e4868822fe6dddd13745d96692118,b98d65cc5e34337369dcd4d69d63651cc2c99c19e8494199e8b5ec9e06c8b87f,3ee7e46399aea60603c767e0a604e79e7db233924ce71fe027a1ccc1623b7eb0,7beb41daec3d6a34c6da7696c56a982667957298f017ebe137829282b6ce7985,e6f30e55e478d39061b94e38de33959ca99b16e8cac38a3bd99b34f6543ad4a2,20260924,1.5,kinematic,noise,sigma4cm_lat2step,jonswap,strict,25.0,True,0.04,0.2,66.7,2,66.66666666666667,30.0,,e6f30e55e478d39061b94e38de33959ca99b16e8cac38a3bd99b34f6543ad4a2
residual_ppo,False,1,aft,id,SS5,200,0,0.0,1.734723475976807e-18,0.018845326377266575,0.93,0.065,0.005,0.0,0.0,0.0,17,0.4965344049438435,0.9526074356516715,0.5435678674983773,0.9799189810004098,0.16392821221922305,0.396510322572808,58.19536870323987,2.0901960784313722,1.9583333333333333,0.3902698037369489,0.41460051019038174,4,0.02,2,-0.011576119891718467,2,0.11764705882352941,0.745,0,3,182,1,0,0,14,0,200,,0.03287977376379267,0.3433635059488588,0.01,0.0027466581335444384,0.0357217617161768,artifacts/runs/residual_ppo/1,ppo,10000000,final,10010624,6cedd5d9a1fbf7eabafa9ca6146ab19ce81fdab2,19cdad00d93d6be4a86cfe04718de10a5c258cf4c8f4a801437a495be5d5fc86,d706560de93355a04d130211968afc8ccf20e7443dc3b03da0206c0a4414e00c,1b3a12e22cb8c40d526d1e4a68f00be1afbfa8fd7e118c33d247e18d51339b5a,ad2b2662bdcf6a313c9ca4eb821568d3cee96a7db386ac524dfba4f6d6e9506d,831eb1b8655ac92e1cf3d4907822d4b7f192380179868871581e48397b2a3421,ResidualPolicy,False,jonswap,jonswap,3.12.3,2.5.2,2.13.0,2.9.0,1.3.0,3.2.7,e9fa15cc35312a5c1ecf0c42668a690b5061c090,7ebad1ecabd28a7000add2d05f888aa2e837c2cc,c7fbdcc4df48bd4a2cfe21811613e5e50e3e4868822fe6dddd13745d96692118,b98d65cc5e34337369dcd4d69d63651cc2c99c19e8494199e8b5ec9e06c8b87f,3ee7e46399aea60603c767e0a604e79e7db233924ce71fe027a1ccc1623b7eb0,7beb41daec3d6a34c6da7696c56a982667957298f017ebe137829282b6ce7985,e6f30e55e478d39061b94e38de33959ca99b16e8cac38a3bd99b34f6543ad4a2,20260924,1.5,kinematic,noise,sigma4cm_lat2step,jonswap,strict,25.0,True,0.04,0.2,66.7,2,66.66666666666667,30.0,,e6f30e55e478d39061b94e38de33959ca99b16e8cac38a3bd99b34f6543ad4a2
residual_ppo,False,1,aft,id,SS6,200,0,0.0,1.734723475976807e-18,0.018845326377266575,0.94,0.04,0.02,0.0,0.0,0.0,18,0.6310449891103138,0.9883161923499864,0.6888574278594778,0.9110555962929576,0.21941953525566732,0.45011927925956163,53.90292059475294,2.0412037037037036,1.9354166666666668,0.38638718297021457,0.4118111262904378,6,0.03,3,-0.006892652407389007,2,0.1111111111111111,0.0,0,4,183,1,0,0,12,0,200,,0.03101952264561239,0.32799765130178804,0.01,0.0027466581335444384,0.0357217617161768,artifacts/runs/residual_ppo/1,ppo,10000000,final,10010624,6cedd5d9a1fbf7eabafa9ca6146ab19ce81fdab2,19cdad00d93d6be4a86cfe04718de10a5c258cf4c8f4a801437a495be5d5fc86,d706560de93355a04d130211968afc8ccf20e7443dc3b03da0206c0a4414e00c,1b3a12e22cb8c40d526d1e4a68f00be1afbfa8fd7e118c33d247e18d51339b5a,ad2b2662bdcf6a313c9ca4eb821568d3cee96a7db386ac524dfba4f6d6e9506d,831eb1b8655ac92e1cf3d4907822d4b7f192380179868871581e48397b2a3421,ResidualPolicy,False,jonswap,jonswap,3.12.3,2.5.2,2.13.0,2.9.0,1.3.0,3.2.7,e9fa15cc35312a5c1ecf0c42668a690b5061c090,7ebad1ecabd28a7000add2d05f888aa2e837c2cc,c7fbdcc4df48bd4a2cfe21811613e5e50e3e4868822fe6dddd13745d96692118,b98d65cc5e34337369dcd4d69d63651cc2c99c19e8494199e8b5ec9e06c8b87f,3ee7e46399aea60603c767e0a604e79e7db233924ce71fe027a1ccc1623b7eb0,7beb41daec3d6a34c6da7696c56a982667957298f017ebe137829282b6ce7985,e6f30e55e478d39061b94e38de33959ca99b16e8cac38a3bd99b34f6543ad4a2,20260924,1.5,kinematic,noise,sigma4cm_lat2step,jonswap,strict,25.0,True,0.04,0.2,66.7,2,66.66666666666667,30.0,,e6f30e55e478d39061b94e38de33959ca99b16e8cac38a3bd99b34f6543ad4a2
residual_ppo,False,2,aft,id,SS3,200,0,0.0,1.734723475976807e-18,0.018845326377266575,0.865,0.125,0.01,0.0,0.0,0.0,31,0.5284947153546906,0.8851769163403194,0.5300378508636145,0.8865587862784813,0.22028826637087642,0.34517719138368913,54.36747701140339,2.086693548387097,2.0625,0.38167212488348257,0.4169930125362111,7,0.035,3,-0.006715770792036923,30,0.967741935483871,0.755,0,3,170,0,0,0,27,0,200,,0.838058948352751,0.9942827784745831,0.15,0.10713593562241995,0.20605579284166659,artifacts/runs/residual_ppo/2,ppo,10000000,final,10010624,6cedd5d9a1fbf7eabafa9ca6146ab19ce81fdab2,19cdad00d93d6be4a86cfe04718de10a5c258cf4c8f4a801437a495be5d5fc86,d706560de93355a04d130211968afc8ccf20e7443dc3b03da0206c0a4414e00c,c0c86bfafa39418c1ad1ded80d005bcb2766eeb26afcd3c061d671c08d6a6760,7a948ffc92bc3c5ebc907068774b664aca2b9cd84bfd3816b3d5f0f4ef8dd43b,ad79d4285d88ce4ba85634730a71266fe684aec9d831ffa289236d16e2e61991,ResidualPolicy,False,jonswap,jonswap,3.12.3,2.5.2,2.13.0,2.9.0,1.3.0,3.2.7,e9fa15cc35312a5c1ecf0c42668a690b5061c090,7ebad1ecabd28a7000add2d05f888aa2e837c2cc,c7fbdcc4df48bd4a2cfe21811613e5e50e3e4868822fe6dddd13745d96692118,b98d65cc5e34337369dcd4d69d63651cc2c99c19e8494199e8b5ec9e06c8b87f,3ee7e46399aea60603c767e0a604e79e7db233924ce71fe027a1ccc1623b7eb0,7beb41daec3d6a34c6da7696c56a982667957298f017ebe137829282b6ce7985,e6f30e55e478d39061b94e38de33959ca99b16e8cac38a3bd99b34f6543ad4a2,20260924,1.5,kinematic,noise,sigma4cm_lat2step,jonswap,strict,25.0,True,0.04,0.2,66.7,2,66.66666666666667,30.0,,e6f30e55e478d39061b94e38de33959ca99b16e8cac38a3bd99b34f6543ad4a2
residual_ppo,False,2,aft,id,SS4,200,0,0.0,1.734723475976807e-18,0.018845326377266575,0.92,0.065,0.01,0.005,0.0,0.0,18,0.5353803625827704,0.9560522636675461,0.5475056217254295,0.9615555344794567,0.17657668534299403,0.3937978409020739,56.43993659132146,1.9412037037037035,1.9458333333333333,0.38612537351335374,0.4132188473375556,2,0.01,4,-0.009446698042187082,14,0.7777777777777778,0.75,0,1,182,1,0,0,16,0,200,,0.5478541568378739,0.9099907189139831,0.07,0.042152171828342806,0.11405480885610647,artifacts/runs/residual_ppo/2,ppo,10000000,final,10010624,6cedd5d9a1fbf7eabafa9ca6146ab19ce81fdab2,19cdad00d93d6be4a86cfe04718de10a5c258cf4c8f4a801437a495be5d5fc86,d706560de93355a04d130211968afc8ccf20e7443dc3b03da0206c0a4414e00c,c0c86bfafa39418c1ad1ded80d005bcb2766eeb26afcd3c061d671c08d6a6760,7a948ffc92bc3c5ebc907068774b664aca2b9cd84bfd3816b3d5f0f4ef8dd43b,ad79d4285d88ce4ba85634730a71266fe684aec9d831ffa289236d16e2e61991,ResidualPolicy,False,jonswap,jonswap,3.12.3,2.5.2,2.13.0,2.9.0,1.3.0,3.2.7,e9fa15cc35312a5c1ecf0c42668a690b5061c090,7ebad1ecabd28a7000add2d05f888aa2e837c2cc,c7fbdcc4df48bd4a2cfe21811613e5e50e3e4868822fe6dddd13745d96692118,b98d65cc5e34337369dcd4d69d63651cc2c99c19e8494199e8b5ec9e06c8b87f,3ee7e46399aea60603c767e0a604e79e7db233924ce71fe027a1ccc1623b7eb0,7beb41daec3d6a34c6da7696c56a982667957298f017ebe137829282b6ce7985,e6f30e55e478d39061b94e38de33959ca99b16e8cac38a3bd99b34f6543ad4a2,20260924,1.5,kinematic,noise,sigma4cm_lat2step,jonswap,strict,25.0,True,0.04,0.2,66.7,2,66.66666666666667,30.0,,e6f30e55e478d39061b94e38de33959ca99b16e8cac38a3bd99b34f6543ad4a2
residual_ppo,False,2,aft,id,SS5,200,0,0.0,1.734723475976807e-18,0.018845326377266575,0.94,0.05,0.01,0.0,0.0,0.0,15,0.8417528298814979,1.113261076850972,0.8338681420432503,1.0714249234693105,0.1816849267847053,0.3013415233874165,43.69056639889976,1.8502777777777777,1.7874999999999999,0.405511516140608,0.4167763352834153,2,0.01,4,-0.007034122078053841,3,0.2,0.745,0,0,187,1,0,0,12,0,200,,0.07047549346981563,0.45185448715169363,0.015,0.00511423779325831,0.04316572879269026,artifacts/runs/residual_ppo/2,ppo,10000000,final,10010624,6cedd5d9a1fbf7eabafa9ca6146ab19ce81fdab2,19cdad00d93d6be4a86cfe04718de10a5c258cf4c8f4a801437a495be5d5fc86,d706560de93355a04d130211968afc8ccf20e7443dc3b03da0206c0a4414e00c,c0c86bfafa39418c1ad1ded80d005bcb2766eeb26afcd3c061d671c08d6a6760,7a948ffc92bc3c5ebc907068774b664aca2b9cd84bfd3816b3d5f0f4ef8dd43b,ad79d4285d88ce4ba85634730a71266fe684aec9d831ffa289236d16e2e61991,ResidualPolicy,False,jonswap,jonswap,3.12.3,2.5.2,2.13.0,2.9.0,1.3.0,3.2.7,e9fa15cc35312a5c1ecf0c42668a690b5061c090,7ebad1ecabd28a7000add2d05f888aa2e837c2cc,c7fbdcc4df48bd4a2cfe21811613e5e50e3e4868822fe6dddd13745d96692118,b98d65cc5e34337369dcd4d69d63651cc2c99c19e8494199e8b5ec9e06c8b87f,3ee7e46399aea60603c767e0a604e79e7db233924ce71fe027a1ccc1623b7eb0,7beb41daec3d6a34c6da7696c56a982667957298f017ebe137829282b6ce7985,e6f30e55e478d39061b94e38de33959ca99b16e8cac38a3bd99b34f6543ad4a2,20260924,1.5,kinematic,noise,sigma4cm_lat2step,jonswap,strict,25.0,True,0.04,0.2,66.7,2,66.66666666666667,30.0,,e6f30e55e478d39061b94e38de33959ca99b16e8cac38a3bd99b34f6543ad4a2
residual_ppo,False,2,aft,id,SS6,200,0,0.0,1.734723475976807e-18,0.018845326377266575,0.905,0.085,0.01,0.0,0.0,0.0,22,0.5748432677904184,0.8946504683639284,0.5611997959194084,0.805502008419266,0.1846185824989341,0.3052407973079817,54.8750413115869,2.0191287878787882,1.8958333333333333,0.39688396314635455,0.41206717439226886,3,0.015,2,-0.008706437187290552,1,0.045454545454545456,0.0,0,3,178,0,0,0,19,0,200,,0.00806942762126385,0.21798045838657332,0.005,0.0008831687156009814,0.02777370439789293,artifacts/runs/residual_ppo/2,ppo,10000000,final,10010624,6cedd5d9a1fbf7eabafa9ca6146ab19ce81fdab2,19cdad00d93d6be4a86cfe04718de10a5c258cf4c8f4a801437a495be5d5fc86,d706560de93355a04d130211968afc8ccf20e7443dc3b03da0206c0a4414e00c,c0c86bfafa39418c1ad1ded80d005bcb2766eeb26afcd3c061d671c08d6a6760,7a948ffc92bc3c5ebc907068774b664aca2b9cd84bfd3816b3d5f0f4ef8dd43b,ad79d4285d88ce4ba85634730a71266fe684aec9d831ffa289236d16e2e61991,ResidualPolicy,False,jonswap,jonswap,3.12.3,2.5.2,2.13.0,2.9.0,1.3.0,3.2.7,e9fa15cc35312a5c1ecf0c42668a690b5061c090,7ebad1ecabd28a7000add2d05f888aa2e837c2cc,c7fbdcc4df48bd4a2cfe21811613e5e50e3e4868822fe6dddd13745d96692118,b98d65cc5e34337369dcd4d69d63651cc2c99c19e8494199e8b5ec9e06c8b87f,3ee7e46399aea60603c767e0a604e79e7db233924ce71fe027a1ccc1623b7eb0,7beb41daec3d6a34c6da7696c56a982667957298f017ebe137829282b6ce7985,e6f30e55e478d39061b94e38de33959ca99b16e8cac38a3bd99b34f6543ad4a2,20260924,1.5,kinematic,noise,sigma4cm_lat2step,jonswap,strict,25.0,True,0.04,0.2,66.7,2,66.66666666666667,30.0,,e6f30e55e478d39061b94e38de33959ca99b16e8cac38a3bd99b34f6543ad4a2
residual_ppo,False,3,aft,id,SS3,200,0,0.0,1.734723475976807e-18,0.018845326377266575,0.93,0.065,0.005,0.0,0.0,0.0,18,0.5441665697452764,0.911420985342015,0.5382950013769243,0.8850277096912688,0.28991763605703846,0.4171007015125825,47.036631681816836,2.3305555555555557,2.2270833333333333,0.3718322013418974,0.41850347376135943,3,0.015,0,-0.004461974640483282,17,0.9444444444444444,0.755,0,3,183,0,0,0,14,0,200,,0.7424269921812741,0.990124809021697,0.085,0.05374575017747561,0.13189587071565567,artifacts/runs/residual_ppo/3,ppo,10000000,final,10010624,6cedd5d9a1fbf7eabafa9ca6146ab19ce81fdab2,19cdad00d93d6be4a86cfe04718de10a5c258cf4c8f4a801437a495be5d5fc86,d706560de93355a04d130211968afc8ccf20e7443dc3b03da0206c0a4414e00c,6470e1279334541aaa2df2af0a733534f42442adfdaaa93d0890efc8f7c05fe0,ca32f475846ab9f769c692dbcac664f2677232f74ab7d12208fb3c22b7e07fac,509e1b240700744a76a4c6c983d9a33838778a6ad7d93ebf028bdd2bb50815e2,ResidualPolicy,False,jonswap,jonswap,3.12.3,2.5.2,2.13.0,2.9.0,1.3.0,3.2.7,e9fa15cc35312a5c1ecf0c42668a690b5061c090,7ebad1ecabd28a7000add2d05f888aa2e837c2cc,c7fbdcc4df48bd4a2cfe21811613e5e50e3e4868822fe6dddd13745d96692118,b98d65cc5e34337369dcd4d69d63651cc2c99c19e8494199e8b5ec9e06c8b87f,3ee7e46399aea60603c767e0a604e79e7db233924ce71fe027a1ccc1623b7eb0,7beb41daec3d6a34c6da7696c56a982667957298f017ebe137829282b6ce7985,e6f30e55e478d39061b94e38de33959ca99b16e8cac38a3bd99b34f6543ad4a2,20260924,1.5,kinematic,noise,sigma4cm_lat2step,jonswap,strict,25.0,True,0.04,0.2,66.7,2,66.66666666666667,30.0,,e6f30e55e478d39061b94e38de33959ca99b16e8cac38a3bd99b34f6543ad4a2
residual_ppo,False,3,aft,id,SS4,200,0,0.0,1.734723475976807e-18,0.018845326377266575,0.95,0.04,0.01,0.0,0.0,0.0,14,0.6013393610408195,0.9427833593773296,0.5738998208040496,0.9474961267915483,0.18010433354271183,0.37458479276895057,48.18459931468173,2.5413690476190474,2.4958333333333336,0.3781989950615501,0.4111282211158431,3,0.015,2,-0.0065560931652910315,10,0.7142857142857143,0.75,0,2,188,0,0,0,10,0,200,,0.4535091567010681,0.8827862135542308,0.05,0.02738264560076393,0.08957814813877599,artifacts/runs/residual_ppo/3,ppo,10000000,final,10010624,6cedd5d9a1fbf7eabafa9ca6146ab19ce81fdab2,19cdad00d93d6be4a86cfe04718de10a5c258cf4c8f4a801437a495be5d5fc86,d706560de93355a04d130211968afc8ccf20e7443dc3b03da0206c0a4414e00c,6470e1279334541aaa2df2af0a733534f42442adfdaaa93d0890efc8f7c05fe0,ca32f475846ab9f769c692dbcac664f2677232f74ab7d12208fb3c22b7e07fac,509e1b240700744a76a4c6c983d9a33838778a6ad7d93ebf028bdd2bb50815e2,ResidualPolicy,False,jonswap,jonswap,3.12.3,2.5.2,2.13.0,2.9.0,1.3.0,3.2.7,e9fa15cc35312a5c1ecf0c42668a690b5061c090,7ebad1ecabd28a7000add2d05f888aa2e837c2cc,c7fbdcc4df48bd4a2cfe21811613e5e50e3e4868822fe6dddd13745d96692118,b98d65cc5e34337369dcd4d69d63651cc2c99c19e8494199e8b5ec9e06c8b87f,3ee7e46399aea60603c767e0a604e79e7db233924ce71fe027a1ccc1623b7eb0,7beb41daec3d6a34c6da7696c56a982667957298f017ebe137829282b6ce7985,e6f30e55e478d39061b94e38de33959ca99b16e8cac38a3bd99b34f6543ad4a2,20260924,1.5,kinematic,noise,sigma4cm_lat2step,jonswap,strict,25.0,True,0.04,0.2,66.7,2,66.66666666666667,30.0,,e6f30e55e478d39061b94e38de33959ca99b16e8cac38a3bd99b34f6543ad4a2
residual_ppo,False,3,aft,id,SS5,200,0,0.0,1.734723475976807e-18,0.018845326377266575,0.94,0.04,0.02,0.0,0.0,0.0,14,0.6000906925974003,0.8210174267305603,0.5428872018932038,0.8632124840931695,0.19867308855807841,0.4220816901805943,50.72700853527524,2.4020833333333327,2.41875,0.39313586415204993,0.4153285410943427,2,0.01,0,-0.0038858845838825352,5,0.35714285714285715,0.745,0,1,187,0,0,0,12,0,200,,0.1634473175355414,0.612355768960926,0.025,0.010724719651761264,0.05717834040664198,artifacts/runs/residual_ppo/3,ppo,10000000,final,10010624,6cedd5d9a1fbf7eabafa9ca6146ab19ce81fdab2,19cdad00d93d6be4a86cfe04718de10a5c258cf4c8f4a801437a495be5d5fc86,d706560de93355a04d130211968afc8ccf20e7443dc3b03da0206c0a4414e00c,6470e1279334541aaa2df2af0a733534f42442adfdaaa93d0890efc8f7c05fe0,ca32f475846ab9f769c692dbcac664f2677232f74ab7d12208fb3c22b7e07fac,509e1b240700744a76a4c6c983d9a33838778a6ad7d93ebf028bdd2bb50815e2,ResidualPolicy,False,jonswap,jonswap,3.12.3,2.5.2,2.13.0,2.9.0,1.3.0,3.2.7,e9fa15cc35312a5c1ecf0c42668a690b5061c090,7ebad1ecabd28a7000add2d05f888aa2e837c2cc,c7fbdcc4df48bd4a2cfe21811613e5e50e3e4868822fe6dddd13745d96692118,b98d65cc5e34337369dcd4d69d63651cc2c99c19e8494199e8b5ec9e06c8b87f,3ee7e46399aea60603c767e0a604e79e7db233924ce71fe027a1ccc1623b7eb0,7beb41daec3d6a34c6da7696c56a982667957298f017ebe137829282b6ce7985,e6f30e55e478d39061b94e38de33959ca99b16e8cac38a3bd99b34f6543ad4a2,20260924,1.5,kinematic,noise,sigma4cm_lat2step,jonswap,strict,25.0,True,0.04,0.2,66.7,2,66.66666666666667,30.0,,e6f30e55e478d39061b94e38de33959ca99b16e8cac38a3bd99b34f6543ad4a2
residual_ppo,False,3,aft,id,SS6,200,0,0.0,1.734723475976807e-18,0.018845326377266575,0.925,0.06,0.015,0.0,0.0,0.0,18,0.5519534073403448,0.9704213918345345,0.5181212264044468,1.0724961181730013,0.22294082349788855,0.3423690934141552,53.36391423259154,2.646990740740741,2.595833333333333,0.38787116588934806,0.41026376095030515,3,0.015,2,-0.009056109266444949,0,0.0,0.0,0,3,182,0,0,0,15,0,200,,0.0,0.17587922364665765,0.0,1.734723475976807e-18,0.018845326377266575,artifacts/runs/residual_ppo/3,ppo,10000000,final,10010624,6cedd5d9a1fbf7eabafa9ca6146ab19ce81fdab2,19cdad00d93d6be4a86cfe04718de10a5c258cf4c8f4a801437a495be5d5fc86,d706560de93355a04d130211968afc8ccf20e7443dc3b03da0206c0a4414e00c,6470e1279334541aaa2df2af0a733534f42442adfdaaa93d0890efc8f7c05fe0,ca32f475846ab9f769c692dbcac664f2677232f74ab7d12208fb3c22b7e07fac,509e1b240700744a76a4c6c983d9a33838778a6ad7d93ebf028bdd2bb50815e2,ResidualPolicy,False,jonswap,jonswap,3.12.3,2.5.2,2.13.0,2.9.0,1.3.0,3.2.7,e9fa15cc35312a5c1ecf0c42668a690b5061c090,7ebad1ecabd28a7000add2d05f888aa2e837c2cc,c7fbdcc4df48bd4a2cfe21811613e5e50e3e4868822fe6dddd13745d96692118,b98d65cc5e34337369dcd4d69d63651cc2c99c19e8494199e8b5ec9e06c8b87f,3ee7e46399aea60603c767e0a604e79e7db233924ce71fe027a1ccc1623b7eb0,7beb41daec3d6a34c6da7696c56a982667957298f017ebe137829282b6ce7985,e6f30e55e478d39061b94e38de33959ca99b16e8cac38a3bd99b34f6543ad4a2,20260924,1.5,kinematic,noise,sigma4cm_lat2step,jonswap,strict,25.0,True,0.04,0.2,66.7,2,66.66666666666667,30.0,,e6f30e55e478d39061b94e38de33959ca99b16e8cac38a3bd99b34f6543ad4a2
residual_ppo,False,4,aft,id,SS3,200,0,0.0,1.734723475976807e-18,0.018845326377266575,0.955,0.025,0.02,0.0,0.0,0.0,9,0.6979493018454273,0.8216305967090347,0.6855118931994437,0.8048804638319769,0.11509509658288113,0.33751563462087125,43.11166395654394,2.1722222222222225,1.9083333333333332,0.38881983376839463,0.42048530181499194,4,0.02,0,-0.0044173189152424,9,1.0,0.755,0,0,191,0,0,0,9,0,200,,0.7008549515804559,1.0,0.045,0.023852543001492997,0.0832967040018196,artifacts/runs/residual_ppo/4,ppo,10000000,final,10010624,6cedd5d9a1fbf7eabafa9ca6146ab19ce81fdab2,19cdad00d93d6be4a86cfe04718de10a5c258cf4c8f4a801437a495be5d5fc86,d706560de93355a04d130211968afc8ccf20e7443dc3b03da0206c0a4414e00c,ad2c8fbfd1b4cc695216dbdea711bcef287d65bcf37bfc13b77052919bc23e81,a117225dfe54a9f622dfe5254ef0a4fd9bab8f1ea93bda5925dea8ecf55b27dc,424451d859fd957d424c13883815d151bd0a5d18ffd1f6556642d24050fe5acc,ResidualPolicy,False,jonswap,jonswap,3.12.3,2.5.2,2.13.0,2.9.0,1.3.0,3.2.7,e9fa15cc35312a5c1ecf0c42668a690b5061c090,7ebad1ecabd28a7000add2d05f888aa2e837c2cc,c7fbdcc4df48bd4a2cfe21811613e5e50e3e4868822fe6dddd13745d96692118,b98d65cc5e34337369dcd4d69d63651cc2c99c19e8494199e8b5ec9e06c8b87f,3ee7e46399aea60603c767e0a604e79e7db233924ce71fe027a1ccc1623b7eb0,7beb41daec3d6a34c6da7696c56a982667957298f017ebe137829282b6ce7985,e6f30e55e478d39061b94e38de33959ca99b16e8cac38a3bd99b34f6543ad4a2,20260924,1.5,kinematic,noise,sigma4cm_lat2step,jonswap,strict,25.0,True,0.04,0.2,66.7,2,66.66666666666667,30.0,,e6f30e55e478d39061b94e38de33959ca99b16e8cac38a3bd99b34f6543ad4a2
residual_ppo,False,4,aft,id,SS4,200,0,0.0,1.734723475976807e-18,0.018845326377266575,0.945,0.045,0.01,0.0,0.0,0.0,13,0.6770526047245554,0.8767175994914712,0.7393647091535264,0.9471728004745111,0.17302323829574365,0.3743902262429497,51.149158716608234,1.9522435897435897,1.6708333333333334,0.39521289346265703,0.41774148778119774,4,0.02,0,-0.004943798413756797,8,0.6153846153846154,0.75,0,2,187,0,0,0,11,0,200,,0.355228915126657,0.8229029220223743,0.04,0.020405632066152306,0.07693206820093293,artifacts/runs/residual_ppo/4,ppo,10000000,final,10010624,6cedd5d9a1fbf7eabafa9ca6146ab19ce81fdab2,19cdad00d93d6be4a86cfe04718de10a5c258cf4c8f4a801437a495be5d5fc86,d706560de93355a04d130211968afc8ccf20e7443dc3b03da0206c0a4414e00c,ad2c8fbfd1b4cc695216dbdea711bcef287d65bcf37bfc13b77052919bc23e81,a117225dfe54a9f622dfe5254ef0a4fd9bab8f1ea93bda5925dea8ecf55b27dc,424451d859fd957d424c13883815d151bd0a5d18ffd1f6556642d24050fe5acc,ResidualPolicy,False,jonswap,jonswap,3.12.3,2.5.2,2.13.0,2.9.0,1.3.0,3.2.7,e9fa15cc35312a5c1ecf0c42668a690b5061c090,7ebad1ecabd28a7000add2d05f888aa2e837c2cc,c7fbdcc4df48bd4a2cfe21811613e5e50e3e4868822fe6dddd13745d96692118,b98d65cc5e34337369dcd4d69d63651cc2c99c19e8494199e8b5ec9e06c8b87f,3ee7e46399aea60603c767e0a604e79e7db233924ce71fe027a1ccc1623b7eb0,7beb41daec3d6a34c6da7696c56a982667957298f017ebe137829282b6ce7985,e6f30e55e478d39061b94e38de33959ca99b16e8cac38a3bd99b34f6543ad4a2,20260924,1.5,kinematic,noise,sigma4cm_lat2step,jonswap,strict,25.0,True,0.04,0.2,66.7,2,66.66666666666667,30.0,,e6f30e55e478d39061b94e38de33959ca99b16e8cac38a3bd99b34f6543ad4a2
residual_ppo,False,4,aft,id,SS5,200,0,0.0,1.734723475976807e-18,0.018845326377266575,0.945,0.05,0.005,0.0,0.0,0.0,15,0.8033071546727546,1.1311613252492594,0.7732498031506295,1.0911193865623365,0.19407961092460943,0.400170353156175,48.76137831889124,1.9336111111111112,1.9375,0.4046909647768858,0.4204903627226483,3,0.015,4,-0.01000013989674724,2,0.13333333333333333,0.745,0,3,185,1,0,0,11,0,200,,0.03736125910306537,0.37881982832322364,0.01,0.0027466581335444384,0.0357217617161768,artifacts/runs/residual_ppo/4,ppo,10000000,final,10010624,6cedd5d9a1fbf7eabafa9ca6146ab19ce81fdab2,19cdad00d93d6be4a86cfe04718de10a5c258cf4c8f4a801437a495be5d5fc86,d706560de93355a04d130211968afc8ccf20e7443dc3b03da0206c0a4414e00c,ad2c8fbfd1b4cc695216dbdea711bcef287d65bcf37bfc13b77052919bc23e81,a117225dfe54a9f622dfe5254ef0a4fd9bab8f1ea93bda5925dea8ecf55b27dc,424451d859fd957d424c13883815d151bd0a5d18ffd1f6556642d24050fe5acc,ResidualPolicy,False,jonswap,jonswap,3.12.3,2.5.2,2.13.0,2.9.0,1.3.0,3.2.7,e9fa15cc35312a5c1ecf0c42668a690b5061c090,7ebad1ecabd28a7000add2d05f888aa2e837c2cc,c7fbdcc4df48bd4a2cfe21811613e5e50e3e4868822fe6dddd13745d96692118,b98d65cc5e34337369dcd4d69d63651cc2c99c19e8494199e8b5ec9e06c8b87f,3ee7e46399aea60603c767e0a604e79e7db233924ce71fe027a1ccc1623b7eb0,7beb41daec3d6a34c6da7696c56a982667957298f017ebe137829282b6ce7985,e6f30e55e478d39061b94e38de33959ca99b16e8cac38a3bd99b34f6543ad4a2,20260924,1.5,kinematic,noise,sigma4cm_lat2step,jonswap,strict,25.0,True,0.04,0.2,66.7,2,66.66666666666667,30.0,,e6f30e55e478d39061b94e38de33959ca99b16e8cac38a3bd99b34f6543ad4a2
residual_ppo,False,4,aft,id,SS6,200,0,0.0,1.734723475976807e-18,0.018845326377266575,0.975,0.02,0.005,0.0,0.0,0.0,7,0.5201716978299082,0.8513879358802552,0.6066953725039897,0.8175491612557688,0.24923456654102555,0.3813004338168813,52.518058199461436,1.9851190476190477,1.9291666666666667,0.40709666249489573,0.41530908697466634,3,0.015,0,-0.004037178774091861,0,0.0,0.0,0,2,192,1,0,0,5,0,200,,5.551115123125783e-17,0.35433043506668743,0.0,1.734723475976807e-18,0.018845326377266575,artifacts/runs/residual_ppo/4,ppo,10000000,final,10010624,6cedd5d9a1fbf7eabafa9ca6146ab19ce81fdab2,19cdad00d93d6be4a86cfe04718de10a5c258cf4c8f4a801437a495be5d5fc86,d706560de93355a04d130211968afc8ccf20e7443dc3b03da0206c0a4414e00c,ad2c8fbfd1b4cc695216dbdea711bcef287d65bcf37bfc13b77052919bc23e81,a117225dfe54a9f622dfe5254ef0a4fd9bab8f1ea93bda5925dea8ecf55b27dc,424451d859fd957d424c13883815d151bd0a5d18ffd1f6556642d24050fe5acc,ResidualPolicy,False,jonswap,jonswap,3.12.3,2.5.2,2.13.0,2.9.0,1.3.0,3.2.7,e9fa15cc35312a5c1ecf0c42668a690b5061c090,7ebad1ecabd28a7000add2d05f888aa2e837c2cc,c7fbdcc4df48bd4a2cfe21811613e5e50e3e4868822fe6dddd13745d96692118,b98d65cc5e34337369dcd4d69d63651cc2c99c19e8494199e8b5ec9e06c8b87f,3ee7e46399aea60603c767e0a604e79e7db233924ce71fe027a1ccc1623b7eb0,7beb41daec3d6a34c6da7696c56a982667957298f017ebe137829282b6ce7985,e6f30e55e478d39061b94e38de33959ca99b16e8cac38a3bd99b34f6543ad4a2,20260924,1.5,kinematic,noise,sigma4cm_lat2step,jonswap,strict,25.0,True,0.04,0.2,66.7,2,66.66666666666667,30.0,,e6f30e55e478d39061b94e38de33959ca99b16e8cac38a3bd99b34f6543ad4a2
ppo_forecast,False,0,aft,id,SS3,200,174,0.87,0.8163364812775159,0.9097179772033067,0.0,0.01,0.035,0.085,0.87,0.0,200,0.3148138346277831,0.4559867563427079,0.31461441869596074,0.4534526487025271,0.033708745322629435,0.07493342428872493,13.799208116668712,1.5754791666666668,1.575,0.27079871418652,0.31922313846335926,0,0.0,2,-0.005597007951211441,189,0.945,0.755,0,0,0,0,0,180,20,0,200,,0.9042130012276914,0.9690146582965411,0.945,0.9042130012276914,0.9690146582965411,artifacts/runs/ppo_forecast/0,ppo,10000000,final,10010624,6cedd5d9a1fbf7eabafa9ca6146ab19ce81fdab2,b765176bb07227178386a716a339effffa4335b08c314bec5a9cbafe01e7a185,42c455437bb58f00f412e7608a10c1b947b234e7a40adfbbb3856c534a5e5e57,a4710fd3f0d36722335bd164a68da1eb99e52f1616d4c6621068ae3ec1473116,0d3e9fe15c11e3f72e195d8e355a49a6927d7d70128a0a74d92e3c780a267a77,d166e6244a3a0f74e35c109a7e7695957ea782495b722d3294fab78c6d06f846,ForecastPolicy,True,jonswap,jonswap,3.12.3,2.5.2,2.13.0,2.9.0,1.3.0,3.2.7,e9fa15cc35312a5c1ecf0c42668a690b5061c090,7ebad1ecabd28a7000add2d05f888aa2e837c2cc,c7fbdcc4df48bd4a2cfe21811613e5e50e3e4868822fe6dddd13745d96692118,b98d65cc5e34337369dcd4d69d63651cc2c99c19e8494199e8b5ec9e06c8b87f,3ee7e46399aea60603c767e0a604e79e7db233924ce71fe027a1ccc1623b7eb0,7beb41daec3d6a34c6da7696c56a982667957298f017ebe137829282b6ce7985,e6f30e55e478d39061b94e38de33959ca99b16e8cac38a3bd99b34f6543ad4a2,20260924,1.5,kinematic,noise,sigma4cm_lat2step,jonswap,strict,25.0,True,0.04,0.2,66.7,2,66.66666666666667,30.0,,e6f30e55e478d39061b94e38de33959ca99b16e8cac38a3bd99b34f6543ad4a2
ppo_forecast,False,0,aft,id,SS4,200,183,0.915,0.8681041292843443,0.9462542498225244,0.0,0.005,0.015,0.065,0.915,0.0,200,0.2841432494414835,0.44740557289851046,0.28455420177811186,0.4466225477425138,0.03779659011721465,0.07753720178459299,12.51183088940782,1.5783541666666667,1.5791666666666666,0.27215955511692497,0.3201633792680276,0,0.0,4,-0.0054455080429112995,141,0.705,0.75,0,0,0,0,0,187,13,0,200,,0.6384128547538122,0.7638605614315084,0.705,0.6384128547538122,0.7638605614315084,artifacts/runs/ppo_forecast/0,ppo,10000000,final,10010624,6cedd5d9a1fbf7eabafa9ca6146ab19ce81fdab2,b765176bb07227178386a716a339effffa4335b08c314bec5a9cbafe01e7a185,42c455437bb58f00f412e7608a10c1b947b234e7a40adfbbb3856c534a5e5e57,a4710fd3f0d36722335bd164a68da1eb99e52f1616d4c6621068ae3ec1473116,0d3e9fe15c11e3f72e195d8e355a49a6927d7d70128a0a74d92e3c780a267a77,d166e6244a3a0f74e35c109a7e7695957ea782495b722d3294fab78c6d06f846,ForecastPolicy,True,jonswap,jonswap,3.12.3,2.5.2,2.13.0,2.9.0,1.3.0,3.2.7,e9fa15cc35312a5c1ecf0c42668a690b5061c090,7ebad1ecabd28a7000add2d05f888aa2e837c2cc,c7fbdcc4df48bd4a2cfe21811613e5e50e3e4868822fe6dddd13745d96692118,b98d65cc5e34337369dcd4d69d63651cc2c99c19e8494199e8b5ec9e06c8b87f,3ee7e46399aea60603c767e0a604e79e7db233924ce71fe027a1ccc1623b7eb0,7beb41daec3d6a34c6da7696c56a982667957298f017ebe137829282b6ce7985,e6f30e55e478d39061b94e38de33959ca99b16e8cac38a3bd99b34f6543ad4a2,20260924,1.5,kinematic,noise,sigma4cm_lat2step,jonswap,strict,25.0,True,0.04,0.2,66.7,2,66.66666666666667,30.0,,e6f30e55e478d39061b94e38de33959ca99b16e8cac38a3bd99b34f6543ad4a2
ppo_forecast,False,0,aft,id,SS5,200,178,0.89,0.839073090026985,0.926227555398747,0.0,0.025,0.02,0.065,0.89,0.0,200,0.31061928124285243,0.4398718173335076,0.31145066201647537,0.4407151183990159,0.0331962455870216,0.08008265592416272,13.213231306527737,1.577520833333333,1.5729166666666665,0.2745849189987514,0.32048353218342585,1,0.005,6,-0.005823910439627938,66,0.33,0.745,0,0,0,0,0,182,18,0,200,,0.26857425870603957,0.39783315226223115,0.33,0.26857425870603957,0.39783315226223115,artifacts/runs/ppo_forecast/0,ppo,10000000,final,10010624,6cedd5d9a1fbf7eabafa9ca6146ab19ce81fdab2,b765176bb07227178386a716a339effffa4335b08c314bec5a9cbafe01e7a185,42c455437bb58f00f412e7608a10c1b947b234e7a40adfbbb3856c534a5e5e57,a4710fd3f0d36722335bd164a68da1eb99e52f1616d4c6621068ae3ec1473116,0d3e9fe15c11e3f72e195d8e355a49a6927d7d70128a0a74d92e3c780a267a77,d166e6244a3a0f74e35c109a7e7695957ea782495b722d3294fab78c6d06f846,ForecastPolicy,True,jonswap,jonswap,3.12.3,2.5.2,2.13.0,2.9.0,1.3.0,3.2.7,e9fa15cc35312a5c1ecf0c42668a690b5061c090,7ebad1ecabd28a7000add2d05f888aa2e837c2cc,c7fbdcc4df48bd4a2cfe21811613e5e50e3e4868822fe6dddd13745d96692118,b98d65cc5e34337369dcd4d69d63651cc2c99c19e8494199e8b5ec9e06c8b87f,3ee7e46399aea60603c767e0a604e79e7db233924ce71fe027a1ccc1623b7eb0,7beb41daec3d6a34c6da7696c56a982667957298f017ebe137829282b6ce7985,e6f30e55e478d39061b94e38de33959ca99b16e8cac38a3bd99b34f6543ad4a2,20260924,1.5,kinematic,noise,sigma4cm_lat2step,jonswap,strict,25.0,True,0.04,0.2,66.7,2,66.66666666666667,30.0,,e6f30e55e478d39061b94e38de33959ca99b16e8cac38a3bd99b34f6543ad4a2
ppo_forecast,False,0,aft,id,SS6,200,161,0.805,0.7445595562538726,0.8539447946559949,0.0,0.04,0.09,0.065,0.805,0.0,200,0.2990601453439224,0.46975811644269505,0.29412388588775507,0.4646868478426245,0.035570046345379275,0.09132232430201831,16.84543898598689,1.5940833333333333,1.5833333333333333,0.27856028181961856,0.3170190162200797,0,0.0,10,-0.00611044833424193,23,0.115,0.0,0,0,0,0,0,178,22,0,200,,0.07786373232561955,0.16664716898487572,0.115,0.07786373232561955,0.16664716898487572,artifacts/runs/ppo_forecast/0,ppo,10000000,final,10010624,6cedd5d9a1fbf7eabafa9ca6146ab19ce81fdab2,b765176bb07227178386a716a339effffa4335b08c314bec5a9cbafe01e7a185,42c455437bb58f00f412e7608a10c1b947b234e7a40adfbbb3856c534a5e5e57,a4710fd3f0d36722335bd164a68da1eb99e52f1616d4c6621068ae3ec1473116,0d3e9fe15c11e3f72e195d8e355a49a6927d7d70128a0a74d92e3c780a267a77,d166e6244a3a0f74e35c109a7e7695957ea782495b722d3294fab78c6d06f846,ForecastPolicy,True,jonswap,jonswap,3.12.3,2.5.2,2.13.0,2.9.0,1.3.0,3.2.7,e9fa15cc35312a5c1ecf0c42668a690b5061c090,7ebad1ecabd28a7000add2d05f888aa2e837c2cc,c7fbdcc4df48bd4a2cfe21811613e5e50e3e4868822fe6dddd13745d96692118,b98d65cc5e34337369dcd4d69d63651cc2c99c19e8494199e8b5ec9e06c8b87f,3ee7e46399aea60603c767e0a604e79e7db233924ce71fe027a1ccc1623b7eb0,7beb41daec3d6a34c6da7696c56a982667957298f017ebe137829282b6ce7985,e6f30e55e478d39061b94e38de33959ca99b16e8cac38a3bd99b34f6543ad4a2,20260924,1.5,kinematic,noise,sigma4cm_lat2step,jonswap,strict,25.0,True,0.04,0.2,66.7,2,66.66666666666667,30.0,,e6f30e55e478d39061b94e38de33959ca99b16e8cac38a3bd99b34f6543ad4a2
ppo_forecast,False,1,aft,id,SS3,200,187,0.935,0.8919809207009312,0.961623645350847,0.0,0.01,0.015,0.04,0.935,0.0,200,0.2702021197622711,0.4098187535359978,0.27132954485497573,0.41143878841226444,0.032615911897652505,0.08079285580443542,12.196737788775676,1.5251666666666666,1.5125,0.334852230491908,0.3157376797817384,0,0.0,2,-0.005353714408183358,190,0.95,0.755,0,0,0,0,0,190,10,0,200,,0.9104218518612239,0.972617354399236,0.95,0.9104218518612239,0.972617354399236,artifacts/runs/ppo_forecast/1,ppo,10000000,final,10010624,6cedd5d9a1fbf7eabafa9ca6146ab19ce81fdab2,b765176bb07227178386a716a339effffa4335b08c314bec5a9cbafe01e7a185,42c455437bb58f00f412e7608a10c1b947b234e7a40adfbbb3856c534a5e5e57,05c089bc199302f546b5515b78843df4ef149d56bd90ad7802366907ad0b6cf4,2117c9548c19077acfdaf36025f43e504b62bd6d85d67ff65ff437ab6f6e6ca8,3c666e83901862d15dd53ac47551989654d1aa286e709a208346e8abd81c5e47,ForecastPolicy,True,jonswap,jonswap,3.12.3,2.5.2,2.13.0,2.9.0,1.3.0,3.2.7,e9fa15cc35312a5c1ecf0c42668a690b5061c090,7ebad1ecabd28a7000add2d05f888aa2e837c2cc,c7fbdcc4df48bd4a2cfe21811613e5e50e3e4868822fe6dddd13745d96692118,b98d65cc5e34337369dcd4d69d63651cc2c99c19e8494199e8b5ec9e06c8b87f,3ee7e46399aea60603c767e0a604e79e7db233924ce71fe027a1ccc1623b7eb0,7beb41daec3d6a34c6da7696c56a982667957298f017ebe137829282b6ce7985,e6f30e55e478d39061b94e38de33959ca99b16e8cac38a3bd99b34f6543ad4a2,20260924,1.5,kinematic,noise,sigma4cm_lat2step,jonswap,strict,25.0,True,0.04,0.2,66.7,2,66.66666666666667,30.0,,e6f30e55e478d39061b94e38de33959ca99b16e8cac38a3bd99b34f6543ad4a2
ppo_forecast,False,1,aft,id,SS4,200,182,0.91,0.8622342812328346,0.9423125511378069,0.0,0.01,0.04,0.04,0.91,0.0,200,0.27674086908818796,0.4076760781068501,0.27587676800759975,0.4050850713367539,0.035139973313988146,0.08123555778432887,13.49357834992071,1.5271875,1.5229166666666667,0.33350972084147074,0.31294020171885517,0,0.0,3,-0.005730870602777187,139,0.695,0.75,0,0,0,0,0,191,9,0,200,,0.6280144790202163,0.7546358436926496,0.695,0.6280144790202163,0.7546358436926496,artifacts/runs/ppo_forecast/1,ppo,10000000,final,10010624,6cedd5d9a1fbf7eabafa9ca6146ab19ce81fdab2,b765176bb07227178386a716a339effffa4335b08c314bec5a9cbafe01e7a185,42c455437bb58f00f412e7608a10c1b947b234e7a40adfbbb3856c534a5e5e57,05c089bc199302f546b5515b78843df4ef149d56bd90ad7802366907ad0b6cf4,2117c9548c19077acfdaf36025f43e504b62bd6d85d67ff65ff437ab6f6e6ca8,3c666e83901862d15dd53ac47551989654d1aa286e709a208346e8abd81c5e47,ForecastPolicy,True,jonswap,jonswap,3.12.3,2.5.2,2.13.0,2.9.0,1.3.0,3.2.7,e9fa15cc35312a5c1ecf0c42668a690b5061c090,7ebad1ecabd28a7000add2d05f888aa2e837c2cc,c7fbdcc4df48bd4a2cfe21811613e5e50e3e4868822fe6dddd13745d96692118,b98d65cc5e34337369dcd4d69d63651cc2c99c19e8494199e8b5ec9e06c8b87f,3ee7e46399aea60603c767e0a604e79e7db233924ce71fe027a1ccc1623b7eb0,7beb41daec3d6a34c6da7696c56a982667957298f017ebe137829282b6ce7985,e6f30e55e478d39061b94e38de33959ca99b16e8cac38a3bd99b34f6543ad4a2,20260924,1.5,kinematic,noise,sigma4cm_lat2step,jonswap,strict,25.0,True,0.04,0.2,66.7,2,66.66666666666667,30.0,,e6f30e55e478d39061b94e38de33959ca99b16e8cac38a3bd99b34f6543ad4a2
ppo_forecast,False,1,aft,id,SS5,200,177,0.885,0.8333528310151243,0.9221362676743804,0.0,0.03,0.03,0.055,0.885,0.0,200,0.2689990443358291,0.41493449028654805,0.2749909255812456,0.4194550696290083,0.03423044729750217,0.09047829308701826,13.713724040335375,1.522625,1.525,0.3417078752709946,0.3151896653834533,0,0.0,6,-0.00541363115743591,64,0.32,0.745,0,0,0,0,0,185,15,0,200,,0.25926533315468053,0.38751898434113546,0.32,0.25926533315468053,0.38751898434113546,artifacts/runs/ppo_forecast/1,ppo,10000000,final,10010624,6cedd5d9a1fbf7eabafa9ca6146ab19ce81fdab2,b765176bb07227178386a716a339effffa4335b08c314bec5a9cbafe01e7a185,42c455437bb58f00f412e7608a10c1b947b234e7a40adfbbb3856c534a5e5e57,05c089bc199302f546b5515b78843df4ef149d56bd90ad7802366907ad0b6cf4,2117c9548c19077acfdaf36025f43e504b62bd6d85d67ff65ff437ab6f6e6ca8,3c666e83901862d15dd53ac47551989654d1aa286e709a208346e8abd81c5e47,ForecastPolicy,True,jonswap,jonswap,3.12.3,2.5.2,2.13.0,2.9.0,1.3.0,3.2.7,e9fa15cc35312a5c1ecf0c42668a690b5061c090,7ebad1ecabd28a7000add2d05f888aa2e837c2cc,c7fbdcc4df48bd4a2cfe21811613e5e50e3e4868822fe6dddd13745d96692118,b98d65cc5e34337369dcd4d69d63651cc2c99c19e8494199e8b5ec9e06c8b87f,3ee7e46399aea60603c767e0a604e79e7db233924ce71fe027a1ccc1623b7eb0,7beb41daec3d6a34c6da7696c56a982667957298f017ebe137829282b6ce7985,e6f30e55e478d39061b94e38de33959ca99b16e8cac38a3bd99b34f6543ad4a2,20260924,1.5,kinematic,noise,sigma4cm_lat2step,jonswap,strict,25.0,True,0.04,0.2,66.7,2,66.66666666666667,30.0,,e6f30e55e478d39061b94e38de33959ca99b16e8cac38a3bd99b34f6543ad4a2
ppo_forecast,False,1,aft,id,SS6,200,170,0.85,0.7939442071583334,0.89286406437758,0.0,0.005,0.06,0.085,0.85,0.0,200,0.2831381236520869,0.4422716121153091,0.2847060737831047,0.4480557275746432,0.0334202727047294,0.0776549275882083,14.533633309502573,1.5289999999999997,1.5208333333333333,0.3389111986432193,0.31459349780263035,0,0.0,7,-0.005781070729335975,22,0.11,0.0,0,0,0,0,0,177,23,0,200,,0.07377244460125303,0.1609269099730149,0.11,0.07377244460125303,0.1609269099730149,artifacts/runs/ppo_forecast/1,ppo,10000000,final,10010624,6cedd5d9a1fbf7eabafa9ca6146ab19ce81fdab2,b765176bb07227178386a716a339effffa4335b08c314bec5a9cbafe01e7a185,42c455437bb58f00f412e7608a10c1b947b234e7a40adfbbb3856c534a5e5e57,05c089bc199302f546b5515b78843df4ef149d56bd90ad7802366907ad0b6cf4,2117c9548c19077acfdaf36025f43e504b62bd6d85d67ff65ff437ab6f6e6ca8,3c666e83901862d15dd53ac47551989654d1aa286e709a208346e8abd81c5e47,ForecastPolicy,True,jonswap,jonswap,3.12.3,2.5.2,2.13.0,2.9.0,1.3.0,3.2.7,e9fa15cc35312a5c1ecf0c42668a690b5061c090,7ebad1ecabd28a7000add2d05f888aa2e837c2cc,c7fbdcc4df48bd4a2cfe21811613e5e50e3e4868822fe6dddd13745d96692118,b98d65cc5e34337369dcd4d69d63651cc2c99c19e8494199e8b5ec9e06c8b87f,3ee7e46399aea60603c767e0a604e79e7db233924ce71fe027a1ccc1623b7eb0,7beb41daec3d6a34c6da7696c56a982667957298f017ebe137829282b6ce7985,e6f30e55e478d39061b94e38de33959ca99b16e8cac38a3bd99b34f6543ad4a2,20260924,1.5,kinematic,noise,sigma4cm_lat2step,jonswap,strict,25.0,True,0.04,0.2,66.7,2,66.66666666666667,30.0,,e6f30e55e478d39061b94e38de33959ca99b16e8cac38a3bd99b34f6543ad4a2
ppo_forecast,False,2,aft,id,SS3,200,187,0.935,0.8919809207009312,0.961623645350847,0.0,0.01,0.005,0.05,0.935,0.0,200,0.2853703056513802,0.4135208382457782,0.28585411264459715,0.4123259533972107,0.034352495013500864,0.07041563919912026,11.244406886856453,1.5615208333333335,1.5479166666666666,0.2743780833448729,0.29665164814227557,0,0.0,8,-0.005920999308456851,191,0.955,0.755,0,0,0,0,0,189,11,0,200,,0.9167032959981803,0.976147456998507,0.955,0.9167032959981803,0.976147456998507,artifacts/runs/ppo_forecast/2,ppo,10000000,final,10010624,6cedd5d9a1fbf7eabafa9ca6146ab19ce81fdab2,b765176bb07227178386a716a339effffa4335b08c314bec5a9cbafe01e7a185,42c455437bb58f00f412e7608a10c1b947b234e7a40adfbbb3856c534a5e5e57,5f04c8068021148a640b3ea72d50804ed91a8fef2204945aeef111a8fe6ef28e,274a35a60429b7e46de492d5f1dbd8ab895cb7a0a6168c6ea51711676981edf5,a8733476d0039390a4865aa02ed85588b37c8925df766aa789b81f6229447507,ForecastPolicy,True,jonswap,jonswap,3.12.3,2.5.2,2.13.0,2.9.0,1.3.0,3.2.7,e9fa15cc35312a5c1ecf0c42668a690b5061c090,7ebad1ecabd28a7000add2d05f888aa2e837c2cc,c7fbdcc4df48bd4a2cfe21811613e5e50e3e4868822fe6dddd13745d96692118,b98d65cc5e34337369dcd4d69d63651cc2c99c19e8494199e8b5ec9e06c8b87f,3ee7e46399aea60603c767e0a604e79e7db233924ce71fe027a1ccc1623b7eb0,7beb41daec3d6a34c6da7696c56a982667957298f017ebe137829282b6ce7985,e6f30e55e478d39061b94e38de33959ca99b16e8cac38a3bd99b34f6543ad4a2,20260924,1.5,kinematic,noise,sigma4cm_lat2step,jonswap,strict,25.0,True,0.04,0.2,66.7,2,66.66666666666667,30.0,,e6f30e55e478d39061b94e38de33959ca99b16e8cac38a3bd99b34f6543ad4a2
ppo_forecast,False,2,aft,id,SS4,200,188,0.94,0.8980683070423372,0.9653478057456681,0.0,0.005,0.01,0.045,0.94,0.0,200,0.29173097889922983,0.4326733867538393,0.290454471359089,0.4325359149872458,0.03318505963947361,0.07133188425324959,11.913078260964252,1.5557916666666665,1.5541666666666667,0.2760147387560548,0.29555247119564837,0,0.0,6,-0.00974678860929002,141,0.705,0.75,0,0,0,0,0,189,11,0,200,,0.6384128547538122,0.7638605614315084,0.705,0.6384128547538122,0.7638605614315084,artifacts/runs/ppo_forecast/2,ppo,10000000,final,10010624,6cedd5d9a1fbf7eabafa9ca6146ab19ce81fdab2,b765176bb07227178386a716a339effffa4335b08c314bec5a9cbafe01e7a185,42c455437bb58f00f412e7608a10c1b947b234e7a40adfbbb3856c534a5e5e57,5f04c8068021148a640b3ea72d50804ed91a8fef2204945aeef111a8fe6ef28e,274a35a60429b7e46de492d5f1dbd8ab895cb7a0a6168c6ea51711676981edf5,a8733476d0039390a4865aa02ed85588b37c8925df766aa789b81f6229447507,ForecastPolicy,True,jonswap,jonswap,3.12.3,2.5.2,2.13.0,2.9.0,1.3.0,3.2.7,e9fa15cc35312a5c1ecf0c42668a690b5061c090,7ebad1ecabd28a7000add2d05f888aa2e837c2cc,c7fbdcc4df48bd4a2cfe21811613e5e50e3e4868822fe6dddd13745d96692118,b98d65cc5e34337369dcd4d69d63651cc2c99c19e8494199e8b5ec9e06c8b87f,3ee7e46399aea60603c767e0a604e79e7db233924ce71fe027a1ccc1623b7eb0,7beb41daec3d6a34c6da7696c56a982667957298f017ebe137829282b6ce7985,e6f30e55e478d39061b94e38de33959ca99b16e8cac38a3bd99b34f6543ad4a2,20260924,1.5,kinematic,noise,sigma4cm_lat2step,jonswap,strict,25.0,True,0.04,0.2,66.7,2,66.66666666666667,30.0,,e6f30e55e478d39061b94e38de33959ca99b16e8cac38a3bd99b34f6543ad4a2
ppo_forecast,False,2,aft,id,SS5,200,181,0.905,0.8563983883518006,0.9383368972826135,0.0,0.0,0.045,0.05,0.905,0.0,200,0.2720209138988855,0.4084755477647496,0.2774895161215443,0.4100113479032831,0.03299075656383281,0.07731067727015947,13.237780803658449,1.5638333333333332,1.5625,0.27773618376618303,0.2968548223001866,1,0.005,5,-0.006109577243929312,65,0.325,0.745,0,0,0,0,0,186,14,0,200,,0.2639157153923429,0.3926801488397004,0.325,0.2639157153923429,0.3926801488397004,artifacts/runs/ppo_forecast/2,ppo,10000000,final,10010624,6cedd5d9a1fbf7eabafa9ca6146ab19ce81fdab2,b765176bb07227178386a716a339effffa4335b08c314bec5a9cbafe01e7a185,42c455437bb58f00f412e7608a10c1b947b234e7a40adfbbb3856c534a5e5e57,5f04c8068021148a640b3ea72d50804ed91a8fef2204945aeef111a8fe6ef28e,274a35a60429b7e46de492d5f1dbd8ab895cb7a0a6168c6ea51711676981edf5,a8733476d0039390a4865aa02ed85588b37c8925df766aa789b81f6229447507,ForecastPolicy,True,jonswap,jonswap,3.12.3,2.5.2,2.13.0,2.9.0,1.3.0,3.2.7,e9fa15cc35312a5c1ecf0c42668a690b5061c090,7ebad1ecabd28a7000add2d05f888aa2e837c2cc,c7fbdcc4df48bd4a2cfe21811613e5e50e3e4868822fe6dddd13745d96692118,b98d65cc5e34337369dcd4d69d63651cc2c99c19e8494199e8b5ec9e06c8b87f,3ee7e46399aea60603c767e0a604e79e7db233924ce71fe027a1ccc1623b7eb0,7beb41daec3d6a34c6da7696c56a982667957298f017ebe137829282b6ce7985,e6f30e55e478d39061b94e38de33959ca99b16e8cac38a3bd99b34f6543ad4a2,20260924,1.5,kinematic,noise,sigma4cm_lat2step,jonswap,strict,25.0,True,0.04,0.2,66.7,2,66.66666666666667,30.0,,e6f30e55e478d39061b94e38de33959ca99b16e8cac38a3bd99b34f6543ad4a2
ppo_forecast,False,2,aft,id,SS6,200,165,0.825,0.7663556885175099,0.8713948493372666,0.0,0.04,0.09,0.045,0.825,0.0,200,0.2732335483505395,0.42846967853015633,0.28023643702357814,0.42959120086974006,0.036411340762797464,0.09406029618561122,16.881636224217726,1.5666666666666667,1.56875,0.28140306163201073,0.29437137646188233,0,0.0,14,-0.006606875907692973,22,0.11,0.0,0,0,0,0,0,184,16,0,200,,0.07377244460125303,0.1609269099730149,0.11,0.07377244460125303,0.1609269099730149,artifacts/runs/ppo_forecast/2,ppo,10000000,final,10010624,6cedd5d9a1fbf7eabafa9ca6146ab19ce81fdab2,b765176bb07227178386a716a339effffa4335b08c314bec5a9cbafe01e7a185,42c455437bb58f00f412e7608a10c1b947b234e7a40adfbbb3856c534a5e5e57,5f04c8068021148a640b3ea72d50804ed91a8fef2204945aeef111a8fe6ef28e,274a35a60429b7e46de492d5f1dbd8ab895cb7a0a6168c6ea51711676981edf5,a8733476d0039390a4865aa02ed85588b37c8925df766aa789b81f6229447507,ForecastPolicy,True,jonswap,jonswap,3.12.3,2.5.2,2.13.0,2.9.0,1.3.0,3.2.7,e9fa15cc35312a5c1ecf0c42668a690b5061c090,7ebad1ecabd28a7000add2d05f888aa2e837c2cc,c7fbdcc4df48bd4a2cfe21811613e5e50e3e4868822fe6dddd13745d96692118,b98d65cc5e34337369dcd4d69d63651cc2c99c19e8494199e8b5ec9e06c8b87f,3ee7e46399aea60603c767e0a604e79e7db233924ce71fe027a1ccc1623b7eb0,7beb41daec3d6a34c6da7696c56a982667957298f017ebe137829282b6ce7985,e6f30e55e478d39061b94e38de33959ca99b16e8cac38a3bd99b34f6543ad4a2,20260924,1.5,kinematic,noise,sigma4cm_lat2step,jonswap,strict,25.0,True,0.04,0.2,66.7,2,66.66666666666667,30.0,,e6f30e55e478d39061b94e38de33959ca99b16e8cac38a3bd99b34f6543ad4a2
ppo_forecast,False,3,aft,id,SS3,200,167,0.835,0.7773421846094045,0.8800314467178268,0.0,0.025,0.04,0.1,0.835,0.0,200,0.29543627345511403,0.4166860372732234,0.29815821728348735,0.4178674819329771,0.0351622366953781,0.0799064276003846,14.002269940353441,1.6076875000000002,1.6062500000000002,0.31074618210122984,0.3015107006452846,0,0.0,0,-0.004663980243132556,189,0.945,0.755,0,0,0,0,0,176,24,0,200,,0.9042130012276914,0.9690146582965411,0.945,0.9042130012276914,0.9690146582965411,artifacts/runs/ppo_forecast/3,ppo,10000000,final,10010624,6cedd5d9a1fbf7eabafa9ca6146ab19ce81fdab2,b765176bb07227178386a716a339effffa4335b08c314bec5a9cbafe01e7a185,42c455437bb58f00f412e7608a10c1b947b234e7a40adfbbb3856c534a5e5e57,1cb0e664020484704e31df0dffea6de2d0d245454b4822b09bebf74d33cb1412,f04f1806fde35791bd953b8f21d61c001486d3503c6091b6cf8274962140836e,e671d06950623e7ffdce4e1d39991cae8c19fdab70ac4ac26b0f6b2a95a7ad48,ForecastPolicy,True,jonswap,jonswap,3.12.3,2.5.2,2.13.0,2.9.0,1.3.0,3.2.7,e9fa15cc35312a5c1ecf0c42668a690b5061c090,7ebad1ecabd28a7000add2d05f888aa2e837c2cc,c7fbdcc4df48bd4a2cfe21811613e5e50e3e4868822fe6dddd13745d96692118,b98d65cc5e34337369dcd4d69d63651cc2c99c19e8494199e8b5ec9e06c8b87f,3ee7e46399aea60603c767e0a604e79e7db233924ce71fe027a1ccc1623b7eb0,7beb41daec3d6a34c6da7696c56a982667957298f017ebe137829282b6ce7985,e6f30e55e478d39061b94e38de33959ca99b16e8cac38a3bd99b34f6543ad4a2,20260924,1.5,kinematic,noise,sigma4cm_lat2step,jonswap,strict,25.0,True,0.04,0.2,66.7,2,66.66666666666667,30.0,,e6f30e55e478d39061b94e38de33959ca99b16e8cac38a3bd99b34f6543ad4a2
ppo_forecast,False,3,aft,id,SS4,200,176,0.88,0.8276574790170326,0.9180200729362449,0.0,0.015,0.01,0.095,0.88,0.0,200,0.29833726364589896,0.42584340935639653,0.3013772637020975,0.42850519121627983,0.0343370747439622,0.07826051350600247,13.791319556986325,1.6066041666666666,1.6041666666666667,0.30962072703286336,0.30266980904283797,0,0.0,5,-0.005734343543374402,139,0.695,0.75,0,0,0,0,0,179,21,0,200,,0.6280144790202163,0.7546358436926496,0.695,0.6280144790202163,0.7546358436926496,artifacts/runs/ppo_forecast/3,ppo,10000000,final,10010624,6cedd5d9a1fbf7eabafa9ca6146ab19ce81fdab2,b765176bb07227178386a716a339effffa4335b08c314bec5a9cbafe01e7a185,42c455437bb58f00f412e7608a10c1b947b234e7a40adfbbb3856c534a5e5e57,1cb0e664020484704e31df0dffea6de2d0d245454b4822b09bebf74d33cb1412,f04f1806fde35791bd953b8f21d61c001486d3503c6091b6cf8274962140836e,e671d06950623e7ffdce4e1d39991cae8c19fdab70ac4ac26b0f6b2a95a7ad48,ForecastPolicy,True,jonswap,jonswap,3.12.3,2.5.2,2.13.0,2.9.0,1.3.0,3.2.7,e9fa15cc35312a5c1ecf0c42668a690b5061c090,7ebad1ecabd28a7000add2d05f888aa2e837c2cc,c7fbdcc4df48bd4a2cfe21811613e5e50e3e4868822fe6dddd13745d96692118,b98d65cc5e34337369dcd4d69d63651cc2c99c19e8494199e8b5ec9e06c8b87f,3ee7e46399aea60603c767e0a604e79e7db233924ce71fe027a1ccc1623b7eb0,7beb41daec3d6a34c6da7696c56a982667957298f017ebe137829282b6ce7985,e6f30e55e478d39061b94e38de33959ca99b16e8cac38a3bd99b34f6543ad4a2,20260924,1.5,kinematic,noise,sigma4cm_lat2step,jonswap,strict,25.0,True,0.04,0.2,66.7,2,66.66666666666667,30.0,,e6f30e55e478d39061b94e38de33959ca99b16e8cac38a3bd99b34f6543ad4a2
ppo_forecast,False,3,aft,id,SS5,200,168,0.84,0.7828592983793289,0.8843258796841297,0.0,0.03,0.06,0.07,0.84,0.0,200,0.2717704336279427,0.43682236310974565,0.2732863148628133,0.43874010433392563,0.036768898854161194,0.08221724160303132,16.082757050077184,1.6087916666666666,1.61875,0.30962377552049497,0.3020296082648009,1,0.005,3,-0.005539202947265758,63,0.315,0.745,0,0,0,0,0,180,20,0,200,,0.2546232099022851,0.3823495608573036,0.315,0.2546232099022851,0.3823495608573036,artifacts/runs/ppo_forecast/3,ppo,10000000,final,10010624,6cedd5d9a1fbf7eabafa9ca6146ab19ce81fdab2,b765176bb07227178386a716a339effffa4335b08c314bec5a9cbafe01e7a185,42c455437bb58f00f412e7608a10c1b947b234e7a40adfbbb3856c534a5e5e57,1cb0e664020484704e31df0dffea6de2d0d245454b4822b09bebf74d33cb1412,f04f1806fde35791bd953b8f21d61c001486d3503c6091b6cf8274962140836e,e671d06950623e7ffdce4e1d39991cae8c19fdab70ac4ac26b0f6b2a95a7ad48,ForecastPolicy,True,jonswap,jonswap,3.12.3,2.5.2,2.13.0,2.9.0,1.3.0,3.2.7,e9fa15cc35312a5c1ecf0c42668a690b5061c090,7ebad1ecabd28a7000add2d05f888aa2e837c2cc,c7fbdcc4df48bd4a2cfe21811613e5e50e3e4868822fe6dddd13745d96692118,b98d65cc5e34337369dcd4d69d63651cc2c99c19e8494199e8b5ec9e06c8b87f,3ee7e46399aea60603c767e0a604e79e7db233924ce71fe027a1ccc1623b7eb0,7beb41daec3d6a34c6da7696c56a982667957298f017ebe137829282b6ce7985,e6f30e55e478d39061b94e38de33959ca99b16e8cac38a3bd99b34f6543ad4a2,20260924,1.5,kinematic,noise,sigma4cm_lat2step,jonswap,strict,25.0,True,0.04,0.2,66.7,2,66.66666666666667,30.0,,e6f30e55e478d39061b94e38de33959ca99b16e8cac38a3bd99b34f6543ad4a2
ppo_forecast,False,3,aft,id,SS6,200,159,0.795,0.7337430194757748,0.8451382379616379,0.0,0.03,0.1,0.075,0.795,0.0,200,0.293938347682253,0.43496989058592467,0.2942968461220804,0.4311593736841145,0.03629794967155729,0.08172317984064757,18.691803911201436,1.614708333333333,1.59375,0.3040216334021284,0.30469480097273305,0,0.0,14,-0.005816305579814579,23,0.115,0.0,0,0,0,0,0,176,24,0,200,,0.07786373232561955,0.16664716898487572,0.115,0.07786373232561955,0.16664716898487572,artifacts/runs/ppo_forecast/3,ppo,10000000,final,10010624,6cedd5d9a1fbf7eabafa9ca6146ab19ce81fdab2,b765176bb07227178386a716a339effffa4335b08c314bec5a9cbafe01e7a185,42c455437bb58f00f412e7608a10c1b947b234e7a40adfbbb3856c534a5e5e57,1cb0e664020484704e31df0dffea6de2d0d245454b4822b09bebf74d33cb1412,f04f1806fde35791bd953b8f21d61c001486d3503c6091b6cf8274962140836e,e671d06950623e7ffdce4e1d39991cae8c19fdab70ac4ac26b0f6b2a95a7ad48,ForecastPolicy,True,jonswap,jonswap,3.12.3,2.5.2,2.13.0,2.9.0,1.3.0,3.2.7,e9fa15cc35312a5c1ecf0c42668a690b5061c090,7ebad1ecabd28a7000add2d05f888aa2e837c2cc,c7fbdcc4df48bd4a2cfe21811613e5e50e3e4868822fe6dddd13745d96692118,b98d65cc5e34337369dcd4d69d63651cc2c99c19e8494199e8b5ec9e06c8b87f,3ee7e46399aea60603c767e0a604e79e7db233924ce71fe027a1ccc1623b7eb0,7beb41daec3d6a34c6da7696c56a982667957298f017ebe137829282b6ce7985,e6f30e55e478d39061b94e38de33959ca99b16e8cac38a3bd99b34f6543ad4a2,20260924,1.5,kinematic,noise,sigma4cm_lat2step,jonswap,strict,25.0,True,0.04,0.2,66.7,2,66.66666666666667,30.0,,e6f30e55e478d39061b94e38de33959ca99b16e8cac38a3bd99b34f6543ad4a2
ppo_forecast,False,4,aft,id,SS3,200,179,0.895,0.8448196800887696,0.9302925120731899,0.005,0.01,0.025,0.065,0.895,0.0,200,0.29262727712180114,0.43820243135001913,0.2932800408159512,0.4380283683266071,0.030712747276662834,0.08216214809191283,12.69339523296569,1.5892916666666668,1.5770833333333334,0.2764070028536896,0.3176087287421977,1,0.005,12,-0.006434273941322423,190,0.95,0.755,0,1,0,0,0,184,15,0,200,,0.9104218518612239,0.972617354399236,0.95,0.9104218518612239,0.972617354399236,artifacts/runs/ppo_forecast/4,ppo,10000000,final,10010624,6cedd5d9a1fbf7eabafa9ca6146ab19ce81fdab2,b765176bb07227178386a716a339effffa4335b08c314bec5a9cbafe01e7a185,42c455437bb58f00f412e7608a10c1b947b234e7a40adfbbb3856c534a5e5e57,c516a3324c8b088053d065321bcf5f97bbeddbd4068dad5f493c8251cd65873d,640a73a9613c3c177c3d92a9822ce3bfbd9daa77409cd507ea7b5865ec6b143d,1315c92f0f65250b57599e80eadbef22ea9839f0c1b6eca69ae835f592a19ff9,ForecastPolicy,True,jonswap,jonswap,3.12.3,2.5.2,2.13.0,2.9.0,1.3.0,3.2.7,e9fa15cc35312a5c1ecf0c42668a690b5061c090,7ebad1ecabd28a7000add2d05f888aa2e837c2cc,c7fbdcc4df48bd4a2cfe21811613e5e50e3e4868822fe6dddd13745d96692118,b98d65cc5e34337369dcd4d69d63651cc2c99c19e8494199e8b5ec9e06c8b87f,3ee7e46399aea60603c767e0a604e79e7db233924ce71fe027a1ccc1623b7eb0,7beb41daec3d6a34c6da7696c56a982667957298f017ebe137829282b6ce7985,e6f30e55e478d39061b94e38de33959ca99b16e8cac38a3bd99b34f6543ad4a2,20260924,1.5,kinematic,noise,sigma4cm_lat2step,jonswap,strict,25.0,True,0.04,0.2,66.7,2,66.66666666666667,30.0,,e6f30e55e478d39061b94e38de33959ca99b16e8cac38a3bd99b34f6543ad4a2
ppo_forecast,False,4,aft,id,SS4,200,174,0.87,0.8163364812775159,0.9097179772033067,0.0,0.045,0.03,0.055,0.87,0.0,200,0.2910285975989091,0.42239983384889085,0.29060203444133914,0.42189826801864583,0.032106804560175645,0.09448211097761205,13.400783193650728,1.5796875,1.5833333333333333,0.2801181765997686,0.3133356112164759,0,0.0,3,-0.0053483641690930716,137,0.685,0.75,0,0,0,0,0,185,15,0,200,,0.6176504391426966,0.745376790097715,0.685,0.6176504391426966,0.745376790097715,artifacts/runs/ppo_forecast/4,ppo,10000000,final,10010624,6cedd5d9a1fbf7eabafa9ca6146ab19ce81fdab2,b765176bb07227178386a716a339effffa4335b08c314bec5a9cbafe01e7a185,42c455437bb58f00f412e7608a10c1b947b234e7a40adfbbb3856c534a5e5e57,c516a3324c8b088053d065321bcf5f97bbeddbd4068dad5f493c8251cd65873d,640a73a9613c3c177c3d92a9822ce3bfbd9daa77409cd507ea7b5865ec6b143d,1315c92f0f65250b57599e80eadbef22ea9839f0c1b6eca69ae835f592a19ff9,ForecastPolicy,True,jonswap,jonswap,3.12.3,2.5.2,2.13.0,2.9.0,1.3.0,3.2.7,e9fa15cc35312a5c1ecf0c42668a690b5061c090,7ebad1ecabd28a7000add2d05f888aa2e837c2cc,c7fbdcc4df48bd4a2cfe21811613e5e50e3e4868822fe6dddd13745d96692118,b98d65cc5e34337369dcd4d69d63651cc2c99c19e8494199e8b5ec9e06c8b87f,3ee7e46399aea60603c767e0a604e79e7db233924ce71fe027a1ccc1623b7eb0,7beb41daec3d6a34c6da7696c56a982667957298f017ebe137829282b6ce7985,e6f30e55e478d39061b94e38de33959ca99b16e8cac38a3bd99b34f6543ad4a2,20260924,1.5,kinematic,noise,sigma4cm_lat2step,jonswap,strict,25.0,True,0.04,0.2,66.7,2,66.66666666666667,30.0,,e6f30e55e478d39061b94e38de33959ca99b16e8cac38a3bd99b34f6543ad4a2
ppo_forecast,False,4,aft,id,SS5,200,174,0.87,0.8163364812775159,0.9097179772033067,0.0,0.04,0.045,0.045,0.87,0.0,200,0.29241634385775334,0.43666237694186316,0.29338858716576477,0.45042258967987964,0.034654649860994674,0.0940844632616879,14.597562555904478,1.5983541666666667,1.5895833333333331,0.27950276729877077,0.3133513413934131,0,0.0,5,-0.006123493246378162,60,0.3,0.745,0,0,0,0,0,188,12,0,200,,0.24074744682371402,0.36679068372719265,0.3,0.24074744682371402,0.36679068372719265,artifacts/runs/ppo_forecast/4,ppo,10000000,final,10010624,6cedd5d9a1fbf7eabafa9ca6146ab19ce81fdab2,b765176bb07227178386a716a339effffa4335b08c314bec5a9cbafe01e7a185,42c455437bb58f00f412e7608a10c1b947b234e7a40adfbbb3856c534a5e5e57,c516a3324c8b088053d065321bcf5f97bbeddbd4068dad5f493c8251cd65873d,640a73a9613c3c177c3d92a9822ce3bfbd9daa77409cd507ea7b5865ec6b143d,1315c92f0f65250b57599e80eadbef22ea9839f0c1b6eca69ae835f592a19ff9,ForecastPolicy,True,jonswap,jonswap,3.12.3,2.5.2,2.13.0,2.9.0,1.3.0,3.2.7,e9fa15cc35312a5c1ecf0c42668a690b5061c090,7ebad1ecabd28a7000add2d05f888aa2e837c2cc,c7fbdcc4df48bd4a2cfe21811613e5e50e3e4868822fe6dddd13745d96692118,b98d65cc5e34337369dcd4d69d63651cc2c99c19e8494199e8b5ec9e06c8b87f,3ee7e46399aea60603c767e0a604e79e7db233924ce71fe027a1ccc1623b7eb0,7beb41daec3d6a34c6da7696c56a982667957298f017ebe137829282b6ce7985,e6f30e55e478d39061b94e38de33959ca99b16e8cac38a3bd99b34f6543ad4a2,20260924,1.5,kinematic,noise,sigma4cm_lat2step,jonswap,strict,25.0,True,0.04,0.2,66.7,2,66.66666666666667,30.0,,e6f30e55e478d39061b94e38de33959ca99b16e8cac38a3bd99b34f6543ad4a2
ppo_forecast,False,4,aft,id,SS6,200,166,0.83,0.7718411637168737,0.8757209208741302,0.005,0.04,0.075,0.05,0.83,0.0,199,0.28112205337626617,0.4449401198820573,0.2835144238335383,0.4419684774639176,0.0375955506510851,0.09034790908772315,17.19372653774764,1.607286432160804,1.5916666666666666,0.280441832960473,0.3105627244331158,2,0.01,19,-0.007376820604093642,22,0.11055276381909548,0.0,0,0,0,1,0,183,16,0,200,,0.07414910504008648,0.1617073076422171,0.11,0.07377244460125303,0.1609269099730149,artifacts/runs/ppo_forecast/4,ppo,10000000,final,10010624,6cedd5d9a1fbf7eabafa9ca6146ab19ce81fdab2,b765176bb07227178386a716a339effffa4335b08c314bec5a9cbafe01e7a185,42c455437bb58f00f412e7608a10c1b947b234e7a40adfbbb3856c534a5e5e57,c516a3324c8b088053d065321bcf5f97bbeddbd4068dad5f493c8251cd65873d,640a73a9613c3c177c3d92a9822ce3bfbd9daa77409cd507ea7b5865ec6b143d,1315c92f0f65250b57599e80eadbef22ea9839f0c1b6eca69ae835f592a19ff9,ForecastPolicy,True,jonswap,jonswap,3.12.3,2.5.2,2.13.0,2.9.0,1.3.0,3.2.7,e9fa15cc35312a5c1ecf0c42668a690b5061c090,7ebad1ecabd28a7000add2d05f888aa2e837c2cc,c7fbdcc4df48bd4a2cfe21811613e5e50e3e4868822fe6dddd13745d96692118,b98d65cc5e34337369dcd4d69d63651cc2c99c19e8494199e8b5ec9e06c8b87f,3ee7e46399aea60603c767e0a604e79e7db233924ce71fe027a1ccc1623b7eb0,7beb41daec3d6a34c6da7696c56a982667957298f017ebe137829282b6ce7985,e6f30e55e478d39061b94e38de33959ca99b16e8cac38a3bd99b34f6543ad4a2,20260924,1.5,kinematic,noise,sigma4cm_lat2step,jonswap,strict,25.0,True,0.04,0.2,66.7,2,66.66666666666667,30.0,,e6f30e55e478d39061b94e38de33959ca99b16e8cac38a3bd99b34f6543ad4a2
residual_ppo_forecast,False,0,aft,id,SS3,200,0,0.0,1.734723475976807e-18,0.018845326377266575,0.82,0.125,0.05,0.005,0.0,0.0,37,0.5144633269182974,0.9235548695720351,0.4994208458087572,0.9238151285566376,0.14828782191288475,0.2492527333258385,50.86854757917419,2.249662162162162,2.1708333333333334,0.33882037490408395,0.41984961639227847,5,0.025,3,-0.006195324106378875,34,0.918918918918919,0.755,0,0,164,0,0,0,36,0,200,,0.7869932065071162,0.9720394258995521,0.17,0.12427907912586969,0.22815883628312625,artifacts/runs/residual_ppo_forecast/0,ppo,10000000,final,10010624,6cedd5d9a1fbf7eabafa9ca6146ab19ce81fdab2,8276ee8f4e1baa91aa56b31aeb5b5f48aa8845c72939e13cf44ff4fb4e10b2e3,92671b2081ade69e3bda52d06309eb171c7b36b2303c8648d10c93d6591a4765,8642848a224023a069190ceba3a47a93e9d3884843f2a5d4c6ffb4daaac81522,05c683af2cfb1933e7265d6b306fbb2773a0f00e94f8deda7a8a4d729c4af0b4,7c465b02e74bbf27d5c42a8dfbc5bc735556cdcd8a22047f6d60070db40a21bc,ResidualForecastPolicy,True,jonswap,jonswap,3.12.3,2.5.2,2.13.0,2.9.0,1.3.0,3.2.7,e9fa15cc35312a5c1ecf0c42668a690b5061c090,7ebad1ecabd28a7000add2d05f888aa2e837c2cc,c7fbdcc4df48bd4a2cfe21811613e5e50e3e4868822fe6dddd13745d96692118,b98d65cc5e34337369dcd4d69d63651cc2c99c19e8494199e8b5ec9e06c8b87f,3ee7e46399aea60603c767e0a604e79e7db233924ce71fe027a1ccc1623b7eb0,7beb41daec3d6a34c6da7696c56a982667957298f017ebe137829282b6ce7985,e6f30e55e478d39061b94e38de33959ca99b16e8cac38a3bd99b34f6543ad4a2,20260924,1.5,kinematic,noise,sigma4cm_lat2step,jonswap,strict,25.0,True,0.04,0.2,66.7,2,66.66666666666667,30.0,,e6f30e55e478d39061b94e38de33959ca99b16e8cac38a3bd99b34f6543ad4a2
residual_ppo_forecast,False,0,aft,id,SS4,200,0,0.0,1.734723475976807e-18,0.018845326377266575,0.835,0.125,0.025,0.015,0.0,0.0,37,0.5243911059855978,0.8484366740465373,0.5196834800969973,0.8437555576403,0.17618586014940602,0.3062065013225023,52.12433837908027,2.6891891891891886,2.4416666666666664,0.3385067151589338,0.41528305286273204,8,0.04,3,-0.006093092686061621,28,0.7567567567567568,0.75,0,4,162,1,0,0,33,0,200,,0.5988270787855735,0.8663864701088361,0.14,0.09866982633455634,0.1948988086570756,artifacts/runs/residual_ppo_forecast/0,ppo,10000000,final,10010624,6cedd5d9a1fbf7eabafa9ca6146ab19ce81fdab2,8276ee8f4e1baa91aa56b31aeb5b5f48aa8845c72939e13cf44ff4fb4e10b2e3,92671b2081ade69e3bda52d06309eb171c7b36b2303c8648d10c93d6591a4765,8642848a224023a069190ceba3a47a93e9d3884843f2a5d4c6ffb4daaac81522,05c683af2cfb1933e7265d6b306fbb2773a0f00e94f8deda7a8a4d729c4af0b4,7c465b02e74bbf27d5c42a8dfbc5bc735556cdcd8a22047f6d60070db40a21bc,ResidualForecastPolicy,True,jonswap,jonswap,3.12.3,2.5.2,2.13.0,2.9.0,1.3.0,3.2.7,e9fa15cc35312a5c1ecf0c42668a690b5061c090,7ebad1ecabd28a7000add2d05f888aa2e837c2cc,c7fbdcc4df48bd4a2cfe21811613e5e50e3e4868822fe6dddd13745d96692118,b98d65cc5e34337369dcd4d69d63651cc2c99c19e8494199e8b5ec9e06c8b87f,3ee7e46399aea60603c767e0a604e79e7db233924ce71fe027a1ccc1623b7eb0,7beb41daec3d6a34c6da7696c56a982667957298f017ebe137829282b6ce7985,e6f30e55e478d39061b94e38de33959ca99b16e8cac38a3bd99b34f6543ad4a2,20260924,1.5,kinematic,noise,sigma4cm_lat2step,jonswap,strict,25.0,True,0.04,0.2,66.7,2,66.66666666666667,30.0,,e6f30e55e478d39061b94e38de33959ca99b16e8cac38a3bd99b34f6543ad4a2
residual_ppo_forecast,False,0,aft,id,SS5,200,0,0.0,1.734723475976807e-18,0.018845326377266575,0.81,0.16,0.03,0.0,0.0,0.0,44,0.5423716544587033,0.9495948515678103,0.5452867311673468,0.9810393098874828,0.1796778451172128,0.41809103993773,54.1948511048337,2.474621212121212,2.4145833333333333,0.3505325053545395,0.4180242683034773,9,0.045,8,-0.00909448884917886,12,0.2727272727272727,0.745,0,5,156,1,0,0,38,0,200,,0.16346381623843378,0.418488730924512,0.06,0.03465219425433187,0.1019316929576627,artifacts/runs/residual_ppo_forecast/0,ppo,10000000,final,10010624,6cedd5d9a1fbf7eabafa9ca6146ab19ce81fdab2,8276ee8f4e1baa91aa56b31aeb5b5f48aa8845c72939e13cf44ff4fb4e10b2e3,92671b2081ade69e3bda52d06309eb171c7b36b2303c8648d10c93d6591a4765,8642848a224023a069190ceba3a47a93e9d3884843f2a5d4c6ffb4daaac81522,05c683af2cfb1933e7265d6b306fbb2773a0f00e94f8deda7a8a4d729c4af0b4,7c465b02e74bbf27d5c42a8dfbc5bc735556cdcd8a22047f6d60070db40a21bc,ResidualForecastPolicy,True,jonswap,jonswap,3.12.3,2.5.2,2.13.0,2.9.0,1.3.0,3.2.7,e9fa15cc35312a5c1ecf0c42668a690b5061c090,7ebad1ecabd28a7000add2d05f888aa2e837c2cc,c7fbdcc4df48bd4a2cfe21811613e5e50e3e4868822fe6dddd13745d96692118,b98d65cc5e34337369dcd4d69d63651cc2c99c19e8494199e8b5ec9e06c8b87f,3ee7e46399aea60603c767e0a604e79e7db233924ce71fe027a1ccc1623b7eb0,7beb41daec3d6a34c6da7696c56a982667957298f017ebe137829282b6ce7985,e6f30e55e478d39061b94e38de33959ca99b16e8cac38a3bd99b34f6543ad4a2,20260924,1.5,kinematic,noise,sigma4cm_lat2step,jonswap,strict,25.0,True,0.04,0.2,66.7,2,66.66666666666667,30.0,,e6f30e55e478d39061b94e38de33959ca99b16e8cac38a3bd99b34f6543ad4a2
residual_ppo_forecast,False,0,aft,id,SS6,200,0,0.0,1.734723475976807e-18,0.018845326377266575,0.815,0.13,0.05,0.005,0.0,0.0,41,0.5894793609070667,1.050867700408482,0.5832387400011361,1.084409210738002,0.16851917236842037,0.33097122749628255,52.394489873793276,2.367174796747967,2.225,0.35649338514960177,0.413191187178126,3,0.015,3,-0.011585478011409188,1,0.024390243902439025,0.0,0,3,159,1,0,0,37,0,200,,0.004318531568912411,0.1259506205577423,0.005,0.0008831687156009814,0.02777370439789293,artifacts/runs/residual_ppo_forecast/0,ppo,10000000,final,10010624,6cedd5d9a1fbf7eabafa9ca6146ab19ce81fdab2,8276ee8f4e1baa91aa56b31aeb5b5f48aa8845c72939e13cf44ff4fb4e10b2e3,92671b2081ade69e3bda52d06309eb171c7b36b2303c8648d10c93d6591a4765,8642848a224023a069190ceba3a47a93e9d3884843f2a5d4c6ffb4daaac81522,05c683af2cfb1933e7265d6b306fbb2773a0f00e94f8deda7a8a4d729c4af0b4,7c465b02e74bbf27d5c42a8dfbc5bc735556cdcd8a22047f6d60070db40a21bc,ResidualForecastPolicy,True,jonswap,jonswap,3.12.3,2.5.2,2.13.0,2.9.0,1.3.0,3.2.7,e9fa15cc35312a5c1ecf0c42668a690b5061c090,7ebad1ecabd28a7000add2d05f888aa2e837c2cc,c7fbdcc4df48bd4a2cfe21811613e5e50e3e4868822fe6dddd13745d96692118,b98d65cc5e34337369dcd4d69d63651cc2c99c19e8494199e8b5ec9e06c8b87f,3ee7e46399aea60603c767e0a604e79e7db233924ce71fe027a1ccc1623b7eb0,7beb41daec3d6a34c6da7696c56a982667957298f017ebe137829282b6ce7985,e6f30e55e478d39061b94e38de33959ca99b16e8cac38a3bd99b34f6543ad4a2,20260924,1.5,kinematic,noise,sigma4cm_lat2step,jonswap,strict,25.0,True,0.04,0.2,66.7,2,66.66666666666667,30.0,,e6f30e55e478d39061b94e38de33959ca99b16e8cac38a3bd99b34f6543ad4a2
residual_ppo_forecast,False,1,aft,id,SS3,200,0,0.0,1.734723475976807e-18,0.018845326377266575,0.85,0.11,0.035,0.005,0.0,0.0,32,0.5857547744332252,1.000512973461006,0.6044750300902562,1.0077818785856634,0.1588792348676144,0.30533446699685735,56.02688966880301,2.4411458333333336,2.2020833333333334,0.3422274160062719,0.4241867946183345,8,0.04,5,-0.009333285171510589,32,1.0,0.755,0,1,168,1,0,0,30,0,200,,0.8928208017449293,1.0,0.16,0.1156741203158702,0.21714070162067106,artifacts/runs/residual_ppo_forecast/1,ppo,10000000,final,10010624,6cedd5d9a1fbf7eabafa9ca6146ab19ce81fdab2,8276ee8f4e1baa91aa56b31aeb5b5f48aa8845c72939e13cf44ff4fb4e10b2e3,92671b2081ade69e3bda52d06309eb171c7b36b2303c8648d10c93d6591a4765,129feb9da2bfce5ab1b169c5e7ee4956ca4b3dd890a44171f0265638cb35eed5,f008964eabf072d81045c92f413c7d29b561e5baf783aa2c8f121c77f04151f8,65ca46d9d2effab3b94ed2360a8e44cc66114dc6d71d1c8beee094459ae3d900,ResidualForecastPolicy,True,jonswap,jonswap,3.12.3,2.5.2,2.13.0,2.9.0,1.3.0,3.2.7,e9fa15cc35312a5c1ecf0c42668a690b5061c090,7ebad1ecabd28a7000add2d05f888aa2e837c2cc,c7fbdcc4df48bd4a2cfe21811613e5e50e3e4868822fe6dddd13745d96692118,b98d65cc5e34337369dcd4d69d63651cc2c99c19e8494199e8b5ec9e06c8b87f,3ee7e46399aea60603c767e0a604e79e7db233924ce71fe027a1ccc1623b7eb0,7beb41daec3d6a34c6da7696c56a982667957298f017ebe137829282b6ce7985,e6f30e55e478d39061b94e38de33959ca99b16e8cac38a3bd99b34f6543ad4a2,20260924,1.5,kinematic,noise,sigma4cm_lat2step,jonswap,strict,25.0,True,0.04,0.2,66.7,2,66.66666666666667,30.0,,e6f30e55e478d39061b94e38de33959ca99b16e8cac38a3bd99b34f6543ad4a2
residual_ppo_forecast,False,1,aft,id,SS4,200,1,0.005,0.0008831687156009814,0.02777370439789293,0.845,0.115,0.03,0.005,0.005,0.0,38,0.5245712719797244,0.8049589937147597,0.510397595093669,0.8046859489341973,0.18129657049499884,0.33080039760811564,50.64211837878668,2.6581140350877193,2.4791666666666665,0.3430576989595926,0.41943895480432003,5,0.025,4,-0.006786557906318223,24,0.631578947368421,0.75,0,5,164,0,0,1,30,0,200,,0.47283959557009003,0.7661578075284404,0.12,0.08197992706375512,0.17234252098296743,artifacts/runs/residual_ppo_forecast/1,ppo,10000000,final,10010624,6cedd5d9a1fbf7eabafa9ca6146ab19ce81fdab2,8276ee8f4e1baa91aa56b31aeb5b5f48aa8845c72939e13cf44ff4fb4e10b2e3,92671b2081ade69e3bda52d06309eb171c7b36b2303c8648d10c93d6591a4765,129feb9da2bfce5ab1b169c5e7ee4956ca4b3dd890a44171f0265638cb35eed5,f008964eabf072d81045c92f413c7d29b561e5baf783aa2c8f121c77f04151f8,65ca46d9d2effab3b94ed2360a8e44cc66114dc6d71d1c8beee094459ae3d900,ResidualForecastPolicy,True,jonswap,jonswap,3.12.3,2.5.2,2.13.0,2.9.0,1.3.0,3.2.7,e9fa15cc35312a5c1ecf0c42668a690b5061c090,7ebad1ecabd28a7000add2d05f888aa2e837c2cc,c7fbdcc4df48bd4a2cfe21811613e5e50e3e4868822fe6dddd13745d96692118,b98d65cc5e34337369dcd4d69d63651cc2c99c19e8494199e8b5ec9e06c8b87f,3ee7e46399aea60603c767e0a604e79e7db233924ce71fe027a1ccc1623b7eb0,7beb41daec3d6a34c6da7696c56a982667957298f017ebe137829282b6ce7985,e6f30e55e478d39061b94e38de33959ca99b16e8cac38a3bd99b34f6543ad4a2,20260924,1.5,kinematic,noise,sigma4cm_lat2step,jonswap,strict,25.0,True,0.04,0.2,66.7,2,66.66666666666667,30.0,,e6f30e55e478d39061b94e38de33959ca99b16e8cac38a3bd99b34f6543ad4a2
residual_ppo_forecast,False,1,aft,id,SS5,200,0,0.0,1.734723475976807e-18,0.018845326377266575,0.865,0.095,0.035,0.005,0.0,0.0,30,0.5009459841814192,0.9618976705334266,0.5232734416933436,1.0779375327054785,0.14035443681087054,0.32962025080970225,52.01351478055557,2.703055555555556,2.65,0.349421152917748,0.4185949272457609,6,0.03,3,-0.007893680761318899,11,0.36666666666666664,0.745,0,3,169,1,0,0,27,0,200,,0.21873920806100708,0.5448643634520511,0.055,0.03098534170345884,0.0957869987723084,artifacts/runs/residual_ppo_forecast/1,ppo,10000000,final,10010624,6cedd5d9a1fbf7eabafa9ca6146ab19ce81fdab2,8276ee8f4e1baa91aa56b31aeb5b5f48aa8845c72939e13cf44ff4fb4e10b2e3,92671b2081ade69e3bda52d06309eb171c7b36b2303c8648d10c93d6591a4765,129feb9da2bfce5ab1b169c5e7ee4956ca4b3dd890a44171f0265638cb35eed5,f008964eabf072d81045c92f413c7d29b561e5baf783aa2c8f121c77f04151f8,65ca46d9d2effab3b94ed2360a8e44cc66114dc6d71d1c8beee094459ae3d900,ResidualForecastPolicy,True,jonswap,jonswap,3.12.3,2.5.2,2.13.0,2.9.0,1.3.0,3.2.7,e9fa15cc35312a5c1ecf0c42668a690b5061c090,7ebad1ecabd28a7000add2d05f888aa2e837c2cc,c7fbdcc4df48bd4a2cfe21811613e5e50e3e4868822fe6dddd13745d96692118,b98d65cc5e34337369dcd4d69d63651cc2c99c19e8494199e8b5ec9e06c8b87f,3ee7e46399aea60603c767e0a604e79e7db233924ce71fe027a1ccc1623b7eb0,7beb41daec3d6a34c6da7696c56a982667957298f017ebe137829282b6ce7985,e6f30e55e478d39061b94e38de33959ca99b16e8cac38a3bd99b34f6543ad4a2,20260924,1.5,kinematic,noise,sigma4cm_lat2step,jonswap,strict,25.0,True,0.04,0.2,66.7,2,66.66666666666667,30.0,,e6f30e55e478d39061b94e38de33959ca99b16e8cac38a3bd99b34f6543ad4a2
residual_ppo_forecast,False,1,aft,id,SS6,200,0,0.0,1.734723475976807e-18,0.018845326377266575,0.875,0.085,0.035,0.005,0.0,0.0,28,0.5590592296267821,0.9698783369167445,0.49144645263796005,0.964094878634545,0.12919986727661037,0.3193965880982521,45.75223533024213,2.6738095238095236,2.529166666666667,0.3482784727100825,0.416179975877363,5,0.025,3,-0.0074254542663597135,2,0.07142857142857142,0.0,0,3,172,0,0,0,25,0,200,,0.019812064115305755,0.22645362568399052,0.01,0.0027466581335444384,0.0357217617161768,artifacts/runs/residual_ppo_forecast/1,ppo,10000000,final,10010624,6cedd5d9a1fbf7eabafa9ca6146ab19ce81fdab2,8276ee8f4e1baa91aa56b31aeb5b5f48aa8845c72939e13cf44ff4fb4e10b2e3,92671b2081ade69e3bda52d06309eb171c7b36b2303c8648d10c93d6591a4765,129feb9da2bfce5ab1b169c5e7ee4956ca4b3dd890a44171f0265638cb35eed5,f008964eabf072d81045c92f413c7d29b561e5baf783aa2c8f121c77f04151f8,65ca46d9d2effab3b94ed2360a8e44cc66114dc6d71d1c8beee094459ae3d900,ResidualForecastPolicy,True,jonswap,jonswap,3.12.3,2.5.2,2.13.0,2.9.0,1.3.0,3.2.7,e9fa15cc35312a5c1ecf0c42668a690b5061c090,7ebad1ecabd28a7000add2d05f888aa2e837c2cc,c7fbdcc4df48bd4a2cfe21811613e5e50e3e4868822fe6dddd13745d96692118,b98d65cc5e34337369dcd4d69d63651cc2c99c19e8494199e8b5ec9e06c8b87f,3ee7e46399aea60603c767e0a604e79e7db233924ce71fe027a1ccc1623b7eb0,7beb41daec3d6a34c6da7696c56a982667957298f017ebe137829282b6ce7985,e6f30e55e478d39061b94e38de33959ca99b16e8cac38a3bd99b34f6543ad4a2,20260924,1.5,kinematic,noise,sigma4cm_lat2step,jonswap,strict,25.0,True,0.04,0.2,66.7,2,66.66666666666667,30.0,,e6f30e55e478d39061b94e38de33959ca99b16e8cac38a3bd99b34f6543ad4a2
residual_ppo_forecast,False,2,aft,id,SS3,200,0,0.0,1.734723475976807e-18,0.018845326377266575,0.9,0.08,0.01,0.01,0.0,0.0,24,0.6101048437345804,0.7638601019207928,0.6041625151739194,0.7701603384433219,0.1550644073025379,0.3517949248522026,53.10529570522125,2.386111111111111,2.40625,0.3440786455917065,0.4120266452859852,5,0.025,1,-0.005798494003424483,24,1.0,0.755,0,3,177,0,0,0,20,0,200,,0.8620237953250198,1.0,0.12,0.08197992706375512,0.17234252098296743,artifacts/runs/residual_ppo_forecast/2,ppo,10000000,final,10010624,6cedd5d9a1fbf7eabafa9ca6146ab19ce81fdab2,8276ee8f4e1baa91aa56b31aeb5b5f48aa8845c72939e13cf44ff4fb4e10b2e3,92671b2081ade69e3bda52d06309eb171c7b36b2303c8648d10c93d6591a4765,d8bcbef807158e47f88d1da56dfc022073da660ba81ffb023ed44e9a5833e125,aad11ac36d4e4af4e67a276248bbcd500b7b8d75473c3845b41551f2f298a16b,b6ea70e1fe6c0ec92e07af8c47788b29eb1d52a8aebe43f3254509fe4a1e290a,ResidualForecastPolicy,True,jonswap,jonswap,3.12.3,2.5.2,2.13.0,2.9.0,1.3.0,3.2.7,e9fa15cc35312a5c1ecf0c42668a690b5061c090,7ebad1ecabd28a7000add2d05f888aa2e837c2cc,c7fbdcc4df48bd4a2cfe21811613e5e50e3e4868822fe6dddd13745d96692118,b98d65cc5e34337369dcd4d69d63651cc2c99c19e8494199e8b5ec9e06c8b87f,3ee7e46399aea60603c767e0a604e79e7db233924ce71fe027a1ccc1623b7eb0,7beb41daec3d6a34c6da7696c56a982667957298f017ebe137829282b6ce7985,e6f30e55e478d39061b94e38de33959ca99b16e8cac38a3bd99b34f6543ad4a2,20260924,1.5,kinematic,noise,sigma4cm_lat2step,jonswap,strict,25.0,True,0.04,0.2,66.7,2,66.66666666666667,30.0,,e6f30e55e478d39061b94e38de33959ca99b16e8cac38a3bd99b34f6543ad4a2
residual_ppo_forecast,False,2,aft,id,SS4,200,0,0.0,1.734723475976807e-18,0.018845326377266575,0.875,0.105,0.02,0.0,0.0,0.0,27,0.5336926367009776,0.8591958972306932,0.5342825600375007,0.8584630195627496,0.15497420200558126,0.3106689272271805,56.69285986858489,2.5925925925925926,2.4208333333333334,0.3486212897903915,0.4050032810327254,3,0.015,3,-0.006454771995979502,15,0.5555555555555556,0.75,0,2,173,0,0,0,25,0,200,,0.3731302451322448,0.72414141822977,0.075,0.04597491718438201,0.12004361023629456,artifacts/runs/residual_ppo_forecast/2,ppo,10000000,final,10010624,6cedd5d9a1fbf7eabafa9ca6146ab19ce81fdab2,8276ee8f4e1baa91aa56b31aeb5b5f48aa8845c72939e13cf44ff4fb4e10b2e3,92671b2081ade69e3bda52d06309eb171c7b36b2303c8648d10c93d6591a4765,d8bcbef807158e47f88d1da56dfc022073da660ba81ffb023ed44e9a5833e125,aad11ac36d4e4af4e67a276248bbcd500b7b8d75473c3845b41551f2f298a16b,b6ea70e1fe6c0ec92e07af8c47788b29eb1d52a8aebe43f3254509fe4a1e290a,ResidualForecastPolicy,True,jonswap,jonswap,3.12.3,2.5.2,2.13.0,2.9.0,1.3.0,3.2.7,e9fa15cc35312a5c1ecf0c42668a690b5061c090,7ebad1ecabd28a7000add2d05f888aa2e837c2cc,c7fbdcc4df48bd4a2cfe21811613e5e50e3e4868822fe6dddd13745d96692118,b98d65cc5e34337369dcd4d69d63651cc2c99c19e8494199e8b5ec9e06c8b87f,3ee7e46399aea60603c767e0a604e79e7db233924ce71fe027a1ccc1623b7eb0,7beb41daec3d6a34c6da7696c56a982667957298f017ebe137829282b6ce7985,e6f30e55e478d39061b94e38de33959ca99b16e8cac38a3bd99b34f6543ad4a2,20260924,1.5,kinematic,noise,sigma4cm_lat2step,jonswap,strict,25.0,True,0.04,0.2,66.7,2,66.66666666666667,30.0,,e6f30e55e478d39061b94e38de33959ca99b16e8cac38a3bd99b34f6543ad4a2
residual_ppo_forecast,False,2,aft,id,SS5,200,0,0.0,1.734723475976807e-18,0.018845326377266575,0.91,0.065,0.025,0.0,0.0,0.0,20,0.6327582295310865,0.8182146565705218,0.5878064694006828,0.9245105056555857,0.15489551205611385,0.3397568257230859,43.96211183769737,2.39125,2.3833333333333333,0.3519274920368035,0.40801876836296175,3,0.015,1,-0.0061486986961436394,5,0.25,0.745,0,2,179,1,0,0,18,0,200,,0.11186170140766569,0.468700877618744,0.025,0.010724719651761264,0.05717834040664198,artifacts/runs/residual_ppo_forecast/2,ppo,10000000,final,10010624,6cedd5d9a1fbf7eabafa9ca6146ab19ce81fdab2,8276ee8f4e1baa91aa56b31aeb5b5f48aa8845c72939e13cf44ff4fb4e10b2e3,92671b2081ade69e3bda52d06309eb171c7b36b2303c8648d10c93d6591a4765,d8bcbef807158e47f88d1da56dfc022073da660ba81ffb023ed44e9a5833e125,aad11ac36d4e4af4e67a276248bbcd500b7b8d75473c3845b41551f2f298a16b,b6ea70e1fe6c0ec92e07af8c47788b29eb1d52a8aebe43f3254509fe4a1e290a,ResidualForecastPolicy,True,jonswap,jonswap,3.12.3,2.5.2,2.13.0,2.9.0,1.3.0,3.2.7,e9fa15cc35312a5c1ecf0c42668a690b5061c090,7ebad1ecabd28a7000add2d05f888aa2e837c2cc,c7fbdcc4df48bd4a2cfe21811613e5e50e3e4868822fe6dddd13745d96692118,b98d65cc5e34337369dcd4d69d63651cc2c99c19e8494199e8b5ec9e06c8b87f,3ee7e46399aea60603c767e0a604e79e7db233924ce71fe027a1ccc1623b7eb0,7beb41daec3d6a34c6da7696c56a982667957298f017ebe137829282b6ce7985,e6f30e55e478d39061b94e38de33959ca99b16e8cac38a3bd99b34f6543ad4a2,20260924,1.5,kinematic,noise,sigma4cm_lat2step,jonswap,strict,25.0,True,0.04,0.2,66.7,2,66.66666666666667,30.0,,e6f30e55e478d39061b94e38de33959ca99b16e8cac38a3bd99b34f6543ad4a2
residual_ppo_forecast,False,2,aft,id,SS6,200,0,0.0,1.734723475976807e-18,0.018845326377266575,0.875,0.11,0.015,0.0,0.0,0.0,26,0.46388348326239437,0.9379453770875785,0.45677200415499947,0.8873186284018332,0.17151749728200255,0.3167676017508838,49.51639574124551,2.7267628205128203,2.6875,0.35486026217397665,0.404420769585244,5,0.025,2,-0.00850409352275973,2,0.07692307692307693,0.0,0,0,175,0,0,0,25,0,200,,0.0213550884722762,0.2414155377162906,0.01,0.0027466581335444384,0.0357217617161768,artifacts/runs/residual_ppo_forecast/2,ppo,10000000,final,10010624,6cedd5d9a1fbf7eabafa9ca6146ab19ce81fdab2,8276ee8f4e1baa91aa56b31aeb5b5f48aa8845c72939e13cf44ff4fb4e10b2e3,92671b2081ade69e3bda52d06309eb171c7b36b2303c8648d10c93d6591a4765,d8bcbef807158e47f88d1da56dfc022073da660ba81ffb023ed44e9a5833e125,aad11ac36d4e4af4e67a276248bbcd500b7b8d75473c3845b41551f2f298a16b,b6ea70e1fe6c0ec92e07af8c47788b29eb1d52a8aebe43f3254509fe4a1e290a,ResidualForecastPolicy,True,jonswap,jonswap,3.12.3,2.5.2,2.13.0,2.9.0,1.3.0,3.2.7,e9fa15cc35312a5c1ecf0c42668a690b5061c090,7ebad1ecabd28a7000add2d05f888aa2e837c2cc,c7fbdcc4df48bd4a2cfe21811613e5e50e3e4868822fe6dddd13745d96692118,b98d65cc5e34337369dcd4d69d63651cc2c99c19e8494199e8b5ec9e06c8b87f,3ee7e46399aea60603c767e0a604e79e7db233924ce71fe027a1ccc1623b7eb0,7beb41daec3d6a34c6da7696c56a982667957298f017ebe137829282b6ce7985,e6f30e55e478d39061b94e38de33959ca99b16e8cac38a3bd99b34f6543ad4a2,20260924,1.5,kinematic,noise,sigma4cm_lat2step,jonswap,strict,25.0,True,0.04,0.2,66.7,2,66.66666666666667,30.0,,e6f30e55e478d39061b94e38de33959ca99b16e8cac38a3bd99b34f6543ad4a2
residual_ppo_forecast,False,3,aft,id,SS3,200,0,0.0,1.734723475976807e-18,0.018845326377266575,0.845,0.13,0.025,0.0,0.0,0.0,33,0.6206504134895636,1.1071641203991127,0.6208241615860799,1.1023244365266074,0.17655936656060195,0.38251737755189913,53.702359097908946,2.2781565656565657,2.1791666666666667,0.3808934425394218,0.4384066606379248,4,0.02,5,-0.00876598488551702,31,0.9393939393939394,0.755,0,2,167,0,0,0,31,0,200,,0.8039375519135219,0.9832191169128082,0.155,0.11139636927689314,0.21160690592342077,artifacts/runs/residual_ppo_forecast/3,ppo,10000000,final,10010624,6cedd5d9a1fbf7eabafa9ca6146ab19ce81fdab2,8276ee8f4e1baa91aa56b31aeb5b5f48aa8845c72939e13cf44ff4fb4e10b2e3,92671b2081ade69e3bda52d06309eb171c7b36b2303c8648d10c93d6591a4765,e0cac6a48fb9a003253bb0dd691ffdf645b079a0bbf9fda0f2eacf3d30811691,50c96efdb27e0015ebf0953295cfbb54ad6de05570c8ae3ab9be24609081e574,699a090ef8aa1265acb749dcf8b882f4eab461dc8075351943ee1c05c164ab99,ResidualForecastPolicy,True,jonswap,jonswap,3.12.3,2.5.2,2.13.0,2.9.0,1.3.0,3.2.7,e9fa15cc35312a5c1ecf0c42668a690b5061c090,7ebad1ecabd28a7000add2d05f888aa2e837c2cc,c7fbdcc4df48bd4a2cfe21811613e5e50e3e4868822fe6dddd13745d96692118,b98d65cc5e34337369dcd4d69d63651cc2c99c19e8494199e8b5ec9e06c8b87f,3ee7e46399aea60603c767e0a604e79e7db233924ce71fe027a1ccc1623b7eb0,7beb41daec3d6a34c6da7696c56a982667957298f017ebe137829282b6ce7985,e6f30e55e478d39061b94e38de33959ca99b16e8cac38a3bd99b34f6543ad4a2,20260924,1.5,kinematic,noise,sigma4cm_lat2step,jonswap,strict,25.0,True,0.04,0.2,66.7,2,66.66666666666667,30.0,,e6f30e55e478d39061b94e38de33959ca99b16e8cac38a3bd99b34f6543ad4a2
residual_ppo_forecast,False,3,aft,id,SS4,200,0,0.0,1.734723475976807e-18,0.018845326377266575,0.89,0.07,0.03,0.01,0.0,0.0,25,0.6097068865370217,0.8846671049984887,0.6379341613938326,0.8731649045574305,0.18662393595616994,0.3099607745273362,53.853161289766334,2.2826666666666666,2.3208333333333333,0.38477706294478337,0.4294943522037647,1,0.005,1,-0.00995609275212554,16,0.64,0.75,0,1,177,0,0,0,22,0,200,,0.44518497748164865,0.7975211922554178,0.08,0.049840585889759974,0.12598948826714396,artifacts/runs/residual_ppo_forecast/3,ppo,10000000,final,10010624,6cedd5d9a1fbf7eabafa9ca6146ab19ce81fdab2,8276ee8f4e1baa91aa56b31aeb5b5f48aa8845c72939e13cf44ff4fb4e10b2e3,92671b2081ade69e3bda52d06309eb171c7b36b2303c8648d10c93d6591a4765,e0cac6a48fb9a003253bb0dd691ffdf645b079a0bbf9fda0f2eacf3d30811691,50c96efdb27e0015ebf0953295cfbb54ad6de05570c8ae3ab9be24609081e574,699a090ef8aa1265acb749dcf8b882f4eab461dc8075351943ee1c05c164ab99,ResidualForecastPolicy,True,jonswap,jonswap,3.12.3,2.5.2,2.13.0,2.9.0,1.3.0,3.2.7,e9fa15cc35312a5c1ecf0c42668a690b5061c090,7ebad1ecabd28a7000add2d05f888aa2e837c2cc,c7fbdcc4df48bd4a2cfe21811613e5e50e3e4868822fe6dddd13745d96692118,b98d65cc5e34337369dcd4d69d63651cc2c99c19e8494199e8b5ec9e06c8b87f,3ee7e46399aea60603c767e0a604e79e7db233924ce71fe027a1ccc1623b7eb0,7beb41daec3d6a34c6da7696c56a982667957298f017ebe137829282b6ce7985,e6f30e55e478d39061b94e38de33959ca99b16e8cac38a3bd99b34f6543ad4a2,20260924,1.5,kinematic,noise,sigma4cm_lat2step,jonswap,strict,25.0,True,0.04,0.2,66.7,2,66.66666666666667,30.0,,e6f30e55e478d39061b94e38de33959ca99b16e8cac38a3bd99b34f6543ad4a2
residual_ppo_forecast,False,3,aft,id,SS5,200,0,0.0,1.734723475976807e-18,0.018845326377266575,0.855,0.1,0.045,0.0,0.0,0.0,33,0.4920891743882399,0.9563723049898422,0.4799146728856699,0.9780302837982705,0.20689939667307183,0.3765568434254725,53.643111896682825,2.0801767676767677,2.029166666666667,0.3925397845176174,0.4357851365934043,8,0.04,5,-0.008729938968293972,9,0.2727272727272727,0.745,0,3,167,1,0,0,29,0,200,,0.1506744088542064,0.44217559002872625,0.045,0.023852543001492997,0.0832967040018196,artifacts/runs/residual_ppo_forecast/3,ppo,10000000,final,10010624,6cedd5d9a1fbf7eabafa9ca6146ab19ce81fdab2,8276ee8f4e1baa91aa56b31aeb5b5f48aa8845c72939e13cf44ff4fb4e10b2e3,92671b2081ade69e3bda52d06309eb171c7b36b2303c8648d10c93d6591a4765,e0cac6a48fb9a003253bb0dd691ffdf645b079a0bbf9fda0f2eacf3d30811691,50c96efdb27e0015ebf0953295cfbb54ad6de05570c8ae3ab9be24609081e574,699a090ef8aa1265acb749dcf8b882f4eab461dc8075351943ee1c05c164ab99,ResidualForecastPolicy,True,jonswap,jonswap,3.12.3,2.5.2,2.13.0,2.9.0,1.3.0,3.2.7,e9fa15cc35312a5c1ecf0c42668a690b5061c090,7ebad1ecabd28a7000add2d05f888aa2e837c2cc,c7fbdcc4df48bd4a2cfe21811613e5e50e3e4868822fe6dddd13745d96692118,b98d65cc5e34337369dcd4d69d63651cc2c99c19e8494199e8b5ec9e06c8b87f,3ee7e46399aea60603c767e0a604e79e7db233924ce71fe027a1ccc1623b7eb0,7beb41daec3d6a34c6da7696c56a982667957298f017ebe137829282b6ce7985,e6f30e55e478d39061b94e38de33959ca99b16e8cac38a3bd99b34f6543ad4a2,20260924,1.5,kinematic,noise,sigma4cm_lat2step,jonswap,strict,25.0,True,0.04,0.2,66.7,2,66.66666666666667,30.0,,e6f30e55e478d39061b94e38de33959ca99b16e8cac38a3bd99b34f6543ad4a2
residual_ppo_forecast,False,3,aft,id,SS6,200,0,0.0,1.734723475976807e-18,0.018845326377266575,0.85,0.11,0.03,0.01,0.0,0.0,38,0.5607970856649329,0.9244800717957854,0.5779034236498757,0.9270600140976339,0.18073206207323123,0.29747870719586916,50.69069236153398,2.124232456140351,2.15625,0.3916269110796298,0.43465340971909305,6,0.03,4,-0.007512201915656778,5,0.13157894736842105,0.0,0,4,166,0,0,0,30,0,200,,0.05753867690120133,0.2732685944229131,0.025,0.010724719651761264,0.05717834040664198,artifacts/runs/residual_ppo_forecast/3,ppo,10000000,final,10010624,6cedd5d9a1fbf7eabafa9ca6146ab19ce81fdab2,8276ee8f4e1baa91aa56b31aeb5b5f48aa8845c72939e13cf44ff4fb4e10b2e3,92671b2081ade69e3bda52d06309eb171c7b36b2303c8648d10c93d6591a4765,e0cac6a48fb9a003253bb0dd691ffdf645b079a0bbf9fda0f2eacf3d30811691,50c96efdb27e0015ebf0953295cfbb54ad6de05570c8ae3ab9be24609081e574,699a090ef8aa1265acb749dcf8b882f4eab461dc8075351943ee1c05c164ab99,ResidualForecastPolicy,True,jonswap,jonswap,3.12.3,2.5.2,2.13.0,2.9.0,1.3.0,3.2.7,e9fa15cc35312a5c1ecf0c42668a690b5061c090,7ebad1ecabd28a7000add2d05f888aa2e837c2cc,c7fbdcc4df48bd4a2cfe21811613e5e50e3e4868822fe6dddd13745d96692118,b98d65cc5e34337369dcd4d69d63651cc2c99c19e8494199e8b5ec9e06c8b87f,3ee7e46399aea60603c767e0a604e79e7db233924ce71fe027a1ccc1623b7eb0,7beb41daec3d6a34c6da7696c56a982667957298f017ebe137829282b6ce7985,e6f30e55e478d39061b94e38de33959ca99b16e8cac38a3bd99b34f6543ad4a2,20260924,1.5,kinematic,noise,sigma4cm_lat2step,jonswap,strict,25.0,True,0.04,0.2,66.7,2,66.66666666666667,30.0,,e6f30e55e478d39061b94e38de33959ca99b16e8cac38a3bd99b34f6543ad4a2
residual_ppo_forecast,False,4,aft,id,SS3,200,0,0.0,1.734723475976807e-18,0.018845326377266575,0.855,0.11,0.035,0.0,0.0,0.0,30,0.6453232921229968,0.8876672334100527,0.6374191680549315,0.8851885447613939,0.1716946461043546,0.30028578178819937,50.37767179700516,2.8319444444444444,2.8041666666666667,0.3230640967297576,0.40519292507694765,6,0.03,7,-0.007240080203952064,27,0.9,0.755,0,1,170,0,0,0,29,0,200,,0.7437891742081593,0.9654001112526658,0.135,0.09446570454787906,0.18929138370752552,artifacts/runs/residual_ppo_forecast/4,ppo,10000000,final,10010624,6cedd5d9a1fbf7eabafa9ca6146ab19ce81fdab2,8276ee8f4e1baa91aa56b31aeb5b5f48aa8845c72939e13cf44ff4fb4e10b2e3,92671b2081ade69e3bda52d06309eb171c7b36b2303c8648d10c93d6591a4765,5927218ad237d36e64672b9d38e25e3d328803f5c4646623c19072e43b5d2763,0b7be3d802f56c6df8190de63634a287ed4dbaa8016d4ff9bb18ca779bcb457b,40643f3e6fba58edff7f05f77955cbb03f4466990a582eecfc035beb4e18043e,ResidualForecastPolicy,True,jonswap,jonswap,3.12.3,2.5.2,2.13.0,2.9.0,1.3.0,3.2.7,e9fa15cc35312a5c1ecf0c42668a690b5061c090,7ebad1ecabd28a7000add2d05f888aa2e837c2cc,c7fbdcc4df48bd4a2cfe21811613e5e50e3e4868822fe6dddd13745d96692118,b98d65cc5e34337369dcd4d69d63651cc2c99c19e8494199e8b5ec9e06c8b87f,3ee7e46399aea60603c767e0a604e79e7db233924ce71fe027a1ccc1623b7eb0,7beb41daec3d6a34c6da7696c56a982667957298f017ebe137829282b6ce7985,e6f30e55e478d39061b94e38de33959ca99b16e8cac38a3bd99b34f6543ad4a2,20260924,1.5,kinematic,noise,sigma4cm_lat2step,jonswap,strict,25.0,True,0.04,0.2,66.7,2,66.66666666666667,30.0,,e6f30e55e478d39061b94e38de33959ca99b16e8cac38a3bd99b34f6543ad4a2
residual_ppo_forecast,False,4,aft,id,SS4,200,0,0.0,1.734723475976807e-18,0.018845326377266575,0.865,0.105,0.025,0.005,0.0,0.0,28,0.6007596420494006,0.8742580054796171,0.5923344144872553,0.9221496199005478,0.14682485299282344,0.24952111182858716,51.229370054638444,2.9160714285714286,2.872916666666667,0.3318338766686062,0.3998925520601338,7,0.035,4,-0.005700887329116172,20,0.7142857142857143,0.75,0,1,172,0,0,0,27,0,200,,0.5294071156670428,0.8474600394333092,0.1,0.06567044866909588,0.1494058124327174,artifacts/runs/residual_ppo_forecast/4,ppo,10000000,final,10010624,6cedd5d9a1fbf7eabafa9ca6146ab19ce81fdab2,8276ee8f4e1baa91aa56b31aeb5b5f48aa8845c72939e13cf44ff4fb4e10b2e3,92671b2081ade69e3bda52d06309eb171c7b36b2303c8648d10c93d6591a4765,5927218ad237d36e64672b9d38e25e3d328803f5c4646623c19072e43b5d2763,0b7be3d802f56c6df8190de63634a287ed4dbaa8016d4ff9bb18ca779bcb457b,40643f3e6fba58edff7f05f77955cbb03f4466990a582eecfc035beb4e18043e,ResidualForecastPolicy,True,jonswap,jonswap,3.12.3,2.5.2,2.13.0,2.9.0,1.3.0,3.2.7,e9fa15cc35312a5c1ecf0c42668a690b5061c090,7ebad1ecabd28a7000add2d05f888aa2e837c2cc,c7fbdcc4df48bd4a2cfe21811613e5e50e3e4868822fe6dddd13745d96692118,b98d65cc5e34337369dcd4d69d63651cc2c99c19e8494199e8b5ec9e06c8b87f,3ee7e46399aea60603c767e0a604e79e7db233924ce71fe027a1ccc1623b7eb0,7beb41daec3d6a34c6da7696c56a982667957298f017ebe137829282b6ce7985,e6f30e55e478d39061b94e38de33959ca99b16e8cac38a3bd99b34f6543ad4a2,20260924,1.5,kinematic,noise,sigma4cm_lat2step,jonswap,strict,25.0,True,0.04,0.2,66.7,2,66.66666666666667,30.0,,e6f30e55e478d39061b94e38de33959ca99b16e8cac38a3bd99b34f6543ad4a2
residual_ppo_forecast,False,4,aft,id,SS5,200,0,0.0,1.734723475976807e-18,0.018845326377266575,0.885,0.07,0.035,0.01,0.0,0.0,23,0.6338700684852233,0.9536017528310751,0.6215906651386033,0.9577781580756614,0.1431134898559745,0.2732534582324861,47.676391585517315,2.7842391304347824,2.7416666666666667,0.3391408019862226,0.40291133005639934,5,0.025,4,-0.008760743889205662,8,0.34782608695652173,0.745,0,0,177,0,0,0,23,0,200,,0.1881127593879773,0.55109664622737,0.04,0.020405632066152306,0.07693206820093293,artifacts/runs/residual_ppo_forecast/4,ppo,10000000,final,10010624,6cedd5d9a1fbf7eabafa9ca6146ab19ce81fdab2,8276ee8f4e1baa91aa56b31aeb5b5f48aa8845c72939e13cf44ff4fb4e10b2e3,92671b2081ade69e3bda52d06309eb171c7b36b2303c8648d10c93d6591a4765,5927218ad237d36e64672b9d38e25e3d328803f5c4646623c19072e43b5d2763,0b7be3d802f56c6df8190de63634a287ed4dbaa8016d4ff9bb18ca779bcb457b,40643f3e6fba58edff7f05f77955cbb03f4466990a582eecfc035beb4e18043e,ResidualForecastPolicy,True,jonswap,jonswap,3.12.3,2.5.2,2.13.0,2.9.0,1.3.0,3.2.7,e9fa15cc35312a5c1ecf0c42668a690b5061c090,7ebad1ecabd28a7000add2d05f888aa2e837c2cc,c7fbdcc4df48bd4a2cfe21811613e5e50e3e4868822fe6dddd13745d96692118,b98d65cc5e34337369dcd4d69d63651cc2c99c19e8494199e8b5ec9e06c8b87f,3ee7e46399aea60603c767e0a604e79e7db233924ce71fe027a1ccc1623b7eb0,7beb41daec3d6a34c6da7696c56a982667957298f017ebe137829282b6ce7985,e6f30e55e478d39061b94e38de33959ca99b16e8cac38a3bd99b34f6543ad4a2,20260924,1.5,kinematic,noise,sigma4cm_lat2step,jonswap,strict,25.0,True,0.04,0.2,66.7,2,66.66666666666667,30.0,,e6f30e55e478d39061b94e38de33959ca99b16e8cac38a3bd99b34f6543ad4a2
residual_ppo_forecast,False,4,aft,id,SS6,200,0,0.0,1.734723475976807e-18,0.018845326377266575,0.875,0.075,0.045,0.005,0.0,0.0,27,0.5337362518415018,1.0209645771033908,0.5196967904678687,1.0513529115785858,0.11417756574107268,0.3278443362981789,54.24028580737796,2.5925925925925926,2.4416666666666664,0.3416677422424323,0.3991689525190953,2,0.01,4,-0.012387472849116005,1,0.037037037037037035,0.0,0,1,174,0,0,0,25,0,200,,0.006568145980785103,0.18283465933575843,0.005,0.0008831687156009814,0.02777370439789293,artifacts/runs/residual_ppo_forecast/4,ppo,10000000,final,10010624,6cedd5d9a1fbf7eabafa9ca6146ab19ce81fdab2,8276ee8f4e1baa91aa56b31aeb5b5f48aa8845c72939e13cf44ff4fb4e10b2e3,92671b2081ade69e3bda52d06309eb171c7b36b2303c8648d10c93d6591a4765,5927218ad237d36e64672b9d38e25e3d328803f5c4646623c19072e43b5d2763,0b7be3d802f56c6df8190de63634a287ed4dbaa8016d4ff9bb18ca779bcb457b,40643f3e6fba58edff7f05f77955cbb03f4466990a582eecfc035beb4e18043e,ResidualForecastPolicy,True,jonswap,jonswap,3.12.3,2.5.2,2.13.0,2.9.0,1.3.0,3.2.7,e9fa15cc35312a5c1ecf0c42668a690b5061c090,7ebad1ecabd28a7000add2d05f888aa2e837c2cc,c7fbdcc4df48bd4a2cfe21811613e5e50e3e4868822fe6dddd13745d96692118,b98d65cc5e34337369dcd4d69d63651cc2c99c19e8494199e8b5ec9e06c8b87f,3ee7e46399aea60603c767e0a604e79e7db233924ce71fe027a1ccc1623b7eb0,7beb41daec3d6a34c6da7696c56a982667957298f017ebe137829282b6ce7985,e6f30e55e478d39061b94e38de33959ca99b16e8cac38a3bd99b34f6543ad4a2,20260924,1.5,kinematic,noise,sigma4cm_lat2step,jonswap,strict,25.0,True,0.04,0.2,66.7,2,66.66666666666667,30.0,,e6f30e55e478d39061b94e38de33959ca99b16e8cac38a3bd99b34f6543ad4a2
ppo_sinusoid,False,0,aft,id,SS3,200,23,0.115,0.07786373232561955,0.16664716898487572,0.065,0.34,0.35,0.13,0.115,0.0,195,0.3760963790745226,0.6318051140044909,0.3837839518719119,0.6325821962861763,0.08025302753777382,0.33642023740753585,44.34715341175408,1.6177991452991451,1.6291666666666667,0.310103421712141,0.27589273781713497,10,0.05,34,-0.011933020332269327,183,0.9384615384615385,0.755,0,8,4,1,0,67,120,0,200,,0.895531183514045,0.9644504370905381,0.915,0.8681041292843443,0.9462542498225244,artifacts/runs/ppo_sinusoid/0,ppo,10000000,final,10010624,6cedd5d9a1fbf7eabafa9ca6146ab19ce81fdab2,0dd539e7ae526fb16bc5d9bcc631b27e1c01056314997b68563497482d3127ff,c760e6ae03ca75505ec61e191edc2174652ebec2e1a3472c11bc32a3dacad4c0,3e30abe049ed0bcc76314f1fcccd90b76d4ddb2765c4a092ffb98e523a3caf5d,af0451da40cb2a79146c1cad8e4631ed3c9ef8d7fc61342074ee4a6326a25841,b4b815011e763bf3b2959ed79210da69e117a802eb70a05290b3517660eaa2ab,LearnedPolicy,False,sinusoid,jonswap,3.12.3,2.5.2,2.13.0,2.9.0,1.3.0,3.2.7,e9fa15cc35312a5c1ecf0c42668a690b5061c090,7ebad1ecabd28a7000add2d05f888aa2e837c2cc,c7fbdcc4df48bd4a2cfe21811613e5e50e3e4868822fe6dddd13745d96692118,b98d65cc5e34337369dcd4d69d63651cc2c99c19e8494199e8b5ec9e06c8b87f,3ee7e46399aea60603c767e0a604e79e7db233924ce71fe027a1ccc1623b7eb0,7beb41daec3d6a34c6da7696c56a982667957298f017ebe137829282b6ce7985,e6f30e55e478d39061b94e38de33959ca99b16e8cac38a3bd99b34f6543ad4a2,20260924,1.5,kinematic,noise,sigma4cm_lat2step,jonswap,strict,25.0,True,0.04,0.2,66.7,2,66.66666666666667,30.0,,e6f30e55e478d39061b94e38de33959ca99b16e8cac38a3bd99b34f6543ad4a2
ppo_sinusoid,False,0,aft,id,SS4,200,47,0.235,0.18157433415232588,0.29841368882762537,0.09,0.275,0.295,0.105,0.235,0.0,194,0.38748445212885774,0.574401416858968,0.3881770505942159,0.5772755911566404,0.067493685654721,0.3174902552430128,41.996114378975875,1.6677620274914091,1.6624999999999999,0.30226041839154877,0.27587768701606047,12,0.06,49,-0.008904302863598928,135,0.6958762886597938,0.75,0,12,4,2,0,94,88,0,200,,0.627856928795522,0.7562890457288551,0.675,0.6073198511602996,0.7360842846076571,artifacts/runs/ppo_sinusoid/0,ppo,10000000,final,10010624,6cedd5d9a1fbf7eabafa9ca6146ab19ce81fdab2,0dd539e7ae526fb16bc5d9bcc631b27e1c01056314997b68563497482d3127ff,c760e6ae03ca75505ec61e191edc2174652ebec2e1a3472c11bc32a3dacad4c0,3e30abe049ed0bcc76314f1fcccd90b76d4ddb2765c4a092ffb98e523a3caf5d,af0451da40cb2a79146c1cad8e4631ed3c9ef8d7fc61342074ee4a6326a25841,b4b815011e763bf3b2959ed79210da69e117a802eb70a05290b3517660eaa2ab,LearnedPolicy,False,sinusoid,jonswap,3.12.3,2.5.2,2.13.0,2.9.0,1.3.0,3.2.7,e9fa15cc35312a5c1ecf0c42668a690b5061c090,7ebad1ecabd28a7000add2d05f888aa2e837c2cc,c7fbdcc4df48bd4a2cfe21811613e5e50e3e4868822fe6dddd13745d96692118,b98d65cc5e34337369dcd4d69d63651cc2c99c19e8494199e8b5ec9e06c8b87f,3ee7e46399aea60603c767e0a604e79e7db233924ce71fe027a1ccc1623b7eb0,7beb41daec3d6a34c6da7696c56a982667957298f017ebe137829282b6ce7985,e6f30e55e478d39061b94e38de33959ca99b16e8cac38a3bd99b34f6543ad4a2,20260924,1.5,kinematic,noise,sigma4cm_lat2step,jonswap,strict,25.0,True,0.04,0.2,66.7,2,66.66666666666667,30.0,,e6f30e55e478d39061b94e38de33959ca99b16e8cac38a3bd99b34f6543ad4a2
ppo_sinusoid,False,0,aft,id,SS5,200,40,0.2,0.15045200926098115,0.2608551865653788,0.075,0.345,0.27,0.11,0.2,0.0,193,0.3849723846244949,0.6277428005075186,0.3801305695257521,0.6255957259830961,0.08292573873017241,0.28942084381900446,42.32766875673781,1.6741364421416236,1.675,0.3038436102850359,0.27418511242283605,11,0.055,37,-0.009285639408980247,60,0.31088082901554404,0.745,0,8,5,2,0,93,92,0,200,,0.2498065977915629,0.3793365693168621,0.3,0.24074744682371402,0.36679068372719265,artifacts/runs/ppo_sinusoid/0,ppo,10000000,final,10010624,6cedd5d9a1fbf7eabafa9ca6146ab19ce81fdab2,0dd539e7ae526fb16bc5d9bcc631b27e1c01056314997b68563497482d3127ff,c760e6ae03ca75505ec61e191edc2174652ebec2e1a3472c11bc32a3dacad4c0,3e30abe049ed0bcc76314f1fcccd90b76d4ddb2765c4a092ffb98e523a3caf5d,af0451da40cb2a79146c1cad8e4631ed3c9ef8d7fc61342074ee4a6326a25841,b4b815011e763bf3b2959ed79210da69e117a802eb70a05290b3517660eaa2ab,LearnedPolicy,False,sinusoid,jonswap,3.12.3,2.5.2,2.13.0,2.9.0,1.3.0,3.2.7,e9fa15cc35312a5c1ecf0c42668a690b5061c090,7ebad1ecabd28a7000add2d05f888aa2e837c2cc,c7fbdcc4df48bd4a2cfe21811613e5e50e3e4868822fe6dddd13745d96692118,b98d65cc5e34337369dcd4d69d63651cc2c99c19e8494199e8b5ec9e06c8b87f,3ee7e46399aea60603c767e0a604e79e7db233924ce71fe027a1ccc1623b7eb0,7beb41daec3d6a34c6da7696c56a982667957298f017ebe137829282b6ce7985,e6f30e55e478d39061b94e38de33959ca99b16e8cac38a3bd99b34f6543ad4a2,20260924,1.5,kinematic,noise,sigma4cm_lat2step,jonswap,strict,25.0,True,0.04,0.2,66.7,2,66.66666666666667,30.0,,e6f30e55e478d39061b94e38de33959ca99b16e8cac38a3bd99b34f6543ad4a2
ppo_sinusoid,False,0,aft,id,SS6,200,44,0.22,0.16816538358833258,0.28238799918293667,0.07,0.295,0.285,0.13,0.22,0.0,192,0.3717128424080105,0.6574697051963095,0.3805516456289151,0.6507666639000068,0.07386523045518971,0.29031435056982774,41.74123980303606,1.6616753472222223,1.6770833333333335,0.3010406954170123,0.27711017909895264,14,0.07,50,-0.00858927389679546,22,0.11458333333333333,0.0,0,6,6,2,0,96,90,0,200,,0.07689746970711998,0.167389205386003,0.11,0.07377244460125303,0.1609269099730149,artifacts/runs/ppo_sinusoid/0,ppo,10000000,final,10010624,6cedd5d9a1fbf7eabafa9ca6146ab19ce81fdab2,0dd539e7ae526fb16bc5d9bcc631b27e1c01056314997b68563497482d3127ff,c760e6ae03ca75505ec61e191edc2174652ebec2e1a3472c11bc32a3dacad4c0,3e30abe049ed0bcc76314f1fcccd90b76d4ddb2765c4a092ffb98e523a3caf5d,af0451da40cb2a79146c1cad8e4631ed3c9ef8d7fc61342074ee4a6326a25841,b4b815011e763bf3b2959ed79210da69e117a802eb70a05290b3517660eaa2ab,LearnedPolicy,False,sinusoid,jonswap,3.12.3,2.5.2,2.13.0,2.9.0,1.3.0,3.2.7,e9fa15cc35312a5c1ecf0c42668a690b5061c090,7ebad1ecabd28a7000add2d05f888aa2e837c2cc,c7fbdcc4df48bd4a2cfe21811613e5e50e3e4868822fe6dddd13745d96692118,b98d65cc5e34337369dcd4d69d63651cc2c99c19e8494199e8b5ec9e06c8b87f,3ee7e46399aea60603c767e0a604e79e7db233924ce71fe027a1ccc1623b7eb0,7beb41daec3d6a34c6da7696c56a982667957298f017ebe137829282b6ce7985,e6f30e55e478d39061b94e38de33959ca99b16e8cac38a3bd99b34f6543ad4a2,20260924,1.5,kinematic,noise,sigma4cm_lat2step,jonswap,strict,25.0,True,0.04,0.2,66.7,2,66.66666666666667,30.0,,e6f30e55e478d39061b94e38de33959ca99b16e8cac38a3bd99b34f6543ad4a2
ppo_sinusoid,False,1,aft,id,SS3,200,28,0.14,0.09866982633455634,0.1948988086570756,0.065,0.35,0.39,0.055,0.14,0.0,192,0.46970148666918005,0.6463111207267128,0.4683809788320802,0.6449438779339046,0.08179178115322652,0.29306706870485955,44.906118019318555,1.5970269097222223,1.5875,0.28897443500658787,0.26516456089846296,9,0.045,40,-0.008579289261232099,184,0.9583333333333334,0.755,0,5,8,0,0,82,105,0,200,,0.9199480120522677,0.9787381040532078,0.92,0.874010511732856,0.9501594141102401,artifacts/runs/ppo_sinusoid/1,ppo,10000000,final,10010624,6cedd5d9a1fbf7eabafa9ca6146ab19ce81fdab2,0dd539e7ae526fb16bc5d9bcc631b27e1c01056314997b68563497482d3127ff,c760e6ae03ca75505ec61e191edc2174652ebec2e1a3472c11bc32a3dacad4c0,0f5aa57318f8f61ab42610d56c06d24fdf753c0291c66f1999b6985ed5aecf60,ef9be83f1509767aad9644a06a42934311c1fea3fbae61dd79d97032793a9963,4e9d25f7a12fe9ddf9958b2f7c8cc5fd4b0222ad0b0c9660b4d0926b4b2c4cb0,LearnedPolicy,False,sinusoid,jonswap,3.12.3,2.5.2,2.13.0,2.9.0,1.3.0,3.2.7,e9fa15cc35312a5c1ecf0c42668a690b5061c090,7ebad1ecabd28a7000add2d05f888aa2e837c2cc,c7fbdcc4df48bd4a2cfe21811613e5e50e3e4868822fe6dddd13745d96692118,b98d65cc5e34337369dcd4d69d63651cc2c99c19e8494199e8b5ec9e06c8b87f,3ee7e46399aea60603c767e0a604e79e7db233924ce71fe027a1ccc1623b7eb0,7beb41daec3d6a34c6da7696c56a982667957298f017ebe137829282b6ce7985,e6f30e55e478d39061b94e38de33959ca99b16e8cac38a3bd99b34f6543ad4a2,20260924,1.5,kinematic,noise,sigma4cm_lat2step,jonswap,strict,25.0,True,0.04,0.2,66.7,2,66.66666666666667,30.0,,e6f30e55e478d39061b94e38de33959ca99b16e8cac38a3bd99b34f6543ad4a2
ppo_sinusoid,False,1,aft,id,SS4,200,20,0.1,0.06567044866909588,0.1494058124327174,0.05,0.445,0.31,0.095,0.1,0.0,193,0.4354191250762388,0.6687481601787127,0.43732033921789537,0.6706649838710507,0.09424249601857372,0.27653120108800144,45.69209456377362,1.601014680483592,1.5916666666666666,0.28943091268763166,0.26580830222690516,15,0.075,41,-0.008449905496446999,133,0.689119170984456,0.75,0,1,7,2,0,87,103,0,200,,0.6206634306831378,0.7501934022084371,0.665,0.5970219120796653,0.7267591302158368,artifacts/runs/ppo_sinusoid/1,ppo,10000000,final,10010624,6cedd5d9a1fbf7eabafa9ca6146ab19ce81fdab2,0dd539e7ae526fb16bc5d9bcc631b27e1c01056314997b68563497482d3127ff,c760e6ae03ca75505ec61e191edc2174652ebec2e1a3472c11bc32a3dacad4c0,0f5aa57318f8f61ab42610d56c06d24fdf753c0291c66f1999b6985ed5aecf60,ef9be83f1509767aad9644a06a42934311c1fea3fbae61dd79d97032793a9963,4e9d25f7a12fe9ddf9958b2f7c8cc5fd4b0222ad0b0c9660b4d0926b4b2c4cb0,LearnedPolicy,False,sinusoid,jonswap,3.12.3,2.5.2,2.13.0,2.9.0,1.3.0,3.2.7,e9fa15cc35312a5c1ecf0c42668a690b5061c090,7ebad1ecabd28a7000add2d05f888aa2e837c2cc,c7fbdcc4df48bd4a2cfe21811613e5e50e3e4868822fe6dddd13745d96692118,b98d65cc5e34337369dcd4d69d63651cc2c99c19e8494199e8b5ec9e06c8b87f,3ee7e46399aea60603c767e0a604e79e7db233924ce71fe027a1ccc1623b7eb0,7beb41daec3d6a34c6da7696c56a982667957298f017ebe137829282b6ce7985,e6f30e55e478d39061b94e38de33959ca99b16e8cac38a3bd99b34f6543ad4a2,20260924,1.5,kinematic,noise,sigma4cm_lat2step,jonswap,strict,25.0,True,0.04,0.2,66.7,2,66.66666666666667,30.0,,e6f30e55e478d39061b94e38de33959ca99b16e8cac38a3bd99b34f6543ad4a2
ppo_sinusoid,False,1,aft,id,SS5,200,23,0.115,0.07786373232561955,0.16664716898487572,0.055,0.365,0.385,0.08,0.115,0.0,194,0.42168356728480705,0.6221676149602972,0.42017600559727736,0.6267342543102149,0.08353719613018624,0.28368273484541023,47.091571999844106,1.5876503436426117,1.5875,0.28984156427564295,0.2687855198227578,8,0.04,44,-0.00894890557850295,56,0.28865979381443296,0.745,0,4,7,0,0,99,90,0,200,,0.2294877270422982,0.35603898465508416,0.28,0.22236889773949026,0.3459230458665071,artifacts/runs/ppo_sinusoid/1,ppo,10000000,final,10010624,6cedd5d9a1fbf7eabafa9ca6146ab19ce81fdab2,0dd539e7ae526fb16bc5d9bcc631b27e1c01056314997b68563497482d3127ff,c760e6ae03ca75505ec61e191edc2174652ebec2e1a3472c11bc32a3dacad4c0,0f5aa57318f8f61ab42610d56c06d24fdf753c0291c66f1999b6985ed5aecf60,ef9be83f1509767aad9644a06a42934311c1fea3fbae61dd79d97032793a9963,4e9d25f7a12fe9ddf9958b2f7c8cc5fd4b0222ad0b0c9660b4d0926b4b2c4cb0,LearnedPolicy,False,sinusoid,jonswap,3.12.3,2.5.2,2.13.0,2.9.0,1.3.0,3.2.7,e9fa15cc35312a5c1ecf0c42668a690b5061c090,7ebad1ecabd28a7000add2d05f888aa2e837c2cc,c7fbdcc4df48bd4a2cfe21811613e5e50e3e4868822fe6dddd13745d96692118,b98d65cc5e34337369dcd4d69d63651cc2c99c19e8494199e8b5ec9e06c8b87f,3ee7e46399aea60603c767e0a604e79e7db233924ce71fe027a1ccc1623b7eb0,7beb41daec3d6a34c6da7696c56a982667957298f017ebe137829282b6ce7985,e6f30e55e478d39061b94e38de33959ca99b16e8cac38a3bd99b34f6543ad4a2,20260924,1.5,kinematic,noise,sigma4cm_lat2step,jonswap,strict,25.0,True,0.04,0.2,66.7,2,66.66666666666667,30.0,,e6f30e55e478d39061b94e38de33959ca99b16e8cac38a3bd99b34f6543ad4a2
ppo_sinusoid,False,1,aft,id,SS6,200,38,0.19,0.14167171527790676,0.25001238707599854,0.035,0.375,0.35,0.05,0.19,0.0,195,0.4358546204931481,0.6551028143262514,0.439339197260553,0.6489287038889076,0.07779121338534274,0.26364880930333606,42.00269966471344,1.6154914529914528,1.6208333333333333,0.28583953103060183,0.26538529383767545,9,0.045,41,-0.009410543269155063,25,0.1282051282051282,0.0,0,2,4,1,0,113,80,0,200,,0.0883679957580216,0.18240782302756584,0.125,0.08611974475712644,0.17801425002582347,artifacts/runs/ppo_sinusoid/1,ppo,10000000,final,10010624,6cedd5d9a1fbf7eabafa9ca6146ab19ce81fdab2,0dd539e7ae526fb16bc5d9bcc631b27e1c01056314997b68563497482d3127ff,c760e6ae03ca75505ec61e191edc2174652ebec2e1a3472c11bc32a3dacad4c0,0f5aa57318f8f61ab42610d56c06d24fdf753c0291c66f1999b6985ed5aecf60,ef9be83f1509767aad9644a06a42934311c1fea3fbae61dd79d97032793a9963,4e9d25f7a12fe9ddf9958b2f7c8cc5fd4b0222ad0b0c9660b4d0926b4b2c4cb0,LearnedPolicy,False,sinusoid,jonswap,3.12.3,2.5.2,2.13.0,2.9.0,1.3.0,3.2.7,e9fa15cc35312a5c1ecf0c42668a690b5061c090,7ebad1ecabd28a7000add2d05f888aa2e837c2cc,c7fbdcc4df48bd4a2cfe21811613e5e50e3e4868822fe6dddd13745d96692118,b98d65cc5e34337369dcd4d69d63651cc2c99c19e8494199e8b5ec9e06c8b87f,3ee7e46399aea60603c767e0a604e79e7db233924ce71fe027a1ccc1623b7eb0,7beb41daec3d6a34c6da7696c56a982667957298f017ebe137829282b6ce7985,e6f30e55e478d39061b94e38de33959ca99b16e8cac38a3bd99b34f6543ad4a2,20260924,1.5,kinematic,noise,sigma4cm_lat2step,jonswap,strict,25.0,True,0.04,0.2,66.7,2,66.66666666666667,30.0,,e6f30e55e478d39061b94e38de33959ca99b16e8cac38a3bd99b34f6543ad4a2
ppo_sinusoid,False,2,aft,id,SS3,200,39,0.195,0.1460552053440051,0.25544044374612745,0.065,0.35,0.355,0.035,0.195,0.0,193,0.39118430896274153,0.6427382570764557,0.39192171381865915,0.6421999128391446,0.08530309796251623,0.2928538850765771,48.253187612601145,1.6751511226252156,1.6791666666666667,0.3134328197249078,0.27040441222551004,10,0.05,59,-0.008657204519712277,182,0.9430051813471503,0.755,0,6,5,2,0,113,74,0,200,,0.900839095427917,0.9678803350441286,0.91,0.8622342812328346,0.9423125511378069,artifacts/runs/ppo_sinusoid/2,ppo,10000000,final,10010624,6cedd5d9a1fbf7eabafa9ca6146ab19ce81fdab2,0dd539e7ae526fb16bc5d9bcc631b27e1c01056314997b68563497482d3127ff,c760e6ae03ca75505ec61e191edc2174652ebec2e1a3472c11bc32a3dacad4c0,b1bed34ac4b86a9500f90146d99ee47781491c22f83bcb80aa608a5a085b1142,fa2737b4e406dbc235920c67e88c6ea2a87f57fb91a789f269b0a28af096cb61,df477afd97b6425a6a659ec2f2e5848b674903f24c734f8e297e64d82a525f2a,LearnedPolicy,False,sinusoid,jonswap,3.12.3,2.5.2,2.13.0,2.9.0,1.3.0,3.2.7,e9fa15cc35312a5c1ecf0c42668a690b5061c090,7ebad1ecabd28a7000add2d05f888aa2e837c2cc,c7fbdcc4df48bd4a2cfe21811613e5e50e3e4868822fe6dddd13745d96692118,b98d65cc5e34337369dcd4d69d63651cc2c99c19e8494199e8b5ec9e06c8b87f,3ee7e46399aea60603c767e0a604e79e7db233924ce71fe027a1ccc1623b7eb0,7beb41daec3d6a34c6da7696c56a982667957298f017ebe137829282b6ce7985,e6f30e55e478d39061b94e38de33959ca99b16e8cac38a3bd99b34f6543ad4a2,20260924,1.5,kinematic,noise,sigma4cm_lat2step,jonswap,strict,25.0,True,0.04,0.2,66.7,2,66.66666666666667,30.0,,e6f30e55e478d39061b94e38de33959ca99b16e8cac38a3bd99b34f6543ad4a2
ppo_sinusoid,False,2,aft,id,SS4,200,31,0.155,0.11139636927689314,0.21160690592342077,0.065,0.415,0.32,0.045,0.155,0.0,196,0.4064715264698049,0.6858556197854166,0.4045543366018489,0.694907804044583,0.08984582134146527,0.29115300881104045,46.78044966659728,1.611968537414966,1.61875,0.3165200064884913,0.26060532978777545,13,0.065,43,-0.009122199681545375,141,0.7193877551020408,0.75,0,8,2,3,0,94,93,0,200,,0.6527348542832959,0.7776062796711088,0.705,0.6384128547538122,0.7638605614315084,artifacts/runs/ppo_sinusoid/2,ppo,10000000,final,10010624,6cedd5d9a1fbf7eabafa9ca6146ab19ce81fdab2,0dd539e7ae526fb16bc5d9bcc631b27e1c01056314997b68563497482d3127ff,c760e6ae03ca75505ec61e191edc2174652ebec2e1a3472c11bc32a3dacad4c0,b1bed34ac4b86a9500f90146d99ee47781491c22f83bcb80aa608a5a085b1142,fa2737b4e406dbc235920c67e88c6ea2a87f57fb91a789f269b0a28af096cb61,df477afd97b6425a6a659ec2f2e5848b674903f24c734f8e297e64d82a525f2a,LearnedPolicy,False,sinusoid,jonswap,3.12.3,2.5.2,2.13.0,2.9.0,1.3.0,3.2.7,e9fa15cc35312a5c1ecf0c42668a690b5061c090,7ebad1ecabd28a7000add2d05f888aa2e837c2cc,c7fbdcc4df48bd4a2cfe21811613e5e50e3e4868822fe6dddd13745d96692118,b98d65cc5e34337369dcd4d69d63651cc2c99c19e8494199e8b5ec9e06c8b87f,3ee7e46399aea60603c767e0a604e79e7db233924ce71fe027a1ccc1623b7eb0,7beb41daec3d6a34c6da7696c56a982667957298f017ebe137829282b6ce7985,e6f30e55e478d39061b94e38de33959ca99b16e8cac38a3bd99b34f6543ad4a2,20260924,1.5,kinematic,noise,sigma4cm_lat2step,jonswap,strict,25.0,True,0.04,0.2,66.7,2,66.66666666666667,30.0,,e6f30e55e478d39061b94e38de33959ca99b16e8cac38a3bd99b34f6543ad4a2
ppo_sinusoid,False,2,aft,id,SS5,200,37,0.185,0.13730192800616042,0.2445706276115175,0.07,0.405,0.295,0.045,0.185,0.0,193,0.40468284266504934,0.6648162341678647,0.4026826667410077,0.6663093133694714,0.08659898225804473,0.2819553670506848,49.04995320062892,1.6352763385146805,1.6375,0.3177486524997274,0.2641852669924305,13,0.065,45,-0.00916010074872372,59,0.30569948186528495,0.745,0,6,7,1,0,110,76,0,200,,0.24502050748449747,0.37396219844881584,0.295,0.23613943856849148,0.36158714524618774,artifacts/runs/ppo_sinusoid/2,ppo,10000000,final,10010624,6cedd5d9a1fbf7eabafa9ca6146ab19ce81fdab2,0dd539e7ae526fb16bc5d9bcc631b27e1c01056314997b68563497482d3127ff,c760e6ae03ca75505ec61e191edc2174652ebec2e1a3472c11bc32a3dacad4c0,b1bed34ac4b86a9500f90146d99ee47781491c22f83bcb80aa608a5a085b1142,fa2737b4e406dbc235920c67e88c6ea2a87f57fb91a789f269b0a28af096cb61,df477afd97b6425a6a659ec2f2e5848b674903f24c734f8e297e64d82a525f2a,LearnedPolicy,False,sinusoid,jonswap,3.12.3,2.5.2,2.13.0,2.9.0,1.3.0,3.2.7,e9fa15cc35312a5c1ecf0c42668a690b5061c090,7ebad1ecabd28a7000add2d05f888aa2e837c2cc,c7fbdcc4df48bd4a2cfe21811613e5e50e3e4868822fe6dddd13745d96692118,b98d65cc5e34337369dcd4d69d63651cc2c99c19e8494199e8b5ec9e06c8b87f,3ee7e46399aea60603c767e0a604e79e7db233924ce71fe027a1ccc1623b7eb0,7beb41daec3d6a34c6da7696c56a982667957298f017ebe137829282b6ce7985,e6f30e55e478d39061b94e38de33959ca99b16e8cac38a3bd99b34f6543ad4a2,20260924,1.5,kinematic,noise,sigma4cm_lat2step,jonswap,strict,25.0,True,0.04,0.2,66.7,2,66.66666666666667,30.0,,e6f30e55e478d39061b94e38de33959ca99b16e8cac38a3bd99b34f6543ad4a2
ppo_sinusoid,False,2,aft,id,SS6,200,33,0.165,0.11996855328217307,0.2226578153905955,0.09,0.36,0.345,0.04,0.165,0.0,190,0.4249986806990289,0.7567030287922111,0.42496270003943537,0.7447108510430983,0.08037153153727351,0.2994961816126428,42.1803074008502,1.6029166666666668,1.6208333333333333,0.3231302731466268,0.26496770251855106,8,0.04,53,-0.009659673039730856,22,0.11578947368421053,0.0,0,8,8,2,0,105,77,0,200,,0.07772055781302264,0.16908659640339346,0.11,0.07377244460125303,0.1609269099730149,artifacts/runs/ppo_sinusoid/2,ppo,10000000,final,10010624,6cedd5d9a1fbf7eabafa9ca6146ab19ce81fdab2,0dd539e7ae526fb16bc5d9bcc631b27e1c01056314997b68563497482d3127ff,c760e6ae03ca75505ec61e191edc2174652ebec2e1a3472c11bc32a3dacad4c0,b1bed34ac4b86a9500f90146d99ee47781491c22f83bcb80aa608a5a085b1142,fa2737b4e406dbc235920c67e88c6ea2a87f57fb91a789f269b0a28af096cb61,df477afd97b6425a6a659ec2f2e5848b674903f24c734f8e297e64d82a525f2a,LearnedPolicy,False,sinusoid,jonswap,3.12.3,2.5.2,2.13.0,2.9.0,1.3.0,3.2.7,e9fa15cc35312a5c1ecf0c42668a690b5061c090,7ebad1ecabd28a7000add2d05f888aa2e837c2cc,c7fbdcc4df48bd4a2cfe21811613e5e50e3e4868822fe6dddd13745d96692118,b98d65cc5e34337369dcd4d69d63651cc2c99c19e8494199e8b5ec9e06c8b87f,3ee7e46399aea60603c767e0a604e79e7db233924ce71fe027a1ccc1623b7eb0,7beb41daec3d6a34c6da7696c56a982667957298f017ebe137829282b6ce7985,e6f30e55e478d39061b94e38de33959ca99b16e8cac38a3bd99b34f6543ad4a2,20260924,1.5,kinematic,noise,sigma4cm_lat2step,jonswap,strict,25.0,True,0.04,0.2,66.7,2,66.66666666666667,30.0,,e6f30e55e478d39061b94e38de33959ca99b16e8cac38a3bd99b34f6543ad4a2
ppo_sinusoid,False,3,aft,id,SS3,200,9,0.045,0.023852543001492997,0.0832967040018196,0.135,0.49,0.27,0.06,0.045,0.0,186,0.4127957834738187,0.6446395823007646,0.40880206437126293,0.6482996000008534,0.12095917511156642,0.31601389045904094,49.84735400142986,1.6247759856630821,1.6208333333333333,0.37350315106650483,0.27361561313011196,18,0.09,42,-0.008756145850298373,177,0.9516129032258065,0.755,0,12,12,3,0,46,127,0,200,,0.9106114656213832,0.9743374862230955,0.885,0.8333528310151243,0.9221362676743804,artifacts/runs/ppo_sinusoid/3,ppo,10000000,final,10010624,6cedd5d9a1fbf7eabafa9ca6146ab19ce81fdab2,0dd539e7ae526fb16bc5d9bcc631b27e1c01056314997b68563497482d3127ff,c760e6ae03ca75505ec61e191edc2174652ebec2e1a3472c11bc32a3dacad4c0,d7d65d4e7ec6e0122c1df5469bc0198357850ce8557a25052b7f798f6137264c,032955786bb06d41cdd367f06a4aacdcd388043f7238097255f55427b8d0b780,55ff2375855c56d85915cb2037b331ee03d61c8a427d78d6492d738a006845fb,LearnedPolicy,False,sinusoid,jonswap,3.12.3,2.5.2,2.13.0,2.9.0,1.3.0,3.2.7,e9fa15cc35312a5c1ecf0c42668a690b5061c090,7ebad1ecabd28a7000add2d05f888aa2e837c2cc,c7fbdcc4df48bd4a2cfe21811613e5e50e3e4868822fe6dddd13745d96692118,b98d65cc5e34337369dcd4d69d63651cc2c99c19e8494199e8b5ec9e06c8b87f,3ee7e46399aea60603c767e0a604e79e7db233924ce71fe027a1ccc1623b7eb0,7beb41daec3d6a34c6da7696c56a982667957298f017ebe137829282b6ce7985,e6f30e55e478d39061b94e38de33959ca99b16e8cac38a3bd99b34f6543ad4a2,20260924,1.5,kinematic,noise,sigma4cm_lat2step,jonswap,strict,25.0,True,0.04,0.2,66.7,2,66.66666666666667,30.0,,e6f30e55e478d39061b94e38de33959ca99b16e8cac38a3bd99b34f6543ad4a2
ppo_sinusoid,False,3,aft,id,SS4,200,9,0.045,0.023852543001492997,0.0832967040018196,0.165,0.465,0.29,0.035,0.045,0.0,183,0.4072892011021811,0.6559048005662647,0.40557429862199634,0.6583404025930418,0.12262928759837032,0.3344974730455736,46.33693470785225,1.6076275045537343,1.6,0.37458183545712126,0.26808461765074754,12,0.06,45,-0.009496144642586052,128,0.6994535519125683,0.75,0,15,15,3,0,49,118,0,200,,0.6294824436404303,0.7612231334876942,0.64,0.5714152816600309,0.7033080269543346,artifacts/runs/ppo_sinusoid/3,ppo,10000000,final,10010624,6cedd5d9a1fbf7eabafa9ca6146ab19ce81fdab2,0dd539e7ae526fb16bc5d9bcc631b27e1c01056314997b68563497482d3127ff,c760e6ae03ca75505ec61e191edc2174652ebec2e1a3472c11bc32a3dacad4c0,d7d65d4e7ec6e0122c1df5469bc0198357850ce8557a25052b7f798f6137264c,032955786bb06d41cdd367f06a4aacdcd388043f7238097255f55427b8d0b780,55ff2375855c56d85915cb2037b331ee03d61c8a427d78d6492d738a006845fb,LearnedPolicy,False,sinusoid,jonswap,3.12.3,2.5.2,2.13.0,2.9.0,1.3.0,3.2.7,e9fa15cc35312a5c1ecf0c42668a690b5061c090,7ebad1ecabd28a7000add2d05f888aa2e837c2cc,c7fbdcc4df48bd4a2cfe21811613e5e50e3e4868822fe6dddd13745d96692118,b98d65cc5e34337369dcd4d69d63651cc2c99c19e8494199e8b5ec9e06c8b87f,3ee7e46399aea60603c767e0a604e79e7db233924ce71fe027a1ccc1623b7eb0,7beb41daec3d6a34c6da7696c56a982667957298f017ebe137829282b6ce7985,e6f30e55e478d39061b94e38de33959ca99b16e8cac38a3bd99b34f6543ad4a2,20260924,1.5,kinematic,noise,sigma4cm_lat2step,jonswap,strict,25.0,True,0.04,0.2,66.7,2,66.66666666666667,30.0,,e6f30e55e478d39061b94e38de33959ca99b16e8cac38a3bd99b34f6543ad4a2
ppo_sinusoid,False,3,aft,id,SS5,200,13,0.065,0.03837635464915299,0.10801907929906895,0.16,0.49,0.22,0.065,0.065,0.0,183,0.4246129545137581,0.6556287235395137,0.41876264671392227,0.6711117137079222,0.121516842865858,0.3136541757105284,47.85033911959578,1.5852914389799637,1.5791666666666666,0.3808592048535278,0.2735273520732301,12,0.06,36,-0.009428257471752008,56,0.30601092896174864,0.745,0,15,16,1,0,47,121,0,200,,0.24380118044201682,0.3761975048169307,0.28,0.22236889773949026,0.3459230458665071,artifacts/runs/ppo_sinusoid/3,ppo,10000000,final,10010624,6cedd5d9a1fbf7eabafa9ca6146ab19ce81fdab2,0dd539e7ae526fb16bc5d9bcc631b27e1c01056314997b68563497482d3127ff,c760e6ae03ca75505ec61e191edc2174652ebec2e1a3472c11bc32a3dacad4c0,d7d65d4e7ec6e0122c1df5469bc0198357850ce8557a25052b7f798f6137264c,032955786bb06d41cdd367f06a4aacdcd388043f7238097255f55427b8d0b780,55ff2375855c56d85915cb2037b331ee03d61c8a427d78d6492d738a006845fb,LearnedPolicy,False,sinusoid,jonswap,3.12.3,2.5.2,2.13.0,2.9.0,1.3.0,3.2.7,e9fa15cc35312a5c1ecf0c42668a690b5061c090,7ebad1ecabd28a7000add2d05f888aa2e837c2cc,c7fbdcc4df48bd4a2cfe21811613e5e50e3e4868822fe6dddd13745d96692118,b98d65cc5e34337369dcd4d69d63651cc2c99c19e8494199e8b5ec9e06c8b87f,3ee7e46399aea60603c767e0a604e79e7db233924ce71fe027a1ccc1623b7eb0,7beb41daec3d6a34c6da7696c56a982667957298f017ebe137829282b6ce7985,e6f30e55e478d39061b94e38de33959ca99b16e8cac38a3bd99b34f6543ad4a2,20260924,1.5,kinematic,noise,sigma4cm_lat2step,jonswap,strict,25.0,True,0.04,0.2,66.7,2,66.66666666666667,30.0,,e6f30e55e478d39061b94e38de33959ca99b16e8cac38a3bd99b34f6543ad4a2
ppo_sinusoid,False,3,aft,id,SS6,200,24,0.12,0.08197992706375512,0.17234252098296743,0.09,0.505,0.24,0.045,0.12,0.0,189,0.4269270377839109,0.6769779054751236,0.42838115685267575,0.6950656805260444,0.10860250539092953,0.33571991033272586,50.68200286621381,1.6011463844797178,1.6041666666666667,0.3675984127258565,0.2738278899195198,11,0.055,51,-0.01047394884980106,23,0.12169312169312169,0.0,0,7,7,4,0,62,120,0,200,,0.08247496180800218,0.17598325109650198,0.115,0.07786373232561955,0.16664716898487572,artifacts/runs/ppo_sinusoid/3,ppo,10000000,final,10010624,6cedd5d9a1fbf7eabafa9ca6146ab19ce81fdab2,0dd539e7ae526fb16bc5d9bcc631b27e1c01056314997b68563497482d3127ff,c760e6ae03ca75505ec61e191edc2174652ebec2e1a3472c11bc32a3dacad4c0,d7d65d4e7ec6e0122c1df5469bc0198357850ce8557a25052b7f798f6137264c,032955786bb06d41cdd367f06a4aacdcd388043f7238097255f55427b8d0b780,55ff2375855c56d85915cb2037b331ee03d61c8a427d78d6492d738a006845fb,LearnedPolicy,False,sinusoid,jonswap,3.12.3,2.5.2,2.13.0,2.9.0,1.3.0,3.2.7,e9fa15cc35312a5c1ecf0c42668a690b5061c090,7ebad1ecabd28a7000add2d05f888aa2e837c2cc,c7fbdcc4df48bd4a2cfe21811613e5e50e3e4868822fe6dddd13745d96692118,b98d65cc5e34337369dcd4d69d63651cc2c99c19e8494199e8b5ec9e06c8b87f,3ee7e46399aea60603c767e0a604e79e7db233924ce71fe027a1ccc1623b7eb0,7beb41daec3d6a34c6da7696c56a982667957298f017ebe137829282b6ce7985,e6f30e55e478d39061b94e38de33959ca99b16e8cac38a3bd99b34f6543ad4a2,20260924,1.5,kinematic,noise,sigma4cm_lat2step,jonswap,strict,25.0,True,0.04,0.2,66.7,2,66.66666666666667,30.0,,e6f30e55e478d39061b94e38de33959ca99b16e8cac38a3bd99b34f6543ad4a2
ppo_sinusoid,False,4,aft,id,SS3,200,23,0.115,0.07786373232561955,0.16664716898487572,0.075,0.44,0.305,0.065,0.115,0.0,193,0.4249714592805008,0.6179105684781117,0.4261599514056256,0.6164685629033704,0.09678467460764568,0.31469193834610426,45.40211258356046,1.5720423143350606,1.5625,0.3302453600851845,0.2770698114861945,13,0.065,46,-0.008630860818466925,182,0.9430051813471503,0.755,0,7,6,2,0,68,117,0,200,,0.900839095427917,0.9678803350441286,0.91,0.8622342812328346,0.9423125511378069,artifacts/runs/ppo_sinusoid/4,ppo,10000000,final,10010624,6cedd5d9a1fbf7eabafa9ca6146ab19ce81fdab2,0dd539e7ae526fb16bc5d9bcc631b27e1c01056314997b68563497482d3127ff,c760e6ae03ca75505ec61e191edc2174652ebec2e1a3472c11bc32a3dacad4c0,0f6136e289a8ce9d99314f5751ffb39f8fe83a209f720163b41c3ac9df7ab40c,2b9178a3a663c0c39e406d4be733d6ee885cb31b8b8524c9aa85f86f21153460,60a8b3007f9f578e9f002f2a62ac118b7faea78547c3b1a8e41e6e9c38af7898,LearnedPolicy,False,sinusoid,jonswap,3.12.3,2.5.2,2.13.0,2.9.0,1.3.0,3.2.7,e9fa15cc35312a5c1ecf0c42668a690b5061c090,7ebad1ecabd28a7000add2d05f888aa2e837c2cc,c7fbdcc4df48bd4a2cfe21811613e5e50e3e4868822fe6dddd13745d96692118,b98d65cc5e34337369dcd4d69d63651cc2c99c19e8494199e8b5ec9e06c8b87f,3ee7e46399aea60603c767e0a604e79e7db233924ce71fe027a1ccc1623b7eb0,7beb41daec3d6a34c6da7696c56a982667957298f017ebe137829282b6ce7985,e6f30e55e478d39061b94e38de33959ca99b16e8cac38a3bd99b34f6543ad4a2,20260924,1.5,kinematic,noise,sigma4cm_lat2step,jonswap,strict,25.0,True,0.04,0.2,66.7,2,66.66666666666667,30.0,,e6f30e55e478d39061b94e38de33959ca99b16e8cac38a3bd99b34f6543ad4a2
ppo_sinusoid,False,4,aft,id,SS4,200,43,0.215,0.1637187625450758,0.27702307348996613,0.085,0.36,0.26,0.08,0.215,0.0,196,0.4220071360628649,0.6094753230227098,0.4223049895650496,0.6064813708029884,0.08442417161954359,0.31052943805438815,43.55948474367098,1.5853103741496597,1.5875,0.3256339288026385,0.27673100970195763,10,0.05,42,-0.008283314116727595,141,0.7193877551020408,0.75,0,12,2,3,0,87,96,0,200,,0.6527348542832959,0.7776062796711088,0.705,0.6384128547538122,0.7638605614315084,artifacts/runs/ppo_sinusoid/4,ppo,10000000,final,10010624,6cedd5d9a1fbf7eabafa9ca6146ab19ce81fdab2,0dd539e7ae526fb16bc5d9bcc631b27e1c01056314997b68563497482d3127ff,c760e6ae03ca75505ec61e191edc2174652ebec2e1a3472c11bc32a3dacad4c0,0f6136e289a8ce9d99314f5751ffb39f8fe83a209f720163b41c3ac9df7ab40c,2b9178a3a663c0c39e406d4be733d6ee885cb31b8b8524c9aa85f86f21153460,60a8b3007f9f578e9f002f2a62ac118b7faea78547c3b1a8e41e6e9c38af7898,LearnedPolicy,False,sinusoid,jonswap,3.12.3,2.5.2,2.13.0,2.9.0,1.3.0,3.2.7,e9fa15cc35312a5c1ecf0c42668a690b5061c090,7ebad1ecabd28a7000add2d05f888aa2e837c2cc,c7fbdcc4df48bd4a2cfe21811613e5e50e3e4868822fe6dddd13745d96692118,b98d65cc5e34337369dcd4d69d63651cc2c99c19e8494199e8b5ec9e06c8b87f,3ee7e46399aea60603c767e0a604e79e7db233924ce71fe027a1ccc1623b7eb0,7beb41daec3d6a34c6da7696c56a982667957298f017ebe137829282b6ce7985,e6f30e55e478d39061b94e38de33959ca99b16e8cac38a3bd99b34f6543ad4a2,20260924,1.5,kinematic,noise,sigma4cm_lat2step,jonswap,strict,25.0,True,0.04,0.2,66.7,2,66.66666666666667,30.0,,e6f30e55e478d39061b94e38de33959ca99b16e8cac38a3bd99b34f6543ad4a2
ppo_sinusoid,False,4,aft,id,SS5,200,33,0.165,0.11996855328217307,0.2226578153905955,0.08,0.37,0.315,0.07,0.165,0.0,192,0.4199363257478328,0.673147181414555,0.4123022279119456,0.6778743468947603,0.08525974703816439,0.31591780931033353,45.16488865695938,1.5812065972222225,1.5854166666666667,0.3299813255171922,0.27766766327199754,13,0.065,43,-0.008113387687910239,63,0.328125,0.745,0,8,5,3,0,79,105,0,200,,0.2656503115659986,0.3973423948944481,0.315,0.2546232099022851,0.3823495608573036,artifacts/runs/ppo_sinusoid/4,ppo,10000000,final,10010624,6cedd5d9a1fbf7eabafa9ca6146ab19ce81fdab2,0dd539e7ae526fb16bc5d9bcc631b27e1c01056314997b68563497482d3127ff,c760e6ae03ca75505ec61e191edc2174652ebec2e1a3472c11bc32a3dacad4c0,0f6136e289a8ce9d99314f5751ffb39f8fe83a209f720163b41c3ac9df7ab40c,2b9178a3a663c0c39e406d4be733d6ee885cb31b8b8524c9aa85f86f21153460,60a8b3007f9f578e9f002f2a62ac118b7faea78547c3b1a8e41e6e9c38af7898,LearnedPolicy,False,sinusoid,jonswap,3.12.3,2.5.2,2.13.0,2.9.0,1.3.0,3.2.7,e9fa15cc35312a5c1ecf0c42668a690b5061c090,7ebad1ecabd28a7000add2d05f888aa2e837c2cc,c7fbdcc4df48bd4a2cfe21811613e5e50e3e4868822fe6dddd13745d96692118,b98d65cc5e34337369dcd4d69d63651cc2c99c19e8494199e8b5ec9e06c8b87f,3ee7e46399aea60603c767e0a604e79e7db233924ce71fe027a1ccc1623b7eb0,7beb41daec3d6a34c6da7696c56a982667957298f017ebe137829282b6ce7985,e6f30e55e478d39061b94e38de33959ca99b16e8cac38a3bd99b34f6543ad4a2,20260924,1.5,kinematic,noise,sigma4cm_lat2step,jonswap,strict,25.0,True,0.04,0.2,66.7,2,66.66666666666667,30.0,,e6f30e55e478d39061b94e38de33959ca99b16e8cac38a3bd99b34f6543ad4a2
ppo_sinusoid,False,4,aft,id,SS6,200,37,0.185,0.13730192800616042,0.2445706276115175,0.06,0.395,0.27,0.09,0.185,0.0,195,0.3930035872751894,0.6552208161048859,0.37751917125479223,0.6593429310927785,0.08678138608174744,0.3137456096035529,44.59580237183481,1.573247863247863,1.5791666666666666,0.32333117089735575,0.27447709050199354,14,0.07,40,-0.00992149594619936,26,0.13333333333333333,0.0,0,7,2,3,0,79,109,0,200,,0.09264026550590015,0.18819381784816197,0.13,0.0902820227966932,0.18366351872248407,artifacts/runs/ppo_sinusoid/4,ppo,10000000,final,10010624,6cedd5d9a1fbf7eabafa9ca6146ab19ce81fdab2,0dd539e7ae526fb16bc5d9bcc631b27e1c01056314997b68563497482d3127ff,c760e6ae03ca75505ec61e191edc2174652ebec2e1a3472c11bc32a3dacad4c0,0f6136e289a8ce9d99314f5751ffb39f8fe83a209f720163b41c3ac9df7ab40c,2b9178a3a663c0c39e406d4be733d6ee885cb31b8b8524c9aa85f86f21153460,60a8b3007f9f578e9f002f2a62ac118b7faea78547c3b1a8e41e6e9c38af7898,LearnedPolicy,False,sinusoid,jonswap,3.12.3,2.5.2,2.13.0,2.9.0,1.3.0,3.2.7,e9fa15cc35312a5c1ecf0c42668a690b5061c090,7ebad1ecabd28a7000add2d05f888aa2e837c2cc,c7fbdcc4df48bd4a2cfe21811613e5e50e3e4868822fe6dddd13745d96692118,b98d65cc5e34337369dcd4d69d63651cc2c99c19e8494199e8b5ec9e06c8b87f,3ee7e46399aea60603c767e0a604e79e7db233924ce71fe027a1ccc1623b7eb0,7beb41daec3d6a34c6da7696c56a982667957298f017ebe137829282b6ce7985,e6f30e55e478d39061b94e38de33959ca99b16e8cac38a3bd99b34f6543ad4a2,20260924,1.5,kinematic,noise,sigma4cm_lat2step,jonswap,strict,25.0,True,0.04,0.2,66.7,2,66.66666666666667,30.0,,e6f30e55e478d39061b94e38de33959ca99b16e8cac38a3bd99b34f6543ad4a2
