contrast,role,hypothesis,statistic,description,method_a,method_b,cell_1,cell_2,point,ci_lo,ci_hi,separates,value_a1,value_a2,value_b1,value_b2,n_episodes_1,n_episodes_2,n_seeds_a,n_seeds_b,n_touchdowns_a,n_touchdowns_b,n_timeouts_a,n_timeouts_b,n_reps_undefined,reps,bootstrap_seed,confidence,resampling,sources,note
H1a.r,scored,H1a,relative_p95,"residual_ppo vs pid_feedforward_lowvz, id SS5, aft",residual_ppo,pid_feedforward_lowvz,aft|id|SS5,,-0.4696964452154715,-0.6962018296910876,-0.3683612745448892,True,0.27583599629201555,,0.18768229125816208,,200,,5,1,1000,200,0,0,0,10000,20260926,0.95,"seeds per method, then one set of episode indices shared by both methods; p95 over each method's pooled resampled touched-down episodes (P3-D1 §4, P3-D4 #6)",results/e07/matrix/episodes.csv;results/e01/episodes.csv,"r = 1 - p95_a / p95_b; value_a1 / value_b1 are the pooled p95 closing speeds, m/s model scale"
H1a.ni,scored,H1a,mean_success_difference,"residual_ppo vs pid_feedforward_lowvz, id SS5, aft: success non-inferiority",residual_ppo,pid_feedforward_lowvz,aft|id|SS5,,0.041000000000000036,0.012000000000000002,0.071,True,,,,,200,,5,1,,,,,,10000,20260926,0.95,"rld.eval.stats.paired_bootstrap: seeds per method, then one set of episode indices shared by both; per-episode differences averaged over the resampled seeds x episodes (P3-D1 §4; P7-D1a #3)",results/e07/matrix/episodes.csv;results/e01/episodes.csv,success fractions; a minus b
H1a.ni.iqm,"post hoc, not scored",H1a,iqm_success_difference,"residual_ppo vs pid_feedforward_lowvz, id SS5, aft: success non-inferiority: IQM over seeds instead of the mean",residual_ppo,pid_feedforward_lowvz,aft|id|SS5,,0.040000000000000036,0.010000000000000009,0.06999999999999995,True,,,,,200,,5,1,,,,,,10000,20260926,0.95,"seeds per method, then one set of episode indices shared by both; success = IQM over seeds of per-seed rates (P7-D1 §2 reading, superseded by P7-D1a #3)",results/e07/matrix/episodes.csv;results/e01/episodes.csv,success fractions; a minus b
H1a.r.timeouts,sensitivity (P3-D4 #8; not scored),H1a,relative_p95_timeouts_worst,"residual_ppo vs pid_feedforward_lowvz, id SS5, aft",residual_ppo,pid_feedforward_lowvz,aft|id|SS5,,-0.4696964452154715,-0.6962018296910876,-0.3683612745448892,True,0.27583599629201555,,0.18768229125816208,,200,,5,1,1000,200,0,0,0,10000,20260926,0.95,"seeds per method, then one set of episode indices shared by both methods; p95 over each method's pooled resampled touched-down episodes (P3-D1 §4, P3-D4 #6); timeouts ranked as the worst closing speed (P3-D4 #8)",results/e07/matrix/episodes.csv;results/e01/episodes.csv,"r = 1 - p95_a / p95_b; value_a1 / value_b1 are the pooled p95 closing speeds, m/s model scale"
H1b.d,scored,H1b,mean_success_difference,"residual_ppo vs pid_feedforward, id SS6, aft",residual_ppo,pid_feedforward,aft|id|SS6,,0.05999999999999994,0.02,0.102,True,,,,,200,,5,1,,,,,,10000,20260926,0.95,"rld.eval.stats.paired_bootstrap: seeds per method, then one set of episode indices shared by both; per-episode differences averaged over the resampled seeds x episodes (P3-D1 §4; P7-D1a #3)",results/e07/matrix/episodes.csv;results/e01/episodes.csv,success fractions; a minus b
H1b.d.iqm,"post hoc, not scored",H1b,iqm_success_difference,"residual_ppo vs pid_feedforward, id SS6, aft: IQM over seeds instead of the mean",residual_ppo,pid_feedforward,aft|id|SS6,,0.05666666666666653,0.018333333333333313,0.10333333333333328,True,,,,,200,,5,1,,,,,,10000,20260926,0.95,"seeds per method, then one set of episode indices shared by both; success = IQM over seeds of per-seed rates (P7-D1 §2 reading, superseded by P7-D1a #3)",results/e07/matrix/episodes.csv;results/e01/episodes.csv,success fractions; a minus b
H2.dd,scored,H2,drop_difference,"drop(ppo) - drop(residual_ppo), drop = id SS5 - unseen_seastate SS6, aft",ppo,residual_ppo,results/e07/matrix/episodes.csv|aft|id|SS5,results/e07/matrix/episodes.csv|aft|unseen_seastate|SS6,-0.015000000000000013,-0.04500000000000015,0.01666666666666672,False,1.0,0.9733333333333333,0.995,0.9533333333333333,200,200,5,5,,,,,,10000,20260926,0.95,"independent_cells: seeds per method, shared by its two cells; episodes resampled independently per cell, shared by both methods within a cell (P7-D1 §2; P7-D1a #4)",results/e07/matrix/episodes.csv,success = IQM over seeds of per-seed success rate; drop = cell 1 - cell 2; statistic = drop(a) - drop(b)
primary.r.id.SS5,scored,H3,relative_p95,"ppo_forecast vs ppo, id SS5, aft",ppo_forecast,ppo,aft|id|SS5,,-0.0036151488512254915,-0.022806116401446114,0.022694806616442388,False,0.27294671218880867,,0.27196352356900294,,200,,5,5,1000,1000,0,0,0,10000,20260926,0.95,"seeds per method, then one set of episode indices shared by both methods; p95 over each method's pooled resampled touched-down episodes (P3-D1 §4, P3-D4 #6)",results/e07/matrix/episodes.csv;results/e07/matrix/episodes.csv,"r = 1 - p95_a / p95_b; value_a1 / value_b1 are the pooled p95 closing speeds, m/s model scale"
primary.r.id.SS5.timeouts,sensitivity (P3-D4 #8; not scored),H3,relative_p95_timeouts_worst,"ppo_forecast vs ppo, id SS5, aft",ppo_forecast,ppo,aft|id|SS5,,-0.0036151488512254915,-0.022806116401446114,0.022694806616442388,False,0.27294671218880867,,0.27196352356900294,,200,,5,5,1000,1000,0,0,0,10000,20260926,0.95,"seeds per method, then one set of episode indices shared by both methods; p95 over each method's pooled resampled touched-down episodes (P3-D1 §4, P3-D4 #6); timeouts ranked as the worst closing speed (P3-D4 #8)",results/e07/matrix/episodes.csv;results/e07/matrix/episodes.csv,"r = 1 - p95_a / p95_b; value_a1 / value_b1 are the pooled p95 closing speeds, m/s model scale"
primary.r.id.SS6,scored,H3,relative_p95,"ppo_forecast vs ppo, id SS6, aft",ppo_forecast,ppo,aft|id|SS6,,-0.00426893746931678,-0.06284619461504891,0.032879837332085576,False,0.28263566095810766,,0.28143423580373655,,200,,5,5,1000,1000,0,0,0,10000,20260926,0.95,"seeds per method, then one set of episode indices shared by both methods; p95 over each method's pooled resampled touched-down episodes (P3-D1 §4, P3-D4 #6)",results/e07/matrix/episodes.csv;results/e07/matrix/episodes.csv,"r = 1 - p95_a / p95_b; value_a1 / value_b1 are the pooled p95 closing speeds, m/s model scale"
primary.r.id.SS6.timeouts,sensitivity (P3-D4 #8; not scored),H3,relative_p95_timeouts_worst,"ppo_forecast vs ppo, id SS6, aft",ppo_forecast,ppo,aft|id|SS6,,-0.00426893746931678,-0.06284619461504891,0.032879837332085576,False,0.28263566095810766,,0.28143423580373655,,200,,5,5,1000,1000,0,0,0,10000,20260926,0.95,"seeds per method, then one set of episode indices shared by both methods; p95 over each method's pooled resampled touched-down episodes (P3-D1 §4, P3-D4 #6); timeouts ranked as the worst closing speed (P3-D4 #8)",results/e07/matrix/episodes.csv;results/e07/matrix/episodes.csv,"r = 1 - p95_a / p95_b; value_a1 / value_b1 are the pooled p95 closing speeds, m/s model scale"
primary.r.unseen_vessel.SS5,scored,H3,relative_p95,"ppo_forecast vs ppo, unseen_vessel SS5, aft",ppo_forecast,ppo,aft|unseen_vessel|SS5,,-0.00652662981869101,-0.023449844531919783,0.014427898423409158,False,0.27120162518987145,,0.26944307001467405,,200,,5,5,1000,1000,0,0,0,10000,20260926,0.95,"seeds per method, then one set of episode indices shared by both methods; p95 over each method's pooled resampled touched-down episodes (P3-D1 §4, P3-D4 #6)",results/e07/matrix/episodes.csv;results/e07/matrix/episodes.csv,"r = 1 - p95_a / p95_b; value_a1 / value_b1 are the pooled p95 closing speeds, m/s model scale"
primary.r.unseen_vessel.SS5.timeouts,sensitivity (P3-D4 #8; not scored),H3,relative_p95_timeouts_worst,"ppo_forecast vs ppo, unseen_vessel SS5, aft",ppo_forecast,ppo,aft|unseen_vessel|SS5,,-0.00652662981869101,-0.023449844531919783,0.014427898423409158,False,0.27120162518987145,,0.26944307001467405,,200,,5,5,1000,1000,0,0,0,10000,20260926,0.95,"seeds per method, then one set of episode indices shared by both methods; p95 over each method's pooled resampled touched-down episodes (P3-D1 §4, P3-D4 #6); timeouts ranked as the worst closing speed (P3-D4 #8)",results/e07/matrix/episodes.csv;results/e07/matrix/episodes.csv,"r = 1 - p95_a / p95_b; value_a1 / value_b1 are the pooled p95 closing speeds, m/s model scale"
primary.r.unseen_vessel.SS6,scored,H3,relative_p95,"ppo_forecast vs ppo, unseen_vessel SS6, aft",ppo_forecast,ppo,aft|unseen_vessel|SS6,,-0.004186707391352629,-0.03250316126175066,0.032178009337989553,False,0.27877013172097864,,0.27760786880475613,,200,,5,5,1000,1000,0,0,0,10000,20260926,0.95,"seeds per method, then one set of episode indices shared by both methods; p95 over each method's pooled resampled touched-down episodes (P3-D1 §4, P3-D4 #6)",results/e07/matrix/episodes.csv;results/e07/matrix/episodes.csv,"r = 1 - p95_a / p95_b; value_a1 / value_b1 are the pooled p95 closing speeds, m/s model scale"
primary.r.unseen_vessel.SS6.timeouts,sensitivity (P3-D4 #8; not scored),H3,relative_p95_timeouts_worst,"ppo_forecast vs ppo, unseen_vessel SS6, aft",ppo_forecast,ppo,aft|unseen_vessel|SS6,,-0.004186707391352629,-0.03250316126175066,0.032178009337989553,False,0.27877013172097864,,0.27760786880475613,,200,,5,5,1000,1000,0,0,0,10000,20260926,0.95,"seeds per method, then one set of episode indices shared by both methods; p95 over each method's pooled resampled touched-down episodes (P3-D1 §4, P3-D4 #6); timeouts ranked as the worst closing speed (P3-D4 #8)",results/e07/matrix/episodes.csv;results/e07/matrix/episodes.csv,"r = 1 - p95_a / p95_b; value_a1 / value_b1 are the pooled p95 closing speeds, m/s model scale"
secondary.r.id.SS5,"secondary (pre-registered, reported beside)",H3,relative_p95,"residual_ppo_forecast vs residual_ppo, id SS5, aft",residual_ppo_forecast,residual_ppo,aft|id|SS5,,-0.00807256044118887,-0.02441038051999765,0.00891047462754828,False,0.2780626990439384,,0.27583599629201555,,200,,5,5,1000,1000,0,0,0,10000,20260926,0.95,"seeds per method, then one set of episode indices shared by both methods; p95 over each method's pooled resampled touched-down episodes (P3-D1 §4, P3-D4 #6)",results/e07/matrix/episodes.csv;results/e07/matrix/episodes.csv,"r = 1 - p95_a / p95_b; value_a1 / value_b1 are the pooled p95 closing speeds, m/s model scale"
secondary.r.id.SS5.timeouts,sensitivity (P3-D4 #8; not scored),H3,relative_p95_timeouts_worst,"residual_ppo_forecast vs residual_ppo, id SS5, aft",residual_ppo_forecast,residual_ppo,aft|id|SS5,,-0.00807256044118887,-0.02441038051999765,0.00891047462754828,False,0.2780626990439384,,0.27583599629201555,,200,,5,5,1000,1000,0,0,0,10000,20260926,0.95,"seeds per method, then one set of episode indices shared by both methods; p95 over each method's pooled resampled touched-down episodes (P3-D1 §4, P3-D4 #6); timeouts ranked as the worst closing speed (P3-D4 #8)",results/e07/matrix/episodes.csv;results/e07/matrix/episodes.csv,"r = 1 - p95_a / p95_b; value_a1 / value_b1 are the pooled p95 closing speeds, m/s model scale"
secondary.r.id.SS6,"secondary (pre-registered, reported beside)",H3,relative_p95,"residual_ppo_forecast vs residual_ppo, id SS6, aft",residual_ppo_forecast,residual_ppo,aft|id|SS6,,0.018785947163686312,0.0042045496592536535,0.038200382360703306,True,0.2784893876506605,,0.28382123843992496,,200,,5,5,1000,1000,0,0,0,10000,20260926,0.95,"seeds per method, then one set of episode indices shared by both methods; p95 over each method's pooled resampled touched-down episodes (P3-D1 §4, P3-D4 #6)",results/e07/matrix/episodes.csv;results/e07/matrix/episodes.csv,"r = 1 - p95_a / p95_b; value_a1 / value_b1 are the pooled p95 closing speeds, m/s model scale"
secondary.r.id.SS6.timeouts,sensitivity (P3-D4 #8; not scored),H3,relative_p95_timeouts_worst,"residual_ppo_forecast vs residual_ppo, id SS6, aft",residual_ppo_forecast,residual_ppo,aft|id|SS6,,0.018785947163686312,0.0042045496592536535,0.038200382360703306,True,0.2784893876506605,,0.28382123843992496,,200,,5,5,1000,1000,0,0,0,10000,20260926,0.95,"seeds per method, then one set of episode indices shared by both methods; p95 over each method's pooled resampled touched-down episodes (P3-D1 §4, P3-D4 #6); timeouts ranked as the worst closing speed (P3-D4 #8)",results/e07/matrix/episodes.csv;results/e07/matrix/episodes.csv,"r = 1 - p95_a / p95_b; value_a1 / value_b1 are the pooled p95 closing speeds, m/s model scale"
secondary.r.unseen_vessel.SS5,"secondary (pre-registered, reported beside)",H3,relative_p95,"residual_ppo_forecast vs residual_ppo, unseen_vessel SS5, aft",residual_ppo_forecast,residual_ppo,aft|unseen_vessel|SS5,,-0.01954737267671325,-0.03577571093791554,-0.003428860708831814,True,0.27772545013584127,,0.27240073151942185,,200,,5,5,1000,1000,0,0,0,10000,20260926,0.95,"seeds per method, then one set of episode indices shared by both methods; p95 over each method's pooled resampled touched-down episodes (P3-D1 §4, P3-D4 #6)",results/e07/matrix/episodes.csv;results/e07/matrix/episodes.csv,"r = 1 - p95_a / p95_b; value_a1 / value_b1 are the pooled p95 closing speeds, m/s model scale"
secondary.r.unseen_vessel.SS5.timeouts,sensitivity (P3-D4 #8; not scored),H3,relative_p95_timeouts_worst,"residual_ppo_forecast vs residual_ppo, unseen_vessel SS5, aft",residual_ppo_forecast,residual_ppo,aft|unseen_vessel|SS5,,-0.01954737267671325,-0.03577571093791554,-0.003428860708831814,True,0.27772545013584127,,0.27240073151942185,,200,,5,5,1000,1000,0,0,0,10000,20260926,0.95,"seeds per method, then one set of episode indices shared by both methods; p95 over each method's pooled resampled touched-down episodes (P3-D1 §4, P3-D4 #6); timeouts ranked as the worst closing speed (P3-D4 #8)",results/e07/matrix/episodes.csv;results/e07/matrix/episodes.csv,"r = 1 - p95_a / p95_b; value_a1 / value_b1 are the pooled p95 closing speeds, m/s model scale"
secondary.r.unseen_vessel.SS6,"secondary (pre-registered, reported beside)",H3,relative_p95,"residual_ppo_forecast vs residual_ppo, unseen_vessel SS6, aft",residual_ppo_forecast,residual_ppo,aft|unseen_vessel|SS6,,0.00040454774424469875,-0.019390518043115926,0.02599402546603641,False,0.2780953099297768,,0.2782078582912797,,200,,5,5,1000,1000,0,0,0,10000,20260926,0.95,"seeds per method, then one set of episode indices shared by both methods; p95 over each method's pooled resampled touched-down episodes (P3-D1 §4, P3-D4 #6)",results/e07/matrix/episodes.csv;results/e07/matrix/episodes.csv,"r = 1 - p95_a / p95_b; value_a1 / value_b1 are the pooled p95 closing speeds, m/s model scale"
secondary.r.unseen_vessel.SS6.timeouts,sensitivity (P3-D4 #8; not scored),H3,relative_p95_timeouts_worst,"residual_ppo_forecast vs residual_ppo, unseen_vessel SS6, aft",residual_ppo_forecast,residual_ppo,aft|unseen_vessel|SS6,,0.00040454774424469875,-0.019390518043115926,0.02599402546603641,False,0.2780953099297768,,0.2782078582912797,,200,,5,5,1000,1000,0,0,0,10000,20260926,0.95,"seeds per method, then one set of episode indices shared by both methods; p95 over each method's pooled resampled touched-down episodes (P3-D1 §4, P3-D4 #6); timeouts ranked as the worst closing speed (P3-D4 #8)",results/e07/matrix/episodes.csv;results/e07/matrix/episodes.csv,"r = 1 - p95_a / p95_b; value_a1 / value_b1 are the pooled p95 closing speeds, m/s model scale"
H4.dd,scored,H4,drop_difference_mean,"drop_sin - drop_jon at id SS5, aft: drop_sin = ppo_sinusoid on sinusoid - on JONSWAP; drop_jon = ppo on JONSWAP - on sinusoid",ppo_sinusoid,ppo,results/e07/sinusoid/episodes.csv|aft|id|SS5,results/e07/matrix/episodes.csv|aft|id|SS5,0.0,0.0,0.0,False,1.0,1.0,1.0,1.0,200,200,5,5,,,,,,10000,20260926,0.95,"shared_episodes: seeds per method, shared by its two cells; one set of episode indices shared by both cells and both methods (P7-D1 §2)",results/e07/sinusoid/episodes.csv;results/e07/matrix/episodes.csv,success = mean over seeds x episodes (P3-D1 §4 per-episode paired mean); drop = cell 1 - cell 2; statistic = drop(a) - drop(b)
H4.dd.iqm,"post hoc, not scored",H4,drop_difference,"drop_sin - drop_jon at id SS5, aft: drop_sin = ppo_sinusoid on sinusoid - on JONSWAP; drop_jon = ppo on JONSWAP - on sinusoid; IQM over seeds instead of the mean",ppo_sinusoid,ppo,results/e07/sinusoid/episodes.csv|aft|id|SS5,results/e07/matrix/episodes.csv|aft|id|SS5,0.0,0.0,0.0,False,1.0,1.0,1.0,1.0,200,200,5,5,,,,,,10000,20260926,0.95,"shared_episodes: seeds per method, shared by its two cells; one set of episode indices shared by both cells and both methods (P7-D1 §2)",results/e07/sinusoid/episodes.csv;results/e07/matrix/episodes.csv,success = IQM over seeds of per-seed success rate; drop = cell 1 - cell 2; statistic = drop(a) - drop(b)
cg.ppo.id.SS3,descriptive (not scored),,drop,"ppo: success aft - CG, id SS3 (P7-D1 §5)",ppo,,results/e07/matrix/episodes.csv|aft|id|SS3,results/e07/cg/episodes.csv|cg|id|SS3,0.0,0.0,0.0,False,1.0,1.0,nan,nan,200,200,5,0,,,,,,10000,20260926,0.95,"shared_episodes: seeds per method, shared by its two cells; one set of episode indices shared by both cells and both methods (P7-D1 §2)",results/e07/matrix/episodes.csv;results/e07/cg/episodes.csv,success = IQM over seeds of per-seed success rate; drop = cell 1 - cell 2
cg.ppo.id.SS4,descriptive (not scored),,drop,"ppo: success aft - CG, id SS4 (P7-D1 §5)",ppo,,results/e07/matrix/episodes.csv|aft|id|SS4,results/e07/cg/episodes.csv|cg|id|SS4,0.0,0.0,0.0,False,1.0,1.0,nan,nan,200,200,5,0,,,,,,10000,20260926,0.95,"shared_episodes: seeds per method, shared by its two cells; one set of episode indices shared by both cells and both methods (P7-D1 §2)",results/e07/matrix/episodes.csv;results/e07/cg/episodes.csv,success = IQM over seeds of per-seed success rate; drop = cell 1 - cell 2
cg.ppo.id.SS5,descriptive (not scored),,drop,"ppo: success aft - CG, id SS5 (P7-D1 §5)",ppo,,results/e07/matrix/episodes.csv|aft|id|SS5,results/e07/cg/episodes.csv|cg|id|SS5,0.0016666666666665941,0.0,0.008333333333333304,False,1.0,0.9983333333333334,nan,nan,200,200,5,0,,,,,,10000,20260926,0.95,"shared_episodes: seeds per method, shared by its two cells; one set of episode indices shared by both cells and both methods (P7-D1 §2)",results/e07/matrix/episodes.csv;results/e07/cg/episodes.csv,success = IQM over seeds of per-seed success rate; drop = cell 1 - cell 2
cg.ppo.id.SS6,descriptive (not scored),,drop,"ppo: success aft - CG, id SS6 (P7-D1 §5)",ppo,,results/e07/matrix/episodes.csv|aft|id|SS6,results/e07/cg/episodes.csv|cg|id|SS6,-0.0050000000000001155,-0.016666666666666607,0.01000000000000012,False,0.9816666666666666,0.9866666666666667,nan,nan,200,200,5,0,,,,,,10000,20260926,0.95,"shared_episodes: seeds per method, shared by its two cells; one set of episode indices shared by both cells and both methods (P7-D1 §2)",results/e07/matrix/episodes.csv;results/e07/cg/episodes.csv,success = IQM over seeds of per-seed success rate; drop = cell 1 - cell 2
cg.sac.id.SS3,descriptive (not scored),,drop,"sac: success aft - CG, id SS3 (P7-D1 §5)",sac,,results/e07/matrix/episodes.csv|aft|id|SS3,results/e07/cg/episodes.csv|cg|id|SS3,0.0016666666666667052,-0.008333333333333526,0.01000000000000012,False,0.9983333333333334,0.9966666666666667,nan,nan,200,200,5,0,,,,,,10000,20260926,0.95,"shared_episodes: seeds per method, shared by its two cells; one set of episode indices shared by both cells and both methods (P7-D1 §2)",results/e07/matrix/episodes.csv;results/e07/cg/episodes.csv,success = IQM over seeds of per-seed success rate; drop = cell 1 - cell 2
cg.sac.id.SS4,descriptive (not scored),,drop,"sac: success aft - CG, id SS4 (P7-D1 §5)",sac,,results/e07/matrix/episodes.csv|aft|id|SS4,results/e07/cg/episodes.csv|cg|id|SS4,0.03666666666666685,-0.003333333333333302,0.06833333333333336,False,0.9816666666666668,0.945,nan,nan,200,200,5,0,,,,,,10000,20260926,0.95,"shared_episodes: seeds per method, shared by its two cells; one set of episode indices shared by both cells and both methods (P7-D1 §2)",results/e07/matrix/episodes.csv;results/e07/cg/episodes.csv,success = IQM over seeds of per-seed success rate; drop = cell 1 - cell 2
cg.sac.id.SS5,descriptive (not scored),,drop,"sac: success aft - CG, id SS5 (P7-D1 §5)",sac,,results/e07/matrix/episodes.csv|aft|id|SS5,results/e07/cg/episodes.csv|cg|id|SS5,0.1533333333333332,0.043333333333333446,0.2466666666666666,True,0.87,0.7166666666666668,nan,nan,200,200,5,0,,,,,,10000,20260926,0.95,"shared_episodes: seeds per method, shared by its two cells; one set of episode indices shared by both cells and both methods (P7-D1 §2)",results/e07/matrix/episodes.csv;results/e07/cg/episodes.csv,success = IQM over seeds of per-seed success rate; drop = cell 1 - cell 2
cg.sac.id.SS6,descriptive (not scored),,drop,"sac: success aft - CG, id SS6 (P7-D1 §5)",sac,,results/e07/matrix/episodes.csv|aft|id|SS6,results/e07/cg/episodes.csv|cg|id|SS6,0.23833333333333334,0.11333333333333351,0.30500000000000005,True,0.725,0.48666666666666664,nan,nan,200,200,5,0,,,,,,10000,20260926,0.95,"shared_episodes: seeds per method, shared by its two cells; one set of episode indices shared by both cells and both methods (P7-D1 §2)",results/e07/matrix/episodes.csv;results/e07/cg/episodes.csv,success = IQM over seeds of per-seed success rate; drop = cell 1 - cell 2
cg.residual_ppo.id.SS3,descriptive (not scored),,drop,"residual_ppo: success aft - CG, id SS3 (P7-D1 §5)",residual_ppo,,results/e07/matrix/episodes.csv|aft|id|SS3,results/e07/cg/episodes.csv|cg|id|SS3,0.0,0.0,0.0,False,1.0,1.0,nan,nan,200,200,5,0,,,,,,10000,20260926,0.95,"shared_episodes: seeds per method, shared by its two cells; one set of episode indices shared by both cells and both methods (P7-D1 §2)",results/e07/matrix/episodes.csv;results/e07/cg/episodes.csv,success = IQM over seeds of per-seed success rate; drop = cell 1 - cell 2
cg.residual_ppo.id.SS4,descriptive (not scored),,drop,"residual_ppo: success aft - CG, id SS4 (P7-D1 §5)",residual_ppo,,results/e07/matrix/episodes.csv|aft|id|SS4,results/e07/cg/episodes.csv|cg|id|SS4,0.0,0.0,0.0,False,1.0,1.0,nan,nan,200,200,5,0,,,,,,10000,20260926,0.95,"shared_episodes: seeds per method, shared by its two cells; one set of episode indices shared by both cells and both methods (P7-D1 §2)",results/e07/matrix/episodes.csv;results/e07/cg/episodes.csv,success = IQM over seeds of per-seed success rate; drop = cell 1 - cell 2
cg.residual_ppo.id.SS5,descriptive (not scored),,drop,"residual_ppo: success aft - CG, id SS5 (P7-D1 §5)",residual_ppo,,results/e07/matrix/episodes.csv|aft|id|SS5,results/e07/cg/episodes.csv|cg|id|SS5,0.0033333333333332993,-0.0016666666666668162,0.015000000000000017,False,0.995,0.9916666666666667,nan,nan,200,200,5,0,,,,,,10000,20260926,0.95,"shared_episodes: seeds per method, shared by its two cells; one set of episode indices shared by both cells and both methods (P7-D1 §2)",results/e07/matrix/episodes.csv;results/e07/cg/episodes.csv,success = IQM over seeds of per-seed success rate; drop = cell 1 - cell 2
cg.residual_ppo.id.SS6,descriptive (not scored),,drop,"residual_ppo: success aft - CG, id SS6 (P7-D1 §5)",residual_ppo,,results/e07/matrix/episodes.csv|aft|id|SS6,results/e07/cg/episodes.csv|cg|id|SS6,0.0,-0.025000000000000022,0.02833333333333332,False,0.9616666666666666,0.9616666666666666,nan,nan,200,200,5,0,,,,,,10000,20260926,0.95,"shared_episodes: seeds per method, shared by its two cells; one set of episode indices shared by both cells and both methods (P7-D1 §2)",results/e07/matrix/episodes.csv;results/e07/cg/episodes.csv,success = IQM over seeds of per-seed success rate; drop = cell 1 - cell 2
cg.ppo_forecast.id.SS3,descriptive (not scored),,drop,"ppo_forecast: success aft - CG, id SS3 (P7-D1 §5)",ppo_forecast,,results/e07/matrix/episodes.csv|aft|id|SS3,results/e07/cg/episodes.csv|cg|id|SS3,0.0,0.0,0.0,False,1.0,1.0,nan,nan,200,200,5,0,,,,,,10000,20260926,0.95,"shared_episodes: seeds per method, shared by its two cells; one set of episode indices shared by both cells and both methods (P7-D1 §2)",results/e07/matrix/episodes.csv;results/e07/cg/episodes.csv,success = IQM over seeds of per-seed success rate; drop = cell 1 - cell 2
cg.ppo_forecast.id.SS4,descriptive (not scored),,drop,"ppo_forecast: success aft - CG, id SS4 (P7-D1 §5)",ppo_forecast,,results/e07/matrix/episodes.csv|aft|id|SS4,results/e07/cg/episodes.csv|cg|id|SS4,0.0,0.0,0.0,False,1.0,1.0,nan,nan,200,200,5,0,,,,,,10000,20260926,0.95,"shared_episodes: seeds per method, shared by its two cells; one set of episode indices shared by both cells and both methods (P7-D1 §2)",results/e07/matrix/episodes.csv;results/e07/cg/episodes.csv,success = IQM over seeds of per-seed success rate; drop = cell 1 - cell 2
cg.ppo_forecast.id.SS5,descriptive (not scored),,drop,"ppo_forecast: success aft - CG, id SS5 (P7-D1 §5)",ppo_forecast,,results/e07/matrix/episodes.csv|aft|id|SS5,results/e07/cg/episodes.csv|cg|id|SS5,0.0016666666666665941,0.0,0.011666666666666714,False,1.0,0.9983333333333334,nan,nan,200,200,5,0,,,,,,10000,20260926,0.95,"shared_episodes: seeds per method, shared by its two cells; one set of episode indices shared by both cells and both methods (P7-D1 §2)",results/e07/matrix/episodes.csv;results/e07/cg/episodes.csv,success = IQM over seeds of per-seed success rate; drop = cell 1 - cell 2
cg.ppo_forecast.id.SS6,descriptive (not scored),,drop,"ppo_forecast: success aft - CG, id SS6 (P7-D1 §5)",ppo_forecast,,results/e07/matrix/episodes.csv|aft|id|SS6,results/e07/cg/episodes.csv|cg|id|SS6,0.0033333333333334103,-0.008333333333333526,0.021666666666666723,False,0.98,0.9766666666666666,nan,nan,200,200,5,0,,,,,,10000,20260926,0.95,"shared_episodes: seeds per method, shared by its two cells; one set of episode indices shared by both cells and both methods (P7-D1 §2)",results/e07/matrix/episodes.csv;results/e07/cg/episodes.csv,success = IQM over seeds of per-seed success rate; drop = cell 1 - cell 2
cg.residual_ppo_forecast.id.SS3,descriptive (not scored),,drop,"residual_ppo_forecast: success aft - CG, id SS3 (P7-D1 §5)",residual_ppo_forecast,,results/e07/matrix/episodes.csv|aft|id|SS3,results/e07/cg/episodes.csv|cg|id|SS3,0.0,0.0,0.0,False,1.0,1.0,nan,nan,200,200,5,0,,,,,,10000,20260926,0.95,"shared_episodes: seeds per method, shared by its two cells; one set of episode indices shared by both cells and both methods (P7-D1 §2)",results/e07/matrix/episodes.csv;results/e07/cg/episodes.csv,success = IQM over seeds of per-seed success rate; drop = cell 1 - cell 2
cg.residual_ppo_forecast.id.SS4,descriptive (not scored),,drop,"residual_ppo_forecast: success aft - CG, id SS4 (P7-D1 §5)",residual_ppo_forecast,,results/e07/matrix/episodes.csv|aft|id|SS4,results/e07/cg/episodes.csv|cg|id|SS4,0.0,0.0,0.0,False,1.0,1.0,nan,nan,200,200,5,0,,,,,,10000,20260926,0.95,"shared_episodes: seeds per method, shared by its two cells; one set of episode indices shared by both cells and both methods (P7-D1 §2)",results/e07/matrix/episodes.csv;results/e07/cg/episodes.csv,success = IQM over seeds of per-seed success rate; drop = cell 1 - cell 2
cg.residual_ppo_forecast.id.SS5,descriptive (not scored),,drop,"residual_ppo_forecast: success aft - CG, id SS5 (P7-D1 §5)",residual_ppo_forecast,,results/e07/matrix/episodes.csv|aft|id|SS5,results/e07/cg/episodes.csv|cg|id|SS5,0.0,-0.008333333333333304,0.00666666666666671,False,0.995,0.995,nan,nan,200,200,5,0,,,,,,10000,20260926,0.95,"shared_episodes: seeds per method, shared by its two cells; one set of episode indices shared by both cells and both methods (P7-D1 §2)",results/e07/matrix/episodes.csv;results/e07/cg/episodes.csv,success = IQM over seeds of per-seed success rate; drop = cell 1 - cell 2
cg.residual_ppo_forecast.id.SS6,descriptive (not scored),,drop,"residual_ppo_forecast: success aft - CG, id SS6 (P7-D1 §5)",residual_ppo_forecast,,results/e07/matrix/episodes.csv|aft|id|SS6,results/e07/cg/episodes.csv|cg|id|SS6,-0.0016666666666667052,-0.020000000000000018,0.026666666666666727,False,0.9683333333333334,0.9700000000000001,nan,nan,200,200,5,0,,,,,,10000,20260926,0.95,"shared_episodes: seeds per method, shared by its two cells; one set of episode indices shared by both cells and both methods (P7-D1 §2)",results/e07/matrix/episodes.csv;results/e07/cg/episodes.csv,success = IQM over seeds of per-seed success rate; drop = cell 1 - cell 2
cg.ppo_sinusoid.id.SS3,descriptive (not scored),,drop,"ppo_sinusoid: success aft - CG, id SS3 (P7-D1 §5)",ppo_sinusoid,,results/e07/matrix/episodes.csv|aft|id|SS3,results/e07/cg/episodes.csv|cg|id|SS3,0.0,0.0,0.0,False,1.0,1.0,nan,nan,200,200,5,0,,,,,,10000,20260926,0.95,"shared_episodes: seeds per method, shared by its two cells; one set of episode indices shared by both cells and both methods (P7-D1 §2)",results/e07/matrix/episodes.csv;results/e07/cg/episodes.csv,success = IQM over seeds of per-seed success rate; drop = cell 1 - cell 2
cg.ppo_sinusoid.id.SS4,descriptive (not scored),,drop,"ppo_sinusoid: success aft - CG, id SS4 (P7-D1 §5)",ppo_sinusoid,,results/e07/matrix/episodes.csv|aft|id|SS4,results/e07/cg/episodes.csv|cg|id|SS4,0.0,0.0,0.0,False,1.0,1.0,nan,nan,200,200,5,0,,,,,,10000,20260926,0.95,"shared_episodes: seeds per method, shared by its two cells; one set of episode indices shared by both cells and both methods (P7-D1 §2)",results/e07/matrix/episodes.csv;results/e07/cg/episodes.csv,success = IQM over seeds of per-seed success rate; drop = cell 1 - cell 2
cg.ppo_sinusoid.id.SS5,descriptive (not scored),,drop,"ppo_sinusoid: success aft - CG, id SS5 (P7-D1 §5)",ppo_sinusoid,,results/e07/matrix/episodes.csv|aft|id|SS5,results/e07/cg/episodes.csv|cg|id|SS5,0.0,0.0,0.0050000000000000044,False,1.0,1.0,nan,nan,200,200,5,0,,,,,,10000,20260926,0.95,"shared_episodes: seeds per method, shared by its two cells; one set of episode indices shared by both cells and both methods (P7-D1 §2)",results/e07/matrix/episodes.csv;results/e07/cg/episodes.csv,success = IQM over seeds of per-seed success rate; drop = cell 1 - cell 2
cg.ppo_sinusoid.id.SS6,descriptive (not scored),,drop,"ppo_sinusoid: success aft - CG, id SS6 (P7-D1 §5)",ppo_sinusoid,,results/e07/matrix/episodes.csv|aft|id|SS6,results/e07/cg/episodes.csv|cg|id|SS6,-0.0016666666666667052,-0.01333333333333342,0.008333333333333304,False,0.9733333333333333,0.975,nan,nan,200,200,5,0,,,,,,10000,20260926,0.95,"shared_episodes: seeds per method, shared by its two cells; one set of episode indices shared by both cells and both methods (P7-D1 §2)",results/e07/matrix/episodes.csv;results/e07/cg/episodes.csv,success = IQM over seeds of per-seed success rate; drop = cell 1 - cell 2
cg.pid_track_descend.id.SS3,descriptive (not scored),,drop,"pid_track_descend: success aft - CG, id SS3 (P7-D1 §5)",pid_track_descend,,results/e01/episodes.csv|aft|id|SS3,results/e02/episodes.csv|cg|id|SS3,0.0,0.0,0.0,False,1.0,1.0,nan,nan,200,200,1,0,,,,,,10000,20260926,0.95,"shared_episodes: seeds per method, shared by its two cells; one set of episode indices shared by both cells and both methods (P7-D1 §2)",results/e01/episodes.csv;results/e02/episodes.csv,success = IQM over seeds of per-seed success rate; drop = cell 1 - cell 2
cg.pid_track_descend.id.SS4,descriptive (not scored),,drop,"pid_track_descend: success aft - CG, id SS4 (P7-D1 §5)",pid_track_descend,,results/e01/episodes.csv|aft|id|SS4,results/e02/episodes.csv|cg|id|SS4,-0.03500000000000003,-0.06499999999999995,-0.0050000000000000044,True,0.96,0.995,nan,nan,200,200,1,0,,,,,,10000,20260926,0.95,"shared_episodes: seeds per method, shared by its two cells; one set of episode indices shared by both cells and both methods (P7-D1 §2)",results/e01/episodes.csv;results/e02/episodes.csv,success = IQM over seeds of per-seed success rate; drop = cell 1 - cell 2
cg.pid_track_descend.id.SS5,descriptive (not scored),,drop,"pid_track_descend: success aft - CG, id SS5 (P7-D1 §5)",pid_track_descend,,results/e01/episodes.csv|aft|id|SS5,results/e02/episodes.csv|cg|id|SS5,-0.10999999999999999,-0.16999999999999993,-0.05499999999999994,True,0.85,0.96,nan,nan,200,200,1,0,,,,,,10000,20260926,0.95,"shared_episodes: seeds per method, shared by its two cells; one set of episode indices shared by both cells and both methods (P7-D1 §2)",results/e01/episodes.csv;results/e02/episodes.csv,success = IQM over seeds of per-seed success rate; drop = cell 1 - cell 2
cg.pid_track_descend.id.SS6,descriptive (not scored),,drop,"pid_track_descend: success aft - CG, id SS6 (P7-D1 §5)",pid_track_descend,,results/e01/episodes.csv|aft|id|SS6,results/e02/episodes.csv|cg|id|SS6,0.030000000000000027,-0.040000000000000036,0.09999999999999998,False,0.8,0.77,nan,nan,200,200,1,0,,,,,,10000,20260926,0.95,"shared_episodes: seeds per method, shared by its two cells; one set of episode indices shared by both cells and both methods (P7-D1 §2)",results/e01/episodes.csv;results/e02/episodes.csv,success = IQM over seeds of per-seed success rate; drop = cell 1 - cell 2
cg.pid_feedforward.id.SS3,descriptive (not scored),,drop,"pid_feedforward: success aft - CG, id SS3 (P7-D1 §5)",pid_feedforward,,results/e01/episodes.csv|aft|id|SS3,results/e02/episodes.csv|cg|id|SS3,0.0,0.0,0.0,False,1.0,1.0,nan,nan,200,200,1,0,,,,,,10000,20260926,0.95,"shared_episodes: seeds per method, shared by its two cells; one set of episode indices shared by both cells and both methods (P7-D1 §2)",results/e01/episodes.csv;results/e02/episodes.csv,success = IQM over seeds of per-seed success rate; drop = cell 1 - cell 2
cg.pid_feedforward.id.SS4,descriptive (not scored),,drop,"pid_feedforward: success aft - CG, id SS4 (P7-D1 §5)",pid_feedforward,,results/e01/episodes.csv|aft|id|SS4,results/e02/episodes.csv|cg|id|SS4,0.0,0.0,0.0,False,1.0,1.0,nan,nan,200,200,1,0,,,,,,10000,20260926,0.95,"shared_episodes: seeds per method, shared by its two cells; one set of episode indices shared by both cells and both methods (P7-D1 §2)",results/e01/episodes.csv;results/e02/episodes.csv,success = IQM over seeds of per-seed success rate; drop = cell 1 - cell 2
cg.pid_feedforward.id.SS5,descriptive (not scored),,drop,"pid_feedforward: success aft - CG, id SS5 (P7-D1 §5)",pid_feedforward,,results/e01/episodes.csv|aft|id|SS5,results/e02/episodes.csv|cg|id|SS5,0.0050000000000000044,-0.010000000000000009,0.020000000000000018,False,0.99,0.985,nan,nan,200,200,1,0,,,,,,10000,20260926,0.95,"shared_episodes: seeds per method, shared by its two cells; one set of episode indices shared by both cells and both methods (P7-D1 §2)",results/e01/episodes.csv;results/e02/episodes.csv,success = IQM over seeds of per-seed success rate; drop = cell 1 - cell 2
cg.pid_feedforward.id.SS6,descriptive (not scored),,drop,"pid_feedforward: success aft - CG, id SS6 (P7-D1 §5)",pid_feedforward,,results/e01/episodes.csv|aft|id|SS6,results/e02/episodes.csv|cg|id|SS6,-0.015000000000000013,-0.05999999999999994,0.025000000000000022,False,0.905,0.92,nan,nan,200,200,1,0,,,,,,10000,20260926,0.95,"shared_episodes: seeds per method, shared by its two cells; one set of episode indices shared by both cells and both methods (P7-D1 §2)",results/e01/episodes.csv;results/e02/episodes.csv,success = IQM over seeds of per-seed success rate; drop = cell 1 - cell 2
cg.pid_feedforward_lowvz.id.SS3,descriptive (not scored),,drop,"pid_feedforward_lowvz: success aft - CG, id SS3 (P7-D1 §5)",pid_feedforward_lowvz,,results/e01/episodes.csv|aft|id|SS3,results/e02/episodes.csv|cg|id|SS3,0.0,0.0,0.0,False,1.0,1.0,nan,nan,200,200,1,0,,,,,,10000,20260926,0.95,"shared_episodes: seeds per method, shared by its two cells; one set of episode indices shared by both cells and both methods (P7-D1 §2)",results/e01/episodes.csv;results/e02/episodes.csv,success = IQM over seeds of per-seed success rate; drop = cell 1 - cell 2
cg.pid_feedforward_lowvz.id.SS4,descriptive (not scored),,drop,"pid_feedforward_lowvz: success aft - CG, id SS4 (P7-D1 §5)",pid_feedforward_lowvz,,results/e01/episodes.csv|aft|id|SS4,results/e02/episodes.csv|cg|id|SS4,-0.0050000000000000044,-0.030000000000000027,0.015000000000000013,False,0.98,0.985,nan,nan,200,200,1,0,,,,,,10000,20260926,0.95,"shared_episodes: seeds per method, shared by its two cells; one set of episode indices shared by both cells and both methods (P7-D1 §2)",results/e01/episodes.csv;results/e02/episodes.csv,success = IQM over seeds of per-seed success rate; drop = cell 1 - cell 2
cg.pid_feedforward_lowvz.id.SS5,descriptive (not scored),,drop,"pid_feedforward_lowvz: success aft - CG, id SS5 (P7-D1 §5)",pid_feedforward_lowvz,,results/e01/episodes.csv|aft|id|SS5,results/e02/episodes.csv|cg|id|SS5,0.0050000000000000044,-0.030000000000000027,0.04499999999999993,False,0.955,0.95,nan,nan,200,200,1,0,,,,,,10000,20260926,0.95,"shared_episodes: seeds per method, shared by its two cells; one set of episode indices shared by both cells and both methods (P7-D1 §2)",results/e01/episodes.csv;results/e02/episodes.csv,success = IQM over seeds of per-seed success rate; drop = cell 1 - cell 2
cg.pid_feedforward_lowvz.id.SS6,descriptive (not scored),,drop,"pid_feedforward_lowvz: success aft - CG, id SS6 (P7-D1 §5)",pid_feedforward_lowvz,,results/e01/episodes.csv|aft|id|SS6,results/e02/episodes.csv|cg|id|SS6,0.025000000000000022,-0.040000000000000036,0.08999999999999997,False,0.85,0.825,nan,nan,200,200,1,0,,,,,,10000,20260926,0.95,"shared_episodes: seeds per method, shared by its two cells; one set of episode indices shared by both cells and both methods (P7-D1 §2)",results/e01/episodes.csv;results/e02/episodes.csv,success = IQM over seeds of per-seed success rate; drop = cell 1 - cell 2
cg.pid_feedforward_lowvz_cut.id.SS3,descriptive (not scored),,drop,"pid_feedforward_lowvz_cut: success aft - CG, id SS3 (P7-D1 §5)",pid_feedforward_lowvz_cut,,results/e01_lowvz_cut/episodes.csv|aft|id|SS3,results/e07/cg/episodes.csv|cg|id|SS3,0.0,0.0,0.0,False,1.0,1.0,nan,nan,200,200,1,0,,,,,,10000,20260926,0.95,"shared_episodes: seeds per method, shared by its two cells; one set of episode indices shared by both cells and both methods (P7-D1 §2)",results/e01_lowvz_cut/episodes.csv;results/e07/cg/episodes.csv,success = IQM over seeds of per-seed success rate; drop = cell 1 - cell 2
cg.pid_feedforward_lowvz_cut.id.SS4,descriptive (not scored),,drop,"pid_feedforward_lowvz_cut: success aft - CG, id SS4 (P7-D1 §5)",pid_feedforward_lowvz_cut,,results/e01_lowvz_cut/episodes.csv|aft|id|SS4,results/e07/cg/episodes.csv|cg|id|SS4,-0.0050000000000000044,-0.025000000000000022,0.010000000000000009,False,0.985,0.99,nan,nan,200,200,1,0,,,,,,10000,20260926,0.95,"shared_episodes: seeds per method, shared by its two cells; one set of episode indices shared by both cells and both methods (P7-D1 §2)",results/e01_lowvz_cut/episodes.csv;results/e07/cg/episodes.csv,success = IQM over seeds of per-seed success rate; drop = cell 1 - cell 2
cg.pid_feedforward_lowvz_cut.id.SS5,descriptive (not scored),,drop,"pid_feedforward_lowvz_cut: success aft - CG, id SS5 (P7-D1 §5)",pid_feedforward_lowvz_cut,,results/e01_lowvz_cut/episodes.csv|aft|id|SS5,results/e07/cg/episodes.csv|cg|id|SS5,0.015000000000000013,-0.010000000000000009,0.040000000000000036,False,0.98,0.965,nan,nan,200,200,1,0,,,,,,10000,20260926,0.95,"shared_episodes: seeds per method, shared by its two cells; one set of episode indices shared by both cells and both methods (P7-D1 §2)",results/e01_lowvz_cut/episodes.csv;results/e07/cg/episodes.csv,success = IQM over seeds of per-seed success rate; drop = cell 1 - cell 2
cg.pid_feedforward_lowvz_cut.id.SS6,descriptive (not scored),,drop,"pid_feedforward_lowvz_cut: success aft - CG, id SS6 (P7-D1 §5)",pid_feedforward_lowvz_cut,,results/e01_lowvz_cut/episodes.csv|aft|id|SS6,results/e07/cg/episodes.csv|cg|id|SS6,0.0050000000000000044,-0.05500000000000005,0.06500000000000006,False,0.88,0.875,nan,nan,200,200,1,0,,,,,,10000,20260926,0.95,"shared_episodes: seeds per method, shared by its two cells; one set of episode indices shared by both cells and both methods (P7-D1 §2)",results/e01_lowvz_cut/episodes.csv;results/e07/cg/episodes.csv,success = IQM over seeds of per-seed success rate; drop = cell 1 - cell 2
cg.gated.id.SS3,descriptive (not scored),,drop,"gated: success aft - CG, id SS3 (P7-D1 §5)",gated,,results/e01/episodes.csv|aft|id|SS3,results/e02/episodes.csv|cg|id|SS3,0.0,0.0,0.0,False,1.0,1.0,nan,nan,200,200,1,0,,,,,,10000,20260926,0.95,"shared_episodes: seeds per method, shared by its two cells; one set of episode indices shared by both cells and both methods (P7-D1 §2)",results/e01/episodes.csv;results/e02/episodes.csv,success = IQM over seeds of per-seed success rate; drop = cell 1 - cell 2
cg.gated.id.SS4,descriptive (not scored),,drop,"gated: success aft - CG, id SS4 (P7-D1 §5)",gated,,results/e01/episodes.csv|aft|id|SS4,results/e02/episodes.csv|cg|id|SS4,-0.0050000000000000044,-0.015000000000000013,0.0,False,0.985,0.99,nan,nan,200,200,1,0,,,,,,10000,20260926,0.95,"shared_episodes: seeds per method, shared by its two cells; one set of episode indices shared by both cells and both methods (P7-D1 §2)",results/e01/episodes.csv;results/e02/episodes.csv,success = IQM over seeds of per-seed success rate; drop = cell 1 - cell 2
cg.gated.id.SS5,descriptive (not scored),,drop,"gated: success aft - CG, id SS5 (P7-D1 §5)",gated,,results/e01/episodes.csv|aft|id|SS5,results/e02/episodes.csv|cg|id|SS5,-0.025000000000000022,-0.050000000000000044,0.0,False,0.895,0.92,nan,nan,200,200,1,0,,,,,,10000,20260926,0.95,"shared_episodes: seeds per method, shared by its two cells; one set of episode indices shared by both cells and both methods (P7-D1 §2)",results/e01/episodes.csv;results/e02/episodes.csv,success = IQM over seeds of per-seed success rate; drop = cell 1 - cell 2
cg.gated.id.SS6,descriptive (not scored),,drop,"gated: success aft - CG, id SS6 (P7-D1 §5)",gated,,results/e01/episodes.csv|aft|id|SS6,results/e02/episodes.csv|cg|id|SS6,-0.030000000000000027,-0.06500000000000006,0.0050000000000000044,False,0.63,0.66,nan,nan,200,200,1,0,,,,,,10000,20260926,0.95,"shared_episodes: seeds per method, shared by its two cells; one set of episode indices shared by both cells and both methods (P7-D1 §2)",results/e01/episodes.csv;results/e02/episodes.csv,success = IQM over seeds of per-seed success rate; drop = cell 1 - cell 2
cg.oracle_gated.id.SS3,descriptive (not scored),,drop,"oracle_gated: success aft - CG, id SS3 (P7-D1 §5)",oracle_gated,,results/e01/episodes.csv|aft|id|SS3,results/e02/episodes.csv|cg|id|SS3,0.0,0.0,0.0,False,1.0,1.0,nan,nan,200,200,1,0,,,,,,10000,20260926,0.95,"shared_episodes: seeds per method, shared by its two cells; one set of episode indices shared by both cells and both methods (P7-D1 §2)",results/e01/episodes.csv;results/e02/episodes.csv,success = IQM over seeds of per-seed success rate; drop = cell 1 - cell 2
cg.oracle_gated.id.SS4,descriptive (not scored),,drop,"oracle_gated: success aft - CG, id SS4 (P7-D1 §5)",oracle_gated,,results/e01/episodes.csv|aft|id|SS4,results/e02/episodes.csv|cg|id|SS4,-0.0050000000000000044,-0.015000000000000013,0.0,False,0.985,0.99,nan,nan,200,200,1,0,,,,,,10000,20260926,0.95,"shared_episodes: seeds per method, shared by its two cells; one set of episode indices shared by both cells and both methods (P7-D1 §2)",results/e01/episodes.csv;results/e02/episodes.csv,success = IQM over seeds of per-seed success rate; drop = cell 1 - cell 2
cg.oracle_gated.id.SS5,descriptive (not scored),,drop,"oracle_gated: success aft - CG, id SS5 (P7-D1 §5)",oracle_gated,,results/e01/episodes.csv|aft|id|SS5,results/e02/episodes.csv|cg|id|SS5,-0.020000000000000018,-0.04500000000000004,0.0,False,0.89,0.91,nan,nan,200,200,1,0,,,,,,10000,20260926,0.95,"shared_episodes: seeds per method, shared by its two cells; one set of episode indices shared by both cells and both methods (P7-D1 §2)",results/e01/episodes.csv;results/e02/episodes.csv,success = IQM over seeds of per-seed success rate; drop = cell 1 - cell 2
cg.oracle_gated.id.SS6,descriptive (not scored),,drop,"oracle_gated: success aft - CG, id SS6 (P7-D1 §5)",oracle_gated,,results/e01/episodes.csv|aft|id|SS6,results/e02/episodes.csv|cg|id|SS6,-0.010000000000000009,-0.04999999999999993,0.030000000000000027,False,0.645,0.655,nan,nan,200,200,1,0,,,,,,10000,20260926,0.95,"shared_episodes: seeds per method, shared by its two cells; one set of episode indices shared by both cells and both methods (P7-D1 §2)",results/e01/episodes.csv;results/e02/episodes.csv,success = IQM over seeds of per-seed success rate; drop = cell 1 - cell 2
cg.ppo.unseen_seastate.SS6,descriptive (not scored),,drop,"ppo: success aft - CG, unseen_seastate SS6 (P7-D1 §5)",ppo,,results/e07/matrix/episodes.csv|aft|unseen_seastate|SS6,results/e07/cg/episodes.csv|cg|unseen_seastate|SS6,0.006666666666666599,-0.013333333333333308,0.023333333333333428,False,0.9733333333333333,0.9666666666666667,nan,nan,200,200,5,0,,,,,,10000,20260926,0.95,"shared_episodes: seeds per method, shared by its two cells; one set of episode indices shared by both cells and both methods (P7-D1 §2)",results/e07/matrix/episodes.csv;results/e07/cg/episodes.csv,success = IQM over seeds of per-seed success rate; drop = cell 1 - cell 2
cg.sac.unseen_seastate.SS6,descriptive (not scored),,drop,"sac: success aft - CG, unseen_seastate SS6 (P7-D1 §5)",sac,,results/e07/matrix/episodes.csv|aft|unseen_seastate|SS6,results/e07/cg/episodes.csv|cg|unseen_seastate|SS6,0.20166666666666666,0.10499999999999998,0.2783333333333333,True,0.7016666666666667,0.5,nan,nan,200,200,5,0,,,,,,10000,20260926,0.95,"shared_episodes: seeds per method, shared by its two cells; one set of episode indices shared by both cells and both methods (P7-D1 §2)",results/e07/matrix/episodes.csv;results/e07/cg/episodes.csv,success = IQM over seeds of per-seed success rate; drop = cell 1 - cell 2
cg.residual_ppo.unseen_seastate.SS6,descriptive (not scored),,drop,"residual_ppo: success aft - CG, unseen_seastate SS6 (P7-D1 §5)",residual_ppo,,results/e07/matrix/episodes.csv|aft|unseen_seastate|SS6,results/e07/cg/episodes.csv|cg|unseen_seastate|SS6,-0.00666666666666671,-0.021666666666666723,0.011666666666666714,False,0.9533333333333333,0.96,nan,nan,200,200,5,0,,,,,,10000,20260926,0.95,"shared_episodes: seeds per method, shared by its two cells; one set of episode indices shared by both cells and both methods (P7-D1 §2)",results/e07/matrix/episodes.csv;results/e07/cg/episodes.csv,success = IQM over seeds of per-seed success rate; drop = cell 1 - cell 2
cg.ppo_forecast.unseen_seastate.SS6,descriptive (not scored),,drop,"ppo_forecast: success aft - CG, unseen_seastate SS6 (P7-D1 §5)",ppo_forecast,,results/e07/matrix/episodes.csv|aft|unseen_seastate|SS6,results/e07/cg/episodes.csv|cg|unseen_seastate|SS6,-0.0016666666666665941,-0.015000000000000013,0.016666666666666607,False,0.9666666666666667,0.9683333333333333,nan,nan,200,200,5,0,,,,,,10000,20260926,0.95,"shared_episodes: seeds per method, shared by its two cells; one set of episode indices shared by both cells and both methods (P7-D1 §2)",results/e07/matrix/episodes.csv;results/e07/cg/episodes.csv,success = IQM over seeds of per-seed success rate; drop = cell 1 - cell 2
cg.residual_ppo_forecast.unseen_seastate.SS6,descriptive (not scored),,drop,"residual_ppo_forecast: success aft - CG, unseen_seastate SS6 (P7-D1 §5)",residual_ppo_forecast,,results/e07/matrix/episodes.csv|aft|unseen_seastate|SS6,results/e07/cg/episodes.csv|cg|unseen_seastate|SS6,0.0050000000000001155,-0.018333333333333313,0.026666666666666505,False,0.9583333333333334,0.9533333333333333,nan,nan,200,200,5,0,,,,,,10000,20260926,0.95,"shared_episodes: seeds per method, shared by its two cells; one set of episode indices shared by both cells and both methods (P7-D1 §2)",results/e07/matrix/episodes.csv;results/e07/cg/episodes.csv,success = IQM over seeds of per-seed success rate; drop = cell 1 - cell 2
cg.ppo_sinusoid.unseen_seastate.SS6,descriptive (not scored),,drop,"ppo_sinusoid: success aft - CG, unseen_seastate SS6 (P7-D1 §5)",ppo_sinusoid,,results/e07/matrix/episodes.csv|aft|unseen_seastate|SS6,results/e07/cg/episodes.csv|cg|unseen_seastate|SS6,0.0016666666666667052,-0.015000000000000013,0.020000000000000018,False,0.975,0.9733333333333333,nan,nan,200,200,5,0,,,,,,10000,20260926,0.95,"shared_episodes: seeds per method, shared by its two cells; one set of episode indices shared by both cells and both methods (P7-D1 §2)",results/e07/matrix/episodes.csv;results/e07/cg/episodes.csv,success = IQM over seeds of per-seed success rate; drop = cell 1 - cell 2
cg.pid_track_descend.unseen_seastate.SS6,descriptive (not scored),,drop,"pid_track_descend: success aft - CG, unseen_seastate SS6 (P7-D1 §5)",pid_track_descend,,results/e01/episodes.csv|aft|unseen_seastate|SS6,results/e02/episodes.csv|cg|unseen_seastate|SS6,-0.02499999999999991,-0.08999999999999997,0.039999999999999925,False,0.81,0.835,nan,nan,200,200,1,0,,,,,,10000,20260926,0.95,"shared_episodes: seeds per method, shared by its two cells; one set of episode indices shared by both cells and both methods (P7-D1 §2)",results/e01/episodes.csv;results/e02/episodes.csv,success = IQM over seeds of per-seed success rate; drop = cell 1 - cell 2
cg.pid_feedforward.unseen_seastate.SS6,descriptive (not scored),,drop,"pid_feedforward: success aft - CG, unseen_seastate SS6 (P7-D1 §5)",pid_feedforward,,results/e01/episodes.csv|aft|unseen_seastate|SS6,results/e02/episodes.csv|cg|unseen_seastate|SS6,-0.020000000000000018,-0.06499999999999995,0.025000000000000022,False,0.9,0.92,nan,nan,200,200,1,0,,,,,,10000,20260926,0.95,"shared_episodes: seeds per method, shared by its two cells; one set of episode indices shared by both cells and both methods (P7-D1 §2)",results/e01/episodes.csv;results/e02/episodes.csv,success = IQM over seeds of per-seed success rate; drop = cell 1 - cell 2
cg.pid_feedforward_lowvz.unseen_seastate.SS6,descriptive (not scored),,drop,"pid_feedforward_lowvz: success aft - CG, unseen_seastate SS6 (P7-D1 §5)",pid_feedforward_lowvz,,results/e01/episodes.csv|aft|unseen_seastate|SS6,results/e02/episodes.csv|cg|unseen_seastate|SS6,-0.025000000000000022,-0.08000000000000007,0.030000000000000027,False,0.86,0.885,nan,nan,200,200,1,0,,,,,,10000,20260926,0.95,"shared_episodes: seeds per method, shared by its two cells; one set of episode indices shared by both cells and both methods (P7-D1 §2)",results/e01/episodes.csv;results/e02/episodes.csv,success = IQM over seeds of per-seed success rate; drop = cell 1 - cell 2
cg.pid_feedforward_lowvz_cut.unseen_seastate.SS6,descriptive (not scored),,drop,"pid_feedforward_lowvz_cut: success aft - CG, unseen_seastate SS6 (P7-D1 §5)",pid_feedforward_lowvz_cut,,results/e01_lowvz_cut/episodes.csv|aft|unseen_seastate|SS6,results/e07/cg/episodes.csv|cg|unseen_seastate|SS6,-0.030000000000000027,-0.07999999999999996,0.019999999999999907,False,0.895,0.925,nan,nan,200,200,1,0,,,,,,10000,20260926,0.95,"shared_episodes: seeds per method, shared by its two cells; one set of episode indices shared by both cells and both methods (P7-D1 §2)",results/e01_lowvz_cut/episodes.csv;results/e07/cg/episodes.csv,success = IQM over seeds of per-seed success rate; drop = cell 1 - cell 2
cg.gated.unseen_seastate.SS6,descriptive (not scored),,drop,"gated: success aft - CG, unseen_seastate SS6 (P7-D1 §5)",gated,,results/e01/episodes.csv|aft|unseen_seastate|SS6,results/e02/episodes.csv|cg|unseen_seastate|SS6,0.010000000000000009,-0.025000000000000022,0.04500000000000004,False,0.645,0.635,nan,nan,200,200,1,0,,,,,,10000,20260926,0.95,"shared_episodes: seeds per method, shared by its two cells; one set of episode indices shared by both cells and both methods (P7-D1 §2)",results/e01/episodes.csv;results/e02/episodes.csv,success = IQM over seeds of per-seed success rate; drop = cell 1 - cell 2
cg.oracle_gated.unseen_seastate.SS6,descriptive (not scored),,drop,"oracle_gated: success aft - CG, unseen_seastate SS6 (P7-D1 §5)",oracle_gated,,results/e01/episodes.csv|aft|unseen_seastate|SS6,results/e02/episodes.csv|cg|unseen_seastate|SS6,-0.0050000000000000044,-0.04499999999999993,0.03499999999999992,False,0.65,0.655,nan,nan,200,200,1,0,,,,,,10000,20260926,0.95,"shared_episodes: seeds per method, shared by its two cells; one set of episode indices shared by both cells and both methods (P7-D1 §2)",results/e01/episodes.csv;results/e02/episodes.csv,success = IQM over seeds of per-seed success rate; drop = cell 1 - cell 2
cg.ppo.unseen_heading.SS3,descriptive (not scored),,drop,"ppo: success aft - CG, unseen_heading SS3 (P7-D1 §5)",ppo,,results/e07/matrix/episodes.csv|aft|unseen_heading|SS3,results/e07/cg/episodes.csv|cg|unseen_heading|SS3,0.0,0.0,0.0,False,1.0,1.0,nan,nan,200,200,5,0,,,,,,10000,20260926,0.95,"shared_episodes: seeds per method, shared by its two cells; one set of episode indices shared by both cells and both methods (P7-D1 §2)",results/e07/matrix/episodes.csv;results/e07/cg/episodes.csv,success = IQM over seeds of per-seed success rate; drop = cell 1 - cell 2
cg.ppo.unseen_heading.SS4,descriptive (not scored),,drop,"ppo: success aft - CG, unseen_heading SS4 (P7-D1 §5)",ppo,,results/e07/matrix/episodes.csv|aft|unseen_heading|SS4,results/e07/cg/episodes.csv|cg|unseen_heading|SS4,0.0,0.0,0.0,False,1.0,1.0,nan,nan,200,200,5,0,,,,,,10000,20260926,0.95,"shared_episodes: seeds per method, shared by its two cells; one set of episode indices shared by both cells and both methods (P7-D1 §2)",results/e07/matrix/episodes.csv;results/e07/cg/episodes.csv,success = IQM over seeds of per-seed success rate; drop = cell 1 - cell 2
cg.ppo.unseen_heading.SS5,descriptive (not scored),,drop,"ppo: success aft - CG, unseen_heading SS5 (P7-D1 §5)",ppo,,results/e07/matrix/episodes.csv|aft|unseen_heading|SS5,results/e07/cg/episodes.csv|cg|unseen_heading|SS5,0.0,0.0,0.0,False,1.0,1.0,nan,nan,200,200,5,0,,,,,,10000,20260926,0.95,"shared_episodes: seeds per method, shared by its two cells; one set of episode indices shared by both cells and both methods (P7-D1 §2)",results/e07/matrix/episodes.csv;results/e07/cg/episodes.csv,success = IQM over seeds of per-seed success rate; drop = cell 1 - cell 2
cg.ppo.unseen_heading.SS6,descriptive (not scored),,drop,"ppo: success aft - CG, unseen_heading SS6 (P7-D1 §5)",ppo,,results/e07/matrix/episodes.csv|aft|unseen_heading|SS6,results/e07/cg/episodes.csv|cg|unseen_heading|SS6,0.0033333333333334103,-0.018333333333333424,0.025000000000000133,False,0.9066666666666667,0.9033333333333333,nan,nan,200,200,5,0,,,,,,10000,20260926,0.95,"shared_episodes: seeds per method, shared by its two cells; one set of episode indices shared by both cells and both methods (P7-D1 §2)",results/e07/matrix/episodes.csv;results/e07/cg/episodes.csv,success = IQM over seeds of per-seed success rate; drop = cell 1 - cell 2
cg.sac.unseen_heading.SS3,descriptive (not scored),,drop,"sac: success aft - CG, unseen_heading SS3 (P7-D1 §5)",sac,,results/e07/matrix/episodes.csv|aft|unseen_heading|SS3,results/e07/cg/episodes.csv|cg|unseen_heading|SS3,0.0,0.0,0.0,False,1.0,1.0,nan,nan,200,200,5,0,,,,,,10000,20260926,0.95,"shared_episodes: seeds per method, shared by its two cells; one set of episode indices shared by both cells and both methods (P7-D1 §2)",results/e07/matrix/episodes.csv;results/e07/cg/episodes.csv,success = IQM over seeds of per-seed success rate; drop = cell 1 - cell 2
cg.sac.unseen_heading.SS4,descriptive (not scored),,drop,"sac: success aft - CG, unseen_heading SS4 (P7-D1 §5)",sac,,results/e07/matrix/episodes.csv|aft|unseen_heading|SS4,results/e07/cg/episodes.csv|cg|unseen_heading|SS4,0.0050000000000001155,-0.01666666666666672,0.03333333333333344,False,0.9666666666666667,0.9616666666666666,nan,nan,200,200,5,0,,,,,,10000,20260926,0.95,"shared_episodes: seeds per method, shared by its two cells; one set of episode indices shared by both cells and both methods (P7-D1 §2)",results/e07/matrix/episodes.csv;results/e07/cg/episodes.csv,success = IQM over seeds of per-seed success rate; drop = cell 1 - cell 2
cg.sac.unseen_heading.SS5,descriptive (not scored),,drop,"sac: success aft - CG, unseen_heading SS5 (P7-D1 §5)",sac,,results/e07/matrix/episodes.csv|aft|unseen_heading|SS5,results/e07/cg/episodes.csv|cg|unseen_heading|SS5,0.03500000000000003,-0.01666666666666672,0.09000000000000019,False,0.8416666666666667,0.8066666666666666,nan,nan,200,200,5,0,,,,,,10000,20260926,0.95,"shared_episodes: seeds per method, shared by its two cells; one set of episode indices shared by both cells and both methods (P7-D1 §2)",results/e07/matrix/episodes.csv;results/e07/cg/episodes.csv,success = IQM over seeds of per-seed success rate; drop = cell 1 - cell 2
cg.sac.unseen_heading.SS6,descriptive (not scored),,drop,"sac: success aft - CG, unseen_heading SS6 (P7-D1 §5)",sac,,results/e07/matrix/episodes.csv|aft|unseen_heading|SS6,results/e07/cg/episodes.csv|cg|unseen_heading|SS6,0.023333333333333317,-0.02999999999999997,0.06837499999999946,False,0.465,0.4416666666666667,nan,nan,200,200,5,0,,,,,,10000,20260926,0.95,"shared_episodes: seeds per method, shared by its two cells; one set of episode indices shared by both cells and both methods (P7-D1 §2)",results/e07/matrix/episodes.csv;results/e07/cg/episodes.csv,success = IQM over seeds of per-seed success rate; drop = cell 1 - cell 2
cg.residual_ppo.unseen_heading.SS3,descriptive (not scored),,drop,"residual_ppo: success aft - CG, unseen_heading SS3 (P7-D1 §5)",residual_ppo,,results/e07/matrix/episodes.csv|aft|unseen_heading|SS3,results/e07/cg/episodes.csv|cg|unseen_heading|SS3,0.0,0.0,0.0,False,1.0,1.0,nan,nan,200,200,5,0,,,,,,10000,20260926,0.95,"shared_episodes: seeds per method, shared by its two cells; one set of episode indices shared by both cells and both methods (P7-D1 §2)",results/e07/matrix/episodes.csv;results/e07/cg/episodes.csv,success = IQM over seeds of per-seed success rate; drop = cell 1 - cell 2
cg.residual_ppo.unseen_heading.SS4,descriptive (not scored),,drop,"residual_ppo: success aft - CG, unseen_heading SS4 (P7-D1 §5)",residual_ppo,,results/e07/matrix/episodes.csv|aft|unseen_heading|SS4,results/e07/cg/episodes.csv|cg|unseen_heading|SS4,0.0,0.0,0.0,False,1.0,1.0,nan,nan,200,200,5,0,,,,,,10000,20260926,0.95,"shared_episodes: seeds per method, shared by its two cells; one set of episode indices shared by both cells and both methods (P7-D1 §2)",results/e07/matrix/episodes.csv;results/e07/cg/episodes.csv,success = IQM over seeds of per-seed success rate; drop = cell 1 - cell 2
cg.residual_ppo.unseen_heading.SS5,descriptive (not scored),,drop,"residual_ppo: success aft - CG, unseen_heading SS5 (P7-D1 §5)",residual_ppo,,results/e07/matrix/episodes.csv|aft|unseen_heading|SS5,results/e07/cg/episodes.csv|cg|unseen_heading|SS5,0.0,0.0,0.0,False,1.0,1.0,nan,nan,200,200,5,0,,,,,,10000,20260926,0.95,"shared_episodes: seeds per method, shared by its two cells; one set of episode indices shared by both cells and both methods (P7-D1 §2)",results/e07/matrix/episodes.csv;results/e07/cg/episodes.csv,success = IQM over seeds of per-seed success rate; drop = cell 1 - cell 2
cg.residual_ppo.unseen_heading.SS6,descriptive (not scored),,drop,"residual_ppo: success aft - CG, unseen_heading SS6 (P7-D1 §5)",residual_ppo,,results/e07/matrix/episodes.csv|aft|unseen_heading|SS6,results/e07/cg/episodes.csv|cg|unseen_heading|SS6,-0.0033333333333334103,-0.030000000000000138,0.025000000000000022,False,0.8566666666666666,0.86,nan,nan,200,200,5,0,,,,,,10000,20260926,0.95,"shared_episodes: seeds per method, shared by its two cells; one set of episode indices shared by both cells and both methods (P7-D1 §2)",results/e07/matrix/episodes.csv;results/e07/cg/episodes.csv,success = IQM over seeds of per-seed success rate; drop = cell 1 - cell 2
cg.ppo_forecast.unseen_heading.SS3,descriptive (not scored),,drop,"ppo_forecast: success aft - CG, unseen_heading SS3 (P7-D1 §5)",ppo_forecast,,results/e07/matrix/episodes.csv|aft|unseen_heading|SS3,results/e07/cg/episodes.csv|cg|unseen_heading|SS3,0.0,0.0,0.0,False,1.0,1.0,nan,nan,200,200,5,0,,,,,,10000,20260926,0.95,"shared_episodes: seeds per method, shared by its two cells; one set of episode indices shared by both cells and both methods (P7-D1 §2)",results/e07/matrix/episodes.csv;results/e07/cg/episodes.csv,success = IQM over seeds of per-seed success rate; drop = cell 1 - cell 2
cg.ppo_forecast.unseen_heading.SS4,descriptive (not scored),,drop,"ppo_forecast: success aft - CG, unseen_heading SS4 (P7-D1 §5)",ppo_forecast,,results/e07/matrix/episodes.csv|aft|unseen_heading|SS4,results/e07/cg/episodes.csv|cg|unseen_heading|SS4,0.0,0.0,0.0,False,1.0,1.0,nan,nan,200,200,5,0,,,,,,10000,20260926,0.95,"shared_episodes: seeds per method, shared by its two cells; one set of episode indices shared by both cells and both methods (P7-D1 §2)",results/e07/matrix/episodes.csv;results/e07/cg/episodes.csv,success = IQM over seeds of per-seed success rate; drop = cell 1 - cell 2
cg.ppo_forecast.unseen_heading.SS5,descriptive (not scored),,drop,"ppo_forecast: success aft - CG, unseen_heading SS5 (P7-D1 §5)",ppo_forecast,,results/e07/matrix/episodes.csv|aft|unseen_heading|SS5,results/e07/cg/episodes.csv|cg|unseen_heading|SS5,0.0,0.0,0.0,False,1.0,1.0,nan,nan,200,200,5,0,,,,,,10000,20260926,0.95,"shared_episodes: seeds per method, shared by its two cells; one set of episode indices shared by both cells and both methods (P7-D1 §2)",results/e07/matrix/episodes.csv;results/e07/cg/episodes.csv,success = IQM over seeds of per-seed success rate; drop = cell 1 - cell 2
cg.ppo_forecast.unseen_heading.SS6,descriptive (not scored),,drop,"ppo_forecast: success aft - CG, unseen_heading SS6 (P7-D1 §5)",ppo_forecast,,results/e07/matrix/episodes.csv|aft|unseen_heading|SS6,results/e07/cg/episodes.csv|cg|unseen_heading|SS6,0.008333333333333415,-0.025000000000000022,0.03499999999999992,False,0.8783333333333334,0.87,nan,nan,200,200,5,0,,,,,,10000,20260926,0.95,"shared_episodes: seeds per method, shared by its two cells; one set of episode indices shared by both cells and both methods (P7-D1 §2)",results/e07/matrix/episodes.csv;results/e07/cg/episodes.csv,success = IQM over seeds of per-seed success rate; drop = cell 1 - cell 2
cg.residual_ppo_forecast.unseen_heading.SS3,descriptive (not scored),,drop,"residual_ppo_forecast: success aft - CG, unseen_heading SS3 (P7-D1 §5)",residual_ppo_forecast,,results/e07/matrix/episodes.csv|aft|unseen_heading|SS3,results/e07/cg/episodes.csv|cg|unseen_heading|SS3,0.0,0.0,0.0,False,1.0,1.0,nan,nan,200,200,5,0,,,,,,10000,20260926,0.95,"shared_episodes: seeds per method, shared by its two cells; one set of episode indices shared by both cells and both methods (P7-D1 §2)",results/e07/matrix/episodes.csv;results/e07/cg/episodes.csv,success = IQM over seeds of per-seed success rate; drop = cell 1 - cell 2
cg.residual_ppo_forecast.unseen_heading.SS4,descriptive (not scored),,drop,"residual_ppo_forecast: success aft - CG, unseen_heading SS4 (P7-D1 §5)",residual_ppo_forecast,,results/e07/matrix/episodes.csv|aft|unseen_heading|SS4,results/e07/cg/episodes.csv|cg|unseen_heading|SS4,0.0,0.0,0.0,False,1.0,1.0,nan,nan,200,200,5,0,,,,,,10000,20260926,0.95,"shared_episodes: seeds per method, shared by its two cells; one set of episode indices shared by both cells and both methods (P7-D1 §2)",results/e07/matrix/episodes.csv;results/e07/cg/episodes.csv,success = IQM over seeds of per-seed success rate; drop = cell 1 - cell 2
cg.residual_ppo_forecast.unseen_heading.SS5,descriptive (not scored),,drop,"residual_ppo_forecast: success aft - CG, unseen_heading SS5 (P7-D1 §5)",residual_ppo_forecast,,results/e07/matrix/episodes.csv|aft|unseen_heading|SS5,results/e07/cg/episodes.csv|cg|unseen_heading|SS5,0.0,0.0,0.0,False,1.0,1.0,nan,nan,200,200,5,0,,,,,,10000,20260926,0.95,"shared_episodes: seeds per method, shared by its two cells; one set of episode indices shared by both cells and both methods (P7-D1 §2)",results/e07/matrix/episodes.csv;results/e07/cg/episodes.csv,success = IQM over seeds of per-seed success rate; drop = cell 1 - cell 2
cg.residual_ppo_forecast.unseen_heading.SS6,descriptive (not scored),,drop,"residual_ppo_forecast: success aft - CG, unseen_heading SS6 (P7-D1 §5)",residual_ppo_forecast,,results/e07/matrix/episodes.csv|aft|unseen_heading|SS6,results/e07/cg/episodes.csv|cg|unseen_heading|SS6,-0.008333333333333304,-0.03500000000000003,0.018333333333333424,False,0.875,0.8833333333333333,nan,nan,200,200,5,0,,,,,,10000,20260926,0.95,"shared_episodes: seeds per method, shared by its two cells; one set of episode indices shared by both cells and both methods (P7-D1 §2)",results/e07/matrix/episodes.csv;results/e07/cg/episodes.csv,success = IQM over seeds of per-seed success rate; drop = cell 1 - cell 2
cg.ppo_sinusoid.unseen_heading.SS3,descriptive (not scored),,drop,"ppo_sinusoid: success aft - CG, unseen_heading SS3 (P7-D1 §5)",ppo_sinusoid,,results/e07/matrix/episodes.csv|aft|unseen_heading|SS3,results/e07/cg/episodes.csv|cg|unseen_heading|SS3,0.0,0.0,0.0,False,1.0,1.0,nan,nan,200,200,5,0,,,,,,10000,20260926,0.95,"shared_episodes: seeds per method, shared by its two cells; one set of episode indices shared by both cells and both methods (P7-D1 §2)",results/e07/matrix/episodes.csv;results/e07/cg/episodes.csv,success = IQM over seeds of per-seed success rate; drop = cell 1 - cell 2
cg.ppo_sinusoid.unseen_heading.SS4,descriptive (not scored),,drop,"ppo_sinusoid: success aft - CG, unseen_heading SS4 (P7-D1 §5)",ppo_sinusoid,,results/e07/matrix/episodes.csv|aft|unseen_heading|SS4,results/e07/cg/episodes.csv|cg|unseen_heading|SS4,0.0,0.0,0.0,False,1.0,1.0,nan,nan,200,200,5,0,,,,,,10000,20260926,0.95,"shared_episodes: seeds per method, shared by its two cells; one set of episode indices shared by both cells and both methods (P7-D1 §2)",results/e07/matrix/episodes.csv;results/e07/cg/episodes.csv,success = IQM over seeds of per-seed success rate; drop = cell 1 - cell 2
cg.ppo_sinusoid.unseen_heading.SS5,descriptive (not scored),,drop,"ppo_sinusoid: success aft - CG, unseen_heading SS5 (P7-D1 §5)",ppo_sinusoid,,results/e07/matrix/episodes.csv|aft|unseen_heading|SS5,results/e07/cg/episodes.csv|cg|unseen_heading|SS5,0.0,0.0,0.0,False,1.0,1.0,nan,nan,200,200,5,0,,,,,,10000,20260926,0.95,"shared_episodes: seeds per method, shared by its two cells; one set of episode indices shared by both cells and both methods (P7-D1 §2)",results/e07/matrix/episodes.csv;results/e07/cg/episodes.csv,success = IQM over seeds of per-seed success rate; drop = cell 1 - cell 2
cg.ppo_sinusoid.unseen_heading.SS6,descriptive (not scored),,drop,"ppo_sinusoid: success aft - CG, unseen_heading SS6 (P7-D1 §5)",ppo_sinusoid,,results/e07/matrix/episodes.csv|aft|unseen_heading|SS6,results/e07/cg/episodes.csv|cg|unseen_heading|SS6,-0.006666666666666599,-0.03500000000000003,0.021666666666666834,False,0.8616666666666667,0.8683333333333333,nan,nan,200,200,5,0,,,,,,10000,20260926,0.95,"shared_episodes: seeds per method, shared by its two cells; one set of episode indices shared by both cells and both methods (P7-D1 §2)",results/e07/matrix/episodes.csv;results/e07/cg/episodes.csv,success = IQM over seeds of per-seed success rate; drop = cell 1 - cell 2
cg.pid_track_descend.unseen_heading.SS3,descriptive (not scored),,drop,"pid_track_descend: success aft - CG, unseen_heading SS3 (P7-D1 §5)",pid_track_descend,,results/e01/episodes.csv|aft|unseen_heading|SS3,results/e02/episodes.csv|cg|unseen_heading|SS3,0.0,0.0,0.0,False,1.0,1.0,nan,nan,200,200,1,0,,,,,,10000,20260926,0.95,"shared_episodes: seeds per method, shared by its two cells; one set of episode indices shared by both cells and both methods (P7-D1 §2)",results/e01/episodes.csv;results/e02/episodes.csv,success = IQM over seeds of per-seed success rate; drop = cell 1 - cell 2
cg.pid_track_descend.unseen_heading.SS4,descriptive (not scored),,drop,"pid_track_descend: success aft - CG, unseen_heading SS4 (P7-D1 §5)",pid_track_descend,,results/e01/episodes.csv|aft|unseen_heading|SS4,results/e02/episodes.csv|cg|unseen_heading|SS4,0.0,0.0,0.0,False,1.0,1.0,nan,nan,200,200,1,0,,,,,,10000,20260926,0.95,"shared_episodes: seeds per method, shared by its two cells; one set of episode indices shared by both cells and both methods (P7-D1 §2)",results/e01/episodes.csv;results/e02/episodes.csv,success = IQM over seeds of per-seed success rate; drop = cell 1 - cell 2
cg.pid_track_descend.unseen_heading.SS5,descriptive (not scored),,drop,"pid_track_descend: success aft - CG, unseen_heading SS5 (P7-D1 §5)",pid_track_descend,,results/e01/episodes.csv|aft|unseen_heading|SS5,results/e02/episodes.csv|cg|unseen_heading|SS5,-0.015000000000000013,-0.040000000000000036,0.0050000000000000044,False,0.975,0.99,nan,nan,200,200,1,0,,,,,,10000,20260926,0.95,"shared_episodes: seeds per method, shared by its two cells; one set of episode indices shared by both cells and both methods (P7-D1 §2)",results/e01/episodes.csv;results/e02/episodes.csv,success = IQM over seeds of per-seed success rate; drop = cell 1 - cell 2
cg.pid_track_descend.unseen_heading.SS6,descriptive (not scored),,drop,"pid_track_descend: success aft - CG, unseen_heading SS6 (P7-D1 §5)",pid_track_descend,,results/e01/episodes.csv|aft|unseen_heading|SS6,results/e02/episodes.csv|cg|unseen_heading|SS6,0.020000000000000018,-0.03500000000000003,0.07500000000000007,False,0.725,0.705,nan,nan,200,200,1,0,,,,,,10000,20260926,0.95,"shared_episodes: seeds per method, shared by its two cells; one set of episode indices shared by both cells and both methods (P7-D1 §2)",results/e01/episodes.csv;results/e02/episodes.csv,success = IQM over seeds of per-seed success rate; drop = cell 1 - cell 2
cg.pid_feedforward.unseen_heading.SS3,descriptive (not scored),,drop,"pid_feedforward: success aft - CG, unseen_heading SS3 (P7-D1 §5)",pid_feedforward,,results/e01/episodes.csv|aft|unseen_heading|SS3,results/e02/episodes.csv|cg|unseen_heading|SS3,0.0,0.0,0.0,False,1.0,1.0,nan,nan,200,200,1,0,,,,,,10000,20260926,0.95,"shared_episodes: seeds per method, shared by its two cells; one set of episode indices shared by both cells and both methods (P7-D1 §2)",results/e01/episodes.csv;results/e02/episodes.csv,success = IQM over seeds of per-seed success rate; drop = cell 1 - cell 2
cg.pid_feedforward.unseen_heading.SS4,descriptive (not scored),,drop,"pid_feedforward: success aft - CG, unseen_heading SS4 (P7-D1 §5)",pid_feedforward,,results/e01/episodes.csv|aft|unseen_heading|SS4,results/e02/episodes.csv|cg|unseen_heading|SS4,0.0,0.0,0.0,False,1.0,1.0,nan,nan,200,200,1,0,,,,,,10000,20260926,0.95,"shared_episodes: seeds per method, shared by its two cells; one set of episode indices shared by both cells and both methods (P7-D1 §2)",results/e01/episodes.csv;results/e02/episodes.csv,success = IQM over seeds of per-seed success rate; drop = cell 1 - cell 2
cg.pid_feedforward.unseen_heading.SS5,descriptive (not scored),,drop,"pid_feedforward: success aft - CG, unseen_heading SS5 (P7-D1 §5)",pid_feedforward,,results/e01/episodes.csv|aft|unseen_heading|SS5,results/e02/episodes.csv|cg|unseen_heading|SS5,0.0050000000000000044,-0.010000000000000009,0.020000000000000018,False,0.995,0.99,nan,nan,200,200,1,0,,,,,,10000,20260926,0.95,"shared_episodes: seeds per method, shared by its two cells; one set of episode indices shared by both cells and both methods (P7-D1 §2)",results/e01/episodes.csv;results/e02/episodes.csv,success = IQM over seeds of per-seed success rate; drop = cell 1 - cell 2
cg.pid_feedforward.unseen_heading.SS6,descriptive (not scored),,drop,"pid_feedforward: success aft - CG, unseen_heading SS6 (P7-D1 §5)",pid_feedforward,,results/e01/episodes.csv|aft|unseen_heading|SS6,results/e02/episodes.csv|cg|unseen_heading|SS6,0.010000000000000009,-0.04500000000000004,0.06500000000000006,False,0.77,0.76,nan,nan,200,200,1,0,,,,,,10000,20260926,0.95,"shared_episodes: seeds per method, shared by its two cells; one set of episode indices shared by both cells and both methods (P7-D1 §2)",results/e01/episodes.csv;results/e02/episodes.csv,success = IQM over seeds of per-seed success rate; drop = cell 1 - cell 2
cg.pid_feedforward_lowvz.unseen_heading.SS3,descriptive (not scored),,drop,"pid_feedforward_lowvz: success aft - CG, unseen_heading SS3 (P7-D1 §5)",pid_feedforward_lowvz,,results/e01/episodes.csv|aft|unseen_heading|SS3,results/e02/episodes.csv|cg|unseen_heading|SS3,0.0,0.0,0.0,False,1.0,1.0,nan,nan,200,200,1,0,,,,,,10000,20260926,0.95,"shared_episodes: seeds per method, shared by its two cells; one set of episode indices shared by both cells and both methods (P7-D1 §2)",results/e01/episodes.csv;results/e02/episodes.csv,success = IQM over seeds of per-seed success rate; drop = cell 1 - cell 2
cg.pid_feedforward_lowvz.unseen_heading.SS4,descriptive (not scored),,drop,"pid_feedforward_lowvz: success aft - CG, unseen_heading SS4 (P7-D1 §5)",pid_feedforward_lowvz,,results/e01/episodes.csv|aft|unseen_heading|SS4,results/e02/episodes.csv|cg|unseen_heading|SS4,-0.010000000000000009,-0.025000000000000022,0.0,False,0.99,1.0,nan,nan,200,200,1,0,,,,,,10000,20260926,0.95,"shared_episodes: seeds per method, shared by its two cells; one set of episode indices shared by both cells and both methods (P7-D1 §2)",results/e01/episodes.csv;results/e02/episodes.csv,success = IQM over seeds of per-seed success rate; drop = cell 1 - cell 2
cg.pid_feedforward_lowvz.unseen_heading.SS5,descriptive (not scored),,drop,"pid_feedforward_lowvz: success aft - CG, unseen_heading SS5 (P7-D1 §5)",pid_feedforward_lowvz,,results/e01/episodes.csv|aft|unseen_heading|SS5,results/e02/episodes.csv|cg|unseen_heading|SS5,0.010000000000000009,-0.030000000000000027,0.04999999999999993,False,0.965,0.955,nan,nan,200,200,1,0,,,,,,10000,20260926,0.95,"shared_episodes: seeds per method, shared by its two cells; one set of episode indices shared by both cells and both methods (P7-D1 §2)",results/e01/episodes.csv;results/e02/episodes.csv,success = IQM over seeds of per-seed success rate; drop = cell 1 - cell 2
cg.pid_feedforward_lowvz.unseen_heading.SS6,descriptive (not scored),,drop,"pid_feedforward_lowvz: success aft - CG, unseen_heading SS6 (P7-D1 §5)",pid_feedforward_lowvz,,results/e01/episodes.csv|aft|unseen_heading|SS6,results/e02/episodes.csv|cg|unseen_heading|SS6,-0.0050000000000000044,-0.07499999999999996,0.06499999999999995,False,0.7,0.705,nan,nan,200,200,1,0,,,,,,10000,20260926,0.95,"shared_episodes: seeds per method, shared by its two cells; one set of episode indices shared by both cells and both methods (P7-D1 §2)",results/e01/episodes.csv;results/e02/episodes.csv,success = IQM over seeds of per-seed success rate; drop = cell 1 - cell 2
cg.pid_feedforward_lowvz_cut.unseen_heading.SS3,descriptive (not scored),,drop,"pid_feedforward_lowvz_cut: success aft - CG, unseen_heading SS3 (P7-D1 §5)",pid_feedforward_lowvz_cut,,results/e01_lowvz_cut/episodes.csv|aft|unseen_heading|SS3,results/e07/cg/episodes.csv|cg|unseen_heading|SS3,0.0,0.0,0.0,False,1.0,1.0,nan,nan,200,200,1,0,,,,,,10000,20260926,0.95,"shared_episodes: seeds per method, shared by its two cells; one set of episode indices shared by both cells and both methods (P7-D1 §2)",results/e01_lowvz_cut/episodes.csv;results/e07/cg/episodes.csv,success = IQM over seeds of per-seed success rate; drop = cell 1 - cell 2
cg.pid_feedforward_lowvz_cut.unseen_heading.SS4,descriptive (not scored),,drop,"pid_feedforward_lowvz_cut: success aft - CG, unseen_heading SS4 (P7-D1 §5)",pid_feedforward_lowvz_cut,,results/e01_lowvz_cut/episodes.csv|aft|unseen_heading|SS4,results/e07/cg/episodes.csv|cg|unseen_heading|SS4,-0.010000000000000009,-0.025000000000000022,0.0,False,0.99,1.0,nan,nan,200,200,1,0,,,,,,10000,20260926,0.95,"shared_episodes: seeds per method, shared by its two cells; one set of episode indices shared by both cells and both methods (P7-D1 §2)",results/e01_lowvz_cut/episodes.csv;results/e07/cg/episodes.csv,success = IQM over seeds of per-seed success rate; drop = cell 1 - cell 2
cg.pid_feedforward_lowvz_cut.unseen_heading.SS5,descriptive (not scored),,drop,"pid_feedforward_lowvz_cut: success aft - CG, unseen_heading SS5 (P7-D1 §5)",pid_feedforward_lowvz_cut,,results/e01_lowvz_cut/episodes.csv|aft|unseen_heading|SS5,results/e07/cg/episodes.csv|cg|unseen_heading|SS5,0.0,-0.03500000000000003,0.03500000000000003,False,0.97,0.97,nan,nan,200,200,1,0,,,,,,10000,20260926,0.95,"shared_episodes: seeds per method, shared by its two cells; one set of episode indices shared by both cells and both methods (P7-D1 §2)",results/e01_lowvz_cut/episodes.csv;results/e07/cg/episodes.csv,success = IQM over seeds of per-seed success rate; drop = cell 1 - cell 2
cg.pid_feedforward_lowvz_cut.unseen_heading.SS6,descriptive (not scored),,drop,"pid_feedforward_lowvz_cut: success aft - CG, unseen_heading SS6 (P7-D1 §5)",pid_feedforward_lowvz_cut,,results/e01_lowvz_cut/episodes.csv|aft|unseen_heading|SS6,results/e07/cg/episodes.csv|cg|unseen_heading|SS6,0.019999999999999907,-0.029999999999999916,0.06999999999999995,False,0.83,0.81,nan,nan,200,200,1,0,,,,,,10000,20260926,0.95,"shared_episodes: seeds per method, shared by its two cells; one set of episode indices shared by both cells and both methods (P7-D1 §2)",results/e01_lowvz_cut/episodes.csv;results/e07/cg/episodes.csv,success = IQM over seeds of per-seed success rate; drop = cell 1 - cell 2
cg.gated.unseen_heading.SS3,descriptive (not scored),,drop,"gated: success aft - CG, unseen_heading SS3 (P7-D1 §5)",gated,,results/e01/episodes.csv|aft|unseen_heading|SS3,results/e02/episodes.csv|cg|unseen_heading|SS3,0.0,0.0,0.0,False,1.0,1.0,nan,nan,200,200,1,0,,,,,,10000,20260926,0.95,"shared_episodes: seeds per method, shared by its two cells; one set of episode indices shared by both cells and both methods (P7-D1 §2)",results/e01/episodes.csv;results/e02/episodes.csv,success = IQM over seeds of per-seed success rate; drop = cell 1 - cell 2
cg.gated.unseen_heading.SS4,descriptive (not scored),,drop,"gated: success aft - CG, unseen_heading SS4 (P7-D1 §5)",gated,,results/e01/episodes.csv|aft|unseen_heading|SS4,results/e02/episodes.csv|cg|unseen_heading|SS4,0.0,0.0,0.0,False,1.0,1.0,nan,nan,200,200,1,0,,,,,,10000,20260926,0.95,"shared_episodes: seeds per method, shared by its two cells; one set of episode indices shared by both cells and both methods (P7-D1 §2)",results/e01/episodes.csv;results/e02/episodes.csv,success = IQM over seeds of per-seed success rate; drop = cell 1 - cell 2
cg.gated.unseen_heading.SS5,descriptive (not scored),,drop,"gated: success aft - CG, unseen_heading SS5 (P7-D1 §5)",gated,,results/e01/episodes.csv|aft|unseen_heading|SS5,results/e02/episodes.csv|cg|unseen_heading|SS5,-0.0050000000000000044,-0.015000000000000013,0.0,False,0.98,0.985,nan,nan,200,200,1,0,,,,,,10000,20260926,0.95,"shared_episodes: seeds per method, shared by its two cells; one set of episode indices shared by both cells and both methods (P7-D1 §2)",results/e01/episodes.csv;results/e02/episodes.csv,success = IQM over seeds of per-seed success rate; drop = cell 1 - cell 2
cg.gated.unseen_heading.SS6,descriptive (not scored),,drop,"gated: success aft - CG, unseen_heading SS6 (P7-D1 §5)",gated,,results/e01/episodes.csv|aft|unseen_heading|SS6,results/e02/episodes.csv|cg|unseen_heading|SS6,0.010000000000000009,-0.014999999999999958,0.03500000000000003,False,0.42,0.41,nan,nan,200,200,1,0,,,,,,10000,20260926,0.95,"shared_episodes: seeds per method, shared by its two cells; one set of episode indices shared by both cells and both methods (P7-D1 §2)",results/e01/episodes.csv;results/e02/episodes.csv,success = IQM over seeds of per-seed success rate; drop = cell 1 - cell 2
cg.oracle_gated.unseen_heading.SS3,descriptive (not scored),,drop,"oracle_gated: success aft - CG, unseen_heading SS3 (P7-D1 §5)",oracle_gated,,results/e01/episodes.csv|aft|unseen_heading|SS3,results/e02/episodes.csv|cg|unseen_heading|SS3,0.0,0.0,0.0,False,1.0,1.0,nan,nan,200,200,1,0,,,,,,10000,20260926,0.95,"shared_episodes: seeds per method, shared by its two cells; one set of episode indices shared by both cells and both methods (P7-D1 §2)",results/e01/episodes.csv;results/e02/episodes.csv,success = IQM over seeds of per-seed success rate; drop = cell 1 - cell 2
cg.oracle_gated.unseen_heading.SS4,descriptive (not scored),,drop,"oracle_gated: success aft - CG, unseen_heading SS4 (P7-D1 §5)",oracle_gated,,results/e01/episodes.csv|aft|unseen_heading|SS4,results/e02/episodes.csv|cg|unseen_heading|SS4,0.0,0.0,0.0,False,1.0,1.0,nan,nan,200,200,1,0,,,,,,10000,20260926,0.95,"shared_episodes: seeds per method, shared by its two cells; one set of episode indices shared by both cells and both methods (P7-D1 §2)",results/e01/episodes.csv;results/e02/episodes.csv,success = IQM over seeds of per-seed success rate; drop = cell 1 - cell 2
cg.oracle_gated.unseen_heading.SS5,descriptive (not scored),,drop,"oracle_gated: success aft - CG, unseen_heading SS5 (P7-D1 §5)",oracle_gated,,results/e01/episodes.csv|aft|unseen_heading|SS5,results/e02/episodes.csv|cg|unseen_heading|SS5,0.0,0.0,0.0,False,0.995,0.995,nan,nan,200,200,1,0,,,,,,10000,20260926,0.95,"shared_episodes: seeds per method, shared by its two cells; one set of episode indices shared by both cells and both methods (P7-D1 §2)",results/e01/episodes.csv;results/e02/episodes.csv,success = IQM over seeds of per-seed success rate; drop = cell 1 - cell 2
cg.oracle_gated.unseen_heading.SS6,descriptive (not scored),,drop,"oracle_gated: success aft - CG, unseen_heading SS6 (P7-D1 §5)",oracle_gated,,results/e01/episodes.csv|aft|unseen_heading|SS6,results/e02/episodes.csv|cg|unseen_heading|SS6,0.020000000000000018,0.0,0.044999999999999984,False,0.465,0.445,nan,nan,200,200,1,0,,,,,,10000,20260926,0.95,"shared_episodes: seeds per method, shared by its two cells; one set of episode indices shared by both cells and both methods (P7-D1 §2)",results/e01/episodes.csv;results/e02/episodes.csv,success = IQM over seeds of per-seed success rate; drop = cell 1 - cell 2
cg.ppo.unseen_vessel.SS3,descriptive (not scored),,drop,"ppo: success aft - CG, unseen_vessel SS3 (P7-D1 §5)",ppo,,results/e07/matrix/episodes.csv|aft|unseen_vessel|SS3,results/e07/cg/episodes.csv|cg|unseen_vessel|SS3,0.0,0.0,0.0,False,1.0,1.0,nan,nan,200,200,5,0,,,,,,10000,20260926,0.95,"shared_episodes: seeds per method, shared by its two cells; one set of episode indices shared by both cells and both methods (P7-D1 §2)",results/e07/matrix/episodes.csv;results/e07/cg/episodes.csv,success = IQM over seeds of per-seed success rate; drop = cell 1 - cell 2
cg.ppo.unseen_vessel.SS4,descriptive (not scored),,drop,"ppo: success aft - CG, unseen_vessel SS4 (P7-D1 §5)",ppo,,results/e07/matrix/episodes.csv|aft|unseen_vessel|SS4,results/e07/cg/episodes.csv|cg|unseen_vessel|SS4,0.0,0.0,0.0,False,1.0,1.0,nan,nan,200,200,5,0,,,,,,10000,20260926,0.95,"shared_episodes: seeds per method, shared by its two cells; one set of episode indices shared by both cells and both methods (P7-D1 §2)",results/e07/matrix/episodes.csv;results/e07/cg/episodes.csv,success = IQM over seeds of per-seed success rate; drop = cell 1 - cell 2
cg.ppo.unseen_vessel.SS5,descriptive (not scored),,drop,"ppo: success aft - CG, unseen_vessel SS5 (P7-D1 §5)",ppo,,results/e07/matrix/episodes.csv|aft|unseen_vessel|SS5,results/e07/cg/episodes.csv|cg|unseen_vessel|SS5,0.0,-0.0050000000000000044,0.0,False,1.0,1.0,nan,nan,200,200,5,0,,,,,,10000,20260926,0.95,"shared_episodes: seeds per method, shared by its two cells; one set of episode indices shared by both cells and both methods (P7-D1 §2)",results/e07/matrix/episodes.csv;results/e07/cg/episodes.csv,success = IQM over seeds of per-seed success rate; drop = cell 1 - cell 2
cg.ppo.unseen_vessel.SS6,descriptive (not scored),,drop,"ppo: success aft - CG, unseen_vessel SS6 (P7-D1 §5)",ppo,,results/e07/matrix/episodes.csv|aft|unseen_vessel|SS6,results/e07/cg/episodes.csv|cg|unseen_vessel|SS6,0.0,-0.014999999999999902,0.010000000000000009,False,0.9933333333333333,0.9933333333333333,nan,nan,200,200,5,0,,,,,,10000,20260926,0.95,"shared_episodes: seeds per method, shared by its two cells; one set of episode indices shared by both cells and both methods (P7-D1 §2)",results/e07/matrix/episodes.csv;results/e07/cg/episodes.csv,success = IQM over seeds of per-seed success rate; drop = cell 1 - cell 2
cg.sac.unseen_vessel.SS3,descriptive (not scored),,drop,"sac: success aft - CG, unseen_vessel SS3 (P7-D1 §5)",sac,,results/e07/matrix/episodes.csv|aft|unseen_vessel|SS3,results/e07/cg/episodes.csv|cg|unseen_vessel|SS3,0.0,-0.0050000000000000044,0.0,False,1.0,1.0,nan,nan,200,200,5,0,,,,,,10000,20260926,0.95,"shared_episodes: seeds per method, shared by its two cells; one set of episode indices shared by both cells and both methods (P7-D1 §2)",results/e07/matrix/episodes.csv;results/e07/cg/episodes.csv,success = IQM over seeds of per-seed success rate; drop = cell 1 - cell 2
cg.sac.unseen_vessel.SS4,descriptive (not scored),,drop,"sac: success aft - CG, unseen_vessel SS4 (P7-D1 §5)",sac,,results/e07/matrix/episodes.csv|aft|unseen_vessel|SS4,results/e07/cg/episodes.csv|cg|unseen_vessel|SS4,0.00666666666666671,-0.011666666666666714,0.03166666666666673,False,0.9916666666666667,0.985,nan,nan,200,200,5,0,,,,,,10000,20260926,0.95,"shared_episodes: seeds per method, shared by its two cells; one set of episode indices shared by both cells and both methods (P7-D1 §2)",results/e07/matrix/episodes.csv;results/e07/cg/episodes.csv,success = IQM over seeds of per-seed success rate; drop = cell 1 - cell 2
cg.sac.unseen_vessel.SS5,descriptive (not scored),,drop,"sac: success aft - CG, unseen_vessel SS5 (P7-D1 §5)",sac,,results/e07/matrix/episodes.csv|aft|unseen_vessel|SS5,results/e07/cg/episodes.csv|cg|unseen_vessel|SS5,0.08499999999999985,0.018333333333333424,0.16333333333333333,True,0.9649999999999999,0.88,nan,nan,200,200,5,0,,,,,,10000,20260926,0.95,"shared_episodes: seeds per method, shared by its two cells; one set of episode indices shared by both cells and both methods (P7-D1 §2)",results/e07/matrix/episodes.csv;results/e07/cg/episodes.csv,success = IQM over seeds of per-seed success rate; drop = cell 1 - cell 2
cg.sac.unseen_vessel.SS6,descriptive (not scored),,drop,"sac: success aft - CG, unseen_vessel SS6 (P7-D1 §5)",sac,,results/e07/matrix/episodes.csv|aft|unseen_vessel|SS6,results/e07/cg/episodes.csv|cg|unseen_vessel|SS6,0.16999999999999993,0.08166666666666678,0.29000000000000004,True,0.815,0.645,nan,nan,200,200,5,0,,,,,,10000,20260926,0.95,"shared_episodes: seeds per method, shared by its two cells; one set of episode indices shared by both cells and both methods (P7-D1 §2)",results/e07/matrix/episodes.csv;results/e07/cg/episodes.csv,success = IQM over seeds of per-seed success rate; drop = cell 1 - cell 2
cg.residual_ppo.unseen_vessel.SS3,descriptive (not scored),,drop,"residual_ppo: success aft - CG, unseen_vessel SS3 (P7-D1 §5)",residual_ppo,,results/e07/matrix/episodes.csv|aft|unseen_vessel|SS3,results/e07/cg/episodes.csv|cg|unseen_vessel|SS3,0.0,0.0,0.0,False,1.0,1.0,nan,nan,200,200,5,0,,,,,,10000,20260926,0.95,"shared_episodes: seeds per method, shared by its two cells; one set of episode indices shared by both cells and both methods (P7-D1 §2)",results/e07/matrix/episodes.csv;results/e07/cg/episodes.csv,success = IQM over seeds of per-seed success rate; drop = cell 1 - cell 2
cg.residual_ppo.unseen_vessel.SS4,descriptive (not scored),,drop,"residual_ppo: success aft - CG, unseen_vessel SS4 (P7-D1 §5)",residual_ppo,,results/e07/matrix/episodes.csv|aft|unseen_vessel|SS4,results/e07/cg/episodes.csv|cg|unseen_vessel|SS4,0.0,0.0,0.0,False,1.0,1.0,nan,nan,200,200,5,0,,,,,,10000,20260926,0.95,"shared_episodes: seeds per method, shared by its two cells; one set of episode indices shared by both cells and both methods (P7-D1 §2)",results/e07/matrix/episodes.csv;results/e07/cg/episodes.csv,success = IQM over seeds of per-seed success rate; drop = cell 1 - cell 2
cg.residual_ppo.unseen_vessel.SS5,descriptive (not scored),,drop,"residual_ppo: success aft - CG, unseen_vessel SS5 (P7-D1 §5)",residual_ppo,,results/e07/matrix/episodes.csv|aft|unseen_vessel|SS5,results/e07/cg/episodes.csv|cg|unseen_vessel|SS5,0.0,0.0,0.0,False,1.0,1.0,nan,nan,200,200,5,0,,,,,,10000,20260926,0.95,"shared_episodes: seeds per method, shared by its two cells; one set of episode indices shared by both cells and both methods (P7-D1 §2)",results/e07/matrix/episodes.csv;results/e07/cg/episodes.csv,success = IQM over seeds of per-seed success rate; drop = cell 1 - cell 2
cg.residual_ppo.unseen_vessel.SS6,descriptive (not scored),,drop,"residual_ppo: success aft - CG, unseen_vessel SS6 (P7-D1 §5)",residual_ppo,,results/e07/matrix/episodes.csv|aft|unseen_vessel|SS6,results/e07/cg/episodes.csv|cg|unseen_vessel|SS6,-0.0033333333333334103,-0.015000000000000013,0.00666666666666671,False,0.9899999999999999,0.9933333333333333,nan,nan,200,200,5,0,,,,,,10000,20260926,0.95,"shared_episodes: seeds per method, shared by its two cells; one set of episode indices shared by both cells and both methods (P7-D1 §2)",results/e07/matrix/episodes.csv;results/e07/cg/episodes.csv,success = IQM over seeds of per-seed success rate; drop = cell 1 - cell 2
cg.ppo_forecast.unseen_vessel.SS3,descriptive (not scored),,drop,"ppo_forecast: success aft - CG, unseen_vessel SS3 (P7-D1 §5)",ppo_forecast,,results/e07/matrix/episodes.csv|aft|unseen_vessel|SS3,results/e07/cg/episodes.csv|cg|unseen_vessel|SS3,0.0,0.0,0.0,False,1.0,1.0,nan,nan,200,200,5,0,,,,,,10000,20260926,0.95,"shared_episodes: seeds per method, shared by its two cells; one set of episode indices shared by both cells and both methods (P7-D1 §2)",results/e07/matrix/episodes.csv;results/e07/cg/episodes.csv,success = IQM over seeds of per-seed success rate; drop = cell 1 - cell 2
cg.ppo_forecast.unseen_vessel.SS4,descriptive (not scored),,drop,"ppo_forecast: success aft - CG, unseen_vessel SS4 (P7-D1 §5)",ppo_forecast,,results/e07/matrix/episodes.csv|aft|unseen_vessel|SS4,results/e07/cg/episodes.csv|cg|unseen_vessel|SS4,0.0,0.0,0.0,False,1.0,1.0,nan,nan,200,200,5,0,,,,,,10000,20260926,0.95,"shared_episodes: seeds per method, shared by its two cells; one set of episode indices shared by both cells and both methods (P7-D1 §2)",results/e07/matrix/episodes.csv;results/e07/cg/episodes.csv,success = IQM over seeds of per-seed success rate; drop = cell 1 - cell 2
cg.ppo_forecast.unseen_vessel.SS5,descriptive (not scored),,drop,"ppo_forecast: success aft - CG, unseen_vessel SS5 (P7-D1 §5)",ppo_forecast,,results/e07/matrix/episodes.csv|aft|unseen_vessel|SS5,results/e07/cg/episodes.csv|cg|unseen_vessel|SS5,0.0,0.0,0.0,False,1.0,1.0,nan,nan,200,200,5,0,,,,,,10000,20260926,0.95,"shared_episodes: seeds per method, shared by its two cells; one set of episode indices shared by both cells and both methods (P7-D1 §2)",results/e07/matrix/episodes.csv;results/e07/cg/episodes.csv,success = IQM over seeds of per-seed success rate; drop = cell 1 - cell 2
cg.ppo_forecast.unseen_vessel.SS6,descriptive (not scored),,drop,"ppo_forecast: success aft - CG, unseen_vessel SS6 (P7-D1 §5)",ppo_forecast,,results/e07/matrix/episodes.csv|aft|unseen_vessel|SS6,results/e07/cg/episodes.csv|cg|unseen_vessel|SS6,0.0016666666666665941,-0.009999999999999898,0.008333333333333415,False,0.9933333333333333,0.9916666666666667,nan,nan,200,200,5,0,,,,,,10000,20260926,0.95,"shared_episodes: seeds per method, shared by its two cells; one set of episode indices shared by both cells and both methods (P7-D1 §2)",results/e07/matrix/episodes.csv;results/e07/cg/episodes.csv,success = IQM over seeds of per-seed success rate; drop = cell 1 - cell 2
cg.residual_ppo_forecast.unseen_vessel.SS3,descriptive (not scored),,drop,"residual_ppo_forecast: success aft - CG, unseen_vessel SS3 (P7-D1 §5)",residual_ppo_forecast,,results/e07/matrix/episodes.csv|aft|unseen_vessel|SS3,results/e07/cg/episodes.csv|cg|unseen_vessel|SS3,0.0,0.0,0.0,False,1.0,1.0,nan,nan,200,200,5,0,,,,,,10000,20260926,0.95,"shared_episodes: seeds per method, shared by its two cells; one set of episode indices shared by both cells and both methods (P7-D1 §2)",results/e07/matrix/episodes.csv;results/e07/cg/episodes.csv,success = IQM over seeds of per-seed success rate; drop = cell 1 - cell 2
cg.residual_ppo_forecast.unseen_vessel.SS4,descriptive (not scored),,drop,"residual_ppo_forecast: success aft - CG, unseen_vessel SS4 (P7-D1 §5)",residual_ppo_forecast,,results/e07/matrix/episodes.csv|aft|unseen_vessel|SS4,results/e07/cg/episodes.csv|cg|unseen_vessel|SS4,0.0,0.0,0.0,False,1.0,1.0,nan,nan,200,200,5,0,,,,,,10000,20260926,0.95,"shared_episodes: seeds per method, shared by its two cells; one set of episode indices shared by both cells and both methods (P7-D1 §2)",results/e07/matrix/episodes.csv;results/e07/cg/episodes.csv,success = IQM over seeds of per-seed success rate; drop = cell 1 - cell 2
cg.residual_ppo_forecast.unseen_vessel.SS5,descriptive (not scored),,drop,"residual_ppo_forecast: success aft - CG, unseen_vessel SS5 (P7-D1 §5)",residual_ppo_forecast,,results/e07/matrix/episodes.csv|aft|unseen_vessel|SS5,results/e07/cg/episodes.csv|cg|unseen_vessel|SS5,0.0,0.0,0.0,False,1.0,1.0,nan,nan,200,200,5,0,,,,,,10000,20260926,0.95,"shared_episodes: seeds per method, shared by its two cells; one set of episode indices shared by both cells and both methods (P7-D1 §2)",results/e07/matrix/episodes.csv;results/e07/cg/episodes.csv,success = IQM over seeds of per-seed success rate; drop = cell 1 - cell 2
cg.residual_ppo_forecast.unseen_vessel.SS6,descriptive (not scored),,drop,"residual_ppo_forecast: success aft - CG, unseen_vessel SS6 (P7-D1 §5)",residual_ppo_forecast,,results/e07/matrix/episodes.csv|aft|unseen_vessel|SS6,results/e07/cg/episodes.csv|cg|unseen_vessel|SS6,0.0033333333333334103,-0.008333333333333304,0.015000000000000013,False,0.9916666666666667,0.9883333333333333,nan,nan,200,200,5,0,,,,,,10000,20260926,0.95,"shared_episodes: seeds per method, shared by its two cells; one set of episode indices shared by both cells and both methods (P7-D1 §2)",results/e07/matrix/episodes.csv;results/e07/cg/episodes.csv,success = IQM over seeds of per-seed success rate; drop = cell 1 - cell 2
cg.ppo_sinusoid.unseen_vessel.SS3,descriptive (not scored),,drop,"ppo_sinusoid: success aft - CG, unseen_vessel SS3 (P7-D1 §5)",ppo_sinusoid,,results/e07/matrix/episodes.csv|aft|unseen_vessel|SS3,results/e07/cg/episodes.csv|cg|unseen_vessel|SS3,0.0,0.0,0.0,False,1.0,1.0,nan,nan,200,200,5,0,,,,,,10000,20260926,0.95,"shared_episodes: seeds per method, shared by its two cells; one set of episode indices shared by both cells and both methods (P7-D1 §2)",results/e07/matrix/episodes.csv;results/e07/cg/episodes.csv,success = IQM over seeds of per-seed success rate; drop = cell 1 - cell 2
cg.ppo_sinusoid.unseen_vessel.SS4,descriptive (not scored),,drop,"ppo_sinusoid: success aft - CG, unseen_vessel SS4 (P7-D1 §5)",ppo_sinusoid,,results/e07/matrix/episodes.csv|aft|unseen_vessel|SS4,results/e07/cg/episodes.csv|cg|unseen_vessel|SS4,0.0,0.0,0.0,False,1.0,1.0,nan,nan,200,200,5,0,,,,,,10000,20260926,0.95,"shared_episodes: seeds per method, shared by its two cells; one set of episode indices shared by both cells and both methods (P7-D1 §2)",results/e07/matrix/episodes.csv;results/e07/cg/episodes.csv,success = IQM over seeds of per-seed success rate; drop = cell 1 - cell 2
cg.ppo_sinusoid.unseen_vessel.SS5,descriptive (not scored),,drop,"ppo_sinusoid: success aft - CG, unseen_vessel SS5 (P7-D1 §5)",ppo_sinusoid,,results/e07/matrix/episodes.csv|aft|unseen_vessel|SS5,results/e07/cg/episodes.csv|cg|unseen_vessel|SS5,0.0,0.0,0.0,False,1.0,1.0,nan,nan,200,200,5,0,,,,,,10000,20260926,0.95,"shared_episodes: seeds per method, shared by its two cells; one set of episode indices shared by both cells and both methods (P7-D1 §2)",results/e07/matrix/episodes.csv;results/e07/cg/episodes.csv,success = IQM over seeds of per-seed success rate; drop = cell 1 - cell 2
cg.ppo_sinusoid.unseen_vessel.SS6,descriptive (not scored),,drop,"ppo_sinusoid: success aft - CG, unseen_vessel SS6 (P7-D1 §5)",ppo_sinusoid,,results/e07/matrix/episodes.csv|aft|unseen_vessel|SS6,results/e07/cg/episodes.csv|cg|unseen_vessel|SS6,-0.0016666666666667052,-0.01000000000000012,0.0050000000000000044,False,0.995,0.9966666666666667,nan,nan,200,200,5,0,,,,,,10000,20260926,0.95,"shared_episodes: seeds per method, shared by its two cells; one set of episode indices shared by both cells and both methods (P7-D1 §2)",results/e07/matrix/episodes.csv;results/e07/cg/episodes.csv,success = IQM over seeds of per-seed success rate; drop = cell 1 - cell 2
cg.pid_track_descend.unseen_vessel.SS3,descriptive (not scored),,drop,"pid_track_descend: success aft - CG, unseen_vessel SS3 (P7-D1 §5)",pid_track_descend,,results/e01/episodes.csv|aft|unseen_vessel|SS3,results/e02/episodes.csv|cg|unseen_vessel|SS3,0.0,0.0,0.0,False,1.0,1.0,nan,nan,200,200,1,0,,,,,,10000,20260926,0.95,"shared_episodes: seeds per method, shared by its two cells; one set of episode indices shared by both cells and both methods (P7-D1 §2)",results/e01/episodes.csv;results/e02/episodes.csv,success = IQM over seeds of per-seed success rate; drop = cell 1 - cell 2
cg.pid_track_descend.unseen_vessel.SS4,descriptive (not scored),,drop,"pid_track_descend: success aft - CG, unseen_vessel SS4 (P7-D1 §5)",pid_track_descend,,results/e01/episodes.csv|aft|unseen_vessel|SS4,results/e02/episodes.csv|cg|unseen_vessel|SS4,-0.025000000000000022,-0.050000000000000044,-0.0050000000000000044,True,0.975,1.0,nan,nan,200,200,1,0,,,,,,10000,20260926,0.95,"shared_episodes: seeds per method, shared by its two cells; one set of episode indices shared by both cells and both methods (P7-D1 §2)",results/e01/episodes.csv;results/e02/episodes.csv,success = IQM over seeds of per-seed success rate; drop = cell 1 - cell 2
cg.pid_track_descend.unseen_vessel.SS5,descriptive (not scored),,drop,"pid_track_descend: success aft - CG, unseen_vessel SS5 (P7-D1 §5)",pid_track_descend,,results/e01/episodes.csv|aft|unseen_vessel|SS5,results/e02/episodes.csv|cg|unseen_vessel|SS5,-0.09999999999999998,-0.14500000000000002,-0.06000000000000005,True,0.9,1.0,nan,nan,200,200,1,0,,,,,,10000,20260926,0.95,"shared_episodes: seeds per method, shared by its two cells; one set of episode indices shared by both cells and both methods (P7-D1 §2)",results/e01/episodes.csv;results/e02/episodes.csv,success = IQM over seeds of per-seed success rate; drop = cell 1 - cell 2
cg.pid_track_descend.unseen_vessel.SS6,descriptive (not scored),,drop,"pid_track_descend: success aft - CG, unseen_vessel SS6 (P7-D1 §5)",pid_track_descend,,results/e01/episodes.csv|aft|unseen_vessel|SS6,results/e02/episodes.csv|cg|unseen_vessel|SS6,-0.135,-0.19999999999999996,-0.07499999999999996,True,0.815,0.95,nan,nan,200,200,1,0,,,,,,10000,20260926,0.95,"shared_episodes: seeds per method, shared by its two cells; one set of episode indices shared by both cells and both methods (P7-D1 §2)",results/e01/episodes.csv;results/e02/episodes.csv,success = IQM over seeds of per-seed success rate; drop = cell 1 - cell 2
cg.pid_feedforward.unseen_vessel.SS3,descriptive (not scored),,drop,"pid_feedforward: success aft - CG, unseen_vessel SS3 (P7-D1 §5)",pid_feedforward,,results/e01/episodes.csv|aft|unseen_vessel|SS3,results/e02/episodes.csv|cg|unseen_vessel|SS3,0.0,0.0,0.0,False,1.0,1.0,nan,nan,200,200,1,0,,,,,,10000,20260926,0.95,"shared_episodes: seeds per method, shared by its two cells; one set of episode indices shared by both cells and both methods (P7-D1 §2)",results/e01/episodes.csv;results/e02/episodes.csv,success = IQM over seeds of per-seed success rate; drop = cell 1 - cell 2
cg.pid_feedforward.unseen_vessel.SS4,descriptive (not scored),,drop,"pid_feedforward: success aft - CG, unseen_vessel SS4 (P7-D1 §5)",pid_feedforward,,results/e01/episodes.csv|aft|unseen_vessel|SS4,results/e02/episodes.csv|cg|unseen_vessel|SS4,0.0,0.0,0.0,False,1.0,1.0,nan,nan,200,200,1,0,,,,,,10000,20260926,0.95,"shared_episodes: seeds per method, shared by its two cells; one set of episode indices shared by both cells and both methods (P7-D1 §2)",results/e01/episodes.csv;results/e02/episodes.csv,success = IQM over seeds of per-seed success rate; drop = cell 1 - cell 2
cg.pid_feedforward.unseen_vessel.SS5,descriptive (not scored),,drop,"pid_feedforward: success aft - CG, unseen_vessel SS5 (P7-D1 §5)",pid_feedforward,,results/e01/episodes.csv|aft|unseen_vessel|SS5,results/e02/episodes.csv|cg|unseen_vessel|SS5,-0.0050000000000000044,-0.015000000000000013,0.0,False,0.995,1.0,nan,nan,200,200,1,0,,,,,,10000,20260926,0.95,"shared_episodes: seeds per method, shared by its two cells; one set of episode indices shared by both cells and both methods (P7-D1 §2)",results/e01/episodes.csv;results/e02/episodes.csv,success = IQM over seeds of per-seed success rate; drop = cell 1 - cell 2
cg.pid_feedforward.unseen_vessel.SS6,descriptive (not scored),,drop,"pid_feedforward: success aft - CG, unseen_vessel SS6 (P7-D1 §5)",pid_feedforward,,results/e01/episodes.csv|aft|unseen_vessel|SS6,results/e02/episodes.csv|cg|unseen_vessel|SS6,-0.0050000000000000044,-0.025000000000000022,0.015000000000000013,False,0.985,0.99,nan,nan,200,200,1,0,,,,,,10000,20260926,0.95,"shared_episodes: seeds per method, shared by its two cells; one set of episode indices shared by both cells and both methods (P7-D1 §2)",results/e01/episodes.csv;results/e02/episodes.csv,success = IQM over seeds of per-seed success rate; drop = cell 1 - cell 2
cg.pid_feedforward_lowvz.unseen_vessel.SS3,descriptive (not scored),,drop,"pid_feedforward_lowvz: success aft - CG, unseen_vessel SS3 (P7-D1 §5)",pid_feedforward_lowvz,,results/e01/episodes.csv|aft|unseen_vessel|SS3,results/e02/episodes.csv|cg|unseen_vessel|SS3,0.0,0.0,0.0,False,1.0,1.0,nan,nan,200,200,1,0,,,,,,10000,20260926,0.95,"shared_episodes: seeds per method, shared by its two cells; one set of episode indices shared by both cells and both methods (P7-D1 §2)",results/e01/episodes.csv;results/e02/episodes.csv,success = IQM over seeds of per-seed success rate; drop = cell 1 - cell 2
cg.pid_feedforward_lowvz.unseen_vessel.SS4,descriptive (not scored),,drop,"pid_feedforward_lowvz: success aft - CG, unseen_vessel SS4 (P7-D1 §5)",pid_feedforward_lowvz,,results/e01/episodes.csv|aft|unseen_vessel|SS4,results/e02/episodes.csv|cg|unseen_vessel|SS4,0.0050000000000000044,0.0,0.015000000000000013,False,1.0,0.995,nan,nan,200,200,1,0,,,,,,10000,20260926,0.95,"shared_episodes: seeds per method, shared by its two cells; one set of episode indices shared by both cells and both methods (P7-D1 §2)",results/e01/episodes.csv;results/e02/episodes.csv,success = IQM over seeds of per-seed success rate; drop = cell 1 - cell 2
cg.pid_feedforward_lowvz.unseen_vessel.SS5,descriptive (not scored),,drop,"pid_feedforward_lowvz: success aft - CG, unseen_vessel SS5 (P7-D1 §5)",pid_feedforward_lowvz,,results/e01/episodes.csv|aft|unseen_vessel|SS5,results/e02/episodes.csv|cg|unseen_vessel|SS5,0.020000000000000018,0.0,0.04500000000000004,False,0.995,0.975,nan,nan,200,200,1,0,,,,,,10000,20260926,0.95,"shared_episodes: seeds per method, shared by its two cells; one set of episode indices shared by both cells and both methods (P7-D1 §2)",results/e01/episodes.csv;results/e02/episodes.csv,success = IQM over seeds of per-seed success rate; drop = cell 1 - cell 2
cg.pid_feedforward_lowvz.unseen_vessel.SS6,descriptive (not scored),,drop,"pid_feedforward_lowvz: success aft - CG, unseen_vessel SS6 (P7-D1 §5)",pid_feedforward_lowvz,,results/e01/episodes.csv|aft|unseen_vessel|SS6,results/e02/episodes.csv|cg|unseen_vessel|SS6,0.0,-0.03500000000000003,0.039999999999999925,False,0.95,0.95,nan,nan,200,200,1,0,,,,,,10000,20260926,0.95,"shared_episodes: seeds per method, shared by its two cells; one set of episode indices shared by both cells and both methods (P7-D1 §2)",results/e01/episodes.csv;results/e02/episodes.csv,success = IQM over seeds of per-seed success rate; drop = cell 1 - cell 2
cg.pid_feedforward_lowvz_cut.unseen_vessel.SS3,descriptive (not scored),,drop,"pid_feedforward_lowvz_cut: success aft - CG, unseen_vessel SS3 (P7-D1 §5)",pid_feedforward_lowvz_cut,,results/e01_lowvz_cut/episodes.csv|aft|unseen_vessel|SS3,results/e07/cg/episodes.csv|cg|unseen_vessel|SS3,0.0,0.0,0.0,False,1.0,1.0,nan,nan,200,200,1,0,,,,,,10000,20260926,0.95,"shared_episodes: seeds per method, shared by its two cells; one set of episode indices shared by both cells and both methods (P7-D1 §2)",results/e01_lowvz_cut/episodes.csv;results/e07/cg/episodes.csv,success = IQM over seeds of per-seed success rate; drop = cell 1 - cell 2
cg.pid_feedforward_lowvz_cut.unseen_vessel.SS4,descriptive (not scored),,drop,"pid_feedforward_lowvz_cut: success aft - CG, unseen_vessel SS4 (P7-D1 §5)",pid_feedforward_lowvz_cut,,results/e01_lowvz_cut/episodes.csv|aft|unseen_vessel|SS4,results/e07/cg/episodes.csv|cg|unseen_vessel|SS4,0.0050000000000000044,0.0,0.015000000000000013,False,1.0,0.995,nan,nan,200,200,1,0,,,,,,10000,20260926,0.95,"shared_episodes: seeds per method, shared by its two cells; one set of episode indices shared by both cells and both methods (P7-D1 §2)",results/e01_lowvz_cut/episodes.csv;results/e07/cg/episodes.csv,success = IQM over seeds of per-seed success rate; drop = cell 1 - cell 2
cg.pid_feedforward_lowvz_cut.unseen_vessel.SS5,descriptive (not scored),,drop,"pid_feedforward_lowvz_cut: success aft - CG, unseen_vessel SS5 (P7-D1 §5)",pid_feedforward_lowvz_cut,,results/e01_lowvz_cut/episodes.csv|aft|unseen_vessel|SS5,results/e07/cg/episodes.csv|cg|unseen_vessel|SS5,0.020000000000000018,0.0,0.04500000000000004,False,0.995,0.975,nan,nan,200,200,1,0,,,,,,10000,20260926,0.95,"shared_episodes: seeds per method, shared by its two cells; one set of episode indices shared by both cells and both methods (P7-D1 §2)",results/e01_lowvz_cut/episodes.csv;results/e07/cg/episodes.csv,success = IQM over seeds of per-seed success rate; drop = cell 1 - cell 2
cg.pid_feedforward_lowvz_cut.unseen_vessel.SS6,descriptive (not scored),,drop,"pid_feedforward_lowvz_cut: success aft - CG, unseen_vessel SS6 (P7-D1 §5)",pid_feedforward_lowvz_cut,,results/e01_lowvz_cut/episodes.csv|aft|unseen_vessel|SS6,results/e07/cg/episodes.csv|cg|unseen_vessel|SS6,0.0050000000000000044,-0.025000000000000022,0.039999999999999925,False,0.97,0.965,nan,nan,200,200,1,0,,,,,,10000,20260926,0.95,"shared_episodes: seeds per method, shared by its two cells; one set of episode indices shared by both cells and both methods (P7-D1 §2)",results/e01_lowvz_cut/episodes.csv;results/e07/cg/episodes.csv,success = IQM over seeds of per-seed success rate; drop = cell 1 - cell 2
cg.gated.unseen_vessel.SS3,descriptive (not scored),,drop,"gated: success aft - CG, unseen_vessel SS3 (P7-D1 §5)",gated,,results/e01/episodes.csv|aft|unseen_vessel|SS3,results/e02/episodes.csv|cg|unseen_vessel|SS3,0.0,0.0,0.0,False,1.0,1.0,nan,nan,200,200,1,0,,,,,,10000,20260926,0.95,"shared_episodes: seeds per method, shared by its two cells; one set of episode indices shared by both cells and both methods (P7-D1 §2)",results/e01/episodes.csv;results/e02/episodes.csv,success = IQM over seeds of per-seed success rate; drop = cell 1 - cell 2
cg.gated.unseen_vessel.SS4,descriptive (not scored),,drop,"gated: success aft - CG, unseen_vessel SS4 (P7-D1 §5)",gated,,results/e01/episodes.csv|aft|unseen_vessel|SS4,results/e02/episodes.csv|cg|unseen_vessel|SS4,0.0,0.0,0.0,False,1.0,1.0,nan,nan,200,200,1,0,,,,,,10000,20260926,0.95,"shared_episodes: seeds per method, shared by its two cells; one set of episode indices shared by both cells and both methods (P7-D1 §2)",results/e01/episodes.csv;results/e02/episodes.csv,success = IQM over seeds of per-seed success rate; drop = cell 1 - cell 2
cg.gated.unseen_vessel.SS5,descriptive (not scored),,drop,"gated: success aft - CG, unseen_vessel SS5 (P7-D1 §5)",gated,,results/e01/episodes.csv|aft|unseen_vessel|SS5,results/e02/episodes.csv|cg|unseen_vessel|SS5,-0.04999999999999993,-0.07999999999999996,-0.020000000000000018,True,0.935,0.985,nan,nan,200,200,1,0,,,,,,10000,20260926,0.95,"shared_episodes: seeds per method, shared by its two cells; one set of episode indices shared by both cells and both methods (P7-D1 §2)",results/e01/episodes.csv;results/e02/episodes.csv,success = IQM over seeds of per-seed success rate; drop = cell 1 - cell 2
cg.gated.unseen_vessel.SS6,descriptive (not scored),,drop,"gated: success aft - CG, unseen_vessel SS6 (P7-D1 §5)",gated,,results/e01/episodes.csv|aft|unseen_vessel|SS6,results/e02/episodes.csv|cg|unseen_vessel|SS6,-0.010000000000000009,-0.04500000000000004,0.025000000000000022,False,0.9,0.91,nan,nan,200,200,1,0,,,,,,10000,20260926,0.95,"shared_episodes: seeds per method, shared by its two cells; one set of episode indices shared by both cells and both methods (P7-D1 §2)",results/e01/episodes.csv;results/e02/episodes.csv,success = IQM over seeds of per-seed success rate; drop = cell 1 - cell 2
cg.oracle_gated.unseen_vessel.SS3,descriptive (not scored),,drop,"oracle_gated: success aft - CG, unseen_vessel SS3 (P7-D1 §5)",oracle_gated,,results/e01/episodes.csv|aft|unseen_vessel|SS3,results/e02/episodes.csv|cg|unseen_vessel|SS3,0.0,0.0,0.0,False,1.0,1.0,nan,nan,200,200,1,0,,,,,,10000,20260926,0.95,"shared_episodes: seeds per method, shared by its two cells; one set of episode indices shared by both cells and both methods (P7-D1 §2)",results/e01/episodes.csv;results/e02/episodes.csv,success = IQM over seeds of per-seed success rate; drop = cell 1 - cell 2
cg.oracle_gated.unseen_vessel.SS4,descriptive (not scored),,drop,"oracle_gated: success aft - CG, unseen_vessel SS4 (P7-D1 §5)",oracle_gated,,results/e01/episodes.csv|aft|unseen_vessel|SS4,results/e02/episodes.csv|cg|unseen_vessel|SS4,0.0,0.0,0.0,False,1.0,1.0,nan,nan,200,200,1,0,,,,,,10000,20260926,0.95,"shared_episodes: seeds per method, shared by its two cells; one set of episode indices shared by both cells and both methods (P7-D1 §2)",results/e01/episodes.csv;results/e02/episodes.csv,success = IQM over seeds of per-seed success rate; drop = cell 1 - cell 2
cg.oracle_gated.unseen_vessel.SS5,descriptive (not scored),,drop,"oracle_gated: success aft - CG, unseen_vessel SS5 (P7-D1 §5)",oracle_gated,,results/e01/episodes.csv|aft|unseen_vessel|SS5,results/e02/episodes.csv|cg|unseen_vessel|SS5,-0.040000000000000036,-0.06999999999999995,-0.015000000000000013,True,0.95,0.99,nan,nan,200,200,1,0,,,,,,10000,20260926,0.95,"shared_episodes: seeds per method, shared by its two cells; one set of episode indices shared by both cells and both methods (P7-D1 §2)",results/e01/episodes.csv;results/e02/episodes.csv,success = IQM over seeds of per-seed success rate; drop = cell 1 - cell 2
cg.oracle_gated.unseen_vessel.SS6,descriptive (not scored),,drop,"oracle_gated: success aft - CG, unseen_vessel SS6 (P7-D1 §5)",oracle_gated,,results/e01/episodes.csv|aft|unseen_vessel|SS6,results/e02/episodes.csv|cg|unseen_vessel|SS6,0.0050000000000000044,-0.03500000000000003,0.04500000000000004,False,0.89,0.885,nan,nan,200,200,1,0,,,,,,10000,20260926,0.95,"shared_episodes: seeds per method, shared by its two cells; one set of episode indices shared by both cells and both methods (P7-D1 §2)",results/e01/episodes.csv;results/e02/episodes.csv,success = IQM over seeds of per-seed success rate; drop = cell 1 - cell 2
sinusoid.ppo.id.SS3,descriptive (not scored),,drop,"ppo: success JONSWAP - sinusoid, id SS3 (P7-D1 §1)",ppo,,results/e07/matrix/episodes.csv|aft|id|SS3,results/e07/sinusoid/episodes.csv|aft|id|SS3,0.0,0.0,0.0,False,1.0,1.0,nan,nan,200,200,5,0,,,,,,10000,20260926,0.95,"shared_episodes: seeds per method, shared by its two cells; one set of episode indices shared by both cells and both methods (P7-D1 §2)",results/e07/matrix/episodes.csv;results/e07/sinusoid/episodes.csv,success = IQM over seeds of per-seed success rate; drop = cell 1 - cell 2
sinusoid.ppo.id.SS4,descriptive (not scored),,drop,"ppo: success JONSWAP - sinusoid, id SS4 (P7-D1 §1)",ppo,,results/e07/matrix/episodes.csv|aft|id|SS4,results/e07/sinusoid/episodes.csv|aft|id|SS4,0.0,0.0,0.0,False,1.0,1.0,nan,nan,200,200,5,0,,,,,,10000,20260926,0.95,"shared_episodes: seeds per method, shared by its two cells; one set of episode indices shared by both cells and both methods (P7-D1 §2)",results/e07/matrix/episodes.csv;results/e07/sinusoid/episodes.csv,success = IQM over seeds of per-seed success rate; drop = cell 1 - cell 2
sinusoid.ppo.id.SS5,descriptive (not scored),,drop,"ppo: success JONSWAP - sinusoid, id SS5 (P7-D1 §1)",ppo,,results/e07/matrix/episodes.csv|aft|id|SS5,results/e07/sinusoid/episodes.csv|aft|id|SS5,0.0,0.0,0.0,False,1.0,1.0,nan,nan,200,200,5,0,,,,,,10000,20260926,0.95,"shared_episodes: seeds per method, shared by its two cells; one set of episode indices shared by both cells and both methods (P7-D1 §2)",results/e07/matrix/episodes.csv;results/e07/sinusoid/episodes.csv,success = IQM over seeds of per-seed success rate; drop = cell 1 - cell 2
sinusoid.ppo.id.SS6,descriptive (not scored),,drop,"ppo: success JONSWAP - sinusoid, id SS6 (P7-D1 §1)",ppo,,results/e07/matrix/episodes.csv|aft|id|SS6,results/e07/sinusoid/episodes.csv|aft|id|SS6,-0.008333333333333304,-0.026666666666666616,0.010000000000000009,False,0.9816666666666666,0.9899999999999999,nan,nan,200,200,5,0,,,,,,10000,20260926,0.95,"shared_episodes: seeds per method, shared by its two cells; one set of episode indices shared by both cells and both methods (P7-D1 §2)",results/e07/matrix/episodes.csv;results/e07/sinusoid/episodes.csv,success = IQM over seeds of per-seed success rate; drop = cell 1 - cell 2
sinusoid.sac.id.SS3,descriptive (not scored),,drop,"sac: success JONSWAP - sinusoid, id SS3 (P7-D1 §1)",sac,,results/e07/matrix/episodes.csv|aft|id|SS3,results/e07/sinusoid/episodes.csv|aft|id|SS3,0.0050000000000001155,-0.009999999999999898,0.015000000000000013,False,0.9983333333333334,0.9933333333333333,nan,nan,200,200,5,0,,,,,,10000,20260926,0.95,"shared_episodes: seeds per method, shared by its two cells; one set of episode indices shared by both cells and both methods (P7-D1 §2)",results/e07/matrix/episodes.csv;results/e07/sinusoid/episodes.csv,success = IQM over seeds of per-seed success rate; drop = cell 1 - cell 2
sinusoid.sac.id.SS4,descriptive (not scored),,drop,"sac: success JONSWAP - sinusoid, id SS4 (P7-D1 §1)",sac,,results/e07/matrix/episodes.csv|aft|id|SS4,results/e07/sinusoid/episodes.csv|aft|id|SS4,0.01666666666666683,-0.008333333333333415,0.06333333333333335,False,0.9816666666666668,0.965,nan,nan,200,200,5,0,,,,,,10000,20260926,0.95,"shared_episodes: seeds per method, shared by its two cells; one set of episode indices shared by both cells and both methods (P7-D1 §2)",results/e07/matrix/episodes.csv;results/e07/sinusoid/episodes.csv,success = IQM over seeds of per-seed success rate; drop = cell 1 - cell 2
sinusoid.sac.id.SS5,descriptive (not scored),,drop,"sac: success JONSWAP - sinusoid, id SS5 (P7-D1 §1)",sac,,results/e07/matrix/episodes.csv|aft|id|SS5,results/e07/sinusoid/episodes.csv|aft|id|SS5,0.03833333333333333,-0.020000000000000018,0.10999999999999988,False,0.87,0.8316666666666667,nan,nan,200,200,5,0,,,,,,10000,20260926,0.95,"shared_episodes: seeds per method, shared by its two cells; one set of episode indices shared by both cells and both methods (P7-D1 §2)",results/e07/matrix/episodes.csv;results/e07/sinusoid/episodes.csv,success = IQM over seeds of per-seed success rate; drop = cell 1 - cell 2
sinusoid.sac.id.SS6,descriptive (not scored),,drop,"sac: success JONSWAP - sinusoid, id SS6 (P7-D1 §1)",sac,,results/e07/matrix/episodes.csv|aft|id|SS6,results/e07/sinusoid/episodes.csv|aft|id|SS6,0.11499999999999999,0.006666666666666599,0.19333333333333336,True,0.725,0.61,nan,nan,200,200,5,0,,,,,,10000,20260926,0.95,"shared_episodes: seeds per method, shared by its two cells; one set of episode indices shared by both cells and both methods (P7-D1 §2)",results/e07/matrix/episodes.csv;results/e07/sinusoid/episodes.csv,success = IQM over seeds of per-seed success rate; drop = cell 1 - cell 2
sinusoid.residual_ppo.id.SS3,descriptive (not scored),,drop,"residual_ppo: success JONSWAP - sinusoid, id SS3 (P7-D1 §1)",residual_ppo,,results/e07/matrix/episodes.csv|aft|id|SS3,results/e07/sinusoid/episodes.csv|aft|id|SS3,0.0,0.0,0.0,False,1.0,1.0,nan,nan,200,200,5,0,,,,,,10000,20260926,0.95,"shared_episodes: seeds per method, shared by its two cells; one set of episode indices shared by both cells and both methods (P7-D1 §2)",results/e07/matrix/episodes.csv;results/e07/sinusoid/episodes.csv,success = IQM over seeds of per-seed success rate; drop = cell 1 - cell 2
sinusoid.residual_ppo.id.SS4,descriptive (not scored),,drop,"residual_ppo: success JONSWAP - sinusoid, id SS4 (P7-D1 §1)",residual_ppo,,results/e07/matrix/episodes.csv|aft|id|SS4,results/e07/sinusoid/episodes.csv|aft|id|SS4,0.0,0.0,0.0,False,1.0,1.0,nan,nan,200,200,5,0,,,,,,10000,20260926,0.95,"shared_episodes: seeds per method, shared by its two cells; one set of episode indices shared by both cells and both methods (P7-D1 §2)",results/e07/matrix/episodes.csv;results/e07/sinusoid/episodes.csv,success = IQM over seeds of per-seed success rate; drop = cell 1 - cell 2
sinusoid.residual_ppo.id.SS5,descriptive (not scored),,drop,"residual_ppo: success JONSWAP - sinusoid, id SS5 (P7-D1 §1)",residual_ppo,,results/e07/matrix/episodes.csv|aft|id|SS5,results/e07/sinusoid/episodes.csv|aft|id|SS5,-0.0050000000000000044,-0.015000000000000013,0.0,False,0.995,1.0,nan,nan,200,200,5,0,,,,,,10000,20260926,0.95,"shared_episodes: seeds per method, shared by its two cells; one set of episode indices shared by both cells and both methods (P7-D1 §2)",results/e07/matrix/episodes.csv;results/e07/sinusoid/episodes.csv,success = IQM over seeds of per-seed success rate; drop = cell 1 - cell 2
sinusoid.residual_ppo.id.SS6,descriptive (not scored),,drop,"residual_ppo: success JONSWAP - sinusoid, id SS6 (P7-D1 §1)",residual_ppo,,results/e07/matrix/episodes.csv|aft|id|SS6,results/e07/sinusoid/episodes.csv|aft|id|SS6,-0.025000000000000133,-0.053333333333333344,0.011666666666666603,False,0.9616666666666666,0.9866666666666667,nan,nan,200,200,5,0,,,,,,10000,20260926,0.95,"shared_episodes: seeds per method, shared by its two cells; one set of episode indices shared by both cells and both methods (P7-D1 §2)",results/e07/matrix/episodes.csv;results/e07/sinusoid/episodes.csv,success = IQM over seeds of per-seed success rate; drop = cell 1 - cell 2
sinusoid.ppo_forecast.id.SS3,descriptive (not scored),,drop,"ppo_forecast: success JONSWAP - sinusoid, id SS3 (P7-D1 §1)",ppo_forecast,,results/e07/matrix/episodes.csv|aft|id|SS3,results/e07/sinusoid/episodes.csv|aft|id|SS3,0.0,0.0,0.0,False,1.0,1.0,nan,nan,200,200,5,0,,,,,,10000,20260926,0.95,"shared_episodes: seeds per method, shared by its two cells; one set of episode indices shared by both cells and both methods (P7-D1 §2)",results/e07/matrix/episodes.csv;results/e07/sinusoid/episodes.csv,success = IQM over seeds of per-seed success rate; drop = cell 1 - cell 2
sinusoid.ppo_forecast.id.SS4,descriptive (not scored),,drop,"ppo_forecast: success JONSWAP - sinusoid, id SS4 (P7-D1 §1)",ppo_forecast,,results/e07/matrix/episodes.csv|aft|id|SS4,results/e07/sinusoid/episodes.csv|aft|id|SS4,0.0,0.0,0.0,False,1.0,1.0,nan,nan,200,200,5,0,,,,,,10000,20260926,0.95,"shared_episodes: seeds per method, shared by its two cells; one set of episode indices shared by both cells and both methods (P7-D1 §2)",results/e07/matrix/episodes.csv;results/e07/sinusoid/episodes.csv,success = IQM over seeds of per-seed success rate; drop = cell 1 - cell 2
sinusoid.ppo_forecast.id.SS5,descriptive (not scored),,drop,"ppo_forecast: success JONSWAP - sinusoid, id SS5 (P7-D1 §1)",ppo_forecast,,results/e07/matrix/episodes.csv|aft|id|SS5,results/e07/sinusoid/episodes.csv|aft|id|SS5,0.0,0.0,0.0,False,1.0,1.0,nan,nan,200,200,5,0,,,,,,10000,20260926,0.95,"shared_episodes: seeds per method, shared by its two cells; one set of episode indices shared by both cells and both methods (P7-D1 §2)",results/e07/matrix/episodes.csv;results/e07/sinusoid/episodes.csv,success = IQM over seeds of per-seed success rate; drop = cell 1 - cell 2
sinusoid.ppo_forecast.id.SS6,descriptive (not scored),,drop,"ppo_forecast: success JONSWAP - sinusoid, id SS6 (P7-D1 §1)",ppo_forecast,,results/e07/matrix/episodes.csv|aft|id|SS6,results/e07/sinusoid/episodes.csv|aft|id|SS6,0.0016666666666665941,-0.020000000000000018,0.026666666666666727,False,0.98,0.9783333333333334,nan,nan,200,200,5,0,,,,,,10000,20260926,0.95,"shared_episodes: seeds per method, shared by its two cells; one set of episode indices shared by both cells and both methods (P7-D1 §2)",results/e07/matrix/episodes.csv;results/e07/sinusoid/episodes.csv,success = IQM over seeds of per-seed success rate; drop = cell 1 - cell 2
sinusoid.residual_ppo_forecast.id.SS3,descriptive (not scored),,drop,"residual_ppo_forecast: success JONSWAP - sinusoid, id SS3 (P7-D1 §1)",residual_ppo_forecast,,results/e07/matrix/episodes.csv|aft|id|SS3,results/e07/sinusoid/episodes.csv|aft|id|SS3,0.0,0.0,0.0,False,1.0,1.0,nan,nan,200,200,5,0,,,,,,10000,20260926,0.95,"shared_episodes: seeds per method, shared by its two cells; one set of episode indices shared by both cells and both methods (P7-D1 §2)",results/e07/matrix/episodes.csv;results/e07/sinusoid/episodes.csv,success = IQM over seeds of per-seed success rate; drop = cell 1 - cell 2
sinusoid.residual_ppo_forecast.id.SS4,descriptive (not scored),,drop,"residual_ppo_forecast: success JONSWAP - sinusoid, id SS4 (P7-D1 §1)",residual_ppo_forecast,,results/e07/matrix/episodes.csv|aft|id|SS4,results/e07/sinusoid/episodes.csv|aft|id|SS4,0.0,0.0,0.0,False,1.0,1.0,nan,nan,200,200,5,0,,,,,,10000,20260926,0.95,"shared_episodes: seeds per method, shared by its two cells; one set of episode indices shared by both cells and both methods (P7-D1 §2)",results/e07/matrix/episodes.csv;results/e07/sinusoid/episodes.csv,success = IQM over seeds of per-seed success rate; drop = cell 1 - cell 2
sinusoid.residual_ppo_forecast.id.SS5,descriptive (not scored),,drop,"residual_ppo_forecast: success JONSWAP - sinusoid, id SS5 (P7-D1 §1)",residual_ppo_forecast,,results/e07/matrix/episodes.csv|aft|id|SS5,results/e07/sinusoid/episodes.csv|aft|id|SS5,-0.0050000000000000044,-0.015000000000000013,0.0,False,0.995,1.0,nan,nan,200,200,5,0,,,,,,10000,20260926,0.95,"shared_episodes: seeds per method, shared by its two cells; one set of episode indices shared by both cells and both methods (P7-D1 §2)",results/e07/matrix/episodes.csv;results/e07/sinusoid/episodes.csv,success = IQM over seeds of per-seed success rate; drop = cell 1 - cell 2
sinusoid.residual_ppo_forecast.id.SS6,descriptive (not scored),,drop,"residual_ppo_forecast: success JONSWAP - sinusoid, id SS6 (P7-D1 §1)",residual_ppo_forecast,,results/e07/matrix/episodes.csv|aft|id|SS6,results/e07/sinusoid/episodes.csv|aft|id|SS6,-0.018333333333333313,-0.043333333333333224,0.010000000000000009,False,0.9683333333333334,0.9866666666666667,nan,nan,200,200,5,0,,,,,,10000,20260926,0.95,"shared_episodes: seeds per method, shared by its two cells; one set of episode indices shared by both cells and both methods (P7-D1 §2)",results/e07/matrix/episodes.csv;results/e07/sinusoid/episodes.csv,success = IQM over seeds of per-seed success rate; drop = cell 1 - cell 2
sinusoid.ppo_sinusoid.id.SS3,descriptive (not scored),,drop,"ppo_sinusoid: success JONSWAP - sinusoid, id SS3 (P7-D1 §1)",ppo_sinusoid,,results/e07/matrix/episodes.csv|aft|id|SS3,results/e07/sinusoid/episodes.csv|aft|id|SS3,0.0,0.0,0.0,False,1.0,1.0,nan,nan,200,200,5,0,,,,,,10000,20260926,0.95,"shared_episodes: seeds per method, shared by its two cells; one set of episode indices shared by both cells and both methods (P7-D1 §2)",results/e07/matrix/episodes.csv;results/e07/sinusoid/episodes.csv,success = IQM over seeds of per-seed success rate; drop = cell 1 - cell 2
sinusoid.ppo_sinusoid.id.SS4,descriptive (not scored),,drop,"ppo_sinusoid: success JONSWAP - sinusoid, id SS4 (P7-D1 §1)",ppo_sinusoid,,results/e07/matrix/episodes.csv|aft|id|SS4,results/e07/sinusoid/episodes.csv|aft|id|SS4,0.0,0.0,0.0,False,1.0,1.0,nan,nan,200,200,5,0,,,,,,10000,20260926,0.95,"shared_episodes: seeds per method, shared by its two cells; one set of episode indices shared by both cells and both methods (P7-D1 §2)",results/e07/matrix/episodes.csv;results/e07/sinusoid/episodes.csv,success = IQM over seeds of per-seed success rate; drop = cell 1 - cell 2
sinusoid.ppo_sinusoid.id.SS5,descriptive (not scored),,drop,"ppo_sinusoid: success JONSWAP - sinusoid, id SS5 (P7-D1 §1)",ppo_sinusoid,,results/e07/matrix/episodes.csv|aft|id|SS5,results/e07/sinusoid/episodes.csv|aft|id|SS5,0.0,0.0,0.0,False,1.0,1.0,nan,nan,200,200,5,0,,,,,,10000,20260926,0.95,"shared_episodes: seeds per method, shared by its two cells; one set of episode indices shared by both cells and both methods (P7-D1 §2)",results/e07/matrix/episodes.csv;results/e07/sinusoid/episodes.csv,success = IQM over seeds of per-seed success rate; drop = cell 1 - cell 2
sinusoid.ppo_sinusoid.id.SS6,descriptive (not scored),,drop,"ppo_sinusoid: success JONSWAP - sinusoid, id SS6 (P7-D1 §1)",ppo_sinusoid,,results/e07/matrix/episodes.csv|aft|id|SS6,results/e07/sinusoid/episodes.csv|aft|id|SS6,-0.020000000000000018,-0.04500000000000015,0.0016666666666667052,False,0.9733333333333333,0.9933333333333333,nan,nan,200,200,5,0,,,,,,10000,20260926,0.95,"shared_episodes: seeds per method, shared by its two cells; one set of episode indices shared by both cells and both methods (P7-D1 §2)",results/e07/matrix/episodes.csv;results/e07/sinusoid/episodes.csv,success = IQM over seeds of per-seed success rate; drop = cell 1 - cell 2
sinusoid.pid_track_descend.id.SS3,descriptive (not scored),,drop,"pid_track_descend: success JONSWAP - sinusoid, id SS3 (P7-D1 §1)",pid_track_descend,,results/e01/episodes.csv|aft|id|SS3,results/e07/sinusoid/episodes.csv|aft|id|SS3,0.0,0.0,0.0,False,1.0,1.0,nan,nan,200,200,1,0,,,,,,10000,20260926,0.95,"shared_episodes: seeds per method, shared by its two cells; one set of episode indices shared by both cells and both methods (P7-D1 §2)",results/e01/episodes.csv;results/e07/sinusoid/episodes.csv,success = IQM over seeds of per-seed success rate; drop = cell 1 - cell 2
sinusoid.pid_track_descend.id.SS4,descriptive (not scored),,drop,"pid_track_descend: success JONSWAP - sinusoid, id SS4 (P7-D1 §1)",pid_track_descend,,results/e01/episodes.csv|aft|id|SS4,results/e07/sinusoid/episodes.csv|aft|id|SS4,0.02499999999999991,-0.015000000000000013,0.06499999999999995,False,0.96,0.935,nan,nan,200,200,1,0,,,,,,10000,20260926,0.95,"shared_episodes: seeds per method, shared by its two cells; one set of episode indices shared by both cells and both methods (P7-D1 §2)",results/e01/episodes.csv;results/e07/sinusoid/episodes.csv,success = IQM over seeds of per-seed success rate; drop = cell 1 - cell 2
sinusoid.pid_track_descend.id.SS5,descriptive (not scored),,drop,"pid_track_descend: success JONSWAP - sinusoid, id SS5 (P7-D1 §1)",pid_track_descend,,results/e01/episodes.csv|aft|id|SS5,results/e07/sinusoid/episodes.csv|aft|id|SS5,0.20499999999999996,0.1349999999999999,0.28,True,0.85,0.645,nan,nan,200,200,1,0,,,,,,10000,20260926,0.95,"shared_episodes: seeds per method, shared by its two cells; one set of episode indices shared by both cells and both methods (P7-D1 §2)",results/e01/episodes.csv;results/e07/sinusoid/episodes.csv,success = IQM over seeds of per-seed success rate; drop = cell 1 - cell 2
sinusoid.pid_track_descend.id.SS6,descriptive (not scored),,drop,"pid_track_descend: success JONSWAP - sinusoid, id SS6 (P7-D1 §1)",pid_track_descend,,results/e01/episodes.csv|aft|id|SS6,results/e07/sinusoid/episodes.csv|aft|id|SS6,0.20000000000000007,0.11499999999999999,0.2849999999999999,True,0.8,0.6,nan,nan,200,200,1,0,,,,,,10000,20260926,0.95,"shared_episodes: seeds per method, shared by its two cells; one set of episode indices shared by both cells and both methods (P7-D1 §2)",results/e01/episodes.csv;results/e07/sinusoid/episodes.csv,success = IQM over seeds of per-seed success rate; drop = cell 1 - cell 2
sinusoid.pid_feedforward.id.SS3,descriptive (not scored),,drop,"pid_feedforward: success JONSWAP - sinusoid, id SS3 (P7-D1 §1)",pid_feedforward,,results/e01/episodes.csv|aft|id|SS3,results/e07/sinusoid/episodes.csv|aft|id|SS3,0.0,0.0,0.0,False,1.0,1.0,nan,nan,200,200,1,0,,,,,,10000,20260926,0.95,"shared_episodes: seeds per method, shared by its two cells; one set of episode indices shared by both cells and both methods (P7-D1 §2)",results/e01/episodes.csv;results/e07/sinusoid/episodes.csv,success = IQM over seeds of per-seed success rate; drop = cell 1 - cell 2
sinusoid.pid_feedforward.id.SS4,descriptive (not scored),,drop,"pid_feedforward: success JONSWAP - sinusoid, id SS4 (P7-D1 §1)",pid_feedforward,,results/e01/episodes.csv|aft|id|SS4,results/e07/sinusoid/episodes.csv|aft|id|SS4,0.0050000000000000044,0.0,0.015000000000000013,False,1.0,0.995,nan,nan,200,200,1,0,,,,,,10000,20260926,0.95,"shared_episodes: seeds per method, shared by its two cells; one set of episode indices shared by both cells and both methods (P7-D1 §2)",results/e01/episodes.csv;results/e07/sinusoid/episodes.csv,success = IQM over seeds of per-seed success rate; drop = cell 1 - cell 2
sinusoid.pid_feedforward.id.SS5,descriptive (not scored),,drop,"pid_feedforward: success JONSWAP - sinusoid, id SS5 (P7-D1 §1)",pid_feedforward,,results/e01/episodes.csv|aft|id|SS5,results/e07/sinusoid/episodes.csv|aft|id|SS5,0.0,-0.015000000000000013,0.015000000000000013,False,0.99,0.99,nan,nan,200,200,1,0,,,,,,10000,20260926,0.95,"shared_episodes: seeds per method, shared by its two cells; one set of episode indices shared by both cells and both methods (P7-D1 §2)",results/e01/episodes.csv;results/e07/sinusoid/episodes.csv,success = IQM over seeds of per-seed success rate; drop = cell 1 - cell 2
sinusoid.pid_feedforward.id.SS6,descriptive (not scored),,drop,"pid_feedforward: success JONSWAP - sinusoid, id SS6 (P7-D1 §1)",pid_feedforward,,results/e01/episodes.csv|aft|id|SS6,results/e07/sinusoid/episodes.csv|aft|id|SS6,-0.03499999999999992,-0.08499999999999996,0.014999999999999902,False,0.905,0.94,nan,nan,200,200,1,0,,,,,,10000,20260926,0.95,"shared_episodes: seeds per method, shared by its two cells; one set of episode indices shared by both cells and both methods (P7-D1 §2)",results/e01/episodes.csv;results/e07/sinusoid/episodes.csv,success = IQM over seeds of per-seed success rate; drop = cell 1 - cell 2
sinusoid.pid_feedforward_lowvz.id.SS3,descriptive (not scored),,drop,"pid_feedforward_lowvz: success JONSWAP - sinusoid, id SS3 (P7-D1 §1)",pid_feedforward_lowvz,,results/e01/episodes.csv|aft|id|SS3,results/e07/sinusoid/episodes.csv|aft|id|SS3,0.010000000000000009,0.0,0.025000000000000022,False,1.0,0.99,nan,nan,200,200,1,0,,,,,,10000,20260926,0.95,"shared_episodes: seeds per method, shared by its two cells; one set of episode indices shared by both cells and both methods (P7-D1 §2)",results/e01/episodes.csv;results/e07/sinusoid/episodes.csv,success = IQM over seeds of per-seed success rate; drop = cell 1 - cell 2
sinusoid.pid_feedforward_lowvz.id.SS4,descriptive (not scored),,drop,"pid_feedforward_lowvz: success JONSWAP - sinusoid, id SS4 (P7-D1 §1)",pid_feedforward_lowvz,,results/e01/episodes.csv|aft|id|SS4,results/e07/sinusoid/episodes.csv|aft|id|SS4,0.0050000000000000044,-0.020000000000000018,0.030000000000000027,False,0.98,0.975,nan,nan,200,200,1,0,,,,,,10000,20260926,0.95,"shared_episodes: seeds per method, shared by its two cells; one set of episode indices shared by both cells and both methods (P7-D1 §2)",results/e01/episodes.csv;results/e07/sinusoid/episodes.csv,success = IQM over seeds of per-seed success rate; drop = cell 1 - cell 2
sinusoid.pid_feedforward_lowvz.id.SS5,descriptive (not scored),,drop,"pid_feedforward_lowvz: success JONSWAP - sinusoid, id SS5 (P7-D1 §1)",pid_feedforward_lowvz,,results/e01/episodes.csv|aft|id|SS5,results/e07/sinusoid/episodes.csv|aft|id|SS5,0.0050000000000000044,-0.03499999999999992,0.04499999999999993,False,0.955,0.95,nan,nan,200,200,1,0,,,,,,10000,20260926,0.95,"shared_episodes: seeds per method, shared by its two cells; one set of episode indices shared by both cells and both methods (P7-D1 §2)",results/e01/episodes.csv;results/e07/sinusoid/episodes.csv,success = IQM over seeds of per-seed success rate; drop = cell 1 - cell 2
sinusoid.pid_feedforward_lowvz.id.SS6,descriptive (not scored),,drop,"pid_feedforward_lowvz: success JONSWAP - sinusoid, id SS6 (P7-D1 §1)",pid_feedforward_lowvz,,results/e01/episodes.csv|aft|id|SS6,results/e07/sinusoid/episodes.csv|aft|id|SS6,0.0050000000000000044,-0.05500000000000005,0.06500000000000006,False,0.85,0.845,nan,nan,200,200,1,0,,,,,,10000,20260926,0.95,"shared_episodes: seeds per method, shared by its two cells; one set of episode indices shared by both cells and both methods (P7-D1 §2)",results/e01/episodes.csv;results/e07/sinusoid/episodes.csv,success = IQM over seeds of per-seed success rate; drop = cell 1 - cell 2
sinusoid.pid_feedforward_lowvz_cut.id.SS3,descriptive (not scored),,drop,"pid_feedforward_lowvz_cut: success JONSWAP - sinusoid, id SS3 (P7-D1 §1)",pid_feedforward_lowvz_cut,,results/e01_lowvz_cut/episodes.csv|aft|id|SS3,results/e07/sinusoid/episodes.csv|aft|id|SS3,0.010000000000000009,0.0,0.025000000000000022,False,1.0,0.99,nan,nan,200,200,1,0,,,,,,10000,20260926,0.95,"shared_episodes: seeds per method, shared by its two cells; one set of episode indices shared by both cells and both methods (P7-D1 §2)",results/e01_lowvz_cut/episodes.csv;results/e07/sinusoid/episodes.csv,success = IQM over seeds of per-seed success rate; drop = cell 1 - cell 2
sinusoid.pid_feedforward_lowvz_cut.id.SS4,descriptive (not scored),,drop,"pid_feedforward_lowvz_cut: success JONSWAP - sinusoid, id SS4 (P7-D1 §1)",pid_feedforward_lowvz_cut,,results/e01_lowvz_cut/episodes.csv|aft|id|SS4,results/e07/sinusoid/episodes.csv|aft|id|SS4,0.0,-0.025000000000000022,0.025000000000000022,False,0.985,0.985,nan,nan,200,200,1,0,,,,,,10000,20260926,0.95,"shared_episodes: seeds per method, shared by its two cells; one set of episode indices shared by both cells and both methods (P7-D1 §2)",results/e01_lowvz_cut/episodes.csv;results/e07/sinusoid/episodes.csv,success = IQM over seeds of per-seed success rate; drop = cell 1 - cell 2
sinusoid.pid_feedforward_lowvz_cut.id.SS5,descriptive (not scored),,drop,"pid_feedforward_lowvz_cut: success JONSWAP - sinusoid, id SS5 (P7-D1 §1)",pid_feedforward_lowvz_cut,,results/e01_lowvz_cut/episodes.csv|aft|id|SS5,results/e07/sinusoid/episodes.csv|aft|id|SS5,0.010000000000000009,-0.020000000000000018,0.040000000000000036,False,0.98,0.97,nan,nan,200,200,1,0,,,,,,10000,20260926,0.95,"shared_episodes: seeds per method, shared by its two cells; one set of episode indices shared by both cells and both methods (P7-D1 §2)",results/e01_lowvz_cut/episodes.csv;results/e07/sinusoid/episodes.csv,success = IQM over seeds of per-seed success rate; drop = cell 1 - cell 2
sinusoid.pid_feedforward_lowvz_cut.id.SS6,descriptive (not scored),,drop,"pid_feedforward_lowvz_cut: success JONSWAP - sinusoid, id SS6 (P7-D1 §1)",pid_feedforward_lowvz_cut,,results/e01_lowvz_cut/episodes.csv|aft|id|SS6,results/e07/sinusoid/episodes.csv|aft|id|SS6,-0.0050000000000000044,-0.06000000000000005,0.050000000000000044,False,0.88,0.885,nan,nan,200,200,1,0,,,,,,10000,20260926,0.95,"shared_episodes: seeds per method, shared by its two cells; one set of episode indices shared by both cells and both methods (P7-D1 §2)",results/e01_lowvz_cut/episodes.csv;results/e07/sinusoid/episodes.csv,success = IQM over seeds of per-seed success rate; drop = cell 1 - cell 2
sinusoid.gated.id.SS3,descriptive (not scored),,drop,"gated: success JONSWAP - sinusoid, id SS3 (P7-D1 §1)",gated,,results/e01/episodes.csv|aft|id|SS3,results/e07/sinusoid/episodes.csv|aft|id|SS3,0.0,0.0,0.0,False,1.0,1.0,nan,nan,200,200,1,0,,,,,,10000,20260926,0.95,"shared_episodes: seeds per method, shared by its two cells; one set of episode indices shared by both cells and both methods (P7-D1 §2)",results/e01/episodes.csv;results/e07/sinusoid/episodes.csv,success = IQM over seeds of per-seed success rate; drop = cell 1 - cell 2
sinusoid.gated.id.SS4,descriptive (not scored),,drop,"gated: success JONSWAP - sinusoid, id SS4 (P7-D1 §1)",gated,,results/e01/episodes.csv|aft|id|SS4,results/e07/sinusoid/episodes.csv|aft|id|SS4,0.22999999999999998,0.17000000000000004,0.29000000000000004,True,0.985,0.755,nan,nan,200,200,1,0,,,,,,10000,20260926,0.95,"shared_episodes: seeds per method, shared by its two cells; one set of episode indices shared by both cells and both methods (P7-D1 §2)",results/e01/episodes.csv;results/e07/sinusoid/episodes.csv,success = IQM over seeds of per-seed success rate; drop = cell 1 - cell 2
sinusoid.gated.id.SS5,descriptive (not scored),,drop,"gated: success JONSWAP - sinusoid, id SS5 (P7-D1 §1)",gated,,results/e01/episodes.csv|aft|id|SS5,results/e07/sinusoid/episodes.csv|aft|id|SS5,0.605,0.5349999999999999,0.675,True,0.895,0.29,nan,nan,200,200,1,0,,,,,,10000,20260926,0.95,"shared_episodes: seeds per method, shared by its two cells; one set of episode indices shared by both cells and both methods (P7-D1 §2)",results/e01/episodes.csv;results/e07/sinusoid/episodes.csv,success = IQM over seeds of per-seed success rate; drop = cell 1 - cell 2
sinusoid.gated.id.SS6,descriptive (not scored),,drop,"gated: success JONSWAP - sinusoid, id SS6 (P7-D1 §1)",gated,,results/e01/episodes.csv|aft|id|SS6,results/e07/sinusoid/episodes.csv|aft|id|SS6,0.61,0.5399999999999999,0.6799999999999999,True,0.63,0.02,nan,nan,200,200,1,0,,,,,,10000,20260926,0.95,"shared_episodes: seeds per method, shared by its two cells; one set of episode indices shared by both cells and both methods (P7-D1 §2)",results/e01/episodes.csv;results/e07/sinusoid/episodes.csv,success = IQM over seeds of per-seed success rate; drop = cell 1 - cell 2
sinusoid.oracle_gated.id.SS3,descriptive (not scored),,drop,"oracle_gated: success JONSWAP - sinusoid, id SS3 (P7-D1 §1)",oracle_gated,,results/e01/episodes.csv|aft|id|SS3,results/e07/sinusoid/episodes.csv|aft|id|SS3,0.0,0.0,0.0,False,1.0,1.0,nan,nan,200,200,1,0,,,,,,10000,20260926,0.95,"shared_episodes: seeds per method, shared by its two cells; one set of episode indices shared by both cells and both methods (P7-D1 §2)",results/e01/episodes.csv;results/e07/sinusoid/episodes.csv,success = IQM over seeds of per-seed success rate; drop = cell 1 - cell 2
sinusoid.oracle_gated.id.SS4,descriptive (not scored),,drop,"oracle_gated: success JONSWAP - sinusoid, id SS4 (P7-D1 §1)",oracle_gated,,results/e01/episodes.csv|aft|id|SS4,results/e07/sinusoid/episodes.csv|aft|id|SS4,0.235,0.17499999999999993,0.29500000000000004,True,0.985,0.75,nan,nan,200,200,1,0,,,,,,10000,20260926,0.95,"shared_episodes: seeds per method, shared by its two cells; one set of episode indices shared by both cells and both methods (P7-D1 §2)",results/e01/episodes.csv;results/e07/sinusoid/episodes.csv,success = IQM over seeds of per-seed success rate; drop = cell 1 - cell 2
sinusoid.oracle_gated.id.SS5,descriptive (not scored),,drop,"oracle_gated: success JONSWAP - sinusoid, id SS5 (P7-D1 §1)",oracle_gated,,results/e01/episodes.csv|aft|id|SS5,results/e07/sinusoid/episodes.csv|aft|id|SS5,0.605,0.53,0.675,True,0.89,0.285,nan,nan,200,200,1,0,,,,,,10000,20260926,0.95,"shared_episodes: seeds per method, shared by its two cells; one set of episode indices shared by both cells and both methods (P7-D1 §2)",results/e01/episodes.csv;results/e07/sinusoid/episodes.csv,success = IQM over seeds of per-seed success rate; drop = cell 1 - cell 2
sinusoid.oracle_gated.id.SS6,descriptive (not scored),,drop,"oracle_gated: success JONSWAP - sinusoid, id SS6 (P7-D1 §1)",oracle_gated,,results/e01/episodes.csv|aft|id|SS6,results/e07/sinusoid/episodes.csv|aft|id|SS6,0.625,0.5599999999999999,0.69,True,0.645,0.02,nan,nan,200,200,1,0,,,,,,10000,20260926,0.95,"shared_episodes: seeds per method, shared by its two cells; one set of episode indices shared by both cells and both methods (P7-D1 §2)",results/e01/episodes.csv;results/e07/sinusoid/episodes.csv,success = IQM over seeds of per-seed success rate; drop = cell 1 - cell 2
noise/sigma1cm_lat0step.ppo.id.SS3,descriptive (not scored),,drop,"ppo: success clean - sigma1cm_lat0step (sigma_p 0.01 m, sigma_v 0.05 m/s, 0 step latency), id SS3 (P7-D1 §4)",ppo,,results/e07/matrix/episodes.csv|aft|id|SS3,results/e07/noise/sigma1cm_lat0step/episodes.csv|aft|id|SS3,0.0,0.0,0.0,False,1.0,1.0,nan,nan,200,200,5,0,,,,,,10000,20260926,0.95,"shared_episodes: seeds per method, shared by its two cells; one set of episode indices shared by both cells and both methods (P7-D1 §2)",results/e07/matrix/episodes.csv;results/e07/noise/sigma1cm_lat0step/episodes.csv,success = IQM over seeds of per-seed success rate; drop = cell 1 - cell 2
noise/sigma1cm_lat0step.ppo.id.SS4,descriptive (not scored),,drop,"ppo: success clean - sigma1cm_lat0step (sigma_p 0.01 m, sigma_v 0.05 m/s, 0 step latency), id SS4 (P7-D1 §4)",ppo,,results/e07/matrix/episodes.csv|aft|id|SS4,results/e07/noise/sigma1cm_lat0step/episodes.csv|aft|id|SS4,0.0,0.0,0.0,False,1.0,1.0,nan,nan,200,200,5,0,,,,,,10000,20260926,0.95,"shared_episodes: seeds per method, shared by its two cells; one set of episode indices shared by both cells and both methods (P7-D1 §2)",results/e07/matrix/episodes.csv;results/e07/noise/sigma1cm_lat0step/episodes.csv,success = IQM over seeds of per-seed success rate; drop = cell 1 - cell 2
noise/sigma1cm_lat0step.ppo.id.SS5,descriptive (not scored),,drop,"ppo: success clean - sigma1cm_lat0step (sigma_p 0.01 m, sigma_v 0.05 m/s, 0 step latency), id SS5 (P7-D1 §4)",ppo,,results/e07/matrix/episodes.csv|aft|id|SS5,results/e07/noise/sigma1cm_lat0step/episodes.csv|aft|id|SS5,0.0,0.0,0.0050000000000000044,False,1.0,1.0,nan,nan,200,200,5,0,,,,,,10000,20260926,0.95,"shared_episodes: seeds per method, shared by its two cells; one set of episode indices shared by both cells and both methods (P7-D1 §2)",results/e07/matrix/episodes.csv;results/e07/noise/sigma1cm_lat0step/episodes.csv,success = IQM over seeds of per-seed success rate; drop = cell 1 - cell 2
noise/sigma1cm_lat0step.ppo.id.SS6,descriptive (not scored),,drop,"ppo: success clean - sigma1cm_lat0step (sigma_p 0.01 m, sigma_v 0.05 m/s, 0 step latency), id SS6 (P7-D1 §4)",ppo,,results/e07/matrix/episodes.csv|aft|id|SS6,results/e07/noise/sigma1cm_lat0step/episodes.csv|aft|id|SS6,-0.0050000000000001155,-0.01666666666666672,0.008333333333333304,False,0.9816666666666666,0.9866666666666667,nan,nan,200,200,5,0,,,,,,10000,20260926,0.95,"shared_episodes: seeds per method, shared by its two cells; one set of episode indices shared by both cells and both methods (P7-D1 §2)",results/e07/matrix/episodes.csv;results/e07/noise/sigma1cm_lat0step/episodes.csv,success = IQM over seeds of per-seed success rate; drop = cell 1 - cell 2
noise/sigma1cm_lat0step.sac.id.SS3,descriptive (not scored),,drop,"sac: success clean - sigma1cm_lat0step (sigma_p 0.01 m, sigma_v 0.05 m/s, 0 step latency), id SS3 (P7-D1 §4)",sac,,results/e07/matrix/episodes.csv|aft|id|SS3,results/e07/noise/sigma1cm_lat0step/episodes.csv|aft|id|SS3,0.05833333333333335,0.0033333333333332993,0.10000000000000009,True,0.9983333333333334,0.9400000000000001,nan,nan,200,200,5,0,,,,,,10000,20260926,0.95,"shared_episodes: seeds per method, shared by its two cells; one set of episode indices shared by both cells and both methods (P7-D1 §2)",results/e07/matrix/episodes.csv;results/e07/noise/sigma1cm_lat0step/episodes.csv,success = IQM over seeds of per-seed success rate; drop = cell 1 - cell 2
noise/sigma1cm_lat0step.sac.id.SS4,descriptive (not scored),,drop,"sac: success clean - sigma1cm_lat0step (sigma_p 0.01 m, sigma_v 0.05 m/s, 0 step latency), id SS4 (P7-D1 §4)",sac,,results/e07/matrix/episodes.csv|aft|id|SS4,results/e07/noise/sigma1cm_lat0step/episodes.csv|aft|id|SS4,0.08666666666666678,0.026666666666666505,0.1333333333333333,True,0.9816666666666668,0.895,nan,nan,200,200,5,0,,,,,,10000,20260926,0.95,"shared_episodes: seeds per method, shared by its two cells; one set of episode indices shared by both cells and both methods (P7-D1 §2)",results/e07/matrix/episodes.csv;results/e07/noise/sigma1cm_lat0step/episodes.csv,success = IQM over seeds of per-seed success rate; drop = cell 1 - cell 2
noise/sigma1cm_lat0step.sac.id.SS5,descriptive (not scored),,drop,"sac: success clean - sigma1cm_lat0step (sigma_p 0.01 m, sigma_v 0.05 m/s, 0 step latency), id SS5 (P7-D1 §4)",sac,,results/e07/matrix/episodes.csv|aft|id|SS5,results/e07/noise/sigma1cm_lat0step/episodes.csv|aft|id|SS5,0.08166666666666655,0.026666666666666727,0.125,True,0.87,0.7883333333333334,nan,nan,200,200,5,0,,,,,,10000,20260926,0.95,"shared_episodes: seeds per method, shared by its two cells; one set of episode indices shared by both cells and both methods (P7-D1 §2)",results/e07/matrix/episodes.csv;results/e07/noise/sigma1cm_lat0step/episodes.csv,success = IQM over seeds of per-seed success rate; drop = cell 1 - cell 2
noise/sigma1cm_lat0step.sac.id.SS6,descriptive (not scored),,drop,"sac: success clean - sigma1cm_lat0step (sigma_p 0.01 m, sigma_v 0.05 m/s, 0 step latency), id SS6 (P7-D1 §4)",sac,,results/e07/matrix/episodes.csv|aft|id|SS6,results/e07/noise/sigma1cm_lat0step/episodes.csv|aft|id|SS6,0.10833333333333339,0.03833333333333333,0.15833333333333321,True,0.725,0.6166666666666666,nan,nan,200,200,5,0,,,,,,10000,20260926,0.95,"shared_episodes: seeds per method, shared by its two cells; one set of episode indices shared by both cells and both methods (P7-D1 §2)",results/e07/matrix/episodes.csv;results/e07/noise/sigma1cm_lat0step/episodes.csv,success = IQM over seeds of per-seed success rate; drop = cell 1 - cell 2
noise/sigma1cm_lat0step.residual_ppo.id.SS3,descriptive (not scored),,drop,"residual_ppo: success clean - sigma1cm_lat0step (sigma_p 0.01 m, sigma_v 0.05 m/s, 0 step latency), id SS3 (P7-D1 §4)",residual_ppo,,results/e07/matrix/episodes.csv|aft|id|SS3,results/e07/noise/sigma1cm_lat0step/episodes.csv|aft|id|SS3,0.0016666666666665941,0.0,0.008333333333333304,False,1.0,0.9983333333333334,nan,nan,200,200,5,0,,,,,,10000,20260926,0.95,"shared_episodes: seeds per method, shared by its two cells; one set of episode indices shared by both cells and both methods (P7-D1 §2)",results/e07/matrix/episodes.csv;results/e07/noise/sigma1cm_lat0step/episodes.csv,success = IQM over seeds of per-seed success rate; drop = cell 1 - cell 2
noise/sigma1cm_lat0step.residual_ppo.id.SS4,descriptive (not scored),,drop,"residual_ppo: success clean - sigma1cm_lat0step (sigma_p 0.01 m, sigma_v 0.05 m/s, 0 step latency), id SS4 (P7-D1 §4)",residual_ppo,,results/e07/matrix/episodes.csv|aft|id|SS4,results/e07/noise/sigma1cm_lat0step/episodes.csv|aft|id|SS4,0.0016666666666665941,0.0,0.008333333333333304,False,1.0,0.9983333333333334,nan,nan,200,200,5,0,,,,,,10000,20260926,0.95,"shared_episodes: seeds per method, shared by its two cells; one set of episode indices shared by both cells and both methods (P7-D1 §2)",results/e07/matrix/episodes.csv;results/e07/noise/sigma1cm_lat0step/episodes.csv,success = IQM over seeds of per-seed success rate; drop = cell 1 - cell 2
noise/sigma1cm_lat0step.residual_ppo.id.SS5,descriptive (not scored),,drop,"residual_ppo: success clean - sigma1cm_lat0step (sigma_p 0.01 m, sigma_v 0.05 m/s, 0 step latency), id SS5 (P7-D1 §4)",residual_ppo,,results/e07/matrix/episodes.csv|aft|id|SS5,results/e07/noise/sigma1cm_lat0step/episodes.csv|aft|id|SS5,0.0033333333333332993,0.0,0.015000000000000124,False,0.995,0.9916666666666667,nan,nan,200,200,5,0,,,,,,10000,20260926,0.95,"shared_episodes: seeds per method, shared by its two cells; one set of episode indices shared by both cells and both methods (P7-D1 §2)",results/e07/matrix/episodes.csv;results/e07/noise/sigma1cm_lat0step/episodes.csv,success = IQM over seeds of per-seed success rate; drop = cell 1 - cell 2
noise/sigma1cm_lat0step.residual_ppo.id.SS6,descriptive (not scored),,drop,"residual_ppo: success clean - sigma1cm_lat0step (sigma_p 0.01 m, sigma_v 0.05 m/s, 0 step latency), id SS6 (P7-D1 §4)",residual_ppo,,results/e07/matrix/episodes.csv|aft|id|SS6,results/e07/noise/sigma1cm_lat0step/episodes.csv|aft|id|SS6,0.008333333333333304,-0.01670833333333312,0.03500000000000014,False,0.9616666666666666,0.9533333333333333,nan,nan,200,200,5,0,,,,,,10000,20260926,0.95,"shared_episodes: seeds per method, shared by its two cells; one set of episode indices shared by both cells and both methods (P7-D1 §2)",results/e07/matrix/episodes.csv;results/e07/noise/sigma1cm_lat0step/episodes.csv,success = IQM over seeds of per-seed success rate; drop = cell 1 - cell 2
noise/sigma1cm_lat0step.ppo_forecast.id.SS3,descriptive (not scored),,drop,"ppo_forecast: success clean - sigma1cm_lat0step (sigma_p 0.01 m, sigma_v 0.05 m/s, 0 step latency), id SS3 (P7-D1 §4)",ppo_forecast,,results/e07/matrix/episodes.csv|aft|id|SS3,results/e07/noise/sigma1cm_lat0step/episodes.csv|aft|id|SS3,0.0,0.0,0.0,False,1.0,1.0,nan,nan,200,200,5,0,,,,,,10000,20260926,0.95,"shared_episodes: seeds per method, shared by its two cells; one set of episode indices shared by both cells and both methods (P7-D1 §2)",results/e07/matrix/episodes.csv;results/e07/noise/sigma1cm_lat0step/episodes.csv,success = IQM over seeds of per-seed success rate; drop = cell 1 - cell 2
noise/sigma1cm_lat0step.ppo_forecast.id.SS4,descriptive (not scored),,drop,"ppo_forecast: success clean - sigma1cm_lat0step (sigma_p 0.01 m, sigma_v 0.05 m/s, 0 step latency), id SS4 (P7-D1 §4)",ppo_forecast,,results/e07/matrix/episodes.csv|aft|id|SS4,results/e07/noise/sigma1cm_lat0step/episodes.csv|aft|id|SS4,0.0,0.0,0.0,False,1.0,1.0,nan,nan,200,200,5,0,,,,,,10000,20260926,0.95,"shared_episodes: seeds per method, shared by its two cells; one set of episode indices shared by both cells and both methods (P7-D1 §2)",results/e07/matrix/episodes.csv;results/e07/noise/sigma1cm_lat0step/episodes.csv,success = IQM over seeds of per-seed success rate; drop = cell 1 - cell 2
noise/sigma1cm_lat0step.ppo_forecast.id.SS5,descriptive (not scored),,drop,"ppo_forecast: success clean - sigma1cm_lat0step (sigma_p 0.01 m, sigma_v 0.05 m/s, 0 step latency), id SS5 (P7-D1 §4)",ppo_forecast,,results/e07/matrix/episodes.csv|aft|id|SS5,results/e07/noise/sigma1cm_lat0step/episodes.csv|aft|id|SS5,0.0,0.0,0.0050000000000000044,False,1.0,1.0,nan,nan,200,200,5,0,,,,,,10000,20260926,0.95,"shared_episodes: seeds per method, shared by its two cells; one set of episode indices shared by both cells and both methods (P7-D1 §2)",results/e07/matrix/episodes.csv;results/e07/noise/sigma1cm_lat0step/episodes.csv,success = IQM over seeds of per-seed success rate; drop = cell 1 - cell 2
noise/sigma1cm_lat0step.ppo_forecast.id.SS6,descriptive (not scored),,drop,"ppo_forecast: success clean - sigma1cm_lat0step (sigma_p 0.01 m, sigma_v 0.05 m/s, 0 step latency), id SS6 (P7-D1 §4)",ppo_forecast,,results/e07/matrix/episodes.csv|aft|id|SS6,results/e07/noise/sigma1cm_lat0step/episodes.csv|aft|id|SS6,-0.0016666666666665941,-0.020000000000000018,0.009999999999999898,False,0.98,0.9816666666666666,nan,nan,200,200,5,0,,,,,,10000,20260926,0.95,"shared_episodes: seeds per method, shared by its two cells; one set of episode indices shared by both cells and both methods (P7-D1 §2)",results/e07/matrix/episodes.csv;results/e07/noise/sigma1cm_lat0step/episodes.csv,success = IQM over seeds of per-seed success rate; drop = cell 1 - cell 2
noise/sigma1cm_lat0step.residual_ppo_forecast.id.SS3,descriptive (not scored),,drop,"residual_ppo_forecast: success clean - sigma1cm_lat0step (sigma_p 0.01 m, sigma_v 0.05 m/s, 0 step latency), id SS3 (P7-D1 §4)",residual_ppo_forecast,,results/e07/matrix/episodes.csv|aft|id|SS3,results/e07/noise/sigma1cm_lat0step/episodes.csv|aft|id|SS3,0.0,0.0,0.0,False,1.0,1.0,nan,nan,200,200,5,0,,,,,,10000,20260926,0.95,"shared_episodes: seeds per method, shared by its two cells; one set of episode indices shared by both cells and both methods (P7-D1 §2)",results/e07/matrix/episodes.csv;results/e07/noise/sigma1cm_lat0step/episodes.csv,success = IQM over seeds of per-seed success rate; drop = cell 1 - cell 2
noise/sigma1cm_lat0step.residual_ppo_forecast.id.SS4,descriptive (not scored),,drop,"residual_ppo_forecast: success clean - sigma1cm_lat0step (sigma_p 0.01 m, sigma_v 0.05 m/s, 0 step latency), id SS4 (P7-D1 §4)",residual_ppo_forecast,,results/e07/matrix/episodes.csv|aft|id|SS4,results/e07/noise/sigma1cm_lat0step/episodes.csv|aft|id|SS4,0.0,0.0,0.0,False,1.0,1.0,nan,nan,200,200,5,0,,,,,,10000,20260926,0.95,"shared_episodes: seeds per method, shared by its two cells; one set of episode indices shared by both cells and both methods (P7-D1 §2)",results/e07/matrix/episodes.csv;results/e07/noise/sigma1cm_lat0step/episodes.csv,success = IQM over seeds of per-seed success rate; drop = cell 1 - cell 2
noise/sigma1cm_lat0step.residual_ppo_forecast.id.SS5,descriptive (not scored),,drop,"residual_ppo_forecast: success clean - sigma1cm_lat0step (sigma_p 0.01 m, sigma_v 0.05 m/s, 0 step latency), id SS5 (P7-D1 §4)",residual_ppo_forecast,,results/e07/matrix/episodes.csv|aft|id|SS5,results/e07/noise/sigma1cm_lat0step/episodes.csv|aft|id|SS5,0.00666666666666671,0.0,0.01666666666666672,False,0.995,0.9883333333333333,nan,nan,200,200,5,0,,,,,,10000,20260926,0.95,"shared_episodes: seeds per method, shared by its two cells; one set of episode indices shared by both cells and both methods (P7-D1 §2)",results/e07/matrix/episodes.csv;results/e07/noise/sigma1cm_lat0step/episodes.csv,success = IQM over seeds of per-seed success rate; drop = cell 1 - cell 2
noise/sigma1cm_lat0step.residual_ppo_forecast.id.SS6,descriptive (not scored),,drop,"residual_ppo_forecast: success clean - sigma1cm_lat0step (sigma_p 0.01 m, sigma_v 0.05 m/s, 0 step latency), id SS6 (P7-D1 §4)",residual_ppo_forecast,,results/e07/matrix/episodes.csv|aft|id|SS6,results/e07/noise/sigma1cm_lat0step/episodes.csv|aft|id|SS6,0.018333333333333535,-0.006666666666666599,0.05499999999999983,False,0.9683333333333334,0.9499999999999998,nan,nan,200,200,5,0,,,,,,10000,20260926,0.95,"shared_episodes: seeds per method, shared by its two cells; one set of episode indices shared by both cells and both methods (P7-D1 §2)",results/e07/matrix/episodes.csv;results/e07/noise/sigma1cm_lat0step/episodes.csv,success = IQM over seeds of per-seed success rate; drop = cell 1 - cell 2
noise/sigma1cm_lat0step.ppo_sinusoid.id.SS3,descriptive (not scored),,drop,"ppo_sinusoid: success clean - sigma1cm_lat0step (sigma_p 0.01 m, sigma_v 0.05 m/s, 0 step latency), id SS3 (P7-D1 §4)",ppo_sinusoid,,results/e07/matrix/episodes.csv|aft|id|SS3,results/e07/noise/sigma1cm_lat0step/episodes.csv|aft|id|SS3,0.0,0.0,0.0,False,1.0,1.0,nan,nan,200,200,5,0,,,,,,10000,20260926,0.95,"shared_episodes: seeds per method, shared by its two cells; one set of episode indices shared by both cells and both methods (P7-D1 §2)",results/e07/matrix/episodes.csv;results/e07/noise/sigma1cm_lat0step/episodes.csv,success = IQM over seeds of per-seed success rate; drop = cell 1 - cell 2
noise/sigma1cm_lat0step.ppo_sinusoid.id.SS4,descriptive (not scored),,drop,"ppo_sinusoid: success clean - sigma1cm_lat0step (sigma_p 0.01 m, sigma_v 0.05 m/s, 0 step latency), id SS4 (P7-D1 §4)",ppo_sinusoid,,results/e07/matrix/episodes.csv|aft|id|SS4,results/e07/noise/sigma1cm_lat0step/episodes.csv|aft|id|SS4,0.0,0.0,0.0,False,1.0,1.0,nan,nan,200,200,5,0,,,,,,10000,20260926,0.95,"shared_episodes: seeds per method, shared by its two cells; one set of episode indices shared by both cells and both methods (P7-D1 §2)",results/e07/matrix/episodes.csv;results/e07/noise/sigma1cm_lat0step/episodes.csv,success = IQM over seeds of per-seed success rate; drop = cell 1 - cell 2
noise/sigma1cm_lat0step.ppo_sinusoid.id.SS5,descriptive (not scored),,drop,"ppo_sinusoid: success clean - sigma1cm_lat0step (sigma_p 0.01 m, sigma_v 0.05 m/s, 0 step latency), id SS5 (P7-D1 §4)",ppo_sinusoid,,results/e07/matrix/episodes.csv|aft|id|SS5,results/e07/noise/sigma1cm_lat0step/episodes.csv|aft|id|SS5,0.0,0.0,0.0,False,1.0,1.0,nan,nan,200,200,5,0,,,,,,10000,20260926,0.95,"shared_episodes: seeds per method, shared by its two cells; one set of episode indices shared by both cells and both methods (P7-D1 §2)",results/e07/matrix/episodes.csv;results/e07/noise/sigma1cm_lat0step/episodes.csv,success = IQM over seeds of per-seed success rate; drop = cell 1 - cell 2
noise/sigma1cm_lat0step.ppo_sinusoid.id.SS6,descriptive (not scored),,drop,"ppo_sinusoid: success clean - sigma1cm_lat0step (sigma_p 0.01 m, sigma_v 0.05 m/s, 0 step latency), id SS6 (P7-D1 §4)",ppo_sinusoid,,results/e07/matrix/episodes.csv|aft|id|SS6,results/e07/noise/sigma1cm_lat0step/episodes.csv|aft|id|SS6,0.0,-0.02000000000000024,0.013333333333333308,False,0.9733333333333333,0.9733333333333333,nan,nan,200,200,5,0,,,,,,10000,20260926,0.95,"shared_episodes: seeds per method, shared by its two cells; one set of episode indices shared by both cells and both methods (P7-D1 §2)",results/e07/matrix/episodes.csv;results/e07/noise/sigma1cm_lat0step/episodes.csv,success = IQM over seeds of per-seed success rate; drop = cell 1 - cell 2
noise/sigma1cm_lat0step.pid_track_descend.id.SS3,descriptive (not scored),,drop,"pid_track_descend: success clean - sigma1cm_lat0step (sigma_p 0.01 m, sigma_v 0.05 m/s, 0 step latency), id SS3 (P7-D1 §4)",pid_track_descend,,results/e01/episodes.csv|aft|id|SS3,results/e07/noise/sigma1cm_lat0step/episodes.csv|aft|id|SS3,0.015000000000000013,0.0,0.03500000000000003,False,1.0,0.985,nan,nan,200,200,1,0,,,,,,10000,20260926,0.95,"shared_episodes: seeds per method, shared by its two cells; one set of episode indices shared by both cells and both methods (P7-D1 §2)",results/e01/episodes.csv;results/e07/noise/sigma1cm_lat0step/episodes.csv,success = IQM over seeds of per-seed success rate; drop = cell 1 - cell 2
noise/sigma1cm_lat0step.pid_track_descend.id.SS4,descriptive (not scored),,drop,"pid_track_descend: success clean - sigma1cm_lat0step (sigma_p 0.01 m, sigma_v 0.05 m/s, 0 step latency), id SS4 (P7-D1 §4)",pid_track_descend,,results/e01/episodes.csv|aft|id|SS4,results/e07/noise/sigma1cm_lat0step/episodes.csv|aft|id|SS4,0.02499999999999991,-0.010000000000000009,0.05999999999999994,False,0.96,0.935,nan,nan,200,200,1,0,,,,,,10000,20260926,0.95,"shared_episodes: seeds per method, shared by its two cells; one set of episode indices shared by both cells and both methods (P7-D1 §2)",results/e01/episodes.csv;results/e07/noise/sigma1cm_lat0step/episodes.csv,success = IQM over seeds of per-seed success rate; drop = cell 1 - cell 2
noise/sigma1cm_lat0step.pid_track_descend.id.SS5,descriptive (not scored),,drop,"pid_track_descend: success clean - sigma1cm_lat0step (sigma_p 0.01 m, sigma_v 0.05 m/s, 0 step latency), id SS5 (P7-D1 §4)",pid_track_descend,,results/e01/episodes.csv|aft|id|SS5,results/e07/noise/sigma1cm_lat0step/episodes.csv|aft|id|SS5,0.03500000000000003,-0.010000000000000009,0.08000000000000007,False,0.85,0.815,nan,nan,200,200,1,0,,,,,,10000,20260926,0.95,"shared_episodes: seeds per method, shared by its two cells; one set of episode indices shared by both cells and both methods (P7-D1 §2)",results/e01/episodes.csv;results/e07/noise/sigma1cm_lat0step/episodes.csv,success = IQM over seeds of per-seed success rate; drop = cell 1 - cell 2
noise/sigma1cm_lat0step.pid_track_descend.id.SS6,descriptive (not scored),,drop,"pid_track_descend: success clean - sigma1cm_lat0step (sigma_p 0.01 m, sigma_v 0.05 m/s, 0 step latency), id SS6 (P7-D1 §4)",pid_track_descend,,results/e01/episodes.csv|aft|id|SS6,results/e07/noise/sigma1cm_lat0step/episodes.csv|aft|id|SS6,0.025000000000000022,-0.030000000000000027,0.08000000000000007,False,0.8,0.775,nan,nan,200,200,1,0,,,,,,10000,20260926,0.95,"shared_episodes: seeds per method, shared by its two cells; one set of episode indices shared by both cells and both methods (P7-D1 §2)",results/e01/episodes.csv;results/e07/noise/sigma1cm_lat0step/episodes.csv,success = IQM over seeds of per-seed success rate; drop = cell 1 - cell 2
noise/sigma1cm_lat0step.pid_feedforward.id.SS3,descriptive (not scored),,drop,"pid_feedforward: success clean - sigma1cm_lat0step (sigma_p 0.01 m, sigma_v 0.05 m/s, 0 step latency), id SS3 (P7-D1 §4)",pid_feedforward,,results/e01/episodes.csv|aft|id|SS3,results/e07/noise/sigma1cm_lat0step/episodes.csv|aft|id|SS3,0.010000000000000009,0.0,0.025000000000000022,False,1.0,0.99,nan,nan,200,200,1,0,,,,,,10000,20260926,0.95,"shared_episodes: seeds per method, shared by its two cells; one set of episode indices shared by both cells and both methods (P7-D1 §2)",results/e01/episodes.csv;results/e07/noise/sigma1cm_lat0step/episodes.csv,success = IQM over seeds of per-seed success rate; drop = cell 1 - cell 2
noise/sigma1cm_lat0step.pid_feedforward.id.SS4,descriptive (not scored),,drop,"pid_feedforward: success clean - sigma1cm_lat0step (sigma_p 0.01 m, sigma_v 0.05 m/s, 0 step latency), id SS4 (P7-D1 §4)",pid_feedforward,,results/e01/episodes.csv|aft|id|SS4,results/e07/noise/sigma1cm_lat0step/episodes.csv|aft|id|SS4,0.0050000000000000044,0.0,0.015000000000000013,False,1.0,0.995,nan,nan,200,200,1,0,,,,,,10000,20260926,0.95,"shared_episodes: seeds per method, shared by its two cells; one set of episode indices shared by both cells and both methods (P7-D1 §2)",results/e01/episodes.csv;results/e07/noise/sigma1cm_lat0step/episodes.csv,success = IQM over seeds of per-seed success rate; drop = cell 1 - cell 2
noise/sigma1cm_lat0step.pid_feedforward.id.SS5,descriptive (not scored),,drop,"pid_feedforward: success clean - sigma1cm_lat0step (sigma_p 0.01 m, sigma_v 0.05 m/s, 0 step latency), id SS5 (P7-D1 §4)",pid_feedforward,,results/e01/episodes.csv|aft|id|SS5,results/e07/noise/sigma1cm_lat0step/episodes.csv|aft|id|SS5,0.025000000000000022,0.0,0.050000000000000044,False,0.99,0.965,nan,nan,200,200,1,0,,,,,,10000,20260926,0.95,"shared_episodes: seeds per method, shared by its two cells; one set of episode indices shared by both cells and both methods (P7-D1 §2)",results/e01/episodes.csv;results/e07/noise/sigma1cm_lat0step/episodes.csv,success = IQM over seeds of per-seed success rate; drop = cell 1 - cell 2
noise/sigma1cm_lat0step.pid_feedforward.id.SS6,descriptive (not scored),,drop,"pid_feedforward: success clean - sigma1cm_lat0step (sigma_p 0.01 m, sigma_v 0.05 m/s, 0 step latency), id SS6 (P7-D1 §4)",pid_feedforward,,results/e01/episodes.csv|aft|id|SS6,results/e07/noise/sigma1cm_lat0step/episodes.csv|aft|id|SS6,0.025000000000000022,-0.020000000000000018,0.07012499999999824,False,0.905,0.88,nan,nan,200,200,1,0,,,,,,10000,20260926,0.95,"shared_episodes: seeds per method, shared by its two cells; one set of episode indices shared by both cells and both methods (P7-D1 §2)",results/e01/episodes.csv;results/e07/noise/sigma1cm_lat0step/episodes.csv,success = IQM over seeds of per-seed success rate; drop = cell 1 - cell 2
noise/sigma1cm_lat0step.pid_feedforward_lowvz.id.SS3,descriptive (not scored),,drop,"pid_feedforward_lowvz: success clean - sigma1cm_lat0step (sigma_p 0.01 m, sigma_v 0.05 m/s, 0 step latency), id SS3 (P7-D1 §4)",pid_feedforward_lowvz,,results/e01/episodes.csv|aft|id|SS3,results/e07/noise/sigma1cm_lat0step/episodes.csv|aft|id|SS3,0.03500000000000003,0.010000000000000009,0.06499999999999995,True,1.0,0.965,nan,nan,200,200,1,0,,,,,,10000,20260926,0.95,"shared_episodes: seeds per method, shared by its two cells; one set of episode indices shared by both cells and both methods (P7-D1 §2)",results/e01/episodes.csv;results/e07/noise/sigma1cm_lat0step/episodes.csv,success = IQM over seeds of per-seed success rate; drop = cell 1 - cell 2
noise/sigma1cm_lat0step.pid_feedforward_lowvz.id.SS4,descriptive (not scored),,drop,"pid_feedforward_lowvz: success clean - sigma1cm_lat0step (sigma_p 0.01 m, sigma_v 0.05 m/s, 0 step latency), id SS4 (P7-D1 §4)",pid_feedforward_lowvz,,results/e01/episodes.csv|aft|id|SS4,results/e07/noise/sigma1cm_lat0step/episodes.csv|aft|id|SS4,0.030000000000000027,0.0,0.05999999999999994,False,0.98,0.95,nan,nan,200,200,1,0,,,,,,10000,20260926,0.95,"shared_episodes: seeds per method, shared by its two cells; one set of episode indices shared by both cells and both methods (P7-D1 §2)",results/e01/episodes.csv;results/e07/noise/sigma1cm_lat0step/episodes.csv,success = IQM over seeds of per-seed success rate; drop = cell 1 - cell 2
noise/sigma1cm_lat0step.pid_feedforward_lowvz.id.SS5,descriptive (not scored),,drop,"pid_feedforward_lowvz: success clean - sigma1cm_lat0step (sigma_p 0.01 m, sigma_v 0.05 m/s, 0 step latency), id SS5 (P7-D1 §4)",pid_feedforward_lowvz,,results/e01/episodes.csv|aft|id|SS5,results/e07/noise/sigma1cm_lat0step/episodes.csv|aft|id|SS5,0.06999999999999995,0.020000000000000018,0.12,True,0.955,0.885,nan,nan,200,200,1,0,,,,,,10000,20260926,0.95,"shared_episodes: seeds per method, shared by its two cells; one set of episode indices shared by both cells and both methods (P7-D1 §2)",results/e01/episodes.csv;results/e07/noise/sigma1cm_lat0step/episodes.csv,success = IQM over seeds of per-seed success rate; drop = cell 1 - cell 2
noise/sigma1cm_lat0step.pid_feedforward_lowvz.id.SS6,descriptive (not scored),,drop,"pid_feedforward_lowvz: success clean - sigma1cm_lat0step (sigma_p 0.01 m, sigma_v 0.05 m/s, 0 step latency), id SS6 (P7-D1 §4)",pid_feedforward_lowvz,,results/e01/episodes.csv|aft|id|SS6,results/e07/noise/sigma1cm_lat0step/episodes.csv|aft|id|SS6,0.08999999999999997,0.025000000000000022,0.15500000000000003,True,0.85,0.76,nan,nan,200,200,1,0,,,,,,10000,20260926,0.95,"shared_episodes: seeds per method, shared by its two cells; one set of episode indices shared by both cells and both methods (P7-D1 §2)",results/e01/episodes.csv;results/e07/noise/sigma1cm_lat0step/episodes.csv,success = IQM over seeds of per-seed success rate; drop = cell 1 - cell 2
noise/sigma1cm_lat0step.pid_feedforward_lowvz_cut.id.SS3,descriptive (not scored),,drop,"pid_feedforward_lowvz_cut: success clean - sigma1cm_lat0step (sigma_p 0.01 m, sigma_v 0.05 m/s, 0 step latency), id SS3 (P7-D1 §4)",pid_feedforward_lowvz_cut,,results/e01_lowvz_cut/episodes.csv|aft|id|SS3,results/e07/noise/sigma1cm_lat0step/episodes.csv|aft|id|SS3,0.025000000000000022,0.0050000000000000044,0.050000000000000044,True,1.0,0.975,nan,nan,200,200,1,0,,,,,,10000,20260926,0.95,"shared_episodes: seeds per method, shared by its two cells; one set of episode indices shared by both cells and both methods (P7-D1 §2)",results/e01_lowvz_cut/episodes.csv;results/e07/noise/sigma1cm_lat0step/episodes.csv,success = IQM over seeds of per-seed success rate; drop = cell 1 - cell 2
noise/sigma1cm_lat0step.pid_feedforward_lowvz_cut.id.SS4,descriptive (not scored),,drop,"pid_feedforward_lowvz_cut: success clean - sigma1cm_lat0step (sigma_p 0.01 m, sigma_v 0.05 m/s, 0 step latency), id SS4 (P7-D1 §4)",pid_feedforward_lowvz_cut,,results/e01_lowvz_cut/episodes.csv|aft|id|SS4,results/e07/noise/sigma1cm_lat0step/episodes.csv|aft|id|SS4,0.015000000000000013,-0.010000000000000009,0.040000000000000036,False,0.985,0.97,nan,nan,200,200,1,0,,,,,,10000,20260926,0.95,"shared_episodes: seeds per method, shared by its two cells; one set of episode indices shared by both cells and both methods (P7-D1 §2)",results/e01_lowvz_cut/episodes.csv;results/e07/noise/sigma1cm_lat0step/episodes.csv,success = IQM over seeds of per-seed success rate; drop = cell 1 - cell 2
noise/sigma1cm_lat0step.pid_feedforward_lowvz_cut.id.SS5,descriptive (not scored),,drop,"pid_feedforward_lowvz_cut: success clean - sigma1cm_lat0step (sigma_p 0.01 m, sigma_v 0.05 m/s, 0 step latency), id SS5 (P7-D1 §4)",pid_feedforward_lowvz_cut,,results/e01_lowvz_cut/episodes.csv|aft|id|SS5,results/e07/noise/sigma1cm_lat0step/episodes.csv|aft|id|SS5,0.025000000000000022,-0.010000000000000009,0.05999999999999994,False,0.98,0.955,nan,nan,200,200,1,0,,,,,,10000,20260926,0.95,"shared_episodes: seeds per method, shared by its two cells; one set of episode indices shared by both cells and both methods (P7-D1 §2)",results/e01_lowvz_cut/episodes.csv;results/e07/noise/sigma1cm_lat0step/episodes.csv,success = IQM over seeds of per-seed success rate; drop = cell 1 - cell 2
noise/sigma1cm_lat0step.pid_feedforward_lowvz_cut.id.SS6,descriptive (not scored),,drop,"pid_feedforward_lowvz_cut: success clean - sigma1cm_lat0step (sigma_p 0.01 m, sigma_v 0.05 m/s, 0 step latency), id SS6 (P7-D1 §4)",pid_feedforward_lowvz_cut,,results/e01_lowvz_cut/episodes.csv|aft|id|SS6,results/e07/noise/sigma1cm_lat0step/episodes.csv|aft|id|SS6,0.030000000000000027,-0.025000000000000022,0.08500000000000008,False,0.88,0.85,nan,nan,200,200,1,0,,,,,,10000,20260926,0.95,"shared_episodes: seeds per method, shared by its two cells; one set of episode indices shared by both cells and both methods (P7-D1 §2)",results/e01_lowvz_cut/episodes.csv;results/e07/noise/sigma1cm_lat0step/episodes.csv,success = IQM over seeds of per-seed success rate; drop = cell 1 - cell 2
noise/sigma1cm_lat0step.gated.id.SS3,descriptive (not scored),,drop,"gated: success clean - sigma1cm_lat0step (sigma_p 0.01 m, sigma_v 0.05 m/s, 0 step latency), id SS3 (P7-D1 §4)",gated,,results/e01/episodes.csv|aft|id|SS3,results/e07/noise/sigma1cm_lat0step/episodes.csv|aft|id|SS3,0.025000000000000022,0.0050000000000000044,0.050000000000000044,True,1.0,0.975,nan,nan,200,200,1,0,,,,,,10000,20260926,0.95,"shared_episodes: seeds per method, shared by its two cells; one set of episode indices shared by both cells and both methods (P7-D1 §2)",results/e01/episodes.csv;results/e07/noise/sigma1cm_lat0step/episodes.csv,success = IQM over seeds of per-seed success rate; drop = cell 1 - cell 2
noise/sigma1cm_lat0step.gated.id.SS4,descriptive (not scored),,drop,"gated: success clean - sigma1cm_lat0step (sigma_p 0.01 m, sigma_v 0.05 m/s, 0 step latency), id SS4 (P7-D1 §4)",gated,,results/e01/episodes.csv|aft|id|SS4,results/e07/noise/sigma1cm_lat0step/episodes.csv|aft|id|SS4,0.040000000000000036,0.015000000000000013,0.06999999999999995,True,0.985,0.945,nan,nan,200,200,1,0,,,,,,10000,20260926,0.95,"shared_episodes: seeds per method, shared by its two cells; one set of episode indices shared by both cells and both methods (P7-D1 §2)",results/e01/episodes.csv;results/e07/noise/sigma1cm_lat0step/episodes.csv,success = IQM over seeds of per-seed success rate; drop = cell 1 - cell 2
noise/sigma1cm_lat0step.gated.id.SS5,descriptive (not scored),,drop,"gated: success clean - sigma1cm_lat0step (sigma_p 0.01 m, sigma_v 0.05 m/s, 0 step latency), id SS5 (P7-D1 §4)",gated,,results/e01/episodes.csv|aft|id|SS5,results/e07/noise/sigma1cm_lat0step/episodes.csv|aft|id|SS5,0.03500000000000003,0.010000000000000009,0.06499999999999995,True,0.895,0.86,nan,nan,200,200,1,0,,,,,,10000,20260926,0.95,"shared_episodes: seeds per method, shared by its two cells; one set of episode indices shared by both cells and both methods (P7-D1 §2)",results/e01/episodes.csv;results/e07/noise/sigma1cm_lat0step/episodes.csv,success = IQM over seeds of per-seed success rate; drop = cell 1 - cell 2
noise/sigma1cm_lat0step.gated.id.SS6,descriptive (not scored),,drop,"gated: success clean - sigma1cm_lat0step (sigma_p 0.01 m, sigma_v 0.05 m/s, 0 step latency), id SS6 (P7-D1 §4)",gated,,results/e01/episodes.csv|aft|id|SS6,results/e07/noise/sigma1cm_lat0step/episodes.csv|aft|id|SS6,0.07999999999999996,0.04499999999999993,0.12,True,0.63,0.55,nan,nan,200,200,1,0,,,,,,10000,20260926,0.95,"shared_episodes: seeds per method, shared by its two cells; one set of episode indices shared by both cells and both methods (P7-D1 §2)",results/e01/episodes.csv;results/e07/noise/sigma1cm_lat0step/episodes.csv,success = IQM over seeds of per-seed success rate; drop = cell 1 - cell 2
noise/sigma1cm_lat0step.oracle_gated.id.SS3,descriptive (not scored),,drop,"oracle_gated: success clean - sigma1cm_lat0step (sigma_p 0.01 m, sigma_v 0.05 m/s, 0 step latency), id SS3 (P7-D1 §4)",oracle_gated,,results/e01/episodes.csv|aft|id|SS3,results/e07/noise/sigma1cm_lat0step/episodes.csv|aft|id|SS3,0.030000000000000027,0.010000000000000009,0.05500000000000005,True,1.0,0.97,nan,nan,200,200,1,0,,,,,,10000,20260926,0.95,"shared_episodes: seeds per method, shared by its two cells; one set of episode indices shared by both cells and both methods (P7-D1 §2)",results/e01/episodes.csv;results/e07/noise/sigma1cm_lat0step/episodes.csv,success = IQM over seeds of per-seed success rate; drop = cell 1 - cell 2
noise/sigma1cm_lat0step.oracle_gated.id.SS4,descriptive (not scored),,drop,"oracle_gated: success clean - sigma1cm_lat0step (sigma_p 0.01 m, sigma_v 0.05 m/s, 0 step latency), id SS4 (P7-D1 §4)",oracle_gated,,results/e01/episodes.csv|aft|id|SS4,results/e07/noise/sigma1cm_lat0step/episodes.csv|aft|id|SS4,0.020000000000000018,0.0050000000000000044,0.040000000000000036,True,0.985,0.965,nan,nan,200,200,1,0,,,,,,10000,20260926,0.95,"shared_episodes: seeds per method, shared by its two cells; one set of episode indices shared by both cells and both methods (P7-D1 §2)",results/e01/episodes.csv;results/e07/noise/sigma1cm_lat0step/episodes.csv,success = IQM over seeds of per-seed success rate; drop = cell 1 - cell 2
noise/sigma1cm_lat0step.oracle_gated.id.SS5,descriptive (not scored),,drop,"oracle_gated: success clean - sigma1cm_lat0step (sigma_p 0.01 m, sigma_v 0.05 m/s, 0 step latency), id SS5 (P7-D1 §4)",oracle_gated,,results/e01/episodes.csv|aft|id|SS5,results/e07/noise/sigma1cm_lat0step/episodes.csv|aft|id|SS5,0.025000000000000022,0.0,0.050000000000000044,False,0.89,0.865,nan,nan,200,200,1,0,,,,,,10000,20260926,0.95,"shared_episodes: seeds per method, shared by its two cells; one set of episode indices shared by both cells and both methods (P7-D1 §2)",results/e01/episodes.csv;results/e07/noise/sigma1cm_lat0step/episodes.csv,success = IQM over seeds of per-seed success rate; drop = cell 1 - cell 2
noise/sigma1cm_lat0step.oracle_gated.id.SS6,descriptive (not scored),,drop,"oracle_gated: success clean - sigma1cm_lat0step (sigma_p 0.01 m, sigma_v 0.05 m/s, 0 step latency), id SS6 (P7-D1 §4)",oracle_gated,,results/e01/episodes.csv|aft|id|SS6,results/e07/noise/sigma1cm_lat0step/episodes.csv|aft|id|SS6,0.03500000000000003,0.010000000000000009,0.06500000000000006,True,0.645,0.61,nan,nan,200,200,1,0,,,,,,10000,20260926,0.95,"shared_episodes: seeds per method, shared by its two cells; one set of episode indices shared by both cells and both methods (P7-D1 §2)",results/e01/episodes.csv;results/e07/noise/sigma1cm_lat0step/episodes.csv,success = IQM over seeds of per-seed success rate; drop = cell 1 - cell 2
noise/sigma2cm_lat0step.ppo.id.SS3,descriptive (not scored),,drop,"ppo: success clean - sigma2cm_lat0step (sigma_p 0.02 m, sigma_v 0.1 m/s, 0 step latency), id SS3 (P7-D1 §4)",ppo,,results/e07/matrix/episodes.csv|aft|id|SS3,results/e07/noise/sigma2cm_lat0step/episodes.csv|aft|id|SS3,0.00666666666666671,0.0,0.015000000000000013,False,1.0,0.9933333333333333,nan,nan,200,200,5,0,,,,,,10000,20260926,0.95,"shared_episodes: seeds per method, shared by its two cells; one set of episode indices shared by both cells and both methods (P7-D1 §2)",results/e07/matrix/episodes.csv;results/e07/noise/sigma2cm_lat0step/episodes.csv,success = IQM over seeds of per-seed success rate; drop = cell 1 - cell 2
noise/sigma2cm_lat0step.ppo.id.SS4,descriptive (not scored),,drop,"ppo: success clean - sigma2cm_lat0step (sigma_p 0.02 m, sigma_v 0.1 m/s, 0 step latency), id SS4 (P7-D1 §4)",ppo,,results/e07/matrix/episodes.csv|aft|id|SS4,results/e07/noise/sigma2cm_lat0step/episodes.csv|aft|id|SS4,0.013333333333333308,0.0,0.026666666666666727,False,1.0,0.9866666666666667,nan,nan,200,200,5,0,,,,,,10000,20260926,0.95,"shared_episodes: seeds per method, shared by its two cells; one set of episode indices shared by both cells and both methods (P7-D1 §2)",results/e07/matrix/episodes.csv;results/e07/noise/sigma2cm_lat0step/episodes.csv,success = IQM over seeds of per-seed success rate; drop = cell 1 - cell 2
noise/sigma2cm_lat0step.ppo.id.SS5,descriptive (not scored),,drop,"ppo: success clean - sigma2cm_lat0step (sigma_p 0.02 m, sigma_v 0.1 m/s, 0 step latency), id SS5 (P7-D1 §4)",ppo,,results/e07/matrix/episodes.csv|aft|id|SS5,results/e07/noise/sigma2cm_lat0step/episodes.csv|aft|id|SS5,0.016666666666666607,0.0,0.036666666666666736,False,1.0,0.9833333333333334,nan,nan,200,200,5,0,,,,,,10000,20260926,0.95,"shared_episodes: seeds per method, shared by its two cells; one set of episode indices shared by both cells and both methods (P7-D1 §2)",results/e07/matrix/episodes.csv;results/e07/noise/sigma2cm_lat0step/episodes.csv,success = IQM over seeds of per-seed success rate; drop = cell 1 - cell 2
noise/sigma2cm_lat0step.ppo.id.SS6,descriptive (not scored),,drop,"ppo: success clean - sigma2cm_lat0step (sigma_p 0.02 m, sigma_v 0.1 m/s, 0 step latency), id SS6 (P7-D1 §4)",ppo,,results/e07/matrix/episodes.csv|aft|id|SS6,results/e07/noise/sigma2cm_lat0step/episodes.csv|aft|id|SS6,0.021666666666666612,0.0,0.04833333333333334,False,0.9816666666666666,0.96,nan,nan,200,200,5,0,,,,,,10000,20260926,0.95,"shared_episodes: seeds per method, shared by its two cells; one set of episode indices shared by both cells and both methods (P7-D1 §2)",results/e07/matrix/episodes.csv;results/e07/noise/sigma2cm_lat0step/episodes.csv,success = IQM over seeds of per-seed success rate; drop = cell 1 - cell 2
noise/sigma2cm_lat0step.sac.id.SS3,descriptive (not scored),,drop,"sac: success clean - sigma2cm_lat0step (sigma_p 0.02 m, sigma_v 0.1 m/s, 0 step latency), id SS3 (P7-D1 §4)",sac,,results/e07/matrix/episodes.csv|aft|id|SS3,results/e07/noise/sigma2cm_lat0step/episodes.csv|aft|id|SS3,0.33000000000000007,0.20500000000000007,0.41000000000000003,True,0.9983333333333334,0.6683333333333333,nan,nan,200,200,5,0,,,,,,10000,20260926,0.95,"shared_episodes: seeds per method, shared by its two cells; one set of episode indices shared by both cells and both methods (P7-D1 §2)",results/e07/matrix/episodes.csv;results/e07/noise/sigma2cm_lat0step/episodes.csv,success = IQM over seeds of per-seed success rate; drop = cell 1 - cell 2
noise/sigma2cm_lat0step.sac.id.SS4,descriptive (not scored),,drop,"sac: success clean - sigma2cm_lat0step (sigma_p 0.02 m, sigma_v 0.1 m/s, 0 step latency), id SS4 (P7-D1 §4)",sac,,results/e07/matrix/episodes.csv|aft|id|SS4,results/e07/noise/sigma2cm_lat0step/episodes.csv|aft|id|SS4,0.3500000000000001,0.18162500000000023,0.43833333333333324,True,0.9816666666666668,0.6316666666666667,nan,nan,200,200,5,0,,,,,,10000,20260926,0.95,"shared_episodes: seeds per method, shared by its two cells; one set of episode indices shared by both cells and both methods (P7-D1 §2)",results/e07/matrix/episodes.csv;results/e07/noise/sigma2cm_lat0step/episodes.csv,success = IQM over seeds of per-seed success rate; drop = cell 1 - cell 2
noise/sigma2cm_lat0step.sac.id.SS5,descriptive (not scored),,drop,"sac: success clean - sigma2cm_lat0step (sigma_p 0.02 m, sigma_v 0.1 m/s, 0 step latency), id SS5 (P7-D1 §4)",sac,,results/e07/matrix/episodes.csv|aft|id|SS5,results/e07/noise/sigma2cm_lat0step/episodes.csv|aft|id|SS5,0.32166666666666666,0.17999999999999994,0.385,True,0.87,0.5483333333333333,nan,nan,200,200,5,0,,,,,,10000,20260926,0.95,"shared_episodes: seeds per method, shared by its two cells; one set of episode indices shared by both cells and both methods (P7-D1 §2)",results/e07/matrix/episodes.csv;results/e07/noise/sigma2cm_lat0step/episodes.csv,success = IQM over seeds of per-seed success rate; drop = cell 1 - cell 2
noise/sigma2cm_lat0step.sac.id.SS6,descriptive (not scored),,drop,"sac: success clean - sigma2cm_lat0step (sigma_p 0.02 m, sigma_v 0.1 m/s, 0 step latency), id SS6 (P7-D1 §4)",sac,,results/e07/matrix/episodes.csv|aft|id|SS6,results/e07/noise/sigma2cm_lat0step/episodes.csv|aft|id|SS6,0.315,0.1999999999999999,0.3667083333333328,True,0.725,0.41,nan,nan,200,200,5,0,,,,,,10000,20260926,0.95,"shared_episodes: seeds per method, shared by its two cells; one set of episode indices shared by both cells and both methods (P7-D1 §2)",results/e07/matrix/episodes.csv;results/e07/noise/sigma2cm_lat0step/episodes.csv,success = IQM over seeds of per-seed success rate; drop = cell 1 - cell 2
noise/sigma2cm_lat0step.residual_ppo.id.SS3,descriptive (not scored),,drop,"residual_ppo: success clean - sigma2cm_lat0step (sigma_p 0.02 m, sigma_v 0.1 m/s, 0 step latency), id SS3 (P7-D1 §4)",residual_ppo,,results/e07/matrix/episodes.csv|aft|id|SS3,results/e07/noise/sigma2cm_lat0step/episodes.csv|aft|id|SS3,0.20000000000000007,0.12166666666666659,0.2616666666666667,True,1.0,0.7999999999999999,nan,nan,200,200,5,0,,,,,,10000,20260926,0.95,"shared_episodes: seeds per method, shared by its two cells; one set of episode indices shared by both cells and both methods (P7-D1 §2)",results/e07/matrix/episodes.csv;results/e07/noise/sigma2cm_lat0step/episodes.csv,success = IQM over seeds of per-seed success rate; drop = cell 1 - cell 2
noise/sigma2cm_lat0step.residual_ppo.id.SS4,descriptive (not scored),,drop,"residual_ppo: success clean - sigma2cm_lat0step (sigma_p 0.02 m, sigma_v 0.1 m/s, 0 step latency), id SS4 (P7-D1 §4)",residual_ppo,,results/e07/matrix/episodes.csv|aft|id|SS4,results/e07/noise/sigma2cm_lat0step/episodes.csv|aft|id|SS4,0.20333333333333348,0.1383333333333333,0.2783333333333333,True,1.0,0.7966666666666665,nan,nan,200,200,5,0,,,,,,10000,20260926,0.95,"shared_episodes: seeds per method, shared by its two cells; one set of episode indices shared by both cells and both methods (P7-D1 §2)",results/e07/matrix/episodes.csv;results/e07/noise/sigma2cm_lat0step/episodes.csv,success = IQM over seeds of per-seed success rate; drop = cell 1 - cell 2
noise/sigma2cm_lat0step.residual_ppo.id.SS5,descriptive (not scored),,drop,"residual_ppo: success clean - sigma2cm_lat0step (sigma_p 0.02 m, sigma_v 0.1 m/s, 0 step latency), id SS5 (P7-D1 §4)",residual_ppo,,results/e07/matrix/episodes.csv|aft|id|SS5,results/e07/noise/sigma2cm_lat0step/episodes.csv|aft|id|SS5,0.19166666666666665,0.1399999999999999,0.245,True,0.995,0.8033333333333333,nan,nan,200,200,5,0,,,,,,10000,20260926,0.95,"shared_episodes: seeds per method, shared by its two cells; one set of episode indices shared by both cells and both methods (P7-D1 §2)",results/e07/matrix/episodes.csv;results/e07/noise/sigma2cm_lat0step/episodes.csv,success = IQM over seeds of per-seed success rate; drop = cell 1 - cell 2
noise/sigma2cm_lat0step.residual_ppo.id.SS6,descriptive (not scored),,drop,"residual_ppo: success clean - sigma2cm_lat0step (sigma_p 0.02 m, sigma_v 0.1 m/s, 0 step latency), id SS6 (P7-D1 §4)",residual_ppo,,results/e07/matrix/episodes.csv|aft|id|SS6,results/e07/noise/sigma2cm_lat0step/episodes.csv|aft|id|SS6,0.19666666666666655,0.1516666666666665,0.2633333333333333,True,0.9616666666666666,0.765,nan,nan,200,200,5,0,,,,,,10000,20260926,0.95,"shared_episodes: seeds per method, shared by its two cells; one set of episode indices shared by both cells and both methods (P7-D1 §2)",results/e07/matrix/episodes.csv;results/e07/noise/sigma2cm_lat0step/episodes.csv,success = IQM over seeds of per-seed success rate; drop = cell 1 - cell 2
noise/sigma2cm_lat0step.ppo_forecast.id.SS3,descriptive (not scored),,drop,"ppo_forecast: success clean - sigma2cm_lat0step (sigma_p 0.02 m, sigma_v 0.1 m/s, 0 step latency), id SS3 (P7-D1 §4)",ppo_forecast,,results/e07/matrix/episodes.csv|aft|id|SS3,results/e07/noise/sigma2cm_lat0step/episodes.csv|aft|id|SS3,0.0,0.0,0.0,False,1.0,1.0,nan,nan,200,200,5,0,,,,,,10000,20260926,0.95,"shared_episodes: seeds per method, shared by its two cells; one set of episode indices shared by both cells and both methods (P7-D1 §2)",results/e07/matrix/episodes.csv;results/e07/noise/sigma2cm_lat0step/episodes.csv,success = IQM over seeds of per-seed success rate; drop = cell 1 - cell 2
noise/sigma2cm_lat0step.ppo_forecast.id.SS4,descriptive (not scored),,drop,"ppo_forecast: success clean - sigma2cm_lat0step (sigma_p 0.02 m, sigma_v 0.1 m/s, 0 step latency), id SS4 (P7-D1 §4)",ppo_forecast,,results/e07/matrix/episodes.csv|aft|id|SS4,results/e07/noise/sigma2cm_lat0step/episodes.csv|aft|id|SS4,0.0,0.0,0.0,False,1.0,1.0,nan,nan,200,200,5,0,,,,,,10000,20260926,0.95,"shared_episodes: seeds per method, shared by its two cells; one set of episode indices shared by both cells and both methods (P7-D1 §2)",results/e07/matrix/episodes.csv;results/e07/noise/sigma2cm_lat0step/episodes.csv,success = IQM over seeds of per-seed success rate; drop = cell 1 - cell 2
noise/sigma2cm_lat0step.ppo_forecast.id.SS5,descriptive (not scored),,drop,"ppo_forecast: success clean - sigma2cm_lat0step (sigma_p 0.02 m, sigma_v 0.1 m/s, 0 step latency), id SS5 (P7-D1 §4)",ppo_forecast,,results/e07/matrix/episodes.csv|aft|id|SS5,results/e07/noise/sigma2cm_lat0step/episodes.csv|aft|id|SS5,0.0,0.0,0.0050000000000000044,False,1.0,1.0,nan,nan,200,200,5,0,,,,,,10000,20260926,0.95,"shared_episodes: seeds per method, shared by its two cells; one set of episode indices shared by both cells and both methods (P7-D1 §2)",results/e07/matrix/episodes.csv;results/e07/noise/sigma2cm_lat0step/episodes.csv,success = IQM over seeds of per-seed success rate; drop = cell 1 - cell 2
noise/sigma2cm_lat0step.ppo_forecast.id.SS6,descriptive (not scored),,drop,"ppo_forecast: success clean - sigma2cm_lat0step (sigma_p 0.02 m, sigma_v 0.1 m/s, 0 step latency), id SS6 (P7-D1 §4)",ppo_forecast,,results/e07/matrix/episodes.csv|aft|id|SS6,results/e07/noise/sigma2cm_lat0step/episodes.csv|aft|id|SS6,0.01666666666666672,0.0,0.03166666666666673,False,0.98,0.9633333333333333,nan,nan,200,200,5,0,,,,,,10000,20260926,0.95,"shared_episodes: seeds per method, shared by its two cells; one set of episode indices shared by both cells and both methods (P7-D1 §2)",results/e07/matrix/episodes.csv;results/e07/noise/sigma2cm_lat0step/episodes.csv,success = IQM over seeds of per-seed success rate; drop = cell 1 - cell 2
noise/sigma2cm_lat0step.residual_ppo_forecast.id.SS3,descriptive (not scored),,drop,"residual_ppo_forecast: success clean - sigma2cm_lat0step (sigma_p 0.02 m, sigma_v 0.1 m/s, 0 step latency), id SS3 (P7-D1 §4)",residual_ppo_forecast,,results/e07/matrix/episodes.csv|aft|id|SS3,results/e07/noise/sigma2cm_lat0step/episodes.csv|aft|id|SS3,0.15000000000000002,0.09333333333333327,0.20166666666666666,True,1.0,0.85,nan,nan,200,200,5,0,,,,,,10000,20260926,0.95,"shared_episodes: seeds per method, shared by its two cells; one set of episode indices shared by both cells and both methods (P7-D1 §2)",results/e07/matrix/episodes.csv;results/e07/noise/sigma2cm_lat0step/episodes.csv,success = IQM over seeds of per-seed success rate; drop = cell 1 - cell 2
noise/sigma2cm_lat0step.residual_ppo_forecast.id.SS4,descriptive (not scored),,drop,"residual_ppo_forecast: success clean - sigma2cm_lat0step (sigma_p 0.02 m, sigma_v 0.1 m/s, 0 step latency), id SS4 (P7-D1 §4)",residual_ppo_forecast,,results/e07/matrix/episodes.csv|aft|id|SS4,results/e07/noise/sigma2cm_lat0step/episodes.csv|aft|id|SS4,0.15833333333333333,0.09666666666666668,0.20833333333333337,True,1.0,0.8416666666666667,nan,nan,200,200,5,0,,,,,,10000,20260926,0.95,"shared_episodes: seeds per method, shared by its two cells; one set of episode indices shared by both cells and both methods (P7-D1 §2)",results/e07/matrix/episodes.csv;results/e07/noise/sigma2cm_lat0step/episodes.csv,success = IQM over seeds of per-seed success rate; drop = cell 1 - cell 2
noise/sigma2cm_lat0step.residual_ppo_forecast.id.SS5,descriptive (not scored),,drop,"residual_ppo_forecast: success clean - sigma2cm_lat0step (sigma_p 0.02 m, sigma_v 0.1 m/s, 0 step latency), id SS5 (P7-D1 §4)",residual_ppo_forecast,,results/e07/matrix/episodes.csv|aft|id|SS5,results/e07/noise/sigma2cm_lat0step/episodes.csv|aft|id|SS5,0.15166666666666673,0.10166666666666657,0.20333333333333325,True,0.995,0.8433333333333333,nan,nan,200,200,5,0,,,,,,10000,20260926,0.95,"shared_episodes: seeds per method, shared by its two cells; one set of episode indices shared by both cells and both methods (P7-D1 §2)",results/e07/matrix/episodes.csv;results/e07/noise/sigma2cm_lat0step/episodes.csv,success = IQM over seeds of per-seed success rate; drop = cell 1 - cell 2
noise/sigma2cm_lat0step.residual_ppo_forecast.id.SS6,descriptive (not scored),,drop,"residual_ppo_forecast: success clean - sigma2cm_lat0step (sigma_p 0.02 m, sigma_v 0.1 m/s, 0 step latency), id SS6 (P7-D1 §4)",residual_ppo_forecast,,results/e07/matrix/episodes.csv|aft|id|SS6,results/e07/noise/sigma2cm_lat0step/episodes.csv|aft|id|SS6,0.17333333333333334,0.11166666666666669,0.2483333333333333,True,0.9683333333333334,0.795,nan,nan,200,200,5,0,,,,,,10000,20260926,0.95,"shared_episodes: seeds per method, shared by its two cells; one set of episode indices shared by both cells and both methods (P7-D1 §2)",results/e07/matrix/episodes.csv;results/e07/noise/sigma2cm_lat0step/episodes.csv,success = IQM over seeds of per-seed success rate; drop = cell 1 - cell 2
noise/sigma2cm_lat0step.ppo_sinusoid.id.SS3,descriptive (not scored),,drop,"ppo_sinusoid: success clean - sigma2cm_lat0step (sigma_p 0.02 m, sigma_v 0.1 m/s, 0 step latency), id SS3 (P7-D1 §4)",ppo_sinusoid,,results/e07/matrix/episodes.csv|aft|id|SS3,results/e07/noise/sigma2cm_lat0step/episodes.csv|aft|id|SS3,0.0033333333333332993,0.0,0.013333333333333308,False,1.0,0.9966666666666667,nan,nan,200,200,5,0,,,,,,10000,20260926,0.95,"shared_episodes: seeds per method, shared by its two cells; one set of episode indices shared by both cells and both methods (P7-D1 §2)",results/e07/matrix/episodes.csv;results/e07/noise/sigma2cm_lat0step/episodes.csv,success = IQM over seeds of per-seed success rate; drop = cell 1 - cell 2
noise/sigma2cm_lat0step.ppo_sinusoid.id.SS4,descriptive (not scored),,drop,"ppo_sinusoid: success clean - sigma2cm_lat0step (sigma_p 0.02 m, sigma_v 0.1 m/s, 0 step latency), id SS4 (P7-D1 §4)",ppo_sinusoid,,results/e07/matrix/episodes.csv|aft|id|SS4,results/e07/noise/sigma2cm_lat0step/episodes.csv|aft|id|SS4,0.009999999999999898,0.0,0.026666666666666727,False,1.0,0.9900000000000001,nan,nan,200,200,5,0,,,,,,10000,20260926,0.95,"shared_episodes: seeds per method, shared by its two cells; one set of episode indices shared by both cells and both methods (P7-D1 §2)",results/e07/matrix/episodes.csv;results/e07/noise/sigma2cm_lat0step/episodes.csv,success = IQM over seeds of per-seed success rate; drop = cell 1 - cell 2
noise/sigma2cm_lat0step.ppo_sinusoid.id.SS5,descriptive (not scored),,drop,"ppo_sinusoid: success clean - sigma2cm_lat0step (sigma_p 0.02 m, sigma_v 0.1 m/s, 0 step latency), id SS5 (P7-D1 §4)",ppo_sinusoid,,results/e07/matrix/episodes.csv|aft|id|SS5,results/e07/noise/sigma2cm_lat0step/episodes.csv|aft|id|SS5,0.015000000000000013,0.0,0.02833333333333332,False,1.0,0.985,nan,nan,200,200,5,0,,,,,,10000,20260926,0.95,"shared_episodes: seeds per method, shared by its two cells; one set of episode indices shared by both cells and both methods (P7-D1 §2)",results/e07/matrix/episodes.csv;results/e07/noise/sigma2cm_lat0step/episodes.csv,success = IQM over seeds of per-seed success rate; drop = cell 1 - cell 2
noise/sigma2cm_lat0step.ppo_sinusoid.id.SS6,descriptive (not scored),,drop,"ppo_sinusoid: success clean - sigma2cm_lat0step (sigma_p 0.02 m, sigma_v 0.1 m/s, 0 step latency), id SS6 (P7-D1 §4)",ppo_sinusoid,,results/e07/matrix/episodes.csv|aft|id|SS6,results/e07/noise/sigma2cm_lat0step/episodes.csv|aft|id|SS6,0.020000000000000018,-0.0016666666666665941,0.05500000000000005,False,0.9733333333333333,0.9533333333333333,nan,nan,200,200,5,0,,,,,,10000,20260926,0.95,"shared_episodes: seeds per method, shared by its two cells; one set of episode indices shared by both cells and both methods (P7-D1 §2)",results/e07/matrix/episodes.csv;results/e07/noise/sigma2cm_lat0step/episodes.csv,success = IQM over seeds of per-seed success rate; drop = cell 1 - cell 2
noise/sigma2cm_lat0step.pid_track_descend.id.SS3,descriptive (not scored),,drop,"pid_track_descend: success clean - sigma2cm_lat0step (sigma_p 0.02 m, sigma_v 0.1 m/s, 0 step latency), id SS3 (P7-D1 §4)",pid_track_descend,,results/e01/episodes.csv|aft|id|SS3,results/e07/noise/sigma2cm_lat0step/episodes.csv|aft|id|SS3,0.18500000000000005,0.135,0.24,True,1.0,0.815,nan,nan,200,200,1,0,,,,,,10000,20260926,0.95,"shared_episodes: seeds per method, shared by its two cells; one set of episode indices shared by both cells and both methods (P7-D1 §2)",results/e01/episodes.csv;results/e07/noise/sigma2cm_lat0step/episodes.csv,success = IQM over seeds of per-seed success rate; drop = cell 1 - cell 2
noise/sigma2cm_lat0step.pid_track_descend.id.SS4,descriptive (not scored),,drop,"pid_track_descend: success clean - sigma2cm_lat0step (sigma_p 0.02 m, sigma_v 0.1 m/s, 0 step latency), id SS4 (P7-D1 §4)",pid_track_descend,,results/e01/episodes.csv|aft|id|SS4,results/e07/noise/sigma2cm_lat0step/episodes.csv|aft|id|SS4,0.17499999999999993,0.1150000000000001,0.235,True,0.96,0.785,nan,nan,200,200,1,0,,,,,,10000,20260926,0.95,"shared_episodes: seeds per method, shared by its two cells; one set of episode indices shared by both cells and both methods (P7-D1 §2)",results/e01/episodes.csv;results/e07/noise/sigma2cm_lat0step/episodes.csv,success = IQM over seeds of per-seed success rate; drop = cell 1 - cell 2
noise/sigma2cm_lat0step.pid_track_descend.id.SS5,descriptive (not scored),,drop,"pid_track_descend: success clean - sigma2cm_lat0step (sigma_p 0.02 m, sigma_v 0.1 m/s, 0 step latency), id SS5 (P7-D1 §4)",pid_track_descend,,results/e01/episodes.csv|aft|id|SS5,results/e07/noise/sigma2cm_lat0step/episodes.csv|aft|id|SS5,0.16499999999999992,0.10499999999999998,0.22499999999999998,True,0.85,0.685,nan,nan,200,200,1,0,,,,,,10000,20260926,0.95,"shared_episodes: seeds per method, shared by its two cells; one set of episode indices shared by both cells and both methods (P7-D1 §2)",results/e01/episodes.csv;results/e07/noise/sigma2cm_lat0step/episodes.csv,success = IQM over seeds of per-seed success rate; drop = cell 1 - cell 2
noise/sigma2cm_lat0step.pid_track_descend.id.SS6,descriptive (not scored),,drop,"pid_track_descend: success clean - sigma2cm_lat0step (sigma_p 0.02 m, sigma_v 0.1 m/s, 0 step latency), id SS6 (P7-D1 §4)",pid_track_descend,,results/e01/episodes.csv|aft|id|SS6,results/e07/noise/sigma2cm_lat0step/episodes.csv|aft|id|SS6,0.11499999999999999,0.04500000000000004,0.18499999999999994,True,0.8,0.685,nan,nan,200,200,1,0,,,,,,10000,20260926,0.95,"shared_episodes: seeds per method, shared by its two cells; one set of episode indices shared by both cells and both methods (P7-D1 §2)",results/e01/episodes.csv;results/e07/noise/sigma2cm_lat0step/episodes.csv,success = IQM over seeds of per-seed success rate; drop = cell 1 - cell 2
noise/sigma2cm_lat0step.pid_feedforward.id.SS3,descriptive (not scored),,drop,"pid_feedforward: success clean - sigma2cm_lat0step (sigma_p 0.02 m, sigma_v 0.1 m/s, 0 step latency), id SS3 (P7-D1 §4)",pid_feedforward,,results/e01/episodes.csv|aft|id|SS3,results/e07/noise/sigma2cm_lat0step/episodes.csv|aft|id|SS3,0.33999999999999997,0.275,0.405,True,1.0,0.66,nan,nan,200,200,1,0,,,,,,10000,20260926,0.95,"shared_episodes: seeds per method, shared by its two cells; one set of episode indices shared by both cells and both methods (P7-D1 §2)",results/e01/episodes.csv;results/e07/noise/sigma2cm_lat0step/episodes.csv,success = IQM over seeds of per-seed success rate; drop = cell 1 - cell 2
noise/sigma2cm_lat0step.pid_feedforward.id.SS4,descriptive (not scored),,drop,"pid_feedforward: success clean - sigma2cm_lat0step (sigma_p 0.02 m, sigma_v 0.1 m/s, 0 step latency), id SS4 (P7-D1 §4)",pid_feedforward,,results/e01/episodes.csv|aft|id|SS4,results/e07/noise/sigma2cm_lat0step/episodes.csv|aft|id|SS4,0.43000000000000005,0.365,0.5,True,1.0,0.57,nan,nan,200,200,1,0,,,,,,10000,20260926,0.95,"shared_episodes: seeds per method, shared by its two cells; one set of episode indices shared by both cells and both methods (P7-D1 §2)",results/e01/episodes.csv;results/e07/noise/sigma2cm_lat0step/episodes.csv,success = IQM over seeds of per-seed success rate; drop = cell 1 - cell 2
noise/sigma2cm_lat0step.pid_feedforward.id.SS5,descriptive (not scored),,drop,"pid_feedforward: success clean - sigma2cm_lat0step (sigma_p 0.02 m, sigma_v 0.1 m/s, 0 step latency), id SS5 (P7-D1 §4)",pid_feedforward,,results/e01/episodes.csv|aft|id|SS5,results/e07/noise/sigma2cm_lat0step/episodes.csv|aft|id|SS5,0.355,0.28500000000000003,0.42499999999999993,True,0.99,0.635,nan,nan,200,200,1,0,,,,,,10000,20260926,0.95,"shared_episodes: seeds per method, shared by its two cells; one set of episode indices shared by both cells and both methods (P7-D1 §2)",results/e01/episodes.csv;results/e07/noise/sigma2cm_lat0step/episodes.csv,success = IQM over seeds of per-seed success rate; drop = cell 1 - cell 2
noise/sigma2cm_lat0step.pid_feedforward.id.SS6,descriptive (not scored),,drop,"pid_feedforward: success clean - sigma2cm_lat0step (sigma_p 0.02 m, sigma_v 0.1 m/s, 0 step latency), id SS6 (P7-D1 §4)",pid_feedforward,,results/e01/episodes.csv|aft|id|SS6,results/e07/noise/sigma2cm_lat0step/episodes.csv|aft|id|SS6,0.3400000000000001,0.265,0.4149999999999999,True,0.905,0.565,nan,nan,200,200,1,0,,,,,,10000,20260926,0.95,"shared_episodes: seeds per method, shared by its two cells; one set of episode indices shared by both cells and both methods (P7-D1 §2)",results/e01/episodes.csv;results/e07/noise/sigma2cm_lat0step/episodes.csv,success = IQM over seeds of per-seed success rate; drop = cell 1 - cell 2
noise/sigma2cm_lat0step.pid_feedforward_lowvz.id.SS3,descriptive (not scored),,drop,"pid_feedforward_lowvz: success clean - sigma2cm_lat0step (sigma_p 0.02 m, sigma_v 0.1 m/s, 0 step latency), id SS3 (P7-D1 §4)",pid_feedforward_lowvz,,results/e01/episodes.csv|aft|id|SS3,results/e07/noise/sigma2cm_lat0step/episodes.csv|aft|id|SS3,0.29500000000000004,0.235,0.36,True,1.0,0.705,nan,nan,200,200,1,0,,,,,,10000,20260926,0.95,"shared_episodes: seeds per method, shared by its two cells; one set of episode indices shared by both cells and both methods (P7-D1 §2)",results/e01/episodes.csv;results/e07/noise/sigma2cm_lat0step/episodes.csv,success = IQM over seeds of per-seed success rate; drop = cell 1 - cell 2
noise/sigma2cm_lat0step.pid_feedforward_lowvz.id.SS4,descriptive (not scored),,drop,"pid_feedforward_lowvz: success clean - sigma2cm_lat0step (sigma_p 0.02 m, sigma_v 0.1 m/s, 0 step latency), id SS4 (P7-D1 §4)",pid_feedforward_lowvz,,results/e01/episodes.csv|aft|id|SS4,results/e07/noise/sigma2cm_lat0step/episodes.csv|aft|id|SS4,0.32999999999999996,0.26,0.4,True,0.98,0.65,nan,nan,200,200,1,0,,,,,,10000,20260926,0.95,"shared_episodes: seeds per method, shared by its two cells; one set of episode indices shared by both cells and both methods (P7-D1 §2)",results/e01/episodes.csv;results/e07/noise/sigma2cm_lat0step/episodes.csv,success = IQM over seeds of per-seed success rate; drop = cell 1 - cell 2
noise/sigma2cm_lat0step.pid_feedforward_lowvz.id.SS5,descriptive (not scored),,drop,"pid_feedforward_lowvz: success clean - sigma2cm_lat0step (sigma_p 0.02 m, sigma_v 0.1 m/s, 0 step latency), id SS5 (P7-D1 §4)",pid_feedforward_lowvz,,results/e01/episodes.csv|aft|id|SS5,results/e07/noise/sigma2cm_lat0step/episodes.csv|aft|id|SS5,0.35,0.275,0.42499999999999993,True,0.955,0.605,nan,nan,200,200,1,0,,,,,,10000,20260926,0.95,"shared_episodes: seeds per method, shared by its two cells; one set of episode indices shared by both cells and both methods (P7-D1 §2)",results/e01/episodes.csv;results/e07/noise/sigma2cm_lat0step/episodes.csv,success = IQM over seeds of per-seed success rate; drop = cell 1 - cell 2
noise/sigma2cm_lat0step.pid_feedforward_lowvz.id.SS6,descriptive (not scored),,drop,"pid_feedforward_lowvz: success clean - sigma2cm_lat0step (sigma_p 0.02 m, sigma_v 0.1 m/s, 0 step latency), id SS6 (P7-D1 §4)",pid_feedforward_lowvz,,results/e01/episodes.csv|aft|id|SS6,results/e07/noise/sigma2cm_lat0step/episodes.csv|aft|id|SS6,0.27,0.18999999999999995,0.35,True,0.85,0.58,nan,nan,200,200,1,0,,,,,,10000,20260926,0.95,"shared_episodes: seeds per method, shared by its two cells; one set of episode indices shared by both cells and both methods (P7-D1 §2)",results/e01/episodes.csv;results/e07/noise/sigma2cm_lat0step/episodes.csv,success = IQM over seeds of per-seed success rate; drop = cell 1 - cell 2
noise/sigma2cm_lat0step.pid_feedforward_lowvz_cut.id.SS3,descriptive (not scored),,drop,"pid_feedforward_lowvz_cut: success clean - sigma2cm_lat0step (sigma_p 0.02 m, sigma_v 0.1 m/s, 0 step latency), id SS3 (P7-D1 §4)",pid_feedforward_lowvz_cut,,results/e01_lowvz_cut/episodes.csv|aft|id|SS3,results/e07/noise/sigma2cm_lat0step/episodes.csv|aft|id|SS3,0.06499999999999995,0.03500000000000003,0.09999999999999998,True,1.0,0.935,nan,nan,200,200,1,0,,,,,,10000,20260926,0.95,"shared_episodes: seeds per method, shared by its two cells; one set of episode indices shared by both cells and both methods (P7-D1 §2)",results/e01_lowvz_cut/episodes.csv;results/e07/noise/sigma2cm_lat0step/episodes.csv,success = IQM over seeds of per-seed success rate; drop = cell 1 - cell 2
noise/sigma2cm_lat0step.pid_feedforward_lowvz_cut.id.SS4,descriptive (not scored),,drop,"pid_feedforward_lowvz_cut: success clean - sigma2cm_lat0step (sigma_p 0.02 m, sigma_v 0.1 m/s, 0 step latency), id SS4 (P7-D1 §4)",pid_feedforward_lowvz_cut,,results/e01_lowvz_cut/episodes.csv|aft|id|SS4,results/e07/noise/sigma2cm_lat0step/episodes.csv|aft|id|SS4,0.07999999999999996,0.03500000000000003,0.125,True,0.985,0.905,nan,nan,200,200,1,0,,,,,,10000,20260926,0.95,"shared_episodes: seeds per method, shared by its two cells; one set of episode indices shared by both cells and both methods (P7-D1 §2)",results/e01_lowvz_cut/episodes.csv;results/e07/noise/sigma2cm_lat0step/episodes.csv,success = IQM over seeds of per-seed success rate; drop = cell 1 - cell 2
noise/sigma2cm_lat0step.pid_feedforward_lowvz_cut.id.SS5,descriptive (not scored),,drop,"pid_feedforward_lowvz_cut: success clean - sigma2cm_lat0step (sigma_p 0.02 m, sigma_v 0.1 m/s, 0 step latency), id SS5 (P7-D1 §4)",pid_feedforward_lowvz_cut,,results/e01_lowvz_cut/episodes.csv|aft|id|SS5,results/e07/noise/sigma2cm_lat0step/episodes.csv|aft|id|SS5,0.14,0.08499999999999996,0.19499999999999995,True,0.98,0.84,nan,nan,200,200,1,0,,,,,,10000,20260926,0.95,"shared_episodes: seeds per method, shared by its two cells; one set of episode indices shared by both cells and both methods (P7-D1 §2)",results/e01_lowvz_cut/episodes.csv;results/e07/noise/sigma2cm_lat0step/episodes.csv,success = IQM over seeds of per-seed success rate; drop = cell 1 - cell 2
noise/sigma2cm_lat0step.pid_feedforward_lowvz_cut.id.SS6,descriptive (not scored),,drop,"pid_feedforward_lowvz_cut: success clean - sigma2cm_lat0step (sigma_p 0.02 m, sigma_v 0.1 m/s, 0 step latency), id SS6 (P7-D1 §4)",pid_feedforward_lowvz_cut,,results/e01_lowvz_cut/episodes.csv|aft|id|SS6,results/e07/noise/sigma2cm_lat0step/episodes.csv|aft|id|SS6,0.06999999999999995,0.0050000000000000044,0.135,True,0.88,0.81,nan,nan,200,200,1,0,,,,,,10000,20260926,0.95,"shared_episodes: seeds per method, shared by its two cells; one set of episode indices shared by both cells and both methods (P7-D1 §2)",results/e01_lowvz_cut/episodes.csv;results/e07/noise/sigma2cm_lat0step/episodes.csv,success = IQM over seeds of per-seed success rate; drop = cell 1 - cell 2
noise/sigma2cm_lat0step.gated.id.SS3,descriptive (not scored),,drop,"gated: success clean - sigma2cm_lat0step (sigma_p 0.02 m, sigma_v 0.1 m/s, 0 step latency), id SS3 (P7-D1 §4)",gated,,results/e01/episodes.csv|aft|id|SS3,results/e07/noise/sigma2cm_lat0step/episodes.csv|aft|id|SS3,0.84,0.79,0.89,True,1.0,0.16,nan,nan,200,200,1,0,,,,,,10000,20260926,0.95,"shared_episodes: seeds per method, shared by its two cells; one set of episode indices shared by both cells and both methods (P7-D1 §2)",results/e01/episodes.csv;results/e07/noise/sigma2cm_lat0step/episodes.csv,success = IQM over seeds of per-seed success rate; drop = cell 1 - cell 2
noise/sigma2cm_lat0step.gated.id.SS4,descriptive (not scored),,drop,"gated: success clean - sigma2cm_lat0step (sigma_p 0.02 m, sigma_v 0.1 m/s, 0 step latency), id SS4 (P7-D1 §4)",gated,,results/e01/episodes.csv|aft|id|SS4,results/e07/noise/sigma2cm_lat0step/episodes.csv|aft|id|SS4,0.91,0.87,0.945,True,0.985,0.075,nan,nan,200,200,1,0,,,,,,10000,20260926,0.95,"shared_episodes: seeds per method, shared by its two cells; one set of episode indices shared by both cells and both methods (P7-D1 §2)",results/e01/episodes.csv;results/e07/noise/sigma2cm_lat0step/episodes.csv,success = IQM over seeds of per-seed success rate; drop = cell 1 - cell 2
noise/sigma2cm_lat0step.gated.id.SS5,descriptive (not scored),,drop,"gated: success clean - sigma2cm_lat0step (sigma_p 0.02 m, sigma_v 0.1 m/s, 0 step latency), id SS5 (P7-D1 §4)",gated,,results/e01/episodes.csv|aft|id|SS5,results/e07/noise/sigma2cm_lat0step/episodes.csv|aft|id|SS5,0.84,0.7899999999999999,0.89,True,0.895,0.055,nan,nan,200,200,1,0,,,,,,10000,20260926,0.95,"shared_episodes: seeds per method, shared by its two cells; one set of episode indices shared by both cells and both methods (P7-D1 §2)",results/e01/episodes.csv;results/e07/noise/sigma2cm_lat0step/episodes.csv,success = IQM over seeds of per-seed success rate; drop = cell 1 - cell 2
noise/sigma2cm_lat0step.gated.id.SS6,descriptive (not scored),,drop,"gated: success clean - sigma2cm_lat0step (sigma_p 0.02 m, sigma_v 0.1 m/s, 0 step latency), id SS6 (P7-D1 §4)",gated,,results/e01/episodes.csv|aft|id|SS6,results/e07/noise/sigma2cm_lat0step/episodes.csv|aft|id|SS6,0.6,0.53,0.665,True,0.63,0.03,nan,nan,200,200,1,0,,,,,,10000,20260926,0.95,"shared_episodes: seeds per method, shared by its two cells; one set of episode indices shared by both cells and both methods (P7-D1 §2)",results/e01/episodes.csv;results/e07/noise/sigma2cm_lat0step/episodes.csv,success = IQM over seeds of per-seed success rate; drop = cell 1 - cell 2
noise/sigma2cm_lat0step.oracle_gated.id.SS3,descriptive (not scored),,drop,"oracle_gated: success clean - sigma2cm_lat0step (sigma_p 0.02 m, sigma_v 0.1 m/s, 0 step latency), id SS3 (P7-D1 §4)",oracle_gated,,results/e01/episodes.csv|aft|id|SS3,results/e07/noise/sigma2cm_lat0step/episodes.csv|aft|id|SS3,0.71,0.645,0.77,True,1.0,0.29,nan,nan,200,200,1,0,,,,,,10000,20260926,0.95,"shared_episodes: seeds per method, shared by its two cells; one set of episode indices shared by both cells and both methods (P7-D1 §2)",results/e01/episodes.csv;results/e07/noise/sigma2cm_lat0step/episodes.csv,success = IQM over seeds of per-seed success rate; drop = cell 1 - cell 2
noise/sigma2cm_lat0step.oracle_gated.id.SS4,descriptive (not scored),,drop,"oracle_gated: success clean - sigma2cm_lat0step (sigma_p 0.02 m, sigma_v 0.1 m/s, 0 step latency), id SS4 (P7-D1 §4)",oracle_gated,,results/e01/episodes.csv|aft|id|SS4,results/e07/noise/sigma2cm_lat0step/episodes.csv|aft|id|SS4,0.73,0.6699999999999999,0.79,True,0.985,0.255,nan,nan,200,200,1,0,,,,,,10000,20260926,0.95,"shared_episodes: seeds per method, shared by its two cells; one set of episode indices shared by both cells and both methods (P7-D1 §2)",results/e01/episodes.csv;results/e07/noise/sigma2cm_lat0step/episodes.csv,success = IQM over seeds of per-seed success rate; drop = cell 1 - cell 2
noise/sigma2cm_lat0step.oracle_gated.id.SS5,descriptive (not scored),,drop,"oracle_gated: success clean - sigma2cm_lat0step (sigma_p 0.02 m, sigma_v 0.1 m/s, 0 step latency), id SS5 (P7-D1 §4)",oracle_gated,,results/e01/episodes.csv|aft|id|SS5,results/e07/noise/sigma2cm_lat0step/episodes.csv|aft|id|SS5,0.745,0.6849999999999999,0.8001249999999982,True,0.89,0.145,nan,nan,200,200,1,0,,,,,,10000,20260926,0.95,"shared_episodes: seeds per method, shared by its two cells; one set of episode indices shared by both cells and both methods (P7-D1 §2)",results/e01/episodes.csv;results/e07/noise/sigma2cm_lat0step/episodes.csv,success = IQM over seeds of per-seed success rate; drop = cell 1 - cell 2
noise/sigma2cm_lat0step.oracle_gated.id.SS6,descriptive (not scored),,drop,"oracle_gated: success clean - sigma2cm_lat0step (sigma_p 0.02 m, sigma_v 0.1 m/s, 0 step latency), id SS6 (P7-D1 §4)",oracle_gated,,results/e01/episodes.csv|aft|id|SS6,results/e07/noise/sigma2cm_lat0step/episodes.csv|aft|id|SS6,0.5800000000000001,0.5149999999999999,0.6499999999999999,True,0.645,0.065,nan,nan,200,200,1,0,,,,,,10000,20260926,0.95,"shared_episodes: seeds per method, shared by its two cells; one set of episode indices shared by both cells and both methods (P7-D1 §2)",results/e01/episodes.csv;results/e07/noise/sigma2cm_lat0step/episodes.csv,success = IQM over seeds of per-seed success rate; drop = cell 1 - cell 2
noise/sigma4cm_lat0step.ppo.id.SS3,descriptive (not scored),,drop,"ppo: success clean - sigma4cm_lat0step (sigma_p 0.04 m, sigma_v 0.2 m/s, 0 step latency), id SS3 (P7-D1 §4)",ppo,,results/e07/matrix/episodes.csv|aft|id|SS3,results/e07/noise/sigma4cm_lat0step/episodes.csv|aft|id|SS3,0.16500000000000004,0.08166666666666667,0.2400000000000001,True,1.0,0.835,nan,nan,200,200,5,0,,,,,,10000,20260926,0.95,"shared_episodes: seeds per method, shared by its two cells; one set of episode indices shared by both cells and both methods (P7-D1 §2)",results/e07/matrix/episodes.csv;results/e07/noise/sigma4cm_lat0step/episodes.csv,success = IQM over seeds of per-seed success rate; drop = cell 1 - cell 2
noise/sigma4cm_lat0step.ppo.id.SS4,descriptive (not scored),,drop,"ppo: success clean - sigma4cm_lat0step (sigma_p 0.04 m, sigma_v 0.2 m/s, 0 step latency), id SS4 (P7-D1 §4)",ppo,,results/e07/matrix/episodes.csv|aft|id|SS4,results/e07/noise/sigma4cm_lat0step/episodes.csv|aft|id|SS4,0.18333333333333324,0.10166666666666657,0.23999999999999988,True,1.0,0.8166666666666668,nan,nan,200,200,5,0,,,,,,10000,20260926,0.95,"shared_episodes: seeds per method, shared by its two cells; one set of episode indices shared by both cells and both methods (P7-D1 §2)",results/e07/matrix/episodes.csv;results/e07/noise/sigma4cm_lat0step/episodes.csv,success = IQM over seeds of per-seed success rate; drop = cell 1 - cell 2
noise/sigma4cm_lat0step.ppo.id.SS5,descriptive (not scored),,drop,"ppo: success clean - sigma4cm_lat0step (sigma_p 0.04 m, sigma_v 0.2 m/s, 0 step latency), id SS5 (P7-D1 §4)",ppo,,results/e07/matrix/episodes.csv|aft|id|SS5,results/e07/noise/sigma4cm_lat0step/episodes.csv|aft|id|SS5,0.21833333333333327,0.13666666666666671,0.275,True,1.0,0.7816666666666667,nan,nan,200,200,5,0,,,,,,10000,20260926,0.95,"shared_episodes: seeds per method, shared by its two cells; one set of episode indices shared by both cells and both methods (P7-D1 §2)",results/e07/matrix/episodes.csv;results/e07/noise/sigma4cm_lat0step/episodes.csv,success = IQM over seeds of per-seed success rate; drop = cell 1 - cell 2
noise/sigma4cm_lat0step.ppo.id.SS6,descriptive (not scored),,drop,"ppo: success clean - sigma4cm_lat0step (sigma_p 0.04 m, sigma_v 0.2 m/s, 0 step latency), id SS6 (P7-D1 §4)",ppo,,results/e07/matrix/episodes.csv|aft|id|SS6,results/e07/noise/sigma4cm_lat0step/episodes.csv|aft|id|SS6,0.19499999999999984,0.125,0.2516666666666666,True,0.9816666666666666,0.7866666666666667,nan,nan,200,200,5,0,,,,,,10000,20260926,0.95,"shared_episodes: seeds per method, shared by its two cells; one set of episode indices shared by both cells and both methods (P7-D1 §2)",results/e07/matrix/episodes.csv;results/e07/noise/sigma4cm_lat0step/episodes.csv,success = IQM over seeds of per-seed success rate; drop = cell 1 - cell 2
noise/sigma4cm_lat0step.sac.id.SS3,descriptive (not scored),,drop,"sac: success clean - sigma4cm_lat0step (sigma_p 0.04 m, sigma_v 0.2 m/s, 0 step latency), id SS3 (P7-D1 §4)",sac,,results/e07/matrix/episodes.csv|aft|id|SS3,results/e07/noise/sigma4cm_lat0step/episodes.csv|aft|id|SS3,0.7683333333333334,0.605,0.8516666666666667,True,0.9983333333333334,0.22999999999999998,nan,nan,200,200,5,0,,,,,,10000,20260926,0.95,"shared_episodes: seeds per method, shared by its two cells; one set of episode indices shared by both cells and both methods (P7-D1 §2)",results/e07/matrix/episodes.csv;results/e07/noise/sigma4cm_lat0step/episodes.csv,success = IQM over seeds of per-seed success rate; drop = cell 1 - cell 2
noise/sigma4cm_lat0step.sac.id.SS4,descriptive (not scored),,drop,"sac: success clean - sigma4cm_lat0step (sigma_p 0.04 m, sigma_v 0.2 m/s, 0 step latency), id SS4 (P7-D1 §4)",sac,,results/e07/matrix/episodes.csv|aft|id|SS4,results/e07/noise/sigma4cm_lat0step/episodes.csv|aft|id|SS4,0.7783333333333334,0.6233333333333333,0.8467083333333328,True,0.9816666666666668,0.20333333333333334,nan,nan,200,200,5,0,,,,,,10000,20260926,0.95,"shared_episodes: seeds per method, shared by its two cells; one set of episode indices shared by both cells and both methods (P7-D1 §2)",results/e07/matrix/episodes.csv;results/e07/noise/sigma4cm_lat0step/episodes.csv,success = IQM over seeds of per-seed success rate; drop = cell 1 - cell 2
noise/sigma4cm_lat0step.sac.id.SS5,descriptive (not scored),,drop,"sac: success clean - sigma4cm_lat0step (sigma_p 0.04 m, sigma_v 0.2 m/s, 0 step latency), id SS5 (P7-D1 §4)",sac,,results/e07/matrix/episodes.csv|aft|id|SS5,results/e07/noise/sigma4cm_lat0step/episodes.csv|aft|id|SS5,0.7083333333333334,0.6066666666666667,0.7949999999999999,True,0.87,0.16166666666666665,nan,nan,200,200,5,0,,,,,,10000,20260926,0.95,"shared_episodes: seeds per method, shared by its two cells; one set of episode indices shared by both cells and both methods (P7-D1 §2)",results/e07/matrix/episodes.csv;results/e07/noise/sigma4cm_lat0step/episodes.csv,success = IQM over seeds of per-seed success rate; drop = cell 1 - cell 2
noise/sigma4cm_lat0step.sac.id.SS6,descriptive (not scored),,drop,"sac: success clean - sigma4cm_lat0step (sigma_p 0.04 m, sigma_v 0.2 m/s, 0 step latency), id SS6 (P7-D1 §4)",sac,,results/e07/matrix/episodes.csv|aft|id|SS6,results/e07/noise/sigma4cm_lat0step/episodes.csv|aft|id|SS6,0.605,0.4766666666666667,0.66,True,0.725,0.12,nan,nan,200,200,5,0,,,,,,10000,20260926,0.95,"shared_episodes: seeds per method, shared by its two cells; one set of episode indices shared by both cells and both methods (P7-D1 §2)",results/e07/matrix/episodes.csv;results/e07/noise/sigma4cm_lat0step/episodes.csv,success = IQM over seeds of per-seed success rate; drop = cell 1 - cell 2
noise/sigma4cm_lat0step.residual_ppo.id.SS3,descriptive (not scored),,drop,"residual_ppo: success clean - sigma4cm_lat0step (sigma_p 0.04 m, sigma_v 0.2 m/s, 0 step latency), id SS3 (P7-D1 §4)",residual_ppo,,results/e07/matrix/episodes.csv|aft|id|SS3,results/e07/noise/sigma4cm_lat0step/episodes.csv|aft|id|SS3,0.96,0.9216666666666666,0.99,True,1.0,0.04,nan,nan,200,200,5,0,,,,,,10000,20260926,0.95,"shared_episodes: seeds per method, shared by its two cells; one set of episode indices shared by both cells and both methods (P7-D1 §2)",results/e07/matrix/episodes.csv;results/e07/noise/sigma4cm_lat0step/episodes.csv,success = IQM over seeds of per-seed success rate; drop = cell 1 - cell 2
noise/sigma4cm_lat0step.residual_ppo.id.SS4,descriptive (not scored),,drop,"residual_ppo: success clean - sigma4cm_lat0step (sigma_p 0.04 m, sigma_v 0.2 m/s, 0 step latency), id SS4 (P7-D1 §4)",residual_ppo,,results/e07/matrix/episodes.csv|aft|id|SS4,results/e07/noise/sigma4cm_lat0step/episodes.csv|aft|id|SS4,0.9666666666666667,0.94,0.9833333333333333,True,1.0,0.03333333333333333,nan,nan,200,200,5,0,,,,,,10000,20260926,0.95,"shared_episodes: seeds per method, shared by its two cells; one set of episode indices shared by both cells and both methods (P7-D1 §2)",results/e07/matrix/episodes.csv;results/e07/noise/sigma4cm_lat0step/episodes.csv,success = IQM over seeds of per-seed success rate; drop = cell 1 - cell 2
noise/sigma4cm_lat0step.residual_ppo.id.SS5,descriptive (not scored),,drop,"residual_ppo: success clean - sigma4cm_lat0step (sigma_p 0.04 m, sigma_v 0.2 m/s, 0 step latency), id SS5 (P7-D1 §4)",residual_ppo,,results/e07/matrix/episodes.csv|aft|id|SS5,results/e07/noise/sigma4cm_lat0step/episodes.csv|aft|id|SS5,0.9616666666666667,0.9283333333333332,0.985,True,0.995,0.03333333333333333,nan,nan,200,200,5,0,,,,,,10000,20260926,0.95,"shared_episodes: seeds per method, shared by its two cells; one set of episode indices shared by both cells and both methods (P7-D1 §2)",results/e07/matrix/episodes.csv;results/e07/noise/sigma4cm_lat0step/episodes.csv,success = IQM over seeds of per-seed success rate; drop = cell 1 - cell 2
noise/sigma4cm_lat0step.residual_ppo.id.SS6,descriptive (not scored),,drop,"residual_ppo: success clean - sigma4cm_lat0step (sigma_p 0.04 m, sigma_v 0.2 m/s, 0 step latency), id SS6 (P7-D1 §4)",residual_ppo,,results/e07/matrix/episodes.csv|aft|id|SS6,results/e07/noise/sigma4cm_lat0step/episodes.csv|aft|id|SS6,0.9299999999999999,0.8999999999999999,0.9583333333333333,True,0.9616666666666666,0.03166666666666667,nan,nan,200,200,5,0,,,,,,10000,20260926,0.95,"shared_episodes: seeds per method, shared by its two cells; one set of episode indices shared by both cells and both methods (P7-D1 §2)",results/e07/matrix/episodes.csv;results/e07/noise/sigma4cm_lat0step/episodes.csv,success = IQM over seeds of per-seed success rate; drop = cell 1 - cell 2
noise/sigma4cm_lat0step.ppo_forecast.id.SS3,descriptive (not scored),,drop,"ppo_forecast: success clean - sigma4cm_lat0step (sigma_p 0.04 m, sigma_v 0.2 m/s, 0 step latency), id SS3 (P7-D1 §4)",ppo_forecast,,results/e07/matrix/episodes.csv|aft|id|SS3,results/e07/noise/sigma4cm_lat0step/episodes.csv|aft|id|SS3,0.03833333333333344,0.013333333333333308,0.07666666666666666,True,1.0,0.9616666666666666,nan,nan,200,200,5,0,,,,,,10000,20260926,0.95,"shared_episodes: seeds per method, shared by its two cells; one set of episode indices shared by both cells and both methods (P7-D1 §2)",results/e07/matrix/episodes.csv;results/e07/noise/sigma4cm_lat0step/episodes.csv,success = IQM over seeds of per-seed success rate; drop = cell 1 - cell 2
noise/sigma4cm_lat0step.ppo_forecast.id.SS4,descriptive (not scored),,drop,"ppo_forecast: success clean - sigma4cm_lat0step (sigma_p 0.04 m, sigma_v 0.2 m/s, 0 step latency), id SS4 (P7-D1 §4)",ppo_forecast,,results/e07/matrix/episodes.csv|aft|id|SS4,results/e07/noise/sigma4cm_lat0step/episodes.csv|aft|id|SS4,0.03166666666666662,0.00666666666666671,0.06333333333333335,True,1.0,0.9683333333333334,nan,nan,200,200,5,0,,,,,,10000,20260926,0.95,"shared_episodes: seeds per method, shared by its two cells; one set of episode indices shared by both cells and both methods (P7-D1 §2)",results/e07/matrix/episodes.csv;results/e07/noise/sigma4cm_lat0step/episodes.csv,success = IQM over seeds of per-seed success rate; drop = cell 1 - cell 2
noise/sigma4cm_lat0step.ppo_forecast.id.SS5,descriptive (not scored),,drop,"ppo_forecast: success clean - sigma4cm_lat0step (sigma_p 0.04 m, sigma_v 0.2 m/s, 0 step latency), id SS5 (P7-D1 §4)",ppo_forecast,,results/e07/matrix/episodes.csv|aft|id|SS5,results/e07/noise/sigma4cm_lat0step/episodes.csv|aft|id|SS5,0.04166666666666663,0.023333333333333428,0.06333333333333335,True,1.0,0.9583333333333334,nan,nan,200,200,5,0,,,,,,10000,20260926,0.95,"shared_episodes: seeds per method, shared by its two cells; one set of episode indices shared by both cells and both methods (P7-D1 §2)",results/e07/matrix/episodes.csv;results/e07/noise/sigma4cm_lat0step/episodes.csv,success = IQM over seeds of per-seed success rate; drop = cell 1 - cell 2
noise/sigma4cm_lat0step.ppo_forecast.id.SS6,descriptive (not scored),,drop,"ppo_forecast: success clean - sigma4cm_lat0step (sigma_p 0.04 m, sigma_v 0.2 m/s, 0 step latency), id SS6 (P7-D1 §4)",ppo_forecast,,results/e07/matrix/episodes.csv|aft|id|SS6,results/e07/noise/sigma4cm_lat0step/episodes.csv|aft|id|SS6,0.07166666666666666,0.03833333333333333,0.10999999999999999,True,0.98,0.9083333333333333,nan,nan,200,200,5,0,,,,,,10000,20260926,0.95,"shared_episodes: seeds per method, shared by its two cells; one set of episode indices shared by both cells and both methods (P7-D1 §2)",results/e07/matrix/episodes.csv;results/e07/noise/sigma4cm_lat0step/episodes.csv,success = IQM over seeds of per-seed success rate; drop = cell 1 - cell 2
noise/sigma4cm_lat0step.residual_ppo_forecast.id.SS3,descriptive (not scored),,drop,"residual_ppo_forecast: success clean - sigma4cm_lat0step (sigma_p 0.04 m, sigma_v 0.2 m/s, 0 step latency), id SS3 (P7-D1 §4)",residual_ppo_forecast,,results/e07/matrix/episodes.csv|aft|id|SS3,results/e07/noise/sigma4cm_lat0step/episodes.csv|aft|id|SS3,0.9616666666666667,0.9183333333333333,0.9816666666666667,True,1.0,0.03833333333333334,nan,nan,200,200,5,0,,,,,,10000,20260926,0.95,"shared_episodes: seeds per method, shared by its two cells; one set of episode indices shared by both cells and both methods (P7-D1 §2)",results/e07/matrix/episodes.csv;results/e07/noise/sigma4cm_lat0step/episodes.csv,success = IQM over seeds of per-seed success rate; drop = cell 1 - cell 2
noise/sigma4cm_lat0step.residual_ppo_forecast.id.SS4,descriptive (not scored),,drop,"residual_ppo_forecast: success clean - sigma4cm_lat0step (sigma_p 0.04 m, sigma_v 0.2 m/s, 0 step latency), id SS4 (P7-D1 §4)",residual_ppo_forecast,,results/e07/matrix/episodes.csv|aft|id|SS4,results/e07/noise/sigma4cm_lat0step/episodes.csv|aft|id|SS4,0.9483333333333334,0.92,0.97,True,1.0,0.051666666666666666,nan,nan,200,200,5,0,,,,,,10000,20260926,0.95,"shared_episodes: seeds per method, shared by its two cells; one set of episode indices shared by both cells and both methods (P7-D1 §2)",results/e07/matrix/episodes.csv;results/e07/noise/sigma4cm_lat0step/episodes.csv,success = IQM over seeds of per-seed success rate; drop = cell 1 - cell 2
noise/sigma4cm_lat0step.residual_ppo_forecast.id.SS5,descriptive (not scored),,drop,"residual_ppo_forecast: success clean - sigma4cm_lat0step (sigma_p 0.04 m, sigma_v 0.2 m/s, 0 step latency), id SS5 (P7-D1 §4)",residual_ppo_forecast,,results/e07/matrix/episodes.csv|aft|id|SS5,results/e07/noise/sigma4cm_lat0step/episodes.csv|aft|id|SS5,0.9566666666666667,0.905,0.98,True,0.995,0.03833333333333334,nan,nan,200,200,5,0,,,,,,10000,20260926,0.95,"shared_episodes: seeds per method, shared by its two cells; one set of episode indices shared by both cells and both methods (P7-D1 §2)",results/e07/matrix/episodes.csv;results/e07/noise/sigma4cm_lat0step/episodes.csv,success = IQM over seeds of per-seed success rate; drop = cell 1 - cell 2
noise/sigma4cm_lat0step.residual_ppo_forecast.id.SS6,descriptive (not scored),,drop,"residual_ppo_forecast: success clean - sigma4cm_lat0step (sigma_p 0.04 m, sigma_v 0.2 m/s, 0 step latency), id SS6 (P7-D1 §4)",residual_ppo_forecast,,results/e07/matrix/episodes.csv|aft|id|SS6,results/e07/noise/sigma4cm_lat0step/episodes.csv|aft|id|SS6,0.92,0.865,0.9533333333333334,True,0.9683333333333334,0.04833333333333333,nan,nan,200,200,5,0,,,,,,10000,20260926,0.95,"shared_episodes: seeds per method, shared by its two cells; one set of episode indices shared by both cells and both methods (P7-D1 §2)",results/e07/matrix/episodes.csv;results/e07/noise/sigma4cm_lat0step/episodes.csv,success = IQM over seeds of per-seed success rate; drop = cell 1 - cell 2
noise/sigma4cm_lat0step.ppo_sinusoid.id.SS3,descriptive (not scored),,drop,"ppo_sinusoid: success clean - sigma4cm_lat0step (sigma_p 0.04 m, sigma_v 0.2 m/s, 0 step latency), id SS3 (P7-D1 §4)",ppo_sinusoid,,results/e07/matrix/episodes.csv|aft|id|SS3,results/e07/noise/sigma4cm_lat0step/episodes.csv|aft|id|SS3,0.20500000000000007,0.15499999999999992,0.29999999999999993,True,1.0,0.7949999999999999,nan,nan,200,200,5,0,,,,,,10000,20260926,0.95,"shared_episodes: seeds per method, shared by its two cells; one set of episode indices shared by both cells and both methods (P7-D1 §2)",results/e07/matrix/episodes.csv;results/e07/noise/sigma4cm_lat0step/episodes.csv,success = IQM over seeds of per-seed success rate; drop = cell 1 - cell 2
noise/sigma4cm_lat0step.ppo_sinusoid.id.SS4,descriptive (not scored),,drop,"ppo_sinusoid: success clean - sigma4cm_lat0step (sigma_p 0.04 m, sigma_v 0.2 m/s, 0 step latency), id SS4 (P7-D1 §4)",ppo_sinusoid,,results/e07/matrix/episodes.csv|aft|id|SS4,results/e07/noise/sigma4cm_lat0step/episodes.csv|aft|id|SS4,0.19666666666666666,0.15499999999999992,0.2583333333333333,True,1.0,0.8033333333333333,nan,nan,200,200,5,0,,,,,,10000,20260926,0.95,"shared_episodes: seeds per method, shared by its two cells; one set of episode indices shared by both cells and both methods (P7-D1 §2)",results/e07/matrix/episodes.csv;results/e07/noise/sigma4cm_lat0step/episodes.csv,success = IQM over seeds of per-seed success rate; drop = cell 1 - cell 2
noise/sigma4cm_lat0step.ppo_sinusoid.id.SS5,descriptive (not scored),,drop,"ppo_sinusoid: success clean - sigma4cm_lat0step (sigma_p 0.04 m, sigma_v 0.2 m/s, 0 step latency), id SS5 (P7-D1 §4)",ppo_sinusoid,,results/e07/matrix/episodes.csv|aft|id|SS5,results/e07/noise/sigma4cm_lat0step/episodes.csv|aft|id|SS5,0.21499999999999997,0.16000000000000003,0.32666666666666666,True,1.0,0.785,nan,nan,200,200,5,0,,,,,,10000,20260926,0.95,"shared_episodes: seeds per method, shared by its two cells; one set of episode indices shared by both cells and both methods (P7-D1 §2)",results/e07/matrix/episodes.csv;results/e07/noise/sigma4cm_lat0step/episodes.csv,success = IQM over seeds of per-seed success rate; drop = cell 1 - cell 2
noise/sigma4cm_lat0step.ppo_sinusoid.id.SS6,descriptive (not scored),,drop,"ppo_sinusoid: success clean - sigma4cm_lat0step (sigma_p 0.04 m, sigma_v 0.2 m/s, 0 step latency), id SS6 (P7-D1 §4)",ppo_sinusoid,,results/e07/matrix/episodes.csv|aft|id|SS6,results/e07/noise/sigma4cm_lat0step/episodes.csv|aft|id|SS6,0.23833333333333329,0.16166666666666663,0.31999999999999984,True,0.9733333333333333,0.735,nan,nan,200,200,5,0,,,,,,10000,20260926,0.95,"shared_episodes: seeds per method, shared by its two cells; one set of episode indices shared by both cells and both methods (P7-D1 §2)",results/e07/matrix/episodes.csv;results/e07/noise/sigma4cm_lat0step/episodes.csv,success = IQM over seeds of per-seed success rate; drop = cell 1 - cell 2
noise/sigma4cm_lat0step.pid_track_descend.id.SS3,descriptive (not scored),,drop,"pid_track_descend: success clean - sigma4cm_lat0step (sigma_p 0.04 m, sigma_v 0.2 m/s, 0 step latency), id SS3 (P7-D1 §4)",pid_track_descend,,results/e01/episodes.csv|aft|id|SS3,results/e07/noise/sigma4cm_lat0step/episodes.csv|aft|id|SS3,0.795,0.735,0.85,True,1.0,0.205,nan,nan,200,200,1,0,,,,,,10000,20260926,0.95,"shared_episodes: seeds per method, shared by its two cells; one set of episode indices shared by both cells and both methods (P7-D1 §2)",results/e01/episodes.csv;results/e07/noise/sigma4cm_lat0step/episodes.csv,success = IQM over seeds of per-seed success rate; drop = cell 1 - cell 2
noise/sigma4cm_lat0step.pid_track_descend.id.SS4,descriptive (not scored),,drop,"pid_track_descend: success clean - sigma4cm_lat0step (sigma_p 0.04 m, sigma_v 0.2 m/s, 0 step latency), id SS4 (P7-D1 §4)",pid_track_descend,,results/e01/episodes.csv|aft|id|SS4,results/e07/noise/sigma4cm_lat0step/episodes.csv|aft|id|SS4,0.735,0.6699999999999999,0.7949999999999999,True,0.96,0.225,nan,nan,200,200,1,0,,,,,,10000,20260926,0.95,"shared_episodes: seeds per method, shared by its two cells; one set of episode indices shared by both cells and both methods (P7-D1 §2)",results/e01/episodes.csv;results/e07/noise/sigma4cm_lat0step/episodes.csv,success = IQM over seeds of per-seed success rate; drop = cell 1 - cell 2
noise/sigma4cm_lat0step.pid_track_descend.id.SS5,descriptive (not scored),,drop,"pid_track_descend: success clean - sigma4cm_lat0step (sigma_p 0.04 m, sigma_v 0.2 m/s, 0 step latency), id SS5 (P7-D1 §4)",pid_track_descend,,results/e01/episodes.csv|aft|id|SS5,results/e07/noise/sigma4cm_lat0step/episodes.csv|aft|id|SS5,0.665,0.6,0.735,True,0.85,0.185,nan,nan,200,200,1,0,,,,,,10000,20260926,0.95,"shared_episodes: seeds per method, shared by its two cells; one set of episode indices shared by both cells and both methods (P7-D1 §2)",results/e01/episodes.csv;results/e07/noise/sigma4cm_lat0step/episodes.csv,success = IQM over seeds of per-seed success rate; drop = cell 1 - cell 2
noise/sigma4cm_lat0step.pid_track_descend.id.SS6,descriptive (not scored),,drop,"pid_track_descend: success clean - sigma4cm_lat0step (sigma_p 0.04 m, sigma_v 0.2 m/s, 0 step latency), id SS6 (P7-D1 §4)",pid_track_descend,,results/e01/episodes.csv|aft|id|SS6,results/e07/noise/sigma4cm_lat0step/episodes.csv|aft|id|SS6,0.5700000000000001,0.49,0.6499999999999999,True,0.8,0.23,nan,nan,200,200,1,0,,,,,,10000,20260926,0.95,"shared_episodes: seeds per method, shared by its two cells; one set of episode indices shared by both cells and both methods (P7-D1 §2)",results/e01/episodes.csv;results/e07/noise/sigma4cm_lat0step/episodes.csv,success = IQM over seeds of per-seed success rate; drop = cell 1 - cell 2
noise/sigma4cm_lat0step.pid_feedforward.id.SS3,descriptive (not scored),,drop,"pid_feedforward: success clean - sigma4cm_lat0step (sigma_p 0.04 m, sigma_v 0.2 m/s, 0 step latency), id SS3 (P7-D1 §4)",pid_feedforward,,results/e01/episodes.csv|aft|id|SS3,results/e07/noise/sigma4cm_lat0step/episodes.csv|aft|id|SS3,0.995,0.985,1.0,True,1.0,0.005,nan,nan,200,200,1,0,,,,,,10000,20260926,0.95,"shared_episodes: seeds per method, shared by its two cells; one set of episode indices shared by both cells and both methods (P7-D1 §2)",results/e01/episodes.csv;results/e07/noise/sigma4cm_lat0step/episodes.csv,success = IQM over seeds of per-seed success rate; drop = cell 1 - cell 2
noise/sigma4cm_lat0step.pid_feedforward.id.SS4,descriptive (not scored),,drop,"pid_feedforward: success clean - sigma4cm_lat0step (sigma_p 0.04 m, sigma_v 0.2 m/s, 0 step latency), id SS4 (P7-D1 §4)",pid_feedforward,,results/e01/episodes.csv|aft|id|SS4,results/e07/noise/sigma4cm_lat0step/episodes.csv|aft|id|SS4,0.995,0.985,1.0,True,1.0,0.005,nan,nan,200,200,1,0,,,,,,10000,20260926,0.95,"shared_episodes: seeds per method, shared by its two cells; one set of episode indices shared by both cells and both methods (P7-D1 §2)",results/e01/episodes.csv;results/e07/noise/sigma4cm_lat0step/episodes.csv,success = IQM over seeds of per-seed success rate; drop = cell 1 - cell 2
noise/sigma4cm_lat0step.pid_feedforward.id.SS5,descriptive (not scored),,drop,"pid_feedforward: success clean - sigma4cm_lat0step (sigma_p 0.04 m, sigma_v 0.2 m/s, 0 step latency), id SS5 (P7-D1 §4)",pid_feedforward,,results/e01/episodes.csv|aft|id|SS5,results/e07/noise/sigma4cm_lat0step/episodes.csv|aft|id|SS5,0.99,0.975,1.0,True,0.99,0.0,nan,nan,200,200,1,0,,,,,,10000,20260926,0.95,"shared_episodes: seeds per method, shared by its two cells; one set of episode indices shared by both cells and both methods (P7-D1 §2)",results/e01/episodes.csv;results/e07/noise/sigma4cm_lat0step/episodes.csv,success = IQM over seeds of per-seed success rate; drop = cell 1 - cell 2
noise/sigma4cm_lat0step.pid_feedforward.id.SS6,descriptive (not scored),,drop,"pid_feedforward: success clean - sigma4cm_lat0step (sigma_p 0.04 m, sigma_v 0.2 m/s, 0 step latency), id SS6 (P7-D1 §4)",pid_feedforward,,results/e01/episodes.csv|aft|id|SS6,results/e07/noise/sigma4cm_lat0step/episodes.csv|aft|id|SS6,0.905,0.865,0.945,True,0.905,0.0,nan,nan,200,200,1,0,,,,,,10000,20260926,0.95,"shared_episodes: seeds per method, shared by its two cells; one set of episode indices shared by both cells and both methods (P7-D1 §2)",results/e01/episodes.csv;results/e07/noise/sigma4cm_lat0step/episodes.csv,success = IQM over seeds of per-seed success rate; drop = cell 1 - cell 2
noise/sigma4cm_lat0step.pid_feedforward_lowvz.id.SS3,descriptive (not scored),,drop,"pid_feedforward_lowvz: success clean - sigma4cm_lat0step (sigma_p 0.04 m, sigma_v 0.2 m/s, 0 step latency), id SS3 (P7-D1 §4)",pid_feedforward_lowvz,,results/e01/episodes.csv|aft|id|SS3,results/e07/noise/sigma4cm_lat0step/episodes.csv|aft|id|SS3,0.955,0.925,0.98,True,1.0,0.045,nan,nan,200,200,1,0,,,,,,10000,20260926,0.95,"shared_episodes: seeds per method, shared by its two cells; one set of episode indices shared by both cells and both methods (P7-D1 §2)",results/e01/episodes.csv;results/e07/noise/sigma4cm_lat0step/episodes.csv,success = IQM over seeds of per-seed success rate; drop = cell 1 - cell 2
noise/sigma4cm_lat0step.pid_feedforward_lowvz.id.SS4,descriptive (not scored),,drop,"pid_feedforward_lowvz: success clean - sigma4cm_lat0step (sigma_p 0.04 m, sigma_v 0.2 m/s, 0 step latency), id SS4 (P7-D1 §4)",pid_feedforward_lowvz,,results/e01/episodes.csv|aft|id|SS4,results/e07/noise/sigma4cm_lat0step/episodes.csv|aft|id|SS4,0.9099999999999999,0.87,0.95,True,0.98,0.07,nan,nan,200,200,1,0,,,,,,10000,20260926,0.95,"shared_episodes: seeds per method, shared by its two cells; one set of episode indices shared by both cells and both methods (P7-D1 §2)",results/e01/episodes.csv;results/e07/noise/sigma4cm_lat0step/episodes.csv,success = IQM over seeds of per-seed success rate; drop = cell 1 - cell 2
noise/sigma4cm_lat0step.pid_feedforward_lowvz.id.SS5,descriptive (not scored),,drop,"pid_feedforward_lowvz: success clean - sigma4cm_lat0step (sigma_p 0.04 m, sigma_v 0.2 m/s, 0 step latency), id SS5 (P7-D1 §4)",pid_feedforward_lowvz,,results/e01/episodes.csv|aft|id|SS5,results/e07/noise/sigma4cm_lat0step/episodes.csv|aft|id|SS5,0.88,0.8300000000000001,0.9249999999999999,True,0.955,0.075,nan,nan,200,200,1,0,,,,,,10000,20260926,0.95,"shared_episodes: seeds per method, shared by its two cells; one set of episode indices shared by both cells and both methods (P7-D1 §2)",results/e01/episodes.csv;results/e07/noise/sigma4cm_lat0step/episodes.csv,success = IQM over seeds of per-seed success rate; drop = cell 1 - cell 2
noise/sigma4cm_lat0step.pid_feedforward_lowvz.id.SS6,descriptive (not scored),,drop,"pid_feedforward_lowvz: success clean - sigma4cm_lat0step (sigma_p 0.04 m, sigma_v 0.2 m/s, 0 step latency), id SS6 (P7-D1 §4)",pid_feedforward_lowvz,,results/e01/episodes.csv|aft|id|SS6,results/e07/noise/sigma4cm_lat0step/episodes.csv|aft|id|SS6,0.78,0.72,0.84,True,0.85,0.07,nan,nan,200,200,1,0,,,,,,10000,20260926,0.95,"shared_episodes: seeds per method, shared by its two cells; one set of episode indices shared by both cells and both methods (P7-D1 §2)",results/e01/episodes.csv;results/e07/noise/sigma4cm_lat0step/episodes.csv,success = IQM over seeds of per-seed success rate; drop = cell 1 - cell 2
noise/sigma4cm_lat0step.pid_feedforward_lowvz_cut.id.SS3,descriptive (not scored),,drop,"pid_feedforward_lowvz_cut: success clean - sigma4cm_lat0step (sigma_p 0.04 m, sigma_v 0.2 m/s, 0 step latency), id SS3 (P7-D1 §4)",pid_feedforward_lowvz_cut,,results/e01_lowvz_cut/episodes.csv|aft|id|SS3,results/e07/noise/sigma4cm_lat0step/episodes.csv|aft|id|SS3,0.63,0.565,0.6950000000000001,True,1.0,0.37,nan,nan,200,200,1,0,,,,,,10000,20260926,0.95,"shared_episodes: seeds per method, shared by its two cells; one set of episode indices shared by both cells and both methods (P7-D1 §2)",results/e01_lowvz_cut/episodes.csv;results/e07/noise/sigma4cm_lat0step/episodes.csv,success = IQM over seeds of per-seed success rate; drop = cell 1 - cell 2
noise/sigma4cm_lat0step.pid_feedforward_lowvz_cut.id.SS4,descriptive (not scored),,drop,"pid_feedforward_lowvz_cut: success clean - sigma4cm_lat0step (sigma_p 0.04 m, sigma_v 0.2 m/s, 0 step latency), id SS4 (P7-D1 §4)",pid_feedforward_lowvz_cut,,results/e01_lowvz_cut/episodes.csv|aft|id|SS4,results/e07/noise/sigma4cm_lat0step/episodes.csv|aft|id|SS4,0.56,0.49,0.63,True,0.985,0.425,nan,nan,200,200,1,0,,,,,,10000,20260926,0.95,"shared_episodes: seeds per method, shared by its two cells; one set of episode indices shared by both cells and both methods (P7-D1 §2)",results/e01_lowvz_cut/episodes.csv;results/e07/noise/sigma4cm_lat0step/episodes.csv,success = IQM over seeds of per-seed success rate; drop = cell 1 - cell 2
noise/sigma4cm_lat0step.pid_feedforward_lowvz_cut.id.SS5,descriptive (not scored),,drop,"pid_feedforward_lowvz_cut: success clean - sigma4cm_lat0step (sigma_p 0.04 m, sigma_v 0.2 m/s, 0 step latency), id SS5 (P7-D1 §4)",pid_feedforward_lowvz_cut,,results/e01_lowvz_cut/episodes.csv|aft|id|SS5,results/e07/noise/sigma4cm_lat0step/episodes.csv|aft|id|SS5,0.5449999999999999,0.475,0.615,True,0.98,0.435,nan,nan,200,200,1,0,,,,,,10000,20260926,0.95,"shared_episodes: seeds per method, shared by its two cells; one set of episode indices shared by both cells and both methods (P7-D1 §2)",results/e01_lowvz_cut/episodes.csv;results/e07/noise/sigma4cm_lat0step/episodes.csv,success = IQM over seeds of per-seed success rate; drop = cell 1 - cell 2
noise/sigma4cm_lat0step.pid_feedforward_lowvz_cut.id.SS6,descriptive (not scored),,drop,"pid_feedforward_lowvz_cut: success clean - sigma4cm_lat0step (sigma_p 0.04 m, sigma_v 0.2 m/s, 0 step latency), id SS6 (P7-D1 §4)",pid_feedforward_lowvz_cut,,results/e01_lowvz_cut/episodes.csv|aft|id|SS6,results/e07/noise/sigma4cm_lat0step/episodes.csv|aft|id|SS6,0.525,0.45,0.595,True,0.88,0.355,nan,nan,200,200,1,0,,,,,,10000,20260926,0.95,"shared_episodes: seeds per method, shared by its two cells; one set of episode indices shared by both cells and both methods (P7-D1 §2)",results/e01_lowvz_cut/episodes.csv;results/e07/noise/sigma4cm_lat0step/episodes.csv,success = IQM over seeds of per-seed success rate; drop = cell 1 - cell 2
noise/sigma4cm_lat0step.gated.id.SS3,descriptive (not scored),,drop,"gated: success clean - sigma4cm_lat0step (sigma_p 0.04 m, sigma_v 0.2 m/s, 0 step latency), id SS3 (P7-D1 §4)",gated,,results/e01/episodes.csv|aft|id|SS3,results/e07/noise/sigma4cm_lat0step/episodes.csv|aft|id|SS3,1.0,1.0,1.0,True,1.0,0.0,nan,nan,200,200,1,0,,,,,,10000,20260926,0.95,"shared_episodes: seeds per method, shared by its two cells; one set of episode indices shared by both cells and both methods (P7-D1 §2)",results/e01/episodes.csv;results/e07/noise/sigma4cm_lat0step/episodes.csv,success = IQM over seeds of per-seed success rate; drop = cell 1 - cell 2
noise/sigma4cm_lat0step.gated.id.SS4,descriptive (not scored),,drop,"gated: success clean - sigma4cm_lat0step (sigma_p 0.04 m, sigma_v 0.2 m/s, 0 step latency), id SS4 (P7-D1 §4)",gated,,results/e01/episodes.csv|aft|id|SS4,results/e07/noise/sigma4cm_lat0step/episodes.csv|aft|id|SS4,0.985,0.965,1.0,True,0.985,0.0,nan,nan,200,200,1,0,,,,,,10000,20260926,0.95,"shared_episodes: seeds per method, shared by its two cells; one set of episode indices shared by both cells and both methods (P7-D1 §2)",results/e01/episodes.csv;results/e07/noise/sigma4cm_lat0step/episodes.csv,success = IQM over seeds of per-seed success rate; drop = cell 1 - cell 2
noise/sigma4cm_lat0step.gated.id.SS5,descriptive (not scored),,drop,"gated: success clean - sigma4cm_lat0step (sigma_p 0.04 m, sigma_v 0.2 m/s, 0 step latency), id SS5 (P7-D1 §4)",gated,,results/e01/episodes.csv|aft|id|SS5,results/e07/noise/sigma4cm_lat0step/episodes.csv|aft|id|SS5,0.895,0.854875000000001,0.935,True,0.895,0.0,nan,nan,200,200,1,0,,,,,,10000,20260926,0.95,"shared_episodes: seeds per method, shared by its two cells; one set of episode indices shared by both cells and both methods (P7-D1 §2)",results/e01/episodes.csv;results/e07/noise/sigma4cm_lat0step/episodes.csv,success = IQM over seeds of per-seed success rate; drop = cell 1 - cell 2
noise/sigma4cm_lat0step.gated.id.SS6,descriptive (not scored),,drop,"gated: success clean - sigma4cm_lat0step (sigma_p 0.04 m, sigma_v 0.2 m/s, 0 step latency), id SS6 (P7-D1 §4)",gated,,results/e01/episodes.csv|aft|id|SS6,results/e07/noise/sigma4cm_lat0step/episodes.csv|aft|id|SS6,0.63,0.565,0.695,True,0.63,0.0,nan,nan,200,200,1,0,,,,,,10000,20260926,0.95,"shared_episodes: seeds per method, shared by its two cells; one set of episode indices shared by both cells and both methods (P7-D1 §2)",results/e01/episodes.csv;results/e07/noise/sigma4cm_lat0step/episodes.csv,success = IQM over seeds of per-seed success rate; drop = cell 1 - cell 2
noise/sigma4cm_lat0step.oracle_gated.id.SS3,descriptive (not scored),,drop,"oracle_gated: success clean - sigma4cm_lat0step (sigma_p 0.04 m, sigma_v 0.2 m/s, 0 step latency), id SS3 (P7-D1 §4)",oracle_gated,,results/e01/episodes.csv|aft|id|SS3,results/e07/noise/sigma4cm_lat0step/episodes.csv|aft|id|SS3,1.0,1.0,1.0,True,1.0,0.0,nan,nan,200,200,1,0,,,,,,10000,20260926,0.95,"shared_episodes: seeds per method, shared by its two cells; one set of episode indices shared by both cells and both methods (P7-D1 §2)",results/e01/episodes.csv;results/e07/noise/sigma4cm_lat0step/episodes.csv,success = IQM over seeds of per-seed success rate; drop = cell 1 - cell 2
noise/sigma4cm_lat0step.oracle_gated.id.SS4,descriptive (not scored),,drop,"oracle_gated: success clean - sigma4cm_lat0step (sigma_p 0.04 m, sigma_v 0.2 m/s, 0 step latency), id SS4 (P7-D1 §4)",oracle_gated,,results/e01/episodes.csv|aft|id|SS4,results/e07/noise/sigma4cm_lat0step/episodes.csv|aft|id|SS4,0.985,0.965,1.0,True,0.985,0.0,nan,nan,200,200,1,0,,,,,,10000,20260926,0.95,"shared_episodes: seeds per method, shared by its two cells; one set of episode indices shared by both cells and both methods (P7-D1 §2)",results/e01/episodes.csv;results/e07/noise/sigma4cm_lat0step/episodes.csv,success = IQM over seeds of per-seed success rate; drop = cell 1 - cell 2
noise/sigma4cm_lat0step.oracle_gated.id.SS5,descriptive (not scored),,drop,"oracle_gated: success clean - sigma4cm_lat0step (sigma_p 0.04 m, sigma_v 0.2 m/s, 0 step latency), id SS5 (P7-D1 §4)",oracle_gated,,results/e01/episodes.csv|aft|id|SS5,results/e07/noise/sigma4cm_lat0step/episodes.csv|aft|id|SS5,0.89,0.845,0.93,True,0.89,0.0,nan,nan,200,200,1,0,,,,,,10000,20260926,0.95,"shared_episodes: seeds per method, shared by its two cells; one set of episode indices shared by both cells and both methods (P7-D1 §2)",results/e01/episodes.csv;results/e07/noise/sigma4cm_lat0step/episodes.csv,success = IQM over seeds of per-seed success rate; drop = cell 1 - cell 2
noise/sigma4cm_lat0step.oracle_gated.id.SS6,descriptive (not scored),,drop,"oracle_gated: success clean - sigma4cm_lat0step (sigma_p 0.04 m, sigma_v 0.2 m/s, 0 step latency), id SS6 (P7-D1 §4)",oracle_gated,,results/e01/episodes.csv|aft|id|SS6,results/e07/noise/sigma4cm_lat0step/episodes.csv|aft|id|SS6,0.645,0.58,0.71,True,0.645,0.0,nan,nan,200,200,1,0,,,,,,10000,20260926,0.95,"shared_episodes: seeds per method, shared by its two cells; one set of episode indices shared by both cells and both methods (P7-D1 §2)",results/e01/episodes.csv;results/e07/noise/sigma4cm_lat0step/episodes.csv,success = IQM over seeds of per-seed success rate; drop = cell 1 - cell 2
noise/sigma0cm_lat1step.ppo.id.SS3,descriptive (not scored),,drop,"ppo: success clean - sigma0cm_lat1step (sigma_p 0.0 m, sigma_v 0.0 m/s, 1 step latency), id SS3 (P7-D1 §4)",ppo,,results/e07/matrix/episodes.csv|aft|id|SS3,results/e07/noise/sigma0cm_lat1step/episodes.csv|aft|id|SS3,0.19000000000000006,0.1383333333333333,0.2900416666666661,True,1.0,0.8099999999999999,nan,nan,200,200,5,0,,,,,,10000,20260926,0.95,"shared_episodes: seeds per method, shared by its two cells; one set of episode indices shared by both cells and both methods (P7-D1 §2)",results/e07/matrix/episodes.csv;results/e07/noise/sigma0cm_lat1step/episodes.csv,success = IQM over seeds of per-seed success rate; drop = cell 1 - cell 2
noise/sigma0cm_lat1step.ppo.id.SS4,descriptive (not scored),,drop,"ppo: success clean - sigma0cm_lat1step (sigma_p 0.0 m, sigma_v 0.0 m/s, 1 step latency), id SS4 (P7-D1 §4)",ppo,,results/e07/matrix/episodes.csv|aft|id|SS4,results/e07/noise/sigma0cm_lat1step/episodes.csv|aft|id|SS4,0.18666666666666665,0.125,0.2416666666666667,True,1.0,0.8133333333333334,nan,nan,200,200,5,0,,,,,,10000,20260926,0.95,"shared_episodes: seeds per method, shared by its two cells; one set of episode indices shared by both cells and both methods (P7-D1 §2)",results/e07/matrix/episodes.csv;results/e07/noise/sigma0cm_lat1step/episodes.csv,success = IQM over seeds of per-seed success rate; drop = cell 1 - cell 2
noise/sigma0cm_lat1step.ppo.id.SS5,descriptive (not scored),,drop,"ppo: success clean - sigma0cm_lat1step (sigma_p 0.0 m, sigma_v 0.0 m/s, 1 step latency), id SS5 (P7-D1 §4)",ppo,,results/e07/matrix/episodes.csv|aft|id|SS5,results/e07/noise/sigma0cm_lat1step/episodes.csv|aft|id|SS5,0.14500000000000002,0.07833333333333325,0.22333333333333327,True,1.0,0.855,nan,nan,200,200,5,0,,,,,,10000,20260926,0.95,"shared_episodes: seeds per method, shared by its two cells; one set of episode indices shared by both cells and both methods (P7-D1 §2)",results/e07/matrix/episodes.csv;results/e07/noise/sigma0cm_lat1step/episodes.csv,success = IQM over seeds of per-seed success rate; drop = cell 1 - cell 2
noise/sigma0cm_lat1step.ppo.id.SS6,descriptive (not scored),,drop,"ppo: success clean - sigma0cm_lat1step (sigma_p 0.0 m, sigma_v 0.0 m/s, 1 step latency), id SS6 (P7-D1 §4)",ppo,,results/e07/matrix/episodes.csv|aft|id|SS6,results/e07/noise/sigma0cm_lat1step/episodes.csv|aft|id|SS6,0.08166666666666655,0.04999999999999993,0.1283333333333334,True,0.9816666666666666,0.9,nan,nan,200,200,5,0,,,,,,10000,20260926,0.95,"shared_episodes: seeds per method, shared by its two cells; one set of episode indices shared by both cells and both methods (P7-D1 §2)",results/e07/matrix/episodes.csv;results/e07/noise/sigma0cm_lat1step/episodes.csv,success = IQM over seeds of per-seed success rate; drop = cell 1 - cell 2
noise/sigma0cm_lat1step.sac.id.SS3,descriptive (not scored),,drop,"sac: success clean - sigma0cm_lat1step (sigma_p 0.0 m, sigma_v 0.0 m/s, 1 step latency), id SS3 (P7-D1 §4)",sac,,results/e07/matrix/episodes.csv|aft|id|SS3,results/e07/noise/sigma0cm_lat1step/episodes.csv|aft|id|SS3,0.5966666666666667,0.3816666666666668,0.7016666666666667,True,0.9983333333333334,0.40166666666666667,nan,nan,200,200,5,0,,,,,,10000,20260926,0.95,"shared_episodes: seeds per method, shared by its two cells; one set of episode indices shared by both cells and both methods (P7-D1 §2)",results/e07/matrix/episodes.csv;results/e07/noise/sigma0cm_lat1step/episodes.csv,success = IQM over seeds of per-seed success rate; drop = cell 1 - cell 2
noise/sigma0cm_lat1step.sac.id.SS4,descriptive (not scored),,drop,"sac: success clean - sigma0cm_lat1step (sigma_p 0.0 m, sigma_v 0.0 m/s, 1 step latency), id SS4 (P7-D1 §4)",sac,,results/e07/matrix/episodes.csv|aft|id|SS4,results/e07/noise/sigma0cm_lat1step/episodes.csv|aft|id|SS4,0.5683333333333336,0.3833333333333333,0.6699999999999999,True,0.9816666666666668,0.4133333333333333,nan,nan,200,200,5,0,,,,,,10000,20260926,0.95,"shared_episodes: seeds per method, shared by its two cells; one set of episode indices shared by both cells and both methods (P7-D1 §2)",results/e07/matrix/episodes.csv;results/e07/noise/sigma0cm_lat1step/episodes.csv,success = IQM over seeds of per-seed success rate; drop = cell 1 - cell 2
noise/sigma0cm_lat1step.sac.id.SS5,descriptive (not scored),,drop,"sac: success clean - sigma0cm_lat1step (sigma_p 0.0 m, sigma_v 0.0 m/s, 1 step latency), id SS5 (P7-D1 §4)",sac,,results/e07/matrix/episodes.csv|aft|id|SS5,results/e07/noise/sigma0cm_lat1step/episodes.csv|aft|id|SS5,0.5233333333333333,0.375,0.5916666666666667,True,0.87,0.3466666666666667,nan,nan,200,200,5,0,,,,,,10000,20260926,0.95,"shared_episodes: seeds per method, shared by its two cells; one set of episode indices shared by both cells and both methods (P7-D1 §2)",results/e07/matrix/episodes.csv;results/e07/noise/sigma0cm_lat1step/episodes.csv,success = IQM over seeds of per-seed success rate; drop = cell 1 - cell 2
noise/sigma0cm_lat1step.sac.id.SS6,descriptive (not scored),,drop,"sac: success clean - sigma0cm_lat1step (sigma_p 0.0 m, sigma_v 0.0 m/s, 1 step latency), id SS6 (P7-D1 §4)",sac,,results/e07/matrix/episodes.csv|aft|id|SS6,results/e07/noise/sigma0cm_lat1step/episodes.csv|aft|id|SS6,0.4516666666666666,0.36,0.5166666666666667,True,0.725,0.2733333333333334,nan,nan,200,200,5,0,,,,,,10000,20260926,0.95,"shared_episodes: seeds per method, shared by its two cells; one set of episode indices shared by both cells and both methods (P7-D1 §2)",results/e07/matrix/episodes.csv;results/e07/noise/sigma0cm_lat1step/episodes.csv,success = IQM over seeds of per-seed success rate; drop = cell 1 - cell 2
noise/sigma0cm_lat1step.residual_ppo.id.SS3,descriptive (not scored),,drop,"residual_ppo: success clean - sigma0cm_lat1step (sigma_p 0.0 m, sigma_v 0.0 m/s, 1 step latency), id SS3 (P7-D1 §4)",residual_ppo,,results/e07/matrix/episodes.csv|aft|id|SS3,results/e07/noise/sigma0cm_lat1step/episodes.csv|aft|id|SS3,0.19833333333333325,0.06499999999999995,0.43500000000000005,True,1.0,0.8016666666666667,nan,nan,200,200,5,0,,,,,,10000,20260926,0.95,"shared_episodes: seeds per method, shared by its two cells; one set of episode indices shared by both cells and both methods (P7-D1 §2)",results/e07/matrix/episodes.csv;results/e07/noise/sigma0cm_lat1step/episodes.csv,success = IQM over seeds of per-seed success rate; drop = cell 1 - cell 2
noise/sigma0cm_lat1step.residual_ppo.id.SS4,descriptive (not scored),,drop,"residual_ppo: success clean - sigma0cm_lat1step (sigma_p 0.0 m, sigma_v 0.0 m/s, 1 step latency), id SS4 (P7-D1 §4)",residual_ppo,,results/e07/matrix/episodes.csv|aft|id|SS4,results/e07/noise/sigma0cm_lat1step/episodes.csv|aft|id|SS4,0.20333333333333348,0.07500000000000007,0.44666666666666666,True,1.0,0.7966666666666665,nan,nan,200,200,5,0,,,,,,10000,20260926,0.95,"shared_episodes: seeds per method, shared by its two cells; one set of episode indices shared by both cells and both methods (P7-D1 §2)",results/e07/matrix/episodes.csv;results/e07/noise/sigma0cm_lat1step/episodes.csv,success = IQM over seeds of per-seed success rate; drop = cell 1 - cell 2
noise/sigma0cm_lat1step.residual_ppo.id.SS5,descriptive (not scored),,drop,"residual_ppo: success clean - sigma0cm_lat1step (sigma_p 0.0 m, sigma_v 0.0 m/s, 1 step latency), id SS5 (P7-D1 §4)",residual_ppo,,results/e07/matrix/episodes.csv|aft|id|SS5,results/e07/noise/sigma0cm_lat1step/episodes.csv|aft|id|SS5,0.20000000000000007,0.11833333333333329,0.3666666666666666,True,0.995,0.7949999999999999,nan,nan,200,200,5,0,,,,,,10000,20260926,0.95,"shared_episodes: seeds per method, shared by its two cells; one set of episode indices shared by both cells and both methods (P7-D1 §2)",results/e07/matrix/episodes.csv;results/e07/noise/sigma0cm_lat1step/episodes.csv,success = IQM over seeds of per-seed success rate; drop = cell 1 - cell 2
noise/sigma0cm_lat1step.residual_ppo.id.SS6,descriptive (not scored),,drop,"residual_ppo: success clean - sigma0cm_lat1step (sigma_p 0.0 m, sigma_v 0.0 m/s, 1 step latency), id SS6 (P7-D1 §4)",residual_ppo,,results/e07/matrix/episodes.csv|aft|id|SS6,results/e07/noise/sigma0cm_lat1step/episodes.csv|aft|id|SS6,0.1266666666666666,0.07166666666666666,0.2733333333333332,True,0.9616666666666666,0.835,nan,nan,200,200,5,0,,,,,,10000,20260926,0.95,"shared_episodes: seeds per method, shared by its two cells; one set of episode indices shared by both cells and both methods (P7-D1 §2)",results/e07/matrix/episodes.csv;results/e07/noise/sigma0cm_lat1step/episodes.csv,success = IQM over seeds of per-seed success rate; drop = cell 1 - cell 2
noise/sigma0cm_lat1step.ppo_forecast.id.SS3,descriptive (not scored),,drop,"ppo_forecast: success clean - sigma0cm_lat1step (sigma_p 0.0 m, sigma_v 0.0 m/s, 1 step latency), id SS3 (P7-D1 §4)",ppo_forecast,,results/e07/matrix/episodes.csv|aft|id|SS3,results/e07/noise/sigma0cm_lat1step/episodes.csv|aft|id|SS3,0.0,0.0,0.0,False,1.0,1.0,nan,nan,200,200,5,0,,,,,,10000,20260926,0.95,"shared_episodes: seeds per method, shared by its two cells; one set of episode indices shared by both cells and both methods (P7-D1 §2)",results/e07/matrix/episodes.csv;results/e07/noise/sigma0cm_lat1step/episodes.csv,success = IQM over seeds of per-seed success rate; drop = cell 1 - cell 2
noise/sigma0cm_lat1step.ppo_forecast.id.SS4,descriptive (not scored),,drop,"ppo_forecast: success clean - sigma0cm_lat1step (sigma_p 0.0 m, sigma_v 0.0 m/s, 1 step latency), id SS4 (P7-D1 §4)",ppo_forecast,,results/e07/matrix/episodes.csv|aft|id|SS4,results/e07/noise/sigma0cm_lat1step/episodes.csv|aft|id|SS4,0.0,0.0,0.0,False,1.0,1.0,nan,nan,200,200,5,0,,,,,,10000,20260926,0.95,"shared_episodes: seeds per method, shared by its two cells; one set of episode indices shared by both cells and both methods (P7-D1 §2)",results/e07/matrix/episodes.csv;results/e07/noise/sigma0cm_lat1step/episodes.csv,success = IQM over seeds of per-seed success rate; drop = cell 1 - cell 2
noise/sigma0cm_lat1step.ppo_forecast.id.SS5,descriptive (not scored),,drop,"ppo_forecast: success clean - sigma0cm_lat1step (sigma_p 0.0 m, sigma_v 0.0 m/s, 1 step latency), id SS5 (P7-D1 §4)",ppo_forecast,,results/e07/matrix/episodes.csv|aft|id|SS5,results/e07/noise/sigma0cm_lat1step/episodes.csv|aft|id|SS5,0.0016666666666665941,0.0,0.008333333333333304,False,1.0,0.9983333333333334,nan,nan,200,200,5,0,,,,,,10000,20260926,0.95,"shared_episodes: seeds per method, shared by its two cells; one set of episode indices shared by both cells and both methods (P7-D1 §2)",results/e07/matrix/episodes.csv;results/e07/noise/sigma0cm_lat1step/episodes.csv,success = IQM over seeds of per-seed success rate; drop = cell 1 - cell 2
noise/sigma0cm_lat1step.ppo_forecast.id.SS6,descriptive (not scored),,drop,"ppo_forecast: success clean - sigma0cm_lat1step (sigma_p 0.0 m, sigma_v 0.0 m/s, 1 step latency), id SS6 (P7-D1 §4)",ppo_forecast,,results/e07/matrix/episodes.csv|aft|id|SS6,results/e07/noise/sigma0cm_lat1step/episodes.csv|aft|id|SS6,0.0,-0.011666666666666714,0.021666666666666723,False,0.98,0.98,nan,nan,200,200,5,0,,,,,,10000,20260926,0.95,"shared_episodes: seeds per method, shared by its two cells; one set of episode indices shared by both cells and both methods (P7-D1 §2)",results/e07/matrix/episodes.csv;results/e07/noise/sigma0cm_lat1step/episodes.csv,success = IQM over seeds of per-seed success rate; drop = cell 1 - cell 2
noise/sigma0cm_lat1step.residual_ppo_forecast.id.SS3,descriptive (not scored),,drop,"residual_ppo_forecast: success clean - sigma0cm_lat1step (sigma_p 0.0 m, sigma_v 0.0 m/s, 1 step latency), id SS3 (P7-D1 §4)",residual_ppo_forecast,,results/e07/matrix/episodes.csv|aft|id|SS3,results/e07/noise/sigma0cm_lat1step/episodes.csv|aft|id|SS3,0.029999999999999916,0.0033333333333332993,0.07837499999999953,True,1.0,0.9700000000000001,nan,nan,200,200,5,0,,,,,,10000,20260926,0.95,"shared_episodes: seeds per method, shared by its two cells; one set of episode indices shared by both cells and both methods (P7-D1 §2)",results/e07/matrix/episodes.csv;results/e07/noise/sigma0cm_lat1step/episodes.csv,success = IQM over seeds of per-seed success rate; drop = cell 1 - cell 2
noise/sigma0cm_lat1step.residual_ppo_forecast.id.SS4,descriptive (not scored),,drop,"residual_ppo_forecast: success clean - sigma0cm_lat1step (sigma_p 0.0 m, sigma_v 0.0 m/s, 1 step latency), id SS4 (P7-D1 §4)",residual_ppo_forecast,,results/e07/matrix/episodes.csv|aft|id|SS4,results/e07/noise/sigma0cm_lat1step/episodes.csv|aft|id|SS4,0.013333333333333308,0.0,0.06166666666666665,False,1.0,0.9866666666666667,nan,nan,200,200,5,0,,,,,,10000,20260926,0.95,"shared_episodes: seeds per method, shared by its two cells; one set of episode indices shared by both cells and both methods (P7-D1 §2)",results/e07/matrix/episodes.csv;results/e07/noise/sigma0cm_lat1step/episodes.csv,success = IQM over seeds of per-seed success rate; drop = cell 1 - cell 2
noise/sigma0cm_lat1step.residual_ppo_forecast.id.SS5,descriptive (not scored),,drop,"residual_ppo_forecast: success clean - sigma0cm_lat1step (sigma_p 0.0 m, sigma_v 0.0 m/s, 1 step latency), id SS5 (P7-D1 §4)",residual_ppo_forecast,,results/e07/matrix/episodes.csv|aft|id|SS5,results/e07/noise/sigma0cm_lat1step/episodes.csv|aft|id|SS5,0.02833333333333332,0.0,0.05500000000000005,False,0.995,0.9666666666666667,nan,nan,200,200,5,0,,,,,,10000,20260926,0.95,"shared_episodes: seeds per method, shared by its two cells; one set of episode indices shared by both cells and both methods (P7-D1 §2)",results/e07/matrix/episodes.csv;results/e07/noise/sigma0cm_lat1step/episodes.csv,success = IQM over seeds of per-seed success rate; drop = cell 1 - cell 2
noise/sigma0cm_lat1step.residual_ppo_forecast.id.SS6,descriptive (not scored),,drop,"residual_ppo_forecast: success clean - sigma0cm_lat1step (sigma_p 0.0 m, sigma_v 0.0 m/s, 1 step latency), id SS6 (P7-D1 §4)",residual_ppo_forecast,,results/e07/matrix/episodes.csv|aft|id|SS6,results/e07/noise/sigma0cm_lat1step/episodes.csv|aft|id|SS6,0.03166666666666673,0.004999999999999893,0.05666666666666664,True,0.9683333333333334,0.9366666666666666,nan,nan,200,200,5,0,,,,,,10000,20260926,0.95,"shared_episodes: seeds per method, shared by its two cells; one set of episode indices shared by both cells and both methods (P7-D1 §2)",results/e07/matrix/episodes.csv;results/e07/noise/sigma0cm_lat1step/episodes.csv,success = IQM over seeds of per-seed success rate; drop = cell 1 - cell 2
noise/sigma0cm_lat1step.ppo_sinusoid.id.SS3,descriptive (not scored),,drop,"ppo_sinusoid: success clean - sigma0cm_lat1step (sigma_p 0.0 m, sigma_v 0.0 m/s, 1 step latency), id SS3 (P7-D1 §4)",ppo_sinusoid,,results/e07/matrix/episodes.csv|aft|id|SS3,results/e07/noise/sigma0cm_lat1step/episodes.csv|aft|id|SS3,0.17833333333333334,0.09666666666666668,0.28833333333333344,True,1.0,0.8216666666666667,nan,nan,200,200,5,0,,,,,,10000,20260926,0.95,"shared_episodes: seeds per method, shared by its two cells; one set of episode indices shared by both cells and both methods (P7-D1 §2)",results/e07/matrix/episodes.csv;results/e07/noise/sigma0cm_lat1step/episodes.csv,success = IQM over seeds of per-seed success rate; drop = cell 1 - cell 2
noise/sigma0cm_lat1step.ppo_sinusoid.id.SS4,descriptive (not scored),,drop,"ppo_sinusoid: success clean - sigma0cm_lat1step (sigma_p 0.0 m, sigma_v 0.0 m/s, 1 step latency), id SS4 (P7-D1 §4)",ppo_sinusoid,,results/e07/matrix/episodes.csv|aft|id|SS4,results/e07/noise/sigma0cm_lat1step/episodes.csv|aft|id|SS4,0.17166666666666652,0.08499999999999996,0.31999999999999995,True,1.0,0.8283333333333335,nan,nan,200,200,5,0,,,,,,10000,20260926,0.95,"shared_episodes: seeds per method, shared by its two cells; one set of episode indices shared by both cells and both methods (P7-D1 §2)",results/e07/matrix/episodes.csv;results/e07/noise/sigma0cm_lat1step/episodes.csv,success = IQM over seeds of per-seed success rate; drop = cell 1 - cell 2
noise/sigma0cm_lat1step.ppo_sinusoid.id.SS5,descriptive (not scored),,drop,"ppo_sinusoid: success clean - sigma0cm_lat1step (sigma_p 0.0 m, sigma_v 0.0 m/s, 1 step latency), id SS5 (P7-D1 §4)",ppo_sinusoid,,results/e07/matrix/episodes.csv|aft|id|SS5,results/e07/noise/sigma0cm_lat1step/episodes.csv|aft|id|SS5,0.15833333333333333,0.07166666666666677,0.2833333333333333,True,1.0,0.8416666666666667,nan,nan,200,200,5,0,,,,,,10000,20260926,0.95,"shared_episodes: seeds per method, shared by its two cells; one set of episode indices shared by both cells and both methods (P7-D1 §2)",results/e07/matrix/episodes.csv;results/e07/noise/sigma0cm_lat1step/episodes.csv,success = IQM over seeds of per-seed success rate; drop = cell 1 - cell 2
noise/sigma0cm_lat1step.ppo_sinusoid.id.SS6,descriptive (not scored),,drop,"ppo_sinusoid: success clean - sigma0cm_lat1step (sigma_p 0.0 m, sigma_v 0.0 m/s, 1 step latency), id SS6 (P7-D1 §4)",ppo_sinusoid,,results/e07/matrix/episodes.csv|aft|id|SS6,results/e07/noise/sigma0cm_lat1step/episodes.csv|aft|id|SS6,0.16333333333333322,0.10333333333333317,0.2666666666666666,True,0.9733333333333333,0.81,nan,nan,200,200,5,0,,,,,,10000,20260926,0.95,"shared_episodes: seeds per method, shared by its two cells; one set of episode indices shared by both cells and both methods (P7-D1 §2)",results/e07/matrix/episodes.csv;results/e07/noise/sigma0cm_lat1step/episodes.csv,success = IQM over seeds of per-seed success rate; drop = cell 1 - cell 2
noise/sigma0cm_lat1step.pid_track_descend.id.SS3,descriptive (not scored),,drop,"pid_track_descend: success clean - sigma0cm_lat1step (sigma_p 0.0 m, sigma_v 0.0 m/s, 1 step latency), id SS3 (P7-D1 §4)",pid_track_descend,,results/e01/episodes.csv|aft|id|SS3,results/e07/noise/sigma0cm_lat1step/episodes.csv|aft|id|SS3,0.0050000000000000044,0.0,0.015000000000000013,False,1.0,0.995,nan,nan,200,200,1,0,,,,,,10000,20260926,0.95,"shared_episodes: seeds per method, shared by its two cells; one set of episode indices shared by both cells and both methods (P7-D1 §2)",results/e01/episodes.csv;results/e07/noise/sigma0cm_lat1step/episodes.csv,success = IQM over seeds of per-seed success rate; drop = cell 1 - cell 2
noise/sigma0cm_lat1step.pid_track_descend.id.SS4,descriptive (not scored),,drop,"pid_track_descend: success clean - sigma0cm_lat1step (sigma_p 0.0 m, sigma_v 0.0 m/s, 1 step latency), id SS4 (P7-D1 §4)",pid_track_descend,,results/e01/episodes.csv|aft|id|SS4,results/e07/noise/sigma0cm_lat1step/episodes.csv|aft|id|SS4,0.0050000000000000044,-0.020000000000000018,0.030000000000000027,False,0.96,0.955,nan,nan,200,200,1,0,,,,,,10000,20260926,0.95,"shared_episodes: seeds per method, shared by its two cells; one set of episode indices shared by both cells and both methods (P7-D1 §2)",results/e01/episodes.csv;results/e07/noise/sigma0cm_lat1step/episodes.csv,success = IQM over seeds of per-seed success rate; drop = cell 1 - cell 2
noise/sigma0cm_lat1step.pid_track_descend.id.SS5,descriptive (not scored),,drop,"pid_track_descend: success clean - sigma0cm_lat1step (sigma_p 0.0 m, sigma_v 0.0 m/s, 1 step latency), id SS5 (P7-D1 §4)",pid_track_descend,,results/e01/episodes.csv|aft|id|SS5,results/e07/noise/sigma0cm_lat1step/episodes.csv|aft|id|SS5,0.010000000000000009,-0.030000000000000027,0.04999999999999993,False,0.85,0.84,nan,nan,200,200,1,0,,,,,,10000,20260926,0.95,"shared_episodes: seeds per method, shared by its two cells; one set of episode indices shared by both cells and both methods (P7-D1 §2)",results/e01/episodes.csv;results/e07/noise/sigma0cm_lat1step/episodes.csv,success = IQM over seeds of per-seed success rate; drop = cell 1 - cell 2
noise/sigma0cm_lat1step.pid_track_descend.id.SS6,descriptive (not scored),,drop,"pid_track_descend: success clean - sigma0cm_lat1step (sigma_p 0.0 m, sigma_v 0.0 m/s, 1 step latency), id SS6 (P7-D1 §4)",pid_track_descend,,results/e01/episodes.csv|aft|id|SS6,results/e07/noise/sigma0cm_lat1step/episodes.csv|aft|id|SS6,0.030000000000000027,-0.030000000000000027,0.09000000000000008,False,0.8,0.77,nan,nan,200,200,1,0,,,,,,10000,20260926,0.95,"shared_episodes: seeds per method, shared by its two cells; one set of episode indices shared by both cells and both methods (P7-D1 §2)",results/e01/episodes.csv;results/e07/noise/sigma0cm_lat1step/episodes.csv,success = IQM over seeds of per-seed success rate; drop = cell 1 - cell 2
noise/sigma0cm_lat1step.pid_feedforward.id.SS3,descriptive (not scored),,drop,"pid_feedforward: success clean - sigma0cm_lat1step (sigma_p 0.0 m, sigma_v 0.0 m/s, 1 step latency), id SS3 (P7-D1 §4)",pid_feedforward,,results/e01/episodes.csv|aft|id|SS3,results/e07/noise/sigma0cm_lat1step/episodes.csv|aft|id|SS3,0.0050000000000000044,0.0,0.015000000000000013,False,1.0,0.995,nan,nan,200,200,1,0,,,,,,10000,20260926,0.95,"shared_episodes: seeds per method, shared by its two cells; one set of episode indices shared by both cells and both methods (P7-D1 §2)",results/e01/episodes.csv;results/e07/noise/sigma0cm_lat1step/episodes.csv,success = IQM over seeds of per-seed success rate; drop = cell 1 - cell 2
noise/sigma0cm_lat1step.pid_feedforward.id.SS4,descriptive (not scored),,drop,"pid_feedforward: success clean - sigma0cm_lat1step (sigma_p 0.0 m, sigma_v 0.0 m/s, 1 step latency), id SS4 (P7-D1 §4)",pid_feedforward,,results/e01/episodes.csv|aft|id|SS4,results/e07/noise/sigma0cm_lat1step/episodes.csv|aft|id|SS4,0.0050000000000000044,0.0,0.015000000000000013,False,1.0,0.995,nan,nan,200,200,1,0,,,,,,10000,20260926,0.95,"shared_episodes: seeds per method, shared by its two cells; one set of episode indices shared by both cells and both methods (P7-D1 §2)",results/e01/episodes.csv;results/e07/noise/sigma0cm_lat1step/episodes.csv,success = IQM over seeds of per-seed success rate; drop = cell 1 - cell 2
noise/sigma0cm_lat1step.pid_feedforward.id.SS5,descriptive (not scored),,drop,"pid_feedforward: success clean - sigma0cm_lat1step (sigma_p 0.0 m, sigma_v 0.0 m/s, 1 step latency), id SS5 (P7-D1 §4)",pid_feedforward,,results/e01/episodes.csv|aft|id|SS5,results/e07/noise/sigma0cm_lat1step/episodes.csv|aft|id|SS5,0.025000000000000022,0.0050000000000000044,0.050000000000000044,True,0.99,0.965,nan,nan,200,200,1,0,,,,,,10000,20260926,0.95,"shared_episodes: seeds per method, shared by its two cells; one set of episode indices shared by both cells and both methods (P7-D1 §2)",results/e01/episodes.csv;results/e07/noise/sigma0cm_lat1step/episodes.csv,success = IQM over seeds of per-seed success rate; drop = cell 1 - cell 2
noise/sigma0cm_lat1step.pid_feedforward.id.SS6,descriptive (not scored),,drop,"pid_feedforward: success clean - sigma0cm_lat1step (sigma_p 0.0 m, sigma_v 0.0 m/s, 1 step latency), id SS6 (P7-D1 §4)",pid_feedforward,,results/e01/episodes.csv|aft|id|SS6,results/e07/noise/sigma0cm_lat1step/episodes.csv|aft|id|SS6,0.015000000000000013,-0.030000000000000027,0.06000000000000005,False,0.905,0.89,nan,nan,200,200,1,0,,,,,,10000,20260926,0.95,"shared_episodes: seeds per method, shared by its two cells; one set of episode indices shared by both cells and both methods (P7-D1 §2)",results/e01/episodes.csv;results/e07/noise/sigma0cm_lat1step/episodes.csv,success = IQM over seeds of per-seed success rate; drop = cell 1 - cell 2
noise/sigma0cm_lat1step.pid_feedforward_lowvz.id.SS3,descriptive (not scored),,drop,"pid_feedforward_lowvz: success clean - sigma0cm_lat1step (sigma_p 0.0 m, sigma_v 0.0 m/s, 1 step latency), id SS3 (P7-D1 §4)",pid_feedforward_lowvz,,results/e01/episodes.csv|aft|id|SS3,results/e07/noise/sigma0cm_lat1step/episodes.csv|aft|id|SS3,0.030000000000000027,0.010000000000000009,0.05500000000000005,True,1.0,0.97,nan,nan,200,200,1,0,,,,,,10000,20260926,0.95,"shared_episodes: seeds per method, shared by its two cells; one set of episode indices shared by both cells and both methods (P7-D1 §2)",results/e01/episodes.csv;results/e07/noise/sigma0cm_lat1step/episodes.csv,success = IQM over seeds of per-seed success rate; drop = cell 1 - cell 2
noise/sigma0cm_lat1step.pid_feedforward_lowvz.id.SS4,descriptive (not scored),,drop,"pid_feedforward_lowvz: success clean - sigma0cm_lat1step (sigma_p 0.0 m, sigma_v 0.0 m/s, 1 step latency), id SS4 (P7-D1 §4)",pid_feedforward_lowvz,,results/e01/episodes.csv|aft|id|SS4,results/e07/noise/sigma0cm_lat1step/episodes.csv|aft|id|SS4,0.025000000000000022,-0.010000000000000009,0.05999999999999994,False,0.98,0.955,nan,nan,200,200,1,0,,,,,,10000,20260926,0.95,"shared_episodes: seeds per method, shared by its two cells; one set of episode indices shared by both cells and both methods (P7-D1 §2)",results/e01/episodes.csv;results/e07/noise/sigma0cm_lat1step/episodes.csv,success = IQM over seeds of per-seed success rate; drop = cell 1 - cell 2
noise/sigma0cm_lat1step.pid_feedforward_lowvz.id.SS5,descriptive (not scored),,drop,"pid_feedforward_lowvz: success clean - sigma0cm_lat1step (sigma_p 0.0 m, sigma_v 0.0 m/s, 1 step latency), id SS5 (P7-D1 §4)",pid_feedforward_lowvz,,results/e01/episodes.csv|aft|id|SS5,results/e07/noise/sigma0cm_lat1step/episodes.csv|aft|id|SS5,0.015000000000000013,-0.025000000000000022,0.05499999999999994,False,0.955,0.94,nan,nan,200,200,1,0,,,,,,10000,20260926,0.95,"shared_episodes: seeds per method, shared by its two cells; one set of episode indices shared by both cells and both methods (P7-D1 §2)",results/e01/episodes.csv;results/e07/noise/sigma0cm_lat1step/episodes.csv,success = IQM over seeds of per-seed success rate; drop = cell 1 - cell 2
noise/sigma0cm_lat1step.pid_feedforward_lowvz.id.SS6,descriptive (not scored),,drop,"pid_feedforward_lowvz: success clean - sigma0cm_lat1step (sigma_p 0.0 m, sigma_v 0.0 m/s, 1 step latency), id SS6 (P7-D1 §4)",pid_feedforward_lowvz,,results/e01/episodes.csv|aft|id|SS6,results/e07/noise/sigma0cm_lat1step/episodes.csv|aft|id|SS6,0.06499999999999995,0.0050000000000000044,0.125,True,0.85,0.785,nan,nan,200,200,1,0,,,,,,10000,20260926,0.95,"shared_episodes: seeds per method, shared by its two cells; one set of episode indices shared by both cells and both methods (P7-D1 §2)",results/e01/episodes.csv;results/e07/noise/sigma0cm_lat1step/episodes.csv,success = IQM over seeds of per-seed success rate; drop = cell 1 - cell 2
noise/sigma0cm_lat1step.pid_feedforward_lowvz_cut.id.SS3,descriptive (not scored),,drop,"pid_feedforward_lowvz_cut: success clean - sigma0cm_lat1step (sigma_p 0.0 m, sigma_v 0.0 m/s, 1 step latency), id SS3 (P7-D1 §4)",pid_feedforward_lowvz_cut,,results/e01_lowvz_cut/episodes.csv|aft|id|SS3,results/e07/noise/sigma0cm_lat1step/episodes.csv|aft|id|SS3,0.020000000000000018,0.0050000000000000044,0.040000000000000036,True,1.0,0.98,nan,nan,200,200,1,0,,,,,,10000,20260926,0.95,"shared_episodes: seeds per method, shared by its two cells; one set of episode indices shared by both cells and both methods (P7-D1 §2)",results/e01_lowvz_cut/episodes.csv;results/e07/noise/sigma0cm_lat1step/episodes.csv,success = IQM over seeds of per-seed success rate; drop = cell 1 - cell 2
noise/sigma0cm_lat1step.pid_feedforward_lowvz_cut.id.SS4,descriptive (not scored),,drop,"pid_feedforward_lowvz_cut: success clean - sigma0cm_lat1step (sigma_p 0.0 m, sigma_v 0.0 m/s, 1 step latency), id SS4 (P7-D1 §4)",pid_feedforward_lowvz_cut,,results/e01_lowvz_cut/episodes.csv|aft|id|SS4,results/e07/noise/sigma0cm_lat1step/episodes.csv|aft|id|SS4,0.0050000000000000044,-0.020000000000000018,0.030000000000000027,False,0.985,0.98,nan,nan,200,200,1,0,,,,,,10000,20260926,0.95,"shared_episodes: seeds per method, shared by its two cells; one set of episode indices shared by both cells and both methods (P7-D1 §2)",results/e01_lowvz_cut/episodes.csv;results/e07/noise/sigma0cm_lat1step/episodes.csv,success = IQM over seeds of per-seed success rate; drop = cell 1 - cell 2
noise/sigma0cm_lat1step.pid_feedforward_lowvz_cut.id.SS5,descriptive (not scored),,drop,"pid_feedforward_lowvz_cut: success clean - sigma0cm_lat1step (sigma_p 0.0 m, sigma_v 0.0 m/s, 1 step latency), id SS5 (P7-D1 §4)",pid_feedforward_lowvz_cut,,results/e01_lowvz_cut/episodes.csv|aft|id|SS5,results/e07/noise/sigma0cm_lat1step/episodes.csv|aft|id|SS5,0.015000000000000013,-0.015000000000000013,0.04999999999999993,False,0.98,0.965,nan,nan,200,200,1,0,,,,,,10000,20260926,0.95,"shared_episodes: seeds per method, shared by its two cells; one set of episode indices shared by both cells and both methods (P7-D1 §2)",results/e01_lowvz_cut/episodes.csv;results/e07/noise/sigma0cm_lat1step/episodes.csv,success = IQM over seeds of per-seed success rate; drop = cell 1 - cell 2
noise/sigma0cm_lat1step.pid_feedforward_lowvz_cut.id.SS6,descriptive (not scored),,drop,"pid_feedforward_lowvz_cut: success clean - sigma0cm_lat1step (sigma_p 0.0 m, sigma_v 0.0 m/s, 1 step latency), id SS6 (P7-D1 §4)",pid_feedforward_lowvz_cut,,results/e01_lowvz_cut/episodes.csv|aft|id|SS6,results/e07/noise/sigma0cm_lat1step/episodes.csv|aft|id|SS6,0.04500000000000004,-0.010000000000000009,0.09999999999999998,False,0.88,0.835,nan,nan,200,200,1,0,,,,,,10000,20260926,0.95,"shared_episodes: seeds per method, shared by its two cells; one set of episode indices shared by both cells and both methods (P7-D1 §2)",results/e01_lowvz_cut/episodes.csv;results/e07/noise/sigma0cm_lat1step/episodes.csv,success = IQM over seeds of per-seed success rate; drop = cell 1 - cell 2
noise/sigma0cm_lat1step.gated.id.SS3,descriptive (not scored),,drop,"gated: success clean - sigma0cm_lat1step (sigma_p 0.0 m, sigma_v 0.0 m/s, 1 step latency), id SS3 (P7-D1 §4)",gated,,results/e01/episodes.csv|aft|id|SS3,results/e07/noise/sigma0cm_lat1step/episodes.csv|aft|id|SS3,0.015000000000000013,0.0,0.03500000000000003,False,1.0,0.985,nan,nan,200,200,1,0,,,,,,10000,20260926,0.95,"shared_episodes: seeds per method, shared by its two cells; one set of episode indices shared by both cells and both methods (P7-D1 §2)",results/e01/episodes.csv;results/e07/noise/sigma0cm_lat1step/episodes.csv,success = IQM over seeds of per-seed success rate; drop = cell 1 - cell 2
noise/sigma0cm_lat1step.gated.id.SS4,descriptive (not scored),,drop,"gated: success clean - sigma0cm_lat1step (sigma_p 0.0 m, sigma_v 0.0 m/s, 1 step latency), id SS4 (P7-D1 §4)",gated,,results/e01/episodes.csv|aft|id|SS4,results/e07/noise/sigma0cm_lat1step/episodes.csv|aft|id|SS4,0.010000000000000009,0.0,0.025000000000000022,False,0.985,0.975,nan,nan,200,200,1,0,,,,,,10000,20260926,0.95,"shared_episodes: seeds per method, shared by its two cells; one set of episode indices shared by both cells and both methods (P7-D1 §2)",results/e01/episodes.csv;results/e07/noise/sigma0cm_lat1step/episodes.csv,success = IQM over seeds of per-seed success rate; drop = cell 1 - cell 2
noise/sigma0cm_lat1step.gated.id.SS5,descriptive (not scored),,drop,"gated: success clean - sigma0cm_lat1step (sigma_p 0.0 m, sigma_v 0.0 m/s, 1 step latency), id SS5 (P7-D1 §4)",gated,,results/e01/episodes.csv|aft|id|SS5,results/e07/noise/sigma0cm_lat1step/episodes.csv|aft|id|SS5,0.010000000000000009,0.0,0.025000000000000022,False,0.895,0.885,nan,nan,200,200,1,0,,,,,,10000,20260926,0.95,"shared_episodes: seeds per method, shared by its two cells; one set of episode indices shared by both cells and both methods (P7-D1 §2)",results/e01/episodes.csv;results/e07/noise/sigma0cm_lat1step/episodes.csv,success = IQM over seeds of per-seed success rate; drop = cell 1 - cell 2
noise/sigma0cm_lat1step.gated.id.SS6,descriptive (not scored),,drop,"gated: success clean - sigma0cm_lat1step (sigma_p 0.0 m, sigma_v 0.0 m/s, 1 step latency), id SS6 (P7-D1 §4)",gated,,results/e01/episodes.csv|aft|id|SS6,results/e07/noise/sigma0cm_lat1step/episodes.csv|aft|id|SS6,0.04500000000000004,0.015000000000000013,0.07999999999999996,True,0.63,0.585,nan,nan,200,200,1,0,,,,,,10000,20260926,0.95,"shared_episodes: seeds per method, shared by its two cells; one set of episode indices shared by both cells and both methods (P7-D1 §2)",results/e01/episodes.csv;results/e07/noise/sigma0cm_lat1step/episodes.csv,success = IQM over seeds of per-seed success rate; drop = cell 1 - cell 2
noise/sigma0cm_lat1step.oracle_gated.id.SS3,descriptive (not scored),,drop,"oracle_gated: success clean - sigma0cm_lat1step (sigma_p 0.0 m, sigma_v 0.0 m/s, 1 step latency), id SS3 (P7-D1 §4)",oracle_gated,,results/e01/episodes.csv|aft|id|SS3,results/e07/noise/sigma0cm_lat1step/episodes.csv|aft|id|SS3,0.010000000000000009,0.0,0.025000000000000022,False,1.0,0.99,nan,nan,200,200,1,0,,,,,,10000,20260926,0.95,"shared_episodes: seeds per method, shared by its two cells; one set of episode indices shared by both cells and both methods (P7-D1 §2)",results/e01/episodes.csv;results/e07/noise/sigma0cm_lat1step/episodes.csv,success = IQM over seeds of per-seed success rate; drop = cell 1 - cell 2
noise/sigma0cm_lat1step.oracle_gated.id.SS4,descriptive (not scored),,drop,"oracle_gated: success clean - sigma0cm_lat1step (sigma_p 0.0 m, sigma_v 0.0 m/s, 1 step latency), id SS4 (P7-D1 §4)",oracle_gated,,results/e01/episodes.csv|aft|id|SS4,results/e07/noise/sigma0cm_lat1step/episodes.csv|aft|id|SS4,0.015000000000000013,0.0,0.03500000000000003,False,0.985,0.97,nan,nan,200,200,1,0,,,,,,10000,20260926,0.95,"shared_episodes: seeds per method, shared by its two cells; one set of episode indices shared by both cells and both methods (P7-D1 §2)",results/e01/episodes.csv;results/e07/noise/sigma0cm_lat1step/episodes.csv,success = IQM over seeds of per-seed success rate; drop = cell 1 - cell 2
noise/sigma0cm_lat1step.oracle_gated.id.SS5,descriptive (not scored),,drop,"oracle_gated: success clean - sigma0cm_lat1step (sigma_p 0.0 m, sigma_v 0.0 m/s, 1 step latency), id SS5 (P7-D1 §4)",oracle_gated,,results/e01/episodes.csv|aft|id|SS5,results/e07/noise/sigma0cm_lat1step/episodes.csv|aft|id|SS5,0.0050000000000000044,-0.015000000000000013,0.025000000000000022,False,0.89,0.885,nan,nan,200,200,1,0,,,,,,10000,20260926,0.95,"shared_episodes: seeds per method, shared by its two cells; one set of episode indices shared by both cells and both methods (P7-D1 §2)",results/e01/episodes.csv;results/e07/noise/sigma0cm_lat1step/episodes.csv,success = IQM over seeds of per-seed success rate; drop = cell 1 - cell 2
noise/sigma0cm_lat1step.oracle_gated.id.SS6,descriptive (not scored),,drop,"oracle_gated: success clean - sigma0cm_lat1step (sigma_p 0.0 m, sigma_v 0.0 m/s, 1 step latency), id SS6 (P7-D1 §4)",oracle_gated,,results/e01/episodes.csv|aft|id|SS6,results/e07/noise/sigma0cm_lat1step/episodes.csv|aft|id|SS6,0.015000000000000013,-0.0050000000000000044,0.039999999999999925,False,0.645,0.63,nan,nan,200,200,1,0,,,,,,10000,20260926,0.95,"shared_episodes: seeds per method, shared by its two cells; one set of episode indices shared by both cells and both methods (P7-D1 §2)",results/e01/episodes.csv;results/e07/noise/sigma0cm_lat1step/episodes.csv,success = IQM over seeds of per-seed success rate; drop = cell 1 - cell 2
noise/sigma1cm_lat1step.ppo.id.SS3,descriptive (not scored),,drop,"ppo: success clean - sigma1cm_lat1step (sigma_p 0.01 m, sigma_v 0.05 m/s, 1 step latency), id SS3 (P7-D1 §4)",ppo,,results/e07/matrix/episodes.csv|aft|id|SS3,results/e07/noise/sigma1cm_lat1step/episodes.csv|aft|id|SS3,0.16166666666666663,0.08499999999999996,0.22333333333333327,True,1.0,0.8383333333333334,nan,nan,200,200,5,0,,,,,,10000,20260926,0.95,"shared_episodes: seeds per method, shared by its two cells; one set of episode indices shared by both cells and both methods (P7-D1 §2)",results/e07/matrix/episodes.csv;results/e07/noise/sigma1cm_lat1step/episodes.csv,success = IQM over seeds of per-seed success rate; drop = cell 1 - cell 2
noise/sigma1cm_lat1step.ppo.id.SS4,descriptive (not scored),,drop,"ppo: success clean - sigma1cm_lat1step (sigma_p 0.01 m, sigma_v 0.05 m/s, 1 step latency), id SS4 (P7-D1 §4)",ppo,,results/e07/matrix/episodes.csv|aft|id|SS4,results/e07/noise/sigma1cm_lat1step/episodes.csv|aft|id|SS4,0.12166666666666659,0.06499999999999995,0.18166666666666664,True,1.0,0.8783333333333334,nan,nan,200,200,5,0,,,,,,10000,20260926,0.95,"shared_episodes: seeds per method, shared by its two cells; one set of episode indices shared by both cells and both methods (P7-D1 §2)",results/e07/matrix/episodes.csv;results/e07/noise/sigma1cm_lat1step/episodes.csv,success = IQM over seeds of per-seed success rate; drop = cell 1 - cell 2
noise/sigma1cm_lat1step.ppo.id.SS5,descriptive (not scored),,drop,"ppo: success clean - sigma1cm_lat1step (sigma_p 0.01 m, sigma_v 0.05 m/s, 1 step latency), id SS5 (P7-D1 §4)",ppo,,results/e07/matrix/episodes.csv|aft|id|SS5,results/e07/noise/sigma1cm_lat1step/episodes.csv|aft|id|SS5,0.1349999999999999,0.06333333333333335,0.22999999999999998,True,1.0,0.8650000000000001,nan,nan,200,200,5,0,,,,,,10000,20260926,0.95,"shared_episodes: seeds per method, shared by its two cells; one set of episode indices shared by both cells and both methods (P7-D1 §2)",results/e07/matrix/episodes.csv;results/e07/noise/sigma1cm_lat1step/episodes.csv,success = IQM over seeds of per-seed success rate; drop = cell 1 - cell 2
noise/sigma1cm_lat1step.ppo.id.SS6,descriptive (not scored),,drop,"ppo: success clean - sigma1cm_lat1step (sigma_p 0.01 m, sigma_v 0.05 m/s, 1 step latency), id SS6 (P7-D1 §4)",ppo,,results/e07/matrix/episodes.csv|aft|id|SS6,results/e07/noise/sigma1cm_lat1step/episodes.csv|aft|id|SS6,0.1166666666666667,0.07999999999999985,0.17666666666666675,True,0.9816666666666666,0.8649999999999999,nan,nan,200,200,5,0,,,,,,10000,20260926,0.95,"shared_episodes: seeds per method, shared by its two cells; one set of episode indices shared by both cells and both methods (P7-D1 §2)",results/e07/matrix/episodes.csv;results/e07/noise/sigma1cm_lat1step/episodes.csv,success = IQM over seeds of per-seed success rate; drop = cell 1 - cell 2
noise/sigma1cm_lat1step.sac.id.SS3,descriptive (not scored),,drop,"sac: success clean - sigma1cm_lat1step (sigma_p 0.01 m, sigma_v 0.05 m/s, 1 step latency), id SS3 (P7-D1 §4)",sac,,results/e07/matrix/episodes.csv|aft|id|SS3,results/e07/noise/sigma1cm_lat1step/episodes.csv|aft|id|SS3,0.6283333333333334,0.3883333333333334,0.7516666666666667,True,0.9983333333333334,0.37000000000000005,nan,nan,200,200,5,0,,,,,,10000,20260926,0.95,"shared_episodes: seeds per method, shared by its two cells; one set of episode indices shared by both cells and both methods (P7-D1 §2)",results/e07/matrix/episodes.csv;results/e07/noise/sigma1cm_lat1step/episodes.csv,success = IQM over seeds of per-seed success rate; drop = cell 1 - cell 2
noise/sigma1cm_lat1step.sac.id.SS4,descriptive (not scored),,drop,"sac: success clean - sigma1cm_lat1step (sigma_p 0.01 m, sigma_v 0.05 m/s, 1 step latency), id SS4 (P7-D1 §4)",sac,,results/e07/matrix/episodes.csv|aft|id|SS4,results/e07/noise/sigma1cm_lat1step/episodes.csv|aft|id|SS4,0.6200000000000001,0.41500000000000004,0.7233333333333334,True,0.9816666666666668,0.36166666666666664,nan,nan,200,200,5,0,,,,,,10000,20260926,0.95,"shared_episodes: seeds per method, shared by its two cells; one set of episode indices shared by both cells and both methods (P7-D1 §2)",results/e07/matrix/episodes.csv;results/e07/noise/sigma1cm_lat1step/episodes.csv,success = IQM over seeds of per-seed success rate; drop = cell 1 - cell 2
noise/sigma1cm_lat1step.sac.id.SS5,descriptive (not scored),,drop,"sac: success clean - sigma1cm_lat1step (sigma_p 0.01 m, sigma_v 0.05 m/s, 1 step latency), id SS5 (P7-D1 §4)",sac,,results/e07/matrix/episodes.csv|aft|id|SS5,results/e07/noise/sigma1cm_lat1step/episodes.csv|aft|id|SS5,0.54,0.44,0.6283333333333334,True,0.87,0.33,nan,nan,200,200,5,0,,,,,,10000,20260926,0.95,"shared_episodes: seeds per method, shared by its two cells; one set of episode indices shared by both cells and both methods (P7-D1 §2)",results/e07/matrix/episodes.csv;results/e07/noise/sigma1cm_lat1step/episodes.csv,success = IQM over seeds of per-seed success rate; drop = cell 1 - cell 2
noise/sigma1cm_lat1step.sac.id.SS6,descriptive (not scored),,drop,"sac: success clean - sigma1cm_lat1step (sigma_p 0.01 m, sigma_v 0.05 m/s, 1 step latency), id SS6 (P7-D1 §4)",sac,,results/e07/matrix/episodes.csv|aft|id|SS6,results/e07/noise/sigma1cm_lat1step/episodes.csv|aft|id|SS6,0.5,0.3983333333333334,0.5666666666666667,True,0.725,0.225,nan,nan,200,200,5,0,,,,,,10000,20260926,0.95,"shared_episodes: seeds per method, shared by its two cells; one set of episode indices shared by both cells and both methods (P7-D1 §2)",results/e07/matrix/episodes.csv;results/e07/noise/sigma1cm_lat1step/episodes.csv,success = IQM over seeds of per-seed success rate; drop = cell 1 - cell 2
noise/sigma1cm_lat1step.residual_ppo.id.SS3,descriptive (not scored),,drop,"residual_ppo: success clean - sigma1cm_lat1step (sigma_p 0.01 m, sigma_v 0.05 m/s, 1 step latency), id SS3 (P7-D1 §4)",residual_ppo,,results/e07/matrix/episodes.csv|aft|id|SS3,results/e07/noise/sigma1cm_lat1step/episodes.csv|aft|id|SS3,0.2683333333333332,0.18000000000000005,0.3766666666666667,True,1.0,0.7316666666666668,nan,nan,200,200,5,0,,,,,,10000,20260926,0.95,"shared_episodes: seeds per method, shared by its two cells; one set of episode indices shared by both cells and both methods (P7-D1 §2)",results/e07/matrix/episodes.csv;results/e07/noise/sigma1cm_lat1step/episodes.csv,success = IQM over seeds of per-seed success rate; drop = cell 1 - cell 2
noise/sigma1cm_lat1step.residual_ppo.id.SS4,descriptive (not scored),,drop,"residual_ppo: success clean - sigma1cm_lat1step (sigma_p 0.01 m, sigma_v 0.05 m/s, 1 step latency), id SS4 (P7-D1 §4)",residual_ppo,,results/e07/matrix/episodes.csv|aft|id|SS4,results/e07/noise/sigma1cm_lat1step/episodes.csv|aft|id|SS4,0.2533333333333333,0.18166666666666664,0.31333333333333335,True,1.0,0.7466666666666667,nan,nan,200,200,5,0,,,,,,10000,20260926,0.95,"shared_episodes: seeds per method, shared by its two cells; one set of episode indices shared by both cells and both methods (P7-D1 §2)",results/e07/matrix/episodes.csv;results/e07/noise/sigma1cm_lat1step/episodes.csv,success = IQM over seeds of per-seed success rate; drop = cell 1 - cell 2
noise/sigma1cm_lat1step.residual_ppo.id.SS5,descriptive (not scored),,drop,"residual_ppo: success clean - sigma1cm_lat1step (sigma_p 0.01 m, sigma_v 0.05 m/s, 1 step latency), id SS5 (P7-D1 §4)",residual_ppo,,results/e07/matrix/episodes.csv|aft|id|SS5,results/e07/noise/sigma1cm_lat1step/episodes.csv|aft|id|SS5,0.2683333333333334,0.18333333333333324,0.33999999999999997,True,0.995,0.7266666666666666,nan,nan,200,200,5,0,,,,,,10000,20260926,0.95,"shared_episodes: seeds per method, shared by its two cells; one set of episode indices shared by both cells and both methods (P7-D1 §2)",results/e07/matrix/episodes.csv;results/e07/noise/sigma1cm_lat1step/episodes.csv,success = IQM over seeds of per-seed success rate; drop = cell 1 - cell 2
noise/sigma1cm_lat1step.residual_ppo.id.SS6,descriptive (not scored),,drop,"residual_ppo: success clean - sigma1cm_lat1step (sigma_p 0.01 m, sigma_v 0.05 m/s, 1 step latency), id SS6 (P7-D1 §4)",residual_ppo,,results/e07/matrix/episodes.csv|aft|id|SS6,results/e07/noise/sigma1cm_lat1step/episodes.csv|aft|id|SS6,0.22499999999999987,0.15500000000000014,0.31499999999999995,True,0.9616666666666666,0.7366666666666667,nan,nan,200,200,5,0,,,,,,10000,20260926,0.95,"shared_episodes: seeds per method, shared by its two cells; one set of episode indices shared by both cells and both methods (P7-D1 §2)",results/e07/matrix/episodes.csv;results/e07/noise/sigma1cm_lat1step/episodes.csv,success = IQM over seeds of per-seed success rate; drop = cell 1 - cell 2
noise/sigma1cm_lat1step.ppo_forecast.id.SS3,descriptive (not scored),,drop,"ppo_forecast: success clean - sigma1cm_lat1step (sigma_p 0.01 m, sigma_v 0.05 m/s, 1 step latency), id SS3 (P7-D1 §4)",ppo_forecast,,results/e07/matrix/episodes.csv|aft|id|SS3,results/e07/noise/sigma1cm_lat1step/episodes.csv|aft|id|SS3,0.0,0.0,0.0050000000000000044,False,1.0,1.0,nan,nan,200,200,5,0,,,,,,10000,20260926,0.95,"shared_episodes: seeds per method, shared by its two cells; one set of episode indices shared by both cells and both methods (P7-D1 §2)",results/e07/matrix/episodes.csv;results/e07/noise/sigma1cm_lat1step/episodes.csv,success = IQM over seeds of per-seed success rate; drop = cell 1 - cell 2
noise/sigma1cm_lat1step.ppo_forecast.id.SS4,descriptive (not scored),,drop,"ppo_forecast: success clean - sigma1cm_lat1step (sigma_p 0.01 m, sigma_v 0.05 m/s, 1 step latency), id SS4 (P7-D1 §4)",ppo_forecast,,results/e07/matrix/episodes.csv|aft|id|SS4,results/e07/noise/sigma1cm_lat1step/episodes.csv|aft|id|SS4,0.0,0.0,0.0,False,1.0,1.0,nan,nan,200,200,5,0,,,,,,10000,20260926,0.95,"shared_episodes: seeds per method, shared by its two cells; one set of episode indices shared by both cells and both methods (P7-D1 §2)",results/e07/matrix/episodes.csv;results/e07/noise/sigma1cm_lat1step/episodes.csv,success = IQM over seeds of per-seed success rate; drop = cell 1 - cell 2
noise/sigma1cm_lat1step.ppo_forecast.id.SS5,descriptive (not scored),,drop,"ppo_forecast: success clean - sigma1cm_lat1step (sigma_p 0.01 m, sigma_v 0.05 m/s, 1 step latency), id SS5 (P7-D1 §4)",ppo_forecast,,results/e07/matrix/episodes.csv|aft|id|SS5,results/e07/noise/sigma1cm_lat1step/episodes.csv|aft|id|SS5,0.0016666666666665941,0.0,0.008333333333333304,False,1.0,0.9983333333333334,nan,nan,200,200,5,0,,,,,,10000,20260926,0.95,"shared_episodes: seeds per method, shared by its two cells; one set of episode indices shared by both cells and both methods (P7-D1 §2)",results/e07/matrix/episodes.csv;results/e07/noise/sigma1cm_lat1step/episodes.csv,success = IQM over seeds of per-seed success rate; drop = cell 1 - cell 2
noise/sigma1cm_lat1step.ppo_forecast.id.SS6,descriptive (not scored),,drop,"ppo_forecast: success clean - sigma1cm_lat1step (sigma_p 0.01 m, sigma_v 0.05 m/s, 1 step latency), id SS6 (P7-D1 §4)",ppo_forecast,,results/e07/matrix/episodes.csv|aft|id|SS6,results/e07/noise/sigma1cm_lat1step/episodes.csv|aft|id|SS6,0.008333333333333304,-0.0050000000000000044,0.02499999999999991,False,0.98,0.9716666666666667,nan,nan,200,200,5,0,,,,,,10000,20260926,0.95,"shared_episodes: seeds per method, shared by its two cells; one set of episode indices shared by both cells and both methods (P7-D1 §2)",results/e07/matrix/episodes.csv;results/e07/noise/sigma1cm_lat1step/episodes.csv,success = IQM over seeds of per-seed success rate; drop = cell 1 - cell 2
noise/sigma1cm_lat1step.residual_ppo_forecast.id.SS3,descriptive (not scored),,drop,"residual_ppo_forecast: success clean - sigma1cm_lat1step (sigma_p 0.01 m, sigma_v 0.05 m/s, 1 step latency), id SS3 (P7-D1 §4)",residual_ppo_forecast,,results/e07/matrix/episodes.csv|aft|id|SS3,results/e07/noise/sigma1cm_lat1step/episodes.csv|aft|id|SS3,0.11833333333333329,0.043333333333333335,0.17333333333333334,True,1.0,0.8816666666666667,nan,nan,200,200,5,0,,,,,,10000,20260926,0.95,"shared_episodes: seeds per method, shared by its two cells; one set of episode indices shared by both cells and both methods (P7-D1 §2)",results/e07/matrix/episodes.csv;results/e07/noise/sigma1cm_lat1step/episodes.csv,success = IQM over seeds of per-seed success rate; drop = cell 1 - cell 2
noise/sigma1cm_lat1step.residual_ppo_forecast.id.SS4,descriptive (not scored),,drop,"residual_ppo_forecast: success clean - sigma1cm_lat1step (sigma_p 0.01 m, sigma_v 0.05 m/s, 1 step latency), id SS4 (P7-D1 §4)",residual_ppo_forecast,,results/e07/matrix/episodes.csv|aft|id|SS4,results/e07/noise/sigma1cm_lat1step/episodes.csv|aft|id|SS4,0.07833333333333325,0.040000000000000036,0.1416666666666666,True,1.0,0.9216666666666667,nan,nan,200,200,5,0,,,,,,10000,20260926,0.95,"shared_episodes: seeds per method, shared by its two cells; one set of episode indices shared by both cells and both methods (P7-D1 §2)",results/e07/matrix/episodes.csv;results/e07/noise/sigma1cm_lat1step/episodes.csv,success = IQM over seeds of per-seed success rate; drop = cell 1 - cell 2
noise/sigma1cm_lat1step.residual_ppo_forecast.id.SS5,descriptive (not scored),,drop,"residual_ppo_forecast: success clean - sigma1cm_lat1step (sigma_p 0.01 m, sigma_v 0.05 m/s, 1 step latency), id SS5 (P7-D1 §4)",residual_ppo_forecast,,results/e07/matrix/episodes.csv|aft|id|SS5,results/e07/noise/sigma1cm_lat1step/episodes.csv|aft|id|SS5,0.09166666666666667,0.04500000000000015,0.16666666666666663,True,0.995,0.9033333333333333,nan,nan,200,200,5,0,,,,,,10000,20260926,0.95,"shared_episodes: seeds per method, shared by its two cells; one set of episode indices shared by both cells and both methods (P7-D1 §2)",results/e07/matrix/episodes.csv;results/e07/noise/sigma1cm_lat1step/episodes.csv,success = IQM over seeds of per-seed success rate; drop = cell 1 - cell 2
noise/sigma1cm_lat1step.residual_ppo_forecast.id.SS6,descriptive (not scored),,drop,"residual_ppo_forecast: success clean - sigma1cm_lat1step (sigma_p 0.01 m, sigma_v 0.05 m/s, 1 step latency), id SS6 (P7-D1 §4)",residual_ppo_forecast,,results/e07/matrix/episodes.csv|aft|id|SS6,results/e07/noise/sigma1cm_lat1step/episodes.csv|aft|id|SS6,0.09166666666666679,0.033333333333333326,0.14500000000000002,True,0.9683333333333334,0.8766666666666666,nan,nan,200,200,5,0,,,,,,10000,20260926,0.95,"shared_episodes: seeds per method, shared by its two cells; one set of episode indices shared by both cells and both methods (P7-D1 §2)",results/e07/matrix/episodes.csv;results/e07/noise/sigma1cm_lat1step/episodes.csv,success = IQM over seeds of per-seed success rate; drop = cell 1 - cell 2
noise/sigma1cm_lat1step.ppo_sinusoid.id.SS3,descriptive (not scored),,drop,"ppo_sinusoid: success clean - sigma1cm_lat1step (sigma_p 0.01 m, sigma_v 0.05 m/s, 1 step latency), id SS3 (P7-D1 §4)",ppo_sinusoid,,results/e07/matrix/episodes.csv|aft|id|SS3,results/e07/noise/sigma1cm_lat1step/episodes.csv|aft|id|SS3,0.17166666666666675,0.13,0.30833333333333324,True,1.0,0.8283333333333333,nan,nan,200,200,5,0,,,,,,10000,20260926,0.95,"shared_episodes: seeds per method, shared by its two cells; one set of episode indices shared by both cells and both methods (P7-D1 §2)",results/e07/matrix/episodes.csv;results/e07/noise/sigma1cm_lat1step/episodes.csv,success = IQM over seeds of per-seed success rate; drop = cell 1 - cell 2
noise/sigma1cm_lat1step.ppo_sinusoid.id.SS4,descriptive (not scored),,drop,"ppo_sinusoid: success clean - sigma1cm_lat1step (sigma_p 0.01 m, sigma_v 0.05 m/s, 1 step latency), id SS4 (P7-D1 §4)",ppo_sinusoid,,results/e07/matrix/episodes.csv|aft|id|SS4,results/e07/noise/sigma1cm_lat1step/episodes.csv|aft|id|SS4,0.16666666666666663,0.125,0.2783333333333333,True,1.0,0.8333333333333334,nan,nan,200,200,5,0,,,,,,10000,20260926,0.95,"shared_episodes: seeds per method, shared by its two cells; one set of episode indices shared by both cells and both methods (P7-D1 §2)",results/e07/matrix/episodes.csv;results/e07/noise/sigma1cm_lat1step/episodes.csv,success = IQM over seeds of per-seed success rate; drop = cell 1 - cell 2
noise/sigma1cm_lat1step.ppo_sinusoid.id.SS5,descriptive (not scored),,drop,"ppo_sinusoid: success clean - sigma1cm_lat1step (sigma_p 0.01 m, sigma_v 0.05 m/s, 1 step latency), id SS5 (P7-D1 §4)",ppo_sinusoid,,results/e07/matrix/episodes.csv|aft|id|SS5,results/e07/noise/sigma1cm_lat1step/episodes.csv|aft|id|SS5,0.17166666666666675,0.10499999999999998,0.31833333333333336,True,1.0,0.8283333333333333,nan,nan,200,200,5,0,,,,,,10000,20260926,0.95,"shared_episodes: seeds per method, shared by its two cells; one set of episode indices shared by both cells and both methods (P7-D1 §2)",results/e07/matrix/episodes.csv;results/e07/noise/sigma1cm_lat1step/episodes.csv,success = IQM over seeds of per-seed success rate; drop = cell 1 - cell 2
noise/sigma1cm_lat1step.ppo_sinusoid.id.SS6,descriptive (not scored),,drop,"ppo_sinusoid: success clean - sigma1cm_lat1step (sigma_p 0.01 m, sigma_v 0.05 m/s, 1 step latency), id SS6 (P7-D1 §4)",ppo_sinusoid,,results/e07/matrix/episodes.csv|aft|id|SS6,results/e07/noise/sigma1cm_lat1step/episodes.csv|aft|id|SS6,0.16666666666666663,0.11333333333333329,0.28500000000000003,True,0.9733333333333333,0.8066666666666666,nan,nan,200,200,5,0,,,,,,10000,20260926,0.95,"shared_episodes: seeds per method, shared by its two cells; one set of episode indices shared by both cells and both methods (P7-D1 §2)",results/e07/matrix/episodes.csv;results/e07/noise/sigma1cm_lat1step/episodes.csv,success = IQM over seeds of per-seed success rate; drop = cell 1 - cell 2
noise/sigma1cm_lat1step.pid_track_descend.id.SS3,descriptive (not scored),,drop,"pid_track_descend: success clean - sigma1cm_lat1step (sigma_p 0.01 m, sigma_v 0.05 m/s, 1 step latency), id SS3 (P7-D1 §4)",pid_track_descend,,results/e01/episodes.csv|aft|id|SS3,results/e07/noise/sigma1cm_lat1step/episodes.csv|aft|id|SS3,0.025000000000000022,0.0050000000000000044,0.050000000000000044,True,1.0,0.975,nan,nan,200,200,1,0,,,,,,10000,20260926,0.95,"shared_episodes: seeds per method, shared by its two cells; one set of episode indices shared by both cells and both methods (P7-D1 §2)",results/e01/episodes.csv;results/e07/noise/sigma1cm_lat1step/episodes.csv,success = IQM over seeds of per-seed success rate; drop = cell 1 - cell 2
noise/sigma1cm_lat1step.pid_track_descend.id.SS4,descriptive (not scored),,drop,"pid_track_descend: success clean - sigma1cm_lat1step (sigma_p 0.01 m, sigma_v 0.05 m/s, 1 step latency), id SS4 (P7-D1 §4)",pid_track_descend,,results/e01/episodes.csv|aft|id|SS4,results/e07/noise/sigma1cm_lat1step/episodes.csv|aft|id|SS4,0.0050000000000000044,-0.025000000000000022,0.03499999999999992,False,0.96,0.955,nan,nan,200,200,1,0,,,,,,10000,20260926,0.95,"shared_episodes: seeds per method, shared by its two cells; one set of episode indices shared by both cells and both methods (P7-D1 §2)",results/e01/episodes.csv;results/e07/noise/sigma1cm_lat1step/episodes.csv,success = IQM over seeds of per-seed success rate; drop = cell 1 - cell 2
noise/sigma1cm_lat1step.pid_track_descend.id.SS5,descriptive (not scored),,drop,"pid_track_descend: success clean - sigma1cm_lat1step (sigma_p 0.01 m, sigma_v 0.05 m/s, 1 step latency), id SS5 (P7-D1 §4)",pid_track_descend,,results/e01/episodes.csv|aft|id|SS5,results/e07/noise/sigma1cm_lat1step/episodes.csv|aft|id|SS5,0.03500000000000003,-0.010000000000000009,0.07999999999999996,False,0.85,0.815,nan,nan,200,200,1,0,,,,,,10000,20260926,0.95,"shared_episodes: seeds per method, shared by its two cells; one set of episode indices shared by both cells and both methods (P7-D1 §2)",results/e01/episodes.csv;results/e07/noise/sigma1cm_lat1step/episodes.csv,success = IQM over seeds of per-seed success rate; drop = cell 1 - cell 2
noise/sigma1cm_lat1step.pid_track_descend.id.SS6,descriptive (not scored),,drop,"pid_track_descend: success clean - sigma1cm_lat1step (sigma_p 0.01 m, sigma_v 0.05 m/s, 1 step latency), id SS6 (P7-D1 §4)",pid_track_descend,,results/e01/episodes.csv|aft|id|SS6,results/e07/noise/sigma1cm_lat1step/episodes.csv|aft|id|SS6,0.030000000000000027,-0.029999999999999916,0.08999999999999997,False,0.8,0.77,nan,nan,200,200,1,0,,,,,,10000,20260926,0.95,"shared_episodes: seeds per method, shared by its two cells; one set of episode indices shared by both cells and both methods (P7-D1 §2)",results/e01/episodes.csv;results/e07/noise/sigma1cm_lat1step/episodes.csv,success = IQM over seeds of per-seed success rate; drop = cell 1 - cell 2
noise/sigma1cm_lat1step.pid_feedforward.id.SS3,descriptive (not scored),,drop,"pid_feedforward: success clean - sigma1cm_lat1step (sigma_p 0.01 m, sigma_v 0.05 m/s, 1 step latency), id SS3 (P7-D1 §4)",pid_feedforward,,results/e01/episodes.csv|aft|id|SS3,results/e07/noise/sigma1cm_lat1step/episodes.csv|aft|id|SS3,0.14500000000000002,0.09999999999999998,0.19499999999999995,True,1.0,0.855,nan,nan,200,200,1,0,,,,,,10000,20260926,0.95,"shared_episodes: seeds per method, shared by its two cells; one set of episode indices shared by both cells and both methods (P7-D1 §2)",results/e01/episodes.csv;results/e07/noise/sigma1cm_lat1step/episodes.csv,success = IQM over seeds of per-seed success rate; drop = cell 1 - cell 2
noise/sigma1cm_lat1step.pid_feedforward.id.SS4,descriptive (not scored),,drop,"pid_feedforward: success clean - sigma1cm_lat1step (sigma_p 0.01 m, sigma_v 0.05 m/s, 1 step latency), id SS4 (P7-D1 §4)",pid_feedforward,,results/e01/episodes.csv|aft|id|SS4,results/e07/noise/sigma1cm_lat1step/episodes.csv|aft|id|SS4,0.18000000000000005,0.13,0.235,True,1.0,0.82,nan,nan,200,200,1,0,,,,,,10000,20260926,0.95,"shared_episodes: seeds per method, shared by its two cells; one set of episode indices shared by both cells and both methods (P7-D1 §2)",results/e01/episodes.csv;results/e07/noise/sigma1cm_lat1step/episodes.csv,success = IQM over seeds of per-seed success rate; drop = cell 1 - cell 2
noise/sigma1cm_lat1step.pid_feedforward.id.SS5,descriptive (not scored),,drop,"pid_feedforward: success clean - sigma1cm_lat1step (sigma_p 0.01 m, sigma_v 0.05 m/s, 1 step latency), id SS5 (P7-D1 §4)",pid_feedforward,,results/e01/episodes.csv|aft|id|SS5,results/e07/noise/sigma1cm_lat1step/episodes.csv|aft|id|SS5,0.21499999999999997,0.16000000000000003,0.275,True,0.99,0.775,nan,nan,200,200,1,0,,,,,,10000,20260926,0.95,"shared_episodes: seeds per method, shared by its two cells; one set of episode indices shared by both cells and both methods (P7-D1 §2)",results/e01/episodes.csv;results/e07/noise/sigma1cm_lat1step/episodes.csv,success = IQM over seeds of per-seed success rate; drop = cell 1 - cell 2
noise/sigma1cm_lat1step.pid_feedforward.id.SS6,descriptive (not scored),,drop,"pid_feedforward: success clean - sigma1cm_lat1step (sigma_p 0.01 m, sigma_v 0.05 m/s, 1 step latency), id SS6 (P7-D1 §4)",pid_feedforward,,results/e01/episodes.csv|aft|id|SS6,results/e07/noise/sigma1cm_lat1step/episodes.csv|aft|id|SS6,0.20000000000000007,0.135,0.2699999999999999,True,0.905,0.705,nan,nan,200,200,1,0,,,,,,10000,20260926,0.95,"shared_episodes: seeds per method, shared by its two cells; one set of episode indices shared by both cells and both methods (P7-D1 §2)",results/e01/episodes.csv;results/e07/noise/sigma1cm_lat1step/episodes.csv,success = IQM over seeds of per-seed success rate; drop = cell 1 - cell 2
noise/sigma1cm_lat1step.pid_feedforward_lowvz.id.SS3,descriptive (not scored),,drop,"pid_feedforward_lowvz: success clean - sigma1cm_lat1step (sigma_p 0.01 m, sigma_v 0.05 m/s, 1 step latency), id SS3 (P7-D1 §4)",pid_feedforward_lowvz,,results/e01/episodes.csv|aft|id|SS3,results/e07/noise/sigma1cm_lat1step/episodes.csv|aft|id|SS3,0.21499999999999997,0.16000000000000003,0.275,True,1.0,0.785,nan,nan,200,200,1,0,,,,,,10000,20260926,0.95,"shared_episodes: seeds per method, shared by its two cells; one set of episode indices shared by both cells and both methods (P7-D1 §2)",results/e01/episodes.csv;results/e07/noise/sigma1cm_lat1step/episodes.csv,success = IQM over seeds of per-seed success rate; drop = cell 1 - cell 2
noise/sigma1cm_lat1step.pid_feedforward_lowvz.id.SS4,descriptive (not scored),,drop,"pid_feedforward_lowvz: success clean - sigma1cm_lat1step (sigma_p 0.01 m, sigma_v 0.05 m/s, 1 step latency), id SS4 (P7-D1 §4)",pid_feedforward_lowvz,,results/e01/episodes.csv|aft|id|SS4,results/e07/noise/sigma1cm_lat1step/episodes.csv|aft|id|SS4,0.20499999999999996,0.14500000000000002,0.265,True,0.98,0.775,nan,nan,200,200,1,0,,,,,,10000,20260926,0.95,"shared_episodes: seeds per method, shared by its two cells; one set of episode indices shared by both cells and both methods (P7-D1 §2)",results/e01/episodes.csv;results/e07/noise/sigma1cm_lat1step/episodes.csv,success = IQM over seeds of per-seed success rate; drop = cell 1 - cell 2
noise/sigma1cm_lat1step.pid_feedforward_lowvz.id.SS5,descriptive (not scored),,drop,"pid_feedforward_lowvz: success clean - sigma1cm_lat1step (sigma_p 0.01 m, sigma_v 0.05 m/s, 1 step latency), id SS5 (P7-D1 §4)",pid_feedforward_lowvz,,results/e01/episodes.csv|aft|id|SS5,results/e07/noise/sigma1cm_lat1step/episodes.csv|aft|id|SS5,0.25,0.18000000000000005,0.31999999999999995,True,0.955,0.705,nan,nan,200,200,1,0,,,,,,10000,20260926,0.95,"shared_episodes: seeds per method, shared by its two cells; one set of episode indices shared by both cells and both methods (P7-D1 §2)",results/e01/episodes.csv;results/e07/noise/sigma1cm_lat1step/episodes.csv,success = IQM over seeds of per-seed success rate; drop = cell 1 - cell 2
noise/sigma1cm_lat1step.pid_feedforward_lowvz.id.SS6,descriptive (not scored),,drop,"pid_feedforward_lowvz: success clean - sigma1cm_lat1step (sigma_p 0.01 m, sigma_v 0.05 m/s, 1 step latency), id SS6 (P7-D1 §4)",pid_feedforward_lowvz,,results/e01/episodes.csv|aft|id|SS6,results/e07/noise/sigma1cm_lat1step/episodes.csv|aft|id|SS6,0.125,0.05999999999999994,0.19499999999999995,True,0.85,0.725,nan,nan,200,200,1,0,,,,,,10000,20260926,0.95,"shared_episodes: seeds per method, shared by its two cells; one set of episode indices shared by both cells and both methods (P7-D1 §2)",results/e01/episodes.csv;results/e07/noise/sigma1cm_lat1step/episodes.csv,success = IQM over seeds of per-seed success rate; drop = cell 1 - cell 2
noise/sigma1cm_lat1step.pid_feedforward_lowvz_cut.id.SS3,descriptive (not scored),,drop,"pid_feedforward_lowvz_cut: success clean - sigma1cm_lat1step (sigma_p 0.01 m, sigma_v 0.05 m/s, 1 step latency), id SS3 (P7-D1 §4)",pid_feedforward_lowvz_cut,,results/e01_lowvz_cut/episodes.csv|aft|id|SS3,results/e07/noise/sigma1cm_lat1step/episodes.csv|aft|id|SS3,0.050000000000000044,0.020000000000000018,0.07999999999999996,True,1.0,0.95,nan,nan,200,200,1,0,,,,,,10000,20260926,0.95,"shared_episodes: seeds per method, shared by its two cells; one set of episode indices shared by both cells and both methods (P7-D1 §2)",results/e01_lowvz_cut/episodes.csv;results/e07/noise/sigma1cm_lat1step/episodes.csv,success = IQM over seeds of per-seed success rate; drop = cell 1 - cell 2
noise/sigma1cm_lat1step.pid_feedforward_lowvz_cut.id.SS4,descriptive (not scored),,drop,"pid_feedforward_lowvz_cut: success clean - sigma1cm_lat1step (sigma_p 0.01 m, sigma_v 0.05 m/s, 1 step latency), id SS4 (P7-D1 §4)",pid_feedforward_lowvz_cut,,results/e01_lowvz_cut/episodes.csv|aft|id|SS4,results/e07/noise/sigma1cm_lat1step/episodes.csv|aft|id|SS4,0.07499999999999996,0.030000000000000027,0.12,True,0.985,0.91,nan,nan,200,200,1,0,,,,,,10000,20260926,0.95,"shared_episodes: seeds per method, shared by its two cells; one set of episode indices shared by both cells and both methods (P7-D1 §2)",results/e01_lowvz_cut/episodes.csv;results/e07/noise/sigma1cm_lat1step/episodes.csv,success = IQM over seeds of per-seed success rate; drop = cell 1 - cell 2
noise/sigma1cm_lat1step.pid_feedforward_lowvz_cut.id.SS5,descriptive (not scored),,drop,"pid_feedforward_lowvz_cut: success clean - sigma1cm_lat1step (sigma_p 0.01 m, sigma_v 0.05 m/s, 1 step latency), id SS5 (P7-D1 §4)",pid_feedforward_lowvz_cut,,results/e01_lowvz_cut/episodes.csv|aft|id|SS5,results/e07/noise/sigma1cm_lat1step/episodes.csv|aft|id|SS5,0.06999999999999995,0.029999999999999916,0.11499999999999999,True,0.98,0.91,nan,nan,200,200,1,0,,,,,,10000,20260926,0.95,"shared_episodes: seeds per method, shared by its two cells; one set of episode indices shared by both cells and both methods (P7-D1 §2)",results/e01_lowvz_cut/episodes.csv;results/e07/noise/sigma1cm_lat1step/episodes.csv,success = IQM over seeds of per-seed success rate; drop = cell 1 - cell 2
noise/sigma1cm_lat1step.pid_feedforward_lowvz_cut.id.SS6,descriptive (not scored),,drop,"pid_feedforward_lowvz_cut: success clean - sigma1cm_lat1step (sigma_p 0.01 m, sigma_v 0.05 m/s, 1 step latency), id SS6 (P7-D1 §4)",pid_feedforward_lowvz_cut,,results/e01_lowvz_cut/episodes.csv|aft|id|SS6,results/e07/noise/sigma1cm_lat1step/episodes.csv|aft|id|SS6,0.015000000000000013,-0.040000000000000036,0.07499999999999996,False,0.88,0.865,nan,nan,200,200,1,0,,,,,,10000,20260926,0.95,"shared_episodes: seeds per method, shared by its two cells; one set of episode indices shared by both cells and both methods (P7-D1 §2)",results/e01_lowvz_cut/episodes.csv;results/e07/noise/sigma1cm_lat1step/episodes.csv,success = IQM over seeds of per-seed success rate; drop = cell 1 - cell 2
noise/sigma1cm_lat1step.gated.id.SS3,descriptive (not scored),,drop,"gated: success clean - sigma1cm_lat1step (sigma_p 0.01 m, sigma_v 0.05 m/s, 1 step latency), id SS3 (P7-D1 §4)",gated,,results/e01/episodes.csv|aft|id|SS3,results/e07/noise/sigma1cm_lat1step/episodes.csv|aft|id|SS3,0.18000000000000005,0.13,0.235,True,1.0,0.82,nan,nan,200,200,1,0,,,,,,10000,20260926,0.95,"shared_episodes: seeds per method, shared by its two cells; one set of episode indices shared by both cells and both methods (P7-D1 §2)",results/e01/episodes.csv;results/e07/noise/sigma1cm_lat1step/episodes.csv,success = IQM over seeds of per-seed success rate; drop = cell 1 - cell 2
noise/sigma1cm_lat1step.gated.id.SS4,descriptive (not scored),,drop,"gated: success clean - sigma1cm_lat1step (sigma_p 0.01 m, sigma_v 0.05 m/s, 1 step latency), id SS4 (P7-D1 §4)",gated,,results/e01/episodes.csv|aft|id|SS4,results/e07/noise/sigma1cm_lat1step/episodes.csv|aft|id|SS4,0.16000000000000003,0.10999999999999999,0.21499999999999997,True,0.985,0.825,nan,nan,200,200,1,0,,,,,,10000,20260926,0.95,"shared_episodes: seeds per method, shared by its two cells; one set of episode indices shared by both cells and both methods (P7-D1 §2)",results/e01/episodes.csv;results/e07/noise/sigma1cm_lat1step/episodes.csv,success = IQM over seeds of per-seed success rate; drop = cell 1 - cell 2
noise/sigma1cm_lat1step.gated.id.SS5,descriptive (not scored),,drop,"gated: success clean - sigma1cm_lat1step (sigma_p 0.01 m, sigma_v 0.05 m/s, 1 step latency), id SS5 (P7-D1 §4)",gated,,results/e01/episodes.csv|aft|id|SS5,results/e07/noise/sigma1cm_lat1step/episodes.csv|aft|id|SS5,0.29500000000000004,0.2300000000000001,0.36,True,0.895,0.6,nan,nan,200,200,1,0,,,,,,10000,20260926,0.95,"shared_episodes: seeds per method, shared by its two cells; one set of episode indices shared by both cells and both methods (P7-D1 §2)",results/e01/episodes.csv;results/e07/noise/sigma1cm_lat1step/episodes.csv,success = IQM over seeds of per-seed success rate; drop = cell 1 - cell 2
noise/sigma1cm_lat1step.gated.id.SS6,descriptive (not scored),,drop,"gated: success clean - sigma1cm_lat1step (sigma_p 0.01 m, sigma_v 0.05 m/s, 1 step latency), id SS6 (P7-D1 §4)",gated,,results/e01/episodes.csv|aft|id|SS6,results/e07/noise/sigma1cm_lat1step/episodes.csv|aft|id|SS6,0.25,0.19,0.31499999999999995,True,0.63,0.38,nan,nan,200,200,1,0,,,,,,10000,20260926,0.95,"shared_episodes: seeds per method, shared by its two cells; one set of episode indices shared by both cells and both methods (P7-D1 §2)",results/e01/episodes.csv;results/e07/noise/sigma1cm_lat1step/episodes.csv,success = IQM over seeds of per-seed success rate; drop = cell 1 - cell 2
noise/sigma1cm_lat1step.oracle_gated.id.SS3,descriptive (not scored),,drop,"oracle_gated: success clean - sigma1cm_lat1step (sigma_p 0.01 m, sigma_v 0.05 m/s, 1 step latency), id SS3 (P7-D1 §4)",oracle_gated,,results/e01/episodes.csv|aft|id|SS3,results/e07/noise/sigma1cm_lat1step/episodes.csv|aft|id|SS3,0.19999999999999996,0.14500000000000002,0.26,True,1.0,0.8,nan,nan,200,200,1,0,,,,,,10000,20260926,0.95,"shared_episodes: seeds per method, shared by its two cells; one set of episode indices shared by both cells and both methods (P7-D1 §2)",results/e01/episodes.csv;results/e07/noise/sigma1cm_lat1step/episodes.csv,success = IQM over seeds of per-seed success rate; drop = cell 1 - cell 2
noise/sigma1cm_lat1step.oracle_gated.id.SS4,descriptive (not scored),,drop,"oracle_gated: success clean - sigma1cm_lat1step (sigma_p 0.01 m, sigma_v 0.05 m/s, 1 step latency), id SS4 (P7-D1 §4)",oracle_gated,,results/e01/episodes.csv|aft|id|SS4,results/e07/noise/sigma1cm_lat1step/episodes.csv|aft|id|SS4,0.14500000000000002,0.09999999999999998,0.19499999999999995,True,0.985,0.84,nan,nan,200,200,1,0,,,,,,10000,20260926,0.95,"shared_episodes: seeds per method, shared by its two cells; one set of episode indices shared by both cells and both methods (P7-D1 §2)",results/e01/episodes.csv;results/e07/noise/sigma1cm_lat1step/episodes.csv,success = IQM over seeds of per-seed success rate; drop = cell 1 - cell 2
noise/sigma1cm_lat1step.oracle_gated.id.SS5,descriptive (not scored),,drop,"oracle_gated: success clean - sigma1cm_lat1step (sigma_p 0.01 m, sigma_v 0.05 m/s, 1 step latency), id SS5 (P7-D1 §4)",oracle_gated,,results/e01/episodes.csv|aft|id|SS5,results/e07/noise/sigma1cm_lat1step/episodes.csv|aft|id|SS5,0.26,0.19999999999999996,0.32499999999999996,True,0.89,0.63,nan,nan,200,200,1,0,,,,,,10000,20260926,0.95,"shared_episodes: seeds per method, shared by its two cells; one set of episode indices shared by both cells and both methods (P7-D1 §2)",results/e01/episodes.csv;results/e07/noise/sigma1cm_lat1step/episodes.csv,success = IQM over seeds of per-seed success rate; drop = cell 1 - cell 2
noise/sigma1cm_lat1step.oracle_gated.id.SS6,descriptive (not scored),,drop,"oracle_gated: success clean - sigma1cm_lat1step (sigma_p 0.01 m, sigma_v 0.05 m/s, 1 step latency), id SS6 (P7-D1 §4)",oracle_gated,,results/e01/episodes.csv|aft|id|SS6,results/e07/noise/sigma1cm_lat1step/episodes.csv|aft|id|SS6,0.20500000000000002,0.14999999999999997,0.265,True,0.645,0.44,nan,nan,200,200,1,0,,,,,,10000,20260926,0.95,"shared_episodes: seeds per method, shared by its two cells; one set of episode indices shared by both cells and both methods (P7-D1 §2)",results/e01/episodes.csv;results/e07/noise/sigma1cm_lat1step/episodes.csv,success = IQM over seeds of per-seed success rate; drop = cell 1 - cell 2
noise/sigma2cm_lat1step.ppo.id.SS3,descriptive (not scored),,drop,"ppo: success clean - sigma2cm_lat1step (sigma_p 0.02 m, sigma_v 0.1 m/s, 1 step latency), id SS3 (P7-D1 §4)",ppo,,results/e07/matrix/episodes.csv|aft|id|SS3,results/e07/noise/sigma2cm_lat1step/episodes.csv|aft|id|SS3,0.17499999999999993,0.10499999999999998,0.2450000000000001,True,1.0,0.8250000000000001,nan,nan,200,200,5,0,,,,,,10000,20260926,0.95,"shared_episodes: seeds per method, shared by its two cells; one set of episode indices shared by both cells and both methods (P7-D1 §2)",results/e07/matrix/episodes.csv;results/e07/noise/sigma2cm_lat1step/episodes.csv,success = IQM over seeds of per-seed success rate; drop = cell 1 - cell 2
noise/sigma2cm_lat1step.ppo.id.SS4,descriptive (not scored),,drop,"ppo: success clean - sigma2cm_lat1step (sigma_p 0.02 m, sigma_v 0.1 m/s, 1 step latency), id SS4 (P7-D1 §4)",ppo,,results/e07/matrix/episodes.csv|aft|id|SS4,results/e07/noise/sigma2cm_lat1step/episodes.csv|aft|id|SS4,0.17833333333333334,0.09999999999999998,0.23833333333333329,True,1.0,0.8216666666666667,nan,nan,200,200,5,0,,,,,,10000,20260926,0.95,"shared_episodes: seeds per method, shared by its two cells; one set of episode indices shared by both cells and both methods (P7-D1 §2)",results/e07/matrix/episodes.csv;results/e07/noise/sigma2cm_lat1step/episodes.csv,success = IQM over seeds of per-seed success rate; drop = cell 1 - cell 2
noise/sigma2cm_lat1step.ppo.id.SS5,descriptive (not scored),,drop,"ppo: success clean - sigma2cm_lat1step (sigma_p 0.02 m, sigma_v 0.1 m/s, 1 step latency), id SS5 (P7-D1 §4)",ppo,,results/e07/matrix/episodes.csv|aft|id|SS5,results/e07/noise/sigma2cm_lat1step/episodes.csv|aft|id|SS5,0.17333333333333323,0.09999999999999998,0.2433333333333333,True,1.0,0.8266666666666668,nan,nan,200,200,5,0,,,,,,10000,20260926,0.95,"shared_episodes: seeds per method, shared by its two cells; one set of episode indices shared by both cells and both methods (P7-D1 §2)",results/e07/matrix/episodes.csv;results/e07/noise/sigma2cm_lat1step/episodes.csv,success = IQM over seeds of per-seed success rate; drop = cell 1 - cell 2
noise/sigma2cm_lat1step.ppo.id.SS6,descriptive (not scored),,drop,"ppo: success clean - sigma2cm_lat1step (sigma_p 0.02 m, sigma_v 0.1 m/s, 1 step latency), id SS6 (P7-D1 §4)",ppo,,results/e07/matrix/episodes.csv|aft|id|SS6,results/e07/noise/sigma2cm_lat1step/episodes.csv|aft|id|SS6,0.15499999999999992,0.11166666666666658,0.19999999999999996,True,0.9816666666666666,0.8266666666666667,nan,nan,200,200,5,0,,,,,,10000,20260926,0.95,"shared_episodes: seeds per method, shared by its two cells; one set of episode indices shared by both cells and both methods (P7-D1 §2)",results/e07/matrix/episodes.csv;results/e07/noise/sigma2cm_lat1step/episodes.csv,success = IQM over seeds of per-seed success rate; drop = cell 1 - cell 2
noise/sigma2cm_lat1step.sac.id.SS3,descriptive (not scored),,drop,"sac: success clean - sigma2cm_lat1step (sigma_p 0.02 m, sigma_v 0.1 m/s, 1 step latency), id SS3 (P7-D1 §4)",sac,,results/e07/matrix/episodes.csv|aft|id|SS3,results/e07/noise/sigma2cm_lat1step/episodes.csv|aft|id|SS3,0.675,0.5599999999999999,0.8066666666666666,True,0.9983333333333334,0.3233333333333333,nan,nan,200,200,5,0,,,,,,10000,20260926,0.95,"shared_episodes: seeds per method, shared by its two cells; one set of episode indices shared by both cells and both methods (P7-D1 §2)",results/e07/matrix/episodes.csv;results/e07/noise/sigma2cm_lat1step/episodes.csv,success = IQM over seeds of per-seed success rate; drop = cell 1 - cell 2
noise/sigma2cm_lat1step.sac.id.SS4,descriptive (not scored),,drop,"sac: success clean - sigma2cm_lat1step (sigma_p 0.02 m, sigma_v 0.1 m/s, 1 step latency), id SS4 (P7-D1 §4)",sac,,results/e07/matrix/episodes.csv|aft|id|SS4,results/e07/noise/sigma2cm_lat1step/episodes.csv|aft|id|SS4,0.6716666666666669,0.5250000000000001,0.77,True,0.9816666666666668,0.31,nan,nan,200,200,5,0,,,,,,10000,20260926,0.95,"shared_episodes: seeds per method, shared by its two cells; one set of episode indices shared by both cells and both methods (P7-D1 §2)",results/e07/matrix/episodes.csv;results/e07/noise/sigma2cm_lat1step/episodes.csv,success = IQM over seeds of per-seed success rate; drop = cell 1 - cell 2
noise/sigma2cm_lat1step.sac.id.SS5,descriptive (not scored),,drop,"sac: success clean - sigma2cm_lat1step (sigma_p 0.02 m, sigma_v 0.1 m/s, 1 step latency), id SS5 (P7-D1 §4)",sac,,results/e07/matrix/episodes.csv|aft|id|SS5,results/e07/noise/sigma2cm_lat1step/episodes.csv|aft|id|SS5,0.62,0.5233333333333333,0.7,True,0.87,0.25,nan,nan,200,200,5,0,,,,,,10000,20260926,0.95,"shared_episodes: seeds per method, shared by its two cells; one set of episode indices shared by both cells and both methods (P7-D1 §2)",results/e07/matrix/episodes.csv;results/e07/noise/sigma2cm_lat1step/episodes.csv,success = IQM over seeds of per-seed success rate; drop = cell 1 - cell 2
noise/sigma2cm_lat1step.sac.id.SS6,descriptive (not scored),,drop,"sac: success clean - sigma2cm_lat1step (sigma_p 0.02 m, sigma_v 0.1 m/s, 1 step latency), id SS6 (P7-D1 §4)",sac,,results/e07/matrix/episodes.csv|aft|id|SS6,results/e07/noise/sigma2cm_lat1step/episodes.csv|aft|id|SS6,0.5666666666666667,0.4600000000000001,0.6233333333333332,True,0.725,0.15833333333333333,nan,nan,200,200,5,0,,,,,,10000,20260926,0.95,"shared_episodes: seeds per method, shared by its two cells; one set of episode indices shared by both cells and both methods (P7-D1 §2)",results/e07/matrix/episodes.csv;results/e07/noise/sigma2cm_lat1step/episodes.csv,success = IQM over seeds of per-seed success rate; drop = cell 1 - cell 2
noise/sigma2cm_lat1step.residual_ppo.id.SS3,descriptive (not scored),,drop,"residual_ppo: success clean - sigma2cm_lat1step (sigma_p 0.02 m, sigma_v 0.1 m/s, 1 step latency), id SS3 (P7-D1 §4)",residual_ppo,,results/e07/matrix/episodes.csv|aft|id|SS3,results/e07/noise/sigma2cm_lat1step/episodes.csv|aft|id|SS3,0.685,0.573291666666667,0.76,True,1.0,0.315,nan,nan,200,200,5,0,,,,,,10000,20260926,0.95,"shared_episodes: seeds per method, shared by its two cells; one set of episode indices shared by both cells and both methods (P7-D1 §2)",results/e07/matrix/episodes.csv;results/e07/noise/sigma2cm_lat1step/episodes.csv,success = IQM over seeds of per-seed success rate; drop = cell 1 - cell 2
noise/sigma2cm_lat1step.residual_ppo.id.SS4,descriptive (not scored),,drop,"residual_ppo: success clean - sigma2cm_lat1step (sigma_p 0.02 m, sigma_v 0.1 m/s, 1 step latency), id SS4 (P7-D1 §4)",residual_ppo,,results/e07/matrix/episodes.csv|aft|id|SS4,results/e07/noise/sigma2cm_lat1step/episodes.csv|aft|id|SS4,0.6516666666666666,0.5433333333333332,0.7466666666666666,True,1.0,0.34833333333333333,nan,nan,200,200,5,0,,,,,,10000,20260926,0.95,"shared_episodes: seeds per method, shared by its two cells; one set of episode indices shared by both cells and both methods (P7-D1 §2)",results/e07/matrix/episodes.csv;results/e07/noise/sigma2cm_lat1step/episodes.csv,success = IQM over seeds of per-seed success rate; drop = cell 1 - cell 2
noise/sigma2cm_lat1step.residual_ppo.id.SS5,descriptive (not scored),,drop,"residual_ppo: success clean - sigma2cm_lat1step (sigma_p 0.02 m, sigma_v 0.1 m/s, 1 step latency), id SS5 (P7-D1 §4)",residual_ppo,,results/e07/matrix/episodes.csv|aft|id|SS5,results/e07/noise/sigma2cm_lat1step/episodes.csv|aft|id|SS5,0.6699999999999999,0.5683333333333332,0.7633333333333333,True,0.995,0.325,nan,nan,200,200,5,0,,,,,,10000,20260926,0.95,"shared_episodes: seeds per method, shared by its two cells; one set of episode indices shared by both cells and both methods (P7-D1 §2)",results/e07/matrix/episodes.csv;results/e07/noise/sigma2cm_lat1step/episodes.csv,success = IQM over seeds of per-seed success rate; drop = cell 1 - cell 2
noise/sigma2cm_lat1step.residual_ppo.id.SS6,descriptive (not scored),,drop,"residual_ppo: success clean - sigma2cm_lat1step (sigma_p 0.02 m, sigma_v 0.1 m/s, 1 step latency), id SS6 (P7-D1 §4)",residual_ppo,,results/e07/matrix/episodes.csv|aft|id|SS6,results/e07/noise/sigma2cm_lat1step/episodes.csv|aft|id|SS6,0.6433333333333332,0.5249999999999999,0.72,True,0.9616666666666666,0.31833333333333336,nan,nan,200,200,5,0,,,,,,10000,20260926,0.95,"shared_episodes: seeds per method, shared by its two cells; one set of episode indices shared by both cells and both methods (P7-D1 §2)",results/e07/matrix/episodes.csv;results/e07/noise/sigma2cm_lat1step/episodes.csv,success = IQM over seeds of per-seed success rate; drop = cell 1 - cell 2
noise/sigma2cm_lat1step.ppo_forecast.id.SS3,descriptive (not scored),,drop,"ppo_forecast: success clean - sigma2cm_lat1step (sigma_p 0.02 m, sigma_v 0.1 m/s, 1 step latency), id SS3 (P7-D1 §4)",ppo_forecast,,results/e07/matrix/episodes.csv|aft|id|SS3,results/e07/noise/sigma2cm_lat1step/episodes.csv|aft|id|SS3,0.009999999999999898,0.0,0.029999999999999916,False,1.0,0.9900000000000001,nan,nan,200,200,5,0,,,,,,10000,20260926,0.95,"shared_episodes: seeds per method, shared by its two cells; one set of episode indices shared by both cells and both methods (P7-D1 §2)",results/e07/matrix/episodes.csv;results/e07/noise/sigma2cm_lat1step/episodes.csv,success = IQM over seeds of per-seed success rate; drop = cell 1 - cell 2
noise/sigma2cm_lat1step.ppo_forecast.id.SS4,descriptive (not scored),,drop,"ppo_forecast: success clean - sigma2cm_lat1step (sigma_p 0.02 m, sigma_v 0.1 m/s, 1 step latency), id SS4 (P7-D1 §4)",ppo_forecast,,results/e07/matrix/episodes.csv|aft|id|SS4,results/e07/noise/sigma2cm_lat1step/episodes.csv|aft|id|SS4,0.009999999999999898,0.0,0.025000000000000022,False,1.0,0.9900000000000001,nan,nan,200,200,5,0,,,,,,10000,20260926,0.95,"shared_episodes: seeds per method, shared by its two cells; one set of episode indices shared by both cells and both methods (P7-D1 §2)",results/e07/matrix/episodes.csv;results/e07/noise/sigma2cm_lat1step/episodes.csv,success = IQM over seeds of per-seed success rate; drop = cell 1 - cell 2
noise/sigma2cm_lat1step.ppo_forecast.id.SS5,descriptive (not scored),,drop,"ppo_forecast: success clean - sigma2cm_lat1step (sigma_p 0.02 m, sigma_v 0.1 m/s, 1 step latency), id SS5 (P7-D1 §4)",ppo_forecast,,results/e07/matrix/episodes.csv|aft|id|SS5,results/e07/noise/sigma2cm_lat1step/episodes.csv|aft|id|SS5,0.015000000000000013,0.0033333333333332993,0.02833333333333332,True,1.0,0.985,nan,nan,200,200,5,0,,,,,,10000,20260926,0.95,"shared_episodes: seeds per method, shared by its two cells; one set of episode indices shared by both cells and both methods (P7-D1 §2)",results/e07/matrix/episodes.csv;results/e07/noise/sigma2cm_lat1step/episodes.csv,success = IQM over seeds of per-seed success rate; drop = cell 1 - cell 2
noise/sigma2cm_lat1step.ppo_forecast.id.SS6,descriptive (not scored),,drop,"ppo_forecast: success clean - sigma2cm_lat1step (sigma_p 0.02 m, sigma_v 0.1 m/s, 1 step latency), id SS6 (P7-D1 §4)",ppo_forecast,,results/e07/matrix/episodes.csv|aft|id|SS6,results/e07/noise/sigma2cm_lat1step/episodes.csv|aft|id|SS6,0.018333333333333424,0.0033333333333334103,0.04499999999999993,True,0.98,0.9616666666666666,nan,nan,200,200,5,0,,,,,,10000,20260926,0.95,"shared_episodes: seeds per method, shared by its two cells; one set of episode indices shared by both cells and both methods (P7-D1 §2)",results/e07/matrix/episodes.csv;results/e07/noise/sigma2cm_lat1step/episodes.csv,success = IQM over seeds of per-seed success rate; drop = cell 1 - cell 2
noise/sigma2cm_lat1step.residual_ppo_forecast.id.SS3,descriptive (not scored),,drop,"residual_ppo_forecast: success clean - sigma2cm_lat1step (sigma_p 0.02 m, sigma_v 0.1 m/s, 1 step latency), id SS3 (P7-D1 §4)",residual_ppo_forecast,,results/e07/matrix/episodes.csv|aft|id|SS3,results/e07/noise/sigma2cm_lat1step/episodes.csv|aft|id|SS3,0.485,0.3350000000000001,0.5633333333333332,True,1.0,0.515,nan,nan,200,200,5,0,,,,,,10000,20260926,0.95,"shared_episodes: seeds per method, shared by its two cells; one set of episode indices shared by both cells and both methods (P7-D1 §2)",results/e07/matrix/episodes.csv;results/e07/noise/sigma2cm_lat1step/episodes.csv,success = IQM over seeds of per-seed success rate; drop = cell 1 - cell 2
noise/sigma2cm_lat1step.residual_ppo_forecast.id.SS4,descriptive (not scored),,drop,"residual_ppo_forecast: success clean - sigma2cm_lat1step (sigma_p 0.02 m, sigma_v 0.1 m/s, 1 step latency), id SS4 (P7-D1 §4)",residual_ppo_forecast,,results/e07/matrix/episodes.csv|aft|id|SS4,results/e07/noise/sigma2cm_lat1step/episodes.csv|aft|id|SS4,0.5133333333333334,0.32666666666666666,0.5783333333333334,True,1.0,0.48666666666666664,nan,nan,200,200,5,0,,,,,,10000,20260926,0.95,"shared_episodes: seeds per method, shared by its two cells; one set of episode indices shared by both cells and both methods (P7-D1 §2)",results/e07/matrix/episodes.csv;results/e07/noise/sigma2cm_lat1step/episodes.csv,success = IQM over seeds of per-seed success rate; drop = cell 1 - cell 2
noise/sigma2cm_lat1step.residual_ppo_forecast.id.SS5,descriptive (not scored),,drop,"residual_ppo_forecast: success clean - sigma2cm_lat1step (sigma_p 0.02 m, sigma_v 0.1 m/s, 1 step latency), id SS5 (P7-D1 §4)",residual_ppo_forecast,,results/e07/matrix/episodes.csv|aft|id|SS5,results/e07/noise/sigma2cm_lat1step/episodes.csv|aft|id|SS5,0.5233333333333333,0.385,0.57,True,0.995,0.4716666666666667,nan,nan,200,200,5,0,,,,,,10000,20260926,0.95,"shared_episodes: seeds per method, shared by its two cells; one set of episode indices shared by both cells and both methods (P7-D1 §2)",results/e07/matrix/episodes.csv;results/e07/noise/sigma2cm_lat1step/episodes.csv,success = IQM over seeds of per-seed success rate; drop = cell 1 - cell 2
noise/sigma2cm_lat1step.residual_ppo_forecast.id.SS6,descriptive (not scored),,drop,"residual_ppo_forecast: success clean - sigma2cm_lat1step (sigma_p 0.02 m, sigma_v 0.1 m/s, 1 step latency), id SS6 (P7-D1 §4)",residual_ppo_forecast,,results/e07/matrix/episodes.csv|aft|id|SS6,results/e07/noise/sigma2cm_lat1step/episodes.csv|aft|id|SS6,0.49833333333333335,0.355,0.5599999999999998,True,0.9683333333333334,0.47000000000000003,nan,nan,200,200,5,0,,,,,,10000,20260926,0.95,"shared_episodes: seeds per method, shared by its two cells; one set of episode indices shared by both cells and both methods (P7-D1 §2)",results/e07/matrix/episodes.csv;results/e07/noise/sigma2cm_lat1step/episodes.csv,success = IQM over seeds of per-seed success rate; drop = cell 1 - cell 2
noise/sigma2cm_lat1step.ppo_sinusoid.id.SS3,descriptive (not scored),,drop,"ppo_sinusoid: success clean - sigma2cm_lat1step (sigma_p 0.02 m, sigma_v 0.1 m/s, 1 step latency), id SS3 (P7-D1 §4)",ppo_sinusoid,,results/e07/matrix/episodes.csv|aft|id|SS3,results/e07/noise/sigma2cm_lat1step/episodes.csv|aft|id|SS3,0.255,0.20500000000000007,0.375,True,1.0,0.745,nan,nan,200,200,5,0,,,,,,10000,20260926,0.95,"shared_episodes: seeds per method, shared by its two cells; one set of episode indices shared by both cells and both methods (P7-D1 §2)",results/e07/matrix/episodes.csv;results/e07/noise/sigma2cm_lat1step/episodes.csv,success = IQM over seeds of per-seed success rate; drop = cell 1 - cell 2
noise/sigma2cm_lat1step.ppo_sinusoid.id.SS4,descriptive (not scored),,drop,"ppo_sinusoid: success clean - sigma2cm_lat1step (sigma_p 0.02 m, sigma_v 0.1 m/s, 1 step latency), id SS4 (P7-D1 §4)",ppo_sinusoid,,results/e07/matrix/episodes.csv|aft|id|SS4,results/e07/noise/sigma2cm_lat1step/episodes.csv|aft|id|SS4,0.2533333333333333,0.16500000000000004,0.41833333333333333,True,1.0,0.7466666666666667,nan,nan,200,200,5,0,,,,,,10000,20260926,0.95,"shared_episodes: seeds per method, shared by its two cells; one set of episode indices shared by both cells and both methods (P7-D1 §2)",results/e07/matrix/episodes.csv;results/e07/noise/sigma2cm_lat1step/episodes.csv,success = IQM over seeds of per-seed success rate; drop = cell 1 - cell 2
noise/sigma2cm_lat1step.ppo_sinusoid.id.SS5,descriptive (not scored),,drop,"ppo_sinusoid: success clean - sigma2cm_lat1step (sigma_p 0.02 m, sigma_v 0.1 m/s, 1 step latency), id SS5 (P7-D1 §4)",ppo_sinusoid,,results/e07/matrix/episodes.csv|aft|id|SS5,results/e07/noise/sigma2cm_lat1step/episodes.csv|aft|id|SS5,0.23166666666666658,0.18166666666666664,0.31833333333333336,True,1.0,0.7683333333333334,nan,nan,200,200,5,0,,,,,,10000,20260926,0.95,"shared_episodes: seeds per method, shared by its two cells; one set of episode indices shared by both cells and both methods (P7-D1 §2)",results/e07/matrix/episodes.csv;results/e07/noise/sigma2cm_lat1step/episodes.csv,success = IQM over seeds of per-seed success rate; drop = cell 1 - cell 2
noise/sigma2cm_lat1step.ppo_sinusoid.id.SS6,descriptive (not scored),,drop,"ppo_sinusoid: success clean - sigma2cm_lat1step (sigma_p 0.02 m, sigma_v 0.1 m/s, 1 step latency), id SS6 (P7-D1 §4)",ppo_sinusoid,,results/e07/matrix/episodes.csv|aft|id|SS6,results/e07/noise/sigma2cm_lat1step/episodes.csv|aft|id|SS6,0.255,0.17666666666666675,0.3416666666666667,True,0.9733333333333333,0.7183333333333333,nan,nan,200,200,5,0,,,,,,10000,20260926,0.95,"shared_episodes: seeds per method, shared by its two cells; one set of episode indices shared by both cells and both methods (P7-D1 §2)",results/e07/matrix/episodes.csv;results/e07/noise/sigma2cm_lat1step/episodes.csv,success = IQM over seeds of per-seed success rate; drop = cell 1 - cell 2
noise/sigma2cm_lat1step.pid_track_descend.id.SS3,descriptive (not scored),,drop,"pid_track_descend: success clean - sigma2cm_lat1step (sigma_p 0.02 m, sigma_v 0.1 m/s, 1 step latency), id SS3 (P7-D1 §4)",pid_track_descend,,results/e01/episodes.csv|aft|id|SS3,results/e07/noise/sigma2cm_lat1step/episodes.csv|aft|id|SS3,0.17000000000000004,0.12,0.22499999999999998,True,1.0,0.83,nan,nan,200,200,1,0,,,,,,10000,20260926,0.95,"shared_episodes: seeds per method, shared by its two cells; one set of episode indices shared by both cells and both methods (P7-D1 §2)",results/e01/episodes.csv;results/e07/noise/sigma2cm_lat1step/episodes.csv,success = IQM over seeds of per-seed success rate; drop = cell 1 - cell 2
noise/sigma2cm_lat1step.pid_track_descend.id.SS4,descriptive (not scored),,drop,"pid_track_descend: success clean - sigma2cm_lat1step (sigma_p 0.02 m, sigma_v 0.1 m/s, 1 step latency), id SS4 (P7-D1 §4)",pid_track_descend,,results/e01/episodes.csv|aft|id|SS4,results/e07/noise/sigma2cm_lat1step/episodes.csv|aft|id|SS4,0.22499999999999998,0.16499999999999992,0.28500000000000003,True,0.96,0.735,nan,nan,200,200,1,0,,,,,,10000,20260926,0.95,"shared_episodes: seeds per method, shared by its two cells; one set of episode indices shared by both cells and both methods (P7-D1 §2)",results/e01/episodes.csv;results/e07/noise/sigma2cm_lat1step/episodes.csv,success = IQM over seeds of per-seed success rate; drop = cell 1 - cell 2
noise/sigma2cm_lat1step.pid_track_descend.id.SS5,descriptive (not scored),,drop,"pid_track_descend: success clean - sigma2cm_lat1step (sigma_p 0.02 m, sigma_v 0.1 m/s, 1 step latency), id SS5 (P7-D1 §4)",pid_track_descend,,results/e01/episodes.csv|aft|id|SS5,results/e07/noise/sigma2cm_lat1step/episodes.csv|aft|id|SS5,0.19499999999999995,0.1399999999999999,0.255,True,0.85,0.655,nan,nan,200,200,1,0,,,,,,10000,20260926,0.95,"shared_episodes: seeds per method, shared by its two cells; one set of episode indices shared by both cells and both methods (P7-D1 §2)",results/e01/episodes.csv;results/e07/noise/sigma2cm_lat1step/episodes.csv,success = IQM over seeds of per-seed success rate; drop = cell 1 - cell 2
noise/sigma2cm_lat1step.pid_track_descend.id.SS6,descriptive (not scored),,drop,"pid_track_descend: success clean - sigma2cm_lat1step (sigma_p 0.02 m, sigma_v 0.1 m/s, 1 step latency), id SS6 (P7-D1 §4)",pid_track_descend,,results/e01/episodes.csv|aft|id|SS6,results/e07/noise/sigma2cm_lat1step/episodes.csv|aft|id|SS6,0.14,0.06000000000000005,0.21999999999999997,True,0.8,0.66,nan,nan,200,200,1,0,,,,,,10000,20260926,0.95,"shared_episodes: seeds per method, shared by its two cells; one set of episode indices shared by both cells and both methods (P7-D1 §2)",results/e01/episodes.csv;results/e07/noise/sigma2cm_lat1step/episodes.csv,success = IQM over seeds of per-seed success rate; drop = cell 1 - cell 2
noise/sigma2cm_lat1step.pid_feedforward.id.SS3,descriptive (not scored),,drop,"pid_feedforward: success clean - sigma2cm_lat1step (sigma_p 0.02 m, sigma_v 0.1 m/s, 1 step latency), id SS3 (P7-D1 §4)",pid_feedforward,,results/e01/episodes.csv|aft|id|SS3,results/e07/noise/sigma2cm_lat1step/episodes.csv|aft|id|SS3,0.91,0.87,0.9451249999999981,True,1.0,0.09,nan,nan,200,200,1,0,,,,,,10000,20260926,0.95,"shared_episodes: seeds per method, shared by its two cells; one set of episode indices shared by both cells and both methods (P7-D1 §2)",results/e01/episodes.csv;results/e07/noise/sigma2cm_lat1step/episodes.csv,success = IQM over seeds of per-seed success rate; drop = cell 1 - cell 2
noise/sigma2cm_lat1step.pid_feedforward.id.SS4,descriptive (not scored),,drop,"pid_feedforward: success clean - sigma2cm_lat1step (sigma_p 0.02 m, sigma_v 0.1 m/s, 1 step latency), id SS4 (P7-D1 §4)",pid_feedforward,,results/e01/episodes.csv|aft|id|SS4,results/e07/noise/sigma2cm_lat1step/episodes.csv|aft|id|SS4,0.87,0.8200000000000001,0.915,True,1.0,0.13,nan,nan,200,200,1,0,,,,,,10000,20260926,0.95,"shared_episodes: seeds per method, shared by its two cells; one set of episode indices shared by both cells and both methods (P7-D1 §2)",results/e01/episodes.csv;results/e07/noise/sigma2cm_lat1step/episodes.csv,success = IQM over seeds of per-seed success rate; drop = cell 1 - cell 2
noise/sigma2cm_lat1step.pid_feedforward.id.SS5,descriptive (not scored),,drop,"pid_feedforward: success clean - sigma2cm_lat1step (sigma_p 0.02 m, sigma_v 0.1 m/s, 1 step latency), id SS5 (P7-D1 §4)",pid_feedforward,,results/e01/episodes.csv|aft|id|SS5,results/e07/noise/sigma2cm_lat1step/episodes.csv|aft|id|SS5,0.89,0.845,0.9299999999999999,True,0.99,0.1,nan,nan,200,200,1,0,,,,,,10000,20260926,0.95,"shared_episodes: seeds per method, shared by its two cells; one set of episode indices shared by both cells and both methods (P7-D1 §2)",results/e01/episodes.csv;results/e07/noise/sigma2cm_lat1step/episodes.csv,success = IQM over seeds of per-seed success rate; drop = cell 1 - cell 2
noise/sigma2cm_lat1step.pid_feedforward.id.SS6,descriptive (not scored),,drop,"pid_feedforward: success clean - sigma2cm_lat1step (sigma_p 0.02 m, sigma_v 0.1 m/s, 1 step latency), id SS6 (P7-D1 §4)",pid_feedforward,,results/e01/episodes.csv|aft|id|SS6,results/e07/noise/sigma2cm_lat1step/episodes.csv|aft|id|SS6,0.8250000000000001,0.77,0.875,True,0.905,0.08,nan,nan,200,200,1,0,,,,,,10000,20260926,0.95,"shared_episodes: seeds per method, shared by its two cells; one set of episode indices shared by both cells and both methods (P7-D1 §2)",results/e01/episodes.csv;results/e07/noise/sigma2cm_lat1step/episodes.csv,success = IQM over seeds of per-seed success rate; drop = cell 1 - cell 2
noise/sigma2cm_lat1step.pid_feedforward_lowvz.id.SS3,descriptive (not scored),,drop,"pid_feedforward_lowvz: success clean - sigma2cm_lat1step (sigma_p 0.02 m, sigma_v 0.1 m/s, 1 step latency), id SS3 (P7-D1 §4)",pid_feedforward_lowvz,,results/e01/episodes.csv|aft|id|SS3,results/e07/noise/sigma2cm_lat1step/episodes.csv|aft|id|SS3,0.62,0.55,0.685,True,1.0,0.38,nan,nan,200,200,1,0,,,,,,10000,20260926,0.95,"shared_episodes: seeds per method, shared by its two cells; one set of episode indices shared by both cells and both methods (P7-D1 §2)",results/e01/episodes.csv;results/e07/noise/sigma2cm_lat1step/episodes.csv,success = IQM over seeds of per-seed success rate; drop = cell 1 - cell 2
noise/sigma2cm_lat1step.pid_feedforward_lowvz.id.SS4,descriptive (not scored),,drop,"pid_feedforward_lowvz: success clean - sigma2cm_lat1step (sigma_p 0.02 m, sigma_v 0.1 m/s, 1 step latency), id SS4 (P7-D1 §4)",pid_feedforward_lowvz,,results/e01/episodes.csv|aft|id|SS4,results/e07/noise/sigma2cm_lat1step/episodes.csv|aft|id|SS4,0.59,0.52,0.6599999999999999,True,0.98,0.39,nan,nan,200,200,1,0,,,,,,10000,20260926,0.95,"shared_episodes: seeds per method, shared by its two cells; one set of episode indices shared by both cells and both methods (P7-D1 §2)",results/e01/episodes.csv;results/e07/noise/sigma2cm_lat1step/episodes.csv,success = IQM over seeds of per-seed success rate; drop = cell 1 - cell 2
noise/sigma2cm_lat1step.pid_feedforward_lowvz.id.SS5,descriptive (not scored),,drop,"pid_feedforward_lowvz: success clean - sigma2cm_lat1step (sigma_p 0.02 m, sigma_v 0.1 m/s, 1 step latency), id SS5 (P7-D1 §4)",pid_feedforward_lowvz,,results/e01/episodes.csv|aft|id|SS5,results/e07/noise/sigma2cm_lat1step/episodes.csv|aft|id|SS5,0.595,0.5249999999999999,0.665,True,0.955,0.36,nan,nan,200,200,1,0,,,,,,10000,20260926,0.95,"shared_episodes: seeds per method, shared by its two cells; one set of episode indices shared by both cells and both methods (P7-D1 §2)",results/e01/episodes.csv;results/e07/noise/sigma2cm_lat1step/episodes.csv,success = IQM over seeds of per-seed success rate; drop = cell 1 - cell 2
noise/sigma2cm_lat1step.pid_feedforward_lowvz.id.SS6,descriptive (not scored),,drop,"pid_feedforward_lowvz: success clean - sigma2cm_lat1step (sigma_p 0.02 m, sigma_v 0.1 m/s, 1 step latency), id SS6 (P7-D1 §4)",pid_feedforward_lowvz,,results/e01/episodes.csv|aft|id|SS6,results/e07/noise/sigma2cm_lat1step/episodes.csv|aft|id|SS6,0.58,0.5049999999999999,0.655,True,0.85,0.27,nan,nan,200,200,1,0,,,,,,10000,20260926,0.95,"shared_episodes: seeds per method, shared by its two cells; one set of episode indices shared by both cells and both methods (P7-D1 §2)",results/e01/episodes.csv;results/e07/noise/sigma2cm_lat1step/episodes.csv,success = IQM over seeds of per-seed success rate; drop = cell 1 - cell 2
noise/sigma2cm_lat1step.pid_feedforward_lowvz_cut.id.SS3,descriptive (not scored),,drop,"pid_feedforward_lowvz_cut: success clean - sigma2cm_lat1step (sigma_p 0.02 m, sigma_v 0.1 m/s, 1 step latency), id SS3 (P7-D1 §4)",pid_feedforward_lowvz_cut,,results/e01_lowvz_cut/episodes.csv|aft|id|SS3,results/e07/noise/sigma2cm_lat1step/episodes.csv|aft|id|SS3,0.20999999999999996,0.15500000000000003,0.27,True,1.0,0.79,nan,nan,200,200,1,0,,,,,,10000,20260926,0.95,"shared_episodes: seeds per method, shared by its two cells; one set of episode indices shared by both cells and both methods (P7-D1 §2)",results/e01_lowvz_cut/episodes.csv;results/e07/noise/sigma2cm_lat1step/episodes.csv,success = IQM over seeds of per-seed success rate; drop = cell 1 - cell 2
noise/sigma2cm_lat1step.pid_feedforward_lowvz_cut.id.SS4,descriptive (not scored),,drop,"pid_feedforward_lowvz_cut: success clean - sigma2cm_lat1step (sigma_p 0.02 m, sigma_v 0.1 m/s, 1 step latency), id SS4 (P7-D1 §4)",pid_feedforward_lowvz_cut,,results/e01_lowvz_cut/episodes.csv|aft|id|SS4,results/e07/noise/sigma2cm_lat1step/episodes.csv|aft|id|SS4,0.19999999999999996,0.14,0.26,True,0.985,0.785,nan,nan,200,200,1,0,,,,,,10000,20260926,0.95,"shared_episodes: seeds per method, shared by its two cells; one set of episode indices shared by both cells and both methods (P7-D1 §2)",results/e01_lowvz_cut/episodes.csv;results/e07/noise/sigma2cm_lat1step/episodes.csv,success = IQM over seeds of per-seed success rate; drop = cell 1 - cell 2
noise/sigma2cm_lat1step.pid_feedforward_lowvz_cut.id.SS5,descriptive (not scored),,drop,"pid_feedforward_lowvz_cut: success clean - sigma2cm_lat1step (sigma_p 0.02 m, sigma_v 0.1 m/s, 1 step latency), id SS5 (P7-D1 §4)",pid_feedforward_lowvz_cut,,results/e01_lowvz_cut/episodes.csv|aft|id|SS5,results/e07/noise/sigma2cm_lat1step/episodes.csv|aft|id|SS5,0.20999999999999996,0.15000000000000002,0.27,True,0.98,0.77,nan,nan,200,200,1,0,,,,,,10000,20260926,0.95,"shared_episodes: seeds per method, shared by its two cells; one set of episode indices shared by both cells and both methods (P7-D1 §2)",results/e01_lowvz_cut/episodes.csv;results/e07/noise/sigma2cm_lat1step/episodes.csv,success = IQM over seeds of per-seed success rate; drop = cell 1 - cell 2
noise/sigma2cm_lat1step.pid_feedforward_lowvz_cut.id.SS6,descriptive (not scored),,drop,"pid_feedforward_lowvz_cut: success clean - sigma2cm_lat1step (sigma_p 0.02 m, sigma_v 0.1 m/s, 1 step latency), id SS6 (P7-D1 §4)",pid_feedforward_lowvz_cut,,results/e01_lowvz_cut/episodes.csv|aft|id|SS6,results/e07/noise/sigma2cm_lat1step/episodes.csv|aft|id|SS6,0.18000000000000005,0.10999999999999999,0.25,True,0.88,0.7,nan,nan,200,200,1,0,,,,,,10000,20260926,0.95,"shared_episodes: seeds per method, shared by its two cells; one set of episode indices shared by both cells and both methods (P7-D1 §2)",results/e01_lowvz_cut/episodes.csv;results/e07/noise/sigma2cm_lat1step/episodes.csv,success = IQM over seeds of per-seed success rate; drop = cell 1 - cell 2
noise/sigma2cm_lat1step.gated.id.SS3,descriptive (not scored),,drop,"gated: success clean - sigma2cm_lat1step (sigma_p 0.02 m, sigma_v 0.1 m/s, 1 step latency), id SS3 (P7-D1 §4)",gated,,results/e01/episodes.csv|aft|id|SS3,results/e07/noise/sigma2cm_lat1step/episodes.csv|aft|id|SS3,1.0,1.0,1.0,True,1.0,0.0,nan,nan,200,200,1,0,,,,,,10000,20260926,0.95,"shared_episodes: seeds per method, shared by its two cells; one set of episode indices shared by both cells and both methods (P7-D1 §2)",results/e01/episodes.csv;results/e07/noise/sigma2cm_lat1step/episodes.csv,success = IQM over seeds of per-seed success rate; drop = cell 1 - cell 2
noise/sigma2cm_lat1step.gated.id.SS4,descriptive (not scored),,drop,"gated: success clean - sigma2cm_lat1step (sigma_p 0.02 m, sigma_v 0.1 m/s, 1 step latency), id SS4 (P7-D1 §4)",gated,,results/e01/episodes.csv|aft|id|SS4,results/e07/noise/sigma2cm_lat1step/episodes.csv|aft|id|SS4,0.985,0.965,1.0,True,0.985,0.0,nan,nan,200,200,1,0,,,,,,10000,20260926,0.95,"shared_episodes: seeds per method, shared by its two cells; one set of episode indices shared by both cells and both methods (P7-D1 §2)",results/e01/episodes.csv;results/e07/noise/sigma2cm_lat1step/episodes.csv,success = IQM over seeds of per-seed success rate; drop = cell 1 - cell 2
noise/sigma2cm_lat1step.gated.id.SS5,descriptive (not scored),,drop,"gated: success clean - sigma2cm_lat1step (sigma_p 0.02 m, sigma_v 0.1 m/s, 1 step latency), id SS5 (P7-D1 §4)",gated,,results/e01/episodes.csv|aft|id|SS5,results/e07/noise/sigma2cm_lat1step/episodes.csv|aft|id|SS5,0.895,0.854875000000001,0.935,True,0.895,0.0,nan,nan,200,200,1,0,,,,,,10000,20260926,0.95,"shared_episodes: seeds per method, shared by its two cells; one set of episode indices shared by both cells and both methods (P7-D1 §2)",results/e01/episodes.csv;results/e07/noise/sigma2cm_lat1step/episodes.csv,success = IQM over seeds of per-seed success rate; drop = cell 1 - cell 2
noise/sigma2cm_lat1step.gated.id.SS6,descriptive (not scored),,drop,"gated: success clean - sigma2cm_lat1step (sigma_p 0.02 m, sigma_v 0.1 m/s, 1 step latency), id SS6 (P7-D1 §4)",gated,,results/e01/episodes.csv|aft|id|SS6,results/e07/noise/sigma2cm_lat1step/episodes.csv|aft|id|SS6,0.63,0.565,0.695,True,0.63,0.0,nan,nan,200,200,1,0,,,,,,10000,20260926,0.95,"shared_episodes: seeds per method, shared by its two cells; one set of episode indices shared by both cells and both methods (P7-D1 §2)",results/e01/episodes.csv;results/e07/noise/sigma2cm_lat1step/episodes.csv,success = IQM over seeds of per-seed success rate; drop = cell 1 - cell 2
noise/sigma2cm_lat1step.oracle_gated.id.SS3,descriptive (not scored),,drop,"oracle_gated: success clean - sigma2cm_lat1step (sigma_p 0.02 m, sigma_v 0.1 m/s, 1 step latency), id SS3 (P7-D1 §4)",oracle_gated,,results/e01/episodes.csv|aft|id|SS3,results/e07/noise/sigma2cm_lat1step/episodes.csv|aft|id|SS3,0.98,0.96,0.995,True,1.0,0.02,nan,nan,200,200,1,0,,,,,,10000,20260926,0.95,"shared_episodes: seeds per method, shared by its two cells; one set of episode indices shared by both cells and both methods (P7-D1 §2)",results/e01/episodes.csv;results/e07/noise/sigma2cm_lat1step/episodes.csv,success = IQM over seeds of per-seed success rate; drop = cell 1 - cell 2
noise/sigma2cm_lat1step.oracle_gated.id.SS4,descriptive (not scored),,drop,"oracle_gated: success clean - sigma2cm_lat1step (sigma_p 0.02 m, sigma_v 0.1 m/s, 1 step latency), id SS4 (P7-D1 §4)",oracle_gated,,results/e01/episodes.csv|aft|id|SS4,results/e07/noise/sigma2cm_lat1step/episodes.csv|aft|id|SS4,0.97,0.945,0.99,True,0.985,0.015,nan,nan,200,200,1,0,,,,,,10000,20260926,0.95,"shared_episodes: seeds per method, shared by its two cells; one set of episode indices shared by both cells and both methods (P7-D1 §2)",results/e01/episodes.csv;results/e07/noise/sigma2cm_lat1step/episodes.csv,success = IQM over seeds of per-seed success rate; drop = cell 1 - cell 2
noise/sigma2cm_lat1step.oracle_gated.id.SS5,descriptive (not scored),,drop,"oracle_gated: success clean - sigma2cm_lat1step (sigma_p 0.02 m, sigma_v 0.1 m/s, 1 step latency), id SS5 (P7-D1 §4)",oracle_gated,,results/e01/episodes.csv|aft|id|SS5,results/e07/noise/sigma2cm_lat1step/episodes.csv|aft|id|SS5,0.89,0.845,0.93,True,0.89,0.0,nan,nan,200,200,1,0,,,,,,10000,20260926,0.95,"shared_episodes: seeds per method, shared by its two cells; one set of episode indices shared by both cells and both methods (P7-D1 §2)",results/e01/episodes.csv;results/e07/noise/sigma2cm_lat1step/episodes.csv,success = IQM over seeds of per-seed success rate; drop = cell 1 - cell 2
noise/sigma2cm_lat1step.oracle_gated.id.SS6,descriptive (not scored),,drop,"oracle_gated: success clean - sigma2cm_lat1step (sigma_p 0.02 m, sigma_v 0.1 m/s, 1 step latency), id SS6 (P7-D1 §4)",oracle_gated,,results/e01/episodes.csv|aft|id|SS6,results/e07/noise/sigma2cm_lat1step/episodes.csv|aft|id|SS6,0.64,0.575,0.705,True,0.645,0.005,nan,nan,200,200,1,0,,,,,,10000,20260926,0.95,"shared_episodes: seeds per method, shared by its two cells; one set of episode indices shared by both cells and both methods (P7-D1 §2)",results/e01/episodes.csv;results/e07/noise/sigma2cm_lat1step/episodes.csv,success = IQM over seeds of per-seed success rate; drop = cell 1 - cell 2
noise/sigma4cm_lat1step.ppo.id.SS3,descriptive (not scored),,drop,"ppo: success clean - sigma4cm_lat1step (sigma_p 0.04 m, sigma_v 0.2 m/s, 1 step latency), id SS3 (P7-D1 §4)",ppo,,results/e07/matrix/episodes.csv|aft|id|SS3,results/e07/noise/sigma4cm_lat1step/episodes.csv|aft|id|SS3,0.42166666666666675,0.265,0.5133333333333334,True,1.0,0.5783333333333333,nan,nan,200,200,5,0,,,,,,10000,20260926,0.95,"shared_episodes: seeds per method, shared by its two cells; one set of episode indices shared by both cells and both methods (P7-D1 §2)",results/e07/matrix/episodes.csv;results/e07/noise/sigma4cm_lat1step/episodes.csv,success = IQM over seeds of per-seed success rate; drop = cell 1 - cell 2
noise/sigma4cm_lat1step.ppo.id.SS4,descriptive (not scored),,drop,"ppo: success clean - sigma4cm_lat1step (sigma_p 0.04 m, sigma_v 0.2 m/s, 1 step latency), id SS4 (P7-D1 §4)",ppo,,results/e07/matrix/episodes.csv|aft|id|SS4,results/e07/noise/sigma4cm_lat1step/episodes.csv|aft|id|SS4,0.43499999999999994,0.2766666666666667,0.5316666666666667,True,1.0,0.5650000000000001,nan,nan,200,200,5,0,,,,,,10000,20260926,0.95,"shared_episodes: seeds per method, shared by its two cells; one set of episode indices shared by both cells and both methods (P7-D1 §2)",results/e07/matrix/episodes.csv;results/e07/noise/sigma4cm_lat1step/episodes.csv,success = IQM over seeds of per-seed success rate; drop = cell 1 - cell 2
noise/sigma4cm_lat1step.ppo.id.SS5,descriptive (not scored),,drop,"ppo: success clean - sigma4cm_lat1step (sigma_p 0.04 m, sigma_v 0.2 m/s, 1 step latency), id SS5 (P7-D1 §4)",ppo,,results/e07/matrix/episodes.csv|aft|id|SS5,results/e07/noise/sigma4cm_lat1step/episodes.csv|aft|id|SS5,0.43833333333333335,0.30333333333333334,0.5333333333333334,True,1.0,0.5616666666666666,nan,nan,200,200,5,0,,,,,,10000,20260926,0.95,"shared_episodes: seeds per method, shared by its two cells; one set of episode indices shared by both cells and both methods (P7-D1 §2)",results/e07/matrix/episodes.csv;results/e07/noise/sigma4cm_lat1step/episodes.csv,success = IQM over seeds of per-seed success rate; drop = cell 1 - cell 2
noise/sigma4cm_lat1step.ppo.id.SS6,descriptive (not scored),,drop,"ppo: success clean - sigma4cm_lat1step (sigma_p 0.04 m, sigma_v 0.2 m/s, 1 step latency), id SS6 (P7-D1 §4)",ppo,,results/e07/matrix/episodes.csv|aft|id|SS6,results/e07/noise/sigma4cm_lat1step/episodes.csv|aft|id|SS6,0.44666666666666655,0.33499999999999996,0.53,True,0.9816666666666666,0.535,nan,nan,200,200,5,0,,,,,,10000,20260926,0.95,"shared_episodes: seeds per method, shared by its two cells; one set of episode indices shared by both cells and both methods (P7-D1 §2)",results/e07/matrix/episodes.csv;results/e07/noise/sigma4cm_lat1step/episodes.csv,success = IQM over seeds of per-seed success rate; drop = cell 1 - cell 2
noise/sigma4cm_lat1step.sac.id.SS3,descriptive (not scored),,drop,"sac: success clean - sigma4cm_lat1step (sigma_p 0.04 m, sigma_v 0.2 m/s, 1 step latency), id SS3 (P7-D1 §4)",sac,,results/e07/matrix/episodes.csv|aft|id|SS3,results/e07/noise/sigma4cm_lat1step/episodes.csv|aft|id|SS3,0.8766666666666667,0.71,0.9433333333333334,True,0.9983333333333334,0.12166666666666666,nan,nan,200,200,5,0,,,,,,10000,20260926,0.95,"shared_episodes: seeds per method, shared by its two cells; one set of episode indices shared by both cells and both methods (P7-D1 §2)",results/e07/matrix/episodes.csv;results/e07/noise/sigma4cm_lat1step/episodes.csv,success = IQM over seeds of per-seed success rate; drop = cell 1 - cell 2
noise/sigma4cm_lat1step.sac.id.SS4,descriptive (not scored),,drop,"sac: success clean - sigma4cm_lat1step (sigma_p 0.04 m, sigma_v 0.2 m/s, 1 step latency), id SS4 (P7-D1 §4)",sac,,results/e07/matrix/episodes.csv|aft|id|SS4,results/e07/noise/sigma4cm_lat1step/episodes.csv|aft|id|SS4,0.8533333333333335,0.7233333333333333,0.905,True,0.9816666666666668,0.12833333333333333,nan,nan,200,200,5,0,,,,,,10000,20260926,0.95,"shared_episodes: seeds per method, shared by its two cells; one set of episode indices shared by both cells and both methods (P7-D1 §2)",results/e07/matrix/episodes.csv;results/e07/noise/sigma4cm_lat1step/episodes.csv,success = IQM over seeds of per-seed success rate; drop = cell 1 - cell 2
noise/sigma4cm_lat1step.sac.id.SS5,descriptive (not scored),,drop,"sac: success clean - sigma4cm_lat1step (sigma_p 0.04 m, sigma_v 0.2 m/s, 1 step latency), id SS5 (P7-D1 §4)",sac,,results/e07/matrix/episodes.csv|aft|id|SS5,results/e07/noise/sigma4cm_lat1step/episodes.csv|aft|id|SS5,0.7733333333333333,0.6783333333333335,0.8316666666666667,True,0.87,0.09666666666666668,nan,nan,200,200,5,0,,,,,,10000,20260926,0.95,"shared_episodes: seeds per method, shared by its two cells; one set of episode indices shared by both cells and both methods (P7-D1 §2)",results/e07/matrix/episodes.csv;results/e07/noise/sigma4cm_lat1step/episodes.csv,success = IQM over seeds of per-seed success rate; drop = cell 1 - cell 2
noise/sigma4cm_lat1step.sac.id.SS6,descriptive (not scored),,drop,"sac: success clean - sigma4cm_lat1step (sigma_p 0.04 m, sigma_v 0.2 m/s, 1 step latency), id SS6 (P7-D1 §4)",sac,,results/e07/matrix/episodes.csv|aft|id|SS6,results/e07/noise/sigma4cm_lat1step/episodes.csv|aft|id|SS6,0.6666666666666666,0.5516250000000003,0.73,True,0.725,0.05833333333333333,nan,nan,200,200,5,0,,,,,,10000,20260926,0.95,"shared_episodes: seeds per method, shared by its two cells; one set of episode indices shared by both cells and both methods (P7-D1 §2)",results/e07/matrix/episodes.csv;results/e07/noise/sigma4cm_lat1step/episodes.csv,success = IQM over seeds of per-seed success rate; drop = cell 1 - cell 2
noise/sigma4cm_lat1step.residual_ppo.id.SS3,descriptive (not scored),,drop,"residual_ppo: success clean - sigma4cm_lat1step (sigma_p 0.04 m, sigma_v 0.2 m/s, 1 step latency), id SS3 (P7-D1 §4)",residual_ppo,,results/e07/matrix/episodes.csv|aft|id|SS3,results/e07/noise/sigma4cm_lat1step/episodes.csv|aft|id|SS3,1.0,0.9916666666666667,1.0,True,1.0,0.0,nan,nan,200,200,5,0,,,,,,10000,20260926,0.95,"shared_episodes: seeds per method, shared by its two cells; one set of episode indices shared by both cells and both methods (P7-D1 §2)",results/e07/matrix/episodes.csv;results/e07/noise/sigma4cm_lat1step/episodes.csv,success = IQM over seeds of per-seed success rate; drop = cell 1 - cell 2
noise/sigma4cm_lat1step.residual_ppo.id.SS4,descriptive (not scored),,drop,"residual_ppo: success clean - sigma4cm_lat1step (sigma_p 0.04 m, sigma_v 0.2 m/s, 1 step latency), id SS4 (P7-D1 §4)",residual_ppo,,results/e07/matrix/episodes.csv|aft|id|SS4,results/e07/noise/sigma4cm_lat1step/episodes.csv|aft|id|SS4,0.9983333333333333,0.99,1.0,True,1.0,0.0016666666666666668,nan,nan,200,200,5,0,,,,,,10000,20260926,0.95,"shared_episodes: seeds per method, shared by its two cells; one set of episode indices shared by both cells and both methods (P7-D1 §2)",results/e07/matrix/episodes.csv;results/e07/noise/sigma4cm_lat1step/episodes.csv,success = IQM over seeds of per-seed success rate; drop = cell 1 - cell 2
noise/sigma4cm_lat1step.residual_ppo.id.SS5,descriptive (not scored),,drop,"residual_ppo: success clean - sigma4cm_lat1step (sigma_p 0.04 m, sigma_v 0.2 m/s, 1 step latency), id SS5 (P7-D1 §4)",residual_ppo,,results/e07/matrix/episodes.csv|aft|id|SS5,results/e07/noise/sigma4cm_lat1step/episodes.csv|aft|id|SS5,0.9933333333333333,0.9816666666666667,1.0,True,0.995,0.0016666666666666668,nan,nan,200,200,5,0,,,,,,10000,20260926,0.95,"shared_episodes: seeds per method, shared by its two cells; one set of episode indices shared by both cells and both methods (P7-D1 §2)",results/e07/matrix/episodes.csv;results/e07/noise/sigma4cm_lat1step/episodes.csv,success = IQM over seeds of per-seed success rate; drop = cell 1 - cell 2
noise/sigma4cm_lat1step.residual_ppo.id.SS6,descriptive (not scored),,drop,"residual_ppo: success clean - sigma4cm_lat1step (sigma_p 0.04 m, sigma_v 0.2 m/s, 1 step latency), id SS6 (P7-D1 §4)",residual_ppo,,results/e07/matrix/episodes.csv|aft|id|SS6,results/e07/noise/sigma4cm_lat1step/episodes.csv|aft|id|SS6,0.9583333333333333,0.9349999999999999,0.9833333333333333,True,0.9616666666666666,0.0033333333333333335,nan,nan,200,200,5,0,,,,,,10000,20260926,0.95,"shared_episodes: seeds per method, shared by its two cells; one set of episode indices shared by both cells and both methods (P7-D1 §2)",results/e07/matrix/episodes.csv;results/e07/noise/sigma4cm_lat1step/episodes.csv,success = IQM over seeds of per-seed success rate; drop = cell 1 - cell 2
noise/sigma4cm_lat1step.ppo_forecast.id.SS3,descriptive (not scored),,drop,"ppo_forecast: success clean - sigma4cm_lat1step (sigma_p 0.04 m, sigma_v 0.2 m/s, 1 step latency), id SS3 (P7-D1 §4)",ppo_forecast,,results/e07/matrix/episodes.csv|aft|id|SS3,results/e07/noise/sigma4cm_lat1step/episodes.csv|aft|id|SS3,0.08333333333333337,0.053333333333333344,0.1316666666666667,True,1.0,0.9166666666666666,nan,nan,200,200,5,0,,,,,,10000,20260926,0.95,"shared_episodes: seeds per method, shared by its two cells; one set of episode indices shared by both cells and both methods (P7-D1 §2)",results/e07/matrix/episodes.csv;results/e07/noise/sigma4cm_lat1step/episodes.csv,success = IQM over seeds of per-seed success rate; drop = cell 1 - cell 2
noise/sigma4cm_lat1step.ppo_forecast.id.SS4,descriptive (not scored),,drop,"ppo_forecast: success clean - sigma4cm_lat1step (sigma_p 0.04 m, sigma_v 0.2 m/s, 1 step latency), id SS4 (P7-D1 §4)",ppo_forecast,,results/e07/matrix/episodes.csv|aft|id|SS4,results/e07/noise/sigma4cm_lat1step/episodes.csv|aft|id|SS4,0.06333333333333346,0.03500000000000003,0.11333333333333329,True,1.0,0.9366666666666665,nan,nan,200,200,5,0,,,,,,10000,20260926,0.95,"shared_episodes: seeds per method, shared by its two cells; one set of episode indices shared by both cells and both methods (P7-D1 §2)",results/e07/matrix/episodes.csv;results/e07/noise/sigma4cm_lat1step/episodes.csv,success = IQM over seeds of per-seed success rate; drop = cell 1 - cell 2
noise/sigma4cm_lat1step.ppo_forecast.id.SS5,descriptive (not scored),,drop,"ppo_forecast: success clean - sigma4cm_lat1step (sigma_p 0.04 m, sigma_v 0.2 m/s, 1 step latency), id SS5 (P7-D1 §4)",ppo_forecast,,results/e07/matrix/episodes.csv|aft|id|SS5,results/e07/noise/sigma4cm_lat1step/episodes.csv|aft|id|SS5,0.09500000000000008,0.06333333333333335,0.13,True,1.0,0.9049999999999999,nan,nan,200,200,5,0,,,,,,10000,20260926,0.95,"shared_episodes: seeds per method, shared by its two cells; one set of episode indices shared by both cells and both methods (P7-D1 §2)",results/e07/matrix/episodes.csv;results/e07/noise/sigma4cm_lat1step/episodes.csv,success = IQM over seeds of per-seed success rate; drop = cell 1 - cell 2
noise/sigma4cm_lat1step.ppo_forecast.id.SS6,descriptive (not scored),,drop,"ppo_forecast: success clean - sigma4cm_lat1step (sigma_p 0.04 m, sigma_v 0.2 m/s, 1 step latency), id SS6 (P7-D1 §4)",ppo_forecast,,results/e07/matrix/episodes.csv|aft|id|SS6,results/e07/noise/sigma4cm_lat1step/episodes.csv|aft|id|SS6,0.11166666666666669,0.07499999999999984,0.15000000000000002,True,0.98,0.8683333333333333,nan,nan,200,200,5,0,,,,,,10000,20260926,0.95,"shared_episodes: seeds per method, shared by its two cells; one set of episode indices shared by both cells and both methods (P7-D1 §2)",results/e07/matrix/episodes.csv;results/e07/noise/sigma4cm_lat1step/episodes.csv,success = IQM over seeds of per-seed success rate; drop = cell 1 - cell 2
noise/sigma4cm_lat1step.residual_ppo_forecast.id.SS3,descriptive (not scored),,drop,"residual_ppo_forecast: success clean - sigma4cm_lat1step (sigma_p 0.04 m, sigma_v 0.2 m/s, 1 step latency), id SS3 (P7-D1 §4)",residual_ppo_forecast,,results/e07/matrix/episodes.csv|aft|id|SS3,results/e07/noise/sigma4cm_lat1step/episodes.csv|aft|id|SS3,0.9933333333333333,0.98,1.0,True,1.0,0.006666666666666667,nan,nan,200,200,5,0,,,,,,10000,20260926,0.95,"shared_episodes: seeds per method, shared by its two cells; one set of episode indices shared by both cells and both methods (P7-D1 §2)",results/e07/matrix/episodes.csv;results/e07/noise/sigma4cm_lat1step/episodes.csv,success = IQM over seeds of per-seed success rate; drop = cell 1 - cell 2
noise/sigma4cm_lat1step.residual_ppo_forecast.id.SS4,descriptive (not scored),,drop,"residual_ppo_forecast: success clean - sigma4cm_lat1step (sigma_p 0.04 m, sigma_v 0.2 m/s, 1 step latency), id SS4 (P7-D1 §4)",residual_ppo_forecast,,results/e07/matrix/episodes.csv|aft|id|SS4,results/e07/noise/sigma4cm_lat1step/episodes.csv|aft|id|SS4,0.995,0.9766666666666667,1.0,True,1.0,0.005,nan,nan,200,200,5,0,,,,,,10000,20260926,0.95,"shared_episodes: seeds per method, shared by its two cells; one set of episode indices shared by both cells and both methods (P7-D1 §2)",results/e07/matrix/episodes.csv;results/e07/noise/sigma4cm_lat1step/episodes.csv,success = IQM over seeds of per-seed success rate; drop = cell 1 - cell 2
noise/sigma4cm_lat1step.residual_ppo_forecast.id.SS5,descriptive (not scored),,drop,"residual_ppo_forecast: success clean - sigma4cm_lat1step (sigma_p 0.04 m, sigma_v 0.2 m/s, 1 step latency), id SS5 (P7-D1 §4)",residual_ppo_forecast,,results/e07/matrix/episodes.csv|aft|id|SS5,results/e07/noise/sigma4cm_lat1step/episodes.csv|aft|id|SS5,0.9883333333333333,0.9733333333333333,1.0,True,0.995,0.006666666666666667,nan,nan,200,200,5,0,,,,,,10000,20260926,0.95,"shared_episodes: seeds per method, shared by its two cells; one set of episode indices shared by both cells and both methods (P7-D1 §2)",results/e07/matrix/episodes.csv;results/e07/noise/sigma4cm_lat1step/episodes.csv,success = IQM over seeds of per-seed success rate; drop = cell 1 - cell 2
noise/sigma4cm_lat1step.residual_ppo_forecast.id.SS6,descriptive (not scored),,drop,"residual_ppo_forecast: success clean - sigma4cm_lat1step (sigma_p 0.04 m, sigma_v 0.2 m/s, 1 step latency), id SS6 (P7-D1 §4)",residual_ppo_forecast,,results/e07/matrix/episodes.csv|aft|id|SS6,results/e07/noise/sigma4cm_lat1step/episodes.csv|aft|id|SS6,0.9566666666666667,0.9349999999999999,0.9816666666666667,True,0.9683333333333334,0.011666666666666667,nan,nan,200,200,5,0,,,,,,10000,20260926,0.95,"shared_episodes: seeds per method, shared by its two cells; one set of episode indices shared by both cells and both methods (P7-D1 §2)",results/e07/matrix/episodes.csv;results/e07/noise/sigma4cm_lat1step/episodes.csv,success = IQM over seeds of per-seed success rate; drop = cell 1 - cell 2
noise/sigma4cm_lat1step.ppo_sinusoid.id.SS3,descriptive (not scored),,drop,"ppo_sinusoid: success clean - sigma4cm_lat1step (sigma_p 0.04 m, sigma_v 0.2 m/s, 1 step latency), id SS3 (P7-D1 §4)",ppo_sinusoid,,results/e07/matrix/episodes.csv|aft|id|SS3,results/e07/noise/sigma4cm_lat1step/episodes.csv|aft|id|SS3,0.52,0.45833333333333337,0.6516666666666666,True,1.0,0.48,nan,nan,200,200,5,0,,,,,,10000,20260926,0.95,"shared_episodes: seeds per method, shared by its two cells; one set of episode indices shared by both cells and both methods (P7-D1 §2)",results/e07/matrix/episodes.csv;results/e07/noise/sigma4cm_lat1step/episodes.csv,success = IQM over seeds of per-seed success rate; drop = cell 1 - cell 2
noise/sigma4cm_lat1step.ppo_sinusoid.id.SS4,descriptive (not scored),,drop,"ppo_sinusoid: success clean - sigma4cm_lat1step (sigma_p 0.04 m, sigma_v 0.2 m/s, 1 step latency), id SS4 (P7-D1 §4)",ppo_sinusoid,,results/e07/matrix/episodes.csv|aft|id|SS4,results/e07/noise/sigma4cm_lat1step/episodes.csv|aft|id|SS4,0.5083333333333333,0.44333333333333325,0.6433333333333333,True,1.0,0.4916666666666667,nan,nan,200,200,5,0,,,,,,10000,20260926,0.95,"shared_episodes: seeds per method, shared by its two cells; one set of episode indices shared by both cells and both methods (P7-D1 §2)",results/e07/matrix/episodes.csv;results/e07/noise/sigma4cm_lat1step/episodes.csv,success = IQM over seeds of per-seed success rate; drop = cell 1 - cell 2
noise/sigma4cm_lat1step.ppo_sinusoid.id.SS5,descriptive (not scored),,drop,"ppo_sinusoid: success clean - sigma4cm_lat1step (sigma_p 0.04 m, sigma_v 0.2 m/s, 1 step latency), id SS5 (P7-D1 §4)",ppo_sinusoid,,results/e07/matrix/episodes.csv|aft|id|SS5,results/e07/noise/sigma4cm_lat1step/episodes.csv|aft|id|SS5,0.5,0.43833333333333335,0.6483333333333332,True,1.0,0.5,nan,nan,200,200,5,0,,,,,,10000,20260926,0.95,"shared_episodes: seeds per method, shared by its two cells; one set of episode indices shared by both cells and both methods (P7-D1 §2)",results/e07/matrix/episodes.csv;results/e07/noise/sigma4cm_lat1step/episodes.csv,success = IQM over seeds of per-seed success rate; drop = cell 1 - cell 2
noise/sigma4cm_lat1step.ppo_sinusoid.id.SS6,descriptive (not scored),,drop,"ppo_sinusoid: success clean - sigma4cm_lat1step (sigma_p 0.04 m, sigma_v 0.2 m/s, 1 step latency), id SS6 (P7-D1 §4)",ppo_sinusoid,,results/e07/matrix/episodes.csv|aft|id|SS6,results/e07/noise/sigma4cm_lat1step/episodes.csv|aft|id|SS6,0.5149999999999999,0.45833333333333337,0.6499999999999999,True,0.9733333333333333,0.4583333333333333,nan,nan,200,200,5,0,,,,,,10000,20260926,0.95,"shared_episodes: seeds per method, shared by its two cells; one set of episode indices shared by both cells and both methods (P7-D1 §2)",results/e07/matrix/episodes.csv;results/e07/noise/sigma4cm_lat1step/episodes.csv,success = IQM over seeds of per-seed success rate; drop = cell 1 - cell 2
noise/sigma4cm_lat1step.pid_track_descend.id.SS3,descriptive (not scored),,drop,"pid_track_descend: success clean - sigma4cm_lat1step (sigma_p 0.04 m, sigma_v 0.2 m/s, 1 step latency), id SS3 (P7-D1 §4)",pid_track_descend,,results/e01/episodes.csv|aft|id|SS3,results/e07/noise/sigma4cm_lat1step/episodes.csv|aft|id|SS3,0.77,0.71,0.825,True,1.0,0.23,nan,nan,200,200,1,0,,,,,,10000,20260926,0.95,"shared_episodes: seeds per method, shared by its two cells; one set of episode indices shared by both cells and both methods (P7-D1 §2)",results/e01/episodes.csv;results/e07/noise/sigma4cm_lat1step/episodes.csv,success = IQM over seeds of per-seed success rate; drop = cell 1 - cell 2
noise/sigma4cm_lat1step.pid_track_descend.id.SS4,descriptive (not scored),,drop,"pid_track_descend: success clean - sigma4cm_lat1step (sigma_p 0.04 m, sigma_v 0.2 m/s, 1 step latency), id SS4 (P7-D1 §4)",pid_track_descend,,results/e01/episodes.csv|aft|id|SS4,results/e07/noise/sigma4cm_lat1step/episodes.csv|aft|id|SS4,0.74,0.6799999999999999,0.8,True,0.96,0.22,nan,nan,200,200,1,0,,,,,,10000,20260926,0.95,"shared_episodes: seeds per method, shared by its two cells; one set of episode indices shared by both cells and both methods (P7-D1 §2)",results/e01/episodes.csv;results/e07/noise/sigma4cm_lat1step/episodes.csv,success = IQM over seeds of per-seed success rate; drop = cell 1 - cell 2
noise/sigma4cm_lat1step.pid_track_descend.id.SS5,descriptive (not scored),,drop,"pid_track_descend: success clean - sigma4cm_lat1step (sigma_p 0.04 m, sigma_v 0.2 m/s, 1 step latency), id SS5 (P7-D1 §4)",pid_track_descend,,results/e01/episodes.csv|aft|id|SS5,results/e07/noise/sigma4cm_lat1step/episodes.csv|aft|id|SS5,0.675,0.605,0.74,True,0.85,0.175,nan,nan,200,200,1,0,,,,,,10000,20260926,0.95,"shared_episodes: seeds per method, shared by its two cells; one set of episode indices shared by both cells and both methods (P7-D1 §2)",results/e01/episodes.csv;results/e07/noise/sigma4cm_lat1step/episodes.csv,success = IQM over seeds of per-seed success rate; drop = cell 1 - cell 2
noise/sigma4cm_lat1step.pid_track_descend.id.SS6,descriptive (not scored),,drop,"pid_track_descend: success clean - sigma4cm_lat1step (sigma_p 0.04 m, sigma_v 0.2 m/s, 1 step latency), id SS6 (P7-D1 §4)",pid_track_descend,,results/e01/episodes.csv|aft|id|SS6,results/e07/noise/sigma4cm_lat1step/episodes.csv|aft|id|SS6,0.555,0.47000000000000003,0.635,True,0.8,0.245,nan,nan,200,200,1,0,,,,,,10000,20260926,0.95,"shared_episodes: seeds per method, shared by its two cells; one set of episode indices shared by both cells and both methods (P7-D1 §2)",results/e01/episodes.csv;results/e07/noise/sigma4cm_lat1step/episodes.csv,success = IQM over seeds of per-seed success rate; drop = cell 1 - cell 2
noise/sigma4cm_lat1step.pid_feedforward.id.SS3,descriptive (not scored),,drop,"pid_feedforward: success clean - sigma4cm_lat1step (sigma_p 0.04 m, sigma_v 0.2 m/s, 1 step latency), id SS3 (P7-D1 §4)",pid_feedforward,,results/e01/episodes.csv|aft|id|SS3,results/e07/noise/sigma4cm_lat1step/episodes.csv|aft|id|SS3,1.0,1.0,1.0,True,1.0,0.0,nan,nan,200,200,1,0,,,,,,10000,20260926,0.95,"shared_episodes: seeds per method, shared by its two cells; one set of episode indices shared by both cells and both methods (P7-D1 §2)",results/e01/episodes.csv;results/e07/noise/sigma4cm_lat1step/episodes.csv,success = IQM over seeds of per-seed success rate; drop = cell 1 - cell 2
noise/sigma4cm_lat1step.pid_feedforward.id.SS4,descriptive (not scored),,drop,"pid_feedforward: success clean - sigma4cm_lat1step (sigma_p 0.04 m, sigma_v 0.2 m/s, 1 step latency), id SS4 (P7-D1 §4)",pid_feedforward,,results/e01/episodes.csv|aft|id|SS4,results/e07/noise/sigma4cm_lat1step/episodes.csv|aft|id|SS4,1.0,1.0,1.0,True,1.0,0.0,nan,nan,200,200,1,0,,,,,,10000,20260926,0.95,"shared_episodes: seeds per method, shared by its two cells; one set of episode indices shared by both cells and both methods (P7-D1 §2)",results/e01/episodes.csv;results/e07/noise/sigma4cm_lat1step/episodes.csv,success = IQM over seeds of per-seed success rate; drop = cell 1 - cell 2
noise/sigma4cm_lat1step.pid_feedforward.id.SS5,descriptive (not scored),,drop,"pid_feedforward: success clean - sigma4cm_lat1step (sigma_p 0.04 m, sigma_v 0.2 m/s, 1 step latency), id SS5 (P7-D1 §4)",pid_feedforward,,results/e01/episodes.csv|aft|id|SS5,results/e07/noise/sigma4cm_lat1step/episodes.csv|aft|id|SS5,0.99,0.975,1.0,True,0.99,0.0,nan,nan,200,200,1,0,,,,,,10000,20260926,0.95,"shared_episodes: seeds per method, shared by its two cells; one set of episode indices shared by both cells and both methods (P7-D1 §2)",results/e01/episodes.csv;results/e07/noise/sigma4cm_lat1step/episodes.csv,success = IQM over seeds of per-seed success rate; drop = cell 1 - cell 2
noise/sigma4cm_lat1step.pid_feedforward.id.SS6,descriptive (not scored),,drop,"pid_feedforward: success clean - sigma4cm_lat1step (sigma_p 0.04 m, sigma_v 0.2 m/s, 1 step latency), id SS6 (P7-D1 §4)",pid_feedforward,,results/e01/episodes.csv|aft|id|SS6,results/e07/noise/sigma4cm_lat1step/episodes.csv|aft|id|SS6,0.905,0.865,0.945,True,0.905,0.0,nan,nan,200,200,1,0,,,,,,10000,20260926,0.95,"shared_episodes: seeds per method, shared by its two cells; one set of episode indices shared by both cells and both methods (P7-D1 §2)",results/e01/episodes.csv;results/e07/noise/sigma4cm_lat1step/episodes.csv,success = IQM over seeds of per-seed success rate; drop = cell 1 - cell 2
noise/sigma4cm_lat1step.pid_feedforward_lowvz.id.SS3,descriptive (not scored),,drop,"pid_feedforward_lowvz: success clean - sigma4cm_lat1step (sigma_p 0.04 m, sigma_v 0.2 m/s, 1 step latency), id SS3 (P7-D1 §4)",pid_feedforward_lowvz,,results/e01/episodes.csv|aft|id|SS3,results/e07/noise/sigma4cm_lat1step/episodes.csv|aft|id|SS3,0.995,0.985,1.0,True,1.0,0.005,nan,nan,200,200,1,0,,,,,,10000,20260926,0.95,"shared_episodes: seeds per method, shared by its two cells; one set of episode indices shared by both cells and both methods (P7-D1 §2)",results/e01/episodes.csv;results/e07/noise/sigma4cm_lat1step/episodes.csv,success = IQM over seeds of per-seed success rate; drop = cell 1 - cell 2
noise/sigma4cm_lat1step.pid_feedforward_lowvz.id.SS4,descriptive (not scored),,drop,"pid_feedforward_lowvz: success clean - sigma4cm_lat1step (sigma_p 0.04 m, sigma_v 0.2 m/s, 1 step latency), id SS4 (P7-D1 §4)",pid_feedforward_lowvz,,results/e01/episodes.csv|aft|id|SS4,results/e07/noise/sigma4cm_lat1step/episodes.csv|aft|id|SS4,0.98,0.96,0.995,True,0.98,0.0,nan,nan,200,200,1,0,,,,,,10000,20260926,0.95,"shared_episodes: seeds per method, shared by its two cells; one set of episode indices shared by both cells and both methods (P7-D1 §2)",results/e01/episodes.csv;results/e07/noise/sigma4cm_lat1step/episodes.csv,success = IQM over seeds of per-seed success rate; drop = cell 1 - cell 2
noise/sigma4cm_lat1step.pid_feedforward_lowvz.id.SS5,descriptive (not scored),,drop,"pid_feedforward_lowvz: success clean - sigma4cm_lat1step (sigma_p 0.04 m, sigma_v 0.2 m/s, 1 step latency), id SS5 (P7-D1 §4)",pid_feedforward_lowvz,,results/e01/episodes.csv|aft|id|SS5,results/e07/noise/sigma4cm_lat1step/episodes.csv|aft|id|SS5,0.95,0.915,0.98,True,0.955,0.005,nan,nan,200,200,1,0,,,,,,10000,20260926,0.95,"shared_episodes: seeds per method, shared by its two cells; one set of episode indices shared by both cells and both methods (P7-D1 §2)",results/e01/episodes.csv;results/e07/noise/sigma4cm_lat1step/episodes.csv,success = IQM over seeds of per-seed success rate; drop = cell 1 - cell 2
noise/sigma4cm_lat1step.pid_feedforward_lowvz.id.SS6,descriptive (not scored),,drop,"pid_feedforward_lowvz: success clean - sigma4cm_lat1step (sigma_p 0.04 m, sigma_v 0.2 m/s, 1 step latency), id SS6 (P7-D1 §4)",pid_feedforward_lowvz,,results/e01/episodes.csv|aft|id|SS6,results/e07/noise/sigma4cm_lat1step/episodes.csv|aft|id|SS6,0.85,0.8,0.895,True,0.85,0.0,nan,nan,200,200,1,0,,,,,,10000,20260926,0.95,"shared_episodes: seeds per method, shared by its two cells; one set of episode indices shared by both cells and both methods (P7-D1 §2)",results/e01/episodes.csv;results/e07/noise/sigma4cm_lat1step/episodes.csv,success = IQM over seeds of per-seed success rate; drop = cell 1 - cell 2
noise/sigma4cm_lat1step.pid_feedforward_lowvz_cut.id.SS3,descriptive (not scored),,drop,"pid_feedforward_lowvz_cut: success clean - sigma4cm_lat1step (sigma_p 0.04 m, sigma_v 0.2 m/s, 1 step latency), id SS3 (P7-D1 §4)",pid_feedforward_lowvz_cut,,results/e01_lowvz_cut/episodes.csv|aft|id|SS3,results/e07/noise/sigma4cm_lat1step/episodes.csv|aft|id|SS3,0.94,0.905,0.97,True,1.0,0.06,nan,nan,200,200,1,0,,,,,,10000,20260926,0.95,"shared_episodes: seeds per method, shared by its two cells; one set of episode indices shared by both cells and both methods (P7-D1 §2)",results/e01_lowvz_cut/episodes.csv;results/e07/noise/sigma4cm_lat1step/episodes.csv,success = IQM over seeds of per-seed success rate; drop = cell 1 - cell 2
noise/sigma4cm_lat1step.pid_feedforward_lowvz_cut.id.SS4,descriptive (not scored),,drop,"pid_feedforward_lowvz_cut: success clean - sigma4cm_lat1step (sigma_p 0.04 m, sigma_v 0.2 m/s, 1 step latency), id SS4 (P7-D1 §4)",pid_feedforward_lowvz_cut,,results/e01_lowvz_cut/episodes.csv|aft|id|SS4,results/e07/noise/sigma4cm_lat1step/episodes.csv|aft|id|SS4,0.96,0.9299999999999999,0.985,True,0.985,0.025,nan,nan,200,200,1,0,,,,,,10000,20260926,0.95,"shared_episodes: seeds per method, shared by its two cells; one set of episode indices shared by both cells and both methods (P7-D1 §2)",results/e01_lowvz_cut/episodes.csv;results/e07/noise/sigma4cm_lat1step/episodes.csv,success = IQM over seeds of per-seed success rate; drop = cell 1 - cell 2
noise/sigma4cm_lat1step.pid_feedforward_lowvz_cut.id.SS5,descriptive (not scored),,drop,"pid_feedforward_lowvz_cut: success clean - sigma4cm_lat1step (sigma_p 0.04 m, sigma_v 0.2 m/s, 1 step latency), id SS5 (P7-D1 §4)",pid_feedforward_lowvz_cut,,results/e01_lowvz_cut/episodes.csv|aft|id|SS5,results/e07/noise/sigma4cm_lat1step/episodes.csv|aft|id|SS5,0.945,0.9099999999999999,0.975,True,0.98,0.035,nan,nan,200,200,1,0,,,,,,10000,20260926,0.95,"shared_episodes: seeds per method, shared by its two cells; one set of episode indices shared by both cells and both methods (P7-D1 §2)",results/e01_lowvz_cut/episodes.csv;results/e07/noise/sigma4cm_lat1step/episodes.csv,success = IQM over seeds of per-seed success rate; drop = cell 1 - cell 2
noise/sigma4cm_lat1step.pid_feedforward_lowvz_cut.id.SS6,descriptive (not scored),,drop,"pid_feedforward_lowvz_cut: success clean - sigma4cm_lat1step (sigma_p 0.04 m, sigma_v 0.2 m/s, 1 step latency), id SS6 (P7-D1 §4)",pid_feedforward_lowvz_cut,,results/e01_lowvz_cut/episodes.csv|aft|id|SS6,results/e07/noise/sigma4cm_lat1step/episodes.csv|aft|id|SS6,0.8200000000000001,0.7649999999999999,0.875,True,0.88,0.06,nan,nan,200,200,1,0,,,,,,10000,20260926,0.95,"shared_episodes: seeds per method, shared by its two cells; one set of episode indices shared by both cells and both methods (P7-D1 §2)",results/e01_lowvz_cut/episodes.csv;results/e07/noise/sigma4cm_lat1step/episodes.csv,success = IQM over seeds of per-seed success rate; drop = cell 1 - cell 2
noise/sigma4cm_lat1step.gated.id.SS3,descriptive (not scored),,drop,"gated: success clean - sigma4cm_lat1step (sigma_p 0.04 m, sigma_v 0.2 m/s, 1 step latency), id SS3 (P7-D1 §4)",gated,,results/e01/episodes.csv|aft|id|SS3,results/e07/noise/sigma4cm_lat1step/episodes.csv|aft|id|SS3,1.0,1.0,1.0,True,1.0,0.0,nan,nan,200,200,1,0,,,,,,10000,20260926,0.95,"shared_episodes: seeds per method, shared by its two cells; one set of episode indices shared by both cells and both methods (P7-D1 §2)",results/e01/episodes.csv;results/e07/noise/sigma4cm_lat1step/episodes.csv,success = IQM over seeds of per-seed success rate; drop = cell 1 - cell 2
noise/sigma4cm_lat1step.gated.id.SS4,descriptive (not scored),,drop,"gated: success clean - sigma4cm_lat1step (sigma_p 0.04 m, sigma_v 0.2 m/s, 1 step latency), id SS4 (P7-D1 §4)",gated,,results/e01/episodes.csv|aft|id|SS4,results/e07/noise/sigma4cm_lat1step/episodes.csv|aft|id|SS4,0.985,0.965,1.0,True,0.985,0.0,nan,nan,200,200,1,0,,,,,,10000,20260926,0.95,"shared_episodes: seeds per method, shared by its two cells; one set of episode indices shared by both cells and both methods (P7-D1 §2)",results/e01/episodes.csv;results/e07/noise/sigma4cm_lat1step/episodes.csv,success = IQM over seeds of per-seed success rate; drop = cell 1 - cell 2
noise/sigma4cm_lat1step.gated.id.SS5,descriptive (not scored),,drop,"gated: success clean - sigma4cm_lat1step (sigma_p 0.04 m, sigma_v 0.2 m/s, 1 step latency), id SS5 (P7-D1 §4)",gated,,results/e01/episodes.csv|aft|id|SS5,results/e07/noise/sigma4cm_lat1step/episodes.csv|aft|id|SS5,0.895,0.854875000000001,0.935,True,0.895,0.0,nan,nan,200,200,1,0,,,,,,10000,20260926,0.95,"shared_episodes: seeds per method, shared by its two cells; one set of episode indices shared by both cells and both methods (P7-D1 §2)",results/e01/episodes.csv;results/e07/noise/sigma4cm_lat1step/episodes.csv,success = IQM over seeds of per-seed success rate; drop = cell 1 - cell 2
noise/sigma4cm_lat1step.gated.id.SS6,descriptive (not scored),,drop,"gated: success clean - sigma4cm_lat1step (sigma_p 0.04 m, sigma_v 0.2 m/s, 1 step latency), id SS6 (P7-D1 §4)",gated,,results/e01/episodes.csv|aft|id|SS6,results/e07/noise/sigma4cm_lat1step/episodes.csv|aft|id|SS6,0.63,0.565,0.695,True,0.63,0.0,nan,nan,200,200,1,0,,,,,,10000,20260926,0.95,"shared_episodes: seeds per method, shared by its two cells; one set of episode indices shared by both cells and both methods (P7-D1 §2)",results/e01/episodes.csv;results/e07/noise/sigma4cm_lat1step/episodes.csv,success = IQM over seeds of per-seed success rate; drop = cell 1 - cell 2
noise/sigma4cm_lat1step.oracle_gated.id.SS3,descriptive (not scored),,drop,"oracle_gated: success clean - sigma4cm_lat1step (sigma_p 0.04 m, sigma_v 0.2 m/s, 1 step latency), id SS3 (P7-D1 §4)",oracle_gated,,results/e01/episodes.csv|aft|id|SS3,results/e07/noise/sigma4cm_lat1step/episodes.csv|aft|id|SS3,1.0,1.0,1.0,True,1.0,0.0,nan,nan,200,200,1,0,,,,,,10000,20260926,0.95,"shared_episodes: seeds per method, shared by its two cells; one set of episode indices shared by both cells and both methods (P7-D1 §2)",results/e01/episodes.csv;results/e07/noise/sigma4cm_lat1step/episodes.csv,success = IQM over seeds of per-seed success rate; drop = cell 1 - cell 2
noise/sigma4cm_lat1step.oracle_gated.id.SS4,descriptive (not scored),,drop,"oracle_gated: success clean - sigma4cm_lat1step (sigma_p 0.04 m, sigma_v 0.2 m/s, 1 step latency), id SS4 (P7-D1 §4)",oracle_gated,,results/e01/episodes.csv|aft|id|SS4,results/e07/noise/sigma4cm_lat1step/episodes.csv|aft|id|SS4,0.985,0.965,1.0,True,0.985,0.0,nan,nan,200,200,1,0,,,,,,10000,20260926,0.95,"shared_episodes: seeds per method, shared by its two cells; one set of episode indices shared by both cells and both methods (P7-D1 §2)",results/e01/episodes.csv;results/e07/noise/sigma4cm_lat1step/episodes.csv,success = IQM over seeds of per-seed success rate; drop = cell 1 - cell 2
noise/sigma4cm_lat1step.oracle_gated.id.SS5,descriptive (not scored),,drop,"oracle_gated: success clean - sigma4cm_lat1step (sigma_p 0.04 m, sigma_v 0.2 m/s, 1 step latency), id SS5 (P7-D1 §4)",oracle_gated,,results/e01/episodes.csv|aft|id|SS5,results/e07/noise/sigma4cm_lat1step/episodes.csv|aft|id|SS5,0.89,0.845,0.93,True,0.89,0.0,nan,nan,200,200,1,0,,,,,,10000,20260926,0.95,"shared_episodes: seeds per method, shared by its two cells; one set of episode indices shared by both cells and both methods (P7-D1 §2)",results/e01/episodes.csv;results/e07/noise/sigma4cm_lat1step/episodes.csv,success = IQM over seeds of per-seed success rate; drop = cell 1 - cell 2
noise/sigma4cm_lat1step.oracle_gated.id.SS6,descriptive (not scored),,drop,"oracle_gated: success clean - sigma4cm_lat1step (sigma_p 0.04 m, sigma_v 0.2 m/s, 1 step latency), id SS6 (P7-D1 §4)",oracle_gated,,results/e01/episodes.csv|aft|id|SS6,results/e07/noise/sigma4cm_lat1step/episodes.csv|aft|id|SS6,0.645,0.58,0.71,True,0.645,0.0,nan,nan,200,200,1,0,,,,,,10000,20260926,0.95,"shared_episodes: seeds per method, shared by its two cells; one set of episode indices shared by both cells and both methods (P7-D1 §2)",results/e01/episodes.csv;results/e07/noise/sigma4cm_lat1step/episodes.csv,success = IQM over seeds of per-seed success rate; drop = cell 1 - cell 2
noise/sigma0cm_lat2step.ppo.id.SS3,descriptive (not scored),,drop,"ppo: success clean - sigma0cm_lat2step (sigma_p 0.0 m, sigma_v 0.0 m/s, 2 step latency), id SS3 (P7-D1 §4)",ppo,,results/e07/matrix/episodes.csv|aft|id|SS3,results/e07/noise/sigma0cm_lat2step/episodes.csv|aft|id|SS3,0.6883333333333332,0.45499999999999996,0.8566666666666667,True,1.0,0.3116666666666667,nan,nan,200,200,5,0,,,,,,10000,20260926,0.95,"shared_episodes: seeds per method, shared by its two cells; one set of episode indices shared by both cells and both methods (P7-D1 §2)",results/e07/matrix/episodes.csv;results/e07/noise/sigma0cm_lat2step/episodes.csv,success = IQM over seeds of per-seed success rate; drop = cell 1 - cell 2
noise/sigma0cm_lat2step.ppo.id.SS4,descriptive (not scored),,drop,"ppo: success clean - sigma0cm_lat2step (sigma_p 0.0 m, sigma_v 0.0 m/s, 2 step latency), id SS4 (P7-D1 §4)",ppo,,results/e07/matrix/episodes.csv|aft|id|SS4,results/e07/noise/sigma0cm_lat2step/episodes.csv|aft|id|SS4,0.7,0.4716666666666667,0.815,True,1.0,0.3,nan,nan,200,200,5,0,,,,,,10000,20260926,0.95,"shared_episodes: seeds per method, shared by its two cells; one set of episode indices shared by both cells and both methods (P7-D1 §2)",results/e07/matrix/episodes.csv;results/e07/noise/sigma0cm_lat2step/episodes.csv,success = IQM over seeds of per-seed success rate; drop = cell 1 - cell 2
noise/sigma0cm_lat2step.ppo.id.SS5,descriptive (not scored),,drop,"ppo: success clean - sigma0cm_lat2step (sigma_p 0.0 m, sigma_v 0.0 m/s, 2 step latency), id SS5 (P7-D1 §4)",ppo,,results/e07/matrix/episodes.csv|aft|id|SS5,results/e07/noise/sigma0cm_lat2step/episodes.csv|aft|id|SS5,0.6466666666666667,0.45000000000000007,0.755,True,1.0,0.35333333333333333,nan,nan,200,200,5,0,,,,,,10000,20260926,0.95,"shared_episodes: seeds per method, shared by its two cells; one set of episode indices shared by both cells and both methods (P7-D1 §2)",results/e07/matrix/episodes.csv;results/e07/noise/sigma0cm_lat2step/episodes.csv,success = IQM over seeds of per-seed success rate; drop = cell 1 - cell 2
noise/sigma0cm_lat2step.ppo.id.SS6,descriptive (not scored),,drop,"ppo: success clean - sigma0cm_lat2step (sigma_p 0.0 m, sigma_v 0.0 m/s, 2 step latency), id SS6 (P7-D1 §4)",ppo,,results/e07/matrix/episodes.csv|aft|id|SS6,results/e07/noise/sigma0cm_lat2step/episodes.csv|aft|id|SS6,0.6133333333333333,0.47666666666666674,0.7133333333333332,True,0.9816666666666666,0.36833333333333335,nan,nan,200,200,5,0,,,,,,10000,20260926,0.95,"shared_episodes: seeds per method, shared by its two cells; one set of episode indices shared by both cells and both methods (P7-D1 §2)",results/e07/matrix/episodes.csv;results/e07/noise/sigma0cm_lat2step/episodes.csv,success = IQM over seeds of per-seed success rate; drop = cell 1 - cell 2
noise/sigma0cm_lat2step.sac.id.SS3,descriptive (not scored),,drop,"sac: success clean - sigma0cm_lat2step (sigma_p 0.0 m, sigma_v 0.0 m/s, 2 step latency), id SS3 (P7-D1 §4)",sac,,results/e07/matrix/episodes.csv|aft|id|SS3,results/e07/noise/sigma0cm_lat2step/episodes.csv|aft|id|SS3,0.8500000000000001,0.715,0.925,True,0.9983333333333334,0.14833333333333334,nan,nan,200,200,5,0,,,,,,10000,20260926,0.95,"shared_episodes: seeds per method, shared by its two cells; one set of episode indices shared by both cells and both methods (P7-D1 §2)",results/e07/matrix/episodes.csv;results/e07/noise/sigma0cm_lat2step/episodes.csv,success = IQM over seeds of per-seed success rate; drop = cell 1 - cell 2
noise/sigma0cm_lat2step.sac.id.SS4,descriptive (not scored),,drop,"sac: success clean - sigma0cm_lat2step (sigma_p 0.0 m, sigma_v 0.0 m/s, 2 step latency), id SS4 (P7-D1 §4)",sac,,results/e07/matrix/episodes.csv|aft|id|SS4,results/e07/noise/sigma0cm_lat2step/episodes.csv|aft|id|SS4,0.8166666666666668,0.7416666666666668,0.9016666666666666,True,0.9816666666666668,0.165,nan,nan,200,200,5,0,,,,,,10000,20260926,0.95,"shared_episodes: seeds per method, shared by its two cells; one set of episode indices shared by both cells and both methods (P7-D1 §2)",results/e07/matrix/episodes.csv;results/e07/noise/sigma0cm_lat2step/episodes.csv,success = IQM over seeds of per-seed success rate; drop = cell 1 - cell 2
noise/sigma0cm_lat2step.sac.id.SS5,descriptive (not scored),,drop,"sac: success clean - sigma0cm_lat2step (sigma_p 0.0 m, sigma_v 0.0 m/s, 2 step latency), id SS5 (P7-D1 §4)",sac,,results/e07/matrix/episodes.csv|aft|id|SS5,results/e07/noise/sigma0cm_lat2step/episodes.csv|aft|id|SS5,0.7516666666666667,0.6716666666666666,0.8433333333333333,True,0.87,0.11833333333333333,nan,nan,200,200,5,0,,,,,,10000,20260926,0.95,"shared_episodes: seeds per method, shared by its two cells; one set of episode indices shared by both cells and both methods (P7-D1 §2)",results/e07/matrix/episodes.csv;results/e07/noise/sigma0cm_lat2step/episodes.csv,success = IQM over seeds of per-seed success rate; drop = cell 1 - cell 2
noise/sigma0cm_lat2step.sac.id.SS6,descriptive (not scored),,drop,"sac: success clean - sigma0cm_lat2step (sigma_p 0.0 m, sigma_v 0.0 m/s, 2 step latency), id SS6 (P7-D1 §4)",sac,,results/e07/matrix/episodes.csv|aft|id|SS6,results/e07/noise/sigma0cm_lat2step/episodes.csv|aft|id|SS6,0.6616666666666666,0.5466666666666666,0.73,True,0.725,0.06333333333333334,nan,nan,200,200,5,0,,,,,,10000,20260926,0.95,"shared_episodes: seeds per method, shared by its two cells; one set of episode indices shared by both cells and both methods (P7-D1 §2)",results/e07/matrix/episodes.csv;results/e07/noise/sigma0cm_lat2step/episodes.csv,success = IQM over seeds of per-seed success rate; drop = cell 1 - cell 2
noise/sigma0cm_lat2step.residual_ppo.id.SS3,descriptive (not scored),,drop,"residual_ppo: success clean - sigma0cm_lat2step (sigma_p 0.0 m, sigma_v 0.0 m/s, 2 step latency), id SS3 (P7-D1 §4)",residual_ppo,,results/e07/matrix/episodes.csv|aft|id|SS3,results/e07/noise/sigma0cm_lat2step/episodes.csv|aft|id|SS3,0.9983333333333333,0.9916666666666667,1.0,True,1.0,0.0016666666666666668,nan,nan,200,200,5,0,,,,,,10000,20260926,0.95,"shared_episodes: seeds per method, shared by its two cells; one set of episode indices shared by both cells and both methods (P7-D1 §2)",results/e07/matrix/episodes.csv;results/e07/noise/sigma0cm_lat2step/episodes.csv,success = IQM over seeds of per-seed success rate; drop = cell 1 - cell 2
noise/sigma0cm_lat2step.residual_ppo.id.SS4,descriptive (not scored),,drop,"residual_ppo: success clean - sigma0cm_lat2step (sigma_p 0.0 m, sigma_v 0.0 m/s, 2 step latency), id SS4 (P7-D1 §4)",residual_ppo,,results/e07/matrix/episodes.csv|aft|id|SS4,results/e07/noise/sigma0cm_lat2step/episodes.csv|aft|id|SS4,1.0,0.995,1.0,True,1.0,0.0,nan,nan,200,200,5,0,,,,,,10000,20260926,0.95,"shared_episodes: seeds per method, shared by its two cells; one set of episode indices shared by both cells and both methods (P7-D1 §2)",results/e07/matrix/episodes.csv;results/e07/noise/sigma0cm_lat2step/episodes.csv,success = IQM over seeds of per-seed success rate; drop = cell 1 - cell 2
noise/sigma0cm_lat2step.residual_ppo.id.SS5,descriptive (not scored),,drop,"residual_ppo: success clean - sigma0cm_lat2step (sigma_p 0.0 m, sigma_v 0.0 m/s, 2 step latency), id SS5 (P7-D1 §4)",residual_ppo,,results/e07/matrix/episodes.csv|aft|id|SS5,results/e07/noise/sigma0cm_lat2step/episodes.csv|aft|id|SS5,0.9933333333333333,0.9816666666666666,1.0,True,0.995,0.0016666666666666668,nan,nan,200,200,5,0,,,,,,10000,20260926,0.95,"shared_episodes: seeds per method, shared by its two cells; one set of episode indices shared by both cells and both methods (P7-D1 §2)",results/e07/matrix/episodes.csv;results/e07/noise/sigma0cm_lat2step/episodes.csv,success = IQM over seeds of per-seed success rate; drop = cell 1 - cell 2
noise/sigma0cm_lat2step.residual_ppo.id.SS6,descriptive (not scored),,drop,"residual_ppo: success clean - sigma0cm_lat2step (sigma_p 0.0 m, sigma_v 0.0 m/s, 2 step latency), id SS6 (P7-D1 §4)",residual_ppo,,results/e07/matrix/episodes.csv|aft|id|SS6,results/e07/noise/sigma0cm_lat2step/episodes.csv|aft|id|SS6,0.9566666666666666,0.9316666666666666,0.98,True,0.9616666666666666,0.005,nan,nan,200,200,5,0,,,,,,10000,20260926,0.95,"shared_episodes: seeds per method, shared by its two cells; one set of episode indices shared by both cells and both methods (P7-D1 §2)",results/e07/matrix/episodes.csv;results/e07/noise/sigma0cm_lat2step/episodes.csv,success = IQM over seeds of per-seed success rate; drop = cell 1 - cell 2
noise/sigma0cm_lat2step.ppo_forecast.id.SS3,descriptive (not scored),,drop,"ppo_forecast: success clean - sigma0cm_lat2step (sigma_p 0.0 m, sigma_v 0.0 m/s, 2 step latency), id SS3 (P7-D1 §4)",ppo_forecast,,results/e07/matrix/episodes.csv|aft|id|SS3,results/e07/noise/sigma0cm_lat2step/episodes.csv|aft|id|SS3,0.0,0.0,0.0,False,1.0,1.0,nan,nan,200,200,5,0,,,,,,10000,20260926,0.95,"shared_episodes: seeds per method, shared by its two cells; one set of episode indices shared by both cells and both methods (P7-D1 §2)",results/e07/matrix/episodes.csv;results/e07/noise/sigma0cm_lat2step/episodes.csv,success = IQM over seeds of per-seed success rate; drop = cell 1 - cell 2
noise/sigma0cm_lat2step.ppo_forecast.id.SS4,descriptive (not scored),,drop,"ppo_forecast: success clean - sigma0cm_lat2step (sigma_p 0.0 m, sigma_v 0.0 m/s, 2 step latency), id SS4 (P7-D1 §4)",ppo_forecast,,results/e07/matrix/episodes.csv|aft|id|SS4,results/e07/noise/sigma0cm_lat2step/episodes.csv|aft|id|SS4,0.0016666666666665941,0.0,0.013333333333333308,False,1.0,0.9983333333333334,nan,nan,200,200,5,0,,,,,,10000,20260926,0.95,"shared_episodes: seeds per method, shared by its two cells; one set of episode indices shared by both cells and both methods (P7-D1 §2)",results/e07/matrix/episodes.csv;results/e07/noise/sigma0cm_lat2step/episodes.csv,success = IQM over seeds of per-seed success rate; drop = cell 1 - cell 2
noise/sigma0cm_lat2step.ppo_forecast.id.SS5,descriptive (not scored),,drop,"ppo_forecast: success clean - sigma0cm_lat2step (sigma_p 0.0 m, sigma_v 0.0 m/s, 2 step latency), id SS5 (P7-D1 §4)",ppo_forecast,,results/e07/matrix/episodes.csv|aft|id|SS5,results/e07/noise/sigma0cm_lat2step/episodes.csv|aft|id|SS5,0.0033333333333332993,0.0,0.013333333333333308,False,1.0,0.9966666666666667,nan,nan,200,200,5,0,,,,,,10000,20260926,0.95,"shared_episodes: seeds per method, shared by its two cells; one set of episode indices shared by both cells and both methods (P7-D1 §2)",results/e07/matrix/episodes.csv;results/e07/noise/sigma0cm_lat2step/episodes.csv,success = IQM over seeds of per-seed success rate; drop = cell 1 - cell 2
noise/sigma0cm_lat2step.ppo_forecast.id.SS6,descriptive (not scored),,drop,"ppo_forecast: success clean - sigma0cm_lat2step (sigma_p 0.0 m, sigma_v 0.0 m/s, 2 step latency), id SS6 (P7-D1 §4)",ppo_forecast,,results/e07/matrix/episodes.csv|aft|id|SS6,results/e07/noise/sigma0cm_lat2step/episodes.csv|aft|id|SS6,0.013333333333333308,-0.0016666666666665941,0.036666666666666625,False,0.98,0.9666666666666667,nan,nan,200,200,5,0,,,,,,10000,20260926,0.95,"shared_episodes: seeds per method, shared by its two cells; one set of episode indices shared by both cells and both methods (P7-D1 §2)",results/e07/matrix/episodes.csv;results/e07/noise/sigma0cm_lat2step/episodes.csv,success = IQM over seeds of per-seed success rate; drop = cell 1 - cell 2
noise/sigma0cm_lat2step.residual_ppo_forecast.id.SS3,descriptive (not scored),,drop,"residual_ppo_forecast: success clean - sigma0cm_lat2step (sigma_p 0.0 m, sigma_v 0.0 m/s, 2 step latency), id SS3 (P7-D1 §4)",residual_ppo_forecast,,results/e07/matrix/episodes.csv|aft|id|SS3,results/e07/noise/sigma0cm_lat2step/episodes.csv|aft|id|SS3,0.9333333333333333,0.7966666666666666,0.975,True,1.0,0.06666666666666667,nan,nan,200,200,5,0,,,,,,10000,20260926,0.95,"shared_episodes: seeds per method, shared by its two cells; one set of episode indices shared by both cells and both methods (P7-D1 §2)",results/e07/matrix/episodes.csv;results/e07/noise/sigma0cm_lat2step/episodes.csv,success = IQM over seeds of per-seed success rate; drop = cell 1 - cell 2
noise/sigma0cm_lat2step.residual_ppo_forecast.id.SS4,descriptive (not scored),,drop,"residual_ppo_forecast: success clean - sigma0cm_lat2step (sigma_p 0.0 m, sigma_v 0.0 m/s, 2 step latency), id SS4 (P7-D1 §4)",residual_ppo_forecast,,results/e07/matrix/episodes.csv|aft|id|SS4,results/e07/noise/sigma0cm_lat2step/episodes.csv|aft|id|SS4,0.9283333333333333,0.82,0.9816666666666667,True,1.0,0.07166666666666667,nan,nan,200,200,5,0,,,,,,10000,20260926,0.95,"shared_episodes: seeds per method, shared by its two cells; one set of episode indices shared by both cells and both methods (P7-D1 §2)",results/e07/matrix/episodes.csv;results/e07/noise/sigma0cm_lat2step/episodes.csv,success = IQM over seeds of per-seed success rate; drop = cell 1 - cell 2
noise/sigma0cm_lat2step.residual_ppo_forecast.id.SS5,descriptive (not scored),,drop,"residual_ppo_forecast: success clean - sigma0cm_lat2step (sigma_p 0.0 m, sigma_v 0.0 m/s, 2 step latency), id SS5 (P7-D1 §4)",residual_ppo_forecast,,results/e07/matrix/episodes.csv|aft|id|SS5,results/e07/noise/sigma0cm_lat2step/episodes.csv|aft|id|SS5,0.9033333333333333,0.8083333333333333,0.9566666666666667,True,0.995,0.09166666666666667,nan,nan,200,200,5,0,,,,,,10000,20260926,0.95,"shared_episodes: seeds per method, shared by its two cells; one set of episode indices shared by both cells and both methods (P7-D1 §2)",results/e07/matrix/episodes.csv;results/e07/noise/sigma0cm_lat2step/episodes.csv,success = IQM over seeds of per-seed success rate; drop = cell 1 - cell 2
noise/sigma0cm_lat2step.residual_ppo_forecast.id.SS6,descriptive (not scored),,drop,"residual_ppo_forecast: success clean - sigma0cm_lat2step (sigma_p 0.0 m, sigma_v 0.0 m/s, 2 step latency), id SS6 (P7-D1 §4)",residual_ppo_forecast,,results/e07/matrix/episodes.csv|aft|id|SS6,results/e07/noise/sigma0cm_lat2step/episodes.csv|aft|id|SS6,0.8833333333333334,0.8116666666666666,0.9349999999999999,True,0.9683333333333334,0.085,nan,nan,200,200,5,0,,,,,,10000,20260926,0.95,"shared_episodes: seeds per method, shared by its two cells; one set of episode indices shared by both cells and both methods (P7-D1 §2)",results/e07/matrix/episodes.csv;results/e07/noise/sigma0cm_lat2step/episodes.csv,success = IQM over seeds of per-seed success rate; drop = cell 1 - cell 2
noise/sigma0cm_lat2step.ppo_sinusoid.id.SS3,descriptive (not scored),,drop,"ppo_sinusoid: success clean - sigma0cm_lat2step (sigma_p 0.0 m, sigma_v 0.0 m/s, 2 step latency), id SS3 (P7-D1 §4)",ppo_sinusoid,,results/e07/matrix/episodes.csv|aft|id|SS3,results/e07/noise/sigma0cm_lat2step/episodes.csv|aft|id|SS3,0.8666666666666667,0.745,0.9416666666666667,True,1.0,0.13333333333333333,nan,nan,200,200,5,0,,,,,,10000,20260926,0.95,"shared_episodes: seeds per method, shared by its two cells; one set of episode indices shared by both cells and both methods (P7-D1 §2)",results/e07/matrix/episodes.csv;results/e07/noise/sigma0cm_lat2step/episodes.csv,success = IQM over seeds of per-seed success rate; drop = cell 1 - cell 2
noise/sigma0cm_lat2step.ppo_sinusoid.id.SS4,descriptive (not scored),,drop,"ppo_sinusoid: success clean - sigma0cm_lat2step (sigma_p 0.0 m, sigma_v 0.0 m/s, 2 step latency), id SS4 (P7-D1 §4)",ppo_sinusoid,,results/e07/matrix/episodes.csv|aft|id|SS4,results/e07/noise/sigma0cm_lat2step/episodes.csv|aft|id|SS4,0.8433333333333333,0.7616666666666667,0.9383333333333334,True,1.0,0.15666666666666668,nan,nan,200,200,5,0,,,,,,10000,20260926,0.95,"shared_episodes: seeds per method, shared by its two cells; one set of episode indices shared by both cells and both methods (P7-D1 §2)",results/e07/matrix/episodes.csv;results/e07/noise/sigma0cm_lat2step/episodes.csv,success = IQM over seeds of per-seed success rate; drop = cell 1 - cell 2
noise/sigma0cm_lat2step.ppo_sinusoid.id.SS5,descriptive (not scored),,drop,"ppo_sinusoid: success clean - sigma0cm_lat2step (sigma_p 0.0 m, sigma_v 0.0 m/s, 2 step latency), id SS5 (P7-D1 §4)",ppo_sinusoid,,results/e07/matrix/episodes.csv|aft|id|SS5,results/e07/noise/sigma0cm_lat2step/episodes.csv|aft|id|SS5,0.8316666666666667,0.7516666666666667,0.9216666666666666,True,1.0,0.16833333333333333,nan,nan,200,200,5,0,,,,,,10000,20260926,0.95,"shared_episodes: seeds per method, shared by its two cells; one set of episode indices shared by both cells and both methods (P7-D1 §2)",results/e07/matrix/episodes.csv;results/e07/noise/sigma0cm_lat2step/episodes.csv,success = IQM over seeds of per-seed success rate; drop = cell 1 - cell 2
noise/sigma0cm_lat2step.ppo_sinusoid.id.SS6,descriptive (not scored),,drop,"ppo_sinusoid: success clean - sigma0cm_lat2step (sigma_p 0.0 m, sigma_v 0.0 m/s, 2 step latency), id SS6 (P7-D1 §4)",ppo_sinusoid,,results/e07/matrix/episodes.csv|aft|id|SS6,results/e07/noise/sigma0cm_lat2step/episodes.csv|aft|id|SS6,0.7783333333333333,0.73,0.89,True,0.9733333333333333,0.19499999999999998,nan,nan,200,200,5,0,,,,,,10000,20260926,0.95,"shared_episodes: seeds per method, shared by its two cells; one set of episode indices shared by both cells and both methods (P7-D1 §2)",results/e07/matrix/episodes.csv;results/e07/noise/sigma0cm_lat2step/episodes.csv,success = IQM over seeds of per-seed success rate; drop = cell 1 - cell 2
noise/sigma0cm_lat2step.pid_track_descend.id.SS3,descriptive (not scored),,drop,"pid_track_descend: success clean - sigma0cm_lat2step (sigma_p 0.0 m, sigma_v 0.0 m/s, 2 step latency), id SS3 (P7-D1 §4)",pid_track_descend,,results/e01/episodes.csv|aft|id|SS3,results/e07/noise/sigma0cm_lat2step/episodes.csv|aft|id|SS3,0.0,0.0,0.0,False,1.0,1.0,nan,nan,200,200,1,0,,,,,,10000,20260926,0.95,"shared_episodes: seeds per method, shared by its two cells; one set of episode indices shared by both cells and both methods (P7-D1 §2)",results/e01/episodes.csv;results/e07/noise/sigma0cm_lat2step/episodes.csv,success = IQM over seeds of per-seed success rate; drop = cell 1 - cell 2
noise/sigma0cm_lat2step.pid_track_descend.id.SS4,descriptive (not scored),,drop,"pid_track_descend: success clean - sigma0cm_lat2step (sigma_p 0.0 m, sigma_v 0.0 m/s, 2 step latency), id SS4 (P7-D1 §4)",pid_track_descend,,results/e01/episodes.csv|aft|id|SS4,results/e07/noise/sigma0cm_lat2step/episodes.csv|aft|id|SS4,0.0,-0.015000000000000013,0.015000000000000013,False,0.96,0.96,nan,nan,200,200,1,0,,,,,,10000,20260926,0.95,"shared_episodes: seeds per method, shared by its two cells; one set of episode indices shared by both cells and both methods (P7-D1 §2)",results/e01/episodes.csv;results/e07/noise/sigma0cm_lat2step/episodes.csv,success = IQM over seeds of per-seed success rate; drop = cell 1 - cell 2
noise/sigma0cm_lat2step.pid_track_descend.id.SS5,descriptive (not scored),,drop,"pid_track_descend: success clean - sigma0cm_lat2step (sigma_p 0.0 m, sigma_v 0.0 m/s, 2 step latency), id SS5 (P7-D1 §4)",pid_track_descend,,results/e01/episodes.csv|aft|id|SS5,results/e07/noise/sigma0cm_lat2step/episodes.csv|aft|id|SS5,0.030000000000000027,-0.010000000000000009,0.07000000000000006,False,0.85,0.82,nan,nan,200,200,1,0,,,,,,10000,20260926,0.95,"shared_episodes: seeds per method, shared by its two cells; one set of episode indices shared by both cells and both methods (P7-D1 §2)",results/e01/episodes.csv;results/e07/noise/sigma0cm_lat2step/episodes.csv,success = IQM over seeds of per-seed success rate; drop = cell 1 - cell 2
noise/sigma0cm_lat2step.pid_track_descend.id.SS6,descriptive (not scored),,drop,"pid_track_descend: success clean - sigma0cm_lat2step (sigma_p 0.0 m, sigma_v 0.0 m/s, 2 step latency), id SS6 (P7-D1 §4)",pid_track_descend,,results/e01/episodes.csv|aft|id|SS6,results/e07/noise/sigma0cm_lat2step/episodes.csv|aft|id|SS6,-0.02499999999999991,-0.08999999999999997,0.039999999999999925,False,0.8,0.825,nan,nan,200,200,1,0,,,,,,10000,20260926,0.95,"shared_episodes: seeds per method, shared by its two cells; one set of episode indices shared by both cells and both methods (P7-D1 §2)",results/e01/episodes.csv;results/e07/noise/sigma0cm_lat2step/episodes.csv,success = IQM over seeds of per-seed success rate; drop = cell 1 - cell 2
noise/sigma0cm_lat2step.pid_feedforward.id.SS3,descriptive (not scored),,drop,"pid_feedforward: success clean - sigma0cm_lat2step (sigma_p 0.0 m, sigma_v 0.0 m/s, 2 step latency), id SS3 (P7-D1 §4)",pid_feedforward,,results/e01/episodes.csv|aft|id|SS3,results/e07/noise/sigma0cm_lat2step/episodes.csv|aft|id|SS3,1.0,1.0,1.0,True,1.0,0.0,nan,nan,200,200,1,0,,,,,,10000,20260926,0.95,"shared_episodes: seeds per method, shared by its two cells; one set of episode indices shared by both cells and both methods (P7-D1 §2)",results/e01/episodes.csv;results/e07/noise/sigma0cm_lat2step/episodes.csv,success = IQM over seeds of per-seed success rate; drop = cell 1 - cell 2
noise/sigma0cm_lat2step.pid_feedforward.id.SS4,descriptive (not scored),,drop,"pid_feedforward: success clean - sigma0cm_lat2step (sigma_p 0.0 m, sigma_v 0.0 m/s, 2 step latency), id SS4 (P7-D1 §4)",pid_feedforward,,results/e01/episodes.csv|aft|id|SS4,results/e07/noise/sigma0cm_lat2step/episodes.csv|aft|id|SS4,1.0,1.0,1.0,True,1.0,0.0,nan,nan,200,200,1,0,,,,,,10000,20260926,0.95,"shared_episodes: seeds per method, shared by its two cells; one set of episode indices shared by both cells and both methods (P7-D1 §2)",results/e01/episodes.csv;results/e07/noise/sigma0cm_lat2step/episodes.csv,success = IQM over seeds of per-seed success rate; drop = cell 1 - cell 2
noise/sigma0cm_lat2step.pid_feedforward.id.SS5,descriptive (not scored),,drop,"pid_feedforward: success clean - sigma0cm_lat2step (sigma_p 0.0 m, sigma_v 0.0 m/s, 2 step latency), id SS5 (P7-D1 §4)",pid_feedforward,,results/e01/episodes.csv|aft|id|SS5,results/e07/noise/sigma0cm_lat2step/episodes.csv|aft|id|SS5,0.99,0.975,1.0,True,0.99,0.0,nan,nan,200,200,1,0,,,,,,10000,20260926,0.95,"shared_episodes: seeds per method, shared by its two cells; one set of episode indices shared by both cells and both methods (P7-D1 §2)",results/e01/episodes.csv;results/e07/noise/sigma0cm_lat2step/episodes.csv,success = IQM over seeds of per-seed success rate; drop = cell 1 - cell 2
noise/sigma0cm_lat2step.pid_feedforward.id.SS6,descriptive (not scored),,drop,"pid_feedforward: success clean - sigma0cm_lat2step (sigma_p 0.0 m, sigma_v 0.0 m/s, 2 step latency), id SS6 (P7-D1 §4)",pid_feedforward,,results/e01/episodes.csv|aft|id|SS6,results/e07/noise/sigma0cm_lat2step/episodes.csv|aft|id|SS6,0.905,0.865,0.945,True,0.905,0.0,nan,nan,200,200,1,0,,,,,,10000,20260926,0.95,"shared_episodes: seeds per method, shared by its two cells; one set of episode indices shared by both cells and both methods (P7-D1 §2)",results/e01/episodes.csv;results/e07/noise/sigma0cm_lat2step/episodes.csv,success = IQM over seeds of per-seed success rate; drop = cell 1 - cell 2
noise/sigma0cm_lat2step.pid_feedforward_lowvz.id.SS3,descriptive (not scored),,drop,"pid_feedforward_lowvz: success clean - sigma0cm_lat2step (sigma_p 0.0 m, sigma_v 0.0 m/s, 2 step latency), id SS3 (P7-D1 §4)",pid_feedforward_lowvz,,results/e01/episodes.csv|aft|id|SS3,results/e07/noise/sigma0cm_lat2step/episodes.csv|aft|id|SS3,0.18500000000000005,0.135,0.24,True,1.0,0.815,nan,nan,200,200,1,0,,,,,,10000,20260926,0.95,"shared_episodes: seeds per method, shared by its two cells; one set of episode indices shared by both cells and both methods (P7-D1 §2)",results/e01/episodes.csv;results/e07/noise/sigma0cm_lat2step/episodes.csv,success = IQM over seeds of per-seed success rate; drop = cell 1 - cell 2
noise/sigma0cm_lat2step.pid_feedforward_lowvz.id.SS4,descriptive (not scored),,drop,"pid_feedforward_lowvz: success clean - sigma0cm_lat2step (sigma_p 0.0 m, sigma_v 0.0 m/s, 2 step latency), id SS4 (P7-D1 §4)",pid_feedforward_lowvz,,results/e01/episodes.csv|aft|id|SS4,results/e07/noise/sigma0cm_lat2step/episodes.csv|aft|id|SS4,0.21499999999999997,0.15499999999999992,0.28,True,0.98,0.765,nan,nan,200,200,1,0,,,,,,10000,20260926,0.95,"shared_episodes: seeds per method, shared by its two cells; one set of episode indices shared by both cells and both methods (P7-D1 §2)",results/e01/episodes.csv;results/e07/noise/sigma0cm_lat2step/episodes.csv,success = IQM over seeds of per-seed success rate; drop = cell 1 - cell 2
noise/sigma0cm_lat2step.pid_feedforward_lowvz.id.SS5,descriptive (not scored),,drop,"pid_feedforward_lowvz: success clean - sigma0cm_lat2step (sigma_p 0.0 m, sigma_v 0.0 m/s, 2 step latency), id SS5 (P7-D1 §4)",pid_feedforward_lowvz,,results/e01/episodes.csv|aft|id|SS5,results/e07/noise/sigma0cm_lat2step/episodes.csv|aft|id|SS5,0.245,0.17499999999999993,0.31499999999999995,True,0.955,0.71,nan,nan,200,200,1,0,,,,,,10000,20260926,0.95,"shared_episodes: seeds per method, shared by its two cells; one set of episode indices shared by both cells and both methods (P7-D1 §2)",results/e01/episodes.csv;results/e07/noise/sigma0cm_lat2step/episodes.csv,success = IQM over seeds of per-seed success rate; drop = cell 1 - cell 2
noise/sigma0cm_lat2step.pid_feedforward_lowvz.id.SS6,descriptive (not scored),,drop,"pid_feedforward_lowvz: success clean - sigma0cm_lat2step (sigma_p 0.0 m, sigma_v 0.0 m/s, 2 step latency), id SS6 (P7-D1 §4)",pid_feedforward_lowvz,,results/e01/episodes.csv|aft|id|SS6,results/e07/noise/sigma0cm_lat2step/episodes.csv|aft|id|SS6,0.255,0.17999999999999994,0.32999999999999996,True,0.85,0.595,nan,nan,200,200,1,0,,,,,,10000,20260926,0.95,"shared_episodes: seeds per method, shared by its two cells; one set of episode indices shared by both cells and both methods (P7-D1 §2)",results/e01/episodes.csv;results/e07/noise/sigma0cm_lat2step/episodes.csv,success = IQM over seeds of per-seed success rate; drop = cell 1 - cell 2
noise/sigma0cm_lat2step.pid_feedforward_lowvz_cut.id.SS3,descriptive (not scored),,drop,"pid_feedforward_lowvz_cut: success clean - sigma0cm_lat2step (sigma_p 0.0 m, sigma_v 0.0 m/s, 2 step latency), id SS3 (P7-D1 §4)",pid_feedforward_lowvz_cut,,results/e01_lowvz_cut/episodes.csv|aft|id|SS3,results/e07/noise/sigma0cm_lat2step/episodes.csv|aft|id|SS3,0.06999999999999995,0.03500000000000003,0.10499999999999998,True,1.0,0.93,nan,nan,200,200,1,0,,,,,,10000,20260926,0.95,"shared_episodes: seeds per method, shared by its two cells; one set of episode indices shared by both cells and both methods (P7-D1 §2)",results/e01_lowvz_cut/episodes.csv;results/e07/noise/sigma0cm_lat2step/episodes.csv,success = IQM over seeds of per-seed success rate; drop = cell 1 - cell 2
noise/sigma0cm_lat2step.pid_feedforward_lowvz_cut.id.SS4,descriptive (not scored),,drop,"pid_feedforward_lowvz_cut: success clean - sigma0cm_lat2step (sigma_p 0.0 m, sigma_v 0.0 m/s, 2 step latency), id SS4 (P7-D1 §4)",pid_feedforward_lowvz_cut,,results/e01_lowvz_cut/episodes.csv|aft|id|SS4,results/e07/noise/sigma0cm_lat2step/episodes.csv|aft|id|SS4,0.04500000000000004,0.010000000000000009,0.08499999999999996,True,0.985,0.94,nan,nan,200,200,1,0,,,,,,10000,20260926,0.95,"shared_episodes: seeds per method, shared by its two cells; one set of episode indices shared by both cells and both methods (P7-D1 §2)",results/e01_lowvz_cut/episodes.csv;results/e07/noise/sigma0cm_lat2step/episodes.csv,success = IQM over seeds of per-seed success rate; drop = cell 1 - cell 2
noise/sigma0cm_lat2step.pid_feedforward_lowvz_cut.id.SS5,descriptive (not scored),,drop,"pid_feedforward_lowvz_cut: success clean - sigma0cm_lat2step (sigma_p 0.0 m, sigma_v 0.0 m/s, 2 step latency), id SS5 (P7-D1 §4)",pid_feedforward_lowvz_cut,,results/e01_lowvz_cut/episodes.csv|aft|id|SS5,results/e07/noise/sigma0cm_lat2step/episodes.csv|aft|id|SS5,0.08999999999999997,0.04499999999999993,0.14,True,0.98,0.89,nan,nan,200,200,1,0,,,,,,10000,20260926,0.95,"shared_episodes: seeds per method, shared by its two cells; one set of episode indices shared by both cells and both methods (P7-D1 §2)",results/e01_lowvz_cut/episodes.csv;results/e07/noise/sigma0cm_lat2step/episodes.csv,success = IQM over seeds of per-seed success rate; drop = cell 1 - cell 2
noise/sigma0cm_lat2step.pid_feedforward_lowvz_cut.id.SS6,descriptive (not scored),,drop,"pid_feedforward_lowvz_cut: success clean - sigma0cm_lat2step (sigma_p 0.0 m, sigma_v 0.0 m/s, 2 step latency), id SS6 (P7-D1 §4)",pid_feedforward_lowvz_cut,,results/e01_lowvz_cut/episodes.csv|aft|id|SS6,results/e07/noise/sigma0cm_lat2step/episodes.csv|aft|id|SS6,0.10499999999999998,0.04499999999999993,0.17000000000000004,True,0.88,0.775,nan,nan,200,200,1,0,,,,,,10000,20260926,0.95,"shared_episodes: seeds per method, shared by its two cells; one set of episode indices shared by both cells and both methods (P7-D1 §2)",results/e01_lowvz_cut/episodes.csv;results/e07/noise/sigma0cm_lat2step/episodes.csv,success = IQM over seeds of per-seed success rate; drop = cell 1 - cell 2
noise/sigma0cm_lat2step.gated.id.SS3,descriptive (not scored),,drop,"gated: success clean - sigma0cm_lat2step (sigma_p 0.0 m, sigma_v 0.0 m/s, 2 step latency), id SS3 (P7-D1 §4)",gated,,results/e01/episodes.csv|aft|id|SS3,results/e07/noise/sigma0cm_lat2step/episodes.csv|aft|id|SS3,1.0,1.0,1.0,True,1.0,0.0,nan,nan,200,200,1,0,,,,,,10000,20260926,0.95,"shared_episodes: seeds per method, shared by its two cells; one set of episode indices shared by both cells and both methods (P7-D1 §2)",results/e01/episodes.csv;results/e07/noise/sigma0cm_lat2step/episodes.csv,success = IQM over seeds of per-seed success rate; drop = cell 1 - cell 2
noise/sigma0cm_lat2step.gated.id.SS4,descriptive (not scored),,drop,"gated: success clean - sigma0cm_lat2step (sigma_p 0.0 m, sigma_v 0.0 m/s, 2 step latency), id SS4 (P7-D1 §4)",gated,,results/e01/episodes.csv|aft|id|SS4,results/e07/noise/sigma0cm_lat2step/episodes.csv|aft|id|SS4,0.985,0.965,1.0,True,0.985,0.0,nan,nan,200,200,1,0,,,,,,10000,20260926,0.95,"shared_episodes: seeds per method, shared by its two cells; one set of episode indices shared by both cells and both methods (P7-D1 §2)",results/e01/episodes.csv;results/e07/noise/sigma0cm_lat2step/episodes.csv,success = IQM over seeds of per-seed success rate; drop = cell 1 - cell 2
noise/sigma0cm_lat2step.gated.id.SS5,descriptive (not scored),,drop,"gated: success clean - sigma0cm_lat2step (sigma_p 0.0 m, sigma_v 0.0 m/s, 2 step latency), id SS5 (P7-D1 §4)",gated,,results/e01/episodes.csv|aft|id|SS5,results/e07/noise/sigma0cm_lat2step/episodes.csv|aft|id|SS5,0.895,0.854875000000001,0.935,True,0.895,0.0,nan,nan,200,200,1,0,,,,,,10000,20260926,0.95,"shared_episodes: seeds per method, shared by its two cells; one set of episode indices shared by both cells and both methods (P7-D1 §2)",results/e01/episodes.csv;results/e07/noise/sigma0cm_lat2step/episodes.csv,success = IQM over seeds of per-seed success rate; drop = cell 1 - cell 2
noise/sigma0cm_lat2step.gated.id.SS6,descriptive (not scored),,drop,"gated: success clean - sigma0cm_lat2step (sigma_p 0.0 m, sigma_v 0.0 m/s, 2 step latency), id SS6 (P7-D1 §4)",gated,,results/e01/episodes.csv|aft|id|SS6,results/e07/noise/sigma0cm_lat2step/episodes.csv|aft|id|SS6,0.63,0.565,0.695,True,0.63,0.0,nan,nan,200,200,1,0,,,,,,10000,20260926,0.95,"shared_episodes: seeds per method, shared by its two cells; one set of episode indices shared by both cells and both methods (P7-D1 §2)",results/e01/episodes.csv;results/e07/noise/sigma0cm_lat2step/episodes.csv,success = IQM over seeds of per-seed success rate; drop = cell 1 - cell 2
noise/sigma0cm_lat2step.oracle_gated.id.SS3,descriptive (not scored),,drop,"oracle_gated: success clean - sigma0cm_lat2step (sigma_p 0.0 m, sigma_v 0.0 m/s, 2 step latency), id SS3 (P7-D1 §4)",oracle_gated,,results/e01/episodes.csv|aft|id|SS3,results/e07/noise/sigma0cm_lat2step/episodes.csv|aft|id|SS3,1.0,1.0,1.0,True,1.0,0.0,nan,nan,200,200,1,0,,,,,,10000,20260926,0.95,"shared_episodes: seeds per method, shared by its two cells; one set of episode indices shared by both cells and both methods (P7-D1 §2)",results/e01/episodes.csv;results/e07/noise/sigma0cm_lat2step/episodes.csv,success = IQM over seeds of per-seed success rate; drop = cell 1 - cell 2
noise/sigma0cm_lat2step.oracle_gated.id.SS4,descriptive (not scored),,drop,"oracle_gated: success clean - sigma0cm_lat2step (sigma_p 0.0 m, sigma_v 0.0 m/s, 2 step latency), id SS4 (P7-D1 §4)",oracle_gated,,results/e01/episodes.csv|aft|id|SS4,results/e07/noise/sigma0cm_lat2step/episodes.csv|aft|id|SS4,0.985,0.965,1.0,True,0.985,0.0,nan,nan,200,200,1,0,,,,,,10000,20260926,0.95,"shared_episodes: seeds per method, shared by its two cells; one set of episode indices shared by both cells and both methods (P7-D1 §2)",results/e01/episodes.csv;results/e07/noise/sigma0cm_lat2step/episodes.csv,success = IQM over seeds of per-seed success rate; drop = cell 1 - cell 2
noise/sigma0cm_lat2step.oracle_gated.id.SS5,descriptive (not scored),,drop,"oracle_gated: success clean - sigma0cm_lat2step (sigma_p 0.0 m, sigma_v 0.0 m/s, 2 step latency), id SS5 (P7-D1 §4)",oracle_gated,,results/e01/episodes.csv|aft|id|SS5,results/e07/noise/sigma0cm_lat2step/episodes.csv|aft|id|SS5,0.89,0.845,0.93,True,0.89,0.0,nan,nan,200,200,1,0,,,,,,10000,20260926,0.95,"shared_episodes: seeds per method, shared by its two cells; one set of episode indices shared by both cells and both methods (P7-D1 §2)",results/e01/episodes.csv;results/e07/noise/sigma0cm_lat2step/episodes.csv,success = IQM over seeds of per-seed success rate; drop = cell 1 - cell 2
noise/sigma0cm_lat2step.oracle_gated.id.SS6,descriptive (not scored),,drop,"oracle_gated: success clean - sigma0cm_lat2step (sigma_p 0.0 m, sigma_v 0.0 m/s, 2 step latency), id SS6 (P7-D1 §4)",oracle_gated,,results/e01/episodes.csv|aft|id|SS6,results/e07/noise/sigma0cm_lat2step/episodes.csv|aft|id|SS6,0.645,0.58,0.71,True,0.645,0.0,nan,nan,200,200,1,0,,,,,,10000,20260926,0.95,"shared_episodes: seeds per method, shared by its two cells; one set of episode indices shared by both cells and both methods (P7-D1 §2)",results/e01/episodes.csv;results/e07/noise/sigma0cm_lat2step/episodes.csv,success = IQM over seeds of per-seed success rate; drop = cell 1 - cell 2
noise/sigma1cm_lat2step.ppo.id.SS3,descriptive (not scored),,drop,"ppo: success clean - sigma1cm_lat2step (sigma_p 0.01 m, sigma_v 0.05 m/s, 2 step latency), id SS3 (P7-D1 §4)",ppo,,results/e07/matrix/episodes.csv|aft|id|SS3,results/e07/noise/sigma1cm_lat2step/episodes.csv|aft|id|SS3,0.685,0.4633333333333334,0.79,True,1.0,0.315,nan,nan,200,200,5,0,,,,,,10000,20260926,0.95,"shared_episodes: seeds per method, shared by its two cells; one set of episode indices shared by both cells and both methods (P7-D1 §2)",results/e07/matrix/episodes.csv;results/e07/noise/sigma1cm_lat2step/episodes.csv,success = IQM over seeds of per-seed success rate; drop = cell 1 - cell 2
noise/sigma1cm_lat2step.ppo.id.SS4,descriptive (not scored),,drop,"ppo: success clean - sigma1cm_lat2step (sigma_p 0.01 m, sigma_v 0.05 m/s, 2 step latency), id SS4 (P7-D1 §4)",ppo,,results/e07/matrix/episodes.csv|aft|id|SS4,results/e07/noise/sigma1cm_lat2step/episodes.csv|aft|id|SS4,0.6833333333333333,0.4766250000000003,0.785,True,1.0,0.31666666666666665,nan,nan,200,200,5,0,,,,,,10000,20260926,0.95,"shared_episodes: seeds per method, shared by its two cells; one set of episode indices shared by both cells and both methods (P7-D1 §2)",results/e07/matrix/episodes.csv;results/e07/noise/sigma1cm_lat2step/episodes.csv,success = IQM over seeds of per-seed success rate; drop = cell 1 - cell 2
noise/sigma1cm_lat2step.ppo.id.SS5,descriptive (not scored),,drop,"ppo: success clean - sigma1cm_lat2step (sigma_p 0.01 m, sigma_v 0.05 m/s, 2 step latency), id SS5 (P7-D1 §4)",ppo,,results/e07/matrix/episodes.csv|aft|id|SS5,results/e07/noise/sigma1cm_lat2step/episodes.csv|aft|id|SS5,0.665,0.4883333333333334,0.755,True,1.0,0.33499999999999996,nan,nan,200,200,5,0,,,,,,10000,20260926,0.95,"shared_episodes: seeds per method, shared by its two cells; one set of episode indices shared by both cells and both methods (P7-D1 §2)",results/e07/matrix/episodes.csv;results/e07/noise/sigma1cm_lat2step/episodes.csv,success = IQM over seeds of per-seed success rate; drop = cell 1 - cell 2
noise/sigma1cm_lat2step.ppo.id.SS6,descriptive (not scored),,drop,"ppo: success clean - sigma1cm_lat2step (sigma_p 0.01 m, sigma_v 0.05 m/s, 2 step latency), id SS6 (P7-D1 §4)",ppo,,results/e07/matrix/episodes.csv|aft|id|SS6,results/e07/noise/sigma1cm_lat2step/episodes.csv|aft|id|SS6,0.6433333333333333,0.48999999999999994,0.7183333333333333,True,0.9816666666666666,0.3383333333333333,nan,nan,200,200,5,0,,,,,,10000,20260926,0.95,"shared_episodes: seeds per method, shared by its two cells; one set of episode indices shared by both cells and both methods (P7-D1 §2)",results/e07/matrix/episodes.csv;results/e07/noise/sigma1cm_lat2step/episodes.csv,success = IQM over seeds of per-seed success rate; drop = cell 1 - cell 2
noise/sigma1cm_lat2step.sac.id.SS3,descriptive (not scored),,drop,"sac: success clean - sigma1cm_lat2step (sigma_p 0.01 m, sigma_v 0.05 m/s, 2 step latency), id SS3 (P7-D1 §4)",sac,,results/e07/matrix/episodes.csv|aft|id|SS3,results/e07/noise/sigma1cm_lat2step/episodes.csv|aft|id|SS3,0.8616666666666667,0.7749999999999999,0.9083333333333333,True,0.9983333333333334,0.1366666666666667,nan,nan,200,200,5,0,,,,,,10000,20260926,0.95,"shared_episodes: seeds per method, shared by its two cells; one set of episode indices shared by both cells and both methods (P7-D1 §2)",results/e07/matrix/episodes.csv;results/e07/noise/sigma1cm_lat2step/episodes.csv,success = IQM over seeds of per-seed success rate; drop = cell 1 - cell 2
noise/sigma1cm_lat2step.sac.id.SS4,descriptive (not scored),,drop,"sac: success clean - sigma1cm_lat2step (sigma_p 0.01 m, sigma_v 0.05 m/s, 2 step latency), id SS4 (P7-D1 §4)",sac,,results/e07/matrix/episodes.csv|aft|id|SS4,results/e07/noise/sigma1cm_lat2step/episodes.csv|aft|id|SS4,0.8050000000000002,0.735,0.8916666666666666,True,0.9816666666666668,0.17666666666666667,nan,nan,200,200,5,0,,,,,,10000,20260926,0.95,"shared_episodes: seeds per method, shared by its two cells; one set of episode indices shared by both cells and both methods (P7-D1 §2)",results/e07/matrix/episodes.csv;results/e07/noise/sigma1cm_lat2step/episodes.csv,success = IQM over seeds of per-seed success rate; drop = cell 1 - cell 2
noise/sigma1cm_lat2step.sac.id.SS5,descriptive (not scored),,drop,"sac: success clean - sigma1cm_lat2step (sigma_p 0.01 m, sigma_v 0.05 m/s, 2 step latency), id SS5 (P7-D1 §4)",sac,,results/e07/matrix/episodes.csv|aft|id|SS5,results/e07/noise/sigma1cm_lat2step/episodes.csv|aft|id|SS5,0.76,0.6766666666666666,0.8416666666666668,True,0.87,0.10999999999999999,nan,nan,200,200,5,0,,,,,,10000,20260926,0.95,"shared_episodes: seeds per method, shared by its two cells; one set of episode indices shared by both cells and both methods (P7-D1 §2)",results/e07/matrix/episodes.csv;results/e07/noise/sigma1cm_lat2step/episodes.csv,success = IQM over seeds of per-seed success rate; drop = cell 1 - cell 2
noise/sigma1cm_lat2step.sac.id.SS6,descriptive (not scored),,drop,"sac: success clean - sigma1cm_lat2step (sigma_p 0.01 m, sigma_v 0.05 m/s, 2 step latency), id SS6 (P7-D1 §4)",sac,,results/e07/matrix/episodes.csv|aft|id|SS6,results/e07/noise/sigma1cm_lat2step/episodes.csv|aft|id|SS6,0.6483333333333333,0.5583333333333333,0.7283333333333333,True,0.725,0.07666666666666667,nan,nan,200,200,5,0,,,,,,10000,20260926,0.95,"shared_episodes: seeds per method, shared by its two cells; one set of episode indices shared by both cells and both methods (P7-D1 §2)",results/e07/matrix/episodes.csv;results/e07/noise/sigma1cm_lat2step/episodes.csv,success = IQM over seeds of per-seed success rate; drop = cell 1 - cell 2
noise/sigma1cm_lat2step.residual_ppo.id.SS3,descriptive (not scored),,drop,"residual_ppo: success clean - sigma1cm_lat2step (sigma_p 0.01 m, sigma_v 0.05 m/s, 2 step latency), id SS3 (P7-D1 §4)",residual_ppo,,results/e07/matrix/episodes.csv|aft|id|SS3,results/e07/noise/sigma1cm_lat2step/episodes.csv|aft|id|SS3,1.0,1.0,1.0,True,1.0,0.0,nan,nan,200,200,5,0,,,,,,10000,20260926,0.95,"shared_episodes: seeds per method, shared by its two cells; one set of episode indices shared by both cells and both methods (P7-D1 §2)",results/e07/matrix/episodes.csv;results/e07/noise/sigma1cm_lat2step/episodes.csv,success = IQM over seeds of per-seed success rate; drop = cell 1 - cell 2
noise/sigma1cm_lat2step.residual_ppo.id.SS4,descriptive (not scored),,drop,"residual_ppo: success clean - sigma1cm_lat2step (sigma_p 0.01 m, sigma_v 0.05 m/s, 2 step latency), id SS4 (P7-D1 §4)",residual_ppo,,results/e07/matrix/episodes.csv|aft|id|SS4,results/e07/noise/sigma1cm_lat2step/episodes.csv|aft|id|SS4,1.0,0.995,1.0,True,1.0,0.0,nan,nan,200,200,5,0,,,,,,10000,20260926,0.95,"shared_episodes: seeds per method, shared by its two cells; one set of episode indices shared by both cells and both methods (P7-D1 §2)",results/e07/matrix/episodes.csv;results/e07/noise/sigma1cm_lat2step/episodes.csv,success = IQM over seeds of per-seed success rate; drop = cell 1 - cell 2
noise/sigma1cm_lat2step.residual_ppo.id.SS5,descriptive (not scored),,drop,"residual_ppo: success clean - sigma1cm_lat2step (sigma_p 0.01 m, sigma_v 0.05 m/s, 2 step latency), id SS5 (P7-D1 §4)",residual_ppo,,results/e07/matrix/episodes.csv|aft|id|SS5,results/e07/noise/sigma1cm_lat2step/episodes.csv|aft|id|SS5,0.9933333333333333,0.9816666666666666,1.0,True,0.995,0.0016666666666666668,nan,nan,200,200,5,0,,,,,,10000,20260926,0.95,"shared_episodes: seeds per method, shared by its two cells; one set of episode indices shared by both cells and both methods (P7-D1 §2)",results/e07/matrix/episodes.csv;results/e07/noise/sigma1cm_lat2step/episodes.csv,success = IQM over seeds of per-seed success rate; drop = cell 1 - cell 2
noise/sigma1cm_lat2step.residual_ppo.id.SS6,descriptive (not scored),,drop,"residual_ppo: success clean - sigma1cm_lat2step (sigma_p 0.01 m, sigma_v 0.05 m/s, 2 step latency), id SS6 (P7-D1 §4)",residual_ppo,,results/e07/matrix/episodes.csv|aft|id|SS6,results/e07/noise/sigma1cm_lat2step/episodes.csv|aft|id|SS6,0.9599999999999999,0.935,0.985,True,0.9616666666666666,0.0016666666666666668,nan,nan,200,200,5,0,,,,,,10000,20260926,0.95,"shared_episodes: seeds per method, shared by its two cells; one set of episode indices shared by both cells and both methods (P7-D1 §2)",results/e07/matrix/episodes.csv;results/e07/noise/sigma1cm_lat2step/episodes.csv,success = IQM over seeds of per-seed success rate; drop = cell 1 - cell 2
noise/sigma1cm_lat2step.ppo_forecast.id.SS3,descriptive (not scored),,drop,"ppo_forecast: success clean - sigma1cm_lat2step (sigma_p 0.01 m, sigma_v 0.05 m/s, 2 step latency), id SS3 (P7-D1 §4)",ppo_forecast,,results/e07/matrix/episodes.csv|aft|id|SS3,results/e07/noise/sigma1cm_lat2step/episodes.csv|aft|id|SS3,0.011666666666666714,0.0,0.025000000000000022,False,1.0,0.9883333333333333,nan,nan,200,200,5,0,,,,,,10000,20260926,0.95,"shared_episodes: seeds per method, shared by its two cells; one set of episode indices shared by both cells and both methods (P7-D1 §2)",results/e07/matrix/episodes.csv;results/e07/noise/sigma1cm_lat2step/episodes.csv,success = IQM over seeds of per-seed success rate; drop = cell 1 - cell 2
noise/sigma1cm_lat2step.ppo_forecast.id.SS4,descriptive (not scored),,drop,"ppo_forecast: success clean - sigma1cm_lat2step (sigma_p 0.01 m, sigma_v 0.05 m/s, 2 step latency), id SS4 (P7-D1 §4)",ppo_forecast,,results/e07/matrix/episodes.csv|aft|id|SS4,results/e07/noise/sigma1cm_lat2step/episodes.csv|aft|id|SS4,0.009999999999999898,0.0,0.029999999999999916,False,1.0,0.9900000000000001,nan,nan,200,200,5,0,,,,,,10000,20260926,0.95,"shared_episodes: seeds per method, shared by its two cells; one set of episode indices shared by both cells and both methods (P7-D1 §2)",results/e07/matrix/episodes.csv;results/e07/noise/sigma1cm_lat2step/episodes.csv,success = IQM over seeds of per-seed success rate; drop = cell 1 - cell 2
noise/sigma1cm_lat2step.ppo_forecast.id.SS5,descriptive (not scored),,drop,"ppo_forecast: success clean - sigma1cm_lat2step (sigma_p 0.01 m, sigma_v 0.05 m/s, 2 step latency), id SS5 (P7-D1 §4)",ppo_forecast,,results/e07/matrix/episodes.csv|aft|id|SS5,results/e07/noise/sigma1cm_lat2step/episodes.csv|aft|id|SS5,0.008333333333333304,0.0,0.021666666666666612,False,1.0,0.9916666666666667,nan,nan,200,200,5,0,,,,,,10000,20260926,0.95,"shared_episodes: seeds per method, shared by its two cells; one set of episode indices shared by both cells and both methods (P7-D1 §2)",results/e07/matrix/episodes.csv;results/e07/noise/sigma1cm_lat2step/episodes.csv,success = IQM over seeds of per-seed success rate; drop = cell 1 - cell 2
noise/sigma1cm_lat2step.ppo_forecast.id.SS6,descriptive (not scored),,drop,"ppo_forecast: success clean - sigma1cm_lat2step (sigma_p 0.01 m, sigma_v 0.05 m/s, 2 step latency), id SS6 (P7-D1 §4)",ppo_forecast,,results/e07/matrix/episodes.csv|aft|id|SS6,results/e07/noise/sigma1cm_lat2step/episodes.csv|aft|id|SS6,0.021666666666666612,0.0050000000000000044,0.043333333333333335,True,0.98,0.9583333333333334,nan,nan,200,200,5,0,,,,,,10000,20260926,0.95,"shared_episodes: seeds per method, shared by its two cells; one set of episode indices shared by both cells and both methods (P7-D1 §2)",results/e07/matrix/episodes.csv;results/e07/noise/sigma1cm_lat2step/episodes.csv,success = IQM over seeds of per-seed success rate; drop = cell 1 - cell 2
noise/sigma1cm_lat2step.residual_ppo_forecast.id.SS3,descriptive (not scored),,drop,"residual_ppo_forecast: success clean - sigma1cm_lat2step (sigma_p 0.01 m, sigma_v 0.05 m/s, 2 step latency), id SS3 (P7-D1 §4)",residual_ppo_forecast,,results/e07/matrix/episodes.csv|aft|id|SS3,results/e07/noise/sigma1cm_lat2step/episodes.csv|aft|id|SS3,0.9616666666666667,0.865,0.99,True,1.0,0.03833333333333334,nan,nan,200,200,5,0,,,,,,10000,20260926,0.95,"shared_episodes: seeds per method, shared by its two cells; one set of episode indices shared by both cells and both methods (P7-D1 §2)",results/e07/matrix/episodes.csv;results/e07/noise/sigma1cm_lat2step/episodes.csv,success = IQM over seeds of per-seed success rate; drop = cell 1 - cell 2
noise/sigma1cm_lat2step.residual_ppo_forecast.id.SS4,descriptive (not scored),,drop,"residual_ppo_forecast: success clean - sigma1cm_lat2step (sigma_p 0.01 m, sigma_v 0.05 m/s, 2 step latency), id SS4 (P7-D1 §4)",residual_ppo_forecast,,results/e07/matrix/episodes.csv|aft|id|SS4,results/e07/noise/sigma1cm_lat2step/episodes.csv|aft|id|SS4,0.9666666666666667,0.8333333333333334,0.985,True,1.0,0.03333333333333333,nan,nan,200,200,5,0,,,,,,10000,20260926,0.95,"shared_episodes: seeds per method, shared by its two cells; one set of episode indices shared by both cells and both methods (P7-D1 §2)",results/e07/matrix/episodes.csv;results/e07/noise/sigma1cm_lat2step/episodes.csv,success = IQM over seeds of per-seed success rate; drop = cell 1 - cell 2
noise/sigma1cm_lat2step.residual_ppo_forecast.id.SS5,descriptive (not scored),,drop,"residual_ppo_forecast: success clean - sigma1cm_lat2step (sigma_p 0.01 m, sigma_v 0.05 m/s, 2 step latency), id SS5 (P7-D1 §4)",residual_ppo_forecast,,results/e07/matrix/episodes.csv|aft|id|SS5,results/e07/noise/sigma1cm_lat2step/episodes.csv|aft|id|SS5,0.9283333333333333,0.8416250000000003,0.9733333333333334,True,0.995,0.06666666666666667,nan,nan,200,200,5,0,,,,,,10000,20260926,0.95,"shared_episodes: seeds per method, shared by its two cells; one set of episode indices shared by both cells and both methods (P7-D1 §2)",results/e07/matrix/episodes.csv;results/e07/noise/sigma1cm_lat2step/episodes.csv,success = IQM over seeds of per-seed success rate; drop = cell 1 - cell 2
noise/sigma1cm_lat2step.residual_ppo_forecast.id.SS6,descriptive (not scored),,drop,"residual_ppo_forecast: success clean - sigma1cm_lat2step (sigma_p 0.01 m, sigma_v 0.05 m/s, 2 step latency), id SS6 (P7-D1 §4)",residual_ppo_forecast,,results/e07/matrix/episodes.csv|aft|id|SS6,results/e07/noise/sigma1cm_lat2step/episodes.csv|aft|id|SS6,0.9233333333333333,0.825,0.9516666666666668,True,0.9683333333333334,0.045000000000000005,nan,nan,200,200,5,0,,,,,,10000,20260926,0.95,"shared_episodes: seeds per method, shared by its two cells; one set of episode indices shared by both cells and both methods (P7-D1 §2)",results/e07/matrix/episodes.csv;results/e07/noise/sigma1cm_lat2step/episodes.csv,success = IQM over seeds of per-seed success rate; drop = cell 1 - cell 2
noise/sigma1cm_lat2step.ppo_sinusoid.id.SS3,descriptive (not scored),,drop,"ppo_sinusoid: success clean - sigma1cm_lat2step (sigma_p 0.01 m, sigma_v 0.05 m/s, 2 step latency), id SS3 (P7-D1 §4)",ppo_sinusoid,,results/e07/matrix/episodes.csv|aft|id|SS3,results/e07/noise/sigma1cm_lat2step/episodes.csv|aft|id|SS3,0.8833333333333333,0.795,0.9466666666666667,True,1.0,0.11666666666666665,nan,nan,200,200,5,0,,,,,,10000,20260926,0.95,"shared_episodes: seeds per method, shared by its two cells; one set of episode indices shared by both cells and both methods (P7-D1 §2)",results/e07/matrix/episodes.csv;results/e07/noise/sigma1cm_lat2step/episodes.csv,success = IQM over seeds of per-seed success rate; drop = cell 1 - cell 2
noise/sigma1cm_lat2step.ppo_sinusoid.id.SS4,descriptive (not scored),,drop,"ppo_sinusoid: success clean - sigma1cm_lat2step (sigma_p 0.01 m, sigma_v 0.05 m/s, 2 step latency), id SS4 (P7-D1 §4)",ppo_sinusoid,,results/e07/matrix/episodes.csv|aft|id|SS4,results/e07/noise/sigma1cm_lat2step/episodes.csv|aft|id|SS4,0.8416666666666667,0.7666666666666667,0.9233333333333333,True,1.0,0.15833333333333335,nan,nan,200,200,5,0,,,,,,10000,20260926,0.95,"shared_episodes: seeds per method, shared by its two cells; one set of episode indices shared by both cells and both methods (P7-D1 §2)",results/e07/matrix/episodes.csv;results/e07/noise/sigma1cm_lat2step/episodes.csv,success = IQM over seeds of per-seed success rate; drop = cell 1 - cell 2
noise/sigma1cm_lat2step.ppo_sinusoid.id.SS5,descriptive (not scored),,drop,"ppo_sinusoid: success clean - sigma1cm_lat2step (sigma_p 0.01 m, sigma_v 0.05 m/s, 2 step latency), id SS5 (P7-D1 §4)",ppo_sinusoid,,results/e07/matrix/episodes.csv|aft|id|SS5,results/e07/noise/sigma1cm_lat2step/episodes.csv|aft|id|SS5,0.825,0.7466666666666666,0.9116666666666666,True,1.0,0.17500000000000002,nan,nan,200,200,5,0,,,,,,10000,20260926,0.95,"shared_episodes: seeds per method, shared by its two cells; one set of episode indices shared by both cells and both methods (P7-D1 §2)",results/e07/matrix/episodes.csv;results/e07/noise/sigma1cm_lat2step/episodes.csv,success = IQM over seeds of per-seed success rate; drop = cell 1 - cell 2
noise/sigma1cm_lat2step.ppo_sinusoid.id.SS6,descriptive (not scored),,drop,"ppo_sinusoid: success clean - sigma1cm_lat2step (sigma_p 0.01 m, sigma_v 0.05 m/s, 2 step latency), id SS6 (P7-D1 §4)",ppo_sinusoid,,results/e07/matrix/episodes.csv|aft|id|SS6,results/e07/noise/sigma1cm_lat2step/episodes.csv|aft|id|SS6,0.7833333333333333,0.7133333333333334,0.8883333333333333,True,0.9733333333333333,0.18999999999999997,nan,nan,200,200,5,0,,,,,,10000,20260926,0.95,"shared_episodes: seeds per method, shared by its two cells; one set of episode indices shared by both cells and both methods (P7-D1 §2)",results/e07/matrix/episodes.csv;results/e07/noise/sigma1cm_lat2step/episodes.csv,success = IQM over seeds of per-seed success rate; drop = cell 1 - cell 2
noise/sigma1cm_lat2step.pid_track_descend.id.SS3,descriptive (not scored),,drop,"pid_track_descend: success clean - sigma1cm_lat2step (sigma_p 0.01 m, sigma_v 0.05 m/s, 2 step latency), id SS3 (P7-D1 §4)",pid_track_descend,,results/e01/episodes.csv|aft|id|SS3,results/e07/noise/sigma1cm_lat2step/episodes.csv|aft|id|SS3,0.030000000000000027,0.010000000000000009,0.05500000000000005,True,1.0,0.97,nan,nan,200,200,1,0,,,,,,10000,20260926,0.95,"shared_episodes: seeds per method, shared by its two cells; one set of episode indices shared by both cells and both methods (P7-D1 §2)",results/e01/episodes.csv;results/e07/noise/sigma1cm_lat2step/episodes.csv,success = IQM over seeds of per-seed success rate; drop = cell 1 - cell 2
noise/sigma1cm_lat2step.pid_track_descend.id.SS4,descriptive (not scored),,drop,"pid_track_descend: success clean - sigma1cm_lat2step (sigma_p 0.01 m, sigma_v 0.05 m/s, 2 step latency), id SS4 (P7-D1 §4)",pid_track_descend,,results/e01/episodes.csv|aft|id|SS4,results/e07/noise/sigma1cm_lat2step/episodes.csv|aft|id|SS4,0.029999999999999916,-0.00012499999999888889,0.06499999999999995,False,0.96,0.93,nan,nan,200,200,1,0,,,,,,10000,20260926,0.95,"shared_episodes: seeds per method, shared by its two cells; one set of episode indices shared by both cells and both methods (P7-D1 §2)",results/e01/episodes.csv;results/e07/noise/sigma1cm_lat2step/episodes.csv,success = IQM over seeds of per-seed success rate; drop = cell 1 - cell 2
noise/sigma1cm_lat2step.pid_track_descend.id.SS5,descriptive (not scored),,drop,"pid_track_descend: success clean - sigma1cm_lat2step (sigma_p 0.01 m, sigma_v 0.05 m/s, 2 step latency), id SS5 (P7-D1 §4)",pid_track_descend,,results/e01/episodes.csv|aft|id|SS5,results/e07/noise/sigma1cm_lat2step/episodes.csv|aft|id|SS5,0.039999999999999925,-0.0050000000000000044,0.08999999999999997,False,0.85,0.81,nan,nan,200,200,1,0,,,,,,10000,20260926,0.95,"shared_episodes: seeds per method, shared by its two cells; one set of episode indices shared by both cells and both methods (P7-D1 §2)",results/e01/episodes.csv;results/e07/noise/sigma1cm_lat2step/episodes.csv,success = IQM over seeds of per-seed success rate; drop = cell 1 - cell 2
noise/sigma1cm_lat2step.pid_track_descend.id.SS6,descriptive (not scored),,drop,"pid_track_descend: success clean - sigma1cm_lat2step (sigma_p 0.01 m, sigma_v 0.05 m/s, 2 step latency), id SS6 (P7-D1 §4)",pid_track_descend,,results/e01/episodes.csv|aft|id|SS6,results/e07/noise/sigma1cm_lat2step/episodes.csv|aft|id|SS6,-0.0050000000000000044,-0.06499999999999995,0.05499999999999994,False,0.8,0.805,nan,nan,200,200,1,0,,,,,,10000,20260926,0.95,"shared_episodes: seeds per method, shared by its two cells; one set of episode indices shared by both cells and both methods (P7-D1 §2)",results/e01/episodes.csv;results/e07/noise/sigma1cm_lat2step/episodes.csv,success = IQM over seeds of per-seed success rate; drop = cell 1 - cell 2
noise/sigma1cm_lat2step.pid_feedforward.id.SS3,descriptive (not scored),,drop,"pid_feedforward: success clean - sigma1cm_lat2step (sigma_p 0.01 m, sigma_v 0.05 m/s, 2 step latency), id SS3 (P7-D1 §4)",pid_feedforward,,results/e01/episodes.csv|aft|id|SS3,results/e07/noise/sigma1cm_lat2step/episodes.csv|aft|id|SS3,1.0,1.0,1.0,True,1.0,0.0,nan,nan,200,200,1,0,,,,,,10000,20260926,0.95,"shared_episodes: seeds per method, shared by its two cells; one set of episode indices shared by both cells and both methods (P7-D1 §2)",results/e01/episodes.csv;results/e07/noise/sigma1cm_lat2step/episodes.csv,success = IQM over seeds of per-seed success rate; drop = cell 1 - cell 2
noise/sigma1cm_lat2step.pid_feedforward.id.SS4,descriptive (not scored),,drop,"pid_feedforward: success clean - sigma1cm_lat2step (sigma_p 0.01 m, sigma_v 0.05 m/s, 2 step latency), id SS4 (P7-D1 §4)",pid_feedforward,,results/e01/episodes.csv|aft|id|SS4,results/e07/noise/sigma1cm_lat2step/episodes.csv|aft|id|SS4,1.0,1.0,1.0,True,1.0,0.0,nan,nan,200,200,1,0,,,,,,10000,20260926,0.95,"shared_episodes: seeds per method, shared by its two cells; one set of episode indices shared by both cells and both methods (P7-D1 §2)",results/e01/episodes.csv;results/e07/noise/sigma1cm_lat2step/episodes.csv,success = IQM over seeds of per-seed success rate; drop = cell 1 - cell 2
noise/sigma1cm_lat2step.pid_feedforward.id.SS5,descriptive (not scored),,drop,"pid_feedforward: success clean - sigma1cm_lat2step (sigma_p 0.01 m, sigma_v 0.05 m/s, 2 step latency), id SS5 (P7-D1 §4)",pid_feedforward,,results/e01/episodes.csv|aft|id|SS5,results/e07/noise/sigma1cm_lat2step/episodes.csv|aft|id|SS5,0.99,0.975,1.0,True,0.99,0.0,nan,nan,200,200,1,0,,,,,,10000,20260926,0.95,"shared_episodes: seeds per method, shared by its two cells; one set of episode indices shared by both cells and both methods (P7-D1 §2)",results/e01/episodes.csv;results/e07/noise/sigma1cm_lat2step/episodes.csv,success = IQM over seeds of per-seed success rate; drop = cell 1 - cell 2
noise/sigma1cm_lat2step.pid_feedforward.id.SS6,descriptive (not scored),,drop,"pid_feedforward: success clean - sigma1cm_lat2step (sigma_p 0.01 m, sigma_v 0.05 m/s, 2 step latency), id SS6 (P7-D1 §4)",pid_feedforward,,results/e01/episodes.csv|aft|id|SS6,results/e07/noise/sigma1cm_lat2step/episodes.csv|aft|id|SS6,0.905,0.865,0.945,True,0.905,0.0,nan,nan,200,200,1,0,,,,,,10000,20260926,0.95,"shared_episodes: seeds per method, shared by its two cells; one set of episode indices shared by both cells and both methods (P7-D1 §2)",results/e01/episodes.csv;results/e07/noise/sigma1cm_lat2step/episodes.csv,success = IQM over seeds of per-seed success rate; drop = cell 1 - cell 2
noise/sigma1cm_lat2step.pid_feedforward_lowvz.id.SS3,descriptive (not scored),,drop,"pid_feedforward_lowvz: success clean - sigma1cm_lat2step (sigma_p 0.01 m, sigma_v 0.05 m/s, 2 step latency), id SS3 (P7-D1 §4)",pid_feedforward_lowvz,,results/e01/episodes.csv|aft|id|SS3,results/e07/noise/sigma1cm_lat2step/episodes.csv|aft|id|SS3,0.85,0.8,0.9,True,1.0,0.15,nan,nan,200,200,1,0,,,,,,10000,20260926,0.95,"shared_episodes: seeds per method, shared by its two cells; one set of episode indices shared by both cells and both methods (P7-D1 §2)",results/e01/episodes.csv;results/e07/noise/sigma1cm_lat2step/episodes.csv,success = IQM over seeds of per-seed success rate; drop = cell 1 - cell 2
noise/sigma1cm_lat2step.pid_feedforward_lowvz.id.SS4,descriptive (not scored),,drop,"pid_feedforward_lowvz: success clean - sigma1cm_lat2step (sigma_p 0.01 m, sigma_v 0.05 m/s, 2 step latency), id SS4 (P7-D1 §4)",pid_feedforward_lowvz,,results/e01/episodes.csv|aft|id|SS4,results/e07/noise/sigma1cm_lat2step/episodes.csv|aft|id|SS4,0.8099999999999999,0.755,0.86,True,0.98,0.17,nan,nan,200,200,1,0,,,,,,10000,20260926,0.95,"shared_episodes: seeds per method, shared by its two cells; one set of episode indices shared by both cells and both methods (P7-D1 §2)",results/e01/episodes.csv;results/e07/noise/sigma1cm_lat2step/episodes.csv,success = IQM over seeds of per-seed success rate; drop = cell 1 - cell 2
noise/sigma1cm_lat2step.pid_feedforward_lowvz.id.SS5,descriptive (not scored),,drop,"pid_feedforward_lowvz: success clean - sigma1cm_lat2step (sigma_p 0.01 m, sigma_v 0.05 m/s, 2 step latency), id SS5 (P7-D1 §4)",pid_feedforward_lowvz,,results/e01/episodes.csv|aft|id|SS5,results/e07/noise/sigma1cm_lat2step/episodes.csv|aft|id|SS5,0.725,0.655,0.79,True,0.955,0.23,nan,nan,200,200,1,0,,,,,,10000,20260926,0.95,"shared_episodes: seeds per method, shared by its two cells; one set of episode indices shared by both cells and both methods (P7-D1 §2)",results/e01/episodes.csv;results/e07/noise/sigma1cm_lat2step/episodes.csv,success = IQM over seeds of per-seed success rate; drop = cell 1 - cell 2
noise/sigma1cm_lat2step.pid_feedforward_lowvz.id.SS6,descriptive (not scored),,drop,"pid_feedforward_lowvz: success clean - sigma1cm_lat2step (sigma_p 0.01 m, sigma_v 0.05 m/s, 2 step latency), id SS6 (P7-D1 §4)",pid_feedforward_lowvz,,results/e01/episodes.csv|aft|id|SS6,results/e07/noise/sigma1cm_lat2step/episodes.csv|aft|id|SS6,0.6849999999999999,0.615,0.75,True,0.85,0.165,nan,nan,200,200,1,0,,,,,,10000,20260926,0.95,"shared_episodes: seeds per method, shared by its two cells; one set of episode indices shared by both cells and both methods (P7-D1 §2)",results/e01/episodes.csv;results/e07/noise/sigma1cm_lat2step/episodes.csv,success = IQM over seeds of per-seed success rate; drop = cell 1 - cell 2
noise/sigma1cm_lat2step.pid_feedforward_lowvz_cut.id.SS3,descriptive (not scored),,drop,"pid_feedforward_lowvz_cut: success clean - sigma1cm_lat2step (sigma_p 0.01 m, sigma_v 0.05 m/s, 2 step latency), id SS3 (P7-D1 §4)",pid_feedforward_lowvz_cut,,results/e01_lowvz_cut/episodes.csv|aft|id|SS3,results/e07/noise/sigma1cm_lat2step/episodes.csv|aft|id|SS3,0.32999999999999996,0.265,0.395,True,1.0,0.67,nan,nan,200,200,1,0,,,,,,10000,20260926,0.95,"shared_episodes: seeds per method, shared by its two cells; one set of episode indices shared by both cells and both methods (P7-D1 §2)",results/e01_lowvz_cut/episodes.csv;results/e07/noise/sigma1cm_lat2step/episodes.csv,success = IQM over seeds of per-seed success rate; drop = cell 1 - cell 2
noise/sigma1cm_lat2step.pid_feedforward_lowvz_cut.id.SS4,descriptive (not scored),,drop,"pid_feedforward_lowvz_cut: success clean - sigma1cm_lat2step (sigma_p 0.01 m, sigma_v 0.05 m/s, 2 step latency), id SS4 (P7-D1 §4)",pid_feedforward_lowvz_cut,,results/e01_lowvz_cut/episodes.csv|aft|id|SS4,results/e07/noise/sigma1cm_lat2step/episodes.csv|aft|id|SS4,0.30999999999999994,0.24,0.38,True,0.985,0.675,nan,nan,200,200,1,0,,,,,,10000,20260926,0.95,"shared_episodes: seeds per method, shared by its two cells; one set of episode indices shared by both cells and both methods (P7-D1 §2)",results/e01_lowvz_cut/episodes.csv;results/e07/noise/sigma1cm_lat2step/episodes.csv,success = IQM over seeds of per-seed success rate; drop = cell 1 - cell 2
noise/sigma1cm_lat2step.pid_feedforward_lowvz_cut.id.SS5,descriptive (not scored),,drop,"pid_feedforward_lowvz_cut: success clean - sigma1cm_lat2step (sigma_p 0.01 m, sigma_v 0.05 m/s, 2 step latency), id SS5 (P7-D1 §4)",pid_feedforward_lowvz_cut,,results/e01_lowvz_cut/episodes.csv|aft|id|SS5,results/e07/noise/sigma1cm_lat2step/episodes.csv|aft|id|SS5,0.30499999999999994,0.235,0.375,True,0.98,0.675,nan,nan,200,200,1,0,,,,,,10000,20260926,0.95,"shared_episodes: seeds per method, shared by its two cells; one set of episode indices shared by both cells and both methods (P7-D1 §2)",results/e01_lowvz_cut/episodes.csv;results/e07/noise/sigma1cm_lat2step/episodes.csv,success = IQM over seeds of per-seed success rate; drop = cell 1 - cell 2
noise/sigma1cm_lat2step.pid_feedforward_lowvz_cut.id.SS6,descriptive (not scored),,drop,"pid_feedforward_lowvz_cut: success clean - sigma1cm_lat2step (sigma_p 0.01 m, sigma_v 0.05 m/s, 2 step latency), id SS6 (P7-D1 §4)",pid_feedforward_lowvz_cut,,results/e01_lowvz_cut/episodes.csv|aft|id|SS6,results/e07/noise/sigma1cm_lat2step/episodes.csv|aft|id|SS6,0.37,0.29499999999999993,0.44500000000000006,True,0.88,0.51,nan,nan,200,200,1,0,,,,,,10000,20260926,0.95,"shared_episodes: seeds per method, shared by its two cells; one set of episode indices shared by both cells and both methods (P7-D1 §2)",results/e01_lowvz_cut/episodes.csv;results/e07/noise/sigma1cm_lat2step/episodes.csv,success = IQM over seeds of per-seed success rate; drop = cell 1 - cell 2
noise/sigma1cm_lat2step.gated.id.SS3,descriptive (not scored),,drop,"gated: success clean - sigma1cm_lat2step (sigma_p 0.01 m, sigma_v 0.05 m/s, 2 step latency), id SS3 (P7-D1 §4)",gated,,results/e01/episodes.csv|aft|id|SS3,results/e07/noise/sigma1cm_lat2step/episodes.csv|aft|id|SS3,1.0,1.0,1.0,True,1.0,0.0,nan,nan,200,200,1,0,,,,,,10000,20260926,0.95,"shared_episodes: seeds per method, shared by its two cells; one set of episode indices shared by both cells and both methods (P7-D1 §2)",results/e01/episodes.csv;results/e07/noise/sigma1cm_lat2step/episodes.csv,success = IQM over seeds of per-seed success rate; drop = cell 1 - cell 2
noise/sigma1cm_lat2step.gated.id.SS4,descriptive (not scored),,drop,"gated: success clean - sigma1cm_lat2step (sigma_p 0.01 m, sigma_v 0.05 m/s, 2 step latency), id SS4 (P7-D1 §4)",gated,,results/e01/episodes.csv|aft|id|SS4,results/e07/noise/sigma1cm_lat2step/episodes.csv|aft|id|SS4,0.985,0.965,1.0,True,0.985,0.0,nan,nan,200,200,1,0,,,,,,10000,20260926,0.95,"shared_episodes: seeds per method, shared by its two cells; one set of episode indices shared by both cells and both methods (P7-D1 §2)",results/e01/episodes.csv;results/e07/noise/sigma1cm_lat2step/episodes.csv,success = IQM over seeds of per-seed success rate; drop = cell 1 - cell 2
noise/sigma1cm_lat2step.gated.id.SS5,descriptive (not scored),,drop,"gated: success clean - sigma1cm_lat2step (sigma_p 0.01 m, sigma_v 0.05 m/s, 2 step latency), id SS5 (P7-D1 §4)",gated,,results/e01/episodes.csv|aft|id|SS5,results/e07/noise/sigma1cm_lat2step/episodes.csv|aft|id|SS5,0.895,0.854875000000001,0.935,True,0.895,0.0,nan,nan,200,200,1,0,,,,,,10000,20260926,0.95,"shared_episodes: seeds per method, shared by its two cells; one set of episode indices shared by both cells and both methods (P7-D1 §2)",results/e01/episodes.csv;results/e07/noise/sigma1cm_lat2step/episodes.csv,success = IQM over seeds of per-seed success rate; drop = cell 1 - cell 2
noise/sigma1cm_lat2step.gated.id.SS6,descriptive (not scored),,drop,"gated: success clean - sigma1cm_lat2step (sigma_p 0.01 m, sigma_v 0.05 m/s, 2 step latency), id SS6 (P7-D1 §4)",gated,,results/e01/episodes.csv|aft|id|SS6,results/e07/noise/sigma1cm_lat2step/episodes.csv|aft|id|SS6,0.63,0.565,0.695,True,0.63,0.0,nan,nan,200,200,1,0,,,,,,10000,20260926,0.95,"shared_episodes: seeds per method, shared by its two cells; one set of episode indices shared by both cells and both methods (P7-D1 §2)",results/e01/episodes.csv;results/e07/noise/sigma1cm_lat2step/episodes.csv,success = IQM over seeds of per-seed success rate; drop = cell 1 - cell 2
noise/sigma1cm_lat2step.oracle_gated.id.SS3,descriptive (not scored),,drop,"oracle_gated: success clean - sigma1cm_lat2step (sigma_p 0.01 m, sigma_v 0.05 m/s, 2 step latency), id SS3 (P7-D1 §4)",oracle_gated,,results/e01/episodes.csv|aft|id|SS3,results/e07/noise/sigma1cm_lat2step/episodes.csv|aft|id|SS3,1.0,1.0,1.0,True,1.0,0.0,nan,nan,200,200,1,0,,,,,,10000,20260926,0.95,"shared_episodes: seeds per method, shared by its two cells; one set of episode indices shared by both cells and both methods (P7-D1 §2)",results/e01/episodes.csv;results/e07/noise/sigma1cm_lat2step/episodes.csv,success = IQM over seeds of per-seed success rate; drop = cell 1 - cell 2
noise/sigma1cm_lat2step.oracle_gated.id.SS4,descriptive (not scored),,drop,"oracle_gated: success clean - sigma1cm_lat2step (sigma_p 0.01 m, sigma_v 0.05 m/s, 2 step latency), id SS4 (P7-D1 §4)",oracle_gated,,results/e01/episodes.csv|aft|id|SS4,results/e07/noise/sigma1cm_lat2step/episodes.csv|aft|id|SS4,0.985,0.965,1.0,True,0.985,0.0,nan,nan,200,200,1,0,,,,,,10000,20260926,0.95,"shared_episodes: seeds per method, shared by its two cells; one set of episode indices shared by both cells and both methods (P7-D1 §2)",results/e01/episodes.csv;results/e07/noise/sigma1cm_lat2step/episodes.csv,success = IQM over seeds of per-seed success rate; drop = cell 1 - cell 2
noise/sigma1cm_lat2step.oracle_gated.id.SS5,descriptive (not scored),,drop,"oracle_gated: success clean - sigma1cm_lat2step (sigma_p 0.01 m, sigma_v 0.05 m/s, 2 step latency), id SS5 (P7-D1 §4)",oracle_gated,,results/e01/episodes.csv|aft|id|SS5,results/e07/noise/sigma1cm_lat2step/episodes.csv|aft|id|SS5,0.89,0.845,0.93,True,0.89,0.0,nan,nan,200,200,1,0,,,,,,10000,20260926,0.95,"shared_episodes: seeds per method, shared by its two cells; one set of episode indices shared by both cells and both methods (P7-D1 §2)",results/e01/episodes.csv;results/e07/noise/sigma1cm_lat2step/episodes.csv,success = IQM over seeds of per-seed success rate; drop = cell 1 - cell 2
noise/sigma1cm_lat2step.oracle_gated.id.SS6,descriptive (not scored),,drop,"oracle_gated: success clean - sigma1cm_lat2step (sigma_p 0.01 m, sigma_v 0.05 m/s, 2 step latency), id SS6 (P7-D1 §4)",oracle_gated,,results/e01/episodes.csv|aft|id|SS6,results/e07/noise/sigma1cm_lat2step/episodes.csv|aft|id|SS6,0.645,0.58,0.71,True,0.645,0.0,nan,nan,200,200,1,0,,,,,,10000,20260926,0.95,"shared_episodes: seeds per method, shared by its two cells; one set of episode indices shared by both cells and both methods (P7-D1 §2)",results/e01/episodes.csv;results/e07/noise/sigma1cm_lat2step/episodes.csv,success = IQM over seeds of per-seed success rate; drop = cell 1 - cell 2
noise/sigma2cm_lat2step.ppo.id.SS3,descriptive (not scored),,drop,"ppo: success clean - sigma2cm_lat2step (sigma_p 0.02 m, sigma_v 0.1 m/s, 2 step latency), id SS3 (P7-D1 §4)",ppo,,results/e07/matrix/episodes.csv|aft|id|SS3,results/e07/noise/sigma2cm_lat2step/episodes.csv|aft|id|SS3,0.71,0.5066666666666666,0.8216666666666667,True,1.0,0.29000000000000004,nan,nan,200,200,5,0,,,,,,10000,20260926,0.95,"shared_episodes: seeds per method, shared by its two cells; one set of episode indices shared by both cells and both methods (P7-D1 §2)",results/e07/matrix/episodes.csv;results/e07/noise/sigma2cm_lat2step/episodes.csv,success = IQM over seeds of per-seed success rate; drop = cell 1 - cell 2
noise/sigma2cm_lat2step.ppo.id.SS4,descriptive (not scored),,drop,"ppo: success clean - sigma2cm_lat2step (sigma_p 0.02 m, sigma_v 0.1 m/s, 2 step latency), id SS4 (P7-D1 §4)",ppo,,results/e07/matrix/episodes.csv|aft|id|SS4,results/e07/noise/sigma2cm_lat2step/episodes.csv|aft|id|SS4,0.7016666666666667,0.5016666666666667,0.8099999999999999,True,1.0,0.29833333333333334,nan,nan,200,200,5,0,,,,,,10000,20260926,0.95,"shared_episodes: seeds per method, shared by its two cells; one set of episode indices shared by both cells and both methods (P7-D1 §2)",results/e07/matrix/episodes.csv;results/e07/noise/sigma2cm_lat2step/episodes.csv,success = IQM over seeds of per-seed success rate; drop = cell 1 - cell 2
noise/sigma2cm_lat2step.ppo.id.SS5,descriptive (not scored),,drop,"ppo: success clean - sigma2cm_lat2step (sigma_p 0.02 m, sigma_v 0.1 m/s, 2 step latency), id SS5 (P7-D1 §4)",ppo,,results/e07/matrix/episodes.csv|aft|id|SS5,results/e07/noise/sigma2cm_lat2step/episodes.csv|aft|id|SS5,0.6633333333333333,0.5099583333333337,0.7416666666666667,True,1.0,0.33666666666666667,nan,nan,200,200,5,0,,,,,,10000,20260926,0.95,"shared_episodes: seeds per method, shared by its two cells; one set of episode indices shared by both cells and both methods (P7-D1 §2)",results/e07/matrix/episodes.csv;results/e07/noise/sigma2cm_lat2step/episodes.csv,success = IQM over seeds of per-seed success rate; drop = cell 1 - cell 2
noise/sigma2cm_lat2step.ppo.id.SS6,descriptive (not scored),,drop,"ppo: success clean - sigma2cm_lat2step (sigma_p 0.02 m, sigma_v 0.1 m/s, 2 step latency), id SS6 (P7-D1 §4)",ppo,,results/e07/matrix/episodes.csv|aft|id|SS6,results/e07/noise/sigma2cm_lat2step/episodes.csv|aft|id|SS6,0.6533333333333333,0.4716666666666667,0.7483333333333333,True,0.9816666666666666,0.3283333333333333,nan,nan,200,200,5,0,,,,,,10000,20260926,0.95,"shared_episodes: seeds per method, shared by its two cells; one set of episode indices shared by both cells and both methods (P7-D1 §2)",results/e07/matrix/episodes.csv;results/e07/noise/sigma2cm_lat2step/episodes.csv,success = IQM over seeds of per-seed success rate; drop = cell 1 - cell 2
noise/sigma2cm_lat2step.sac.id.SS3,descriptive (not scored),,drop,"sac: success clean - sigma2cm_lat2step (sigma_p 0.02 m, sigma_v 0.1 m/s, 2 step latency), id SS3 (P7-D1 §4)",sac,,results/e07/matrix/episodes.csv|aft|id|SS3,results/e07/noise/sigma2cm_lat2step/episodes.csv|aft|id|SS3,0.8333333333333334,0.7450000000000001,0.9383333333333334,True,0.9983333333333334,0.165,nan,nan,200,200,5,0,,,,,,10000,20260926,0.95,"shared_episodes: seeds per method, shared by its two cells; one set of episode indices shared by both cells and both methods (P7-D1 §2)",results/e07/matrix/episodes.csv;results/e07/noise/sigma2cm_lat2step/episodes.csv,success = IQM over seeds of per-seed success rate; drop = cell 1 - cell 2
noise/sigma2cm_lat2step.sac.id.SS4,descriptive (not scored),,drop,"sac: success clean - sigma2cm_lat2step (sigma_p 0.02 m, sigma_v 0.1 m/s, 2 step latency), id SS4 (P7-D1 §4)",sac,,results/e07/matrix/episodes.csv|aft|id|SS4,results/e07/noise/sigma2cm_lat2step/episodes.csv|aft|id|SS4,0.8616666666666668,0.7833333333333333,0.95,True,0.9816666666666668,0.12,nan,nan,200,200,5,0,,,,,,10000,20260926,0.95,"shared_episodes: seeds per method, shared by its two cells; one set of episode indices shared by both cells and both methods (P7-D1 §2)",results/e07/matrix/episodes.csv;results/e07/noise/sigma2cm_lat2step/episodes.csv,success = IQM over seeds of per-seed success rate; drop = cell 1 - cell 2
noise/sigma2cm_lat2step.sac.id.SS5,descriptive (not scored),,drop,"sac: success clean - sigma2cm_lat2step (sigma_p 0.02 m, sigma_v 0.1 m/s, 2 step latency), id SS5 (P7-D1 §4)",sac,,results/e07/matrix/episodes.csv|aft|id|SS5,results/e07/noise/sigma2cm_lat2step/episodes.csv|aft|id|SS5,0.7583333333333333,0.6933333333333332,0.845,True,0.87,0.11166666666666668,nan,nan,200,200,5,0,,,,,,10000,20260926,0.95,"shared_episodes: seeds per method, shared by its two cells; one set of episode indices shared by both cells and both methods (P7-D1 §2)",results/e07/matrix/episodes.csv;results/e07/noise/sigma2cm_lat2step/episodes.csv,success = IQM over seeds of per-seed success rate; drop = cell 1 - cell 2
noise/sigma2cm_lat2step.sac.id.SS6,descriptive (not scored),,drop,"sac: success clean - sigma2cm_lat2step (sigma_p 0.02 m, sigma_v 0.1 m/s, 2 step latency), id SS6 (P7-D1 §4)",sac,,results/e07/matrix/episodes.csv|aft|id|SS6,results/e07/noise/sigma2cm_lat2step/episodes.csv|aft|id|SS6,0.6766666666666666,0.5566666666666666,0.7533333333333333,True,0.725,0.04833333333333334,nan,nan,200,200,5,0,,,,,,10000,20260926,0.95,"shared_episodes: seeds per method, shared by its two cells; one set of episode indices shared by both cells and both methods (P7-D1 §2)",results/e07/matrix/episodes.csv;results/e07/noise/sigma2cm_lat2step/episodes.csv,success = IQM over seeds of per-seed success rate; drop = cell 1 - cell 2
noise/sigma2cm_lat2step.residual_ppo.id.SS3,descriptive (not scored),,drop,"residual_ppo: success clean - sigma2cm_lat2step (sigma_p 0.02 m, sigma_v 0.1 m/s, 2 step latency), id SS3 (P7-D1 §4)",residual_ppo,,results/e07/matrix/episodes.csv|aft|id|SS3,results/e07/noise/sigma2cm_lat2step/episodes.csv|aft|id|SS3,1.0,1.0,1.0,True,1.0,0.0,nan,nan,200,200,5,0,,,,,,10000,20260926,0.95,"shared_episodes: seeds per method, shared by its two cells; one set of episode indices shared by both cells and both methods (P7-D1 §2)",results/e07/matrix/episodes.csv;results/e07/noise/sigma2cm_lat2step/episodes.csv,success = IQM over seeds of per-seed success rate; drop = cell 1 - cell 2
noise/sigma2cm_lat2step.residual_ppo.id.SS4,descriptive (not scored),,drop,"residual_ppo: success clean - sigma2cm_lat2step (sigma_p 0.02 m, sigma_v 0.1 m/s, 2 step latency), id SS4 (P7-D1 §4)",residual_ppo,,results/e07/matrix/episodes.csv|aft|id|SS4,results/e07/noise/sigma2cm_lat2step/episodes.csv|aft|id|SS4,1.0,0.995,1.0,True,1.0,0.0,nan,nan,200,200,5,0,,,,,,10000,20260926,0.95,"shared_episodes: seeds per method, shared by its two cells; one set of episode indices shared by both cells and both methods (P7-D1 §2)",results/e07/matrix/episodes.csv;results/e07/noise/sigma2cm_lat2step/episodes.csv,success = IQM over seeds of per-seed success rate; drop = cell 1 - cell 2
noise/sigma2cm_lat2step.residual_ppo.id.SS5,descriptive (not scored),,drop,"residual_ppo: success clean - sigma2cm_lat2step (sigma_p 0.02 m, sigma_v 0.1 m/s, 2 step latency), id SS5 (P7-D1 §4)",residual_ppo,,results/e07/matrix/episodes.csv|aft|id|SS5,results/e07/noise/sigma2cm_lat2step/episodes.csv|aft|id|SS5,0.995,0.9833333333333333,1.0,True,0.995,0.0,nan,nan,200,200,5,0,,,,,,10000,20260926,0.95,"shared_episodes: seeds per method, shared by its two cells; one set of episode indices shared by both cells and both methods (P7-D1 §2)",results/e07/matrix/episodes.csv;results/e07/noise/sigma2cm_lat2step/episodes.csv,success = IQM over seeds of per-seed success rate; drop = cell 1 - cell 2
noise/sigma2cm_lat2step.residual_ppo.id.SS6,descriptive (not scored),,drop,"residual_ppo: success clean - sigma2cm_lat2step (sigma_p 0.02 m, sigma_v 0.1 m/s, 2 step latency), id SS6 (P7-D1 §4)",residual_ppo,,results/e07/matrix/episodes.csv|aft|id|SS6,results/e07/noise/sigma2cm_lat2step/episodes.csv|aft|id|SS6,0.9616666666666666,0.9383333333333334,0.9866666666666667,True,0.9616666666666666,0.0,nan,nan,200,200,5,0,,,,,,10000,20260926,0.95,"shared_episodes: seeds per method, shared by its two cells; one set of episode indices shared by both cells and both methods (P7-D1 §2)",results/e07/matrix/episodes.csv;results/e07/noise/sigma2cm_lat2step/episodes.csv,success = IQM over seeds of per-seed success rate; drop = cell 1 - cell 2
noise/sigma2cm_lat2step.ppo_forecast.id.SS3,descriptive (not scored),,drop,"ppo_forecast: success clean - sigma2cm_lat2step (sigma_p 0.02 m, sigma_v 0.1 m/s, 2 step latency), id SS3 (P7-D1 §4)",ppo_forecast,,results/e07/matrix/episodes.csv|aft|id|SS3,results/e07/noise/sigma2cm_lat2step/episodes.csv|aft|id|SS3,0.029999999999999916,0.013333333333333308,0.06333333333333335,True,1.0,0.9700000000000001,nan,nan,200,200,5,0,,,,,,10000,20260926,0.95,"shared_episodes: seeds per method, shared by its two cells; one set of episode indices shared by both cells and both methods (P7-D1 §2)",results/e07/matrix/episodes.csv;results/e07/noise/sigma2cm_lat2step/episodes.csv,success = IQM over seeds of per-seed success rate; drop = cell 1 - cell 2
noise/sigma2cm_lat2step.ppo_forecast.id.SS4,descriptive (not scored),,drop,"ppo_forecast: success clean - sigma2cm_lat2step (sigma_p 0.02 m, sigma_v 0.1 m/s, 2 step latency), id SS4 (P7-D1 §4)",ppo_forecast,,results/e07/matrix/episodes.csv|aft|id|SS4,results/e07/noise/sigma2cm_lat2step/episodes.csv|aft|id|SS4,0.033333333333333326,0.00666666666666671,0.06833333333333336,True,1.0,0.9666666666666667,nan,nan,200,200,5,0,,,,,,10000,20260926,0.95,"shared_episodes: seeds per method, shared by its two cells; one set of episode indices shared by both cells and both methods (P7-D1 §2)",results/e07/matrix/episodes.csv;results/e07/noise/sigma2cm_lat2step/episodes.csv,success = IQM over seeds of per-seed success rate; drop = cell 1 - cell 2
noise/sigma2cm_lat2step.ppo_forecast.id.SS5,descriptive (not scored),,drop,"ppo_forecast: success clean - sigma2cm_lat2step (sigma_p 0.02 m, sigma_v 0.1 m/s, 2 step latency), id SS5 (P7-D1 §4)",ppo_forecast,,results/e07/matrix/episodes.csv|aft|id|SS5,results/e07/noise/sigma2cm_lat2step/episodes.csv|aft|id|SS5,0.03166666666666662,0.013333333333333308,0.05500000000000005,True,1.0,0.9683333333333334,nan,nan,200,200,5,0,,,,,,10000,20260926,0.95,"shared_episodes: seeds per method, shared by its two cells; one set of episode indices shared by both cells and both methods (P7-D1 §2)",results/e07/matrix/episodes.csv;results/e07/noise/sigma2cm_lat2step/episodes.csv,success = IQM over seeds of per-seed success rate; drop = cell 1 - cell 2
noise/sigma2cm_lat2step.ppo_forecast.id.SS6,descriptive (not scored),,drop,"ppo_forecast: success clean - sigma2cm_lat2step (sigma_p 0.02 m, sigma_v 0.1 m/s, 2 step latency), id SS6 (P7-D1 §4)",ppo_forecast,,results/e07/matrix/episodes.csv|aft|id|SS6,results/e07/noise/sigma2cm_lat2step/episodes.csv|aft|id|SS6,0.04999999999999993,0.020000000000000018,0.08333333333333315,True,0.98,0.93,nan,nan,200,200,5,0,,,,,,10000,20260926,0.95,"shared_episodes: seeds per method, shared by its two cells; one set of episode indices shared by both cells and both methods (P7-D1 §2)",results/e07/matrix/episodes.csv;results/e07/noise/sigma2cm_lat2step/episodes.csv,success = IQM over seeds of per-seed success rate; drop = cell 1 - cell 2
noise/sigma2cm_lat2step.residual_ppo_forecast.id.SS3,descriptive (not scored),,drop,"residual_ppo_forecast: success clean - sigma2cm_lat2step (sigma_p 0.02 m, sigma_v 0.1 m/s, 2 step latency), id SS3 (P7-D1 §4)",residual_ppo_forecast,,results/e07/matrix/episodes.csv|aft|id|SS3,results/e07/noise/sigma2cm_lat2step/episodes.csv|aft|id|SS3,0.985,0.9483333333333334,1.0,True,1.0,0.015,nan,nan,200,200,5,0,,,,,,10000,20260926,0.95,"shared_episodes: seeds per method, shared by its two cells; one set of episode indices shared by both cells and both methods (P7-D1 §2)",results/e07/matrix/episodes.csv;results/e07/noise/sigma2cm_lat2step/episodes.csv,success = IQM over seeds of per-seed success rate; drop = cell 1 - cell 2
noise/sigma2cm_lat2step.residual_ppo_forecast.id.SS4,descriptive (not scored),,drop,"residual_ppo_forecast: success clean - sigma2cm_lat2step (sigma_p 0.02 m, sigma_v 0.1 m/s, 2 step latency), id SS4 (P7-D1 §4)",residual_ppo_forecast,,results/e07/matrix/episodes.csv|aft|id|SS4,results/e07/noise/sigma2cm_lat2step/episodes.csv|aft|id|SS4,0.9866666666666667,0.95,1.0,True,1.0,0.013333333333333334,nan,nan,200,200,5,0,,,,,,10000,20260926,0.95,"shared_episodes: seeds per method, shared by its two cells; one set of episode indices shared by both cells and both methods (P7-D1 §2)",results/e07/matrix/episodes.csv;results/e07/noise/sigma2cm_lat2step/episodes.csv,success = IQM over seeds of per-seed success rate; drop = cell 1 - cell 2
noise/sigma2cm_lat2step.residual_ppo_forecast.id.SS5,descriptive (not scored),,drop,"residual_ppo_forecast: success clean - sigma2cm_lat2step (sigma_p 0.02 m, sigma_v 0.1 m/s, 2 step latency), id SS5 (P7-D1 §4)",residual_ppo_forecast,,results/e07/matrix/episodes.csv|aft|id|SS5,results/e07/noise/sigma2cm_lat2step/episodes.csv|aft|id|SS5,0.9783333333333333,0.9516666666666667,0.9966666666666667,True,0.995,0.016666666666666666,nan,nan,200,200,5,0,,,,,,10000,20260926,0.95,"shared_episodes: seeds per method, shared by its two cells; one set of episode indices shared by both cells and both methods (P7-D1 §2)",results/e07/matrix/episodes.csv;results/e07/noise/sigma2cm_lat2step/episodes.csv,success = IQM over seeds of per-seed success rate; drop = cell 1 - cell 2
noise/sigma2cm_lat2step.residual_ppo_forecast.id.SS6,descriptive (not scored),,drop,"residual_ppo_forecast: success clean - sigma2cm_lat2step (sigma_p 0.02 m, sigma_v 0.1 m/s, 2 step latency), id SS6 (P7-D1 §4)",residual_ppo_forecast,,results/e07/matrix/episodes.csv|aft|id|SS6,results/e07/noise/sigma2cm_lat2step/episodes.csv|aft|id|SS6,0.9516666666666667,0.9266666666666666,0.9766666666666667,True,0.9683333333333334,0.016666666666666666,nan,nan,200,200,5,0,,,,,,10000,20260926,0.95,"shared_episodes: seeds per method, shared by its two cells; one set of episode indices shared by both cells and both methods (P7-D1 §2)",results/e07/matrix/episodes.csv;results/e07/noise/sigma2cm_lat2step/episodes.csv,success = IQM over seeds of per-seed success rate; drop = cell 1 - cell 2
noise/sigma2cm_lat2step.ppo_sinusoid.id.SS3,descriptive (not scored),,drop,"ppo_sinusoid: success clean - sigma2cm_lat2step (sigma_p 0.02 m, sigma_v 0.1 m/s, 2 step latency), id SS3 (P7-D1 §4)",ppo_sinusoid,,results/e07/matrix/episodes.csv|aft|id|SS3,results/e07/noise/sigma2cm_lat2step/episodes.csv|aft|id|SS3,0.8316666666666667,0.7733333333333333,0.9316666666666666,True,1.0,0.16833333333333336,nan,nan,200,200,5,0,,,,,,10000,20260926,0.95,"shared_episodes: seeds per method, shared by its two cells; one set of episode indices shared by both cells and both methods (P7-D1 §2)",results/e07/matrix/episodes.csv;results/e07/noise/sigma2cm_lat2step/episodes.csv,success = IQM over seeds of per-seed success rate; drop = cell 1 - cell 2
noise/sigma2cm_lat2step.ppo_sinusoid.id.SS4,descriptive (not scored),,drop,"ppo_sinusoid: success clean - sigma2cm_lat2step (sigma_p 0.02 m, sigma_v 0.1 m/s, 2 step latency), id SS4 (P7-D1 §4)",ppo_sinusoid,,results/e07/matrix/episodes.csv|aft|id|SS4,results/e07/noise/sigma2cm_lat2step/episodes.csv|aft|id|SS4,0.845,0.7916666666666666,0.9233333333333333,True,1.0,0.155,nan,nan,200,200,5,0,,,,,,10000,20260926,0.95,"shared_episodes: seeds per method, shared by its two cells; one set of episode indices shared by both cells and both methods (P7-D1 §2)",results/e07/matrix/episodes.csv;results/e07/noise/sigma2cm_lat2step/episodes.csv,success = IQM over seeds of per-seed success rate; drop = cell 1 - cell 2
noise/sigma2cm_lat2step.ppo_sinusoid.id.SS5,descriptive (not scored),,drop,"ppo_sinusoid: success clean - sigma2cm_lat2step (sigma_p 0.02 m, sigma_v 0.1 m/s, 2 step latency), id SS5 (P7-D1 §4)",ppo_sinusoid,,results/e07/matrix/episodes.csv|aft|id|SS5,results/e07/noise/sigma2cm_lat2step/episodes.csv|aft|id|SS5,0.7816666666666666,0.7233333333333334,0.9,True,1.0,0.21833333333333335,nan,nan,200,200,5,0,,,,,,10000,20260926,0.95,"shared_episodes: seeds per method, shared by its two cells; one set of episode indices shared by both cells and both methods (P7-D1 §2)",results/e07/matrix/episodes.csv;results/e07/noise/sigma2cm_lat2step/episodes.csv,success = IQM over seeds of per-seed success rate; drop = cell 1 - cell 2
noise/sigma2cm_lat2step.ppo_sinusoid.id.SS6,descriptive (not scored),,drop,"ppo_sinusoid: success clean - sigma2cm_lat2step (sigma_p 0.02 m, sigma_v 0.1 m/s, 2 step latency), id SS6 (P7-D1 §4)",ppo_sinusoid,,results/e07/matrix/episodes.csv|aft|id|SS6,results/e07/noise/sigma2cm_lat2step/episodes.csv|aft|id|SS6,0.7916666666666666,0.7049999999999998,0.8883333333333332,True,0.9733333333333333,0.18166666666666667,nan,nan,200,200,5,0,,,,,,10000,20260926,0.95,"shared_episodes: seeds per method, shared by its two cells; one set of episode indices shared by both cells and both methods (P7-D1 §2)",results/e07/matrix/episodes.csv;results/e07/noise/sigma2cm_lat2step/episodes.csv,success = IQM over seeds of per-seed success rate; drop = cell 1 - cell 2
noise/sigma2cm_lat2step.pid_track_descend.id.SS3,descriptive (not scored),,drop,"pid_track_descend: success clean - sigma2cm_lat2step (sigma_p 0.02 m, sigma_v 0.1 m/s, 2 step latency), id SS3 (P7-D1 §4)",pid_track_descend,,results/e01/episodes.csv|aft|id|SS3,results/e07/noise/sigma2cm_lat2step/episodes.csv|aft|id|SS3,0.18999999999999995,0.135,0.245,True,1.0,0.81,nan,nan,200,200,1,0,,,,,,10000,20260926,0.95,"shared_episodes: seeds per method, shared by its two cells; one set of episode indices shared by both cells and both methods (P7-D1 §2)",results/e01/episodes.csv;results/e07/noise/sigma2cm_lat2step/episodes.csv,success = IQM over seeds of per-seed success rate; drop = cell 1 - cell 2
noise/sigma2cm_lat2step.pid_track_descend.id.SS4,descriptive (not scored),,drop,"pid_track_descend: success clean - sigma2cm_lat2step (sigma_p 0.02 m, sigma_v 0.1 m/s, 2 step latency), id SS4 (P7-D1 §4)",pid_track_descend,,results/e01/episodes.csv|aft|id|SS4,results/e07/noise/sigma2cm_lat2step/episodes.csv|aft|id|SS4,0.15999999999999992,0.10499999999999998,0.21999999999999997,True,0.96,0.8,nan,nan,200,200,1,0,,,,,,10000,20260926,0.95,"shared_episodes: seeds per method, shared by its two cells; one set of episode indices shared by both cells and both methods (P7-D1 §2)",results/e01/episodes.csv;results/e07/noise/sigma2cm_lat2step/episodes.csv,success = IQM over seeds of per-seed success rate; drop = cell 1 - cell 2
noise/sigma2cm_lat2step.pid_track_descend.id.SS5,descriptive (not scored),,drop,"pid_track_descend: success clean - sigma2cm_lat2step (sigma_p 0.02 m, sigma_v 0.1 m/s, 2 step latency), id SS5 (P7-D1 §4)",pid_track_descend,,results/e01/episodes.csv|aft|id|SS5,results/e07/noise/sigma2cm_lat2step/episodes.csv|aft|id|SS5,0.125,0.06000000000000005,0.19000000000000006,True,0.85,0.725,nan,nan,200,200,1,0,,,,,,10000,20260926,0.95,"shared_episodes: seeds per method, shared by its two cells; one set of episode indices shared by both cells and both methods (P7-D1 §2)",results/e01/episodes.csv;results/e07/noise/sigma2cm_lat2step/episodes.csv,success = IQM over seeds of per-seed success rate; drop = cell 1 - cell 2
noise/sigma2cm_lat2step.pid_track_descend.id.SS6,descriptive (not scored),,drop,"pid_track_descend: success clean - sigma2cm_lat2step (sigma_p 0.02 m, sigma_v 0.1 m/s, 2 step latency), id SS6 (P7-D1 §4)",pid_track_descend,,results/e01/episodes.csv|aft|id|SS6,results/e07/noise/sigma2cm_lat2step/episodes.csv|aft|id|SS6,0.14500000000000002,0.07000000000000006,0.21999999999999997,True,0.8,0.655,nan,nan,200,200,1,0,,,,,,10000,20260926,0.95,"shared_episodes: seeds per method, shared by its two cells; one set of episode indices shared by both cells and both methods (P7-D1 §2)",results/e01/episodes.csv;results/e07/noise/sigma2cm_lat2step/episodes.csv,success = IQM over seeds of per-seed success rate; drop = cell 1 - cell 2
noise/sigma2cm_lat2step.pid_feedforward.id.SS3,descriptive (not scored),,drop,"pid_feedforward: success clean - sigma2cm_lat2step (sigma_p 0.02 m, sigma_v 0.1 m/s, 2 step latency), id SS3 (P7-D1 §4)",pid_feedforward,,results/e01/episodes.csv|aft|id|SS3,results/e07/noise/sigma2cm_lat2step/episodes.csv|aft|id|SS3,1.0,1.0,1.0,True,1.0,0.0,nan,nan,200,200,1,0,,,,,,10000,20260926,0.95,"shared_episodes: seeds per method, shared by its two cells; one set of episode indices shared by both cells and both methods (P7-D1 §2)",results/e01/episodes.csv;results/e07/noise/sigma2cm_lat2step/episodes.csv,success = IQM over seeds of per-seed success rate; drop = cell 1 - cell 2
noise/sigma2cm_lat2step.pid_feedforward.id.SS4,descriptive (not scored),,drop,"pid_feedforward: success clean - sigma2cm_lat2step (sigma_p 0.02 m, sigma_v 0.1 m/s, 2 step latency), id SS4 (P7-D1 §4)",pid_feedforward,,results/e01/episodes.csv|aft|id|SS4,results/e07/noise/sigma2cm_lat2step/episodes.csv|aft|id|SS4,1.0,1.0,1.0,True,1.0,0.0,nan,nan,200,200,1,0,,,,,,10000,20260926,0.95,"shared_episodes: seeds per method, shared by its two cells; one set of episode indices shared by both cells and both methods (P7-D1 §2)",results/e01/episodes.csv;results/e07/noise/sigma2cm_lat2step/episodes.csv,success = IQM over seeds of per-seed success rate; drop = cell 1 - cell 2
noise/sigma2cm_lat2step.pid_feedforward.id.SS5,descriptive (not scored),,drop,"pid_feedforward: success clean - sigma2cm_lat2step (sigma_p 0.02 m, sigma_v 0.1 m/s, 2 step latency), id SS5 (P7-D1 §4)",pid_feedforward,,results/e01/episodes.csv|aft|id|SS5,results/e07/noise/sigma2cm_lat2step/episodes.csv|aft|id|SS5,0.99,0.975,1.0,True,0.99,0.0,nan,nan,200,200,1,0,,,,,,10000,20260926,0.95,"shared_episodes: seeds per method, shared by its two cells; one set of episode indices shared by both cells and both methods (P7-D1 §2)",results/e01/episodes.csv;results/e07/noise/sigma2cm_lat2step/episodes.csv,success = IQM over seeds of per-seed success rate; drop = cell 1 - cell 2
noise/sigma2cm_lat2step.pid_feedforward.id.SS6,descriptive (not scored),,drop,"pid_feedforward: success clean - sigma2cm_lat2step (sigma_p 0.02 m, sigma_v 0.1 m/s, 2 step latency), id SS6 (P7-D1 §4)",pid_feedforward,,results/e01/episodes.csv|aft|id|SS6,results/e07/noise/sigma2cm_lat2step/episodes.csv|aft|id|SS6,0.905,0.865,0.945,True,0.905,0.0,nan,nan,200,200,1,0,,,,,,10000,20260926,0.95,"shared_episodes: seeds per method, shared by its two cells; one set of episode indices shared by both cells and both methods (P7-D1 §2)",results/e01/episodes.csv;results/e07/noise/sigma2cm_lat2step/episodes.csv,success = IQM over seeds of per-seed success rate; drop = cell 1 - cell 2
noise/sigma2cm_lat2step.pid_feedforward_lowvz.id.SS3,descriptive (not scored),,drop,"pid_feedforward_lowvz: success clean - sigma2cm_lat2step (sigma_p 0.02 m, sigma_v 0.1 m/s, 2 step latency), id SS3 (P7-D1 §4)",pid_feedforward_lowvz,,results/e01/episodes.csv|aft|id|SS3,results/e07/noise/sigma2cm_lat2step/episodes.csv|aft|id|SS3,1.0,1.0,1.0,True,1.0,0.0,nan,nan,200,200,1,0,,,,,,10000,20260926,0.95,"shared_episodes: seeds per method, shared by its two cells; one set of episode indices shared by both cells and both methods (P7-D1 §2)",results/e01/episodes.csv;results/e07/noise/sigma2cm_lat2step/episodes.csv,success = IQM over seeds of per-seed success rate; drop = cell 1 - cell 2
noise/sigma2cm_lat2step.pid_feedforward_lowvz.id.SS4,descriptive (not scored),,drop,"pid_feedforward_lowvz: success clean - sigma2cm_lat2step (sigma_p 0.02 m, sigma_v 0.1 m/s, 2 step latency), id SS4 (P7-D1 §4)",pid_feedforward_lowvz,,results/e01/episodes.csv|aft|id|SS4,results/e07/noise/sigma2cm_lat2step/episodes.csv|aft|id|SS4,0.975,0.95,0.995,True,0.98,0.005,nan,nan,200,200,1,0,,,,,,10000,20260926,0.95,"shared_episodes: seeds per method, shared by its two cells; one set of episode indices shared by both cells and both methods (P7-D1 §2)",results/e01/episodes.csv;results/e07/noise/sigma2cm_lat2step/episodes.csv,success = IQM over seeds of per-seed success rate; drop = cell 1 - cell 2
noise/sigma2cm_lat2step.pid_feedforward_lowvz.id.SS5,descriptive (not scored),,drop,"pid_feedforward_lowvz: success clean - sigma2cm_lat2step (sigma_p 0.02 m, sigma_v 0.1 m/s, 2 step latency), id SS5 (P7-D1 §4)",pid_feedforward_lowvz,,results/e01/episodes.csv|aft|id|SS5,results/e07/noise/sigma2cm_lat2step/episodes.csv|aft|id|SS5,0.955,0.925,0.98,True,0.955,0.0,nan,nan,200,200,1,0,,,,,,10000,20260926,0.95,"shared_episodes: seeds per method, shared by its two cells; one set of episode indices shared by both cells and both methods (P7-D1 §2)",results/e01/episodes.csv;results/e07/noise/sigma2cm_lat2step/episodes.csv,success = IQM over seeds of per-seed success rate; drop = cell 1 - cell 2
noise/sigma2cm_lat2step.pid_feedforward_lowvz.id.SS6,descriptive (not scored),,drop,"pid_feedforward_lowvz: success clean - sigma2cm_lat2step (sigma_p 0.02 m, sigma_v 0.1 m/s, 2 step latency), id SS6 (P7-D1 §4)",pid_feedforward_lowvz,,results/e01/episodes.csv|aft|id|SS6,results/e07/noise/sigma2cm_lat2step/episodes.csv|aft|id|SS6,0.85,0.8,0.895,True,0.85,0.0,nan,nan,200,200,1,0,,,,,,10000,20260926,0.95,"shared_episodes: seeds per method, shared by its two cells; one set of episode indices shared by both cells and both methods (P7-D1 §2)",results/e01/episodes.csv;results/e07/noise/sigma2cm_lat2step/episodes.csv,success = IQM over seeds of per-seed success rate; drop = cell 1 - cell 2
noise/sigma2cm_lat2step.pid_feedforward_lowvz_cut.id.SS3,descriptive (not scored),,drop,"pid_feedforward_lowvz_cut: success clean - sigma2cm_lat2step (sigma_p 0.02 m, sigma_v 0.1 m/s, 2 step latency), id SS3 (P7-D1 §4)",pid_feedforward_lowvz_cut,,results/e01_lowvz_cut/episodes.csv|aft|id|SS3,results/e07/noise/sigma2cm_lat2step/episodes.csv|aft|id|SS3,0.96,0.9299999999999999,0.985,True,1.0,0.04,nan,nan,200,200,1,0,,,,,,10000,20260926,0.95,"shared_episodes: seeds per method, shared by its two cells; one set of episode indices shared by both cells and both methods (P7-D1 §2)",results/e01_lowvz_cut/episodes.csv;results/e07/noise/sigma2cm_lat2step/episodes.csv,success = IQM over seeds of per-seed success rate; drop = cell 1 - cell 2
noise/sigma2cm_lat2step.pid_feedforward_lowvz_cut.id.SS4,descriptive (not scored),,drop,"pid_feedforward_lowvz_cut: success clean - sigma2cm_lat2step (sigma_p 0.02 m, sigma_v 0.1 m/s, 2 step latency), id SS4 (P7-D1 §4)",pid_feedforward_lowvz_cut,,results/e01_lowvz_cut/episodes.csv|aft|id|SS4,results/e07/noise/sigma2cm_lat2step/episodes.csv|aft|id|SS4,0.965,0.94,0.99,True,0.985,0.02,nan,nan,200,200,1,0,,,,,,10000,20260926,0.95,"shared_episodes: seeds per method, shared by its two cells; one set of episode indices shared by both cells and both methods (P7-D1 §2)",results/e01_lowvz_cut/episodes.csv;results/e07/noise/sigma2cm_lat2step/episodes.csv,success = IQM over seeds of per-seed success rate; drop = cell 1 - cell 2
noise/sigma2cm_lat2step.pid_feedforward_lowvz_cut.id.SS5,descriptive (not scored),,drop,"pid_feedforward_lowvz_cut: success clean - sigma2cm_lat2step (sigma_p 0.02 m, sigma_v 0.1 m/s, 2 step latency), id SS5 (P7-D1 §4)",pid_feedforward_lowvz_cut,,results/e01_lowvz_cut/episodes.csv|aft|id|SS5,results/e07/noise/sigma2cm_lat2step/episodes.csv|aft|id|SS5,0.9099999999999999,0.865,0.95,True,0.98,0.07,nan,nan,200,200,1,0,,,,,,10000,20260926,0.95,"shared_episodes: seeds per method, shared by its two cells; one set of episode indices shared by both cells and both methods (P7-D1 §2)",results/e01_lowvz_cut/episodes.csv;results/e07/noise/sigma2cm_lat2step/episodes.csv,success = IQM over seeds of per-seed success rate; drop = cell 1 - cell 2
noise/sigma2cm_lat2step.pid_feedforward_lowvz_cut.id.SS6,descriptive (not scored),,drop,"pid_feedforward_lowvz_cut: success clean - sigma2cm_lat2step (sigma_p 0.02 m, sigma_v 0.1 m/s, 2 step latency), id SS6 (P7-D1 §4)",pid_feedforward_lowvz_cut,,results/e01_lowvz_cut/episodes.csv|aft|id|SS6,results/e07/noise/sigma2cm_lat2step/episodes.csv|aft|id|SS6,0.86,0.8099999999999999,0.905,True,0.88,0.02,nan,nan,200,200,1,0,,,,,,10000,20260926,0.95,"shared_episodes: seeds per method, shared by its two cells; one set of episode indices shared by both cells and both methods (P7-D1 §2)",results/e01_lowvz_cut/episodes.csv;results/e07/noise/sigma2cm_lat2step/episodes.csv,success = IQM over seeds of per-seed success rate; drop = cell 1 - cell 2
noise/sigma2cm_lat2step.gated.id.SS3,descriptive (not scored),,drop,"gated: success clean - sigma2cm_lat2step (sigma_p 0.02 m, sigma_v 0.1 m/s, 2 step latency), id SS3 (P7-D1 §4)",gated,,results/e01/episodes.csv|aft|id|SS3,results/e07/noise/sigma2cm_lat2step/episodes.csv|aft|id|SS3,1.0,1.0,1.0,True,1.0,0.0,nan,nan,200,200,1,0,,,,,,10000,20260926,0.95,"shared_episodes: seeds per method, shared by its two cells; one set of episode indices shared by both cells and both methods (P7-D1 §2)",results/e01/episodes.csv;results/e07/noise/sigma2cm_lat2step/episodes.csv,success = IQM over seeds of per-seed success rate; drop = cell 1 - cell 2
noise/sigma2cm_lat2step.gated.id.SS4,descriptive (not scored),,drop,"gated: success clean - sigma2cm_lat2step (sigma_p 0.02 m, sigma_v 0.1 m/s, 2 step latency), id SS4 (P7-D1 §4)",gated,,results/e01/episodes.csv|aft|id|SS4,results/e07/noise/sigma2cm_lat2step/episodes.csv|aft|id|SS4,0.985,0.965,1.0,True,0.985,0.0,nan,nan,200,200,1,0,,,,,,10000,20260926,0.95,"shared_episodes: seeds per method, shared by its two cells; one set of episode indices shared by both cells and both methods (P7-D1 §2)",results/e01/episodes.csv;results/e07/noise/sigma2cm_lat2step/episodes.csv,success = IQM over seeds of per-seed success rate; drop = cell 1 - cell 2
noise/sigma2cm_lat2step.gated.id.SS5,descriptive (not scored),,drop,"gated: success clean - sigma2cm_lat2step (sigma_p 0.02 m, sigma_v 0.1 m/s, 2 step latency), id SS5 (P7-D1 §4)",gated,,results/e01/episodes.csv|aft|id|SS5,results/e07/noise/sigma2cm_lat2step/episodes.csv|aft|id|SS5,0.895,0.854875000000001,0.935,True,0.895,0.0,nan,nan,200,200,1,0,,,,,,10000,20260926,0.95,"shared_episodes: seeds per method, shared by its two cells; one set of episode indices shared by both cells and both methods (P7-D1 §2)",results/e01/episodes.csv;results/e07/noise/sigma2cm_lat2step/episodes.csv,success = IQM over seeds of per-seed success rate; drop = cell 1 - cell 2
noise/sigma2cm_lat2step.gated.id.SS6,descriptive (not scored),,drop,"gated: success clean - sigma2cm_lat2step (sigma_p 0.02 m, sigma_v 0.1 m/s, 2 step latency), id SS6 (P7-D1 §4)",gated,,results/e01/episodes.csv|aft|id|SS6,results/e07/noise/sigma2cm_lat2step/episodes.csv|aft|id|SS6,0.63,0.565,0.695,True,0.63,0.0,nan,nan,200,200,1,0,,,,,,10000,20260926,0.95,"shared_episodes: seeds per method, shared by its two cells; one set of episode indices shared by both cells and both methods (P7-D1 §2)",results/e01/episodes.csv;results/e07/noise/sigma2cm_lat2step/episodes.csv,success = IQM over seeds of per-seed success rate; drop = cell 1 - cell 2
noise/sigma2cm_lat2step.oracle_gated.id.SS3,descriptive (not scored),,drop,"oracle_gated: success clean - sigma2cm_lat2step (sigma_p 0.02 m, sigma_v 0.1 m/s, 2 step latency), id SS3 (P7-D1 §4)",oracle_gated,,results/e01/episodes.csv|aft|id|SS3,results/e07/noise/sigma2cm_lat2step/episodes.csv|aft|id|SS3,1.0,1.0,1.0,True,1.0,0.0,nan,nan,200,200,1,0,,,,,,10000,20260926,0.95,"shared_episodes: seeds per method, shared by its two cells; one set of episode indices shared by both cells and both methods (P7-D1 §2)",results/e01/episodes.csv;results/e07/noise/sigma2cm_lat2step/episodes.csv,success = IQM over seeds of per-seed success rate; drop = cell 1 - cell 2
noise/sigma2cm_lat2step.oracle_gated.id.SS4,descriptive (not scored),,drop,"oracle_gated: success clean - sigma2cm_lat2step (sigma_p 0.02 m, sigma_v 0.1 m/s, 2 step latency), id SS4 (P7-D1 §4)",oracle_gated,,results/e01/episodes.csv|aft|id|SS4,results/e07/noise/sigma2cm_lat2step/episodes.csv|aft|id|SS4,0.985,0.965,1.0,True,0.985,0.0,nan,nan,200,200,1,0,,,,,,10000,20260926,0.95,"shared_episodes: seeds per method, shared by its two cells; one set of episode indices shared by both cells and both methods (P7-D1 §2)",results/e01/episodes.csv;results/e07/noise/sigma2cm_lat2step/episodes.csv,success = IQM over seeds of per-seed success rate; drop = cell 1 - cell 2
noise/sigma2cm_lat2step.oracle_gated.id.SS5,descriptive (not scored),,drop,"oracle_gated: success clean - sigma2cm_lat2step (sigma_p 0.02 m, sigma_v 0.1 m/s, 2 step latency), id SS5 (P7-D1 §4)",oracle_gated,,results/e01/episodes.csv|aft|id|SS5,results/e07/noise/sigma2cm_lat2step/episodes.csv|aft|id|SS5,0.89,0.845,0.93,True,0.89,0.0,nan,nan,200,200,1,0,,,,,,10000,20260926,0.95,"shared_episodes: seeds per method, shared by its two cells; one set of episode indices shared by both cells and both methods (P7-D1 §2)",results/e01/episodes.csv;results/e07/noise/sigma2cm_lat2step/episodes.csv,success = IQM over seeds of per-seed success rate; drop = cell 1 - cell 2
noise/sigma2cm_lat2step.oracle_gated.id.SS6,descriptive (not scored),,drop,"oracle_gated: success clean - sigma2cm_lat2step (sigma_p 0.02 m, sigma_v 0.1 m/s, 2 step latency), id SS6 (P7-D1 §4)",oracle_gated,,results/e01/episodes.csv|aft|id|SS6,results/e07/noise/sigma2cm_lat2step/episodes.csv|aft|id|SS6,0.645,0.58,0.71,True,0.645,0.0,nan,nan,200,200,1,0,,,,,,10000,20260926,0.95,"shared_episodes: seeds per method, shared by its two cells; one set of episode indices shared by both cells and both methods (P7-D1 §2)",results/e01/episodes.csv;results/e07/noise/sigma2cm_lat2step/episodes.csv,success = IQM over seeds of per-seed success rate; drop = cell 1 - cell 2
noise/sigma4cm_lat2step.ppo.id.SS3,descriptive (not scored),,drop,"ppo: success clean - sigma4cm_lat2step (sigma_p 0.04 m, sigma_v 0.2 m/s, 2 step latency), id SS3 (P7-D1 §4)",ppo,,results/e07/matrix/episodes.csv|aft|id|SS3,results/e07/noise/sigma4cm_lat2step/episodes.csv|aft|id|SS3,0.74,0.5333333333333334,0.7933333333333333,True,1.0,0.26,nan,nan,200,200,5,0,,,,,,10000,20260926,0.95,"shared_episodes: seeds per method, shared by its two cells; one set of episode indices shared by both cells and both methods (P7-D1 §2)",results/e07/matrix/episodes.csv;results/e07/noise/sigma4cm_lat2step/episodes.csv,success = IQM over seeds of per-seed success rate; drop = cell 1 - cell 2
noise/sigma4cm_lat2step.ppo.id.SS4,descriptive (not scored),,drop,"ppo: success clean - sigma4cm_lat2step (sigma_p 0.04 m, sigma_v 0.2 m/s, 2 step latency), id SS4 (P7-D1 §4)",ppo,,results/e07/matrix/episodes.csv|aft|id|SS4,results/e07/noise/sigma4cm_lat2step/episodes.csv|aft|id|SS4,0.7616666666666666,0.5450000000000002,0.8250000000000001,True,1.0,0.23833333333333337,nan,nan,200,200,5,0,,,,,,10000,20260926,0.95,"shared_episodes: seeds per method, shared by its two cells; one set of episode indices shared by both cells and both methods (P7-D1 §2)",results/e07/matrix/episodes.csv;results/e07/noise/sigma4cm_lat2step/episodes.csv,success = IQM over seeds of per-seed success rate; drop = cell 1 - cell 2
noise/sigma4cm_lat2step.ppo.id.SS5,descriptive (not scored),,drop,"ppo: success clean - sigma4cm_lat2step (sigma_p 0.04 m, sigma_v 0.2 m/s, 2 step latency), id SS5 (P7-D1 §4)",ppo,,results/e07/matrix/episodes.csv|aft|id|SS5,results/e07/noise/sigma4cm_lat2step/episodes.csv|aft|id|SS5,0.7233333333333334,0.5700000000000001,0.7816666666666666,True,1.0,0.27666666666666667,nan,nan,200,200,5,0,,,,,,10000,20260926,0.95,"shared_episodes: seeds per method, shared by its two cells; one set of episode indices shared by both cells and both methods (P7-D1 §2)",results/e07/matrix/episodes.csv;results/e07/noise/sigma4cm_lat2step/episodes.csv,success = IQM over seeds of per-seed success rate; drop = cell 1 - cell 2
noise/sigma4cm_lat2step.ppo.id.SS6,descriptive (not scored),,drop,"ppo: success clean - sigma4cm_lat2step (sigma_p 0.04 m, sigma_v 0.2 m/s, 2 step latency), id SS6 (P7-D1 §4)",ppo,,results/e07/matrix/episodes.csv|aft|id|SS6,results/e07/noise/sigma4cm_lat2step/episodes.csv|aft|id|SS6,0.6916666666666665,0.5866666666666667,0.7716666666666666,True,0.9816666666666666,0.29000000000000004,nan,nan,200,200,5,0,,,,,,10000,20260926,0.95,"shared_episodes: seeds per method, shared by its two cells; one set of episode indices shared by both cells and both methods (P7-D1 §2)",results/e07/matrix/episodes.csv;results/e07/noise/sigma4cm_lat2step/episodes.csv,success = IQM over seeds of per-seed success rate; drop = cell 1 - cell 2
noise/sigma4cm_lat2step.sac.id.SS3,descriptive (not scored),,drop,"sac: success clean - sigma4cm_lat2step (sigma_p 0.04 m, sigma_v 0.2 m/s, 2 step latency), id SS3 (P7-D1 §4)",sac,,results/e07/matrix/episodes.csv|aft|id|SS3,results/e07/noise/sigma4cm_lat2step/episodes.csv|aft|id|SS3,0.9383333333333335,0.85,0.985,True,0.9983333333333334,0.06,nan,nan,200,200,5,0,,,,,,10000,20260926,0.95,"shared_episodes: seeds per method, shared by its two cells; one set of episode indices shared by both cells and both methods (P7-D1 §2)",results/e07/matrix/episodes.csv;results/e07/noise/sigma4cm_lat2step/episodes.csv,success = IQM over seeds of per-seed success rate; drop = cell 1 - cell 2
noise/sigma4cm_lat2step.sac.id.SS4,descriptive (not scored),,drop,"sac: success clean - sigma4cm_lat2step (sigma_p 0.04 m, sigma_v 0.2 m/s, 2 step latency), id SS4 (P7-D1 §4)",sac,,results/e07/matrix/episodes.csv|aft|id|SS4,results/e07/noise/sigma4cm_lat2step/episodes.csv|aft|id|SS4,0.9166666666666667,0.8483333333333334,0.965,True,0.9816666666666668,0.065,nan,nan,200,200,5,0,,,,,,10000,20260926,0.95,"shared_episodes: seeds per method, shared by its two cells; one set of episode indices shared by both cells and both methods (P7-D1 §2)",results/e07/matrix/episodes.csv;results/e07/noise/sigma4cm_lat2step/episodes.csv,success = IQM over seeds of per-seed success rate; drop = cell 1 - cell 2
noise/sigma4cm_lat2step.sac.id.SS5,descriptive (not scored),,drop,"sac: success clean - sigma4cm_lat2step (sigma_p 0.04 m, sigma_v 0.2 m/s, 2 step latency), id SS5 (P7-D1 §4)",sac,,results/e07/matrix/episodes.csv|aft|id|SS5,results/e07/noise/sigma4cm_lat2step/episodes.csv|aft|id|SS5,0.8233333333333334,0.7566666666666667,0.8766666666666667,True,0.87,0.04666666666666667,nan,nan,200,200,5,0,,,,,,10000,20260926,0.95,"shared_episodes: seeds per method, shared by its two cells; one set of episode indices shared by both cells and both methods (P7-D1 §2)",results/e07/matrix/episodes.csv;results/e07/noise/sigma4cm_lat2step/episodes.csv,success = IQM over seeds of per-seed success rate; drop = cell 1 - cell 2
noise/sigma4cm_lat2step.sac.id.SS6,descriptive (not scored),,drop,"sac: success clean - sigma4cm_lat2step (sigma_p 0.04 m, sigma_v 0.2 m/s, 2 step latency), id SS6 (P7-D1 §4)",sac,,results/e07/matrix/episodes.csv|aft|id|SS6,results/e07/noise/sigma4cm_lat2step/episodes.csv|aft|id|SS6,0.695,0.575,0.7583333333333333,True,0.725,0.03,nan,nan,200,200,5,0,,,,,,10000,20260926,0.95,"shared_episodes: seeds per method, shared by its two cells; one set of episode indices shared by both cells and both methods (P7-D1 §2)",results/e07/matrix/episodes.csv;results/e07/noise/sigma4cm_lat2step/episodes.csv,success = IQM over seeds of per-seed success rate; drop = cell 1 - cell 2
noise/sigma4cm_lat2step.residual_ppo.id.SS3,descriptive (not scored),,drop,"residual_ppo: success clean - sigma4cm_lat2step (sigma_p 0.04 m, sigma_v 0.2 m/s, 2 step latency), id SS3 (P7-D1 §4)",residual_ppo,,results/e07/matrix/episodes.csv|aft|id|SS3,results/e07/noise/sigma4cm_lat2step/episodes.csv|aft|id|SS3,1.0,1.0,1.0,True,1.0,0.0,nan,nan,200,200,5,0,,,,,,10000,20260926,0.95,"shared_episodes: seeds per method, shared by its two cells; one set of episode indices shared by both cells and both methods (P7-D1 §2)",results/e07/matrix/episodes.csv;results/e07/noise/sigma4cm_lat2step/episodes.csv,success = IQM over seeds of per-seed success rate; drop = cell 1 - cell 2
noise/sigma4cm_lat2step.residual_ppo.id.SS4,descriptive (not scored),,drop,"residual_ppo: success clean - sigma4cm_lat2step (sigma_p 0.04 m, sigma_v 0.2 m/s, 2 step latency), id SS4 (P7-D1 §4)",residual_ppo,,results/e07/matrix/episodes.csv|aft|id|SS4,results/e07/noise/sigma4cm_lat2step/episodes.csv|aft|id|SS4,1.0,1.0,1.0,True,1.0,0.0,nan,nan,200,200,5,0,,,,,,10000,20260926,0.95,"shared_episodes: seeds per method, shared by its two cells; one set of episode indices shared by both cells and both methods (P7-D1 §2)",results/e07/matrix/episodes.csv;results/e07/noise/sigma4cm_lat2step/episodes.csv,success = IQM over seeds of per-seed success rate; drop = cell 1 - cell 2
noise/sigma4cm_lat2step.residual_ppo.id.SS5,descriptive (not scored),,drop,"residual_ppo: success clean - sigma4cm_lat2step (sigma_p 0.04 m, sigma_v 0.2 m/s, 2 step latency), id SS5 (P7-D1 §4)",residual_ppo,,results/e07/matrix/episodes.csv|aft|id|SS5,results/e07/noise/sigma4cm_lat2step/episodes.csv|aft|id|SS5,0.995,0.985,1.0,True,0.995,0.0,nan,nan,200,200,5,0,,,,,,10000,20260926,0.95,"shared_episodes: seeds per method, shared by its two cells; one set of episode indices shared by both cells and both methods (P7-D1 §2)",results/e07/matrix/episodes.csv;results/e07/noise/sigma4cm_lat2step/episodes.csv,success = IQM over seeds of per-seed success rate; drop = cell 1 - cell 2
noise/sigma4cm_lat2step.residual_ppo.id.SS6,descriptive (not scored),,drop,"residual_ppo: success clean - sigma4cm_lat2step (sigma_p 0.04 m, sigma_v 0.2 m/s, 2 step latency), id SS6 (P7-D1 §4)",residual_ppo,,results/e07/matrix/episodes.csv|aft|id|SS6,results/e07/noise/sigma4cm_lat2step/episodes.csv|aft|id|SS6,0.9616666666666666,0.9383333333333334,0.9866666666666667,True,0.9616666666666666,0.0,nan,nan,200,200,5,0,,,,,,10000,20260926,0.95,"shared_episodes: seeds per method, shared by its two cells; one set of episode indices shared by both cells and both methods (P7-D1 §2)",results/e07/matrix/episodes.csv;results/e07/noise/sigma4cm_lat2step/episodes.csv,success = IQM over seeds of per-seed success rate; drop = cell 1 - cell 2
noise/sigma4cm_lat2step.ppo_forecast.id.SS3,descriptive (not scored),,drop,"ppo_forecast: success clean - sigma4cm_lat2step (sigma_p 0.04 m, sigma_v 0.2 m/s, 2 step latency), id SS3 (P7-D1 §4)",ppo_forecast,,results/e07/matrix/episodes.csv|aft|id|SS3,results/e07/noise/sigma4cm_lat2step/episodes.csv|aft|id|SS3,0.09999999999999998,0.05666666666666664,0.16166666666666674,True,1.0,0.9,nan,nan,200,200,5,0,,,,,,10000,20260926,0.95,"shared_episodes: seeds per method, shared by its two cells; one set of episode indices shared by both cells and both methods (P7-D1 §2)",results/e07/matrix/episodes.csv;results/e07/noise/sigma4cm_lat2step/episodes.csv,success = IQM over seeds of per-seed success rate; drop = cell 1 - cell 2
noise/sigma4cm_lat2step.ppo_forecast.id.SS4,descriptive (not scored),,drop,"ppo_forecast: success clean - sigma4cm_lat2step (sigma_p 0.04 m, sigma_v 0.2 m/s, 2 step latency), id SS4 (P7-D1 §4)",ppo_forecast,,results/e07/matrix/episodes.csv|aft|id|SS4,results/e07/noise/sigma4cm_lat2step/episodes.csv|aft|id|SS4,0.09833333333333327,0.05833333333333324,0.14,True,1.0,0.9016666666666667,nan,nan,200,200,5,0,,,,,,10000,20260926,0.95,"shared_episodes: seeds per method, shared by its two cells; one set of episode indices shared by both cells and both methods (P7-D1 §2)",results/e07/matrix/episodes.csv;results/e07/noise/sigma4cm_lat2step/episodes.csv,success = IQM over seeds of per-seed success rate; drop = cell 1 - cell 2
noise/sigma4cm_lat2step.ppo_forecast.id.SS5,descriptive (not scored),,drop,"ppo_forecast: success clean - sigma4cm_lat2step (sigma_p 0.04 m, sigma_v 0.2 m/s, 2 step latency), id SS5 (P7-D1 §4)",ppo_forecast,,results/e07/matrix/episodes.csv|aft|id|SS5,results/e07/noise/sigma4cm_lat2step/episodes.csv|aft|id|SS5,0.11833333333333329,0.08333333333333337,0.16333333333333322,True,1.0,0.8816666666666667,nan,nan,200,200,5,0,,,,,,10000,20260926,0.95,"shared_episodes: seeds per method, shared by its two cells; one set of episode indices shared by both cells and both methods (P7-D1 §2)",results/e07/matrix/episodes.csv;results/e07/noise/sigma4cm_lat2step/episodes.csv,success = IQM over seeds of per-seed success rate; drop = cell 1 - cell 2
noise/sigma4cm_lat2step.ppo_forecast.id.SS6,descriptive (not scored),,drop,"ppo_forecast: success clean - sigma4cm_lat2step (sigma_p 0.04 m, sigma_v 0.2 m/s, 2 step latency), id SS6 (P7-D1 §4)",ppo_forecast,,results/e07/matrix/episodes.csv|aft|id|SS6,results/e07/noise/sigma4cm_lat2step/episodes.csv|aft|id|SS6,0.16000000000000003,0.11833333333333329,0.20166666666666666,True,0.98,0.82,nan,nan,200,200,5,0,,,,,,10000,20260926,0.95,"shared_episodes: seeds per method, shared by its two cells; one set of episode indices shared by both cells and both methods (P7-D1 §2)",results/e07/matrix/episodes.csv;results/e07/noise/sigma4cm_lat2step/episodes.csv,success = IQM over seeds of per-seed success rate; drop = cell 1 - cell 2
noise/sigma4cm_lat2step.residual_ppo_forecast.id.SS3,descriptive (not scored),,drop,"residual_ppo_forecast: success clean - sigma4cm_lat2step (sigma_p 0.04 m, sigma_v 0.2 m/s, 2 step latency), id SS3 (P7-D1 §4)",residual_ppo_forecast,,results/e07/matrix/episodes.csv|aft|id|SS3,results/e07/noise/sigma4cm_lat2step/episodes.csv|aft|id|SS3,1.0,1.0,1.0,True,1.0,0.0,nan,nan,200,200,5,0,,,,,,10000,20260926,0.95,"shared_episodes: seeds per method, shared by its two cells; one set of episode indices shared by both cells and both methods (P7-D1 §2)",results/e07/matrix/episodes.csv;results/e07/noise/sigma4cm_lat2step/episodes.csv,success = IQM over seeds of per-seed success rate; drop = cell 1 - cell 2
noise/sigma4cm_lat2step.residual_ppo_forecast.id.SS4,descriptive (not scored),,drop,"residual_ppo_forecast: success clean - sigma4cm_lat2step (sigma_p 0.04 m, sigma_v 0.2 m/s, 2 step latency), id SS4 (P7-D1 §4)",residual_ppo_forecast,,results/e07/matrix/episodes.csv|aft|id|SS4,results/e07/noise/sigma4cm_lat2step/episodes.csv|aft|id|SS4,1.0,0.995,1.0,True,1.0,0.0,nan,nan,200,200,5,0,,,,,,10000,20260926,0.95,"shared_episodes: seeds per method, shared by its two cells; one set of episode indices shared by both cells and both methods (P7-D1 §2)",results/e07/matrix/episodes.csv;results/e07/noise/sigma4cm_lat2step/episodes.csv,success = IQM over seeds of per-seed success rate; drop = cell 1 - cell 2
noise/sigma4cm_lat2step.residual_ppo_forecast.id.SS5,descriptive (not scored),,drop,"residual_ppo_forecast: success clean - sigma4cm_lat2step (sigma_p 0.04 m, sigma_v 0.2 m/s, 2 step latency), id SS5 (P7-D1 §4)",residual_ppo_forecast,,results/e07/matrix/episodes.csv|aft|id|SS5,results/e07/noise/sigma4cm_lat2step/episodes.csv|aft|id|SS5,0.995,0.985,1.0,True,0.995,0.0,nan,nan,200,200,5,0,,,,,,10000,20260926,0.95,"shared_episodes: seeds per method, shared by its two cells; one set of episode indices shared by both cells and both methods (P7-D1 §2)",results/e07/matrix/episodes.csv;results/e07/noise/sigma4cm_lat2step/episodes.csv,success = IQM over seeds of per-seed success rate; drop = cell 1 - cell 2
noise/sigma4cm_lat2step.residual_ppo_forecast.id.SS6,descriptive (not scored),,drop,"residual_ppo_forecast: success clean - sigma4cm_lat2step (sigma_p 0.04 m, sigma_v 0.2 m/s, 2 step latency), id SS6 (P7-D1 §4)",residual_ppo_forecast,,results/e07/matrix/episodes.csv|aft|id|SS6,results/e07/noise/sigma4cm_lat2step/episodes.csv|aft|id|SS6,0.9683333333333334,0.9483333333333333,0.9899999999999999,True,0.9683333333333334,0.0,nan,nan,200,200,5,0,,,,,,10000,20260926,0.95,"shared_episodes: seeds per method, shared by its two cells; one set of episode indices shared by both cells and both methods (P7-D1 §2)",results/e07/matrix/episodes.csv;results/e07/noise/sigma4cm_lat2step/episodes.csv,success = IQM over seeds of per-seed success rate; drop = cell 1 - cell 2
noise/sigma4cm_lat2step.ppo_sinusoid.id.SS3,descriptive (not scored),,drop,"ppo_sinusoid: success clean - sigma4cm_lat2step (sigma_p 0.04 m, sigma_v 0.2 m/s, 2 step latency), id SS3 (P7-D1 §4)",ppo_sinusoid,,results/e07/matrix/episodes.csv|aft|id|SS3,results/e07/noise/sigma4cm_lat2step/episodes.csv|aft|id|SS3,0.8766666666666667,0.8166666666666667,0.9366666666666666,True,1.0,0.12333333333333334,nan,nan,200,200,5,0,,,,,,10000,20260926,0.95,"shared_episodes: seeds per method, shared by its two cells; one set of episode indices shared by both cells and both methods (P7-D1 §2)",results/e07/matrix/episodes.csv;results/e07/noise/sigma4cm_lat2step/episodes.csv,success = IQM over seeds of per-seed success rate; drop = cell 1 - cell 2
noise/sigma4cm_lat2step.ppo_sinusoid.id.SS4,descriptive (not scored),,drop,"ppo_sinusoid: success clean - sigma4cm_lat2step (sigma_p 0.04 m, sigma_v 0.2 m/s, 2 step latency), id SS4 (P7-D1 §4)",ppo_sinusoid,,results/e07/matrix/episodes.csv|aft|id|SS4,results/e07/noise/sigma4cm_lat2step/episodes.csv|aft|id|SS4,0.8433333333333334,0.7633333333333333,0.935,True,1.0,0.15666666666666665,nan,nan,200,200,5,0,,,,,,10000,20260926,0.95,"shared_episodes: seeds per method, shared by its two cells; one set of episode indices shared by both cells and both methods (P7-D1 §2)",results/e07/matrix/episodes.csv;results/e07/noise/sigma4cm_lat2step/episodes.csv,success = IQM over seeds of per-seed success rate; drop = cell 1 - cell 2
noise/sigma4cm_lat2step.ppo_sinusoid.id.SS5,descriptive (not scored),,drop,"ppo_sinusoid: success clean - sigma4cm_lat2step (sigma_p 0.04 m, sigma_v 0.2 m/s, 2 step latency), id SS5 (P7-D1 §4)",ppo_sinusoid,,results/e07/matrix/episodes.csv|aft|id|SS5,results/e07/noise/sigma4cm_lat2step/episodes.csv|aft|id|SS5,0.845,0.79,0.9183333333333333,True,1.0,0.155,nan,nan,200,200,5,0,,,,,,10000,20260926,0.95,"shared_episodes: seeds per method, shared by its two cells; one set of episode indices shared by both cells and both methods (P7-D1 §2)",results/e07/matrix/episodes.csv;results/e07/noise/sigma4cm_lat2step/episodes.csv,success = IQM over seeds of per-seed success rate; drop = cell 1 - cell 2
noise/sigma4cm_lat2step.ppo_sinusoid.id.SS6,descriptive (not scored),,drop,"ppo_sinusoid: success clean - sigma4cm_lat2step (sigma_p 0.04 m, sigma_v 0.2 m/s, 2 step latency), id SS6 (P7-D1 §4)",ppo_sinusoid,,results/e07/matrix/episodes.csv|aft|id|SS6,results/e07/noise/sigma4cm_lat2step/episodes.csv|aft|id|SS6,0.7933333333333332,0.7449999999999999,0.85,True,0.9733333333333333,0.18000000000000002,nan,nan,200,200,5,0,,,,,,10000,20260926,0.95,"shared_episodes: seeds per method, shared by its two cells; one set of episode indices shared by both cells and both methods (P7-D1 §2)",results/e07/matrix/episodes.csv;results/e07/noise/sigma4cm_lat2step/episodes.csv,success = IQM over seeds of per-seed success rate; drop = cell 1 - cell 2
noise/sigma4cm_lat2step.pid_track_descend.id.SS3,descriptive (not scored),,drop,"pid_track_descend: success clean - sigma4cm_lat2step (sigma_p 0.04 m, sigma_v 0.2 m/s, 2 step latency), id SS3 (P7-D1 §4)",pid_track_descend,,results/e01/episodes.csv|aft|id|SS3,results/e07/noise/sigma4cm_lat2step/episodes.csv|aft|id|SS3,0.8049999999999999,0.75,0.855,True,1.0,0.195,nan,nan,200,200,1,0,,,,,,10000,20260926,0.95,"shared_episodes: seeds per method, shared by its two cells; one set of episode indices shared by both cells and both methods (P7-D1 §2)",results/e01/episodes.csv;results/e07/noise/sigma4cm_lat2step/episodes.csv,success = IQM over seeds of per-seed success rate; drop = cell 1 - cell 2
noise/sigma4cm_lat2step.pid_track_descend.id.SS4,descriptive (not scored),,drop,"pid_track_descend: success clean - sigma4cm_lat2step (sigma_p 0.04 m, sigma_v 0.2 m/s, 2 step latency), id SS4 (P7-D1 §4)",pid_track_descend,,results/e01/episodes.csv|aft|id|SS4,results/e07/noise/sigma4cm_lat2step/episodes.csv|aft|id|SS4,0.745,0.6799999999999999,0.8049999999999999,True,0.96,0.215,nan,nan,200,200,1,0,,,,,,10000,20260926,0.95,"shared_episodes: seeds per method, shared by its two cells; one set of episode indices shared by both cells and both methods (P7-D1 §2)",results/e01/episodes.csv;results/e07/noise/sigma4cm_lat2step/episodes.csv,success = IQM over seeds of per-seed success rate; drop = cell 1 - cell 2
noise/sigma4cm_lat2step.pid_track_descend.id.SS5,descriptive (not scored),,drop,"pid_track_descend: success clean - sigma4cm_lat2step (sigma_p 0.04 m, sigma_v 0.2 m/s, 2 step latency), id SS5 (P7-D1 §4)",pid_track_descend,,results/e01/episodes.csv|aft|id|SS5,results/e07/noise/sigma4cm_lat2step/episodes.csv|aft|id|SS5,0.6599999999999999,0.5900000000000001,0.73,True,0.85,0.19,nan,nan,200,200,1,0,,,,,,10000,20260926,0.95,"shared_episodes: seeds per method, shared by its two cells; one set of episode indices shared by both cells and both methods (P7-D1 §2)",results/e01/episodes.csv;results/e07/noise/sigma4cm_lat2step/episodes.csv,success = IQM over seeds of per-seed success rate; drop = cell 1 - cell 2
noise/sigma4cm_lat2step.pid_track_descend.id.SS6,descriptive (not scored),,drop,"pid_track_descend: success clean - sigma4cm_lat2step (sigma_p 0.04 m, sigma_v 0.2 m/s, 2 step latency), id SS6 (P7-D1 §4)",pid_track_descend,,results/e01/episodes.csv|aft|id|SS6,results/e07/noise/sigma4cm_lat2step/episodes.csv|aft|id|SS6,0.5900000000000001,0.51,0.6699999999999999,True,0.8,0.21,nan,nan,200,200,1,0,,,,,,10000,20260926,0.95,"shared_episodes: seeds per method, shared by its two cells; one set of episode indices shared by both cells and both methods (P7-D1 §2)",results/e01/episodes.csv;results/e07/noise/sigma4cm_lat2step/episodes.csv,success = IQM over seeds of per-seed success rate; drop = cell 1 - cell 2
noise/sigma4cm_lat2step.pid_feedforward.id.SS3,descriptive (not scored),,drop,"pid_feedforward: success clean - sigma4cm_lat2step (sigma_p 0.04 m, sigma_v 0.2 m/s, 2 step latency), id SS3 (P7-D1 §4)",pid_feedforward,,results/e01/episodes.csv|aft|id|SS3,results/e07/noise/sigma4cm_lat2step/episodes.csv|aft|id|SS3,1.0,1.0,1.0,True,1.0,0.0,nan,nan,200,200,1,0,,,,,,10000,20260926,0.95,"shared_episodes: seeds per method, shared by its two cells; one set of episode indices shared by both cells and both methods (P7-D1 §2)",results/e01/episodes.csv;results/e07/noise/sigma4cm_lat2step/episodes.csv,success = IQM over seeds of per-seed success rate; drop = cell 1 - cell 2
noise/sigma4cm_lat2step.pid_feedforward.id.SS4,descriptive (not scored),,drop,"pid_feedforward: success clean - sigma4cm_lat2step (sigma_p 0.04 m, sigma_v 0.2 m/s, 2 step latency), id SS4 (P7-D1 §4)",pid_feedforward,,results/e01/episodes.csv|aft|id|SS4,results/e07/noise/sigma4cm_lat2step/episodes.csv|aft|id|SS4,1.0,1.0,1.0,True,1.0,0.0,nan,nan,200,200,1,0,,,,,,10000,20260926,0.95,"shared_episodes: seeds per method, shared by its two cells; one set of episode indices shared by both cells and both methods (P7-D1 §2)",results/e01/episodes.csv;results/e07/noise/sigma4cm_lat2step/episodes.csv,success = IQM over seeds of per-seed success rate; drop = cell 1 - cell 2
noise/sigma4cm_lat2step.pid_feedforward.id.SS5,descriptive (not scored),,drop,"pid_feedforward: success clean - sigma4cm_lat2step (sigma_p 0.04 m, sigma_v 0.2 m/s, 2 step latency), id SS5 (P7-D1 §4)",pid_feedforward,,results/e01/episodes.csv|aft|id|SS5,results/e07/noise/sigma4cm_lat2step/episodes.csv|aft|id|SS5,0.99,0.975,1.0,True,0.99,0.0,nan,nan,200,200,1,0,,,,,,10000,20260926,0.95,"shared_episodes: seeds per method, shared by its two cells; one set of episode indices shared by both cells and both methods (P7-D1 §2)",results/e01/episodes.csv;results/e07/noise/sigma4cm_lat2step/episodes.csv,success = IQM over seeds of per-seed success rate; drop = cell 1 - cell 2
noise/sigma4cm_lat2step.pid_feedforward.id.SS6,descriptive (not scored),,drop,"pid_feedforward: success clean - sigma4cm_lat2step (sigma_p 0.04 m, sigma_v 0.2 m/s, 2 step latency), id SS6 (P7-D1 §4)",pid_feedforward,,results/e01/episodes.csv|aft|id|SS6,results/e07/noise/sigma4cm_lat2step/episodes.csv|aft|id|SS6,0.905,0.865,0.945,True,0.905,0.0,nan,nan,200,200,1,0,,,,,,10000,20260926,0.95,"shared_episodes: seeds per method, shared by its two cells; one set of episode indices shared by both cells and both methods (P7-D1 §2)",results/e01/episodes.csv;results/e07/noise/sigma4cm_lat2step/episodes.csv,success = IQM over seeds of per-seed success rate; drop = cell 1 - cell 2
noise/sigma4cm_lat2step.pid_feedforward_lowvz.id.SS3,descriptive (not scored),,drop,"pid_feedforward_lowvz: success clean - sigma4cm_lat2step (sigma_p 0.04 m, sigma_v 0.2 m/s, 2 step latency), id SS3 (P7-D1 §4)",pid_feedforward_lowvz,,results/e01/episodes.csv|aft|id|SS3,results/e07/noise/sigma4cm_lat2step/episodes.csv|aft|id|SS3,1.0,1.0,1.0,True,1.0,0.0,nan,nan,200,200,1,0,,,,,,10000,20260926,0.95,"shared_episodes: seeds per method, shared by its two cells; one set of episode indices shared by both cells and both methods (P7-D1 §2)",results/e01/episodes.csv;results/e07/noise/sigma4cm_lat2step/episodes.csv,success = IQM over seeds of per-seed success rate; drop = cell 1 - cell 2
noise/sigma4cm_lat2step.pid_feedforward_lowvz.id.SS4,descriptive (not scored),,drop,"pid_feedforward_lowvz: success clean - sigma4cm_lat2step (sigma_p 0.04 m, sigma_v 0.2 m/s, 2 step latency), id SS4 (P7-D1 §4)",pid_feedforward_lowvz,,results/e01/episodes.csv|aft|id|SS4,results/e07/noise/sigma4cm_lat2step/episodes.csv|aft|id|SS4,0.98,0.96,0.995,True,0.98,0.0,nan,nan,200,200,1,0,,,,,,10000,20260926,0.95,"shared_episodes: seeds per method, shared by its two cells; one set of episode indices shared by both cells and both methods (P7-D1 §2)",results/e01/episodes.csv;results/e07/noise/sigma4cm_lat2step/episodes.csv,success = IQM over seeds of per-seed success rate; drop = cell 1 - cell 2
noise/sigma4cm_lat2step.pid_feedforward_lowvz.id.SS5,descriptive (not scored),,drop,"pid_feedforward_lowvz: success clean - sigma4cm_lat2step (sigma_p 0.04 m, sigma_v 0.2 m/s, 2 step latency), id SS5 (P7-D1 §4)",pid_feedforward_lowvz,,results/e01/episodes.csv|aft|id|SS5,results/e07/noise/sigma4cm_lat2step/episodes.csv|aft|id|SS5,0.955,0.925,0.98,True,0.955,0.0,nan,nan,200,200,1,0,,,,,,10000,20260926,0.95,"shared_episodes: seeds per method, shared by its two cells; one set of episode indices shared by both cells and both methods (P7-D1 §2)",results/e01/episodes.csv;results/e07/noise/sigma4cm_lat2step/episodes.csv,success = IQM over seeds of per-seed success rate; drop = cell 1 - cell 2
noise/sigma4cm_lat2step.pid_feedforward_lowvz.id.SS6,descriptive (not scored),,drop,"pid_feedforward_lowvz: success clean - sigma4cm_lat2step (sigma_p 0.04 m, sigma_v 0.2 m/s, 2 step latency), id SS6 (P7-D1 §4)",pid_feedforward_lowvz,,results/e01/episodes.csv|aft|id|SS6,results/e07/noise/sigma4cm_lat2step/episodes.csv|aft|id|SS6,0.85,0.8,0.895,True,0.85,0.0,nan,nan,200,200,1,0,,,,,,10000,20260926,0.95,"shared_episodes: seeds per method, shared by its two cells; one set of episode indices shared by both cells and both methods (P7-D1 §2)",results/e01/episodes.csv;results/e07/noise/sigma4cm_lat2step/episodes.csv,success = IQM over seeds of per-seed success rate; drop = cell 1 - cell 2
noise/sigma4cm_lat2step.pid_feedforward_lowvz_cut.id.SS3,descriptive (not scored),,drop,"pid_feedforward_lowvz_cut: success clean - sigma4cm_lat2step (sigma_p 0.04 m, sigma_v 0.2 m/s, 2 step latency), id SS3 (P7-D1 §4)",pid_feedforward_lowvz_cut,,results/e01_lowvz_cut/episodes.csv|aft|id|SS3,results/e07/noise/sigma4cm_lat2step/episodes.csv|aft|id|SS3,1.0,1.0,1.0,True,1.0,0.0,nan,nan,200,200,1,0,,,,,,10000,20260926,0.95,"shared_episodes: seeds per method, shared by its two cells; one set of episode indices shared by both cells and both methods (P7-D1 §2)",results/e01_lowvz_cut/episodes.csv;results/e07/noise/sigma4cm_lat2step/episodes.csv,success = IQM over seeds of per-seed success rate; drop = cell 1 - cell 2
noise/sigma4cm_lat2step.pid_feedforward_lowvz_cut.id.SS4,descriptive (not scored),,drop,"pid_feedforward_lowvz_cut: success clean - sigma4cm_lat2step (sigma_p 0.04 m, sigma_v 0.2 m/s, 2 step latency), id SS4 (P7-D1 §4)",pid_feedforward_lowvz_cut,,results/e01_lowvz_cut/episodes.csv|aft|id|SS4,results/e07/noise/sigma4cm_lat2step/episodes.csv|aft|id|SS4,0.985,0.965,1.0,True,0.985,0.0,nan,nan,200,200,1,0,,,,,,10000,20260926,0.95,"shared_episodes: seeds per method, shared by its two cells; one set of episode indices shared by both cells and both methods (P7-D1 §2)",results/e01_lowvz_cut/episodes.csv;results/e07/noise/sigma4cm_lat2step/episodes.csv,success = IQM over seeds of per-seed success rate; drop = cell 1 - cell 2
noise/sigma4cm_lat2step.pid_feedforward_lowvz_cut.id.SS5,descriptive (not scored),,drop,"pid_feedforward_lowvz_cut: success clean - sigma4cm_lat2step (sigma_p 0.04 m, sigma_v 0.2 m/s, 2 step latency), id SS5 (P7-D1 §4)",pid_feedforward_lowvz_cut,,results/e01_lowvz_cut/episodes.csv|aft|id|SS5,results/e07/noise/sigma4cm_lat2step/episodes.csv|aft|id|SS5,0.98,0.96,0.995,True,0.98,0.0,nan,nan,200,200,1,0,,,,,,10000,20260926,0.95,"shared_episodes: seeds per method, shared by its two cells; one set of episode indices shared by both cells and both methods (P7-D1 §2)",results/e01_lowvz_cut/episodes.csv;results/e07/noise/sigma4cm_lat2step/episodes.csv,success = IQM over seeds of per-seed success rate; drop = cell 1 - cell 2
noise/sigma4cm_lat2step.pid_feedforward_lowvz_cut.id.SS6,descriptive (not scored),,drop,"pid_feedforward_lowvz_cut: success clean - sigma4cm_lat2step (sigma_p 0.04 m, sigma_v 0.2 m/s, 2 step latency), id SS6 (P7-D1 §4)",pid_feedforward_lowvz_cut,,results/e01_lowvz_cut/episodes.csv|aft|id|SS6,results/e07/noise/sigma4cm_lat2step/episodes.csv|aft|id|SS6,0.88,0.835,0.92,True,0.88,0.0,nan,nan,200,200,1,0,,,,,,10000,20260926,0.95,"shared_episodes: seeds per method, shared by its two cells; one set of episode indices shared by both cells and both methods (P7-D1 §2)",results/e01_lowvz_cut/episodes.csv;results/e07/noise/sigma4cm_lat2step/episodes.csv,success = IQM over seeds of per-seed success rate; drop = cell 1 - cell 2
noise/sigma4cm_lat2step.gated.id.SS3,descriptive (not scored),,drop,"gated: success clean - sigma4cm_lat2step (sigma_p 0.04 m, sigma_v 0.2 m/s, 2 step latency), id SS3 (P7-D1 §4)",gated,,results/e01/episodes.csv|aft|id|SS3,results/e07/noise/sigma4cm_lat2step/episodes.csv|aft|id|SS3,1.0,1.0,1.0,True,1.0,0.0,nan,nan,200,200,1,0,,,,,,10000,20260926,0.95,"shared_episodes: seeds per method, shared by its two cells; one set of episode indices shared by both cells and both methods (P7-D1 §2)",results/e01/episodes.csv;results/e07/noise/sigma4cm_lat2step/episodes.csv,success = IQM over seeds of per-seed success rate; drop = cell 1 - cell 2
noise/sigma4cm_lat2step.gated.id.SS4,descriptive (not scored),,drop,"gated: success clean - sigma4cm_lat2step (sigma_p 0.04 m, sigma_v 0.2 m/s, 2 step latency), id SS4 (P7-D1 §4)",gated,,results/e01/episodes.csv|aft|id|SS4,results/e07/noise/sigma4cm_lat2step/episodes.csv|aft|id|SS4,0.985,0.965,1.0,True,0.985,0.0,nan,nan,200,200,1,0,,,,,,10000,20260926,0.95,"shared_episodes: seeds per method, shared by its two cells; one set of episode indices shared by both cells and both methods (P7-D1 §2)",results/e01/episodes.csv;results/e07/noise/sigma4cm_lat2step/episodes.csv,success = IQM over seeds of per-seed success rate; drop = cell 1 - cell 2
noise/sigma4cm_lat2step.gated.id.SS5,descriptive (not scored),,drop,"gated: success clean - sigma4cm_lat2step (sigma_p 0.04 m, sigma_v 0.2 m/s, 2 step latency), id SS5 (P7-D1 §4)",gated,,results/e01/episodes.csv|aft|id|SS5,results/e07/noise/sigma4cm_lat2step/episodes.csv|aft|id|SS5,0.895,0.854875000000001,0.935,True,0.895,0.0,nan,nan,200,200,1,0,,,,,,10000,20260926,0.95,"shared_episodes: seeds per method, shared by its two cells; one set of episode indices shared by both cells and both methods (P7-D1 §2)",results/e01/episodes.csv;results/e07/noise/sigma4cm_lat2step/episodes.csv,success = IQM over seeds of per-seed success rate; drop = cell 1 - cell 2
noise/sigma4cm_lat2step.gated.id.SS6,descriptive (not scored),,drop,"gated: success clean - sigma4cm_lat2step (sigma_p 0.04 m, sigma_v 0.2 m/s, 2 step latency), id SS6 (P7-D1 §4)",gated,,results/e01/episodes.csv|aft|id|SS6,results/e07/noise/sigma4cm_lat2step/episodes.csv|aft|id|SS6,0.63,0.565,0.695,True,0.63,0.0,nan,nan,200,200,1,0,,,,,,10000,20260926,0.95,"shared_episodes: seeds per method, shared by its two cells; one set of episode indices shared by both cells and both methods (P7-D1 §2)",results/e01/episodes.csv;results/e07/noise/sigma4cm_lat2step/episodes.csv,success = IQM over seeds of per-seed success rate; drop = cell 1 - cell 2
noise/sigma4cm_lat2step.oracle_gated.id.SS3,descriptive (not scored),,drop,"oracle_gated: success clean - sigma4cm_lat2step (sigma_p 0.04 m, sigma_v 0.2 m/s, 2 step latency), id SS3 (P7-D1 §4)",oracle_gated,,results/e01/episodes.csv|aft|id|SS3,results/e07/noise/sigma4cm_lat2step/episodes.csv|aft|id|SS3,1.0,1.0,1.0,True,1.0,0.0,nan,nan,200,200,1,0,,,,,,10000,20260926,0.95,"shared_episodes: seeds per method, shared by its two cells; one set of episode indices shared by both cells and both methods (P7-D1 §2)",results/e01/episodes.csv;results/e07/noise/sigma4cm_lat2step/episodes.csv,success = IQM over seeds of per-seed success rate; drop = cell 1 - cell 2
noise/sigma4cm_lat2step.oracle_gated.id.SS4,descriptive (not scored),,drop,"oracle_gated: success clean - sigma4cm_lat2step (sigma_p 0.04 m, sigma_v 0.2 m/s, 2 step latency), id SS4 (P7-D1 §4)",oracle_gated,,results/e01/episodes.csv|aft|id|SS4,results/e07/noise/sigma4cm_lat2step/episodes.csv|aft|id|SS4,0.985,0.965,1.0,True,0.985,0.0,nan,nan,200,200,1,0,,,,,,10000,20260926,0.95,"shared_episodes: seeds per method, shared by its two cells; one set of episode indices shared by both cells and both methods (P7-D1 §2)",results/e01/episodes.csv;results/e07/noise/sigma4cm_lat2step/episodes.csv,success = IQM over seeds of per-seed success rate; drop = cell 1 - cell 2
noise/sigma4cm_lat2step.oracle_gated.id.SS5,descriptive (not scored),,drop,"oracle_gated: success clean - sigma4cm_lat2step (sigma_p 0.04 m, sigma_v 0.2 m/s, 2 step latency), id SS5 (P7-D1 §4)",oracle_gated,,results/e01/episodes.csv|aft|id|SS5,results/e07/noise/sigma4cm_lat2step/episodes.csv|aft|id|SS5,0.89,0.845,0.93,True,0.89,0.0,nan,nan,200,200,1,0,,,,,,10000,20260926,0.95,"shared_episodes: seeds per method, shared by its two cells; one set of episode indices shared by both cells and both methods (P7-D1 §2)",results/e01/episodes.csv;results/e07/noise/sigma4cm_lat2step/episodes.csv,success = IQM over seeds of per-seed success rate; drop = cell 1 - cell 2
noise/sigma4cm_lat2step.oracle_gated.id.SS6,descriptive (not scored),,drop,"oracle_gated: success clean - sigma4cm_lat2step (sigma_p 0.04 m, sigma_v 0.2 m/s, 2 step latency), id SS6 (P7-D1 §4)",oracle_gated,,results/e01/episodes.csv|aft|id|SS6,results/e07/noise/sigma4cm_lat2step/episodes.csv|aft|id|SS6,0.645,0.58,0.71,True,0.645,0.0,nan,nan,200,200,1,0,,,,,,10000,20260926,0.95,"shared_episodes: seeds per method, shared by its two cells; one set of episode indices shared by both cells and both methods (P7-D1 §2)",results/e01/episodes.csv;results/e07/noise/sigma4cm_lat2step/episodes.csv,success = IQM over seeds of per-seed success rate; drop = cell 1 - cell 2
lambda/lam15.ppo.id.SS3,descriptive (not scored),,drop,"ppo: success lambda 1/25 - 1/15, id SS3 (P7-D1 §3; t0 re-drawn, unpaired episodes)",ppo,,results/e07/matrix/episodes.csv|aft|id|SS3,results/e07/lambda/lam15/episodes.csv|aft|id|SS3,0.0,0.0,0.0,False,1.0,1.0,nan,nan,200,200,5,0,,,,,,10000,20260926,0.95,"independent_cells: seeds per method, shared by its two cells; episodes resampled independently per cell, shared by both methods within a cell (P7-D1 §2; P7-D1a #4)",results/e07/matrix/episodes.csv;results/e07/lambda/lam15/episodes.csv,success = IQM over seeds of per-seed success rate; drop = cell 1 - cell 2
lambda/lam15.ppo.id.SS4,descriptive (not scored),,drop,"ppo: success lambda 1/25 - 1/15, id SS4 (P7-D1 §3; t0 re-drawn, unpaired episodes)",ppo,,results/e07/matrix/episodes.csv|aft|id|SS4,results/e07/lambda/lam15/episodes.csv|aft|id|SS4,0.0,0.0,0.0,False,1.0,1.0,nan,nan,200,200,5,0,,,,,,10000,20260926,0.95,"independent_cells: seeds per method, shared by its two cells; episodes resampled independently per cell, shared by both methods within a cell (P7-D1 §2; P7-D1a #4)",results/e07/matrix/episodes.csv;results/e07/lambda/lam15/episodes.csv,success = IQM over seeds of per-seed success rate; drop = cell 1 - cell 2
lambda/lam15.ppo.id.SS5,descriptive (not scored),,drop,"ppo: success lambda 1/25 - 1/15, id SS5 (P7-D1 §3; t0 re-drawn, unpaired episodes)",ppo,,results/e07/matrix/episodes.csv|aft|id|SS5,results/e07/lambda/lam15/episodes.csv|aft|id|SS5,0.0016666666666665941,0.0,0.008333333333333304,False,1.0,0.9983333333333334,nan,nan,200,200,5,0,,,,,,10000,20260926,0.95,"independent_cells: seeds per method, shared by its two cells; episodes resampled independently per cell, shared by both methods within a cell (P7-D1 §2; P7-D1a #4)",results/e07/matrix/episodes.csv;results/e07/lambda/lam15/episodes.csv,success = IQM over seeds of per-seed success rate; drop = cell 1 - cell 2
lambda/lam15.ppo.id.SS6,descriptive (not scored),,drop,"ppo: success lambda 1/25 - 1/15, id SS6 (P7-D1 §3; t0 re-drawn, unpaired episodes)",ppo,,results/e07/matrix/episodes.csv|aft|id|SS6,results/e07/lambda/lam15/episodes.csv|aft|id|SS6,0.009999999999999898,-0.014999999999999902,0.03500000000000003,False,0.9816666666666666,0.9716666666666667,nan,nan,200,200,5,0,,,,,,10000,20260926,0.95,"independent_cells: seeds per method, shared by its two cells; episodes resampled independently per cell, shared by both methods within a cell (P7-D1 §2; P7-D1a #4)",results/e07/matrix/episodes.csv;results/e07/lambda/lam15/episodes.csv,success = IQM over seeds of per-seed success rate; drop = cell 1 - cell 2
lambda/lam15.ppo.unseen_seastate.SS6,descriptive (not scored),,drop,"ppo: success lambda 1/25 - 1/15, unseen_seastate SS6 (P7-D1 §3; t0 re-drawn, unpaired episodes)",ppo,,results/e07/matrix/episodes.csv|aft|unseen_seastate|SS6,results/e07/lambda/lam15/episodes.csv|aft|unseen_seastate|SS6,0.0033333333333331883,-0.03499999999999981,0.03004166666666619,False,0.9733333333333333,0.9700000000000001,nan,nan,200,200,5,0,,,,,,10000,20260926,0.95,"independent_cells: seeds per method, shared by its two cells; episodes resampled independently per cell, shared by both methods within a cell (P7-D1 §2; P7-D1a #4)",results/e07/matrix/episodes.csv;results/e07/lambda/lam15/episodes.csv,success = IQM over seeds of per-seed success rate; drop = cell 1 - cell 2
lambda/lam15.ppo.unseen_heading.SS3,descriptive (not scored),,drop,"ppo: success lambda 1/25 - 1/15, unseen_heading SS3 (P7-D1 §3; t0 re-drawn, unpaired episodes)",ppo,,results/e07/matrix/episodes.csv|aft|unseen_heading|SS3,results/e07/lambda/lam15/episodes.csv|aft|unseen_heading|SS3,0.0,0.0,0.0,False,1.0,1.0,nan,nan,200,200,5,0,,,,,,10000,20260926,0.95,"independent_cells: seeds per method, shared by its two cells; episodes resampled independently per cell, shared by both methods within a cell (P7-D1 §2; P7-D1a #4)",results/e07/matrix/episodes.csv;results/e07/lambda/lam15/episodes.csv,success = IQM over seeds of per-seed success rate; drop = cell 1 - cell 2
lambda/lam15.ppo.unseen_heading.SS4,descriptive (not scored),,drop,"ppo: success lambda 1/25 - 1/15, unseen_heading SS4 (P7-D1 §3; t0 re-drawn, unpaired episodes)",ppo,,results/e07/matrix/episodes.csv|aft|unseen_heading|SS4,results/e07/lambda/lam15/episodes.csv|aft|unseen_heading|SS4,0.0,0.0,0.0,False,1.0,1.0,nan,nan,200,200,5,0,,,,,,10000,20260926,0.95,"independent_cells: seeds per method, shared by its two cells; episodes resampled independently per cell, shared by both methods within a cell (P7-D1 §2; P7-D1a #4)",results/e07/matrix/episodes.csv;results/e07/lambda/lam15/episodes.csv,success = IQM over seeds of per-seed success rate; drop = cell 1 - cell 2
lambda/lam15.ppo.unseen_heading.SS5,descriptive (not scored),,drop,"ppo: success lambda 1/25 - 1/15, unseen_heading SS5 (P7-D1 §3; t0 re-drawn, unpaired episodes)",ppo,,results/e07/matrix/episodes.csv|aft|unseen_heading|SS5,results/e07/lambda/lam15/episodes.csv|aft|unseen_heading|SS5,0.0,0.0,0.0,False,1.0,1.0,nan,nan,200,200,5,0,,,,,,10000,20260926,0.95,"independent_cells: seeds per method, shared by its two cells; episodes resampled independently per cell, shared by both methods within a cell (P7-D1 §2; P7-D1a #4)",results/e07/matrix/episodes.csv;results/e07/lambda/lam15/episodes.csv,success = IQM over seeds of per-seed success rate; drop = cell 1 - cell 2
lambda/lam15.ppo.unseen_heading.SS6,descriptive (not scored),,drop,"ppo: success lambda 1/25 - 1/15, unseen_heading SS6 (P7-D1 §3; t0 re-drawn, unpaired episodes)",ppo,,results/e07/matrix/episodes.csv|aft|unseen_heading|SS6,results/e07/lambda/lam15/episodes.csv|aft|unseen_heading|SS6,0.040000000000000036,-0.023333333333333317,0.09666666666666668,False,0.9066666666666667,0.8666666666666667,nan,nan,200,200,5,0,,,,,,10000,20260926,0.95,"independent_cells: seeds per method, shared by its two cells; episodes resampled independently per cell, shared by both methods within a cell (P7-D1 §2; P7-D1a #4)",results/e07/matrix/episodes.csv;results/e07/lambda/lam15/episodes.csv,success = IQM over seeds of per-seed success rate; drop = cell 1 - cell 2
lambda/lam15.ppo.unseen_vessel.SS3,descriptive (not scored),,drop,"ppo: success lambda 1/25 - 1/15, unseen_vessel SS3 (P7-D1 §3; t0 re-drawn, unpaired episodes)",ppo,,results/e07/matrix/episodes.csv|aft|unseen_vessel|SS3,results/e07/lambda/lam15/episodes.csv|aft|unseen_vessel|SS3,0.0,0.0,0.0,False,1.0,1.0,nan,nan,200,200,5,0,,,,,,10000,20260926,0.95,"independent_cells: seeds per method, shared by its two cells; episodes resampled independently per cell, shared by both methods within a cell (P7-D1 §2; P7-D1a #4)",results/e07/matrix/episodes.csv;results/e07/lambda/lam15/episodes.csv,success = IQM over seeds of per-seed success rate; drop = cell 1 - cell 2
lambda/lam15.ppo.unseen_vessel.SS4,descriptive (not scored),,drop,"ppo: success lambda 1/25 - 1/15, unseen_vessel SS4 (P7-D1 §3; t0 re-drawn, unpaired episodes)",ppo,,results/e07/matrix/episodes.csv|aft|unseen_vessel|SS4,results/e07/lambda/lam15/episodes.csv|aft|unseen_vessel|SS4,0.0,0.0,0.0,False,1.0,1.0,nan,nan,200,200,5,0,,,,,,10000,20260926,0.95,"independent_cells: seeds per method, shared by its two cells; episodes resampled independently per cell, shared by both methods within a cell (P7-D1 §2; P7-D1a #4)",results/e07/matrix/episodes.csv;results/e07/lambda/lam15/episodes.csv,success = IQM over seeds of per-seed success rate; drop = cell 1 - cell 2
lambda/lam15.ppo.unseen_vessel.SS5,descriptive (not scored),,drop,"ppo: success lambda 1/25 - 1/15, unseen_vessel SS5 (P7-D1 §3; t0 re-drawn, unpaired episodes)",ppo,,results/e07/matrix/episodes.csv|aft|unseen_vessel|SS5,results/e07/lambda/lam15/episodes.csv|aft|unseen_vessel|SS5,0.0,-0.0050000000000000044,0.0,False,1.0,1.0,nan,nan,200,200,5,0,,,,,,10000,20260926,0.95,"independent_cells: seeds per method, shared by its two cells; episodes resampled independently per cell, shared by both methods within a cell (P7-D1 §2; P7-D1a #4)",results/e07/matrix/episodes.csv;results/e07/lambda/lam15/episodes.csv,success = IQM over seeds of per-seed success rate; drop = cell 1 - cell 2
lambda/lam15.ppo.unseen_vessel.SS6,descriptive (not scored),,drop,"ppo: success lambda 1/25 - 1/15, unseen_vessel SS6 (P7-D1 §3; t0 re-drawn, unpaired episodes)",ppo,,results/e07/matrix/episodes.csv|aft|unseen_vessel|SS6,results/e07/lambda/lam15/episodes.csv|aft|unseen_vessel|SS6,0.0050000000000000044,-0.013333333333333308,0.023333333333333317,False,0.9933333333333333,0.9883333333333333,nan,nan,200,200,5,0,,,,,,10000,20260926,0.95,"independent_cells: seeds per method, shared by its two cells; episodes resampled independently per cell, shared by both methods within a cell (P7-D1 §2; P7-D1a #4)",results/e07/matrix/episodes.csv;results/e07/lambda/lam15/episodes.csv,success = IQM over seeds of per-seed success rate; drop = cell 1 - cell 2
lambda/lam15.pid_track_descend.id.SS3,descriptive (not scored),,drop,"pid_track_descend: success lambda 1/25 - 1/15, id SS3 (P7-D1 §3; t0 re-drawn, unpaired episodes)",pid_track_descend,,results/e01/episodes.csv|aft|id|SS3,results/e07/lambda/lam15/episodes.csv|aft|id|SS3,0.010000000000000009,0.0,0.025000000000000022,False,1.0,0.99,nan,nan,200,200,1,0,,,,,,10000,20260926,0.95,"independent_cells: seeds per method, shared by its two cells; episodes resampled independently per cell, shared by both methods within a cell (P7-D1 §2; P7-D1a #4)",results/e01/episodes.csv;results/e07/lambda/lam15/episodes.csv,success = IQM over seeds of per-seed success rate; drop = cell 1 - cell 2
lambda/lam15.pid_track_descend.id.SS4,descriptive (not scored),,drop,"pid_track_descend: success lambda 1/25 - 1/15, id SS4 (P7-D1 §3; t0 re-drawn, unpaired episodes)",pid_track_descend,,results/e01/episodes.csv|aft|id|SS4,results/e07/lambda/lam15/episodes.csv|aft|id|SS4,0.04499999999999993,0.0,0.09499999999999997,False,0.96,0.915,nan,nan,200,200,1,0,,,,,,10000,20260926,0.95,"independent_cells: seeds per method, shared by its two cells; episodes resampled independently per cell, shared by both methods within a cell (P7-D1 §2; P7-D1a #4)",results/e01/episodes.csv;results/e07/lambda/lam15/episodes.csv,success = IQM over seeds of per-seed success rate; drop = cell 1 - cell 2
lambda/lam15.pid_track_descend.id.SS5,descriptive (not scored),,drop,"pid_track_descend: success lambda 1/25 - 1/15, id SS5 (P7-D1 §3; t0 re-drawn, unpaired episodes)",pid_track_descend,,results/e01/episodes.csv|aft|id|SS5,results/e07/lambda/lam15/episodes.csv|aft|id|SS5,0.07999999999999996,0.0050000000000000044,0.16000000000000003,True,0.85,0.77,nan,nan,200,200,1,0,,,,,,10000,20260926,0.95,"independent_cells: seeds per method, shared by its two cells; episodes resampled independently per cell, shared by both methods within a cell (P7-D1 §2; P7-D1a #4)",results/e01/episodes.csv;results/e07/lambda/lam15/episodes.csv,success = IQM over seeds of per-seed success rate; drop = cell 1 - cell 2
lambda/lam15.pid_track_descend.id.SS6,descriptive (not scored),,drop,"pid_track_descend: success lambda 1/25 - 1/15, id SS6 (P7-D1 §3; t0 re-drawn, unpaired episodes)",pid_track_descend,,results/e01/episodes.csv|aft|id|SS6,results/e07/lambda/lam15/episodes.csv|aft|id|SS6,0.07000000000000006,-0.015000000000000013,0.15000000000000002,False,0.8,0.73,nan,nan,200,200,1,0,,,,,,10000,20260926,0.95,"independent_cells: seeds per method, shared by its two cells; episodes resampled independently per cell, shared by both methods within a cell (P7-D1 §2; P7-D1a #4)",results/e01/episodes.csv;results/e07/lambda/lam15/episodes.csv,success = IQM over seeds of per-seed success rate; drop = cell 1 - cell 2
lambda/lam15.pid_track_descend.unseen_seastate.SS6,descriptive (not scored),,drop,"pid_track_descend: success lambda 1/25 - 1/15, unseen_seastate SS6 (P7-D1 §3; t0 re-drawn, unpaired episodes)",pid_track_descend,,results/e01/episodes.csv|aft|unseen_seastate|SS6,results/e07/lambda/lam15/episodes.csv|aft|unseen_seastate|SS6,0.07000000000000006,-0.010000000000000009,0.15000000000000002,False,0.81,0.74,nan,nan,200,200,1,0,,,,,,10000,20260926,0.95,"independent_cells: seeds per method, shared by its two cells; episodes resampled independently per cell, shared by both methods within a cell (P7-D1 §2; P7-D1a #4)",results/e01/episodes.csv;results/e07/lambda/lam15/episodes.csv,success = IQM over seeds of per-seed success rate; drop = cell 1 - cell 2
lambda/lam15.pid_track_descend.unseen_heading.SS3,descriptive (not scored),,drop,"pid_track_descend: success lambda 1/25 - 1/15, unseen_heading SS3 (P7-D1 §3; t0 re-drawn, unpaired episodes)",pid_track_descend,,results/e01/episodes.csv|aft|unseen_heading|SS3,results/e07/lambda/lam15/episodes.csv|aft|unseen_heading|SS3,0.0,0.0,0.0,False,1.0,1.0,nan,nan,200,200,1,0,,,,,,10000,20260926,0.95,"independent_cells: seeds per method, shared by its two cells; episodes resampled independently per cell, shared by both methods within a cell (P7-D1 §2; P7-D1a #4)",results/e01/episodes.csv;results/e07/lambda/lam15/episodes.csv,success = IQM over seeds of per-seed success rate; drop = cell 1 - cell 2
lambda/lam15.pid_track_descend.unseen_heading.SS4,descriptive (not scored),,drop,"pid_track_descend: success lambda 1/25 - 1/15, unseen_heading SS4 (P7-D1 §3; t0 re-drawn, unpaired episodes)",pid_track_descend,,results/e01/episodes.csv|aft|unseen_heading|SS4,results/e07/lambda/lam15/episodes.csv|aft|unseen_heading|SS4,0.0,0.0,0.0,False,1.0,1.0,nan,nan,200,200,1,0,,,,,,10000,20260926,0.95,"independent_cells: seeds per method, shared by its two cells; episodes resampled independently per cell, shared by both methods within a cell (P7-D1 §2; P7-D1a #4)",results/e01/episodes.csv;results/e07/lambda/lam15/episodes.csv,success = IQM over seeds of per-seed success rate; drop = cell 1 - cell 2
lambda/lam15.pid_track_descend.unseen_heading.SS5,descriptive (not scored),,drop,"pid_track_descend: success lambda 1/25 - 1/15, unseen_heading SS5 (P7-D1 §3; t0 re-drawn, unpaired episodes)",pid_track_descend,,results/e01/episodes.csv|aft|unseen_heading|SS5,results/e07/lambda/lam15/episodes.csv|aft|unseen_heading|SS5,0.020000000000000018,-0.015000000000000013,0.05500000000000005,False,0.975,0.955,nan,nan,200,200,1,0,,,,,,10000,20260926,0.95,"independent_cells: seeds per method, shared by its two cells; episodes resampled independently per cell, shared by both methods within a cell (P7-D1 §2; P7-D1a #4)",results/e01/episodes.csv;results/e07/lambda/lam15/episodes.csv,success = IQM over seeds of per-seed success rate; drop = cell 1 - cell 2
lambda/lam15.pid_track_descend.unseen_heading.SS6,descriptive (not scored),,drop,"pid_track_descend: success lambda 1/25 - 1/15, unseen_heading SS6 (P7-D1 §3; t0 re-drawn, unpaired episodes)",pid_track_descend,,results/e01/episodes.csv|aft|unseen_heading|SS6,results/e07/lambda/lam15/episodes.csv|aft|unseen_heading|SS6,0.039999999999999925,-0.04999999999999993,0.13,False,0.725,0.685,nan,nan,200,200,1,0,,,,,,10000,20260926,0.95,"independent_cells: seeds per method, shared by its two cells; episodes resampled independently per cell, shared by both methods within a cell (P7-D1 §2; P7-D1a #4)",results/e01/episodes.csv;results/e07/lambda/lam15/episodes.csv,success = IQM over seeds of per-seed success rate; drop = cell 1 - cell 2
lambda/lam15.pid_track_descend.unseen_vessel.SS3,descriptive (not scored),,drop,"pid_track_descend: success lambda 1/25 - 1/15, unseen_vessel SS3 (P7-D1 §3; t0 re-drawn, unpaired episodes)",pid_track_descend,,results/e01/episodes.csv|aft|unseen_vessel|SS3,results/e07/lambda/lam15/episodes.csv|aft|unseen_vessel|SS3,0.0,0.0,0.0,False,1.0,1.0,nan,nan,200,200,1,0,,,,,,10000,20260926,0.95,"independent_cells: seeds per method, shared by its two cells; episodes resampled independently per cell, shared by both methods within a cell (P7-D1 §2; P7-D1a #4)",results/e01/episodes.csv;results/e07/lambda/lam15/episodes.csv,success = IQM over seeds of per-seed success rate; drop = cell 1 - cell 2
lambda/lam15.pid_track_descend.unseen_vessel.SS4,descriptive (not scored),,drop,"pid_track_descend: success lambda 1/25 - 1/15, unseen_vessel SS4 (P7-D1 §3; t0 re-drawn, unpaired episodes)",pid_track_descend,,results/e01/episodes.csv|aft|unseen_vessel|SS4,results/e07/lambda/lam15/episodes.csv|aft|unseen_vessel|SS4,0.04499999999999993,0.0050000000000000044,0.08512499999999815,True,0.975,0.93,nan,nan,200,200,1,0,,,,,,10000,20260926,0.95,"independent_cells: seeds per method, shared by its two cells; episodes resampled independently per cell, shared by both methods within a cell (P7-D1 §2; P7-D1a #4)",results/e01/episodes.csv;results/e07/lambda/lam15/episodes.csv,success = IQM over seeds of per-seed success rate; drop = cell 1 - cell 2
lambda/lam15.pid_track_descend.unseen_vessel.SS5,descriptive (not scored),,drop,"pid_track_descend: success lambda 1/25 - 1/15, unseen_vessel SS5 (P7-D1 §3; t0 re-drawn, unpaired episodes)",pid_track_descend,,results/e01/episodes.csv|aft|unseen_vessel|SS5,results/e07/lambda/lam15/episodes.csv|aft|unseen_vessel|SS5,0.08500000000000008,0.015000000000000013,0.1501249999999982,True,0.9,0.815,nan,nan,200,200,1,0,,,,,,10000,20260926,0.95,"independent_cells: seeds per method, shared by its two cells; episodes resampled independently per cell, shared by both methods within a cell (P7-D1 §2; P7-D1a #4)",results/e01/episodes.csv;results/e07/lambda/lam15/episodes.csv,success = IQM over seeds of per-seed success rate; drop = cell 1 - cell 2
lambda/lam15.pid_track_descend.unseen_vessel.SS6,descriptive (not scored),,drop,"pid_track_descend: success lambda 1/25 - 1/15, unseen_vessel SS6 (P7-D1 §3; t0 re-drawn, unpaired episodes)",pid_track_descend,,results/e01/episodes.csv|aft|unseen_vessel|SS6,results/e07/lambda/lam15/episodes.csv|aft|unseen_vessel|SS6,0.06999999999999995,-0.010000000000000009,0.15000000000000002,False,0.815,0.745,nan,nan,200,200,1,0,,,,,,10000,20260926,0.95,"independent_cells: seeds per method, shared by its two cells; episodes resampled independently per cell, shared by both methods within a cell (P7-D1 §2; P7-D1a #4)",results/e01/episodes.csv;results/e07/lambda/lam15/episodes.csv,success = IQM over seeds of per-seed success rate; drop = cell 1 - cell 2
lambda/lam15.pid_feedforward.id.SS3,descriptive (not scored),,drop,"pid_feedforward: success lambda 1/25 - 1/15, id SS3 (P7-D1 §3; t0 re-drawn, unpaired episodes)",pid_feedforward,,results/e01/episodes.csv|aft|id|SS3,results/e07/lambda/lam15/episodes.csv|aft|id|SS3,0.0,0.0,0.0,False,1.0,1.0,nan,nan,200,200,1,0,,,,,,10000,20260926,0.95,"independent_cells: seeds per method, shared by its two cells; episodes resampled independently per cell, shared by both methods within a cell (P7-D1 §2; P7-D1a #4)",results/e01/episodes.csv;results/e07/lambda/lam15/episodes.csv,success = IQM over seeds of per-seed success rate; drop = cell 1 - cell 2
lambda/lam15.pid_feedforward.id.SS4,descriptive (not scored),,drop,"pid_feedforward: success lambda 1/25 - 1/15, id SS4 (P7-D1 §3; t0 re-drawn, unpaired episodes)",pid_feedforward,,results/e01/episodes.csv|aft|id|SS4,results/e07/lambda/lam15/episodes.csv|aft|id|SS4,0.0,0.0,0.0,False,1.0,1.0,nan,nan,200,200,1,0,,,,,,10000,20260926,0.95,"independent_cells: seeds per method, shared by its two cells; episodes resampled independently per cell, shared by both methods within a cell (P7-D1 §2; P7-D1a #4)",results/e01/episodes.csv;results/e07/lambda/lam15/episodes.csv,success = IQM over seeds of per-seed success rate; drop = cell 1 - cell 2
lambda/lam15.pid_feedforward.id.SS5,descriptive (not scored),,drop,"pid_feedforward: success lambda 1/25 - 1/15, id SS5 (P7-D1 §3; t0 re-drawn, unpaired episodes)",pid_feedforward,,results/e01/episodes.csv|aft|id|SS5,results/e07/lambda/lam15/episodes.csv|aft|id|SS5,0.0050000000000000044,-0.015000000000000013,0.025000000000000022,False,0.99,0.985,nan,nan,200,200,1,0,,,,,,10000,20260926,0.95,"independent_cells: seeds per method, shared by its two cells; episodes resampled independently per cell, shared by both methods within a cell (P7-D1 §2; P7-D1a #4)",results/e01/episodes.csv;results/e07/lambda/lam15/episodes.csv,success = IQM over seeds of per-seed success rate; drop = cell 1 - cell 2
lambda/lam15.pid_feedforward.id.SS6,descriptive (not scored),,drop,"pid_feedforward: success lambda 1/25 - 1/15, id SS6 (P7-D1 §3; t0 re-drawn, unpaired episodes)",pid_feedforward,,results/e01/episodes.csv|aft|id|SS6,results/e07/lambda/lam15/episodes.csv|aft|id|SS6,0.015000000000000013,-0.04500000000000004,0.07500000000000007,False,0.905,0.89,nan,nan,200,200,1,0,,,,,,10000,20260926,0.95,"independent_cells: seeds per method, shared by its two cells; episodes resampled independently per cell, shared by both methods within a cell (P7-D1 §2; P7-D1a #4)",results/e01/episodes.csv;results/e07/lambda/lam15/episodes.csv,success = IQM over seeds of per-seed success rate; drop = cell 1 - cell 2
lambda/lam15.pid_feedforward.unseen_seastate.SS6,descriptive (not scored),,drop,"pid_feedforward: success lambda 1/25 - 1/15, unseen_seastate SS6 (P7-D1 §3; t0 re-drawn, unpaired episodes)",pid_feedforward,,results/e01/episodes.csv|aft|unseen_seastate|SS6,results/e07/lambda/lam15/episodes.csv|aft|unseen_seastate|SS6,-0.0050000000000000044,-0.06499999999999995,0.05499999999999994,False,0.9,0.905,nan,nan,200,200,1,0,,,,,,10000,20260926,0.95,"independent_cells: seeds per method, shared by its two cells; episodes resampled independently per cell, shared by both methods within a cell (P7-D1 §2; P7-D1a #4)",results/e01/episodes.csv;results/e07/lambda/lam15/episodes.csv,success = IQM over seeds of per-seed success rate; drop = cell 1 - cell 2
lambda/lam15.pid_feedforward.unseen_heading.SS3,descriptive (not scored),,drop,"pid_feedforward: success lambda 1/25 - 1/15, unseen_heading SS3 (P7-D1 §3; t0 re-drawn, unpaired episodes)",pid_feedforward,,results/e01/episodes.csv|aft|unseen_heading|SS3,results/e07/lambda/lam15/episodes.csv|aft|unseen_heading|SS3,0.0,0.0,0.0,False,1.0,1.0,nan,nan,200,200,1,0,,,,,,10000,20260926,0.95,"independent_cells: seeds per method, shared by its two cells; episodes resampled independently per cell, shared by both methods within a cell (P7-D1 §2; P7-D1a #4)",results/e01/episodes.csv;results/e07/lambda/lam15/episodes.csv,success = IQM over seeds of per-seed success rate; drop = cell 1 - cell 2
lambda/lam15.pid_feedforward.unseen_heading.SS4,descriptive (not scored),,drop,"pid_feedforward: success lambda 1/25 - 1/15, unseen_heading SS4 (P7-D1 §3; t0 re-drawn, unpaired episodes)",pid_feedforward,,results/e01/episodes.csv|aft|unseen_heading|SS4,results/e07/lambda/lam15/episodes.csv|aft|unseen_heading|SS4,0.0,0.0,0.0,False,1.0,1.0,nan,nan,200,200,1,0,,,,,,10000,20260926,0.95,"independent_cells: seeds per method, shared by its two cells; episodes resampled independently per cell, shared by both methods within a cell (P7-D1 §2; P7-D1a #4)",results/e01/episodes.csv;results/e07/lambda/lam15/episodes.csv,success = IQM over seeds of per-seed success rate; drop = cell 1 - cell 2
lambda/lam15.pid_feedforward.unseen_heading.SS5,descriptive (not scored),,drop,"pid_feedforward: success lambda 1/25 - 1/15, unseen_heading SS5 (P7-D1 §3; t0 re-drawn, unpaired episodes)",pid_feedforward,,results/e01/episodes.csv|aft|unseen_heading|SS5,results/e07/lambda/lam15/episodes.csv|aft|unseen_heading|SS5,0.0,-0.015000000000000013,0.015000000000000013,False,0.995,0.995,nan,nan,200,200,1,0,,,,,,10000,20260926,0.95,"independent_cells: seeds per method, shared by its two cells; episodes resampled independently per cell, shared by both methods within a cell (P7-D1 §2; P7-D1a #4)",results/e01/episodes.csv;results/e07/lambda/lam15/episodes.csv,success = IQM over seeds of per-seed success rate; drop = cell 1 - cell 2
lambda/lam15.pid_feedforward.unseen_heading.SS6,descriptive (not scored),,drop,"pid_feedforward: success lambda 1/25 - 1/15, unseen_heading SS6 (P7-D1 §3; t0 re-drawn, unpaired episodes)",pid_feedforward,,results/e01/episodes.csv|aft|unseen_heading|SS6,results/e07/lambda/lam15/episodes.csv|aft|unseen_heading|SS6,0.050000000000000044,-0.03500000000000003,0.135,False,0.77,0.72,nan,nan,200,200,1,0,,,,,,10000,20260926,0.95,"independent_cells: seeds per method, shared by its two cells; episodes resampled independently per cell, shared by both methods within a cell (P7-D1 §2; P7-D1a #4)",results/e01/episodes.csv;results/e07/lambda/lam15/episodes.csv,success = IQM over seeds of per-seed success rate; drop = cell 1 - cell 2
lambda/lam15.pid_feedforward.unseen_vessel.SS3,descriptive (not scored),,drop,"pid_feedforward: success lambda 1/25 - 1/15, unseen_vessel SS3 (P7-D1 §3; t0 re-drawn, unpaired episodes)",pid_feedforward,,results/e01/episodes.csv|aft|unseen_vessel|SS3,results/e07/lambda/lam15/episodes.csv|aft|unseen_vessel|SS3,0.0,0.0,0.0,False,1.0,1.0,nan,nan,200,200,1,0,,,,,,10000,20260926,0.95,"independent_cells: seeds per method, shared by its two cells; episodes resampled independently per cell, shared by both methods within a cell (P7-D1 §2; P7-D1a #4)",results/e01/episodes.csv;results/e07/lambda/lam15/episodes.csv,success = IQM over seeds of per-seed success rate; drop = cell 1 - cell 2
lambda/lam15.pid_feedforward.unseen_vessel.SS4,descriptive (not scored),,drop,"pid_feedforward: success lambda 1/25 - 1/15, unseen_vessel SS4 (P7-D1 §3; t0 re-drawn, unpaired episodes)",pid_feedforward,,results/e01/episodes.csv|aft|unseen_vessel|SS4,results/e07/lambda/lam15/episodes.csv|aft|unseen_vessel|SS4,0.0,0.0,0.0,False,1.0,1.0,nan,nan,200,200,1,0,,,,,,10000,20260926,0.95,"independent_cells: seeds per method, shared by its two cells; episodes resampled independently per cell, shared by both methods within a cell (P7-D1 §2; P7-D1a #4)",results/e01/episodes.csv;results/e07/lambda/lam15/episodes.csv,success = IQM over seeds of per-seed success rate; drop = cell 1 - cell 2
lambda/lam15.pid_feedforward.unseen_vessel.SS5,descriptive (not scored),,drop,"pid_feedforward: success lambda 1/25 - 1/15, unseen_vessel SS5 (P7-D1 §3; t0 re-drawn, unpaired episodes)",pid_feedforward,,results/e01/episodes.csv|aft|unseen_vessel|SS5,results/e07/lambda/lam15/episodes.csv|aft|unseen_vessel|SS5,-0.0050000000000000044,-0.015000000000000013,0.0,False,0.995,1.0,nan,nan,200,200,1,0,,,,,,10000,20260926,0.95,"independent_cells: seeds per method, shared by its two cells; episodes resampled independently per cell, shared by both methods within a cell (P7-D1 §2; P7-D1a #4)",results/e01/episodes.csv;results/e07/lambda/lam15/episodes.csv,success = IQM over seeds of per-seed success rate; drop = cell 1 - cell 2
lambda/lam15.pid_feedforward.unseen_vessel.SS6,descriptive (not scored),,drop,"pid_feedforward: success lambda 1/25 - 1/15, unseen_vessel SS6 (P7-D1 §3; t0 re-drawn, unpaired episodes)",pid_feedforward,,results/e01/episodes.csv|aft|unseen_vessel|SS6,results/e07/lambda/lam15/episodes.csv|aft|unseen_vessel|SS6,0.020000000000000018,-0.010000000000000009,0.050000000000000044,False,0.985,0.965,nan,nan,200,200,1,0,,,,,,10000,20260926,0.95,"independent_cells: seeds per method, shared by its two cells; episodes resampled independently per cell, shared by both methods within a cell (P7-D1 §2; P7-D1a #4)",results/e01/episodes.csv;results/e07/lambda/lam15/episodes.csv,success = IQM over seeds of per-seed success rate; drop = cell 1 - cell 2
lambda/lam15.oracle_gated.id.SS3,descriptive (not scored),,drop,"oracle_gated: success lambda 1/25 - 1/15, id SS3 (P7-D1 §3; t0 re-drawn, unpaired episodes)",oracle_gated,,results/e01/episodes.csv|aft|id|SS3,results/e07/lambda/lam15/episodes.csv|aft|id|SS3,0.0,0.0,0.0,False,1.0,1.0,nan,nan,200,200,1,0,,,,,,10000,20260926,0.95,"independent_cells: seeds per method, shared by its two cells; episodes resampled independently per cell, shared by both methods within a cell (P7-D1 §2; P7-D1a #4)",results/e01/episodes.csv;results/e07/lambda/lam15/episodes.csv,success = IQM over seeds of per-seed success rate; drop = cell 1 - cell 2
lambda/lam15.oracle_gated.id.SS4,descriptive (not scored),,drop,"oracle_gated: success lambda 1/25 - 1/15, id SS4 (P7-D1 §3; t0 re-drawn, unpaired episodes)",oracle_gated,,results/e01/episodes.csv|aft|id|SS4,results/e07/lambda/lam15/episodes.csv|aft|id|SS4,0.020000000000000018,-0.010000000000000009,0.050000000000000044,False,0.985,0.965,nan,nan,200,200,1,0,,,,,,10000,20260926,0.95,"independent_cells: seeds per method, shared by its two cells; episodes resampled independently per cell, shared by both methods within a cell (P7-D1 §2; P7-D1a #4)",results/e01/episodes.csv;results/e07/lambda/lam15/episodes.csv,success = IQM over seeds of per-seed success rate; drop = cell 1 - cell 2
lambda/lam15.oracle_gated.id.SS5,descriptive (not scored),,drop,"oracle_gated: success lambda 1/25 - 1/15, id SS5 (P7-D1 §3; t0 re-drawn, unpaired episodes)",oracle_gated,,results/e01/episodes.csv|aft|id|SS5,results/e07/lambda/lam15/episodes.csv|aft|id|SS5,0.05500000000000005,-0.010000000000000009,0.12,False,0.89,0.835,nan,nan,200,200,1,0,,,,,,10000,20260926,0.95,"independent_cells: seeds per method, shared by its two cells; episodes resampled independently per cell, shared by both methods within a cell (P7-D1 §2; P7-D1a #4)",results/e01/episodes.csv;results/e07/lambda/lam15/episodes.csv,success = IQM over seeds of per-seed success rate; drop = cell 1 - cell 2
lambda/lam15.oracle_gated.id.SS6,descriptive (not scored),,drop,"oracle_gated: success lambda 1/25 - 1/15, id SS6 (P7-D1 §3; t0 re-drawn, unpaired episodes)",oracle_gated,,results/e01/episodes.csv|aft|id|SS6,results/e07/lambda/lam15/episodes.csv|aft|id|SS6,0.08000000000000007,-0.015000000000000013,0.17499999999999993,False,0.645,0.565,nan,nan,200,200,1,0,,,,,,10000,20260926,0.95,"independent_cells: seeds per method, shared by its two cells; episodes resampled independently per cell, shared by both methods within a cell (P7-D1 §2; P7-D1a #4)",results/e01/episodes.csv;results/e07/lambda/lam15/episodes.csv,success = IQM over seeds of per-seed success rate; drop = cell 1 - cell 2
lambda/lam15.oracle_gated.unseen_seastate.SS6,descriptive (not scored),,drop,"oracle_gated: success lambda 1/25 - 1/15, unseen_seastate SS6 (P7-D1 §3; t0 re-drawn, unpaired episodes)",oracle_gated,,results/e01/episodes.csv|aft|unseen_seastate|SS6,results/e07/lambda/lam15/episodes.csv|aft|unseen_seastate|SS6,0.04500000000000004,-0.050000000000000044,0.14,False,0.65,0.605,nan,nan,200,200,1,0,,,,,,10000,20260926,0.95,"independent_cells: seeds per method, shared by its two cells; episodes resampled independently per cell, shared by both methods within a cell (P7-D1 §2; P7-D1a #4)",results/e01/episodes.csv;results/e07/lambda/lam15/episodes.csv,success = IQM over seeds of per-seed success rate; drop = cell 1 - cell 2
lambda/lam15.oracle_gated.unseen_heading.SS3,descriptive (not scored),,drop,"oracle_gated: success lambda 1/25 - 1/15, unseen_heading SS3 (P7-D1 §3; t0 re-drawn, unpaired episodes)",oracle_gated,,results/e01/episodes.csv|aft|unseen_heading|SS3,results/e07/lambda/lam15/episodes.csv|aft|unseen_heading|SS3,0.0,0.0,0.0,False,1.0,1.0,nan,nan,200,200,1,0,,,,,,10000,20260926,0.95,"independent_cells: seeds per method, shared by its two cells; episodes resampled independently per cell, shared by both methods within a cell (P7-D1 §2; P7-D1a #4)",results/e01/episodes.csv;results/e07/lambda/lam15/episodes.csv,success = IQM over seeds of per-seed success rate; drop = cell 1 - cell 2
lambda/lam15.oracle_gated.unseen_heading.SS4,descriptive (not scored),,drop,"oracle_gated: success lambda 1/25 - 1/15, unseen_heading SS4 (P7-D1 §3; t0 re-drawn, unpaired episodes)",oracle_gated,,results/e01/episodes.csv|aft|unseen_heading|SS4,results/e07/lambda/lam15/episodes.csv|aft|unseen_heading|SS4,0.0,0.0,0.0,False,1.0,1.0,nan,nan,200,200,1,0,,,,,,10000,20260926,0.95,"independent_cells: seeds per method, shared by its two cells; episodes resampled independently per cell, shared by both methods within a cell (P7-D1 §2; P7-D1a #4)",results/e01/episodes.csv;results/e07/lambda/lam15/episodes.csv,success = IQM over seeds of per-seed success rate; drop = cell 1 - cell 2
lambda/lam15.oracle_gated.unseen_heading.SS5,descriptive (not scored),,drop,"oracle_gated: success lambda 1/25 - 1/15, unseen_heading SS5 (P7-D1 §3; t0 re-drawn, unpaired episodes)",oracle_gated,,results/e01/episodes.csv|aft|unseen_heading|SS5,results/e07/lambda/lam15/episodes.csv|aft|unseen_heading|SS5,0.040000000000000036,0.010000000000000009,0.06999999999999995,True,0.995,0.955,nan,nan,200,200,1,0,,,,,,10000,20260926,0.95,"independent_cells: seeds per method, shared by its two cells; episodes resampled independently per cell, shared by both methods within a cell (P7-D1 §2; P7-D1a #4)",results/e01/episodes.csv;results/e07/lambda/lam15/episodes.csv,success = IQM over seeds of per-seed success rate; drop = cell 1 - cell 2
lambda/lam15.oracle_gated.unseen_heading.SS6,descriptive (not scored),,drop,"oracle_gated: success lambda 1/25 - 1/15, unseen_heading SS6 (P7-D1 §3; t0 re-drawn, unpaired episodes)",oracle_gated,,results/e01/episodes.csv|aft|unseen_heading|SS6,results/e07/lambda/lam15/episodes.csv|aft|unseen_heading|SS6,0.08500000000000002,-0.010000000000000009,0.18,False,0.465,0.38,nan,nan,200,200,1,0,,,,,,10000,20260926,0.95,"independent_cells: seeds per method, shared by its two cells; episodes resampled independently per cell, shared by both methods within a cell (P7-D1 §2; P7-D1a #4)",results/e01/episodes.csv;results/e07/lambda/lam15/episodes.csv,success = IQM over seeds of per-seed success rate; drop = cell 1 - cell 2
lambda/lam15.oracle_gated.unseen_vessel.SS3,descriptive (not scored),,drop,"oracle_gated: success lambda 1/25 - 1/15, unseen_vessel SS3 (P7-D1 §3; t0 re-drawn, unpaired episodes)",oracle_gated,,results/e01/episodes.csv|aft|unseen_vessel|SS3,results/e07/lambda/lam15/episodes.csv|aft|unseen_vessel|SS3,0.0,0.0,0.0,False,1.0,1.0,nan,nan,200,200,1,0,,,,,,10000,20260926,0.95,"independent_cells: seeds per method, shared by its two cells; episodes resampled independently per cell, shared by both methods within a cell (P7-D1 §2; P7-D1a #4)",results/e01/episodes.csv;results/e07/lambda/lam15/episodes.csv,success = IQM over seeds of per-seed success rate; drop = cell 1 - cell 2
lambda/lam15.oracle_gated.unseen_vessel.SS4,descriptive (not scored),,drop,"oracle_gated: success lambda 1/25 - 1/15, unseen_vessel SS4 (P7-D1 §3; t0 re-drawn, unpaired episodes)",oracle_gated,,results/e01/episodes.csv|aft|unseen_vessel|SS4,results/e07/lambda/lam15/episodes.csv|aft|unseen_vessel|SS4,0.0,0.0,0.0,False,1.0,1.0,nan,nan,200,200,1,0,,,,,,10000,20260926,0.95,"independent_cells: seeds per method, shared by its two cells; episodes resampled independently per cell, shared by both methods within a cell (P7-D1 §2; P7-D1a #4)",results/e01/episodes.csv;results/e07/lambda/lam15/episodes.csv,success = IQM over seeds of per-seed success rate; drop = cell 1 - cell 2
lambda/lam15.oracle_gated.unseen_vessel.SS5,descriptive (not scored),,drop,"oracle_gated: success lambda 1/25 - 1/15, unseen_vessel SS5 (P7-D1 §3; t0 re-drawn, unpaired episodes)",oracle_gated,,results/e01/episodes.csv|aft|unseen_vessel|SS5,results/e07/lambda/lam15/episodes.csv|aft|unseen_vessel|SS5,0.02499999999999991,-0.020000000000000018,0.06999999999999995,False,0.95,0.925,nan,nan,200,200,1,0,,,,,,10000,20260926,0.95,"independent_cells: seeds per method, shared by its two cells; episodes resampled independently per cell, shared by both methods within a cell (P7-D1 §2; P7-D1a #4)",results/e01/episodes.csv;results/e07/lambda/lam15/episodes.csv,success = IQM over seeds of per-seed success rate; drop = cell 1 - cell 2
lambda/lam15.oracle_gated.unseen_vessel.SS6,descriptive (not scored),,drop,"oracle_gated: success lambda 1/25 - 1/15, unseen_vessel SS6 (P7-D1 §3; t0 re-drawn, unpaired episodes)",oracle_gated,,results/e01/episodes.csv|aft|unseen_vessel|SS6,results/e07/lambda/lam15/episodes.csv|aft|unseen_vessel|SS6,0.07500000000000007,0.0050000000000000044,0.14500000000000002,True,0.89,0.815,nan,nan,200,200,1,0,,,,,,10000,20260926,0.95,"independent_cells: seeds per method, shared by its two cells; episodes resampled independently per cell, shared by both methods within a cell (P7-D1 §2; P7-D1a #4)",results/e01/episodes.csv;results/e07/lambda/lam15/episodes.csv,success = IQM over seeds of per-seed success rate; drop = cell 1 - cell 2
lambda/lam40.ppo.id.SS3,descriptive (not scored),,drop,"ppo: success lambda 1/25 - 1/40, id SS3 (P7-D1 §3; t0 re-drawn, unpaired episodes)",ppo,,results/e07/matrix/episodes.csv|aft|id|SS3,results/e07/lambda/lam40/episodes.csv|aft|id|SS3,0.0,0.0,0.0,False,1.0,1.0,nan,nan,200,200,5,0,,,,,,10000,20260926,0.95,"independent_cells: seeds per method, shared by its two cells; episodes resampled independently per cell, shared by both methods within a cell (P7-D1 §2; P7-D1a #4)",results/e07/matrix/episodes.csv;results/e07/lambda/lam40/episodes.csv,success = IQM over seeds of per-seed success rate; drop = cell 1 - cell 2
lambda/lam40.ppo.id.SS4,descriptive (not scored),,drop,"ppo: success lambda 1/25 - 1/40, id SS4 (P7-D1 §3; t0 re-drawn, unpaired episodes)",ppo,,results/e07/matrix/episodes.csv|aft|id|SS4,results/e07/lambda/lam40/episodes.csv|aft|id|SS4,0.0,0.0,0.0,False,1.0,1.0,nan,nan,200,200,5,0,,,,,,10000,20260926,0.95,"independent_cells: seeds per method, shared by its two cells; episodes resampled independently per cell, shared by both methods within a cell (P7-D1 §2; P7-D1a #4)",results/e07/matrix/episodes.csv;results/e07/lambda/lam40/episodes.csv,success = IQM over seeds of per-seed success rate; drop = cell 1 - cell 2
lambda/lam40.ppo.id.SS5,descriptive (not scored),,drop,"ppo: success lambda 1/25 - 1/40, id SS5 (P7-D1 §3; t0 re-drawn, unpaired episodes)",ppo,,results/e07/matrix/episodes.csv|aft|id|SS5,results/e07/lambda/lam40/episodes.csv|aft|id|SS5,0.0,0.0,0.0,False,1.0,1.0,nan,nan,200,200,5,0,,,,,,10000,20260926,0.95,"independent_cells: seeds per method, shared by its two cells; episodes resampled independently per cell, shared by both methods within a cell (P7-D1 §2; P7-D1a #4)",results/e07/matrix/episodes.csv;results/e07/lambda/lam40/episodes.csv,success = IQM over seeds of per-seed success rate; drop = cell 1 - cell 2
lambda/lam40.ppo.id.SS6,descriptive (not scored),,drop,"ppo: success lambda 1/25 - 1/40, id SS6 (P7-D1 §3; t0 re-drawn, unpaired episodes)",ppo,,results/e07/matrix/episodes.csv|aft|id|SS6,results/e07/lambda/lam40/episodes.csv|aft|id|SS6,0.0016666666666665941,-0.019999999999999796,0.02833333333333332,False,0.9816666666666666,0.98,nan,nan,200,200,5,0,,,,,,10000,20260926,0.95,"independent_cells: seeds per method, shared by its two cells; episodes resampled independently per cell, shared by both methods within a cell (P7-D1 §2; P7-D1a #4)",results/e07/matrix/episodes.csv;results/e07/lambda/lam40/episodes.csv,success = IQM over seeds of per-seed success rate; drop = cell 1 - cell 2
lambda/lam40.ppo.unseen_seastate.SS6,descriptive (not scored),,drop,"ppo: success lambda 1/25 - 1/40, unseen_seastate SS6 (P7-D1 §3; t0 re-drawn, unpaired episodes)",ppo,,results/e07/matrix/episodes.csv|aft|unseen_seastate|SS6,results/e07/lambda/lam40/episodes.csv|aft|unseen_seastate|SS6,0.004999999999999893,-0.025000000000000133,0.03166666666666673,False,0.9733333333333333,0.9683333333333334,nan,nan,200,200,5,0,,,,,,10000,20260926,0.95,"independent_cells: seeds per method, shared by its two cells; episodes resampled independently per cell, shared by both methods within a cell (P7-D1 §2; P7-D1a #4)",results/e07/matrix/episodes.csv;results/e07/lambda/lam40/episodes.csv,success = IQM over seeds of per-seed success rate; drop = cell 1 - cell 2
lambda/lam40.ppo.unseen_heading.SS3,descriptive (not scored),,drop,"ppo: success lambda 1/25 - 1/40, unseen_heading SS3 (P7-D1 §3; t0 re-drawn, unpaired episodes)",ppo,,results/e07/matrix/episodes.csv|aft|unseen_heading|SS3,results/e07/lambda/lam40/episodes.csv|aft|unseen_heading|SS3,0.0,0.0,0.0,False,1.0,1.0,nan,nan,200,200,5,0,,,,,,10000,20260926,0.95,"independent_cells: seeds per method, shared by its two cells; episodes resampled independently per cell, shared by both methods within a cell (P7-D1 §2; P7-D1a #4)",results/e07/matrix/episodes.csv;results/e07/lambda/lam40/episodes.csv,success = IQM over seeds of per-seed success rate; drop = cell 1 - cell 2
lambda/lam40.ppo.unseen_heading.SS4,descriptive (not scored),,drop,"ppo: success lambda 1/25 - 1/40, unseen_heading SS4 (P7-D1 §3; t0 re-drawn, unpaired episodes)",ppo,,results/e07/matrix/episodes.csv|aft|unseen_heading|SS4,results/e07/lambda/lam40/episodes.csv|aft|unseen_heading|SS4,0.0,0.0,0.0,False,1.0,1.0,nan,nan,200,200,5,0,,,,,,10000,20260926,0.95,"independent_cells: seeds per method, shared by its two cells; episodes resampled independently per cell, shared by both methods within a cell (P7-D1 §2; P7-D1a #4)",results/e07/matrix/episodes.csv;results/e07/lambda/lam40/episodes.csv,success = IQM over seeds of per-seed success rate; drop = cell 1 - cell 2
lambda/lam40.ppo.unseen_heading.SS5,descriptive (not scored),,drop,"ppo: success lambda 1/25 - 1/40, unseen_heading SS5 (P7-D1 §3; t0 re-drawn, unpaired episodes)",ppo,,results/e07/matrix/episodes.csv|aft|unseen_heading|SS5,results/e07/lambda/lam40/episodes.csv|aft|unseen_heading|SS5,0.0,0.0,0.0050000000000000044,False,1.0,1.0,nan,nan,200,200,5,0,,,,,,10000,20260926,0.95,"independent_cells: seeds per method, shared by its two cells; episodes resampled independently per cell, shared by both methods within a cell (P7-D1 §2; P7-D1a #4)",results/e07/matrix/episodes.csv;results/e07/lambda/lam40/episodes.csv,success = IQM over seeds of per-seed success rate; drop = cell 1 - cell 2
lambda/lam40.ppo.unseen_heading.SS6,descriptive (not scored),,drop,"ppo: success lambda 1/25 - 1/40, unseen_heading SS6 (P7-D1 §3; t0 re-drawn, unpaired episodes)",ppo,,results/e07/matrix/episodes.csv|aft|unseen_heading|SS6,results/e07/lambda/lam40/episodes.csv|aft|unseen_heading|SS6,-0.021666666666666612,-0.08000000000000007,0.020000000000000018,False,0.9066666666666667,0.9283333333333333,nan,nan,200,200,5,0,,,,,,10000,20260926,0.95,"independent_cells: seeds per method, shared by its two cells; episodes resampled independently per cell, shared by both methods within a cell (P7-D1 §2; P7-D1a #4)",results/e07/matrix/episodes.csv;results/e07/lambda/lam40/episodes.csv,success = IQM over seeds of per-seed success rate; drop = cell 1 - cell 2
lambda/lam40.ppo.unseen_vessel.SS3,descriptive (not scored),,drop,"ppo: success lambda 1/25 - 1/40, unseen_vessel SS3 (P7-D1 §3; t0 re-drawn, unpaired episodes)",ppo,,results/e07/matrix/episodes.csv|aft|unseen_vessel|SS3,results/e07/lambda/lam40/episodes.csv|aft|unseen_vessel|SS3,0.0,0.0,0.0,False,1.0,1.0,nan,nan,200,200,5,0,,,,,,10000,20260926,0.95,"independent_cells: seeds per method, shared by its two cells; episodes resampled independently per cell, shared by both methods within a cell (P7-D1 §2; P7-D1a #4)",results/e07/matrix/episodes.csv;results/e07/lambda/lam40/episodes.csv,success = IQM over seeds of per-seed success rate; drop = cell 1 - cell 2
lambda/lam40.ppo.unseen_vessel.SS4,descriptive (not scored),,drop,"ppo: success lambda 1/25 - 1/40, unseen_vessel SS4 (P7-D1 §3; t0 re-drawn, unpaired episodes)",ppo,,results/e07/matrix/episodes.csv|aft|unseen_vessel|SS4,results/e07/lambda/lam40/episodes.csv|aft|unseen_vessel|SS4,0.0,0.0,0.0,False,1.0,1.0,nan,nan,200,200,5,0,,,,,,10000,20260926,0.95,"independent_cells: seeds per method, shared by its two cells; episodes resampled independently per cell, shared by both methods within a cell (P7-D1 §2; P7-D1a #4)",results/e07/matrix/episodes.csv;results/e07/lambda/lam40/episodes.csv,success = IQM over seeds of per-seed success rate; drop = cell 1 - cell 2
lambda/lam40.ppo.unseen_vessel.SS5,descriptive (not scored),,drop,"ppo: success lambda 1/25 - 1/40, unseen_vessel SS5 (P7-D1 §3; t0 re-drawn, unpaired episodes)",ppo,,results/e07/matrix/episodes.csv|aft|unseen_vessel|SS5,results/e07/lambda/lam40/episodes.csv|aft|unseen_vessel|SS5,0.0,-0.0050000000000000044,0.0,False,1.0,1.0,nan,nan,200,200,5,0,,,,,,10000,20260926,0.95,"independent_cells: seeds per method, shared by its two cells; episodes resampled independently per cell, shared by both methods within a cell (P7-D1 §2; P7-D1a #4)",results/e07/matrix/episodes.csv;results/e07/lambda/lam40/episodes.csv,success = IQM over seeds of per-seed success rate; drop = cell 1 - cell 2
lambda/lam40.ppo.unseen_vessel.SS6,descriptive (not scored),,drop,"ppo: success lambda 1/25 - 1/40, unseen_vessel SS6 (P7-D1 §3; t0 re-drawn, unpaired episodes)",ppo,,results/e07/matrix/episodes.csv|aft|unseen_vessel|SS6,results/e07/lambda/lam40/episodes.csv|aft|unseen_vessel|SS6,-0.0050000000000001155,-0.020000000000000018,0.0033333333333334103,False,0.9933333333333333,0.9983333333333334,nan,nan,200,200,5,0,,,,,,10000,20260926,0.95,"independent_cells: seeds per method, shared by its two cells; episodes resampled independently per cell, shared by both methods within a cell (P7-D1 §2; P7-D1a #4)",results/e07/matrix/episodes.csv;results/e07/lambda/lam40/episodes.csv,success = IQM over seeds of per-seed success rate; drop = cell 1 - cell 2
lambda/lam40.pid_track_descend.id.SS3,descriptive (not scored),,drop,"pid_track_descend: success lambda 1/25 - 1/40, id SS3 (P7-D1 §3; t0 re-drawn, unpaired episodes)",pid_track_descend,,results/e01/episodes.csv|aft|id|SS3,results/e07/lambda/lam40/episodes.csv|aft|id|SS3,0.0,0.0,0.0,False,1.0,1.0,nan,nan,200,200,1,0,,,,,,10000,20260926,0.95,"independent_cells: seeds per method, shared by its two cells; episodes resampled independently per cell, shared by both methods within a cell (P7-D1 §2; P7-D1a #4)",results/e01/episodes.csv;results/e07/lambda/lam40/episodes.csv,success = IQM over seeds of per-seed success rate; drop = cell 1 - cell 2
lambda/lam40.pid_track_descend.id.SS4,descriptive (not scored),,drop,"pid_track_descend: success lambda 1/25 - 1/40, id SS4 (P7-D1 §3; t0 re-drawn, unpaired episodes)",pid_track_descend,,results/e01/episodes.csv|aft|id|SS4,results/e07/lambda/lam40/episodes.csv|aft|id|SS4,-0.030000000000000027,-0.06000000000000005,0.0,False,0.96,0.99,nan,nan,200,200,1,0,,,,,,10000,20260926,0.95,"independent_cells: seeds per method, shared by its two cells; episodes resampled independently per cell, shared by both methods within a cell (P7-D1 §2; P7-D1a #4)",results/e01/episodes.csv;results/e07/lambda/lam40/episodes.csv,success = IQM over seeds of per-seed success rate; drop = cell 1 - cell 2
lambda/lam40.pid_track_descend.id.SS5,descriptive (not scored),,drop,"pid_track_descend: success lambda 1/25 - 1/40, id SS5 (P7-D1 §3; t0 re-drawn, unpaired episodes)",pid_track_descend,,results/e01/episodes.csv|aft|id|SS5,results/e07/lambda/lam40/episodes.csv|aft|id|SS5,-0.025000000000000022,-0.09499999999999997,0.04500000000000004,False,0.85,0.875,nan,nan,200,200,1,0,,,,,,10000,20260926,0.95,"independent_cells: seeds per method, shared by its two cells; episodes resampled independently per cell, shared by both methods within a cell (P7-D1 §2; P7-D1a #4)",results/e01/episodes.csv;results/e07/lambda/lam40/episodes.csv,success = IQM over seeds of per-seed success rate; drop = cell 1 - cell 2
lambda/lam40.pid_track_descend.id.SS6,descriptive (not scored),,drop,"pid_track_descend: success lambda 1/25 - 1/40, id SS6 (P7-D1 §3; t0 re-drawn, unpaired episodes)",pid_track_descend,,results/e01/episodes.csv|aft|id|SS6,results/e07/lambda/lam40/episodes.csv|aft|id|SS6,-0.06499999999999995,-0.135,0.0050000000000000044,False,0.8,0.865,nan,nan,200,200,1,0,,,,,,10000,20260926,0.95,"independent_cells: seeds per method, shared by its two cells; episodes resampled independently per cell, shared by both methods within a cell (P7-D1 §2; P7-D1a #4)",results/e01/episodes.csv;results/e07/lambda/lam40/episodes.csv,success = IQM over seeds of per-seed success rate; drop = cell 1 - cell 2
lambda/lam40.pid_track_descend.unseen_seastate.SS6,descriptive (not scored),,drop,"pid_track_descend: success lambda 1/25 - 1/40, unseen_seastate SS6 (P7-D1 §3; t0 re-drawn, unpaired episodes)",pid_track_descend,,results/e01/episodes.csv|aft|unseen_seastate|SS6,results/e07/lambda/lam40/episodes.csv|aft|unseen_seastate|SS6,-0.02499999999999991,-0.09999999999999998,0.04999999999999993,False,0.81,0.835,nan,nan,200,200,1,0,,,,,,10000,20260926,0.95,"independent_cells: seeds per method, shared by its two cells; episodes resampled independently per cell, shared by both methods within a cell (P7-D1 §2; P7-D1a #4)",results/e01/episodes.csv;results/e07/lambda/lam40/episodes.csv,success = IQM over seeds of per-seed success rate; drop = cell 1 - cell 2
lambda/lam40.pid_track_descend.unseen_heading.SS3,descriptive (not scored),,drop,"pid_track_descend: success lambda 1/25 - 1/40, unseen_heading SS3 (P7-D1 §3; t0 re-drawn, unpaired episodes)",pid_track_descend,,results/e01/episodes.csv|aft|unseen_heading|SS3,results/e07/lambda/lam40/episodes.csv|aft|unseen_heading|SS3,0.0,0.0,0.0,False,1.0,1.0,nan,nan,200,200,1,0,,,,,,10000,20260926,0.95,"independent_cells: seeds per method, shared by its two cells; episodes resampled independently per cell, shared by both methods within a cell (P7-D1 §2; P7-D1a #4)",results/e01/episodes.csv;results/e07/lambda/lam40/episodes.csv,success = IQM over seeds of per-seed success rate; drop = cell 1 - cell 2
lambda/lam40.pid_track_descend.unseen_heading.SS4,descriptive (not scored),,drop,"pid_track_descend: success lambda 1/25 - 1/40, unseen_heading SS4 (P7-D1 §3; t0 re-drawn, unpaired episodes)",pid_track_descend,,results/e01/episodes.csv|aft|unseen_heading|SS4,results/e07/lambda/lam40/episodes.csv|aft|unseen_heading|SS4,0.0,0.0,0.0,False,1.0,1.0,nan,nan,200,200,1,0,,,,,,10000,20260926,0.95,"independent_cells: seeds per method, shared by its two cells; episodes resampled independently per cell, shared by both methods within a cell (P7-D1 §2; P7-D1a #4)",results/e01/episodes.csv;results/e07/lambda/lam40/episodes.csv,success = IQM over seeds of per-seed success rate; drop = cell 1 - cell 2
lambda/lam40.pid_track_descend.unseen_heading.SS5,descriptive (not scored),,drop,"pid_track_descend: success lambda 1/25 - 1/40, unseen_heading SS5 (P7-D1 §3; t0 re-drawn, unpaired episodes)",pid_track_descend,,results/e01/episodes.csv|aft|unseen_heading|SS5,results/e07/lambda/lam40/episodes.csv|aft|unseen_heading|SS5,-0.015000000000000013,-0.040000000000000036,0.010000000000000009,False,0.975,0.99,nan,nan,200,200,1,0,,,,,,10000,20260926,0.95,"independent_cells: seeds per method, shared by its two cells; episodes resampled independently per cell, shared by both methods within a cell (P7-D1 §2; P7-D1a #4)",results/e01/episodes.csv;results/e07/lambda/lam40/episodes.csv,success = IQM over seeds of per-seed success rate; drop = cell 1 - cell 2
lambda/lam40.pid_track_descend.unseen_heading.SS6,descriptive (not scored),,drop,"pid_track_descend: success lambda 1/25 - 1/40, unseen_heading SS6 (P7-D1 §3; t0 re-drawn, unpaired episodes)",pid_track_descend,,results/e01/episodes.csv|aft|unseen_heading|SS6,results/e07/lambda/lam40/episodes.csv|aft|unseen_heading|SS6,-0.015000000000000013,-0.10012499999999898,0.07000000000000006,False,0.725,0.74,nan,nan,200,200,1,0,,,,,,10000,20260926,0.95,"independent_cells: seeds per method, shared by its two cells; episodes resampled independently per cell, shared by both methods within a cell (P7-D1 §2; P7-D1a #4)",results/e01/episodes.csv;results/e07/lambda/lam40/episodes.csv,success = IQM over seeds of per-seed success rate; drop = cell 1 - cell 2
lambda/lam40.pid_track_descend.unseen_vessel.SS3,descriptive (not scored),,drop,"pid_track_descend: success lambda 1/25 - 1/40, unseen_vessel SS3 (P7-D1 §3; t0 re-drawn, unpaired episodes)",pid_track_descend,,results/e01/episodes.csv|aft|unseen_vessel|SS3,results/e07/lambda/lam40/episodes.csv|aft|unseen_vessel|SS3,0.0,0.0,0.0,False,1.0,1.0,nan,nan,200,200,1,0,,,,,,10000,20260926,0.95,"independent_cells: seeds per method, shared by its two cells; episodes resampled independently per cell, shared by both methods within a cell (P7-D1 §2; P7-D1a #4)",results/e01/episodes.csv;results/e07/lambda/lam40/episodes.csv,success = IQM over seeds of per-seed success rate; drop = cell 1 - cell 2
lambda/lam40.pid_track_descend.unseen_vessel.SS4,descriptive (not scored),,drop,"pid_track_descend: success lambda 1/25 - 1/40, unseen_vessel SS4 (P7-D1 §3; t0 re-drawn, unpaired episodes)",pid_track_descend,,results/e01/episodes.csv|aft|unseen_vessel|SS4,results/e07/lambda/lam40/episodes.csv|aft|unseen_vessel|SS4,-0.015000000000000013,-0.040000000000000036,0.010000000000000009,False,0.975,0.99,nan,nan,200,200,1,0,,,,,,10000,20260926,0.95,"independent_cells: seeds per method, shared by its two cells; episodes resampled independently per cell, shared by both methods within a cell (P7-D1 §2; P7-D1a #4)",results/e01/episodes.csv;results/e07/lambda/lam40/episodes.csv,success = IQM over seeds of per-seed success rate; drop = cell 1 - cell 2
lambda/lam40.pid_track_descend.unseen_vessel.SS5,descriptive (not scored),,drop,"pid_track_descend: success lambda 1/25 - 1/40, unseen_vessel SS5 (P7-D1 §3; t0 re-drawn, unpaired episodes)",pid_track_descend,,results/e01/episodes.csv|aft|unseen_vessel|SS5,results/e07/lambda/lam40/episodes.csv|aft|unseen_vessel|SS5,-0.025000000000000022,-0.07999999999999996,0.030000000000000027,False,0.9,0.925,nan,nan,200,200,1,0,,,,,,10000,20260926,0.95,"independent_cells: seeds per method, shared by its two cells; episodes resampled independently per cell, shared by both methods within a cell (P7-D1 §2; P7-D1a #4)",results/e01/episodes.csv;results/e07/lambda/lam40/episodes.csv,success = IQM over seeds of per-seed success rate; drop = cell 1 - cell 2
lambda/lam40.pid_track_descend.unseen_vessel.SS6,descriptive (not scored),,drop,"pid_track_descend: success lambda 1/25 - 1/40, unseen_vessel SS6 (P7-D1 §3; t0 re-drawn, unpaired episodes)",pid_track_descend,,results/e01/episodes.csv|aft|unseen_vessel|SS6,results/e07/lambda/lam40/episodes.csv|aft|unseen_vessel|SS6,-0.03500000000000003,-0.10999999999999999,0.03500000000000003,False,0.815,0.85,nan,nan,200,200,1,0,,,,,,10000,20260926,0.95,"independent_cells: seeds per method, shared by its two cells; episodes resampled independently per cell, shared by both methods within a cell (P7-D1 §2; P7-D1a #4)",results/e01/episodes.csv;results/e07/lambda/lam40/episodes.csv,success = IQM over seeds of per-seed success rate; drop = cell 1 - cell 2
lambda/lam40.pid_feedforward.id.SS3,descriptive (not scored),,drop,"pid_feedforward: success lambda 1/25 - 1/40, id SS3 (P7-D1 §3; t0 re-drawn, unpaired episodes)",pid_feedforward,,results/e01/episodes.csv|aft|id|SS3,results/e07/lambda/lam40/episodes.csv|aft|id|SS3,0.0,0.0,0.0,False,1.0,1.0,nan,nan,200,200,1,0,,,,,,10000,20260926,0.95,"independent_cells: seeds per method, shared by its two cells; episodes resampled independently per cell, shared by both methods within a cell (P7-D1 §2; P7-D1a #4)",results/e01/episodes.csv;results/e07/lambda/lam40/episodes.csv,success = IQM over seeds of per-seed success rate; drop = cell 1 - cell 2
lambda/lam40.pid_feedforward.id.SS4,descriptive (not scored),,drop,"pid_feedforward: success lambda 1/25 - 1/40, id SS4 (P7-D1 §3; t0 re-drawn, unpaired episodes)",pid_feedforward,,results/e01/episodes.csv|aft|id|SS4,results/e07/lambda/lam40/episodes.csv|aft|id|SS4,0.0,0.0,0.0,False,1.0,1.0,nan,nan,200,200,1,0,,,,,,10000,20260926,0.95,"independent_cells: seeds per method, shared by its two cells; episodes resampled independently per cell, shared by both methods within a cell (P7-D1 §2; P7-D1a #4)",results/e01/episodes.csv;results/e07/lambda/lam40/episodes.csv,success = IQM over seeds of per-seed success rate; drop = cell 1 - cell 2
lambda/lam40.pid_feedforward.id.SS5,descriptive (not scored),,drop,"pid_feedforward: success lambda 1/25 - 1/40, id SS5 (P7-D1 §3; t0 re-drawn, unpaired episodes)",pid_feedforward,,results/e01/episodes.csv|aft|id|SS5,results/e07/lambda/lam40/episodes.csv|aft|id|SS5,0.0,-0.020000000000000018,0.020000000000000018,False,0.99,0.99,nan,nan,200,200,1,0,,,,,,10000,20260926,0.95,"independent_cells: seeds per method, shared by its two cells; episodes resampled independently per cell, shared by both methods within a cell (P7-D1 §2; P7-D1a #4)",results/e01/episodes.csv;results/e07/lambda/lam40/episodes.csv,success = IQM over seeds of per-seed success rate; drop = cell 1 - cell 2
lambda/lam40.pid_feedforward.id.SS6,descriptive (not scored),,drop,"pid_feedforward: success lambda 1/25 - 1/40, id SS6 (P7-D1 §3; t0 re-drawn, unpaired episodes)",pid_feedforward,,results/e01/episodes.csv|aft|id|SS6,results/e07/lambda/lam40/episodes.csv|aft|id|SS6,-0.025000000000000022,-0.07999999999999996,0.029999999999999916,False,0.905,0.93,nan,nan,200,200,1,0,,,,,,10000,20260926,0.95,"independent_cells: seeds per method, shared by its two cells; episodes resampled independently per cell, shared by both methods within a cell (P7-D1 §2; P7-D1a #4)",results/e01/episodes.csv;results/e07/lambda/lam40/episodes.csv,success = IQM over seeds of per-seed success rate; drop = cell 1 - cell 2
lambda/lam40.pid_feedforward.unseen_seastate.SS6,descriptive (not scored),,drop,"pid_feedforward: success lambda 1/25 - 1/40, unseen_seastate SS6 (P7-D1 §3; t0 re-drawn, unpaired episodes)",pid_feedforward,,results/e01/episodes.csv|aft|unseen_seastate|SS6,results/e07/lambda/lam40/episodes.csv|aft|unseen_seastate|SS6,-0.030000000000000027,-0.08499999999999996,0.02499999999999991,False,0.9,0.93,nan,nan,200,200,1,0,,,,,,10000,20260926,0.95,"independent_cells: seeds per method, shared by its two cells; episodes resampled independently per cell, shared by both methods within a cell (P7-D1 §2; P7-D1a #4)",results/e01/episodes.csv;results/e07/lambda/lam40/episodes.csv,success = IQM over seeds of per-seed success rate; drop = cell 1 - cell 2
lambda/lam40.pid_feedforward.unseen_heading.SS3,descriptive (not scored),,drop,"pid_feedforward: success lambda 1/25 - 1/40, unseen_heading SS3 (P7-D1 §3; t0 re-drawn, unpaired episodes)",pid_feedforward,,results/e01/episodes.csv|aft|unseen_heading|SS3,results/e07/lambda/lam40/episodes.csv|aft|unseen_heading|SS3,0.0,0.0,0.0,False,1.0,1.0,nan,nan,200,200,1,0,,,,,,10000,20260926,0.95,"independent_cells: seeds per method, shared by its two cells; episodes resampled independently per cell, shared by both methods within a cell (P7-D1 §2; P7-D1a #4)",results/e01/episodes.csv;results/e07/lambda/lam40/episodes.csv,success = IQM over seeds of per-seed success rate; drop = cell 1 - cell 2
lambda/lam40.pid_feedforward.unseen_heading.SS4,descriptive (not scored),,drop,"pid_feedforward: success lambda 1/25 - 1/40, unseen_heading SS4 (P7-D1 §3; t0 re-drawn, unpaired episodes)",pid_feedforward,,results/e01/episodes.csv|aft|unseen_heading|SS4,results/e07/lambda/lam40/episodes.csv|aft|unseen_heading|SS4,0.0,0.0,0.0,False,1.0,1.0,nan,nan,200,200,1,0,,,,,,10000,20260926,0.95,"independent_cells: seeds per method, shared by its two cells; episodes resampled independently per cell, shared by both methods within a cell (P7-D1 §2; P7-D1a #4)",results/e01/episodes.csv;results/e07/lambda/lam40/episodes.csv,success = IQM over seeds of per-seed success rate; drop = cell 1 - cell 2
lambda/lam40.pid_feedforward.unseen_heading.SS5,descriptive (not scored),,drop,"pid_feedforward: success lambda 1/25 - 1/40, unseen_heading SS5 (P7-D1 §3; t0 re-drawn, unpaired episodes)",pid_feedforward,,results/e01/episodes.csv|aft|unseen_heading|SS5,results/e07/lambda/lam40/episodes.csv|aft|unseen_heading|SS5,0.0,-0.015000000000000013,0.015000000000000013,False,0.995,0.995,nan,nan,200,200,1,0,,,,,,10000,20260926,0.95,"independent_cells: seeds per method, shared by its two cells; episodes resampled independently per cell, shared by both methods within a cell (P7-D1 §2; P7-D1a #4)",results/e01/episodes.csv;results/e07/lambda/lam40/episodes.csv,success = IQM over seeds of per-seed success rate; drop = cell 1 - cell 2
lambda/lam40.pid_feedforward.unseen_heading.SS6,descriptive (not scored),,drop,"pid_feedforward: success lambda 1/25 - 1/40, unseen_heading SS6 (P7-D1 §3; t0 re-drawn, unpaired episodes)",pid_feedforward,,results/e01/episodes.csv|aft|unseen_heading|SS6,results/e07/lambda/lam40/episodes.csv|aft|unseen_heading|SS6,-0.03500000000000003,-0.12,0.04500000000000004,False,0.77,0.805,nan,nan,200,200,1,0,,,,,,10000,20260926,0.95,"independent_cells: seeds per method, shared by its two cells; episodes resampled independently per cell, shared by both methods within a cell (P7-D1 §2; P7-D1a #4)",results/e01/episodes.csv;results/e07/lambda/lam40/episodes.csv,success = IQM over seeds of per-seed success rate; drop = cell 1 - cell 2
lambda/lam40.pid_feedforward.unseen_vessel.SS3,descriptive (not scored),,drop,"pid_feedforward: success lambda 1/25 - 1/40, unseen_vessel SS3 (P7-D1 §3; t0 re-drawn, unpaired episodes)",pid_feedforward,,results/e01/episodes.csv|aft|unseen_vessel|SS3,results/e07/lambda/lam40/episodes.csv|aft|unseen_vessel|SS3,0.0,0.0,0.0,False,1.0,1.0,nan,nan,200,200,1,0,,,,,,10000,20260926,0.95,"independent_cells: seeds per method, shared by its two cells; episodes resampled independently per cell, shared by both methods within a cell (P7-D1 §2; P7-D1a #4)",results/e01/episodes.csv;results/e07/lambda/lam40/episodes.csv,success = IQM over seeds of per-seed success rate; drop = cell 1 - cell 2
lambda/lam40.pid_feedforward.unseen_vessel.SS4,descriptive (not scored),,drop,"pid_feedforward: success lambda 1/25 - 1/40, unseen_vessel SS4 (P7-D1 §3; t0 re-drawn, unpaired episodes)",pid_feedforward,,results/e01/episodes.csv|aft|unseen_vessel|SS4,results/e07/lambda/lam40/episodes.csv|aft|unseen_vessel|SS4,0.0,0.0,0.0,False,1.0,1.0,nan,nan,200,200,1,0,,,,,,10000,20260926,0.95,"independent_cells: seeds per method, shared by its two cells; episodes resampled independently per cell, shared by both methods within a cell (P7-D1 §2; P7-D1a #4)",results/e01/episodes.csv;results/e07/lambda/lam40/episodes.csv,success = IQM over seeds of per-seed success rate; drop = cell 1 - cell 2
lambda/lam40.pid_feedforward.unseen_vessel.SS5,descriptive (not scored),,drop,"pid_feedforward: success lambda 1/25 - 1/40, unseen_vessel SS5 (P7-D1 §3; t0 re-drawn, unpaired episodes)",pid_feedforward,,results/e01/episodes.csv|aft|unseen_vessel|SS5,results/e07/lambda/lam40/episodes.csv|aft|unseen_vessel|SS5,-0.0050000000000000044,-0.015000000000000013,0.0,False,0.995,1.0,nan,nan,200,200,1,0,,,,,,10000,20260926,0.95,"independent_cells: seeds per method, shared by its two cells; episodes resampled independently per cell, shared by both methods within a cell (P7-D1 §2; P7-D1a #4)",results/e01/episodes.csv;results/e07/lambda/lam40/episodes.csv,success = IQM over seeds of per-seed success rate; drop = cell 1 - cell 2
lambda/lam40.pid_feedforward.unseen_vessel.SS6,descriptive (not scored),,drop,"pid_feedforward: success lambda 1/25 - 1/40, unseen_vessel SS6 (P7-D1 §3; t0 re-drawn, unpaired episodes)",pid_feedforward,,results/e01/episodes.csv|aft|unseen_vessel|SS6,results/e07/lambda/lam40/episodes.csv|aft|unseen_vessel|SS6,0.0,-0.025000000000000022,0.025000000000000022,False,0.985,0.985,nan,nan,200,200,1,0,,,,,,10000,20260926,0.95,"independent_cells: seeds per method, shared by its two cells; episodes resampled independently per cell, shared by both methods within a cell (P7-D1 §2; P7-D1a #4)",results/e01/episodes.csv;results/e07/lambda/lam40/episodes.csv,success = IQM over seeds of per-seed success rate; drop = cell 1 - cell 2
lambda/lam40.oracle_gated.id.SS3,descriptive (not scored),,drop,"oracle_gated: success lambda 1/25 - 1/40, id SS3 (P7-D1 §3; t0 re-drawn, unpaired episodes)",oracle_gated,,results/e01/episodes.csv|aft|id|SS3,results/e07/lambda/lam40/episodes.csv|aft|id|SS3,0.0,0.0,0.0,False,1.0,1.0,nan,nan,200,200,1,0,,,,,,10000,20260926,0.95,"independent_cells: seeds per method, shared by its two cells; episodes resampled independently per cell, shared by both methods within a cell (P7-D1 §2; P7-D1a #4)",results/e01/episodes.csv;results/e07/lambda/lam40/episodes.csv,success = IQM over seeds of per-seed success rate; drop = cell 1 - cell 2
lambda/lam40.oracle_gated.id.SS4,descriptive (not scored),,drop,"oracle_gated: success lambda 1/25 - 1/40, id SS4 (P7-D1 §3; t0 re-drawn, unpaired episodes)",oracle_gated,,results/e01/episodes.csv|aft|id|SS4,results/e07/lambda/lam40/episodes.csv|aft|id|SS4,-0.010000000000000009,-0.030000000000000027,0.010000000000000009,False,0.985,0.995,nan,nan,200,200,1,0,,,,,,10000,20260926,0.95,"independent_cells: seeds per method, shared by its two cells; episodes resampled independently per cell, shared by both methods within a cell (P7-D1 §2; P7-D1a #4)",results/e01/episodes.csv;results/e07/lambda/lam40/episodes.csv,success = IQM over seeds of per-seed success rate; drop = cell 1 - cell 2
lambda/lam40.oracle_gated.id.SS5,descriptive (not scored),,drop,"oracle_gated: success lambda 1/25 - 1/40, id SS5 (P7-D1 §3; t0 re-drawn, unpaired episodes)",oracle_gated,,results/e01/episodes.csv|aft|id|SS5,results/e07/lambda/lam40/episodes.csv|aft|id|SS5,-0.030000000000000027,-0.08500000000000008,0.025000000000000022,False,0.89,0.92,nan,nan,200,200,1,0,,,,,,10000,20260926,0.95,"independent_cells: seeds per method, shared by its two cells; episodes resampled independently per cell, shared by both methods within a cell (P7-D1 §2; P7-D1a #4)",results/e01/episodes.csv;results/e07/lambda/lam40/episodes.csv,success = IQM over seeds of per-seed success rate; drop = cell 1 - cell 2
lambda/lam40.oracle_gated.id.SS6,descriptive (not scored),,drop,"oracle_gated: success lambda 1/25 - 1/40, id SS6 (P7-D1 §3; t0 re-drawn, unpaired episodes)",oracle_gated,,results/e01/episodes.csv|aft|id|SS6,results/e07/lambda/lam40/episodes.csv|aft|id|SS6,-0.08499999999999996,-0.17500000000000004,0.0050000000000000044,False,0.645,0.73,nan,nan,200,200,1,0,,,,,,10000,20260926,0.95,"independent_cells: seeds per method, shared by its two cells; episodes resampled independently per cell, shared by both methods within a cell (P7-D1 §2; P7-D1a #4)",results/e01/episodes.csv;results/e07/lambda/lam40/episodes.csv,success = IQM over seeds of per-seed success rate; drop = cell 1 - cell 2
lambda/lam40.oracle_gated.unseen_seastate.SS6,descriptive (not scored),,drop,"oracle_gated: success lambda 1/25 - 1/40, unseen_seastate SS6 (P7-D1 §3; t0 re-drawn, unpaired episodes)",oracle_gated,,results/e01/episodes.csv|aft|unseen_seastate|SS6,results/e07/lambda/lam40/episodes.csv|aft|unseen_seastate|SS6,-0.04499999999999993,-0.135,0.04499999999999993,False,0.65,0.695,nan,nan,200,200,1,0,,,,,,10000,20260926,0.95,"independent_cells: seeds per method, shared by its two cells; episodes resampled independently per cell, shared by both methods within a cell (P7-D1 §2; P7-D1a #4)",results/e01/episodes.csv;results/e07/lambda/lam40/episodes.csv,success = IQM over seeds of per-seed success rate; drop = cell 1 - cell 2
lambda/lam40.oracle_gated.unseen_heading.SS3,descriptive (not scored),,drop,"oracle_gated: success lambda 1/25 - 1/40, unseen_heading SS3 (P7-D1 §3; t0 re-drawn, unpaired episodes)",oracle_gated,,results/e01/episodes.csv|aft|unseen_heading|SS3,results/e07/lambda/lam40/episodes.csv|aft|unseen_heading|SS3,0.0,0.0,0.0,False,1.0,1.0,nan,nan,200,200,1,0,,,,,,10000,20260926,0.95,"independent_cells: seeds per method, shared by its two cells; episodes resampled independently per cell, shared by both methods within a cell (P7-D1 §2; P7-D1a #4)",results/e01/episodes.csv;results/e07/lambda/lam40/episodes.csv,success = IQM over seeds of per-seed success rate; drop = cell 1 - cell 2
lambda/lam40.oracle_gated.unseen_heading.SS4,descriptive (not scored),,drop,"oracle_gated: success lambda 1/25 - 1/40, unseen_heading SS4 (P7-D1 §3; t0 re-drawn, unpaired episodes)",oracle_gated,,results/e01/episodes.csv|aft|unseen_heading|SS4,results/e07/lambda/lam40/episodes.csv|aft|unseen_heading|SS4,0.0,0.0,0.0,False,1.0,1.0,nan,nan,200,200,1,0,,,,,,10000,20260926,0.95,"independent_cells: seeds per method, shared by its two cells; episodes resampled independently per cell, shared by both methods within a cell (P7-D1 §2; P7-D1a #4)",results/e01/episodes.csv;results/e07/lambda/lam40/episodes.csv,success = IQM over seeds of per-seed success rate; drop = cell 1 - cell 2
lambda/lam40.oracle_gated.unseen_heading.SS5,descriptive (not scored),,drop,"oracle_gated: success lambda 1/25 - 1/40, unseen_heading SS5 (P7-D1 §3; t0 re-drawn, unpaired episodes)",oracle_gated,,results/e01/episodes.csv|aft|unseen_heading|SS5,results/e07/lambda/lam40/episodes.csv|aft|unseen_heading|SS5,0.0,-0.015000000000000013,0.015000000000000013,False,0.995,0.995,nan,nan,200,200,1,0,,,,,,10000,20260926,0.95,"independent_cells: seeds per method, shared by its two cells; episodes resampled independently per cell, shared by both methods within a cell (P7-D1 §2; P7-D1a #4)",results/e01/episodes.csv;results/e07/lambda/lam40/episodes.csv,success = IQM over seeds of per-seed success rate; drop = cell 1 - cell 2
lambda/lam40.oracle_gated.unseen_heading.SS6,descriptive (not scored),,drop,"oracle_gated: success lambda 1/25 - 1/40, unseen_heading SS6 (P7-D1 §3; t0 re-drawn, unpaired episodes)",oracle_gated,,results/e01/episodes.csv|aft|unseen_heading|SS6,results/e07/lambda/lam40/episodes.csv|aft|unseen_heading|SS6,0.0050000000000000044,-0.09499999999999997,0.10000000000000003,False,0.465,0.46,nan,nan,200,200,1,0,,,,,,10000,20260926,0.95,"independent_cells: seeds per method, shared by its two cells; episodes resampled independently per cell, shared by both methods within a cell (P7-D1 §2; P7-D1a #4)",results/e01/episodes.csv;results/e07/lambda/lam40/episodes.csv,success = IQM over seeds of per-seed success rate; drop = cell 1 - cell 2
lambda/lam40.oracle_gated.unseen_vessel.SS3,descriptive (not scored),,drop,"oracle_gated: success lambda 1/25 - 1/40, unseen_vessel SS3 (P7-D1 §3; t0 re-drawn, unpaired episodes)",oracle_gated,,results/e01/episodes.csv|aft|unseen_vessel|SS3,results/e07/lambda/lam40/episodes.csv|aft|unseen_vessel|SS3,0.0,0.0,0.0,False,1.0,1.0,nan,nan,200,200,1,0,,,,,,10000,20260926,0.95,"independent_cells: seeds per method, shared by its two cells; episodes resampled independently per cell, shared by both methods within a cell (P7-D1 §2; P7-D1a #4)",results/e01/episodes.csv;results/e07/lambda/lam40/episodes.csv,success = IQM over seeds of per-seed success rate; drop = cell 1 - cell 2
lambda/lam40.oracle_gated.unseen_vessel.SS4,descriptive (not scored),,drop,"oracle_gated: success lambda 1/25 - 1/40, unseen_vessel SS4 (P7-D1 §3; t0 re-drawn, unpaired episodes)",oracle_gated,,results/e01/episodes.csv|aft|unseen_vessel|SS4,results/e07/lambda/lam40/episodes.csv|aft|unseen_vessel|SS4,0.0050000000000000044,0.0,0.015000000000000013,False,1.0,0.995,nan,nan,200,200,1,0,,,,,,10000,20260926,0.95,"independent_cells: seeds per method, shared by its two cells; episodes resampled independently per cell, shared by both methods within a cell (P7-D1 §2; P7-D1a #4)",results/e01/episodes.csv;results/e07/lambda/lam40/episodes.csv,success = IQM over seeds of per-seed success rate; drop = cell 1 - cell 2
lambda/lam40.oracle_gated.unseen_vessel.SS5,descriptive (not scored),,drop,"oracle_gated: success lambda 1/25 - 1/40, unseen_vessel SS5 (P7-D1 §3; t0 re-drawn, unpaired episodes)",oracle_gated,,results/e01/episodes.csv|aft|unseen_vessel|SS5,results/e07/lambda/lam40/episodes.csv|aft|unseen_vessel|SS5,-0.025000000000000022,-0.06499999999999995,0.010000000000000009,False,0.95,0.975,nan,nan,200,200,1,0,,,,,,10000,20260926,0.95,"independent_cells: seeds per method, shared by its two cells; episodes resampled independently per cell, shared by both methods within a cell (P7-D1 §2; P7-D1a #4)",results/e01/episodes.csv;results/e07/lambda/lam40/episodes.csv,success = IQM over seeds of per-seed success rate; drop = cell 1 - cell 2
lambda/lam40.oracle_gated.unseen_vessel.SS6,descriptive (not scored),,drop,"oracle_gated: success lambda 1/25 - 1/40, unseen_vessel SS6 (P7-D1 §3; t0 re-drawn, unpaired episodes)",oracle_gated,,results/e01/episodes.csv|aft|unseen_vessel|SS6,results/e07/lambda/lam40/episodes.csv|aft|unseen_vessel|SS6,-0.010000000000000009,-0.07000000000000006,0.050000000000000044,False,0.89,0.9,nan,nan,200,200,1,0,,,,,,10000,20260926,0.95,"independent_cells: seeds per method, shared by its two cells; episodes resampled independently per cell, shared by both methods within a cell (P7-D1 §2; P7-D1a #4)",results/e01/episodes.csv;results/e07/lambda/lam40/episodes.csv,success = IQM over seeds of per-seed success rate; drop = cell 1 - cell 2
