method,privileged,run_seed,pad,regime,ss,n_episodes,n_success,success_rate,success_wilson_lo,success_wilson_hi,frac_crash,frac_off_pad,frac_hard_landing,frac_bounce,frac_success,frac_timeout,n_touchdowns,rel_vz_normal_p50_m_s,rel_vz_normal_p95_m_s,rel_vz_world_z_p50_m_s,rel_vz_world_z_p95_m_s,lateral_p50_m,lateral_p95_m,rel_tilt_p95_deg,time_to_touchdown_mean_s,time_to_touchdown_p50_s,effort_mean_sq,action_jerk_mean,disagreement_n,disagreement_rate,tunnelling_n,max_penetration_m,n_td_in_quiescent_window,frac_td_in_quiescent_window,frac_in_training_distribution,n_reason_ground_contact,n_reason_off_plate_strike,n_reason_tilt_gt_crash,n_reason_below_deck,n_reason_out_of_bounds,n_reason_dwell_complete,n_reason_release,n_reason_time_limit,n_listed,skip_reason,frac_td_in_quiescent_window_wilson_lo,frac_td_in_quiescent_window_wilson_hi,quiet_landings_per_listed,quiet_landings_per_listed_wilson_lo,quiet_landings_per_listed_wilson_hi,run_dir,run_algo,run_total_steps,run_ckpt,run_ckpt_steps,run_train_git_sha,run_config_sha256,run_config_source_sha256,run_model_sha256,run_vecnormalize_sha256,run_checkpoint_json_sha256,run_policy_class,run_needs_motion_feed,run_training_motion,eval_deck_motion,python,numpy,torch,sb3,gymnasium,pybullet,dmf_sha,gpd_sha,success_yaml_sha256,landing_yaml_sha256,observation_yaml_sha256,noise_yaml_sha256,episodes_manifest_sha256,generator_seed,v_max_m_s,driver,arm,condition,arm_motion,start_check,lam_inverse,noise_enabled,noise_position_sigma_m,noise_velocity_sigma_m_s,noise_latency_ms_configured,noise_latency_steps,noise_latency_ms_effective,noise_hold_freq_hz,sinusoid_rms_source_sha256,episode_lists_manifest_sha256
ppo,False,0,aft,id,SS3,200,114,0.57,0.5007048776415268,0.6366567766656557,0.005,0.155,0.14,0.13,0.57,0.0,200,0.33621738744705926,0.4944259287104642,0.33655068778401553,0.49840632064651724,0.053120090383120766,0.14108725161900176,24.49013594774183,1.6992291666666668,1.69375,0.2957049852577115,0.31630106223535803,0,0.0,15,-0.007161883615644707,192,0.96,0.755,0,1,0,0,0,145,54,0,200,,0.923067931799067,0.9795943679338476,0.96,0.923067931799067,0.9795943679338476,artifacts/runs/ppo/0,ppo,10000000,final,10010624,1d67488e2ec8c8522968511a772f65cfe3d8699d,aa28e4f4fd67c42b54cc6e93b365289bca6512297f4b84c1784bb2fe48a6d1b3,26b6c49f8552f5fa626c19bab5222205eb83d294854734a23c3b0b1b3d70e14a,1a012394335c44d1e08d20f2199debaf3809d7bef96e04749817ae35b584fd49,9ddb2a992d4263426bc28033f8cd9f7f54daf7011ca67eb81f3099ecf289db6f,2ea668e37f848fc3f7a50cfb21c64435de80f878bbef01ee165e3a8e5b0e00a0,LearnedPolicy,False,jonswap,jonswap,3.12.3,2.5.2,2.13.0,2.9.0,1.3.0,3.2.7,e9fa15cc35312a5c1ecf0c42668a690b5061c090,7ebad1ecabd28a7000add2d05f888aa2e837c2cc,c7fbdcc4df48bd4a2cfe21811613e5e50e3e4868822fe6dddd13745d96692118,b98d65cc5e34337369dcd4d69d63651cc2c99c19e8494199e8b5ec9e06c8b87f,3ee7e46399aea60603c767e0a604e79e7db233924ce71fe027a1ccc1623b7eb0,7beb41daec3d6a34c6da7696c56a982667957298f017ebe137829282b6ce7985,e6f30e55e478d39061b94e38de33959ca99b16e8cac38a3bd99b34f6543ad4a2,20260924,1.5,kinematic,noise,sigma4cm_lat1step,jonswap,strict,25.0,True,0.04,0.2,33.4,1,33.333333333333336,30.0,,e6f30e55e478d39061b94e38de33959ca99b16e8cac38a3bd99b34f6543ad4a2
ppo,False,0,aft,id,SS4,200,103,0.515,0.44610849192745716,0.5833261482812249,0.0,0.14,0.22,0.125,0.515,0.0,200,0.3400357765755978,0.5243718854667466,0.3372771726890529,0.5298250325828455,0.04403593601378614,0.15900612356466254,25.493771109106525,1.6817291666666665,1.7,0.30072632196431015,0.31526810215419915,2,0.01,22,-0.0076727222004850625,143,0.715,0.75,0,0,0,0,0,145,55,0,200,,0.6488465397039482,0.7730499699538271,0.715,0.6488465397039482,0.7730499699538271,artifacts/runs/ppo/0,ppo,10000000,final,10010624,1d67488e2ec8c8522968511a772f65cfe3d8699d,aa28e4f4fd67c42b54cc6e93b365289bca6512297f4b84c1784bb2fe48a6d1b3,26b6c49f8552f5fa626c19bab5222205eb83d294854734a23c3b0b1b3d70e14a,1a012394335c44d1e08d20f2199debaf3809d7bef96e04749817ae35b584fd49,9ddb2a992d4263426bc28033f8cd9f7f54daf7011ca67eb81f3099ecf289db6f,2ea668e37f848fc3f7a50cfb21c64435de80f878bbef01ee165e3a8e5b0e00a0,LearnedPolicy,False,jonswap,jonswap,3.12.3,2.5.2,2.13.0,2.9.0,1.3.0,3.2.7,e9fa15cc35312a5c1ecf0c42668a690b5061c090,7ebad1ecabd28a7000add2d05f888aa2e837c2cc,c7fbdcc4df48bd4a2cfe21811613e5e50e3e4868822fe6dddd13745d96692118,b98d65cc5e34337369dcd4d69d63651cc2c99c19e8494199e8b5ec9e06c8b87f,3ee7e46399aea60603c767e0a604e79e7db233924ce71fe027a1ccc1623b7eb0,7beb41daec3d6a34c6da7696c56a982667957298f017ebe137829282b6ce7985,e6f30e55e478d39061b94e38de33959ca99b16e8cac38a3bd99b34f6543ad4a2,20260924,1.5,kinematic,noise,sigma4cm_lat1step,jonswap,strict,25.0,True,0.04,0.2,33.4,1,33.333333333333336,30.0,,e6f30e55e478d39061b94e38de33959ca99b16e8cac38a3bd99b34f6543ad4a2
ppo,False,0,aft,id,SS5,200,117,0.585,0.5157391490134403,0.6510571455024242,0.005,0.11,0.155,0.145,0.585,0.0,200,0.33643742798790277,0.5203590286083319,0.3357968756888057,0.5155906924254913,0.047947041229773356,0.13825254367865397,23.56213865657627,1.7201041666666668,1.7041666666666666,0.29645558141512657,0.3145906727908451,0,0.0,17,-0.0078816295760341,59,0.295,0.745,0,1,0,0,0,149,50,0,200,,0.23613943856849148,0.36158714524618774,0.295,0.23613943856849148,0.36158714524618774,artifacts/runs/ppo/0,ppo,10000000,final,10010624,1d67488e2ec8c8522968511a772f65cfe3d8699d,aa28e4f4fd67c42b54cc6e93b365289bca6512297f4b84c1784bb2fe48a6d1b3,26b6c49f8552f5fa626c19bab5222205eb83d294854734a23c3b0b1b3d70e14a,1a012394335c44d1e08d20f2199debaf3809d7bef96e04749817ae35b584fd49,9ddb2a992d4263426bc28033f8cd9f7f54daf7011ca67eb81f3099ecf289db6f,2ea668e37f848fc3f7a50cfb21c64435de80f878bbef01ee165e3a8e5b0e00a0,LearnedPolicy,False,jonswap,jonswap,3.12.3,2.5.2,2.13.0,2.9.0,1.3.0,3.2.7,e9fa15cc35312a5c1ecf0c42668a690b5061c090,7ebad1ecabd28a7000add2d05f888aa2e837c2cc,c7fbdcc4df48bd4a2cfe21811613e5e50e3e4868822fe6dddd13745d96692118,b98d65cc5e34337369dcd4d69d63651cc2c99c19e8494199e8b5ec9e06c8b87f,3ee7e46399aea60603c767e0a604e79e7db233924ce71fe027a1ccc1623b7eb0,7beb41daec3d6a34c6da7696c56a982667957298f017ebe137829282b6ce7985,e6f30e55e478d39061b94e38de33959ca99b16e8cac38a3bd99b34f6543ad4a2,20260924,1.5,kinematic,noise,sigma4cm_lat1step,jonswap,strict,25.0,True,0.04,0.2,33.4,1,33.333333333333336,30.0,,e6f30e55e478d39061b94e38de33959ca99b16e8cac38a3bd99b34f6543ad4a2
ppo,False,0,aft,id,SS6,200,100,0.5,0.43136085960389187,0.5686391403961082,0.0,0.14,0.185,0.175,0.5,0.0,200,0.3073731054631155,0.5308297833801666,0.31399202770835116,0.533405095738889,0.04828876225543275,0.15058945782537192,25.340221510862538,1.7518124999999998,1.7645833333333334,0.2947503275825482,0.32039740926628396,0,0.0,28,-0.008644127292259433,24,0.12,0.0,0,0,0,0,0,135,65,0,200,,0.08197992706375512,0.17234252098296743,0.12,0.08197992706375512,0.17234252098296743,artifacts/runs/ppo/0,ppo,10000000,final,10010624,1d67488e2ec8c8522968511a772f65cfe3d8699d,aa28e4f4fd67c42b54cc6e93b365289bca6512297f4b84c1784bb2fe48a6d1b3,26b6c49f8552f5fa626c19bab5222205eb83d294854734a23c3b0b1b3d70e14a,1a012394335c44d1e08d20f2199debaf3809d7bef96e04749817ae35b584fd49,9ddb2a992d4263426bc28033f8cd9f7f54daf7011ca67eb81f3099ecf289db6f,2ea668e37f848fc3f7a50cfb21c64435de80f878bbef01ee165e3a8e5b0e00a0,LearnedPolicy,False,jonswap,jonswap,3.12.3,2.5.2,2.13.0,2.9.0,1.3.0,3.2.7,e9fa15cc35312a5c1ecf0c42668a690b5061c090,7ebad1ecabd28a7000add2d05f888aa2e837c2cc,c7fbdcc4df48bd4a2cfe21811613e5e50e3e4868822fe6dddd13745d96692118,b98d65cc5e34337369dcd4d69d63651cc2c99c19e8494199e8b5ec9e06c8b87f,3ee7e46399aea60603c767e0a604e79e7db233924ce71fe027a1ccc1623b7eb0,7beb41daec3d6a34c6da7696c56a982667957298f017ebe137829282b6ce7985,e6f30e55e478d39061b94e38de33959ca99b16e8cac38a3bd99b34f6543ad4a2,20260924,1.5,kinematic,noise,sigma4cm_lat1step,jonswap,strict,25.0,True,0.04,0.2,33.4,1,33.333333333333336,30.0,,e6f30e55e478d39061b94e38de33959ca99b16e8cac38a3bd99b34f6543ad4a2
ppo,False,1,aft,id,SS3,200,125,0.625,0.5561430369897816,0.6891456314159018,0.005,0.105,0.16,0.105,0.625,0.0,200,0.318379734992835,0.5121724715582481,0.31829518259785117,0.5120841704650961,0.04711547248430936,0.1458911464682712,21.285322286540993,1.6348541666666667,1.63125,0.3200355611816414,0.31907933869511057,1,0.005,18,-0.006988158358520467,192,0.96,0.755,0,1,0,0,0,160,39,0,200,,0.923067931799067,0.9795943679338476,0.96,0.923067931799067,0.9795943679338476,artifacts/runs/ppo/1,ppo,10000000,final,10010624,1d67488e2ec8c8522968511a772f65cfe3d8699d,aa28e4f4fd67c42b54cc6e93b365289bca6512297f4b84c1784bb2fe48a6d1b3,26b6c49f8552f5fa626c19bab5222205eb83d294854734a23c3b0b1b3d70e14a,77e172f4133c465b39c1f770f59e892666d3c9109a0d74da434e54a2c3a5294b,a82172a5d0cdab6b63ae362ee461ed3fa67d30136b83e87be42a72da47da455f,8d1481982a00eb2ce0ff3666e34c32e7d7d1a5c92dbb3206d2b5c46f3255e70a,LearnedPolicy,False,jonswap,jonswap,3.12.3,2.5.2,2.13.0,2.9.0,1.3.0,3.2.7,e9fa15cc35312a5c1ecf0c42668a690b5061c090,7ebad1ecabd28a7000add2d05f888aa2e837c2cc,c7fbdcc4df48bd4a2cfe21811613e5e50e3e4868822fe6dddd13745d96692118,b98d65cc5e34337369dcd4d69d63651cc2c99c19e8494199e8b5ec9e06c8b87f,3ee7e46399aea60603c767e0a604e79e7db233924ce71fe027a1ccc1623b7eb0,7beb41daec3d6a34c6da7696c56a982667957298f017ebe137829282b6ce7985,e6f30e55e478d39061b94e38de33959ca99b16e8cac38a3bd99b34f6543ad4a2,20260924,1.5,kinematic,noise,sigma4cm_lat1step,jonswap,strict,25.0,True,0.04,0.2,33.4,1,33.333333333333336,30.0,,e6f30e55e478d39061b94e38de33959ca99b16e8cac38a3bd99b34f6543ad4a2
ppo,False,1,aft,id,SS4,200,136,0.68,0.6124810156588646,0.7407346668453195,0.0,0.085,0.145,0.09,0.68,0.0,200,0.30691020366728605,0.50028438638572,0.30842605071312457,0.5019643904155182,0.04311004369358254,0.12065176990002298,19.62239127762595,1.6322708333333333,1.6375,0.32363202270474256,0.3211703741639026,0,0.0,27,-0.008014827684882002,143,0.715,0.75,0,0,0,0,0,170,30,0,200,,0.6488465397039482,0.7730499699538271,0.715,0.6488465397039482,0.7730499699538271,artifacts/runs/ppo/1,ppo,10000000,final,10010624,1d67488e2ec8c8522968511a772f65cfe3d8699d,aa28e4f4fd67c42b54cc6e93b365289bca6512297f4b84c1784bb2fe48a6d1b3,26b6c49f8552f5fa626c19bab5222205eb83d294854734a23c3b0b1b3d70e14a,77e172f4133c465b39c1f770f59e892666d3c9109a0d74da434e54a2c3a5294b,a82172a5d0cdab6b63ae362ee461ed3fa67d30136b83e87be42a72da47da455f,8d1481982a00eb2ce0ff3666e34c32e7d7d1a5c92dbb3206d2b5c46f3255e70a,LearnedPolicy,False,jonswap,jonswap,3.12.3,2.5.2,2.13.0,2.9.0,1.3.0,3.2.7,e9fa15cc35312a5c1ecf0c42668a690b5061c090,7ebad1ecabd28a7000add2d05f888aa2e837c2cc,c7fbdcc4df48bd4a2cfe21811613e5e50e3e4868822fe6dddd13745d96692118,b98d65cc5e34337369dcd4d69d63651cc2c99c19e8494199e8b5ec9e06c8b87f,3ee7e46399aea60603c767e0a604e79e7db233924ce71fe027a1ccc1623b7eb0,7beb41daec3d6a34c6da7696c56a982667957298f017ebe137829282b6ce7985,e6f30e55e478d39061b94e38de33959ca99b16e8cac38a3bd99b34f6543ad4a2,20260924,1.5,kinematic,noise,sigma4cm_lat1step,jonswap,strict,25.0,True,0.04,0.2,33.4,1,33.333333333333336,30.0,,e6f30e55e478d39061b94e38de33959ca99b16e8cac38a3bd99b34f6543ad4a2
ppo,False,1,aft,id,SS5,200,123,0.615,0.5459986722024608,0.6796669027307678,0.005,0.115,0.14,0.125,0.615,0.0,200,0.32076853708771397,0.4971145126550339,0.3213426025398235,0.5009957008755195,0.04663137720587281,0.1404606936572753,23.787481910097817,1.6273125,1.6166666666666667,0.32900120725076626,0.3195913127035791,0,0.0,29,-0.010643039050273176,62,0.31,0.745,0,1,0,0,0,159,40,0,200,,0.2499894483607809,0.37717177566258037,0.31,0.2499894483607809,0.37717177566258037,artifacts/runs/ppo/1,ppo,10000000,final,10010624,1d67488e2ec8c8522968511a772f65cfe3d8699d,aa28e4f4fd67c42b54cc6e93b365289bca6512297f4b84c1784bb2fe48a6d1b3,26b6c49f8552f5fa626c19bab5222205eb83d294854734a23c3b0b1b3d70e14a,77e172f4133c465b39c1f770f59e892666d3c9109a0d74da434e54a2c3a5294b,a82172a5d0cdab6b63ae362ee461ed3fa67d30136b83e87be42a72da47da455f,8d1481982a00eb2ce0ff3666e34c32e7d7d1a5c92dbb3206d2b5c46f3255e70a,LearnedPolicy,False,jonswap,jonswap,3.12.3,2.5.2,2.13.0,2.9.0,1.3.0,3.2.7,e9fa15cc35312a5c1ecf0c42668a690b5061c090,7ebad1ecabd28a7000add2d05f888aa2e837c2cc,c7fbdcc4df48bd4a2cfe21811613e5e50e3e4868822fe6dddd13745d96692118,b98d65cc5e34337369dcd4d69d63651cc2c99c19e8494199e8b5ec9e06c8b87f,3ee7e46399aea60603c767e0a604e79e7db233924ce71fe027a1ccc1623b7eb0,7beb41daec3d6a34c6da7696c56a982667957298f017ebe137829282b6ce7985,e6f30e55e478d39061b94e38de33959ca99b16e8cac38a3bd99b34f6543ad4a2,20260924,1.5,kinematic,noise,sigma4cm_lat1step,jonswap,strict,25.0,True,0.04,0.2,33.4,1,33.333333333333336,30.0,,e6f30e55e478d39061b94e38de33959ca99b16e8cac38a3bd99b34f6543ad4a2
ppo,False,1,aft,id,SS6,200,123,0.615,0.5459986722024608,0.6796669027307678,0.005,0.07,0.185,0.125,0.615,0.0,199,0.3277052816302895,0.5339981209291029,0.32938855592436717,0.5462457682832748,0.04156613297521651,0.10973309534959759,21.95631401229571,1.6301926298157452,1.6291666666666667,0.32447078002917146,0.31848072603514765,1,0.005,22,-0.007509454791954711,23,0.11557788944723618,0.0,0,0,0,1,0,153,46,0,200,,0.07826150820702031,0.16745482173099552,0.115,0.07786373232561955,0.16664716898487572,artifacts/runs/ppo/1,ppo,10000000,final,10010624,1d67488e2ec8c8522968511a772f65cfe3d8699d,aa28e4f4fd67c42b54cc6e93b365289bca6512297f4b84c1784bb2fe48a6d1b3,26b6c49f8552f5fa626c19bab5222205eb83d294854734a23c3b0b1b3d70e14a,77e172f4133c465b39c1f770f59e892666d3c9109a0d74da434e54a2c3a5294b,a82172a5d0cdab6b63ae362ee461ed3fa67d30136b83e87be42a72da47da455f,8d1481982a00eb2ce0ff3666e34c32e7d7d1a5c92dbb3206d2b5c46f3255e70a,LearnedPolicy,False,jonswap,jonswap,3.12.3,2.5.2,2.13.0,2.9.0,1.3.0,3.2.7,e9fa15cc35312a5c1ecf0c42668a690b5061c090,7ebad1ecabd28a7000add2d05f888aa2e837c2cc,c7fbdcc4df48bd4a2cfe21811613e5e50e3e4868822fe6dddd13745d96692118,b98d65cc5e34337369dcd4d69d63651cc2c99c19e8494199e8b5ec9e06c8b87f,3ee7e46399aea60603c767e0a604e79e7db233924ce71fe027a1ccc1623b7eb0,7beb41daec3d6a34c6da7696c56a982667957298f017ebe137829282b6ce7985,e6f30e55e478d39061b94e38de33959ca99b16e8cac38a3bd99b34f6543ad4a2,20260924,1.5,kinematic,noise,sigma4cm_lat1step,jonswap,strict,25.0,True,0.04,0.2,33.4,1,33.333333333333336,30.0,,e6f30e55e478d39061b94e38de33959ca99b16e8cac38a3bd99b34f6543ad4a2
ppo,False,2,aft,id,SS3,200,108,0.54,0.4708228918895333,0.6076694820002854,0.0,0.17,0.17,0.12,0.54,0.0,200,0.31555170707287356,0.49635889389612914,0.31536125946971005,0.502193992157175,0.04892003633269519,0.1533455806769142,28.584451456044096,1.68625,1.6895833333333332,0.2981469577848221,0.33647243536212385,2,0.01,19,-0.006557050072520652,193,0.965,0.755,0,0,0,0,0,141,59,0,200,,0.9295293884777092,0.9829444579914328,0.965,0.9295293884777092,0.9829444579914328,artifacts/runs/ppo/2,ppo,10000000,final,10010624,1d67488e2ec8c8522968511a772f65cfe3d8699d,aa28e4f4fd67c42b54cc6e93b365289bca6512297f4b84c1784bb2fe48a6d1b3,26b6c49f8552f5fa626c19bab5222205eb83d294854734a23c3b0b1b3d70e14a,785d07894e5792c21be9101064cf625c2f21171047f56684d5a0e9b55a6aee91,9a95795a0e61c02e4389f547b94a9dd08c0912af60a5e2094e5cc314ffbfabc3,02bd6e2fc9633ae4e89365c42d519dc4e8ef0c67d17be4050ff3a485b90047de,LearnedPolicy,False,jonswap,jonswap,3.12.3,2.5.2,2.13.0,2.9.0,1.3.0,3.2.7,e9fa15cc35312a5c1ecf0c42668a690b5061c090,7ebad1ecabd28a7000add2d05f888aa2e837c2cc,c7fbdcc4df48bd4a2cfe21811613e5e50e3e4868822fe6dddd13745d96692118,b98d65cc5e34337369dcd4d69d63651cc2c99c19e8494199e8b5ec9e06c8b87f,3ee7e46399aea60603c767e0a604e79e7db233924ce71fe027a1ccc1623b7eb0,7beb41daec3d6a34c6da7696c56a982667957298f017ebe137829282b6ce7985,e6f30e55e478d39061b94e38de33959ca99b16e8cac38a3bd99b34f6543ad4a2,20260924,1.5,kinematic,noise,sigma4cm_lat1step,jonswap,strict,25.0,True,0.04,0.2,33.4,1,33.333333333333336,30.0,,e6f30e55e478d39061b94e38de33959ca99b16e8cac38a3bd99b34f6543ad4a2
ppo,False,2,aft,id,SS4,200,99,0.495,0.4264584535990475,0.5637299996647251,0.01,0.15,0.21,0.135,0.495,0.0,200,0.3165971603057496,0.5136188939020723,0.31802176402098364,0.5120893213025474,0.04866057491854271,0.1651820797567626,29.882714200009506,1.6693333333333333,1.6645833333333333,0.30121941416869835,0.3310198943719013,1,0.005,14,-0.00658829685658047,143,0.715,0.75,0,2,0,0,0,131,67,0,200,,0.6488465397039482,0.7730499699538271,0.715,0.6488465397039482,0.7730499699538271,artifacts/runs/ppo/2,ppo,10000000,final,10010624,1d67488e2ec8c8522968511a772f65cfe3d8699d,aa28e4f4fd67c42b54cc6e93b365289bca6512297f4b84c1784bb2fe48a6d1b3,26b6c49f8552f5fa626c19bab5222205eb83d294854734a23c3b0b1b3d70e14a,785d07894e5792c21be9101064cf625c2f21171047f56684d5a0e9b55a6aee91,9a95795a0e61c02e4389f547b94a9dd08c0912af60a5e2094e5cc314ffbfabc3,02bd6e2fc9633ae4e89365c42d519dc4e8ef0c67d17be4050ff3a485b90047de,LearnedPolicy,False,jonswap,jonswap,3.12.3,2.5.2,2.13.0,2.9.0,1.3.0,3.2.7,e9fa15cc35312a5c1ecf0c42668a690b5061c090,7ebad1ecabd28a7000add2d05f888aa2e837c2cc,c7fbdcc4df48bd4a2cfe21811613e5e50e3e4868822fe6dddd13745d96692118,b98d65cc5e34337369dcd4d69d63651cc2c99c19e8494199e8b5ec9e06c8b87f,3ee7e46399aea60603c767e0a604e79e7db233924ce71fe027a1ccc1623b7eb0,7beb41daec3d6a34c6da7696c56a982667957298f017ebe137829282b6ce7985,e6f30e55e478d39061b94e38de33959ca99b16e8cac38a3bd99b34f6543ad4a2,20260924,1.5,kinematic,noise,sigma4cm_lat1step,jonswap,strict,25.0,True,0.04,0.2,33.4,1,33.333333333333336,30.0,,e6f30e55e478d39061b94e38de33959ca99b16e8cac38a3bd99b34f6543ad4a2
ppo,False,2,aft,id,SS5,200,96,0.48,0.411791663783233,0.5489621492718576,0.01,0.165,0.215,0.13,0.48,0.0,200,0.3302373640022896,0.49750191726436344,0.3318834901676807,0.5031711599857581,0.0504654538700651,0.17116357697284307,26.69911986159246,1.698875,1.6854166666666668,0.29816190988331104,0.3335245140873241,2,0.01,17,-0.00845591255405906,58,0.29,0.745,0,2,0,0,0,139,59,0,200,,0.23154025607067882,0.3563747810077731,0.29,0.23154025607067882,0.3563747810077731,artifacts/runs/ppo/2,ppo,10000000,final,10010624,1d67488e2ec8c8522968511a772f65cfe3d8699d,aa28e4f4fd67c42b54cc6e93b365289bca6512297f4b84c1784bb2fe48a6d1b3,26b6c49f8552f5fa626c19bab5222205eb83d294854734a23c3b0b1b3d70e14a,785d07894e5792c21be9101064cf625c2f21171047f56684d5a0e9b55a6aee91,9a95795a0e61c02e4389f547b94a9dd08c0912af60a5e2094e5cc314ffbfabc3,02bd6e2fc9633ae4e89365c42d519dc4e8ef0c67d17be4050ff3a485b90047de,LearnedPolicy,False,jonswap,jonswap,3.12.3,2.5.2,2.13.0,2.9.0,1.3.0,3.2.7,e9fa15cc35312a5c1ecf0c42668a690b5061c090,7ebad1ecabd28a7000add2d05f888aa2e837c2cc,c7fbdcc4df48bd4a2cfe21811613e5e50e3e4868822fe6dddd13745d96692118,b98d65cc5e34337369dcd4d69d63651cc2c99c19e8494199e8b5ec9e06c8b87f,3ee7e46399aea60603c767e0a604e79e7db233924ce71fe027a1ccc1623b7eb0,7beb41daec3d6a34c6da7696c56a982667957298f017ebe137829282b6ce7985,e6f30e55e478d39061b94e38de33959ca99b16e8cac38a3bd99b34f6543ad4a2,20260924,1.5,kinematic,noise,sigma4cm_lat1step,jonswap,strict,25.0,True,0.04,0.2,33.4,1,33.333333333333336,30.0,,e6f30e55e478d39061b94e38de33959ca99b16e8cac38a3bd99b34f6543ad4a2
ppo,False,2,aft,id,SS6,200,98,0.49,0.42156278331213176,0.5588141232154135,0.01,0.14,0.28,0.08,0.49,0.0,199,0.34022081495642614,0.5089597464345936,0.33808212011717065,0.5183823264555386,0.047610628467465325,0.17176853850070453,32.86723357989326,1.7382747068676716,1.7166666666666666,0.2965185171134453,0.3266873514587301,3,0.015,17,-0.006856485842214215,24,0.12060301507537688,0.0,0,1,1,0,0,134,64,0,200,,0.08239896697090487,0.17317728022282314,0.12,0.08197992706375512,0.17234252098296743,artifacts/runs/ppo/2,ppo,10000000,final,10010624,1d67488e2ec8c8522968511a772f65cfe3d8699d,aa28e4f4fd67c42b54cc6e93b365289bca6512297f4b84c1784bb2fe48a6d1b3,26b6c49f8552f5fa626c19bab5222205eb83d294854734a23c3b0b1b3d70e14a,785d07894e5792c21be9101064cf625c2f21171047f56684d5a0e9b55a6aee91,9a95795a0e61c02e4389f547b94a9dd08c0912af60a5e2094e5cc314ffbfabc3,02bd6e2fc9633ae4e89365c42d519dc4e8ef0c67d17be4050ff3a485b90047de,LearnedPolicy,False,jonswap,jonswap,3.12.3,2.5.2,2.13.0,2.9.0,1.3.0,3.2.7,e9fa15cc35312a5c1ecf0c42668a690b5061c090,7ebad1ecabd28a7000add2d05f888aa2e837c2cc,c7fbdcc4df48bd4a2cfe21811613e5e50e3e4868822fe6dddd13745d96692118,b98d65cc5e34337369dcd4d69d63651cc2c99c19e8494199e8b5ec9e06c8b87f,3ee7e46399aea60603c767e0a604e79e7db233924ce71fe027a1ccc1623b7eb0,7beb41daec3d6a34c6da7696c56a982667957298f017ebe137829282b6ce7985,e6f30e55e478d39061b94e38de33959ca99b16e8cac38a3bd99b34f6543ad4a2,20260924,1.5,kinematic,noise,sigma4cm_lat1step,jonswap,strict,25.0,True,0.04,0.2,33.4,1,33.333333333333336,30.0,,e6f30e55e478d39061b94e38de33959ca99b16e8cac38a3bd99b34f6543ad4a2
ppo,False,3,aft,id,SS3,200,95,0.475,0.4069162264657108,0.5440260398531525,0.0,0.22,0.24,0.065,0.475,0.0,200,0.3556016937157326,0.544791050172915,0.3539883671126114,0.5422167087230172,0.059481924092120525,0.1870233135328041,33.104131950956344,1.5587083333333334,1.5479166666666666,0.31020038970183705,0.32530895870374565,1,0.005,35,-0.009324162429825788,190,0.95,0.755,0,0,0,0,0,151,49,0,200,,0.9104218518612239,0.972617354399236,0.95,0.9104218518612239,0.972617354399236,artifacts/runs/ppo/3,ppo,10000000,final,10010624,1d67488e2ec8c8522968511a772f65cfe3d8699d,aa28e4f4fd67c42b54cc6e93b365289bca6512297f4b84c1784bb2fe48a6d1b3,26b6c49f8552f5fa626c19bab5222205eb83d294854734a23c3b0b1b3d70e14a,ab7152483da4fd50de264a3f0daaffb37cb7febe316803c154b3ed5a494f4d8f,97bb0f4a9cea41eba346cbef16d10a8fd2e625280036dca49859e9d49d7d98f7,e06fa8718729185b93b0874dab70fd01f0cf9fa14cf7de867d18c5555d8c8858,LearnedPolicy,False,jonswap,jonswap,3.12.3,2.5.2,2.13.0,2.9.0,1.3.0,3.2.7,e9fa15cc35312a5c1ecf0c42668a690b5061c090,7ebad1ecabd28a7000add2d05f888aa2e837c2cc,c7fbdcc4df48bd4a2cfe21811613e5e50e3e4868822fe6dddd13745d96692118,b98d65cc5e34337369dcd4d69d63651cc2c99c19e8494199e8b5ec9e06c8b87f,3ee7e46399aea60603c767e0a604e79e7db233924ce71fe027a1ccc1623b7eb0,7beb41daec3d6a34c6da7696c56a982667957298f017ebe137829282b6ce7985,e6f30e55e478d39061b94e38de33959ca99b16e8cac38a3bd99b34f6543ad4a2,20260924,1.5,kinematic,noise,sigma4cm_lat1step,jonswap,strict,25.0,True,0.04,0.2,33.4,1,33.333333333333336,30.0,,e6f30e55e478d39061b94e38de33959ca99b16e8cac38a3bd99b34f6543ad4a2
ppo,False,3,aft,id,SS4,200,100,0.5,0.43136085960389187,0.5686391403961082,0.0,0.17,0.27,0.06,0.5,0.0,200,0.33365098354337586,0.5271588961688721,0.33358608262133344,0.528942640492476,0.047372407667546815,0.16172320418193728,28.03330240963894,1.574041666666667,1.56875,0.30826227657647315,0.32324659001240263,1,0.005,42,-0.008401573379544131,141,0.705,0.75,0,0,0,0,0,157,43,0,200,,0.6384128547538122,0.7638605614315084,0.705,0.6384128547538122,0.7638605614315084,artifacts/runs/ppo/3,ppo,10000000,final,10010624,1d67488e2ec8c8522968511a772f65cfe3d8699d,aa28e4f4fd67c42b54cc6e93b365289bca6512297f4b84c1784bb2fe48a6d1b3,26b6c49f8552f5fa626c19bab5222205eb83d294854734a23c3b0b1b3d70e14a,ab7152483da4fd50de264a3f0daaffb37cb7febe316803c154b3ed5a494f4d8f,97bb0f4a9cea41eba346cbef16d10a8fd2e625280036dca49859e9d49d7d98f7,e06fa8718729185b93b0874dab70fd01f0cf9fa14cf7de867d18c5555d8c8858,LearnedPolicy,False,jonswap,jonswap,3.12.3,2.5.2,2.13.0,2.9.0,1.3.0,3.2.7,e9fa15cc35312a5c1ecf0c42668a690b5061c090,7ebad1ecabd28a7000add2d05f888aa2e837c2cc,c7fbdcc4df48bd4a2cfe21811613e5e50e3e4868822fe6dddd13745d96692118,b98d65cc5e34337369dcd4d69d63651cc2c99c19e8494199e8b5ec9e06c8b87f,3ee7e46399aea60603c767e0a604e79e7db233924ce71fe027a1ccc1623b7eb0,7beb41daec3d6a34c6da7696c56a982667957298f017ebe137829282b6ce7985,e6f30e55e478d39061b94e38de33959ca99b16e8cac38a3bd99b34f6543ad4a2,20260924,1.5,kinematic,noise,sigma4cm_lat1step,jonswap,strict,25.0,True,0.04,0.2,33.4,1,33.333333333333336,30.0,,e6f30e55e478d39061b94e38de33959ca99b16e8cac38a3bd99b34f6543ad4a2
ppo,False,3,aft,id,SS5,200,97,0.485,0.41667385171877513,0.5538915080725428,0.005,0.2,0.24,0.07,0.485,0.0,200,0.3381847115204001,0.5294790983749313,0.3420320131261468,0.5174107008757327,0.059949758034773634,0.16487154062450488,32.662966208803034,1.5967500000000001,1.5875,0.30729126567650206,0.3244977361685137,0,0.0,31,-0.009090808763548302,63,0.315,0.745,0,1,0,0,0,148,51,0,200,,0.2546232099022851,0.3823495608573036,0.315,0.2546232099022851,0.3823495608573036,artifacts/runs/ppo/3,ppo,10000000,final,10010624,1d67488e2ec8c8522968511a772f65cfe3d8699d,aa28e4f4fd67c42b54cc6e93b365289bca6512297f4b84c1784bb2fe48a6d1b3,26b6c49f8552f5fa626c19bab5222205eb83d294854734a23c3b0b1b3d70e14a,ab7152483da4fd50de264a3f0daaffb37cb7febe316803c154b3ed5a494f4d8f,97bb0f4a9cea41eba346cbef16d10a8fd2e625280036dca49859e9d49d7d98f7,e06fa8718729185b93b0874dab70fd01f0cf9fa14cf7de867d18c5555d8c8858,LearnedPolicy,False,jonswap,jonswap,3.12.3,2.5.2,2.13.0,2.9.0,1.3.0,3.2.7,e9fa15cc35312a5c1ecf0c42668a690b5061c090,7ebad1ecabd28a7000add2d05f888aa2e837c2cc,c7fbdcc4df48bd4a2cfe21811613e5e50e3e4868822fe6dddd13745d96692118,b98d65cc5e34337369dcd4d69d63651cc2c99c19e8494199e8b5ec9e06c8b87f,3ee7e46399aea60603c767e0a604e79e7db233924ce71fe027a1ccc1623b7eb0,7beb41daec3d6a34c6da7696c56a982667957298f017ebe137829282b6ce7985,e6f30e55e478d39061b94e38de33959ca99b16e8cac38a3bd99b34f6543ad4a2,20260924,1.5,kinematic,noise,sigma4cm_lat1step,jonswap,strict,25.0,True,0.04,0.2,33.4,1,33.333333333333336,30.0,,e6f30e55e478d39061b94e38de33959ca99b16e8cac38a3bd99b34f6543ad4a2
ppo,False,3,aft,id,SS6,200,95,0.475,0.4069162264657108,0.5440260398531525,0.005,0.18,0.265,0.075,0.475,0.0,200,0.3492451401511094,0.5398310060810306,0.3520677848061343,0.5424564640686549,0.04644995050822592,0.15051386588282925,31.130042351075183,1.6443333333333334,1.63125,0.29752434511925074,0.3266608967627917,2,0.01,39,-0.009393909902193031,25,0.125,0.0,0,1,0,0,0,152,47,0,200,,0.08611974475712644,0.17801425002582347,0.125,0.08611974475712644,0.17801425002582347,artifacts/runs/ppo/3,ppo,10000000,final,10010624,1d67488e2ec8c8522968511a772f65cfe3d8699d,aa28e4f4fd67c42b54cc6e93b365289bca6512297f4b84c1784bb2fe48a6d1b3,26b6c49f8552f5fa626c19bab5222205eb83d294854734a23c3b0b1b3d70e14a,ab7152483da4fd50de264a3f0daaffb37cb7febe316803c154b3ed5a494f4d8f,97bb0f4a9cea41eba346cbef16d10a8fd2e625280036dca49859e9d49d7d98f7,e06fa8718729185b93b0874dab70fd01f0cf9fa14cf7de867d18c5555d8c8858,LearnedPolicy,False,jonswap,jonswap,3.12.3,2.5.2,2.13.0,2.9.0,1.3.0,3.2.7,e9fa15cc35312a5c1ecf0c42668a690b5061c090,7ebad1ecabd28a7000add2d05f888aa2e837c2cc,c7fbdcc4df48bd4a2cfe21811613e5e50e3e4868822fe6dddd13745d96692118,b98d65cc5e34337369dcd4d69d63651cc2c99c19e8494199e8b5ec9e06c8b87f,3ee7e46399aea60603c767e0a604e79e7db233924ce71fe027a1ccc1623b7eb0,7beb41daec3d6a34c6da7696c56a982667957298f017ebe137829282b6ce7985,e6f30e55e478d39061b94e38de33959ca99b16e8cac38a3bd99b34f6543ad4a2,20260924,1.5,kinematic,noise,sigma4cm_lat1step,jonswap,strict,25.0,True,0.04,0.2,33.4,1,33.333333333333336,30.0,,e6f30e55e478d39061b94e38de33959ca99b16e8cac38a3bd99b34f6543ad4a2
ppo,False,4,aft,id,SS3,200,159,0.795,0.7337430194757748,0.8451382379616379,0.005,0.055,0.1,0.045,0.795,0.0,200,0.27773435056015794,0.49238730470416847,0.27813372958670307,0.4953737962077854,0.03879369255935658,0.10581239940208634,18.433218073288018,1.7332708333333335,1.7229166666666664,0.2636377716329497,0.3034540611001764,0,0.0,13,-0.006404446200190377,194,0.97,0.755,0,1,0,0,0,181,18,0,200,,0.9361057075454807,0.9861796856598887,0.97,0.9361057075454807,0.9861796856598887,artifacts/runs/ppo/4,ppo,10000000,final,10010624,1d67488e2ec8c8522968511a772f65cfe3d8699d,aa28e4f4fd67c42b54cc6e93b365289bca6512297f4b84c1784bb2fe48a6d1b3,26b6c49f8552f5fa626c19bab5222205eb83d294854734a23c3b0b1b3d70e14a,0f6fa22d0d78ca95d6921cbffd3a3f33256b0b062e60450732bc5ff3d852289b,6e5d7599d8b22d2faeae0c29e77815969a718294a40510afc7a7f4c6eeba4d38,25ca4106038d25702886c8826640f3a64cf21ce82006e4cae60c158511cd7d6e,LearnedPolicy,False,jonswap,jonswap,3.12.3,2.5.2,2.13.0,2.9.0,1.3.0,3.2.7,e9fa15cc35312a5c1ecf0c42668a690b5061c090,7ebad1ecabd28a7000add2d05f888aa2e837c2cc,c7fbdcc4df48bd4a2cfe21811613e5e50e3e4868822fe6dddd13745d96692118,b98d65cc5e34337369dcd4d69d63651cc2c99c19e8494199e8b5ec9e06c8b87f,3ee7e46399aea60603c767e0a604e79e7db233924ce71fe027a1ccc1623b7eb0,7beb41daec3d6a34c6da7696c56a982667957298f017ebe137829282b6ce7985,e6f30e55e478d39061b94e38de33959ca99b16e8cac38a3bd99b34f6543ad4a2,20260924,1.5,kinematic,noise,sigma4cm_lat1step,jonswap,strict,25.0,True,0.04,0.2,33.4,1,33.333333333333336,30.0,,e6f30e55e478d39061b94e38de33959ca99b16e8cac38a3bd99b34f6543ad4a2
ppo,False,4,aft,id,SS4,200,149,0.745,0.6803707417954529,0.8003950482796865,0.0,0.07,0.085,0.1,0.745,0.0,200,0.3060973492309378,0.47321930019717084,0.31167425752233757,0.4756892928183443,0.03933081953111427,0.10606739683789293,18.27433094377673,1.7251666666666665,1.7125,0.2660842865144368,0.300568735995315,1,0.005,14,-0.007085523831770058,141,0.705,0.75,0,0,0,0,0,177,23,0,200,,0.6384128547538122,0.7638605614315084,0.705,0.6384128547538122,0.7638605614315084,artifacts/runs/ppo/4,ppo,10000000,final,10010624,1d67488e2ec8c8522968511a772f65cfe3d8699d,aa28e4f4fd67c42b54cc6e93b365289bca6512297f4b84c1784bb2fe48a6d1b3,26b6c49f8552f5fa626c19bab5222205eb83d294854734a23c3b0b1b3d70e14a,0f6fa22d0d78ca95d6921cbffd3a3f33256b0b062e60450732bc5ff3d852289b,6e5d7599d8b22d2faeae0c29e77815969a718294a40510afc7a7f4c6eeba4d38,25ca4106038d25702886c8826640f3a64cf21ce82006e4cae60c158511cd7d6e,LearnedPolicy,False,jonswap,jonswap,3.12.3,2.5.2,2.13.0,2.9.0,1.3.0,3.2.7,e9fa15cc35312a5c1ecf0c42668a690b5061c090,7ebad1ecabd28a7000add2d05f888aa2e837c2cc,c7fbdcc4df48bd4a2cfe21811613e5e50e3e4868822fe6dddd13745d96692118,b98d65cc5e34337369dcd4d69d63651cc2c99c19e8494199e8b5ec9e06c8b87f,3ee7e46399aea60603c767e0a604e79e7db233924ce71fe027a1ccc1623b7eb0,7beb41daec3d6a34c6da7696c56a982667957298f017ebe137829282b6ce7985,e6f30e55e478d39061b94e38de33959ca99b16e8cac38a3bd99b34f6543ad4a2,20260924,1.5,kinematic,noise,sigma4cm_lat1step,jonswap,strict,25.0,True,0.04,0.2,33.4,1,33.333333333333336,30.0,,e6f30e55e478d39061b94e38de33959ca99b16e8cac38a3bd99b34f6543ad4a2
ppo,False,4,aft,id,SS5,200,148,0.74,0.6750925439746589,0.7958616993642531,0.005,0.045,0.135,0.075,0.74,0.0,200,0.3049138511133973,0.4943090119403601,0.302019441266747,0.48833534836601356,0.03773796224778292,0.09917190488127671,18.650755831188732,1.7275416666666665,1.71875,0.26991780865707005,0.30709842160054024,1,0.005,18,-0.006947308800130526,62,0.31,0.745,0,1,0,0,0,171,28,0,200,,0.2499894483607809,0.37717177566258037,0.31,0.2499894483607809,0.37717177566258037,artifacts/runs/ppo/4,ppo,10000000,final,10010624,1d67488e2ec8c8522968511a772f65cfe3d8699d,aa28e4f4fd67c42b54cc6e93b365289bca6512297f4b84c1784bb2fe48a6d1b3,26b6c49f8552f5fa626c19bab5222205eb83d294854734a23c3b0b1b3d70e14a,0f6fa22d0d78ca95d6921cbffd3a3f33256b0b062e60450732bc5ff3d852289b,6e5d7599d8b22d2faeae0c29e77815969a718294a40510afc7a7f4c6eeba4d38,25ca4106038d25702886c8826640f3a64cf21ce82006e4cae60c158511cd7d6e,LearnedPolicy,False,jonswap,jonswap,3.12.3,2.5.2,2.13.0,2.9.0,1.3.0,3.2.7,e9fa15cc35312a5c1ecf0c42668a690b5061c090,7ebad1ecabd28a7000add2d05f888aa2e837c2cc,c7fbdcc4df48bd4a2cfe21811613e5e50e3e4868822fe6dddd13745d96692118,b98d65cc5e34337369dcd4d69d63651cc2c99c19e8494199e8b5ec9e06c8b87f,3ee7e46399aea60603c767e0a604e79e7db233924ce71fe027a1ccc1623b7eb0,7beb41daec3d6a34c6da7696c56a982667957298f017ebe137829282b6ce7985,e6f30e55e478d39061b94e38de33959ca99b16e8cac38a3bd99b34f6543ad4a2,20260924,1.5,kinematic,noise,sigma4cm_lat1step,jonswap,strict,25.0,True,0.04,0.2,33.4,1,33.333333333333336,30.0,,e6f30e55e478d39061b94e38de33959ca99b16e8cac38a3bd99b34f6543ad4a2
ppo,False,4,aft,id,SS6,200,129,0.645,0.5765211307549043,0.7080137245956883,0.0,0.04,0.21,0.105,0.645,0.0,200,0.2990938410826164,0.5291542685635522,0.307908209351213,0.5271465551617426,0.034939621605004176,0.0895992428338335,21.0641531269068,1.717645833333333,1.71875,0.2686673851317108,0.30611251859295324,2,0.01,18,-0.007199237461527736,26,0.13,0.0,0,0,0,0,0,160,40,0,200,,0.0902820227966932,0.18366351872248407,0.13,0.0902820227966932,0.18366351872248407,artifacts/runs/ppo/4,ppo,10000000,final,10010624,1d67488e2ec8c8522968511a772f65cfe3d8699d,aa28e4f4fd67c42b54cc6e93b365289bca6512297f4b84c1784bb2fe48a6d1b3,26b6c49f8552f5fa626c19bab5222205eb83d294854734a23c3b0b1b3d70e14a,0f6fa22d0d78ca95d6921cbffd3a3f33256b0b062e60450732bc5ff3d852289b,6e5d7599d8b22d2faeae0c29e77815969a718294a40510afc7a7f4c6eeba4d38,25ca4106038d25702886c8826640f3a64cf21ce82006e4cae60c158511cd7d6e,LearnedPolicy,False,jonswap,jonswap,3.12.3,2.5.2,2.13.0,2.9.0,1.3.0,3.2.7,e9fa15cc35312a5c1ecf0c42668a690b5061c090,7ebad1ecabd28a7000add2d05f888aa2e837c2cc,c7fbdcc4df48bd4a2cfe21811613e5e50e3e4868822fe6dddd13745d96692118,b98d65cc5e34337369dcd4d69d63651cc2c99c19e8494199e8b5ec9e06c8b87f,3ee7e46399aea60603c767e0a604e79e7db233924ce71fe027a1ccc1623b7eb0,7beb41daec3d6a34c6da7696c56a982667957298f017ebe137829282b6ce7985,e6f30e55e478d39061b94e38de33959ca99b16e8cac38a3bd99b34f6543ad4a2,20260924,1.5,kinematic,noise,sigma4cm_lat1step,jonswap,strict,25.0,True,0.04,0.2,33.4,1,33.333333333333336,30.0,,e6f30e55e478d39061b94e38de33959ca99b16e8cac38a3bd99b34f6543ad4a2
sac,False,0,aft,id,SS3,200,69,0.345,0.2825979437674894,0.4132441074094632,0.005,0.17,0.435,0.045,0.345,0.0,199,0.464000430250818,0.7250996336010932,0.46316968104129647,0.725811801898939,0.05976652381019013,0.12759229173382353,22.47172029954105,1.4441582914572866,1.3708333333333333,0.9450290542809932,0.9079410125737687,0,0.0,99,-0.011265375598610442,188,0.9447236180904522,0.755,0,0,1,0,0,168,31,0,200,,0.9037451343401277,0.9688575427904029,0.94,0.8980683070423372,0.9653478057456681,artifacts/runs/sac/0,sac,2000000,final,2000000,14d7f32bf25e34a16fe3677cdab869c107881536,04af3f42a26542592ae4f363f65c6e5d7add8aeafb0ca57a9a91656a83c5623d,a46f94152e99cd325ec30eb7de6c25c79be05c2294519eddee235e09b8bf5159,3401491ed458d6d474879747c9951dcd51ee8cb8cc761762d78de5b8f4271222,145883fa0744dbaa9bdd35d50f7069f67ed4e6a269023e7d19c524825ca1755b,93dce22b2e888e64cef832c51e9fd69a23b7240739883bba0d0b452edbd0e43a,LearnedPolicy,False,jonswap,jonswap,3.12.3,2.5.2,2.13.0,2.9.0,1.3.0,3.2.7,e9fa15cc35312a5c1ecf0c42668a690b5061c090,7ebad1ecabd28a7000add2d05f888aa2e837c2cc,c7fbdcc4df48bd4a2cfe21811613e5e50e3e4868822fe6dddd13745d96692118,b98d65cc5e34337369dcd4d69d63651cc2c99c19e8494199e8b5ec9e06c8b87f,3ee7e46399aea60603c767e0a604e79e7db233924ce71fe027a1ccc1623b7eb0,7beb41daec3d6a34c6da7696c56a982667957298f017ebe137829282b6ce7985,e6f30e55e478d39061b94e38de33959ca99b16e8cac38a3bd99b34f6543ad4a2,20260924,1.5,kinematic,noise,sigma4cm_lat1step,jonswap,strict,25.0,True,0.04,0.2,33.4,1,33.333333333333336,30.0,,e6f30e55e478d39061b94e38de33959ca99b16e8cac38a3bd99b34f6543ad4a2
sac,False,0,aft,id,SS4,200,62,0.31,0.2499894483607809,0.37717177566258037,0.03,0.15,0.48,0.03,0.31,0.0,194,0.4664443941288755,0.7509830584081999,0.46635288150995324,0.7451109900076267,0.05571560293008346,0.14298170607847768,22.34827079009629,1.5440506872852235,1.4208333333333334,0.9558940359738872,0.9015710638986402,0,0.0,107,-0.012248164139294871,141,0.7268041237113402,0.75,0,0,4,2,0,149,45,0,200,,0.6601523923353849,0.784648209745473,0.705,0.6384128547538122,0.7638605614315084,artifacts/runs/sac/0,sac,2000000,final,2000000,14d7f32bf25e34a16fe3677cdab869c107881536,04af3f42a26542592ae4f363f65c6e5d7add8aeafb0ca57a9a91656a83c5623d,a46f94152e99cd325ec30eb7de6c25c79be05c2294519eddee235e09b8bf5159,3401491ed458d6d474879747c9951dcd51ee8cb8cc761762d78de5b8f4271222,145883fa0744dbaa9bdd35d50f7069f67ed4e6a269023e7d19c524825ca1755b,93dce22b2e888e64cef832c51e9fd69a23b7240739883bba0d0b452edbd0e43a,LearnedPolicy,False,jonswap,jonswap,3.12.3,2.5.2,2.13.0,2.9.0,1.3.0,3.2.7,e9fa15cc35312a5c1ecf0c42668a690b5061c090,7ebad1ecabd28a7000add2d05f888aa2e837c2cc,c7fbdcc4df48bd4a2cfe21811613e5e50e3e4868822fe6dddd13745d96692118,b98d65cc5e34337369dcd4d69d63651cc2c99c19e8494199e8b5ec9e06c8b87f,3ee7e46399aea60603c767e0a604e79e7db233924ce71fe027a1ccc1623b7eb0,7beb41daec3d6a34c6da7696c56a982667957298f017ebe137829282b6ce7985,e6f30e55e478d39061b94e38de33959ca99b16e8cac38a3bd99b34f6543ad4a2,20260924,1.5,kinematic,noise,sigma4cm_lat1step,jonswap,strict,25.0,True,0.04,0.2,33.4,1,33.333333333333336,30.0,,e6f30e55e478d39061b94e38de33959ca99b16e8cac38a3bd99b34f6543ad4a2
sac,False,0,aft,id,SS5,200,47,0.235,0.18157433415232588,0.29841368882762537,0.125,0.255,0.355,0.03,0.235,0.0,181,0.450481925569882,0.7254940871919855,0.44684273850572365,0.7309046364264222,0.07862724986443767,0.28592324522153817,25.79204753766258,1.7802255985267037,1.5541666666666667,0.9913138252269156,0.9042972662228675,7,0.035,106,-0.010642930814747618,63,0.34806629834254144,0.745,0,6,14,5,0,119,56,0,200,,0.28247907712289033,0.4199686294094799,0.315,0.2546232099022851,0.3823495608573036,artifacts/runs/sac/0,sac,2000000,final,2000000,14d7f32bf25e34a16fe3677cdab869c107881536,04af3f42a26542592ae4f363f65c6e5d7add8aeafb0ca57a9a91656a83c5623d,a46f94152e99cd325ec30eb7de6c25c79be05c2294519eddee235e09b8bf5159,3401491ed458d6d474879747c9951dcd51ee8cb8cc761762d78de5b8f4271222,145883fa0744dbaa9bdd35d50f7069f67ed4e6a269023e7d19c524825ca1755b,93dce22b2e888e64cef832c51e9fd69a23b7240739883bba0d0b452edbd0e43a,LearnedPolicy,False,jonswap,jonswap,3.12.3,2.5.2,2.13.0,2.9.0,1.3.0,3.2.7,e9fa15cc35312a5c1ecf0c42668a690b5061c090,7ebad1ecabd28a7000add2d05f888aa2e837c2cc,c7fbdcc4df48bd4a2cfe21811613e5e50e3e4868822fe6dddd13745d96692118,b98d65cc5e34337369dcd4d69d63651cc2c99c19e8494199e8b5ec9e06c8b87f,3ee7e46399aea60603c767e0a604e79e7db233924ce71fe027a1ccc1623b7eb0,7beb41daec3d6a34c6da7696c56a982667957298f017ebe137829282b6ce7985,e6f30e55e478d39061b94e38de33959ca99b16e8cac38a3bd99b34f6543ad4a2,20260924,1.5,kinematic,noise,sigma4cm_lat1step,jonswap,strict,25.0,True,0.04,0.2,33.4,1,33.333333333333336,30.0,,e6f30e55e478d39061b94e38de33959ca99b16e8cac38a3bd99b34f6543ad4a2
sac,False,0,aft,id,SS6,200,27,0.135,0.09446570454787906,0.18929138370752552,0.175,0.32,0.33,0.04,0.135,0.0,169,0.49080706815460434,0.8763016781973099,0.4795879665861871,0.8184927119349983,0.08483647144197433,0.33669196551948877,40.5251393297343,2.124063116370809,1.7958333333333334,1.0332163331642306,0.8963243007147657,10,0.05,84,-0.012898699413612085,24,0.14201183431952663,0.0,0,4,29,2,0,85,80,0,200,,0.09732473845058533,0.202611741919408,0.12,0.08197992706375512,0.17234252098296743,artifacts/runs/sac/0,sac,2000000,final,2000000,14d7f32bf25e34a16fe3677cdab869c107881536,04af3f42a26542592ae4f363f65c6e5d7add8aeafb0ca57a9a91656a83c5623d,a46f94152e99cd325ec30eb7de6c25c79be05c2294519eddee235e09b8bf5159,3401491ed458d6d474879747c9951dcd51ee8cb8cc761762d78de5b8f4271222,145883fa0744dbaa9bdd35d50f7069f67ed4e6a269023e7d19c524825ca1755b,93dce22b2e888e64cef832c51e9fd69a23b7240739883bba0d0b452edbd0e43a,LearnedPolicy,False,jonswap,jonswap,3.12.3,2.5.2,2.13.0,2.9.0,1.3.0,3.2.7,e9fa15cc35312a5c1ecf0c42668a690b5061c090,7ebad1ecabd28a7000add2d05f888aa2e837c2cc,c7fbdcc4df48bd4a2cfe21811613e5e50e3e4868822fe6dddd13745d96692118,b98d65cc5e34337369dcd4d69d63651cc2c99c19e8494199e8b5ec9e06c8b87f,3ee7e46399aea60603c767e0a604e79e7db233924ce71fe027a1ccc1623b7eb0,7beb41daec3d6a34c6da7696c56a982667957298f017ebe137829282b6ce7985,e6f30e55e478d39061b94e38de33959ca99b16e8cac38a3bd99b34f6543ad4a2,20260924,1.5,kinematic,noise,sigma4cm_lat1step,jonswap,strict,25.0,True,0.04,0.2,33.4,1,33.333333333333336,30.0,,e6f30e55e478d39061b94e38de33959ca99b16e8cac38a3bd99b34f6543ad4a2
sac,False,1,aft,id,SS3,200,11,0.055,0.03098534170345884,0.0957869987723084,0.215,0.33,0.36,0.04,0.055,0.0,164,0.5541647594897752,0.9181395814757634,0.5500156292319156,0.9216561586119155,0.09100811452399762,0.27686438112751527,39.8812442410806,2.2426575203252033,2.05625,0.9757185128325674,0.9514858812414719,9,0.045,102,-0.015098176022624902,156,0.9512195121951219,0.755,0,7,35,1,0,79,78,0,200,,0.9067067294106304,0.9750777893840323,0.78,0.7176120008170632,0.8318346164116674,artifacts/runs/sac/1,sac,2000000,final,2000000,14d7f32bf25e34a16fe3677cdab869c107881536,04af3f42a26542592ae4f363f65c6e5d7add8aeafb0ca57a9a91656a83c5623d,a46f94152e99cd325ec30eb7de6c25c79be05c2294519eddee235e09b8bf5159,8f72450570c886e5c0f75c9a89782a62f7e829fc0ed24e12b4a9994098d4373d,eb9ea77cfdce8e5e360e36f545085ddadcfffcdc64e04912ad9f5564870bcdea,8880fffd9d5bee4a3fa40f00eb2613071bf8fbfc917c39d626b6df6054a06ac4,LearnedPolicy,False,jonswap,jonswap,3.12.3,2.5.2,2.13.0,2.9.0,1.3.0,3.2.7,e9fa15cc35312a5c1ecf0c42668a690b5061c090,7ebad1ecabd28a7000add2d05f888aa2e837c2cc,c7fbdcc4df48bd4a2cfe21811613e5e50e3e4868822fe6dddd13745d96692118,b98d65cc5e34337369dcd4d69d63651cc2c99c19e8494199e8b5ec9e06c8b87f,3ee7e46399aea60603c767e0a604e79e7db233924ce71fe027a1ccc1623b7eb0,7beb41daec3d6a34c6da7696c56a982667957298f017ebe137829282b6ce7985,e6f30e55e478d39061b94e38de33959ca99b16e8cac38a3bd99b34f6543ad4a2,20260924,1.5,kinematic,noise,sigma4cm_lat1step,jonswap,strict,25.0,True,0.04,0.2,33.4,1,33.333333333333336,30.0,,e6f30e55e478d39061b94e38de33959ca99b16e8cac38a3bd99b34f6543ad4a2
sac,False,1,aft,id,SS4,200,16,0.08,0.049840585889759974,0.12598948826714396,0.23,0.32,0.35,0.02,0.08,0.0,164,0.5328722735357512,0.9567683680506012,0.5280504134892137,0.9651525722675386,0.09441110266226374,0.290875365984613,38.35211820024728,2.291819105691057,2.11875,0.9794521827637439,0.9526227367968292,4,0.02,98,-0.01825407668510385,125,0.7621951219512195,0.75,0,7,38,1,0,75,79,0,200,,0.6915068834018161,0.8208814180599475,0.625,0.5561430369897816,0.6891456314159018,artifacts/runs/sac/1,sac,2000000,final,2000000,14d7f32bf25e34a16fe3677cdab869c107881536,04af3f42a26542592ae4f363f65c6e5d7add8aeafb0ca57a9a91656a83c5623d,a46f94152e99cd325ec30eb7de6c25c79be05c2294519eddee235e09b8bf5159,8f72450570c886e5c0f75c9a89782a62f7e829fc0ed24e12b4a9994098d4373d,eb9ea77cfdce8e5e360e36f545085ddadcfffcdc64e04912ad9f5564870bcdea,8880fffd9d5bee4a3fa40f00eb2613071bf8fbfc917c39d626b6df6054a06ac4,LearnedPolicy,False,jonswap,jonswap,3.12.3,2.5.2,2.13.0,2.9.0,1.3.0,3.2.7,e9fa15cc35312a5c1ecf0c42668a690b5061c090,7ebad1ecabd28a7000add2d05f888aa2e837c2cc,c7fbdcc4df48bd4a2cfe21811613e5e50e3e4868822fe6dddd13745d96692118,b98d65cc5e34337369dcd4d69d63651cc2c99c19e8494199e8b5ec9e06c8b87f,3ee7e46399aea60603c767e0a604e79e7db233924ce71fe027a1ccc1623b7eb0,7beb41daec3d6a34c6da7696c56a982667957298f017ebe137829282b6ce7985,e6f30e55e478d39061b94e38de33959ca99b16e8cac38a3bd99b34f6543ad4a2,20260924,1.5,kinematic,noise,sigma4cm_lat1step,jonswap,strict,25.0,True,0.04,0.2,33.4,1,33.333333333333336,30.0,,e6f30e55e478d39061b94e38de33959ca99b16e8cac38a3bd99b34f6543ad4a2
sac,False,1,aft,id,SS5,200,11,0.055,0.03098534170345884,0.0957869987723084,0.31,0.325,0.28,0.03,0.055,0.0,148,0.5630415714854974,0.9798022942290753,0.5665676662641967,0.9746504954019282,0.10221754278228405,0.31981924263609607,41.42867320716656,2.338626126126126,2.10625,1.0317150610770682,0.9441355949430804,7,0.035,97,-0.013769509977413705,56,0.3783783783783784,0.745,0,8,49,3,2,73,65,0,200,,0.30425405169196873,0.4586565507245193,0.28,0.22236889773949026,0.3459230458665071,artifacts/runs/sac/1,sac,2000000,final,2000000,14d7f32bf25e34a16fe3677cdab869c107881536,04af3f42a26542592ae4f363f65c6e5d7add8aeafb0ca57a9a91656a83c5623d,a46f94152e99cd325ec30eb7de6c25c79be05c2294519eddee235e09b8bf5159,8f72450570c886e5c0f75c9a89782a62f7e829fc0ed24e12b4a9994098d4373d,eb9ea77cfdce8e5e360e36f545085ddadcfffcdc64e04912ad9f5564870bcdea,8880fffd9d5bee4a3fa40f00eb2613071bf8fbfc917c39d626b6df6054a06ac4,LearnedPolicy,False,jonswap,jonswap,3.12.3,2.5.2,2.13.0,2.9.0,1.3.0,3.2.7,e9fa15cc35312a5c1ecf0c42668a690b5061c090,7ebad1ecabd28a7000add2d05f888aa2e837c2cc,c7fbdcc4df48bd4a2cfe21811613e5e50e3e4868822fe6dddd13745d96692118,b98d65cc5e34337369dcd4d69d63651cc2c99c19e8494199e8b5ec9e06c8b87f,3ee7e46399aea60603c767e0a604e79e7db233924ce71fe027a1ccc1623b7eb0,7beb41daec3d6a34c6da7696c56a982667957298f017ebe137829282b6ce7985,e6f30e55e478d39061b94e38de33959ca99b16e8cac38a3bd99b34f6543ad4a2,20260924,1.5,kinematic,noise,sigma4cm_lat1step,jonswap,strict,25.0,True,0.04,0.2,33.4,1,33.333333333333336,30.0,,e6f30e55e478d39061b94e38de33959ca99b16e8cac38a3bd99b34f6543ad4a2
sac,False,1,aft,id,SS6,200,7,0.035,0.017055542008567192,0.07047061152229073,0.45,0.32,0.18,0.01,0.035,0.005,123,0.5311682366966578,0.9996244684032218,0.5136289622118688,1.0018618721013859,0.1129509019041391,0.3388718493238037,46.23232127414488,2.6575880758807586,2.3166666666666664,1.059019090971577,0.913840195038334,10,0.05,68,-0.016062860033164313,19,0.15447154471544716,0.0,0,10,77,2,1,42,67,1,200,,0.10117791843878993,0.22869418497057037,0.095,0.06166310271738653,0.1436016116481994,artifacts/runs/sac/1,sac,2000000,final,2000000,14d7f32bf25e34a16fe3677cdab869c107881536,04af3f42a26542592ae4f363f65c6e5d7add8aeafb0ca57a9a91656a83c5623d,a46f94152e99cd325ec30eb7de6c25c79be05c2294519eddee235e09b8bf5159,8f72450570c886e5c0f75c9a89782a62f7e829fc0ed24e12b4a9994098d4373d,eb9ea77cfdce8e5e360e36f545085ddadcfffcdc64e04912ad9f5564870bcdea,8880fffd9d5bee4a3fa40f00eb2613071bf8fbfc917c39d626b6df6054a06ac4,LearnedPolicy,False,jonswap,jonswap,3.12.3,2.5.2,2.13.0,2.9.0,1.3.0,3.2.7,e9fa15cc35312a5c1ecf0c42668a690b5061c090,7ebad1ecabd28a7000add2d05f888aa2e837c2cc,c7fbdcc4df48bd4a2cfe21811613e5e50e3e4868822fe6dddd13745d96692118,b98d65cc5e34337369dcd4d69d63651cc2c99c19e8494199e8b5ec9e06c8b87f,3ee7e46399aea60603c767e0a604e79e7db233924ce71fe027a1ccc1623b7eb0,7beb41daec3d6a34c6da7696c56a982667957298f017ebe137829282b6ce7985,e6f30e55e478d39061b94e38de33959ca99b16e8cac38a3bd99b34f6543ad4a2,20260924,1.5,kinematic,noise,sigma4cm_lat1step,jonswap,strict,25.0,True,0.04,0.2,33.4,1,33.333333333333336,30.0,,e6f30e55e478d39061b94e38de33959ca99b16e8cac38a3bd99b34f6543ad4a2
sac,False,2,aft,id,SS3,200,15,0.075,0.04597491718438201,0.12004361023629456,0.37,0.295,0.205,0.005,0.075,0.05,129,0.580055167906981,1.096247278289478,0.5775002071339197,1.0945120318263433,0.12193368412308038,0.3536101940327071,49.62669431470373,3.010335917312662,2.8208333333333333,0.8929294833251217,0.9731062772083402,7,0.035,72,-0.018184568891335996,125,0.9689922480620154,0.755,0,13,59,2,0,47,69,10,200,,0.9229832552530715,0.9878769616866008,0.625,0.5561430369897816,0.6891456314159018,artifacts/runs/sac/2,sac,2000000,final,2000000,14d7f32bf25e34a16fe3677cdab869c107881536,04af3f42a26542592ae4f363f65c6e5d7add8aeafb0ca57a9a91656a83c5623d,a46f94152e99cd325ec30eb7de6c25c79be05c2294519eddee235e09b8bf5159,9688985a5ccf9054cc3ea10bb2397c3dc7666ffe045125f5757010ad8b83201c,aa95499ec91ebf4277770bc01b1ca798c570abfbb01f09a3d5835d001ed883ff,22f5bdf89b8ca6f9f0945a492532b9996aef9ed5b0cba343cdcce1b2385836a2,LearnedPolicy,False,jonswap,jonswap,3.12.3,2.5.2,2.13.0,2.9.0,1.3.0,3.2.7,e9fa15cc35312a5c1ecf0c42668a690b5061c090,7ebad1ecabd28a7000add2d05f888aa2e837c2cc,c7fbdcc4df48bd4a2cfe21811613e5e50e3e4868822fe6dddd13745d96692118,b98d65cc5e34337369dcd4d69d63651cc2c99c19e8494199e8b5ec9e06c8b87f,3ee7e46399aea60603c767e0a604e79e7db233924ce71fe027a1ccc1623b7eb0,7beb41daec3d6a34c6da7696c56a982667957298f017ebe137829282b6ce7985,e6f30e55e478d39061b94e38de33959ca99b16e8cac38a3bd99b34f6543ad4a2,20260924,1.5,kinematic,noise,sigma4cm_lat1step,jonswap,strict,25.0,True,0.04,0.2,33.4,1,33.333333333333336,30.0,,e6f30e55e478d39061b94e38de33959ca99b16e8cac38a3bd99b34f6543ad4a2
sac,False,2,aft,id,SS4,200,18,0.09,0.05768744886219316,0.13776571876716542,0.28,0.255,0.33,0.015,0.09,0.03,144,0.555180943724032,1.0565600602991967,0.5542726848051164,1.0356787016199016,0.08365269647306782,0.2634152176895617,36.863278988455576,2.719936342592592,2.4916666666666663,0.8767918780986512,0.958861164480278,6,0.03,94,-0.016863503869489756,99,0.6875,0.75,0,4,50,2,0,85,53,6,200,,0.6077537883161784,0.7575023477551829,0.495,0.4264584535990475,0.5637299996647251,artifacts/runs/sac/2,sac,2000000,final,2000000,14d7f32bf25e34a16fe3677cdab869c107881536,04af3f42a26542592ae4f363f65c6e5d7add8aeafb0ca57a9a91656a83c5623d,a46f94152e99cd325ec30eb7de6c25c79be05c2294519eddee235e09b8bf5159,9688985a5ccf9054cc3ea10bb2397c3dc7666ffe045125f5757010ad8b83201c,aa95499ec91ebf4277770bc01b1ca798c570abfbb01f09a3d5835d001ed883ff,22f5bdf89b8ca6f9f0945a492532b9996aef9ed5b0cba343cdcce1b2385836a2,LearnedPolicy,False,jonswap,jonswap,3.12.3,2.5.2,2.13.0,2.9.0,1.3.0,3.2.7,e9fa15cc35312a5c1ecf0c42668a690b5061c090,7ebad1ecabd28a7000add2d05f888aa2e837c2cc,c7fbdcc4df48bd4a2cfe21811613e5e50e3e4868822fe6dddd13745d96692118,b98d65cc5e34337369dcd4d69d63651cc2c99c19e8494199e8b5ec9e06c8b87f,3ee7e46399aea60603c767e0a604e79e7db233924ce71fe027a1ccc1623b7eb0,7beb41daec3d6a34c6da7696c56a982667957298f017ebe137829282b6ce7985,e6f30e55e478d39061b94e38de33959ca99b16e8cac38a3bd99b34f6543ad4a2,20260924,1.5,kinematic,noise,sigma4cm_lat1step,jonswap,strict,25.0,True,0.04,0.2,33.4,1,33.333333333333336,30.0,,e6f30e55e478d39061b94e38de33959ca99b16e8cac38a3bd99b34f6543ad4a2
sac,False,2,aft,id,SS5,200,14,0.07,0.042152171828342806,0.11405480885610647,0.31,0.3,0.255,0.01,0.07,0.055,130,0.569902727607219,0.9902552017972274,0.5572363642985929,1.016654041486525,0.09879935801405929,0.2619236834724559,39.70551109228093,2.5625,2.4104166666666664,0.8893230634115983,0.9167248137027982,1,0.005,81,-0.012941114892990265,33,0.25384615384615383,0.745,0,3,57,2,0,73,54,11,200,,0.18684207984962092,0.3349802271999453,0.165,0.11996855328217307,0.2226578153905955,artifacts/runs/sac/2,sac,2000000,final,2000000,14d7f32bf25e34a16fe3677cdab869c107881536,04af3f42a26542592ae4f363f65c6e5d7add8aeafb0ca57a9a91656a83c5623d,a46f94152e99cd325ec30eb7de6c25c79be05c2294519eddee235e09b8bf5159,9688985a5ccf9054cc3ea10bb2397c3dc7666ffe045125f5757010ad8b83201c,aa95499ec91ebf4277770bc01b1ca798c570abfbb01f09a3d5835d001ed883ff,22f5bdf89b8ca6f9f0945a492532b9996aef9ed5b0cba343cdcce1b2385836a2,LearnedPolicy,False,jonswap,jonswap,3.12.3,2.5.2,2.13.0,2.9.0,1.3.0,3.2.7,e9fa15cc35312a5c1ecf0c42668a690b5061c090,7ebad1ecabd28a7000add2d05f888aa2e837c2cc,c7fbdcc4df48bd4a2cfe21811613e5e50e3e4868822fe6dddd13745d96692118,b98d65cc5e34337369dcd4d69d63651cc2c99c19e8494199e8b5ec9e06c8b87f,3ee7e46399aea60603c767e0a604e79e7db233924ce71fe027a1ccc1623b7eb0,7beb41daec3d6a34c6da7696c56a982667957298f017ebe137829282b6ce7985,e6f30e55e478d39061b94e38de33959ca99b16e8cac38a3bd99b34f6543ad4a2,20260924,1.5,kinematic,noise,sigma4cm_lat1step,jonswap,strict,25.0,True,0.04,0.2,33.4,1,33.333333333333336,30.0,,e6f30e55e478d39061b94e38de33959ca99b16e8cac38a3bd99b34f6543ad4a2
sac,False,2,aft,id,SS6,200,5,0.025,0.010724719651761264,0.05717834040664198,0.385,0.31,0.23,0.005,0.025,0.045,122,0.5990893485027169,0.9803488772490466,0.5911699143504728,0.9819821142384818,0.11494636118465563,0.32795392128645984,39.427378908889395,2.743715846994536,2.5229166666666667,0.9173061459048846,0.8757914344943429,2,0.01,84,-0.013124699236959442,19,0.1557377049180328,0.0,0,8,69,0,0,60,54,9,200,,0.10202734884743364,0.2304660854531982,0.095,0.06166310271738653,0.1436016116481994,artifacts/runs/sac/2,sac,2000000,final,2000000,14d7f32bf25e34a16fe3677cdab869c107881536,04af3f42a26542592ae4f363f65c6e5d7add8aeafb0ca57a9a91656a83c5623d,a46f94152e99cd325ec30eb7de6c25c79be05c2294519eddee235e09b8bf5159,9688985a5ccf9054cc3ea10bb2397c3dc7666ffe045125f5757010ad8b83201c,aa95499ec91ebf4277770bc01b1ca798c570abfbb01f09a3d5835d001ed883ff,22f5bdf89b8ca6f9f0945a492532b9996aef9ed5b0cba343cdcce1b2385836a2,LearnedPolicy,False,jonswap,jonswap,3.12.3,2.5.2,2.13.0,2.9.0,1.3.0,3.2.7,e9fa15cc35312a5c1ecf0c42668a690b5061c090,7ebad1ecabd28a7000add2d05f888aa2e837c2cc,c7fbdcc4df48bd4a2cfe21811613e5e50e3e4868822fe6dddd13745d96692118,b98d65cc5e34337369dcd4d69d63651cc2c99c19e8494199e8b5ec9e06c8b87f,3ee7e46399aea60603c767e0a604e79e7db233924ce71fe027a1ccc1623b7eb0,7beb41daec3d6a34c6da7696c56a982667957298f017ebe137829282b6ce7985,e6f30e55e478d39061b94e38de33959ca99b16e8cac38a3bd99b34f6543ad4a2,20260924,1.5,kinematic,noise,sigma4cm_lat1step,jonswap,strict,25.0,True,0.04,0.2,33.4,1,33.333333333333336,30.0,,e6f30e55e478d39061b94e38de33959ca99b16e8cac38a3bd99b34f6543ad4a2
sac,False,3,aft,id,SS3,200,36,0.18,0.13294625859420173,0.23911475028724882,0.1,0.27,0.42,0.03,0.18,0.0,186,0.5523062394009566,1.0199400412717408,0.5535765675454818,1.028413418685432,0.07361379576993742,0.25498684225846846,39.08964897188709,2.2088485663082436,2.1166666666666667,1.0092238518375354,0.9684626524646356,4,0.02,126,-0.016371168771254108,172,0.9247311827956989,0.755,0,1,18,1,0,123,57,0,200,,0.8776361066526293,0.9546373123439635,0.86,0.8051011913429243,0.9013301736654437,artifacts/runs/sac/3,sac,2000000,final,2000000,14d7f32bf25e34a16fe3677cdab869c107881536,04af3f42a26542592ae4f363f65c6e5d7add8aeafb0ca57a9a91656a83c5623d,a46f94152e99cd325ec30eb7de6c25c79be05c2294519eddee235e09b8bf5159,c5c2be8fdedb97c8588fe22d1c0a493a9a395296b18aed38768fa6026c39e3b4,6462c1c4f6d72919a26059793a2c5fff3157af26f94456986f0c10c34354e44c,01b9cb82053dd92cd012ffd4b1fe0eb1181007f99200c057e96d1f20bc8a8831,LearnedPolicy,False,jonswap,jonswap,3.12.3,2.5.2,2.13.0,2.9.0,1.3.0,3.2.7,e9fa15cc35312a5c1ecf0c42668a690b5061c090,7ebad1ecabd28a7000add2d05f888aa2e837c2cc,c7fbdcc4df48bd4a2cfe21811613e5e50e3e4868822fe6dddd13745d96692118,b98d65cc5e34337369dcd4d69d63651cc2c99c19e8494199e8b5ec9e06c8b87f,3ee7e46399aea60603c767e0a604e79e7db233924ce71fe027a1ccc1623b7eb0,7beb41daec3d6a34c6da7696c56a982667957298f017ebe137829282b6ce7985,e6f30e55e478d39061b94e38de33959ca99b16e8cac38a3bd99b34f6543ad4a2,20260924,1.5,kinematic,noise,sigma4cm_lat1step,jonswap,strict,25.0,True,0.04,0.2,33.4,1,33.333333333333336,30.0,,e6f30e55e478d39061b94e38de33959ca99b16e8cac38a3bd99b34f6543ad4a2
sac,False,3,aft,id,SS4,200,28,0.14,0.09866982633455634,0.1948988086570756,0.125,0.275,0.425,0.035,0.14,0.0,179,0.5706668274640477,0.9741835107114938,0.5722920312928966,0.9739198186330201,0.06876880592576502,0.22083235077023325,38.113526849083016,2.233054003724395,2.1333333333333333,1.0231183641590527,0.9751209644776583,7,0.035,118,-0.023427492239481842,120,0.6703910614525139,0.75,0,3,21,1,0,107,68,0,200,,0.5985815616619724,0.7350408038203574,0.6,0.53083672039262,0.6653942143319266,artifacts/runs/sac/3,sac,2000000,final,2000000,14d7f32bf25e34a16fe3677cdab869c107881536,04af3f42a26542592ae4f363f65c6e5d7add8aeafb0ca57a9a91656a83c5623d,a46f94152e99cd325ec30eb7de6c25c79be05c2294519eddee235e09b8bf5159,c5c2be8fdedb97c8588fe22d1c0a493a9a395296b18aed38768fa6026c39e3b4,6462c1c4f6d72919a26059793a2c5fff3157af26f94456986f0c10c34354e44c,01b9cb82053dd92cd012ffd4b1fe0eb1181007f99200c057e96d1f20bc8a8831,LearnedPolicy,False,jonswap,jonswap,3.12.3,2.5.2,2.13.0,2.9.0,1.3.0,3.2.7,e9fa15cc35312a5c1ecf0c42668a690b5061c090,7ebad1ecabd28a7000add2d05f888aa2e837c2cc,c7fbdcc4df48bd4a2cfe21811613e5e50e3e4868822fe6dddd13745d96692118,b98d65cc5e34337369dcd4d69d63651cc2c99c19e8494199e8b5ec9e06c8b87f,3ee7e46399aea60603c767e0a604e79e7db233924ce71fe027a1ccc1623b7eb0,7beb41daec3d6a34c6da7696c56a982667957298f017ebe137829282b6ce7985,e6f30e55e478d39061b94e38de33959ca99b16e8cac38a3bd99b34f6543ad4a2,20260924,1.5,kinematic,noise,sigma4cm_lat1step,jonswap,strict,25.0,True,0.04,0.2,33.4,1,33.333333333333336,30.0,,e6f30e55e478d39061b94e38de33959ca99b16e8cac38a3bd99b34f6543ad4a2
sac,False,3,aft,id,SS5,200,27,0.135,0.09446570454787906,0.18929138370752552,0.17,0.335,0.335,0.025,0.135,0.0,176,0.545483912401048,1.0502462565358746,0.5458057408337555,1.14439504975805,0.08751099576218091,0.29846280219440124,44.03455050591566,2.2914535984848485,2.114583333333333,1.0911768462084113,0.9576125965065233,9,0.045,125,-0.024049143164395485,57,0.32386363636363635,0.745,0,8,25,1,0,98,68,0,200,,0.25913115725427294,0.396120749583208,0.285,0.22695003004617292,0.3511534602960517,artifacts/runs/sac/3,sac,2000000,final,2000000,14d7f32bf25e34a16fe3677cdab869c107881536,04af3f42a26542592ae4f363f65c6e5d7add8aeafb0ca57a9a91656a83c5623d,a46f94152e99cd325ec30eb7de6c25c79be05c2294519eddee235e09b8bf5159,c5c2be8fdedb97c8588fe22d1c0a493a9a395296b18aed38768fa6026c39e3b4,6462c1c4f6d72919a26059793a2c5fff3157af26f94456986f0c10c34354e44c,01b9cb82053dd92cd012ffd4b1fe0eb1181007f99200c057e96d1f20bc8a8831,LearnedPolicy,False,jonswap,jonswap,3.12.3,2.5.2,2.13.0,2.9.0,1.3.0,3.2.7,e9fa15cc35312a5c1ecf0c42668a690b5061c090,7ebad1ecabd28a7000add2d05f888aa2e837c2cc,c7fbdcc4df48bd4a2cfe21811613e5e50e3e4868822fe6dddd13745d96692118,b98d65cc5e34337369dcd4d69d63651cc2c99c19e8494199e8b5ec9e06c8b87f,3ee7e46399aea60603c767e0a604e79e7db233924ce71fe027a1ccc1623b7eb0,7beb41daec3d6a34c6da7696c56a982667957298f017ebe137829282b6ce7985,e6f30e55e478d39061b94e38de33959ca99b16e8cac38a3bd99b34f6543ad4a2,20260924,1.5,kinematic,noise,sigma4cm_lat1step,jonswap,strict,25.0,True,0.04,0.2,33.4,1,33.333333333333336,30.0,,e6f30e55e478d39061b94e38de33959ca99b16e8cac38a3bd99b34f6543ad4a2
sac,False,3,aft,id,SS6,200,17,0.085,0.05374575017747561,0.13189587071565567,0.29,0.31,0.295,0.02,0.085,0.0,151,0.5504582417350626,1.0729274881810769,0.5453895309807005,1.0582675929978642,0.09360343773931014,0.32492359982823943,43.82635860645061,2.2078366445916116,2.0708333333333333,1.152929678777305,0.9532238865621778,8,0.04,90,-0.018123037987657235,20,0.13245033112582782,0.0,0,4,51,3,0,77,65,0,200,,0.08740356869912885,0.19573415910710673,0.1,0.06567044866909588,0.1494058124327174,artifacts/runs/sac/3,sac,2000000,final,2000000,14d7f32bf25e34a16fe3677cdab869c107881536,04af3f42a26542592ae4f363f65c6e5d7add8aeafb0ca57a9a91656a83c5623d,a46f94152e99cd325ec30eb7de6c25c79be05c2294519eddee235e09b8bf5159,c5c2be8fdedb97c8588fe22d1c0a493a9a395296b18aed38768fa6026c39e3b4,6462c1c4f6d72919a26059793a2c5fff3157af26f94456986f0c10c34354e44c,01b9cb82053dd92cd012ffd4b1fe0eb1181007f99200c057e96d1f20bc8a8831,LearnedPolicy,False,jonswap,jonswap,3.12.3,2.5.2,2.13.0,2.9.0,1.3.0,3.2.7,e9fa15cc35312a5c1ecf0c42668a690b5061c090,7ebad1ecabd28a7000add2d05f888aa2e837c2cc,c7fbdcc4df48bd4a2cfe21811613e5e50e3e4868822fe6dddd13745d96692118,b98d65cc5e34337369dcd4d69d63651cc2c99c19e8494199e8b5ec9e06c8b87f,3ee7e46399aea60603c767e0a604e79e7db233924ce71fe027a1ccc1623b7eb0,7beb41daec3d6a34c6da7696c56a982667957298f017ebe137829282b6ce7985,e6f30e55e478d39061b94e38de33959ca99b16e8cac38a3bd99b34f6543ad4a2,20260924,1.5,kinematic,noise,sigma4cm_lat1step,jonswap,strict,25.0,True,0.04,0.2,33.4,1,33.333333333333336,30.0,,e6f30e55e478d39061b94e38de33959ca99b16e8cac38a3bd99b34f6543ad4a2
sac,False,4,aft,id,SS3,200,22,0.11,0.07377244460125303,0.1609269099730149,0.255,0.325,0.28,0.02,0.11,0.01,154,0.5339092953552138,0.9166208262354084,0.535097608905214,0.9101900263536817,0.09451498076692227,0.27636234945319954,33.20911600487729,3.483387445887446,3.1875,1.0560323444424902,1.067285537709746,8,0.04,77,-0.014767846561217587,146,0.948051948051948,0.755,0,6,28,12,5,95,52,2,200,,0.9008499436378805,0.9734450675148372,0.73,0.6645656480133157,0.7867655018531416,artifacts/runs/sac/4,sac,2000000,final,2000000,14d7f32bf25e34a16fe3677cdab869c107881536,04af3f42a26542592ae4f363f65c6e5d7add8aeafb0ca57a9a91656a83c5623d,a46f94152e99cd325ec30eb7de6c25c79be05c2294519eddee235e09b8bf5159,45a546406b2b9c9a546101424ac98a3ae5a0f312cdeb72fa4a81f368803d5380,5d0066dbcbd8fef89cf79185dc527dfa5c8c3b6e5686032aa02efa479dd858db,ed71bb4c19fe01e28d412178b72ed75c03307f532389b6b201bbf656cc4bced5,LearnedPolicy,False,jonswap,jonswap,3.12.3,2.5.2,2.13.0,2.9.0,1.3.0,3.2.7,e9fa15cc35312a5c1ecf0c42668a690b5061c090,7ebad1ecabd28a7000add2d05f888aa2e837c2cc,c7fbdcc4df48bd4a2cfe21811613e5e50e3e4868822fe6dddd13745d96692118,b98d65cc5e34337369dcd4d69d63651cc2c99c19e8494199e8b5ec9e06c8b87f,3ee7e46399aea60603c767e0a604e79e7db233924ce71fe027a1ccc1623b7eb0,7beb41daec3d6a34c6da7696c56a982667957298f017ebe137829282b6ce7985,e6f30e55e478d39061b94e38de33959ca99b16e8cac38a3bd99b34f6543ad4a2,20260924,1.5,kinematic,noise,sigma4cm_lat1step,jonswap,strict,25.0,True,0.04,0.2,33.4,1,33.333333333333336,30.0,,e6f30e55e478d39061b94e38de33959ca99b16e8cac38a3bd99b34f6543ad4a2
sac,False,4,aft,id,SS4,200,31,0.155,0.11139636927689314,0.21160690592342077,0.3,0.285,0.21,0.035,0.155,0.015,146,0.5117887055030252,0.9736015202177234,0.5133310174520254,0.9736511667130949,0.09260316156734728,0.30319260668394,28.837789807796774,3.3044520547945204,3.1479166666666667,1.0679498030397923,1.0599730988729523,2,0.01,87,-0.01768398003255234,108,0.7397260273972602,0.75,0,8,35,13,4,85,52,3,200,,0.6630559975733337,0.8041044301942883,0.54,0.4708228918895333,0.6076694820002854,artifacts/runs/sac/4,sac,2000000,final,2000000,14d7f32bf25e34a16fe3677cdab869c107881536,04af3f42a26542592ae4f363f65c6e5d7add8aeafb0ca57a9a91656a83c5623d,a46f94152e99cd325ec30eb7de6c25c79be05c2294519eddee235e09b8bf5159,45a546406b2b9c9a546101424ac98a3ae5a0f312cdeb72fa4a81f368803d5380,5d0066dbcbd8fef89cf79185dc527dfa5c8c3b6e5686032aa02efa479dd858db,ed71bb4c19fe01e28d412178b72ed75c03307f532389b6b201bbf656cc4bced5,LearnedPolicy,False,jonswap,jonswap,3.12.3,2.5.2,2.13.0,2.9.0,1.3.0,3.2.7,e9fa15cc35312a5c1ecf0c42668a690b5061c090,7ebad1ecabd28a7000add2d05f888aa2e837c2cc,c7fbdcc4df48bd4a2cfe21811613e5e50e3e4868822fe6dddd13745d96692118,b98d65cc5e34337369dcd4d69d63651cc2c99c19e8494199e8b5ec9e06c8b87f,3ee7e46399aea60603c767e0a604e79e7db233924ce71fe027a1ccc1623b7eb0,7beb41daec3d6a34c6da7696c56a982667957298f017ebe137829282b6ce7985,e6f30e55e478d39061b94e38de33959ca99b16e8cac38a3bd99b34f6543ad4a2,20260924,1.5,kinematic,noise,sigma4cm_lat1step,jonswap,strict,25.0,True,0.04,0.2,33.4,1,33.333333333333336,30.0,,e6f30e55e478d39061b94e38de33959ca99b16e8cac38a3bd99b34f6543ad4a2
sac,False,4,aft,id,SS5,200,17,0.085,0.05374575017747561,0.13189587071565567,0.345,0.305,0.23,0.025,0.085,0.01,132,0.5159640852835312,0.9962961263411237,0.5165607985401011,1.0025960936201104,0.09522348250890747,0.2787238398925242,36.35864135327061,3.0306818181818183,2.8833333333333333,1.1095814304417795,1.045752743935195,5,0.025,82,-0.015844332853412454,54,0.4090909090909091,0.745,0,2,36,23,8,71,58,2,200,,0.32894144340319603,0.4943820087420056,0.27,0.21323449814685846,0.33543435198668425,artifacts/runs/sac/4,sac,2000000,final,2000000,14d7f32bf25e34a16fe3677cdab869c107881536,04af3f42a26542592ae4f363f65c6e5d7add8aeafb0ca57a9a91656a83c5623d,a46f94152e99cd325ec30eb7de6c25c79be05c2294519eddee235e09b8bf5159,45a546406b2b9c9a546101424ac98a3ae5a0f312cdeb72fa4a81f368803d5380,5d0066dbcbd8fef89cf79185dc527dfa5c8c3b6e5686032aa02efa479dd858db,ed71bb4c19fe01e28d412178b72ed75c03307f532389b6b201bbf656cc4bced5,LearnedPolicy,False,jonswap,jonswap,3.12.3,2.5.2,2.13.0,2.9.0,1.3.0,3.2.7,e9fa15cc35312a5c1ecf0c42668a690b5061c090,7ebad1ecabd28a7000add2d05f888aa2e837c2cc,c7fbdcc4df48bd4a2cfe21811613e5e50e3e4868822fe6dddd13745d96692118,b98d65cc5e34337369dcd4d69d63651cc2c99c19e8494199e8b5ec9e06c8b87f,3ee7e46399aea60603c767e0a604e79e7db233924ce71fe027a1ccc1623b7eb0,7beb41daec3d6a34c6da7696c56a982667957298f017ebe137829282b6ce7985,e6f30e55e478d39061b94e38de33959ca99b16e8cac38a3bd99b34f6543ad4a2,20260924,1.5,kinematic,noise,sigma4cm_lat1step,jonswap,strict,25.0,True,0.04,0.2,33.4,1,33.333333333333336,30.0,,e6f30e55e478d39061b94e38de33959ca99b16e8cac38a3bd99b34f6543ad4a2
sac,False,4,aft,id,SS6,200,11,0.055,0.03098534170345884,0.0957869987723084,0.51,0.23,0.14,0.01,0.055,0.055,92,0.5136311089838237,1.1277302417107182,0.522730186480785,1.1259222061321978,0.11335550064252592,0.3626168715980153,41.347777141591756,3.0469202898550725,2.8,1.1596373209907032,1.011825819159648,6,0.03,57,-0.016964081327743064,18,0.1956521739130435,0.0,0,5,70,16,11,38,49,11,200,,0.12749843174966963,0.2882032834676653,0.09,0.05768744886219316,0.13776571876716542,artifacts/runs/sac/4,sac,2000000,final,2000000,14d7f32bf25e34a16fe3677cdab869c107881536,04af3f42a26542592ae4f363f65c6e5d7add8aeafb0ca57a9a91656a83c5623d,a46f94152e99cd325ec30eb7de6c25c79be05c2294519eddee235e09b8bf5159,45a546406b2b9c9a546101424ac98a3ae5a0f312cdeb72fa4a81f368803d5380,5d0066dbcbd8fef89cf79185dc527dfa5c8c3b6e5686032aa02efa479dd858db,ed71bb4c19fe01e28d412178b72ed75c03307f532389b6b201bbf656cc4bced5,LearnedPolicy,False,jonswap,jonswap,3.12.3,2.5.2,2.13.0,2.9.0,1.3.0,3.2.7,e9fa15cc35312a5c1ecf0c42668a690b5061c090,7ebad1ecabd28a7000add2d05f888aa2e837c2cc,c7fbdcc4df48bd4a2cfe21811613e5e50e3e4868822fe6dddd13745d96692118,b98d65cc5e34337369dcd4d69d63651cc2c99c19e8494199e8b5ec9e06c8b87f,3ee7e46399aea60603c767e0a604e79e7db233924ce71fe027a1ccc1623b7eb0,7beb41daec3d6a34c6da7696c56a982667957298f017ebe137829282b6ce7985,e6f30e55e478d39061b94e38de33959ca99b16e8cac38a3bd99b34f6543ad4a2,20260924,1.5,kinematic,noise,sigma4cm_lat1step,jonswap,strict,25.0,True,0.04,0.2,33.4,1,33.333333333333336,30.0,,e6f30e55e478d39061b94e38de33959ca99b16e8cac38a3bd99b34f6543ad4a2
residual_ppo,False,0,aft,id,SS3,200,2,0.01,0.0027466581335444384,0.0357217617161768,0.53,0.28,0.145,0.035,0.01,0.0,108,0.32105562884544014,0.7190948445879666,0.32235838850134296,0.7063025827825441,0.13638240550681013,0.33684932027314646,53.7015455753736,3.034953703703704,2.9854166666666666,0.2548955223382457,0.43993641001048844,12,0.06,5,-0.0076026449664137515,103,0.9537037037037037,0.755,0,13,93,0,0,3,91,0,200,,0.8961751741634375,0.9800651845850571,0.515,0.44610849192745716,0.5833261482812249,artifacts/runs/residual_ppo/0,ppo,10000000,final,10010624,6cedd5d9a1fbf7eabafa9ca6146ab19ce81fdab2,19cdad00d93d6be4a86cfe04718de10a5c258cf4c8f4a801437a495be5d5fc86,d706560de93355a04d130211968afc8ccf20e7443dc3b03da0206c0a4414e00c,3faf23260e02091826843f6a2a1888069256f56bb9cd93c74aec52beefdbfe2b,647ece3afc685b286aee3149d637ed8ac15ad27205bb9b011ad6aa2d37c86182,d44cbe30cef4a9768cd85e5b1d08c765902780f9adce81a5b90982fd461f609b,ResidualPolicy,False,jonswap,jonswap,3.12.3,2.5.2,2.13.0,2.9.0,1.3.0,3.2.7,e9fa15cc35312a5c1ecf0c42668a690b5061c090,7ebad1ecabd28a7000add2d05f888aa2e837c2cc,c7fbdcc4df48bd4a2cfe21811613e5e50e3e4868822fe6dddd13745d96692118,b98d65cc5e34337369dcd4d69d63651cc2c99c19e8494199e8b5ec9e06c8b87f,3ee7e46399aea60603c767e0a604e79e7db233924ce71fe027a1ccc1623b7eb0,7beb41daec3d6a34c6da7696c56a982667957298f017ebe137829282b6ce7985,e6f30e55e478d39061b94e38de33959ca99b16e8cac38a3bd99b34f6543ad4a2,20260924,1.5,kinematic,noise,sigma4cm_lat1step,jonswap,strict,25.0,True,0.04,0.2,33.4,1,33.333333333333336,30.0,,e6f30e55e478d39061b94e38de33959ca99b16e8cac38a3bd99b34f6543ad4a2
residual_ppo,False,0,aft,id,SS4,200,2,0.01,0.0027466581335444384,0.0357217617161768,0.585,0.23,0.12,0.055,0.01,0.0,94,0.28446138661384623,0.7511311625637535,0.2911469729014961,0.7359696087374363,0.12446283856496683,0.3401741630980538,53.57895555575843,2.969991134751773,2.895833333333333,0.2624256462568672,0.43205342613764885,11,0.055,9,-0.007705725760837998,66,0.7021276595744681,0.75,0,9,108,0,0,3,80,0,200,,0.6032278520902814,0.7851555638769665,0.33,0.26857425870603957,0.39783315226223115,artifacts/runs/residual_ppo/0,ppo,10000000,final,10010624,6cedd5d9a1fbf7eabafa9ca6146ab19ce81fdab2,19cdad00d93d6be4a86cfe04718de10a5c258cf4c8f4a801437a495be5d5fc86,d706560de93355a04d130211968afc8ccf20e7443dc3b03da0206c0a4414e00c,3faf23260e02091826843f6a2a1888069256f56bb9cd93c74aec52beefdbfe2b,647ece3afc685b286aee3149d637ed8ac15ad27205bb9b011ad6aa2d37c86182,d44cbe30cef4a9768cd85e5b1d08c765902780f9adce81a5b90982fd461f609b,ResidualPolicy,False,jonswap,jonswap,3.12.3,2.5.2,2.13.0,2.9.0,1.3.0,3.2.7,e9fa15cc35312a5c1ecf0c42668a690b5061c090,7ebad1ecabd28a7000add2d05f888aa2e837c2cc,c7fbdcc4df48bd4a2cfe21811613e5e50e3e4868822fe6dddd13745d96692118,b98d65cc5e34337369dcd4d69d63651cc2c99c19e8494199e8b5ec9e06c8b87f,3ee7e46399aea60603c767e0a604e79e7db233924ce71fe027a1ccc1623b7eb0,7beb41daec3d6a34c6da7696c56a982667957298f017ebe137829282b6ce7985,e6f30e55e478d39061b94e38de33959ca99b16e8cac38a3bd99b34f6543ad4a2,20260924,1.5,kinematic,noise,sigma4cm_lat1step,jonswap,strict,25.0,True,0.04,0.2,33.4,1,33.333333333333336,30.0,,e6f30e55e478d39061b94e38de33959ca99b16e8cac38a3bd99b34f6543ad4a2
residual_ppo,False,0,aft,id,SS5,200,0,0.0,1.734723475976807e-18,0.018845326377266575,0.545,0.315,0.1,0.04,0.0,0.0,99,0.3784520252656553,0.718388288552899,0.37117155995500484,0.6705562399118897,0.15117625321565065,0.33397994348841054,51.206330550927774,2.9887205387205382,2.9125,0.2663956564542785,0.43697522768327657,8,0.04,10,-0.014359469516339093,30,0.30303030303030304,0.745,0,8,101,0,0,3,88,0,200,,0.22126289634155027,0.3995126114427454,0.15,0.10713593562241995,0.20605579284166659,artifacts/runs/residual_ppo/0,ppo,10000000,final,10010624,6cedd5d9a1fbf7eabafa9ca6146ab19ce81fdab2,19cdad00d93d6be4a86cfe04718de10a5c258cf4c8f4a801437a495be5d5fc86,d706560de93355a04d130211968afc8ccf20e7443dc3b03da0206c0a4414e00c,3faf23260e02091826843f6a2a1888069256f56bb9cd93c74aec52beefdbfe2b,647ece3afc685b286aee3149d637ed8ac15ad27205bb9b011ad6aa2d37c86182,d44cbe30cef4a9768cd85e5b1d08c765902780f9adce81a5b90982fd461f609b,ResidualPolicy,False,jonswap,jonswap,3.12.3,2.5.2,2.13.0,2.9.0,1.3.0,3.2.7,e9fa15cc35312a5c1ecf0c42668a690b5061c090,7ebad1ecabd28a7000add2d05f888aa2e837c2cc,c7fbdcc4df48bd4a2cfe21811613e5e50e3e4868822fe6dddd13745d96692118,b98d65cc5e34337369dcd4d69d63651cc2c99c19e8494199e8b5ec9e06c8b87f,3ee7e46399aea60603c767e0a604e79e7db233924ce71fe027a1ccc1623b7eb0,7beb41daec3d6a34c6da7696c56a982667957298f017ebe137829282b6ce7985,e6f30e55e478d39061b94e38de33959ca99b16e8cac38a3bd99b34f6543ad4a2,20260924,1.5,kinematic,noise,sigma4cm_lat1step,jonswap,strict,25.0,True,0.04,0.2,33.4,1,33.333333333333336,30.0,,e6f30e55e478d39061b94e38de33959ca99b16e8cac38a3bd99b34f6543ad4a2
residual_ppo,False,0,aft,id,SS6,200,0,0.0,1.734723475976807e-18,0.018845326377266575,0.575,0.29,0.095,0.04,0.0,0.0,98,0.3022223341431352,0.7424433147323689,0.3206330670273193,0.6549443625672052,0.14793319480074857,0.3626473062441774,51.00284889326932,3.1463435374149658,3.052083333333333,0.26579763913606397,0.437524888546112,10,0.05,9,-0.007817786854379543,7,0.07142857142857142,0.0,0,10,104,1,0,2,83,0,200,,0.03502845359806087,0.14016010936337964,0.035,0.017055542008567192,0.07047061152229073,artifacts/runs/residual_ppo/0,ppo,10000000,final,10010624,6cedd5d9a1fbf7eabafa9ca6146ab19ce81fdab2,19cdad00d93d6be4a86cfe04718de10a5c258cf4c8f4a801437a495be5d5fc86,d706560de93355a04d130211968afc8ccf20e7443dc3b03da0206c0a4414e00c,3faf23260e02091826843f6a2a1888069256f56bb9cd93c74aec52beefdbfe2b,647ece3afc685b286aee3149d637ed8ac15ad27205bb9b011ad6aa2d37c86182,d44cbe30cef4a9768cd85e5b1d08c765902780f9adce81a5b90982fd461f609b,ResidualPolicy,False,jonswap,jonswap,3.12.3,2.5.2,2.13.0,2.9.0,1.3.0,3.2.7,e9fa15cc35312a5c1ecf0c42668a690b5061c090,7ebad1ecabd28a7000add2d05f888aa2e837c2cc,c7fbdcc4df48bd4a2cfe21811613e5e50e3e4868822fe6dddd13745d96692118,b98d65cc5e34337369dcd4d69d63651cc2c99c19e8494199e8b5ec9e06c8b87f,3ee7e46399aea60603c767e0a604e79e7db233924ce71fe027a1ccc1623b7eb0,7beb41daec3d6a34c6da7696c56a982667957298f017ebe137829282b6ce7985,e6f30e55e478d39061b94e38de33959ca99b16e8cac38a3bd99b34f6543ad4a2,20260924,1.5,kinematic,noise,sigma4cm_lat1step,jonswap,strict,25.0,True,0.04,0.2,33.4,1,33.333333333333336,30.0,,e6f30e55e478d39061b94e38de33959ca99b16e8cac38a3bd99b34f6543ad4a2
residual_ppo,False,1,aft,id,SS3,200,0,0.0,1.734723475976807e-18,0.018845326377266575,0.56,0.23,0.15,0.06,0.0,0.0,95,0.37049254195778947,0.7796080473307166,0.3767366441814714,0.7822716351881182,0.10654235673136181,0.30170673586684754,52.97248600965113,3.0669298245614036,2.7416666666666667,0.2544568003236358,0.41898211429057924,9,0.045,11,-0.0073103207858814375,89,0.9368421052631579,0.755,0,4,108,0,0,2,86,0,200,,0.8689934899993075,0.970735111645153,0.445,0.3778060100295335,0.5142669758719658,artifacts/runs/residual_ppo/1,ppo,10000000,final,10010624,6cedd5d9a1fbf7eabafa9ca6146ab19ce81fdab2,19cdad00d93d6be4a86cfe04718de10a5c258cf4c8f4a801437a495be5d5fc86,d706560de93355a04d130211968afc8ccf20e7443dc3b03da0206c0a4414e00c,1b3a12e22cb8c40d526d1e4a68f00be1afbfa8fd7e118c33d247e18d51339b5a,ad2b2662bdcf6a313c9ca4eb821568d3cee96a7db386ac524dfba4f6d6e9506d,831eb1b8655ac92e1cf3d4907822d4b7f192380179868871581e48397b2a3421,ResidualPolicy,False,jonswap,jonswap,3.12.3,2.5.2,2.13.0,2.9.0,1.3.0,3.2.7,e9fa15cc35312a5c1ecf0c42668a690b5061c090,7ebad1ecabd28a7000add2d05f888aa2e837c2cc,c7fbdcc4df48bd4a2cfe21811613e5e50e3e4868822fe6dddd13745d96692118,b98d65cc5e34337369dcd4d69d63651cc2c99c19e8494199e8b5ec9e06c8b87f,3ee7e46399aea60603c767e0a604e79e7db233924ce71fe027a1ccc1623b7eb0,7beb41daec3d6a34c6da7696c56a982667957298f017ebe137829282b6ce7985,e6f30e55e478d39061b94e38de33959ca99b16e8cac38a3bd99b34f6543ad4a2,20260924,1.5,kinematic,noise,sigma4cm_lat1step,jonswap,strict,25.0,True,0.04,0.2,33.4,1,33.333333333333336,30.0,,e6f30e55e478d39061b94e38de33959ca99b16e8cac38a3bd99b34f6543ad4a2
residual_ppo,False,1,aft,id,SS4,200,1,0.005,0.0008831687156009814,0.02777370439789293,0.595,0.255,0.11,0.035,0.005,0.0,87,0.3080079151489643,0.7250980459977384,0.2991864556335658,0.7783205026622698,0.12334949363412685,0.3195741893805361,53.16726026465421,3.120498084291188,2.9375,0.25698951923930197,0.41663266415822264,5,0.025,6,-0.006854138817757933,65,0.7471264367816092,0.75,0,6,113,0,0,1,80,0,200,,0.6466842633310181,0.8266678884092442,0.325,0.2639157153923429,0.3926801488397004,artifacts/runs/residual_ppo/1,ppo,10000000,final,10010624,6cedd5d9a1fbf7eabafa9ca6146ab19ce81fdab2,19cdad00d93d6be4a86cfe04718de10a5c258cf4c8f4a801437a495be5d5fc86,d706560de93355a04d130211968afc8ccf20e7443dc3b03da0206c0a4414e00c,1b3a12e22cb8c40d526d1e4a68f00be1afbfa8fd7e118c33d247e18d51339b5a,ad2b2662bdcf6a313c9ca4eb821568d3cee96a7db386ac524dfba4f6d6e9506d,831eb1b8655ac92e1cf3d4907822d4b7f192380179868871581e48397b2a3421,ResidualPolicy,False,jonswap,jonswap,3.12.3,2.5.2,2.13.0,2.9.0,1.3.0,3.2.7,e9fa15cc35312a5c1ecf0c42668a690b5061c090,7ebad1ecabd28a7000add2d05f888aa2e837c2cc,c7fbdcc4df48bd4a2cfe21811613e5e50e3e4868822fe6dddd13745d96692118,b98d65cc5e34337369dcd4d69d63651cc2c99c19e8494199e8b5ec9e06c8b87f,3ee7e46399aea60603c767e0a604e79e7db233924ce71fe027a1ccc1623b7eb0,7beb41daec3d6a34c6da7696c56a982667957298f017ebe137829282b6ce7985,e6f30e55e478d39061b94e38de33959ca99b16e8cac38a3bd99b34f6543ad4a2,20260924,1.5,kinematic,noise,sigma4cm_lat1step,jonswap,strict,25.0,True,0.04,0.2,33.4,1,33.333333333333336,30.0,,e6f30e55e478d39061b94e38de33959ca99b16e8cac38a3bd99b34f6543ad4a2
residual_ppo,False,1,aft,id,SS5,200,0,0.0,1.734723475976807e-18,0.018845326377266575,0.575,0.215,0.18,0.03,0.0,0.0,93,0.336652611568908,0.7601969277719338,0.3487183115568776,0.7788538650585649,0.11693475646868724,0.3179403481712979,54.77512609821181,2.9097670250896055,2.7958333333333334,0.26618040305966156,0.4169710761337741,3,0.015,11,-0.008335352742257992,31,0.3333333333333333,0.745,0,7,108,0,0,2,83,0,200,,0.24582386759676328,0.4340652999404819,0.155,0.11139636927689314,0.21160690592342077,artifacts/runs/residual_ppo/1,ppo,10000000,final,10010624,6cedd5d9a1fbf7eabafa9ca6146ab19ce81fdab2,19cdad00d93d6be4a86cfe04718de10a5c258cf4c8f4a801437a495be5d5fc86,d706560de93355a04d130211968afc8ccf20e7443dc3b03da0206c0a4414e00c,1b3a12e22cb8c40d526d1e4a68f00be1afbfa8fd7e118c33d247e18d51339b5a,ad2b2662bdcf6a313c9ca4eb821568d3cee96a7db386ac524dfba4f6d6e9506d,831eb1b8655ac92e1cf3d4907822d4b7f192380179868871581e48397b2a3421,ResidualPolicy,False,jonswap,jonswap,3.12.3,2.5.2,2.13.0,2.9.0,1.3.0,3.2.7,e9fa15cc35312a5c1ecf0c42668a690b5061c090,7ebad1ecabd28a7000add2d05f888aa2e837c2cc,c7fbdcc4df48bd4a2cfe21811613e5e50e3e4868822fe6dddd13745d96692118,b98d65cc5e34337369dcd4d69d63651cc2c99c19e8494199e8b5ec9e06c8b87f,3ee7e46399aea60603c767e0a604e79e7db233924ce71fe027a1ccc1623b7eb0,7beb41daec3d6a34c6da7696c56a982667957298f017ebe137829282b6ce7985,e6f30e55e478d39061b94e38de33959ca99b16e8cac38a3bd99b34f6543ad4a2,20260924,1.5,kinematic,noise,sigma4cm_lat1step,jonswap,strict,25.0,True,0.04,0.2,33.4,1,33.333333333333336,30.0,,e6f30e55e478d39061b94e38de33959ca99b16e8cac38a3bd99b34f6543ad4a2
residual_ppo,False,1,aft,id,SS6,200,2,0.01,0.0027466581335444384,0.0357217617161768,0.575,0.245,0.145,0.025,0.01,0.0,88,0.340628183449011,0.7632932693672005,0.3115513433833461,0.7120336791917835,0.12204144677810361,0.2775443657863889,48.6705180507619,3.1540246212121215,3.1208333333333336,0.2600222464723219,0.4127277292331689,4,0.02,5,-0.006678972395232785,9,0.10227272727272728,0.0,0,2,112,1,0,4,81,0,200,,0.05474450061182731,0.18307248423524602,0.045,0.023852543001492997,0.0832967040018196,artifacts/runs/residual_ppo/1,ppo,10000000,final,10010624,6cedd5d9a1fbf7eabafa9ca6146ab19ce81fdab2,19cdad00d93d6be4a86cfe04718de10a5c258cf4c8f4a801437a495be5d5fc86,d706560de93355a04d130211968afc8ccf20e7443dc3b03da0206c0a4414e00c,1b3a12e22cb8c40d526d1e4a68f00be1afbfa8fd7e118c33d247e18d51339b5a,ad2b2662bdcf6a313c9ca4eb821568d3cee96a7db386ac524dfba4f6d6e9506d,831eb1b8655ac92e1cf3d4907822d4b7f192380179868871581e48397b2a3421,ResidualPolicy,False,jonswap,jonswap,3.12.3,2.5.2,2.13.0,2.9.0,1.3.0,3.2.7,e9fa15cc35312a5c1ecf0c42668a690b5061c090,7ebad1ecabd28a7000add2d05f888aa2e837c2cc,c7fbdcc4df48bd4a2cfe21811613e5e50e3e4868822fe6dddd13745d96692118,b98d65cc5e34337369dcd4d69d63651cc2c99c19e8494199e8b5ec9e06c8b87f,3ee7e46399aea60603c767e0a604e79e7db233924ce71fe027a1ccc1623b7eb0,7beb41daec3d6a34c6da7696c56a982667957298f017ebe137829282b6ce7985,e6f30e55e478d39061b94e38de33959ca99b16e8cac38a3bd99b34f6543ad4a2,20260924,1.5,kinematic,noise,sigma4cm_lat1step,jonswap,strict,25.0,True,0.04,0.2,33.4,1,33.333333333333336,30.0,,e6f30e55e478d39061b94e38de33959ca99b16e8cac38a3bd99b34f6543ad4a2
residual_ppo,False,2,aft,id,SS3,200,0,0.0,1.734723475976807e-18,0.018845326377266575,0.565,0.255,0.16,0.02,0.0,0.0,95,0.4337052577610352,0.7133650338743955,0.4298849612732665,0.713601329474048,0.12638892003237698,0.3467214130696665,52.65523062851766,2.6663596491228074,2.5541666666666667,0.2589555549258221,0.41960276258691337,16,0.08,2,-0.0069033529305922835,92,0.968421052631579,0.755,0,8,103,2,0,0,87,0,200,,0.9112290135269181,0.9892028605255756,0.46,0.39233051799971463,0.5291771081104667,artifacts/runs/residual_ppo/2,ppo,10000000,final,10010624,6cedd5d9a1fbf7eabafa9ca6146ab19ce81fdab2,19cdad00d93d6be4a86cfe04718de10a5c258cf4c8f4a801437a495be5d5fc86,d706560de93355a04d130211968afc8ccf20e7443dc3b03da0206c0a4414e00c,c0c86bfafa39418c1ad1ded80d005bcb2766eeb26afcd3c061d671c08d6a6760,7a948ffc92bc3c5ebc907068774b664aca2b9cd84bfd3816b3d5f0f4ef8dd43b,ad79d4285d88ce4ba85634730a71266fe684aec9d831ffa289236d16e2e61991,ResidualPolicy,False,jonswap,jonswap,3.12.3,2.5.2,2.13.0,2.9.0,1.3.0,3.2.7,e9fa15cc35312a5c1ecf0c42668a690b5061c090,7ebad1ecabd28a7000add2d05f888aa2e837c2cc,c7fbdcc4df48bd4a2cfe21811613e5e50e3e4868822fe6dddd13745d96692118,b98d65cc5e34337369dcd4d69d63651cc2c99c19e8494199e8b5ec9e06c8b87f,3ee7e46399aea60603c767e0a604e79e7db233924ce71fe027a1ccc1623b7eb0,7beb41daec3d6a34c6da7696c56a982667957298f017ebe137829282b6ce7985,e6f30e55e478d39061b94e38de33959ca99b16e8cac38a3bd99b34f6543ad4a2,20260924,1.5,kinematic,noise,sigma4cm_lat1step,jonswap,strict,25.0,True,0.04,0.2,33.4,1,33.333333333333336,30.0,,e6f30e55e478d39061b94e38de33959ca99b16e8cac38a3bd99b34f6543ad4a2
residual_ppo,False,2,aft,id,SS4,200,0,0.0,1.734723475976807e-18,0.018845326377266575,0.535,0.275,0.15,0.04,0.0,0.0,99,0.327098801083927,0.7333904108796317,0.3165901144328255,0.7427611538091073,0.12577164566587645,0.318953459295554,53.93819656483234,2.7631313131313133,2.6708333333333334,0.26153194774364386,0.4180018684887968,11,0.055,8,-0.009744513424154036,67,0.6767676767676768,0.75,0,4,103,0,0,0,93,0,200,,0.5795296789352458,0.7607999935660275,0.335,0.2732408697841632,0.40297808792033485,artifacts/runs/residual_ppo/2,ppo,10000000,final,10010624,6cedd5d9a1fbf7eabafa9ca6146ab19ce81fdab2,19cdad00d93d6be4a86cfe04718de10a5c258cf4c8f4a801437a495be5d5fc86,d706560de93355a04d130211968afc8ccf20e7443dc3b03da0206c0a4414e00c,c0c86bfafa39418c1ad1ded80d005bcb2766eeb26afcd3c061d671c08d6a6760,7a948ffc92bc3c5ebc907068774b664aca2b9cd84bfd3816b3d5f0f4ef8dd43b,ad79d4285d88ce4ba85634730a71266fe684aec9d831ffa289236d16e2e61991,ResidualPolicy,False,jonswap,jonswap,3.12.3,2.5.2,2.13.0,2.9.0,1.3.0,3.2.7,e9fa15cc35312a5c1ecf0c42668a690b5061c090,7ebad1ecabd28a7000add2d05f888aa2e837c2cc,c7fbdcc4df48bd4a2cfe21811613e5e50e3e4868822fe6dddd13745d96692118,b98d65cc5e34337369dcd4d69d63651cc2c99c19e8494199e8b5ec9e06c8b87f,3ee7e46399aea60603c767e0a604e79e7db233924ce71fe027a1ccc1623b7eb0,7beb41daec3d6a34c6da7696c56a982667957298f017ebe137829282b6ce7985,e6f30e55e478d39061b94e38de33959ca99b16e8cac38a3bd99b34f6543ad4a2,20260924,1.5,kinematic,noise,sigma4cm_lat1step,jonswap,strict,25.0,True,0.04,0.2,33.4,1,33.333333333333336,30.0,,e6f30e55e478d39061b94e38de33959ca99b16e8cac38a3bd99b34f6543ad4a2
residual_ppo,False,2,aft,id,SS5,200,1,0.005,0.0008831687156009814,0.02777370439789293,0.6,0.29,0.085,0.02,0.005,0.0,89,0.42660165679712575,0.7955423523251945,0.40170711236933354,0.8275688896663729,0.17866219984946322,0.3367743071776529,57.255267895973,2.4729400749063672,2.408333333333333,0.2746153077771271,0.4188550110145654,15,0.075,4,-0.006886838066459273,28,0.3146067415730337,0.745,0,9,111,0,0,1,79,0,200,,0.22751037840947347,0.4170449698241932,0.14,0.09866982633455634,0.1948988086570756,artifacts/runs/residual_ppo/2,ppo,10000000,final,10010624,6cedd5d9a1fbf7eabafa9ca6146ab19ce81fdab2,19cdad00d93d6be4a86cfe04718de10a5c258cf4c8f4a801437a495be5d5fc86,d706560de93355a04d130211968afc8ccf20e7443dc3b03da0206c0a4414e00c,c0c86bfafa39418c1ad1ded80d005bcb2766eeb26afcd3c061d671c08d6a6760,7a948ffc92bc3c5ebc907068774b664aca2b9cd84bfd3816b3d5f0f4ef8dd43b,ad79d4285d88ce4ba85634730a71266fe684aec9d831ffa289236d16e2e61991,ResidualPolicy,False,jonswap,jonswap,3.12.3,2.5.2,2.13.0,2.9.0,1.3.0,3.2.7,e9fa15cc35312a5c1ecf0c42668a690b5061c090,7ebad1ecabd28a7000add2d05f888aa2e837c2cc,c7fbdcc4df48bd4a2cfe21811613e5e50e3e4868822fe6dddd13745d96692118,b98d65cc5e34337369dcd4d69d63651cc2c99c19e8494199e8b5ec9e06c8b87f,3ee7e46399aea60603c767e0a604e79e7db233924ce71fe027a1ccc1623b7eb0,7beb41daec3d6a34c6da7696c56a982667957298f017ebe137829282b6ce7985,e6f30e55e478d39061b94e38de33959ca99b16e8cac38a3bd99b34f6543ad4a2,20260924,1.5,kinematic,noise,sigma4cm_lat1step,jonswap,strict,25.0,True,0.04,0.2,33.4,1,33.333333333333336,30.0,,e6f30e55e478d39061b94e38de33959ca99b16e8cac38a3bd99b34f6543ad4a2
residual_ppo,False,2,aft,id,SS6,200,1,0.005,0.0008831687156009814,0.02777370439789293,0.595,0.29,0.095,0.015,0.005,0.0,92,0.3935481151062009,0.854380448340846,0.34570930880507567,0.787582121627779,0.15074512888353597,0.32483190224601227,52.94806051261623,2.701177536231884,2.625,0.2694699235267143,0.4177268549511202,7,0.035,12,-0.00872562546052567,5,0.05434782608695652,0.0,0,8,110,1,0,3,78,0,200,,0.023435063948632366,0.12098530476246525,0.025,0.010724719651761264,0.05717834040664198,artifacts/runs/residual_ppo/2,ppo,10000000,final,10010624,6cedd5d9a1fbf7eabafa9ca6146ab19ce81fdab2,19cdad00d93d6be4a86cfe04718de10a5c258cf4c8f4a801437a495be5d5fc86,d706560de93355a04d130211968afc8ccf20e7443dc3b03da0206c0a4414e00c,c0c86bfafa39418c1ad1ded80d005bcb2766eeb26afcd3c061d671c08d6a6760,7a948ffc92bc3c5ebc907068774b664aca2b9cd84bfd3816b3d5f0f4ef8dd43b,ad79d4285d88ce4ba85634730a71266fe684aec9d831ffa289236d16e2e61991,ResidualPolicy,False,jonswap,jonswap,3.12.3,2.5.2,2.13.0,2.9.0,1.3.0,3.2.7,e9fa15cc35312a5c1ecf0c42668a690b5061c090,7ebad1ecabd28a7000add2d05f888aa2e837c2cc,c7fbdcc4df48bd4a2cfe21811613e5e50e3e4868822fe6dddd13745d96692118,b98d65cc5e34337369dcd4d69d63651cc2c99c19e8494199e8b5ec9e06c8b87f,3ee7e46399aea60603c767e0a604e79e7db233924ce71fe027a1ccc1623b7eb0,7beb41daec3d6a34c6da7696c56a982667957298f017ebe137829282b6ce7985,e6f30e55e478d39061b94e38de33959ca99b16e8cac38a3bd99b34f6543ad4a2,20260924,1.5,kinematic,noise,sigma4cm_lat1step,jonswap,strict,25.0,True,0.04,0.2,33.4,1,33.333333333333336,30.0,,e6f30e55e478d39061b94e38de33959ca99b16e8cac38a3bd99b34f6543ad4a2
residual_ppo,False,3,aft,id,SS3,200,0,0.0,1.734723475976807e-18,0.018845326377266575,0.535,0.28,0.15,0.035,0.0,0.0,102,0.363297064052542,0.7015697336015997,0.3604888296228564,0.7152355637558427,0.13387450970923337,0.31831062095982104,52.92820410721305,2.981495098039215,2.9333333333333336,0.244555836777876,0.4201339046813131,13,0.065,2,-0.007264616272119825,96,0.9411764705882353,0.755,0,9,98,0,0,0,93,0,200,,0.8775640550984952,0.9727643606546253,0.48,0.411791663783233,0.5489621492718576,artifacts/runs/residual_ppo/3,ppo,10000000,final,10010624,6cedd5d9a1fbf7eabafa9ca6146ab19ce81fdab2,19cdad00d93d6be4a86cfe04718de10a5c258cf4c8f4a801437a495be5d5fc86,d706560de93355a04d130211968afc8ccf20e7443dc3b03da0206c0a4414e00c,6470e1279334541aaa2df2af0a733534f42442adfdaaa93d0890efc8f7c05fe0,ca32f475846ab9f769c692dbcac664f2677232f74ab7d12208fb3c22b7e07fac,509e1b240700744a76a4c6c983d9a33838778a6ad7d93ebf028bdd2bb50815e2,ResidualPolicy,False,jonswap,jonswap,3.12.3,2.5.2,2.13.0,2.9.0,1.3.0,3.2.7,e9fa15cc35312a5c1ecf0c42668a690b5061c090,7ebad1ecabd28a7000add2d05f888aa2e837c2cc,c7fbdcc4df48bd4a2cfe21811613e5e50e3e4868822fe6dddd13745d96692118,b98d65cc5e34337369dcd4d69d63651cc2c99c19e8494199e8b5ec9e06c8b87f,3ee7e46399aea60603c767e0a604e79e7db233924ce71fe027a1ccc1623b7eb0,7beb41daec3d6a34c6da7696c56a982667957298f017ebe137829282b6ce7985,e6f30e55e478d39061b94e38de33959ca99b16e8cac38a3bd99b34f6543ad4a2,20260924,1.5,kinematic,noise,sigma4cm_lat1step,jonswap,strict,25.0,True,0.04,0.2,33.4,1,33.333333333333336,30.0,,e6f30e55e478d39061b94e38de33959ca99b16e8cac38a3bd99b34f6543ad4a2
residual_ppo,False,3,aft,id,SS4,200,0,0.0,1.734723475976807e-18,0.018845326377266575,0.535,0.33,0.085,0.05,0.0,0.0,103,0.346784965284012,0.7042352175262143,0.34214055255877407,0.6904004355772956,0.14699556763767427,0.3126464800717194,52.19756226724855,2.9067152103559875,2.8958333333333335,0.25333667570382845,0.41822784870216795,10,0.05,4,-0.007992585966361555,76,0.7378640776699029,0.75,0,8,98,1,0,0,93,0,200,,0.6454813295611581,0.8131421349708443,0.38,0.31559005848673627,0.44893281984380773,artifacts/runs/residual_ppo/3,ppo,10000000,final,10010624,6cedd5d9a1fbf7eabafa9ca6146ab19ce81fdab2,19cdad00d93d6be4a86cfe04718de10a5c258cf4c8f4a801437a495be5d5fc86,d706560de93355a04d130211968afc8ccf20e7443dc3b03da0206c0a4414e00c,6470e1279334541aaa2df2af0a733534f42442adfdaaa93d0890efc8f7c05fe0,ca32f475846ab9f769c692dbcac664f2677232f74ab7d12208fb3c22b7e07fac,509e1b240700744a76a4c6c983d9a33838778a6ad7d93ebf028bdd2bb50815e2,ResidualPolicy,False,jonswap,jonswap,3.12.3,2.5.2,2.13.0,2.9.0,1.3.0,3.2.7,e9fa15cc35312a5c1ecf0c42668a690b5061c090,7ebad1ecabd28a7000add2d05f888aa2e837c2cc,c7fbdcc4df48bd4a2cfe21811613e5e50e3e4868822fe6dddd13745d96692118,b98d65cc5e34337369dcd4d69d63651cc2c99c19e8494199e8b5ec9e06c8b87f,3ee7e46399aea60603c767e0a604e79e7db233924ce71fe027a1ccc1623b7eb0,7beb41daec3d6a34c6da7696c56a982667957298f017ebe137829282b6ce7985,e6f30e55e478d39061b94e38de33959ca99b16e8cac38a3bd99b34f6543ad4a2,20260924,1.5,kinematic,noise,sigma4cm_lat1step,jonswap,strict,25.0,True,0.04,0.2,33.4,1,33.333333333333336,30.0,,e6f30e55e478d39061b94e38de33959ca99b16e8cac38a3bd99b34f6543ad4a2
residual_ppo,False,3,aft,id,SS5,200,1,0.005,0.0008831687156009814,0.02777370439789293,0.545,0.31,0.115,0.025,0.005,0.0,104,0.34416989208542625,0.8311196521849104,0.3243645598346927,0.784502280430155,0.16606009850037137,0.3574206864828031,53.38369192120508,2.8575320512820515,2.80625,0.26110943634058104,0.42055971503840484,8,0.04,5,-0.006422712700986255,31,0.2980769230769231,0.745,0,13,96,0,0,1,90,0,200,,0.21864009635527715,0.39189929675667456,0.155,0.11139636927689314,0.21160690592342077,artifacts/runs/residual_ppo/3,ppo,10000000,final,10010624,6cedd5d9a1fbf7eabafa9ca6146ab19ce81fdab2,19cdad00d93d6be4a86cfe04718de10a5c258cf4c8f4a801437a495be5d5fc86,d706560de93355a04d130211968afc8ccf20e7443dc3b03da0206c0a4414e00c,6470e1279334541aaa2df2af0a733534f42442adfdaaa93d0890efc8f7c05fe0,ca32f475846ab9f769c692dbcac664f2677232f74ab7d12208fb3c22b7e07fac,509e1b240700744a76a4c6c983d9a33838778a6ad7d93ebf028bdd2bb50815e2,ResidualPolicy,False,jonswap,jonswap,3.12.3,2.5.2,2.13.0,2.9.0,1.3.0,3.2.7,e9fa15cc35312a5c1ecf0c42668a690b5061c090,7ebad1ecabd28a7000add2d05f888aa2e837c2cc,c7fbdcc4df48bd4a2cfe21811613e5e50e3e4868822fe6dddd13745d96692118,b98d65cc5e34337369dcd4d69d63651cc2c99c19e8494199e8b5ec9e06c8b87f,3ee7e46399aea60603c767e0a604e79e7db233924ce71fe027a1ccc1623b7eb0,7beb41daec3d6a34c6da7696c56a982667957298f017ebe137829282b6ce7985,e6f30e55e478d39061b94e38de33959ca99b16e8cac38a3bd99b34f6543ad4a2,20260924,1.5,kinematic,noise,sigma4cm_lat1step,jonswap,strict,25.0,True,0.04,0.2,33.4,1,33.333333333333336,30.0,,e6f30e55e478d39061b94e38de33959ca99b16e8cac38a3bd99b34f6543ad4a2
residual_ppo,False,3,aft,id,SS6,200,0,0.0,1.734723475976807e-18,0.018845326377266575,0.57,0.275,0.135,0.02,0.0,0.0,94,0.31013177453816143,0.6450618709322473,0.2939323128486653,0.6478352099683071,0.13808348742156323,0.3301757744378927,56.09588320219158,2.983200354609929,2.9520833333333334,0.25979059451761516,0.41805911818081926,8,0.04,4,-0.007642054140810321,10,0.10638297872340426,0.0,0,7,107,0,0,2,84,0,200,,0.058818890242999675,0.1848555102418334,0.05,0.02738264560076393,0.08957814813877599,artifacts/runs/residual_ppo/3,ppo,10000000,final,10010624,6cedd5d9a1fbf7eabafa9ca6146ab19ce81fdab2,19cdad00d93d6be4a86cfe04718de10a5c258cf4c8f4a801437a495be5d5fc86,d706560de93355a04d130211968afc8ccf20e7443dc3b03da0206c0a4414e00c,6470e1279334541aaa2df2af0a733534f42442adfdaaa93d0890efc8f7c05fe0,ca32f475846ab9f769c692dbcac664f2677232f74ab7d12208fb3c22b7e07fac,509e1b240700744a76a4c6c983d9a33838778a6ad7d93ebf028bdd2bb50815e2,ResidualPolicy,False,jonswap,jonswap,3.12.3,2.5.2,2.13.0,2.9.0,1.3.0,3.2.7,e9fa15cc35312a5c1ecf0c42668a690b5061c090,7ebad1ecabd28a7000add2d05f888aa2e837c2cc,c7fbdcc4df48bd4a2cfe21811613e5e50e3e4868822fe6dddd13745d96692118,b98d65cc5e34337369dcd4d69d63651cc2c99c19e8494199e8b5ec9e06c8b87f,3ee7e46399aea60603c767e0a604e79e7db233924ce71fe027a1ccc1623b7eb0,7beb41daec3d6a34c6da7696c56a982667957298f017ebe137829282b6ce7985,e6f30e55e478d39061b94e38de33959ca99b16e8cac38a3bd99b34f6543ad4a2,20260924,1.5,kinematic,noise,sigma4cm_lat1step,jonswap,strict,25.0,True,0.04,0.2,33.4,1,33.333333333333336,30.0,,e6f30e55e478d39061b94e38de33959ca99b16e8cac38a3bd99b34f6543ad4a2
residual_ppo,False,4,aft,id,SS3,200,0,0.0,1.734723475976807e-18,0.018845326377266575,0.665,0.205,0.11,0.02,0.0,0.0,75,0.4578857674320796,0.8585699167346921,0.4542580627408455,0.8539918828103681,0.16532450911032065,0.34763258140328623,55.22288517562299,2.7687777777777773,2.6916666666666664,0.26404026261814556,0.42066045401515145,7,0.035,7,-0.007483338121633945,69,0.92,0.755,0,8,125,0,0,0,67,0,200,,0.8362520966647771,0.9628198756496662,0.345,0.2825979437674894,0.4132441074094632,artifacts/runs/residual_ppo/4,ppo,10000000,final,10010624,6cedd5d9a1fbf7eabafa9ca6146ab19ce81fdab2,19cdad00d93d6be4a86cfe04718de10a5c258cf4c8f4a801437a495be5d5fc86,d706560de93355a04d130211968afc8ccf20e7443dc3b03da0206c0a4414e00c,ad2c8fbfd1b4cc695216dbdea711bcef287d65bcf37bfc13b77052919bc23e81,a117225dfe54a9f622dfe5254ef0a4fd9bab8f1ea93bda5925dea8ecf55b27dc,424451d859fd957d424c13883815d151bd0a5d18ffd1f6556642d24050fe5acc,ResidualPolicy,False,jonswap,jonswap,3.12.3,2.5.2,2.13.0,2.9.0,1.3.0,3.2.7,e9fa15cc35312a5c1ecf0c42668a690b5061c090,7ebad1ecabd28a7000add2d05f888aa2e837c2cc,c7fbdcc4df48bd4a2cfe21811613e5e50e3e4868822fe6dddd13745d96692118,b98d65cc5e34337369dcd4d69d63651cc2c99c19e8494199e8b5ec9e06c8b87f,3ee7e46399aea60603c767e0a604e79e7db233924ce71fe027a1ccc1623b7eb0,7beb41daec3d6a34c6da7696c56a982667957298f017ebe137829282b6ce7985,e6f30e55e478d39061b94e38de33959ca99b16e8cac38a3bd99b34f6543ad4a2,20260924,1.5,kinematic,noise,sigma4cm_lat1step,jonswap,strict,25.0,True,0.04,0.2,33.4,1,33.333333333333336,30.0,,e6f30e55e478d39061b94e38de33959ca99b16e8cac38a3bd99b34f6543ad4a2
residual_ppo,False,4,aft,id,SS4,200,0,0.0,1.734723475976807e-18,0.018845326377266575,0.715,0.2,0.08,0.005,0.0,0.0,64,0.4199710231699313,0.7556575253070874,0.4199700864717547,0.7157989753028793,0.14222387843361145,0.3400644404228255,53.88274492672886,2.8944661458333334,2.675,0.275183566059659,0.41544842500462986,9,0.045,1,-0.005926494610940571,43,0.671875,0.75,0,7,135,1,0,0,57,0,200,,0.549991058490915,0.7742944209553081,0.215,0.1637187625450758,0.27702307348996613,artifacts/runs/residual_ppo/4,ppo,10000000,final,10010624,6cedd5d9a1fbf7eabafa9ca6146ab19ce81fdab2,19cdad00d93d6be4a86cfe04718de10a5c258cf4c8f4a801437a495be5d5fc86,d706560de93355a04d130211968afc8ccf20e7443dc3b03da0206c0a4414e00c,ad2c8fbfd1b4cc695216dbdea711bcef287d65bcf37bfc13b77052919bc23e81,a117225dfe54a9f622dfe5254ef0a4fd9bab8f1ea93bda5925dea8ecf55b27dc,424451d859fd957d424c13883815d151bd0a5d18ffd1f6556642d24050fe5acc,ResidualPolicy,False,jonswap,jonswap,3.12.3,2.5.2,2.13.0,2.9.0,1.3.0,3.2.7,e9fa15cc35312a5c1ecf0c42668a690b5061c090,7ebad1ecabd28a7000add2d05f888aa2e837c2cc,c7fbdcc4df48bd4a2cfe21811613e5e50e3e4868822fe6dddd13745d96692118,b98d65cc5e34337369dcd4d69d63651cc2c99c19e8494199e8b5ec9e06c8b87f,3ee7e46399aea60603c767e0a604e79e7db233924ce71fe027a1ccc1623b7eb0,7beb41daec3d6a34c6da7696c56a982667957298f017ebe137829282b6ce7985,e6f30e55e478d39061b94e38de33959ca99b16e8cac38a3bd99b34f6543ad4a2,20260924,1.5,kinematic,noise,sigma4cm_lat1step,jonswap,strict,25.0,True,0.04,0.2,33.4,1,33.333333333333336,30.0,,e6f30e55e478d39061b94e38de33959ca99b16e8cac38a3bd99b34f6543ad4a2
residual_ppo,False,4,aft,id,SS5,200,0,0.0,1.734723475976807e-18,0.018845326377266575,0.72,0.18,0.095,0.005,0.0,0.0,62,0.48872957318134447,0.819588262601542,0.4852462174335189,0.8142881598608759,0.1437667919525227,0.3354243440042564,48.53477677126527,2.6518817204301075,2.589583333333333,0.27871643077637587,0.41923670784499323,10,0.05,3,-0.00789114349101099,24,0.3870967741935484,0.745,0,6,138,0,0,0,56,0,200,,0.27584645167113864,0.5115215646098165,0.12,0.08197992706375512,0.17234252098296743,artifacts/runs/residual_ppo/4,ppo,10000000,final,10010624,6cedd5d9a1fbf7eabafa9ca6146ab19ce81fdab2,19cdad00d93d6be4a86cfe04718de10a5c258cf4c8f4a801437a495be5d5fc86,d706560de93355a04d130211968afc8ccf20e7443dc3b03da0206c0a4414e00c,ad2c8fbfd1b4cc695216dbdea711bcef287d65bcf37bfc13b77052919bc23e81,a117225dfe54a9f622dfe5254ef0a4fd9bab8f1ea93bda5925dea8ecf55b27dc,424451d859fd957d424c13883815d151bd0a5d18ffd1f6556642d24050fe5acc,ResidualPolicy,False,jonswap,jonswap,3.12.3,2.5.2,2.13.0,2.9.0,1.3.0,3.2.7,e9fa15cc35312a5c1ecf0c42668a690b5061c090,7ebad1ecabd28a7000add2d05f888aa2e837c2cc,c7fbdcc4df48bd4a2cfe21811613e5e50e3e4868822fe6dddd13745d96692118,b98d65cc5e34337369dcd4d69d63651cc2c99c19e8494199e8b5ec9e06c8b87f,3ee7e46399aea60603c767e0a604e79e7db233924ce71fe027a1ccc1623b7eb0,7beb41daec3d6a34c6da7696c56a982667957298f017ebe137829282b6ce7985,e6f30e55e478d39061b94e38de33959ca99b16e8cac38a3bd99b34f6543ad4a2,20260924,1.5,kinematic,noise,sigma4cm_lat1step,jonswap,strict,25.0,True,0.04,0.2,33.4,1,33.333333333333336,30.0,,e6f30e55e478d39061b94e38de33959ca99b16e8cac38a3bd99b34f6543ad4a2
residual_ppo,False,4,aft,id,SS6,200,1,0.005,0.0008831687156009814,0.02777370439789293,0.79,0.155,0.045,0.005,0.005,0.0,47,0.5428277935993362,1.0109171936757555,0.5205013872827006,0.9389783382982021,0.16486526753298297,0.357665135856554,45.991933756636264,2.5838652482269504,2.6041666666666665,0.28363751534730125,0.41404493927605357,5,0.025,2,-0.007325420354306275,5,0.10638297872340426,0.0,0,3,155,0,0,1,41,0,200,,0.04630478218108157,0.22594269343738355,0.025,0.010724719651761264,0.05717834040664198,artifacts/runs/residual_ppo/4,ppo,10000000,final,10010624,6cedd5d9a1fbf7eabafa9ca6146ab19ce81fdab2,19cdad00d93d6be4a86cfe04718de10a5c258cf4c8f4a801437a495be5d5fc86,d706560de93355a04d130211968afc8ccf20e7443dc3b03da0206c0a4414e00c,ad2c8fbfd1b4cc695216dbdea711bcef287d65bcf37bfc13b77052919bc23e81,a117225dfe54a9f622dfe5254ef0a4fd9bab8f1ea93bda5925dea8ecf55b27dc,424451d859fd957d424c13883815d151bd0a5d18ffd1f6556642d24050fe5acc,ResidualPolicy,False,jonswap,jonswap,3.12.3,2.5.2,2.13.0,2.9.0,1.3.0,3.2.7,e9fa15cc35312a5c1ecf0c42668a690b5061c090,7ebad1ecabd28a7000add2d05f888aa2e837c2cc,c7fbdcc4df48bd4a2cfe21811613e5e50e3e4868822fe6dddd13745d96692118,b98d65cc5e34337369dcd4d69d63651cc2c99c19e8494199e8b5ec9e06c8b87f,3ee7e46399aea60603c767e0a604e79e7db233924ce71fe027a1ccc1623b7eb0,7beb41daec3d6a34c6da7696c56a982667957298f017ebe137829282b6ce7985,e6f30e55e478d39061b94e38de33959ca99b16e8cac38a3bd99b34f6543ad4a2,20260924,1.5,kinematic,noise,sigma4cm_lat1step,jonswap,strict,25.0,True,0.04,0.2,33.4,1,33.333333333333336,30.0,,e6f30e55e478d39061b94e38de33959ca99b16e8cac38a3bd99b34f6543ad4a2
ppo_forecast,False,0,aft,id,SS3,200,181,0.905,0.8563983883518006,0.9383368972826135,0.0,0.015,0.015,0.065,0.905,0.0,200,0.29026454185450656,0.42845194513987445,0.2903512514323655,0.42908898684786656,0.029306132401149463,0.06993850527451567,13.154118118241472,1.5865,1.5833333333333333,0.26548932942894643,0.3235126746508927,0,0.0,2,-0.0056823613995783855,190,0.95,0.755,0,0,0,0,0,186,14,0,200,,0.9104218518612239,0.972617354399236,0.95,0.9104218518612239,0.972617354399236,artifacts/runs/ppo_forecast/0,ppo,10000000,final,10010624,6cedd5d9a1fbf7eabafa9ca6146ab19ce81fdab2,b765176bb07227178386a716a339effffa4335b08c314bec5a9cbafe01e7a185,42c455437bb58f00f412e7608a10c1b947b234e7a40adfbbb3856c534a5e5e57,a4710fd3f0d36722335bd164a68da1eb99e52f1616d4c6621068ae3ec1473116,0d3e9fe15c11e3f72e195d8e355a49a6927d7d70128a0a74d92e3c780a267a77,d166e6244a3a0f74e35c109a7e7695957ea782495b722d3294fab78c6d06f846,ForecastPolicy,True,jonswap,jonswap,3.12.3,2.5.2,2.13.0,2.9.0,1.3.0,3.2.7,e9fa15cc35312a5c1ecf0c42668a690b5061c090,7ebad1ecabd28a7000add2d05f888aa2e837c2cc,c7fbdcc4df48bd4a2cfe21811613e5e50e3e4868822fe6dddd13745d96692118,b98d65cc5e34337369dcd4d69d63651cc2c99c19e8494199e8b5ec9e06c8b87f,3ee7e46399aea60603c767e0a604e79e7db233924ce71fe027a1ccc1623b7eb0,7beb41daec3d6a34c6da7696c56a982667957298f017ebe137829282b6ce7985,e6f30e55e478d39061b94e38de33959ca99b16e8cac38a3bd99b34f6543ad4a2,20260924,1.5,kinematic,noise,sigma4cm_lat1step,jonswap,strict,25.0,True,0.04,0.2,33.4,1,33.333333333333336,30.0,,e6f30e55e478d39061b94e38de33959ca99b16e8cac38a3bd99b34f6543ad4a2
ppo_forecast,False,0,aft,id,SS4,200,177,0.885,0.8333528310151243,0.9221362676743804,0.0,0.015,0.045,0.055,0.885,0.0,200,0.2860735810569207,0.418452500916255,0.28563053277348033,0.4190495661050792,0.030981465221429777,0.07182185980708573,14.274800679422535,1.5883125,1.59375,0.2681467272288552,0.3250394501680222,0,0.0,2,-0.005855819017037913,137,0.685,0.75,0,0,0,0,0,184,16,0,200,,0.6176504391426966,0.745376790097715,0.685,0.6176504391426966,0.745376790097715,artifacts/runs/ppo_forecast/0,ppo,10000000,final,10010624,6cedd5d9a1fbf7eabafa9ca6146ab19ce81fdab2,b765176bb07227178386a716a339effffa4335b08c314bec5a9cbafe01e7a185,42c455437bb58f00f412e7608a10c1b947b234e7a40adfbbb3856c534a5e5e57,a4710fd3f0d36722335bd164a68da1eb99e52f1616d4c6621068ae3ec1473116,0d3e9fe15c11e3f72e195d8e355a49a6927d7d70128a0a74d92e3c780a267a77,d166e6244a3a0f74e35c109a7e7695957ea782495b722d3294fab78c6d06f846,ForecastPolicy,True,jonswap,jonswap,3.12.3,2.5.2,2.13.0,2.9.0,1.3.0,3.2.7,e9fa15cc35312a5c1ecf0c42668a690b5061c090,7ebad1ecabd28a7000add2d05f888aa2e837c2cc,c7fbdcc4df48bd4a2cfe21811613e5e50e3e4868822fe6dddd13745d96692118,b98d65cc5e34337369dcd4d69d63651cc2c99c19e8494199e8b5ec9e06c8b87f,3ee7e46399aea60603c767e0a604e79e7db233924ce71fe027a1ccc1623b7eb0,7beb41daec3d6a34c6da7696c56a982667957298f017ebe137829282b6ce7985,e6f30e55e478d39061b94e38de33959ca99b16e8cac38a3bd99b34f6543ad4a2,20260924,1.5,kinematic,noise,sigma4cm_lat1step,jonswap,strict,25.0,True,0.04,0.2,33.4,1,33.333333333333336,30.0,,e6f30e55e478d39061b94e38de33959ca99b16e8cac38a3bd99b34f6543ad4a2
ppo_forecast,False,0,aft,id,SS5,200,179,0.895,0.8448196800887696,0.9302925120731899,0.0,0.035,0.025,0.045,0.895,0.0,200,0.2702696300725987,0.4156450623410548,0.2668788257165444,0.4151235891389174,0.03343152059530492,0.08641510461053119,13.052763896835739,1.5948333333333335,1.59375,0.2705378264522637,0.32262921219296087,0,0.0,2,-0.005918764262607363,67,0.335,0.745,0,0,0,0,0,188,12,0,200,,0.2732408697841632,0.40297808792033485,0.335,0.2732408697841632,0.40297808792033485,artifacts/runs/ppo_forecast/0,ppo,10000000,final,10010624,6cedd5d9a1fbf7eabafa9ca6146ab19ce81fdab2,b765176bb07227178386a716a339effffa4335b08c314bec5a9cbafe01e7a185,42c455437bb58f00f412e7608a10c1b947b234e7a40adfbbb3856c534a5e5e57,a4710fd3f0d36722335bd164a68da1eb99e52f1616d4c6621068ae3ec1473116,0d3e9fe15c11e3f72e195d8e355a49a6927d7d70128a0a74d92e3c780a267a77,d166e6244a3a0f74e35c109a7e7695957ea782495b722d3294fab78c6d06f846,ForecastPolicy,True,jonswap,jonswap,3.12.3,2.5.2,2.13.0,2.9.0,1.3.0,3.2.7,e9fa15cc35312a5c1ecf0c42668a690b5061c090,7ebad1ecabd28a7000add2d05f888aa2e837c2cc,c7fbdcc4df48bd4a2cfe21811613e5e50e3e4868822fe6dddd13745d96692118,b98d65cc5e34337369dcd4d69d63651cc2c99c19e8494199e8b5ec9e06c8b87f,3ee7e46399aea60603c767e0a604e79e7db233924ce71fe027a1ccc1623b7eb0,7beb41daec3d6a34c6da7696c56a982667957298f017ebe137829282b6ce7985,e6f30e55e478d39061b94e38de33959ca99b16e8cac38a3bd99b34f6543ad4a2,20260924,1.5,kinematic,noise,sigma4cm_lat1step,jonswap,strict,25.0,True,0.04,0.2,33.4,1,33.333333333333336,30.0,,e6f30e55e478d39061b94e38de33959ca99b16e8cac38a3bd99b34f6543ad4a2
ppo_forecast,False,0,aft,id,SS6,200,175,0.875,0.8219857499741765,0.9138802552428735,0.0,0.02,0.075,0.03,0.875,0.0,200,0.28992302302218464,0.40769598168713256,0.2874054238872834,0.4041691250790513,0.034078727262892225,0.0828570302669829,16.22187468122926,1.6124583333333333,1.6145833333333335,0.27332725646798456,0.319899351867952,1,0.005,9,-0.006235070478297349,23,0.115,0.0,0,0,0,0,0,187,13,0,200,,0.07786373232561955,0.16664716898487572,0.115,0.07786373232561955,0.16664716898487572,artifacts/runs/ppo_forecast/0,ppo,10000000,final,10010624,6cedd5d9a1fbf7eabafa9ca6146ab19ce81fdab2,b765176bb07227178386a716a339effffa4335b08c314bec5a9cbafe01e7a185,42c455437bb58f00f412e7608a10c1b947b234e7a40adfbbb3856c534a5e5e57,a4710fd3f0d36722335bd164a68da1eb99e52f1616d4c6621068ae3ec1473116,0d3e9fe15c11e3f72e195d8e355a49a6927d7d70128a0a74d92e3c780a267a77,d166e6244a3a0f74e35c109a7e7695957ea782495b722d3294fab78c6d06f846,ForecastPolicy,True,jonswap,jonswap,3.12.3,2.5.2,2.13.0,2.9.0,1.3.0,3.2.7,e9fa15cc35312a5c1ecf0c42668a690b5061c090,7ebad1ecabd28a7000add2d05f888aa2e837c2cc,c7fbdcc4df48bd4a2cfe21811613e5e50e3e4868822fe6dddd13745d96692118,b98d65cc5e34337369dcd4d69d63651cc2c99c19e8494199e8b5ec9e06c8b87f,3ee7e46399aea60603c767e0a604e79e7db233924ce71fe027a1ccc1623b7eb0,7beb41daec3d6a34c6da7696c56a982667957298f017ebe137829282b6ce7985,e6f30e55e478d39061b94e38de33959ca99b16e8cac38a3bd99b34f6543ad4a2,20260924,1.5,kinematic,noise,sigma4cm_lat1step,jonswap,strict,25.0,True,0.04,0.2,33.4,1,33.333333333333336,30.0,,e6f30e55e478d39061b94e38de33959ca99b16e8cac38a3bd99b34f6543ad4a2
ppo_forecast,False,1,aft,id,SS3,200,183,0.915,0.8681041292843443,0.9462542498225244,0.0,0.0,0.02,0.065,0.915,0.0,200,0.2640007266940684,0.3927229758868055,0.26372772388763943,0.39203545912977655,0.025328830319999204,0.062398716306341445,9.946765108231753,1.543125,1.5375,0.3284307170065729,0.31844967122427076,0,0.0,2,-0.006528132615284111,190,0.95,0.755,0,0,0,0,0,184,16,0,200,,0.9104218518612239,0.972617354399236,0.95,0.9104218518612239,0.972617354399236,artifacts/runs/ppo_forecast/1,ppo,10000000,final,10010624,6cedd5d9a1fbf7eabafa9ca6146ab19ce81fdab2,b765176bb07227178386a716a339effffa4335b08c314bec5a9cbafe01e7a185,42c455437bb58f00f412e7608a10c1b947b234e7a40adfbbb3856c534a5e5e57,05c089bc199302f546b5515b78843df4ef149d56bd90ad7802366907ad0b6cf4,2117c9548c19077acfdaf36025f43e504b62bd6d85d67ff65ff437ab6f6e6ca8,3c666e83901862d15dd53ac47551989654d1aa286e709a208346e8abd81c5e47,ForecastPolicy,True,jonswap,jonswap,3.12.3,2.5.2,2.13.0,2.9.0,1.3.0,3.2.7,e9fa15cc35312a5c1ecf0c42668a690b5061c090,7ebad1ecabd28a7000add2d05f888aa2e837c2cc,c7fbdcc4df48bd4a2cfe21811613e5e50e3e4868822fe6dddd13745d96692118,b98d65cc5e34337369dcd4d69d63651cc2c99c19e8494199e8b5ec9e06c8b87f,3ee7e46399aea60603c767e0a604e79e7db233924ce71fe027a1ccc1623b7eb0,7beb41daec3d6a34c6da7696c56a982667957298f017ebe137829282b6ce7985,e6f30e55e478d39061b94e38de33959ca99b16e8cac38a3bd99b34f6543ad4a2,20260924,1.5,kinematic,noise,sigma4cm_lat1step,jonswap,strict,25.0,True,0.04,0.2,33.4,1,33.333333333333336,30.0,,e6f30e55e478d39061b94e38de33959ca99b16e8cac38a3bd99b34f6543ad4a2
ppo_forecast,False,1,aft,id,SS4,200,190,0.95,0.9104218518612239,0.972617354399236,0.0,0.005,0.025,0.02,0.95,0.0,200,0.2610205481601089,0.38264653650949987,0.25986623236102024,0.38129204517811754,0.030466644320801234,0.06347181391661623,11.927250018613872,1.5436666666666667,1.5458333333333334,0.3267330327649954,0.31537586545873575,0,0.0,1,-0.005132411953885111,137,0.685,0.75,0,0,0,0,0,195,5,0,200,,0.6176504391426966,0.745376790097715,0.685,0.6176504391426966,0.745376790097715,artifacts/runs/ppo_forecast/1,ppo,10000000,final,10010624,6cedd5d9a1fbf7eabafa9ca6146ab19ce81fdab2,b765176bb07227178386a716a339effffa4335b08c314bec5a9cbafe01e7a185,42c455437bb58f00f412e7608a10c1b947b234e7a40adfbbb3856c534a5e5e57,05c089bc199302f546b5515b78843df4ef149d56bd90ad7802366907ad0b6cf4,2117c9548c19077acfdaf36025f43e504b62bd6d85d67ff65ff437ab6f6e6ca8,3c666e83901862d15dd53ac47551989654d1aa286e709a208346e8abd81c5e47,ForecastPolicy,True,jonswap,jonswap,3.12.3,2.5.2,2.13.0,2.9.0,1.3.0,3.2.7,e9fa15cc35312a5c1ecf0c42668a690b5061c090,7ebad1ecabd28a7000add2d05f888aa2e837c2cc,c7fbdcc4df48bd4a2cfe21811613e5e50e3e4868822fe6dddd13745d96692118,b98d65cc5e34337369dcd4d69d63651cc2c99c19e8494199e8b5ec9e06c8b87f,3ee7e46399aea60603c767e0a604e79e7db233924ce71fe027a1ccc1623b7eb0,7beb41daec3d6a34c6da7696c56a982667957298f017ebe137829282b6ce7985,e6f30e55e478d39061b94e38de33959ca99b16e8cac38a3bd99b34f6543ad4a2,20260924,1.5,kinematic,noise,sigma4cm_lat1step,jonswap,strict,25.0,True,0.04,0.2,33.4,1,33.333333333333336,30.0,,e6f30e55e478d39061b94e38de33959ca99b16e8cac38a3bd99b34f6543ad4a2
ppo_forecast,False,1,aft,id,SS5,200,183,0.915,0.8681041292843443,0.9462542498225244,0.0,0.0,0.025,0.06,0.915,0.0,200,0.25852660955757195,0.3835287845818473,0.2617585170637969,0.39265886418595203,0.029903097651224352,0.061427010341846965,13.322905799993254,1.5420833333333335,1.5416666666666667,0.3320737852827178,0.31945547044271555,0,0.0,3,-0.0053887479576756854,62,0.31,0.745,0,0,0,0,0,187,13,0,200,,0.2499894483607809,0.37717177566258037,0.31,0.2499894483607809,0.37717177566258037,artifacts/runs/ppo_forecast/1,ppo,10000000,final,10010624,6cedd5d9a1fbf7eabafa9ca6146ab19ce81fdab2,b765176bb07227178386a716a339effffa4335b08c314bec5a9cbafe01e7a185,42c455437bb58f00f412e7608a10c1b947b234e7a40adfbbb3856c534a5e5e57,05c089bc199302f546b5515b78843df4ef149d56bd90ad7802366907ad0b6cf4,2117c9548c19077acfdaf36025f43e504b62bd6d85d67ff65ff437ab6f6e6ca8,3c666e83901862d15dd53ac47551989654d1aa286e709a208346e8abd81c5e47,ForecastPolicy,True,jonswap,jonswap,3.12.3,2.5.2,2.13.0,2.9.0,1.3.0,3.2.7,e9fa15cc35312a5c1ecf0c42668a690b5061c090,7ebad1ecabd28a7000add2d05f888aa2e837c2cc,c7fbdcc4df48bd4a2cfe21811613e5e50e3e4868822fe6dddd13745d96692118,b98d65cc5e34337369dcd4d69d63651cc2c99c19e8494199e8b5ec9e06c8b87f,3ee7e46399aea60603c767e0a604e79e7db233924ce71fe027a1ccc1623b7eb0,7beb41daec3d6a34c6da7696c56a982667957298f017ebe137829282b6ce7985,e6f30e55e478d39061b94e38de33959ca99b16e8cac38a3bd99b34f6543ad4a2,20260924,1.5,kinematic,noise,sigma4cm_lat1step,jonswap,strict,25.0,True,0.04,0.2,33.4,1,33.333333333333336,30.0,,e6f30e55e478d39061b94e38de33959ca99b16e8cac38a3bd99b34f6543ad4a2
ppo_forecast,False,1,aft,id,SS6,200,172,0.86,0.8051011913429243,0.9013301736654437,0.0,0.02,0.06,0.06,0.86,0.0,200,0.27391756045136384,0.3959697882202984,0.2739005690248342,0.40568033380618884,0.03458649274126557,0.0804928242089396,15.538444614868517,1.547604166666667,1.53125,0.3332682428874123,0.31641067543283463,1,0.005,6,-0.005944285414852927,24,0.12,0.0,0,0,0,0,0,182,18,0,200,,0.08197992706375512,0.17234252098296743,0.12,0.08197992706375512,0.17234252098296743,artifacts/runs/ppo_forecast/1,ppo,10000000,final,10010624,6cedd5d9a1fbf7eabafa9ca6146ab19ce81fdab2,b765176bb07227178386a716a339effffa4335b08c314bec5a9cbafe01e7a185,42c455437bb58f00f412e7608a10c1b947b234e7a40adfbbb3856c534a5e5e57,05c089bc199302f546b5515b78843df4ef149d56bd90ad7802366907ad0b6cf4,2117c9548c19077acfdaf36025f43e504b62bd6d85d67ff65ff437ab6f6e6ca8,3c666e83901862d15dd53ac47551989654d1aa286e709a208346e8abd81c5e47,ForecastPolicy,True,jonswap,jonswap,3.12.3,2.5.2,2.13.0,2.9.0,1.3.0,3.2.7,e9fa15cc35312a5c1ecf0c42668a690b5061c090,7ebad1ecabd28a7000add2d05f888aa2e837c2cc,c7fbdcc4df48bd4a2cfe21811613e5e50e3e4868822fe6dddd13745d96692118,b98d65cc5e34337369dcd4d69d63651cc2c99c19e8494199e8b5ec9e06c8b87f,3ee7e46399aea60603c767e0a604e79e7db233924ce71fe027a1ccc1623b7eb0,7beb41daec3d6a34c6da7696c56a982667957298f017ebe137829282b6ce7985,e6f30e55e478d39061b94e38de33959ca99b16e8cac38a3bd99b34f6543ad4a2,20260924,1.5,kinematic,noise,sigma4cm_lat1step,jonswap,strict,25.0,True,0.04,0.2,33.4,1,33.333333333333336,30.0,,e6f30e55e478d39061b94e38de33959ca99b16e8cac38a3bd99b34f6543ad4a2
ppo_forecast,False,2,aft,id,SS3,200,186,0.93,0.8859451911438936,0.9578478281716571,0.0,0.015,0.02,0.035,0.93,0.0,200,0.27796082682132284,0.38548730925693814,0.2779693621860242,0.385699712162818,0.03204268557681174,0.057255800129109545,11.774471123845931,1.5765208333333334,1.5666666666666667,0.2670614781614891,0.2995916546950834,0,0.0,3,-0.005066896794640544,193,0.965,0.755,0,0,0,0,0,190,10,0,200,,0.9295293884777092,0.9829444579914328,0.965,0.9295293884777092,0.9829444579914328,artifacts/runs/ppo_forecast/2,ppo,10000000,final,10010624,6cedd5d9a1fbf7eabafa9ca6146ab19ce81fdab2,b765176bb07227178386a716a339effffa4335b08c314bec5a9cbafe01e7a185,42c455437bb58f00f412e7608a10c1b947b234e7a40adfbbb3856c534a5e5e57,5f04c8068021148a640b3ea72d50804ed91a8fef2204945aeef111a8fe6ef28e,274a35a60429b7e46de492d5f1dbd8ab895cb7a0a6168c6ea51711676981edf5,a8733476d0039390a4865aa02ed85588b37c8925df766aa789b81f6229447507,ForecastPolicy,True,jonswap,jonswap,3.12.3,2.5.2,2.13.0,2.9.0,1.3.0,3.2.7,e9fa15cc35312a5c1ecf0c42668a690b5061c090,7ebad1ecabd28a7000add2d05f888aa2e837c2cc,c7fbdcc4df48bd4a2cfe21811613e5e50e3e4868822fe6dddd13745d96692118,b98d65cc5e34337369dcd4d69d63651cc2c99c19e8494199e8b5ec9e06c8b87f,3ee7e46399aea60603c767e0a604e79e7db233924ce71fe027a1ccc1623b7eb0,7beb41daec3d6a34c6da7696c56a982667957298f017ebe137829282b6ce7985,e6f30e55e478d39061b94e38de33959ca99b16e8cac38a3bd99b34f6543ad4a2,20260924,1.5,kinematic,noise,sigma4cm_lat1step,jonswap,strict,25.0,True,0.04,0.2,33.4,1,33.333333333333336,30.0,,e6f30e55e478d39061b94e38de33959ca99b16e8cac38a3bd99b34f6543ad4a2
ppo_forecast,False,2,aft,id,SS4,200,190,0.95,0.9104218518612239,0.972617354399236,0.0,0.0,0.02,0.03,0.95,0.0,200,0.2613185199480334,0.3963198549307314,0.26173732031506136,0.39551516627992817,0.028633507879856624,0.05770359619726629,11.742687349320528,1.5761250000000002,1.5791666666666666,0.2679359429886982,0.2989552587889961,0,0.0,1,-0.005401764188069573,137,0.685,0.75,0,0,0,0,0,192,8,0,200,,0.6176504391426966,0.745376790097715,0.685,0.6176504391426966,0.745376790097715,artifacts/runs/ppo_forecast/2,ppo,10000000,final,10010624,6cedd5d9a1fbf7eabafa9ca6146ab19ce81fdab2,b765176bb07227178386a716a339effffa4335b08c314bec5a9cbafe01e7a185,42c455437bb58f00f412e7608a10c1b947b234e7a40adfbbb3856c534a5e5e57,5f04c8068021148a640b3ea72d50804ed91a8fef2204945aeef111a8fe6ef28e,274a35a60429b7e46de492d5f1dbd8ab895cb7a0a6168c6ea51711676981edf5,a8733476d0039390a4865aa02ed85588b37c8925df766aa789b81f6229447507,ForecastPolicy,True,jonswap,jonswap,3.12.3,2.5.2,2.13.0,2.9.0,1.3.0,3.2.7,e9fa15cc35312a5c1ecf0c42668a690b5061c090,7ebad1ecabd28a7000add2d05f888aa2e837c2cc,c7fbdcc4df48bd4a2cfe21811613e5e50e3e4868822fe6dddd13745d96692118,b98d65cc5e34337369dcd4d69d63651cc2c99c19e8494199e8b5ec9e06c8b87f,3ee7e46399aea60603c767e0a604e79e7db233924ce71fe027a1ccc1623b7eb0,7beb41daec3d6a34c6da7696c56a982667957298f017ebe137829282b6ce7985,e6f30e55e478d39061b94e38de33959ca99b16e8cac38a3bd99b34f6543ad4a2,20260924,1.5,kinematic,noise,sigma4cm_lat1step,jonswap,strict,25.0,True,0.04,0.2,33.4,1,33.333333333333336,30.0,,e6f30e55e478d39061b94e38de33959ca99b16e8cac38a3bd99b34f6543ad4a2
ppo_forecast,False,2,aft,id,SS5,200,185,0.925,0.8799563897637055,0.954025082815618,0.0,0.0,0.025,0.05,0.925,0.0,200,0.2491933474140658,0.38220382092471356,0.25108074930382307,0.38369435132722146,0.029361877822531343,0.06909537467931287,12.113606574785052,1.5753333333333333,1.5583333333333333,0.272653340692564,0.3019704219034241,1,0.005,2,-0.005331940441074471,64,0.32,0.745,0,0,0,0,0,186,14,0,200,,0.25926533315468053,0.38751898434113546,0.32,0.25926533315468053,0.38751898434113546,artifacts/runs/ppo_forecast/2,ppo,10000000,final,10010624,6cedd5d9a1fbf7eabafa9ca6146ab19ce81fdab2,b765176bb07227178386a716a339effffa4335b08c314bec5a9cbafe01e7a185,42c455437bb58f00f412e7608a10c1b947b234e7a40adfbbb3856c534a5e5e57,5f04c8068021148a640b3ea72d50804ed91a8fef2204945aeef111a8fe6ef28e,274a35a60429b7e46de492d5f1dbd8ab895cb7a0a6168c6ea51711676981edf5,a8733476d0039390a4865aa02ed85588b37c8925df766aa789b81f6229447507,ForecastPolicy,True,jonswap,jonswap,3.12.3,2.5.2,2.13.0,2.9.0,1.3.0,3.2.7,e9fa15cc35312a5c1ecf0c42668a690b5061c090,7ebad1ecabd28a7000add2d05f888aa2e837c2cc,c7fbdcc4df48bd4a2cfe21811613e5e50e3e4868822fe6dddd13745d96692118,b98d65cc5e34337369dcd4d69d63651cc2c99c19e8494199e8b5ec9e06c8b87f,3ee7e46399aea60603c767e0a604e79e7db233924ce71fe027a1ccc1623b7eb0,7beb41daec3d6a34c6da7696c56a982667957298f017ebe137829282b6ce7985,e6f30e55e478d39061b94e38de33959ca99b16e8cac38a3bd99b34f6543ad4a2,20260924,1.5,kinematic,noise,sigma4cm_lat1step,jonswap,strict,25.0,True,0.04,0.2,33.4,1,33.333333333333336,30.0,,e6f30e55e478d39061b94e38de33959ca99b16e8cac38a3bd99b34f6543ad4a2
ppo_forecast,False,2,aft,id,SS6,200,168,0.84,0.7828592983793289,0.8843258796841297,0.0,0.01,0.11,0.04,0.84,0.0,200,0.26805283435003263,0.3902858729761491,0.26804067981347734,0.40113113066559847,0.03198750763040873,0.0735659425269158,18.031732469828647,1.5852291666666667,1.5791666666666666,0.2737342374826343,0.29524811678714696,1,0.005,9,-0.006104436556377131,24,0.12,0.0,0,0,0,0,0,185,15,0,200,,0.08197992706375512,0.17234252098296743,0.12,0.08197992706375512,0.17234252098296743,artifacts/runs/ppo_forecast/2,ppo,10000000,final,10010624,6cedd5d9a1fbf7eabafa9ca6146ab19ce81fdab2,b765176bb07227178386a716a339effffa4335b08c314bec5a9cbafe01e7a185,42c455437bb58f00f412e7608a10c1b947b234e7a40adfbbb3856c534a5e5e57,5f04c8068021148a640b3ea72d50804ed91a8fef2204945aeef111a8fe6ef28e,274a35a60429b7e46de492d5f1dbd8ab895cb7a0a6168c6ea51711676981edf5,a8733476d0039390a4865aa02ed85588b37c8925df766aa789b81f6229447507,ForecastPolicy,True,jonswap,jonswap,3.12.3,2.5.2,2.13.0,2.9.0,1.3.0,3.2.7,e9fa15cc35312a5c1ecf0c42668a690b5061c090,7ebad1ecabd28a7000add2d05f888aa2e837c2cc,c7fbdcc4df48bd4a2cfe21811613e5e50e3e4868822fe6dddd13745d96692118,b98d65cc5e34337369dcd4d69d63651cc2c99c19e8494199e8b5ec9e06c8b87f,3ee7e46399aea60603c767e0a604e79e7db233924ce71fe027a1ccc1623b7eb0,7beb41daec3d6a34c6da7696c56a982667957298f017ebe137829282b6ce7985,e6f30e55e478d39061b94e38de33959ca99b16e8cac38a3bd99b34f6543ad4a2,20260924,1.5,kinematic,noise,sigma4cm_lat1step,jonswap,strict,25.0,True,0.04,0.2,33.4,1,33.333333333333336,30.0,,e6f30e55e478d39061b94e38de33959ca99b16e8cac38a3bd99b34f6543ad4a2
ppo_forecast,False,3,aft,id,SS3,200,173,0.865,0.8107086162924745,0.9055342954521209,0.0,0.015,0.045,0.075,0.865,0.0,200,0.2716094757357845,0.4066533207139301,0.2729257795566829,0.40584993737643105,0.029241485526548778,0.06824104607147533,15.01035002383925,1.6121875,1.6041666666666667,0.3018645330814527,0.3070616000939548,0,0.0,6,-0.005475585389504054,192,0.96,0.755,0,0,0,0,0,181,19,0,200,,0.923067931799067,0.9795943679338476,0.96,0.923067931799067,0.9795943679338476,artifacts/runs/ppo_forecast/3,ppo,10000000,final,10010624,6cedd5d9a1fbf7eabafa9ca6146ab19ce81fdab2,b765176bb07227178386a716a339effffa4335b08c314bec5a9cbafe01e7a185,42c455437bb58f00f412e7608a10c1b947b234e7a40adfbbb3856c534a5e5e57,1cb0e664020484704e31df0dffea6de2d0d245454b4822b09bebf74d33cb1412,f04f1806fde35791bd953b8f21d61c001486d3503c6091b6cf8274962140836e,e671d06950623e7ffdce4e1d39991cae8c19fdab70ac4ac26b0f6b2a95a7ad48,ForecastPolicy,True,jonswap,jonswap,3.12.3,2.5.2,2.13.0,2.9.0,1.3.0,3.2.7,e9fa15cc35312a5c1ecf0c42668a690b5061c090,7ebad1ecabd28a7000add2d05f888aa2e837c2cc,c7fbdcc4df48bd4a2cfe21811613e5e50e3e4868822fe6dddd13745d96692118,b98d65cc5e34337369dcd4d69d63651cc2c99c19e8494199e8b5ec9e06c8b87f,3ee7e46399aea60603c767e0a604e79e7db233924ce71fe027a1ccc1623b7eb0,7beb41daec3d6a34c6da7696c56a982667957298f017ebe137829282b6ce7985,e6f30e55e478d39061b94e38de33959ca99b16e8cac38a3bd99b34f6543ad4a2,20260924,1.5,kinematic,noise,sigma4cm_lat1step,jonswap,strict,25.0,True,0.04,0.2,33.4,1,33.333333333333336,30.0,,e6f30e55e478d39061b94e38de33959ca99b16e8cac38a3bd99b34f6543ad4a2
ppo_forecast,False,3,aft,id,SS4,200,190,0.95,0.9104218518612239,0.972617354399236,0.0,0.005,0.01,0.035,0.95,0.0,200,0.27219687596876163,0.398408470360696,0.27258554420248915,0.39841499723767243,0.03162214128093551,0.0704591438919451,11.703946829549407,1.608458333333333,1.6083333333333334,0.30127129751021375,0.3003649207438693,0,0.0,2,-0.005854549509321739,140,0.7,0.75,0,0,0,0,0,192,8,0,200,,0.6332093162728074,0.7592525531762859,0.7,0.6332093162728074,0.7592525531762859,artifacts/runs/ppo_forecast/3,ppo,10000000,final,10010624,6cedd5d9a1fbf7eabafa9ca6146ab19ce81fdab2,b765176bb07227178386a716a339effffa4335b08c314bec5a9cbafe01e7a185,42c455437bb58f00f412e7608a10c1b947b234e7a40adfbbb3856c534a5e5e57,1cb0e664020484704e31df0dffea6de2d0d245454b4822b09bebf74d33cb1412,f04f1806fde35791bd953b8f21d61c001486d3503c6091b6cf8274962140836e,e671d06950623e7ffdce4e1d39991cae8c19fdab70ac4ac26b0f6b2a95a7ad48,ForecastPolicy,True,jonswap,jonswap,3.12.3,2.5.2,2.13.0,2.9.0,1.3.0,3.2.7,e9fa15cc35312a5c1ecf0c42668a690b5061c090,7ebad1ecabd28a7000add2d05f888aa2e837c2cc,c7fbdcc4df48bd4a2cfe21811613e5e50e3e4868822fe6dddd13745d96692118,b98d65cc5e34337369dcd4d69d63651cc2c99c19e8494199e8b5ec9e06c8b87f,3ee7e46399aea60603c767e0a604e79e7db233924ce71fe027a1ccc1623b7eb0,7beb41daec3d6a34c6da7696c56a982667957298f017ebe137829282b6ce7985,e6f30e55e478d39061b94e38de33959ca99b16e8cac38a3bd99b34f6543ad4a2,20260924,1.5,kinematic,noise,sigma4cm_lat1step,jonswap,strict,25.0,True,0.04,0.2,33.4,1,33.333333333333336,30.0,,e6f30e55e478d39061b94e38de33959ca99b16e8cac38a3bd99b34f6543ad4a2
ppo_forecast,False,3,aft,id,SS5,200,176,0.88,0.8276574790170326,0.9180200729362449,0.0,0.025,0.055,0.04,0.88,0.0,200,0.24607088540357058,0.3678869535224206,0.24753109800198472,0.3700797181671617,0.029625773246928395,0.0691193346295869,16.26114306940338,1.6174999999999997,1.6020833333333333,0.29979342578992485,0.3062320303527233,0,0.0,2,-0.00577748607017871,61,0.305,0.745,0,0,0,0,0,188,12,0,200,,0.24536415630735034,0.37198552097978366,0.305,0.24536415630735034,0.37198552097978366,artifacts/runs/ppo_forecast/3,ppo,10000000,final,10010624,6cedd5d9a1fbf7eabafa9ca6146ab19ce81fdab2,b765176bb07227178386a716a339effffa4335b08c314bec5a9cbafe01e7a185,42c455437bb58f00f412e7608a10c1b947b234e7a40adfbbb3856c534a5e5e57,1cb0e664020484704e31df0dffea6de2d0d245454b4822b09bebf74d33cb1412,f04f1806fde35791bd953b8f21d61c001486d3503c6091b6cf8274962140836e,e671d06950623e7ffdce4e1d39991cae8c19fdab70ac4ac26b0f6b2a95a7ad48,ForecastPolicy,True,jonswap,jonswap,3.12.3,2.5.2,2.13.0,2.9.0,1.3.0,3.2.7,e9fa15cc35312a5c1ecf0c42668a690b5061c090,7ebad1ecabd28a7000add2d05f888aa2e837c2cc,c7fbdcc4df48bd4a2cfe21811613e5e50e3e4868822fe6dddd13745d96692118,b98d65cc5e34337369dcd4d69d63651cc2c99c19e8494199e8b5ec9e06c8b87f,3ee7e46399aea60603c767e0a604e79e7db233924ce71fe027a1ccc1623b7eb0,7beb41daec3d6a34c6da7696c56a982667957298f017ebe137829282b6ce7985,e6f30e55e478d39061b94e38de33959ca99b16e8cac38a3bd99b34f6543ad4a2,20260924,1.5,kinematic,noise,sigma4cm_lat1step,jonswap,strict,25.0,True,0.04,0.2,33.4,1,33.333333333333336,30.0,,e6f30e55e478d39061b94e38de33959ca99b16e8cac38a3bd99b34f6543ad4a2
ppo_forecast,False,3,aft,id,SS6,200,174,0.87,0.8163364812775159,0.9097179772033067,0.0,0.0,0.05,0.08,0.87,0.0,200,0.2617676231129898,0.40092299915722385,0.26584666231417786,0.4219172447072695,0.030200638918430424,0.06592550258800073,14.699687546305302,1.6291666666666667,1.61875,0.2965552385590801,0.30791554312148783,0,0.0,8,-0.006588828402614572,24,0.12,0.0,0,0,0,0,0,183,17,0,200,,0.08197992706375512,0.17234252098296743,0.12,0.08197992706375512,0.17234252098296743,artifacts/runs/ppo_forecast/3,ppo,10000000,final,10010624,6cedd5d9a1fbf7eabafa9ca6146ab19ce81fdab2,b765176bb07227178386a716a339effffa4335b08c314bec5a9cbafe01e7a185,42c455437bb58f00f412e7608a10c1b947b234e7a40adfbbb3856c534a5e5e57,1cb0e664020484704e31df0dffea6de2d0d245454b4822b09bebf74d33cb1412,f04f1806fde35791bd953b8f21d61c001486d3503c6091b6cf8274962140836e,e671d06950623e7ffdce4e1d39991cae8c19fdab70ac4ac26b0f6b2a95a7ad48,ForecastPolicy,True,jonswap,jonswap,3.12.3,2.5.2,2.13.0,2.9.0,1.3.0,3.2.7,e9fa15cc35312a5c1ecf0c42668a690b5061c090,7ebad1ecabd28a7000add2d05f888aa2e837c2cc,c7fbdcc4df48bd4a2cfe21811613e5e50e3e4868822fe6dddd13745d96692118,b98d65cc5e34337369dcd4d69d63651cc2c99c19e8494199e8b5ec9e06c8b87f,3ee7e46399aea60603c767e0a604e79e7db233924ce71fe027a1ccc1623b7eb0,7beb41daec3d6a34c6da7696c56a982667957298f017ebe137829282b6ce7985,e6f30e55e478d39061b94e38de33959ca99b16e8cac38a3bd99b34f6543ad4a2,20260924,1.5,kinematic,noise,sigma4cm_lat1step,jonswap,strict,25.0,True,0.04,0.2,33.4,1,33.333333333333336,30.0,,e6f30e55e478d39061b94e38de33959ca99b16e8cac38a3bd99b34f6543ad4a2
ppo_forecast,False,4,aft,id,SS3,200,187,0.935,0.8919809207009312,0.961623645350847,0.0,0.005,0.025,0.035,0.935,0.0,200,0.26499734285480736,0.3923758191420322,0.2651979714807635,0.3919720828337661,0.028111627930639607,0.06749431839468019,12.289265593124204,1.5947083333333336,1.5916666666666666,0.27010404659633247,0.31780916068427084,0,0.0,4,-0.005908929000153335,190,0.95,0.755,0,0,0,0,0,191,9,0,200,,0.9104218518612239,0.972617354399236,0.95,0.9104218518612239,0.972617354399236,artifacts/runs/ppo_forecast/4,ppo,10000000,final,10010624,6cedd5d9a1fbf7eabafa9ca6146ab19ce81fdab2,b765176bb07227178386a716a339effffa4335b08c314bec5a9cbafe01e7a185,42c455437bb58f00f412e7608a10c1b947b234e7a40adfbbb3856c534a5e5e57,c516a3324c8b088053d065321bcf5f97bbeddbd4068dad5f493c8251cd65873d,640a73a9613c3c177c3d92a9822ce3bfbd9daa77409cd507ea7b5865ec6b143d,1315c92f0f65250b57599e80eadbef22ea9839f0c1b6eca69ae835f592a19ff9,ForecastPolicy,True,jonswap,jonswap,3.12.3,2.5.2,2.13.0,2.9.0,1.3.0,3.2.7,e9fa15cc35312a5c1ecf0c42668a690b5061c090,7ebad1ecabd28a7000add2d05f888aa2e837c2cc,c7fbdcc4df48bd4a2cfe21811613e5e50e3e4868822fe6dddd13745d96692118,b98d65cc5e34337369dcd4d69d63651cc2c99c19e8494199e8b5ec9e06c8b87f,3ee7e46399aea60603c767e0a604e79e7db233924ce71fe027a1ccc1623b7eb0,7beb41daec3d6a34c6da7696c56a982667957298f017ebe137829282b6ce7985,e6f30e55e478d39061b94e38de33959ca99b16e8cac38a3bd99b34f6543ad4a2,20260924,1.5,kinematic,noise,sigma4cm_lat1step,jonswap,strict,25.0,True,0.04,0.2,33.4,1,33.333333333333336,30.0,,e6f30e55e478d39061b94e38de33959ca99b16e8cac38a3bd99b34f6543ad4a2
ppo_forecast,False,4,aft,id,SS4,200,182,0.91,0.8622342812328346,0.9423125511378069,0.0,0.005,0.025,0.06,0.91,0.0,200,0.26156912972280477,0.4060683149741889,0.2643260363234373,0.4051606443837363,0.02860660509703707,0.06593545660066925,13.395189286022086,1.5906458333333333,1.5916666666666666,0.27281298456488245,0.31823560007333845,0,0.0,4,-0.007011944552003434,140,0.7,0.75,0,0,0,0,0,187,13,0,200,,0.6332093162728074,0.7592525531762859,0.7,0.6332093162728074,0.7592525531762859,artifacts/runs/ppo_forecast/4,ppo,10000000,final,10010624,6cedd5d9a1fbf7eabafa9ca6146ab19ce81fdab2,b765176bb07227178386a716a339effffa4335b08c314bec5a9cbafe01e7a185,42c455437bb58f00f412e7608a10c1b947b234e7a40adfbbb3856c534a5e5e57,c516a3324c8b088053d065321bcf5f97bbeddbd4068dad5f493c8251cd65873d,640a73a9613c3c177c3d92a9822ce3bfbd9daa77409cd507ea7b5865ec6b143d,1315c92f0f65250b57599e80eadbef22ea9839f0c1b6eca69ae835f592a19ff9,ForecastPolicy,True,jonswap,jonswap,3.12.3,2.5.2,2.13.0,2.9.0,1.3.0,3.2.7,e9fa15cc35312a5c1ecf0c42668a690b5061c090,7ebad1ecabd28a7000add2d05f888aa2e837c2cc,c7fbdcc4df48bd4a2cfe21811613e5e50e3e4868822fe6dddd13745d96692118,b98d65cc5e34337369dcd4d69d63651cc2c99c19e8494199e8b5ec9e06c8b87f,3ee7e46399aea60603c767e0a604e79e7db233924ce71fe027a1ccc1623b7eb0,7beb41daec3d6a34c6da7696c56a982667957298f017ebe137829282b6ce7985,e6f30e55e478d39061b94e38de33959ca99b16e8cac38a3bd99b34f6543ad4a2,20260924,1.5,kinematic,noise,sigma4cm_lat1step,jonswap,strict,25.0,True,0.04,0.2,33.4,1,33.333333333333336,30.0,,e6f30e55e478d39061b94e38de33959ca99b16e8cac38a3bd99b34f6543ad4a2
ppo_forecast,False,4,aft,id,SS5,200,181,0.905,0.8563983883518006,0.9383368972826135,0.0,0.01,0.04,0.045,0.905,0.0,200,0.2598906066753969,0.4140028011438919,0.2592275405451977,0.4107708744835943,0.030231950026611575,0.06647744508265432,14.52514819526174,1.6010000000000002,1.5916666666666666,0.2721608712179054,0.3168817341983784,1,0.005,4,-0.005907342771159582,65,0.325,0.745,0,0,0,0,0,190,10,0,200,,0.2639157153923429,0.3926801488397004,0.325,0.2639157153923429,0.3926801488397004,artifacts/runs/ppo_forecast/4,ppo,10000000,final,10010624,6cedd5d9a1fbf7eabafa9ca6146ab19ce81fdab2,b765176bb07227178386a716a339effffa4335b08c314bec5a9cbafe01e7a185,42c455437bb58f00f412e7608a10c1b947b234e7a40adfbbb3856c534a5e5e57,c516a3324c8b088053d065321bcf5f97bbeddbd4068dad5f493c8251cd65873d,640a73a9613c3c177c3d92a9822ce3bfbd9daa77409cd507ea7b5865ec6b143d,1315c92f0f65250b57599e80eadbef22ea9839f0c1b6eca69ae835f592a19ff9,ForecastPolicy,True,jonswap,jonswap,3.12.3,2.5.2,2.13.0,2.9.0,1.3.0,3.2.7,e9fa15cc35312a5c1ecf0c42668a690b5061c090,7ebad1ecabd28a7000add2d05f888aa2e837c2cc,c7fbdcc4df48bd4a2cfe21811613e5e50e3e4868822fe6dddd13745d96692118,b98d65cc5e34337369dcd4d69d63651cc2c99c19e8494199e8b5ec9e06c8b87f,3ee7e46399aea60603c767e0a604e79e7db233924ce71fe027a1ccc1623b7eb0,7beb41daec3d6a34c6da7696c56a982667957298f017ebe137829282b6ce7985,e6f30e55e478d39061b94e38de33959ca99b16e8cac38a3bd99b34f6543ad4a2,20260924,1.5,kinematic,noise,sigma4cm_lat1step,jonswap,strict,25.0,True,0.04,0.2,33.4,1,33.333333333333336,30.0,,e6f30e55e478d39061b94e38de33959ca99b16e8cac38a3bd99b34f6543ad4a2
ppo_forecast,False,4,aft,id,SS6,200,180,0.9,0.8505941875672826,0.9343295513309041,0.0,0.015,0.055,0.03,0.9,0.0,200,0.2849958613276513,0.4246830210363106,0.28660190482936176,0.4211809992958776,0.03492320915139745,0.08540322354345577,17.399432574506676,1.6152291666666667,1.5979166666666667,0.2711109207140758,0.3124322044139195,0,0.0,9,-0.00647483668045834,26,0.13,0.0,0,0,0,0,0,188,12,0,200,,0.0902820227966932,0.18366351872248407,0.13,0.0902820227966932,0.18366351872248407,artifacts/runs/ppo_forecast/4,ppo,10000000,final,10010624,6cedd5d9a1fbf7eabafa9ca6146ab19ce81fdab2,b765176bb07227178386a716a339effffa4335b08c314bec5a9cbafe01e7a185,42c455437bb58f00f412e7608a10c1b947b234e7a40adfbbb3856c534a5e5e57,c516a3324c8b088053d065321bcf5f97bbeddbd4068dad5f493c8251cd65873d,640a73a9613c3c177c3d92a9822ce3bfbd9daa77409cd507ea7b5865ec6b143d,1315c92f0f65250b57599e80eadbef22ea9839f0c1b6eca69ae835f592a19ff9,ForecastPolicy,True,jonswap,jonswap,3.12.3,2.5.2,2.13.0,2.9.0,1.3.0,3.2.7,e9fa15cc35312a5c1ecf0c42668a690b5061c090,7ebad1ecabd28a7000add2d05f888aa2e837c2cc,c7fbdcc4df48bd4a2cfe21811613e5e50e3e4868822fe6dddd13745d96692118,b98d65cc5e34337369dcd4d69d63651cc2c99c19e8494199e8b5ec9e06c8b87f,3ee7e46399aea60603c767e0a604e79e7db233924ce71fe027a1ccc1623b7eb0,7beb41daec3d6a34c6da7696c56a982667957298f017ebe137829282b6ce7985,e6f30e55e478d39061b94e38de33959ca99b16e8cac38a3bd99b34f6543ad4a2,20260924,1.5,kinematic,noise,sigma4cm_lat1step,jonswap,strict,25.0,True,0.04,0.2,33.4,1,33.333333333333336,30.0,,e6f30e55e478d39061b94e38de33959ca99b16e8cac38a3bd99b34f6543ad4a2
residual_ppo_forecast,False,0,aft,id,SS3,200,0,0.0,1.734723475976807e-18,0.018845326377266575,0.375,0.355,0.195,0.075,0.0,0.0,130,0.3055887945740491,0.6688430387800679,0.3045113924819355,0.6784636168897351,0.11700597981725702,0.29126418253295244,51.22481834492998,2.9400961538461536,2.814583333333333,0.22670207905166373,0.42376885046028484,6,0.03,6,-0.007039722888999521,119,0.9153846153846154,0.755,0,5,70,0,0,0,125,0,200,,0.8548287384939237,0.9520961183599332,0.595,0.525797100813387,0.6606222871749323,artifacts/runs/residual_ppo_forecast/0,ppo,10000000,final,10010624,6cedd5d9a1fbf7eabafa9ca6146ab19ce81fdab2,8276ee8f4e1baa91aa56b31aeb5b5f48aa8845c72939e13cf44ff4fb4e10b2e3,92671b2081ade69e3bda52d06309eb171c7b36b2303c8648d10c93d6591a4765,8642848a224023a069190ceba3a47a93e9d3884843f2a5d4c6ffb4daaac81522,05c683af2cfb1933e7265d6b306fbb2773a0f00e94f8deda7a8a4d729c4af0b4,7c465b02e74bbf27d5c42a8dfbc5bc735556cdcd8a22047f6d60070db40a21bc,ResidualForecastPolicy,True,jonswap,jonswap,3.12.3,2.5.2,2.13.0,2.9.0,1.3.0,3.2.7,e9fa15cc35312a5c1ecf0c42668a690b5061c090,7ebad1ecabd28a7000add2d05f888aa2e837c2cc,c7fbdcc4df48bd4a2cfe21811613e5e50e3e4868822fe6dddd13745d96692118,b98d65cc5e34337369dcd4d69d63651cc2c99c19e8494199e8b5ec9e06c8b87f,3ee7e46399aea60603c767e0a604e79e7db233924ce71fe027a1ccc1623b7eb0,7beb41daec3d6a34c6da7696c56a982667957298f017ebe137829282b6ce7985,e6f30e55e478d39061b94e38de33959ca99b16e8cac38a3bd99b34f6543ad4a2,20260924,1.5,kinematic,noise,sigma4cm_lat1step,jonswap,strict,25.0,True,0.04,0.2,33.4,1,33.333333333333336,30.0,,e6f30e55e478d39061b94e38de33959ca99b16e8cac38a3bd99b34f6543ad4a2
residual_ppo_forecast,False,0,aft,id,SS4,200,0,0.0,1.734723475976807e-18,0.018845326377266575,0.36,0.35,0.19,0.1,0.0,0.0,133,0.302617987032479,0.7399369814213814,0.3059336573214918,0.7226487469587441,0.1135885414045563,0.30332452641563495,50.583863974447674,2.9632205513784458,2.85,0.23288990212535476,0.4212464840977603,7,0.035,10,-0.008191205886717536,91,0.6842105263157895,0.75,0,4,68,0,0,3,125,0,200,,0.600986559418195,0.7570920552230417,0.455,0.387482193098835,0.524213886275119,artifacts/runs/residual_ppo_forecast/0,ppo,10000000,final,10010624,6cedd5d9a1fbf7eabafa9ca6146ab19ce81fdab2,8276ee8f4e1baa91aa56b31aeb5b5f48aa8845c72939e13cf44ff4fb4e10b2e3,92671b2081ade69e3bda52d06309eb171c7b36b2303c8648d10c93d6591a4765,8642848a224023a069190ceba3a47a93e9d3884843f2a5d4c6ffb4daaac81522,05c683af2cfb1933e7265d6b306fbb2773a0f00e94f8deda7a8a4d729c4af0b4,7c465b02e74bbf27d5c42a8dfbc5bc735556cdcd8a22047f6d60070db40a21bc,ResidualForecastPolicy,True,jonswap,jonswap,3.12.3,2.5.2,2.13.0,2.9.0,1.3.0,3.2.7,e9fa15cc35312a5c1ecf0c42668a690b5061c090,7ebad1ecabd28a7000add2d05f888aa2e837c2cc,c7fbdcc4df48bd4a2cfe21811613e5e50e3e4868822fe6dddd13745d96692118,b98d65cc5e34337369dcd4d69d63651cc2c99c19e8494199e8b5ec9e06c8b87f,3ee7e46399aea60603c767e0a604e79e7db233924ce71fe027a1ccc1623b7eb0,7beb41daec3d6a34c6da7696c56a982667957298f017ebe137829282b6ce7985,e6f30e55e478d39061b94e38de33959ca99b16e8cac38a3bd99b34f6543ad4a2,20260924,1.5,kinematic,noise,sigma4cm_lat1step,jonswap,strict,25.0,True,0.04,0.2,33.4,1,33.333333333333336,30.0,,e6f30e55e478d39061b94e38de33959ca99b16e8cac38a3bd99b34f6543ad4a2
residual_ppo_forecast,False,0,aft,id,SS5,200,2,0.01,0.0027466581335444384,0.0357217617161768,0.41,0.375,0.14,0.065,0.01,0.0,130,0.3091254021955714,0.7383752536760428,0.32085772312739197,0.730017233216893,0.14666804818614443,0.31822240731455986,54.11622413244865,2.806474358974359,2.75625,0.24139911296064945,0.42170722414397604,8,0.04,14,-0.008787597476647487,34,0.26153846153846155,0.745,0,12,70,0,0,4,114,0,200,,0.19361536916424207,0.3431499907900253,0.17,0.12427907912586969,0.22815883628312625,artifacts/runs/residual_ppo_forecast/0,ppo,10000000,final,10010624,6cedd5d9a1fbf7eabafa9ca6146ab19ce81fdab2,8276ee8f4e1baa91aa56b31aeb5b5f48aa8845c72939e13cf44ff4fb4e10b2e3,92671b2081ade69e3bda52d06309eb171c7b36b2303c8648d10c93d6591a4765,8642848a224023a069190ceba3a47a93e9d3884843f2a5d4c6ffb4daaac81522,05c683af2cfb1933e7265d6b306fbb2773a0f00e94f8deda7a8a4d729c4af0b4,7c465b02e74bbf27d5c42a8dfbc5bc735556cdcd8a22047f6d60070db40a21bc,ResidualForecastPolicy,True,jonswap,jonswap,3.12.3,2.5.2,2.13.0,2.9.0,1.3.0,3.2.7,e9fa15cc35312a5c1ecf0c42668a690b5061c090,7ebad1ecabd28a7000add2d05f888aa2e837c2cc,c7fbdcc4df48bd4a2cfe21811613e5e50e3e4868822fe6dddd13745d96692118,b98d65cc5e34337369dcd4d69d63651cc2c99c19e8494199e8b5ec9e06c8b87f,3ee7e46399aea60603c767e0a604e79e7db233924ce71fe027a1ccc1623b7eb0,7beb41daec3d6a34c6da7696c56a982667957298f017ebe137829282b6ce7985,e6f30e55e478d39061b94e38de33959ca99b16e8cac38a3bd99b34f6543ad4a2,20260924,1.5,kinematic,noise,sigma4cm_lat1step,jonswap,strict,25.0,True,0.04,0.2,33.4,1,33.333333333333336,30.0,,e6f30e55e478d39061b94e38de33959ca99b16e8cac38a3bd99b34f6543ad4a2
residual_ppo_forecast,False,0,aft,id,SS6,200,2,0.01,0.0027466581335444384,0.0357217617161768,0.39,0.355,0.16,0.085,0.01,0.0,129,0.29868291335061253,0.7251245400059178,0.29136144592707847,0.7210551630639929,0.12025197437442227,0.30907050235602657,51.927411450755194,2.8313630490956068,2.775,0.23911863745669013,0.42039688890041527,8,0.04,4,-0.007993120953811642,14,0.10852713178294573,0.0,0,7,71,0,0,3,119,0,200,,0.06575597387235887,0.1739392169465923,0.07,0.042152171828342806,0.11405480885610647,artifacts/runs/residual_ppo_forecast/0,ppo,10000000,final,10010624,6cedd5d9a1fbf7eabafa9ca6146ab19ce81fdab2,8276ee8f4e1baa91aa56b31aeb5b5f48aa8845c72939e13cf44ff4fb4e10b2e3,92671b2081ade69e3bda52d06309eb171c7b36b2303c8648d10c93d6591a4765,8642848a224023a069190ceba3a47a93e9d3884843f2a5d4c6ffb4daaac81522,05c683af2cfb1933e7265d6b306fbb2773a0f00e94f8deda7a8a4d729c4af0b4,7c465b02e74bbf27d5c42a8dfbc5bc735556cdcd8a22047f6d60070db40a21bc,ResidualForecastPolicy,True,jonswap,jonswap,3.12.3,2.5.2,2.13.0,2.9.0,1.3.0,3.2.7,e9fa15cc35312a5c1ecf0c42668a690b5061c090,7ebad1ecabd28a7000add2d05f888aa2e837c2cc,c7fbdcc4df48bd4a2cfe21811613e5e50e3e4868822fe6dddd13745d96692118,b98d65cc5e34337369dcd4d69d63651cc2c99c19e8494199e8b5ec9e06c8b87f,3ee7e46399aea60603c767e0a604e79e7db233924ce71fe027a1ccc1623b7eb0,7beb41daec3d6a34c6da7696c56a982667957298f017ebe137829282b6ce7985,e6f30e55e478d39061b94e38de33959ca99b16e8cac38a3bd99b34f6543ad4a2,20260924,1.5,kinematic,noise,sigma4cm_lat1step,jonswap,strict,25.0,True,0.04,0.2,33.4,1,33.333333333333336,30.0,,e6f30e55e478d39061b94e38de33959ca99b16e8cac38a3bd99b34f6543ad4a2
residual_ppo_forecast,False,1,aft,id,SS3,200,1,0.005,0.0008831687156009814,0.02777370439789293,0.355,0.345,0.23,0.065,0.005,0.0,134,0.3270831823401264,0.6600453567973118,0.32687205286906645,0.6546071883840937,0.11005364979575646,0.3002554565093691,55.641771398886284,2.8539490049751244,2.83125,0.23683134778099968,0.4307837807699879,9,0.045,5,-0.006802228849431665,126,0.9402985074626866,0.755,0,5,66,0,0,2,127,0,200,,0.8866149769181356,0.9694409659712667,0.63,0.5612262992405018,0.6938739159014088,artifacts/runs/residual_ppo_forecast/1,ppo,10000000,final,10010624,6cedd5d9a1fbf7eabafa9ca6146ab19ce81fdab2,8276ee8f4e1baa91aa56b31aeb5b5f48aa8845c72939e13cf44ff4fb4e10b2e3,92671b2081ade69e3bda52d06309eb171c7b36b2303c8648d10c93d6591a4765,129feb9da2bfce5ab1b169c5e7ee4956ca4b3dd890a44171f0265638cb35eed5,f008964eabf072d81045c92f413c7d29b561e5baf783aa2c8f121c77f04151f8,65ca46d9d2effab3b94ed2360a8e44cc66114dc6d71d1c8beee094459ae3d900,ResidualForecastPolicy,True,jonswap,jonswap,3.12.3,2.5.2,2.13.0,2.9.0,1.3.0,3.2.7,e9fa15cc35312a5c1ecf0c42668a690b5061c090,7ebad1ecabd28a7000add2d05f888aa2e837c2cc,c7fbdcc4df48bd4a2cfe21811613e5e50e3e4868822fe6dddd13745d96692118,b98d65cc5e34337369dcd4d69d63651cc2c99c19e8494199e8b5ec9e06c8b87f,3ee7e46399aea60603c767e0a604e79e7db233924ce71fe027a1ccc1623b7eb0,7beb41daec3d6a34c6da7696c56a982667957298f017ebe137829282b6ce7985,e6f30e55e478d39061b94e38de33959ca99b16e8cac38a3bd99b34f6543ad4a2,20260924,1.5,kinematic,noise,sigma4cm_lat1step,jonswap,strict,25.0,True,0.04,0.2,33.4,1,33.333333333333336,30.0,,e6f30e55e478d39061b94e38de33959ca99b16e8cac38a3bd99b34f6543ad4a2
residual_ppo_forecast,False,1,aft,id,SS4,200,2,0.01,0.0027466581335444384,0.0357217617161768,0.335,0.33,0.245,0.08,0.01,0.0,139,0.31433382288307876,0.6451071578888127,0.3128825125895499,0.6215278520134805,0.1028458871556669,0.29385984548197,51.9423919912221,2.8761690647482014,2.841666666666667,0.2405611680680962,0.43194114483198176,8,0.04,4,-0.007293416392807835,101,0.7266187050359713,0.75,0,5,62,0,0,5,128,0,200,,0.6471804479131565,0.7938679740235207,0.505,0.43627000033527485,0.5735415464009526,artifacts/runs/residual_ppo_forecast/1,ppo,10000000,final,10010624,6cedd5d9a1fbf7eabafa9ca6146ab19ce81fdab2,8276ee8f4e1baa91aa56b31aeb5b5f48aa8845c72939e13cf44ff4fb4e10b2e3,92671b2081ade69e3bda52d06309eb171c7b36b2303c8648d10c93d6591a4765,129feb9da2bfce5ab1b169c5e7ee4956ca4b3dd890a44171f0265638cb35eed5,f008964eabf072d81045c92f413c7d29b561e5baf783aa2c8f121c77f04151f8,65ca46d9d2effab3b94ed2360a8e44cc66114dc6d71d1c8beee094459ae3d900,ResidualForecastPolicy,True,jonswap,jonswap,3.12.3,2.5.2,2.13.0,2.9.0,1.3.0,3.2.7,e9fa15cc35312a5c1ecf0c42668a690b5061c090,7ebad1ecabd28a7000add2d05f888aa2e837c2cc,c7fbdcc4df48bd4a2cfe21811613e5e50e3e4868822fe6dddd13745d96692118,b98d65cc5e34337369dcd4d69d63651cc2c99c19e8494199e8b5ec9e06c8b87f,3ee7e46399aea60603c767e0a604e79e7db233924ce71fe027a1ccc1623b7eb0,7beb41daec3d6a34c6da7696c56a982667957298f017ebe137829282b6ce7985,e6f30e55e478d39061b94e38de33959ca99b16e8cac38a3bd99b34f6543ad4a2,20260924,1.5,kinematic,noise,sigma4cm_lat1step,jonswap,strict,25.0,True,0.04,0.2,33.4,1,33.333333333333336,30.0,,e6f30e55e478d39061b94e38de33959ca99b16e8cac38a3bd99b34f6543ad4a2
residual_ppo_forecast,False,1,aft,id,SS5,200,1,0.005,0.0008831687156009814,0.02777370439789293,0.34,0.385,0.195,0.075,0.005,0.0,139,0.3333958367746634,0.7248790966766859,0.3152830092340084,0.7185587262546618,0.12014655311306377,0.3001587303764357,50.6354013630313,2.8505695443645083,2.8166666666666664,0.24398531630635412,0.4307785289377813,9,0.045,9,-0.007201748321406861,38,0.2733812949640288,0.745,0,5,63,0,0,2,130,0,200,,0.20613202597647923,0.3528195520868435,0.19,0.14167171527790676,0.25001238707599854,artifacts/runs/residual_ppo_forecast/1,ppo,10000000,final,10010624,6cedd5d9a1fbf7eabafa9ca6146ab19ce81fdab2,8276ee8f4e1baa91aa56b31aeb5b5f48aa8845c72939e13cf44ff4fb4e10b2e3,92671b2081ade69e3bda52d06309eb171c7b36b2303c8648d10c93d6591a4765,129feb9da2bfce5ab1b169c5e7ee4956ca4b3dd890a44171f0265638cb35eed5,f008964eabf072d81045c92f413c7d29b561e5baf783aa2c8f121c77f04151f8,65ca46d9d2effab3b94ed2360a8e44cc66114dc6d71d1c8beee094459ae3d900,ResidualForecastPolicy,True,jonswap,jonswap,3.12.3,2.5.2,2.13.0,2.9.0,1.3.0,3.2.7,e9fa15cc35312a5c1ecf0c42668a690b5061c090,7ebad1ecabd28a7000add2d05f888aa2e837c2cc,c7fbdcc4df48bd4a2cfe21811613e5e50e3e4868822fe6dddd13745d96692118,b98d65cc5e34337369dcd4d69d63651cc2c99c19e8494199e8b5ec9e06c8b87f,3ee7e46399aea60603c767e0a604e79e7db233924ce71fe027a1ccc1623b7eb0,7beb41daec3d6a34c6da7696c56a982667957298f017ebe137829282b6ce7985,e6f30e55e478d39061b94e38de33959ca99b16e8cac38a3bd99b34f6543ad4a2,20260924,1.5,kinematic,noise,sigma4cm_lat1step,jonswap,strict,25.0,True,0.04,0.2,33.4,1,33.333333333333336,30.0,,e6f30e55e478d39061b94e38de33959ca99b16e8cac38a3bd99b34f6543ad4a2
residual_ppo_forecast,False,1,aft,id,SS6,200,3,0.015,0.00511423779325831,0.04316572879269026,0.405,0.325,0.175,0.08,0.015,0.0,129,0.33167320706417336,0.6908567793983481,0.3388113693022977,0.8209265650509414,0.12185746676218313,0.33274951298177236,54.41216078651975,2.869315245478036,2.870833333333333,0.24983911580850354,0.42212576664582213,8,0.04,8,-0.006558234333391038,17,0.13178294573643412,0.0,0,9,72,0,0,4,115,0,200,,0.0839328443322929,0.2009289688142454,0.085,0.05374575017747561,0.13189587071565567,artifacts/runs/residual_ppo_forecast/1,ppo,10000000,final,10010624,6cedd5d9a1fbf7eabafa9ca6146ab19ce81fdab2,8276ee8f4e1baa91aa56b31aeb5b5f48aa8845c72939e13cf44ff4fb4e10b2e3,92671b2081ade69e3bda52d06309eb171c7b36b2303c8648d10c93d6591a4765,129feb9da2bfce5ab1b169c5e7ee4956ca4b3dd890a44171f0265638cb35eed5,f008964eabf072d81045c92f413c7d29b561e5baf783aa2c8f121c77f04151f8,65ca46d9d2effab3b94ed2360a8e44cc66114dc6d71d1c8beee094459ae3d900,ResidualForecastPolicy,True,jonswap,jonswap,3.12.3,2.5.2,2.13.0,2.9.0,1.3.0,3.2.7,e9fa15cc35312a5c1ecf0c42668a690b5061c090,7ebad1ecabd28a7000add2d05f888aa2e837c2cc,c7fbdcc4df48bd4a2cfe21811613e5e50e3e4868822fe6dddd13745d96692118,b98d65cc5e34337369dcd4d69d63651cc2c99c19e8494199e8b5ec9e06c8b87f,3ee7e46399aea60603c767e0a604e79e7db233924ce71fe027a1ccc1623b7eb0,7beb41daec3d6a34c6da7696c56a982667957298f017ebe137829282b6ce7985,e6f30e55e478d39061b94e38de33959ca99b16e8cac38a3bd99b34f6543ad4a2,20260924,1.5,kinematic,noise,sigma4cm_lat1step,jonswap,strict,25.0,True,0.04,0.2,33.4,1,33.333333333333336,30.0,,e6f30e55e478d39061b94e38de33959ca99b16e8cac38a3bd99b34f6543ad4a2
residual_ppo_forecast,False,2,aft,id,SS3,200,2,0.01,0.0027466581335444384,0.0357217617161768,0.525,0.275,0.14,0.05,0.01,0.0,103,0.38298406319600664,0.7865215169201688,0.384276264406248,0.768295100612159,0.13138534286892,0.30712442509738613,52.582378270147196,2.9931229773462786,2.9541666666666666,0.23001586668557494,0.4169123317322016,8,0.04,3,-0.006078069151792383,97,0.941747572815534,0.755,0,8,97,0,0,3,92,0,200,,0.8786977886020758,0.9730315026716428,0.485,0.41667385171877513,0.5538915080725428,artifacts/runs/residual_ppo_forecast/2,ppo,10000000,final,10010624,6cedd5d9a1fbf7eabafa9ca6146ab19ce81fdab2,8276ee8f4e1baa91aa56b31aeb5b5f48aa8845c72939e13cf44ff4fb4e10b2e3,92671b2081ade69e3bda52d06309eb171c7b36b2303c8648d10c93d6591a4765,d8bcbef807158e47f88d1da56dfc022073da660ba81ffb023ed44e9a5833e125,aad11ac36d4e4af4e67a276248bbcd500b7b8d75473c3845b41551f2f298a16b,b6ea70e1fe6c0ec92e07af8c47788b29eb1d52a8aebe43f3254509fe4a1e290a,ResidualForecastPolicy,True,jonswap,jonswap,3.12.3,2.5.2,2.13.0,2.9.0,1.3.0,3.2.7,e9fa15cc35312a5c1ecf0c42668a690b5061c090,7ebad1ecabd28a7000add2d05f888aa2e837c2cc,c7fbdcc4df48bd4a2cfe21811613e5e50e3e4868822fe6dddd13745d96692118,b98d65cc5e34337369dcd4d69d63651cc2c99c19e8494199e8b5ec9e06c8b87f,3ee7e46399aea60603c767e0a604e79e7db233924ce71fe027a1ccc1623b7eb0,7beb41daec3d6a34c6da7696c56a982667957298f017ebe137829282b6ce7985,e6f30e55e478d39061b94e38de33959ca99b16e8cac38a3bd99b34f6543ad4a2,20260924,1.5,kinematic,noise,sigma4cm_lat1step,jonswap,strict,25.0,True,0.04,0.2,33.4,1,33.333333333333336,30.0,,e6f30e55e478d39061b94e38de33959ca99b16e8cac38a3bd99b34f6543ad4a2
residual_ppo_forecast,False,2,aft,id,SS4,200,0,0.0,1.734723475976807e-18,0.018845326377266575,0.445,0.34,0.165,0.05,0.0,0.0,118,0.3680738816820776,0.6718492159958532,0.3363207519545727,0.6522338764893735,0.13970831026827363,0.30319752981005754,54.01109878330163,2.820268361581921,2.725,0.23852686121544067,0.4127876072792506,10,0.05,3,-0.008271095480278705,86,0.7288135593220338,0.75,0,7,82,0,0,1,110,0,200,,0.6423312850307673,0.8008676106708029,0.43,0.36334322333434416,0.4992951223584731,artifacts/runs/residual_ppo_forecast/2,ppo,10000000,final,10010624,6cedd5d9a1fbf7eabafa9ca6146ab19ce81fdab2,8276ee8f4e1baa91aa56b31aeb5b5f48aa8845c72939e13cf44ff4fb4e10b2e3,92671b2081ade69e3bda52d06309eb171c7b36b2303c8648d10c93d6591a4765,d8bcbef807158e47f88d1da56dfc022073da660ba81ffb023ed44e9a5833e125,aad11ac36d4e4af4e67a276248bbcd500b7b8d75473c3845b41551f2f298a16b,b6ea70e1fe6c0ec92e07af8c47788b29eb1d52a8aebe43f3254509fe4a1e290a,ResidualForecastPolicy,True,jonswap,jonswap,3.12.3,2.5.2,2.13.0,2.9.0,1.3.0,3.2.7,e9fa15cc35312a5c1ecf0c42668a690b5061c090,7ebad1ecabd28a7000add2d05f888aa2e837c2cc,c7fbdcc4df48bd4a2cfe21811613e5e50e3e4868822fe6dddd13745d96692118,b98d65cc5e34337369dcd4d69d63651cc2c99c19e8494199e8b5ec9e06c8b87f,3ee7e46399aea60603c767e0a604e79e7db233924ce71fe027a1ccc1623b7eb0,7beb41daec3d6a34c6da7696c56a982667957298f017ebe137829282b6ce7985,e6f30e55e478d39061b94e38de33959ca99b16e8cac38a3bd99b34f6543ad4a2,20260924,1.5,kinematic,noise,sigma4cm_lat1step,jonswap,strict,25.0,True,0.04,0.2,33.4,1,33.333333333333336,30.0,,e6f30e55e478d39061b94e38de33959ca99b16e8cac38a3bd99b34f6543ad4a2
residual_ppo_forecast,False,2,aft,id,SS5,200,1,0.005,0.0008831687156009814,0.02777370439789293,0.465,0.325,0.165,0.04,0.005,0.0,116,0.3443508030853043,0.7366038537484625,0.32415359509494046,0.7374124654774249,0.13322589406216856,0.2956581924240762,52.76758973964376,2.8906609195402297,2.8895833333333334,0.24030370396220618,0.41446610936929473,8,0.04,5,-0.005735649457983339,37,0.31896551724137934,0.745,0,9,84,0,0,4,103,0,200,,0.2411218311506212,0.40841514534062734,0.185,0.13730192800616042,0.2445706276115175,artifacts/runs/residual_ppo_forecast/2,ppo,10000000,final,10010624,6cedd5d9a1fbf7eabafa9ca6146ab19ce81fdab2,8276ee8f4e1baa91aa56b31aeb5b5f48aa8845c72939e13cf44ff4fb4e10b2e3,92671b2081ade69e3bda52d06309eb171c7b36b2303c8648d10c93d6591a4765,d8bcbef807158e47f88d1da56dfc022073da660ba81ffb023ed44e9a5833e125,aad11ac36d4e4af4e67a276248bbcd500b7b8d75473c3845b41551f2f298a16b,b6ea70e1fe6c0ec92e07af8c47788b29eb1d52a8aebe43f3254509fe4a1e290a,ResidualForecastPolicy,True,jonswap,jonswap,3.12.3,2.5.2,2.13.0,2.9.0,1.3.0,3.2.7,e9fa15cc35312a5c1ecf0c42668a690b5061c090,7ebad1ecabd28a7000add2d05f888aa2e837c2cc,c7fbdcc4df48bd4a2cfe21811613e5e50e3e4868822fe6dddd13745d96692118,b98d65cc5e34337369dcd4d69d63651cc2c99c19e8494199e8b5ec9e06c8b87f,3ee7e46399aea60603c767e0a604e79e7db233924ce71fe027a1ccc1623b7eb0,7beb41daec3d6a34c6da7696c56a982667957298f017ebe137829282b6ce7985,e6f30e55e478d39061b94e38de33959ca99b16e8cac38a3bd99b34f6543ad4a2,20260924,1.5,kinematic,noise,sigma4cm_lat1step,jonswap,strict,25.0,True,0.04,0.2,33.4,1,33.333333333333336,30.0,,e6f30e55e478d39061b94e38de33959ca99b16e8cac38a3bd99b34f6543ad4a2
residual_ppo_forecast,False,2,aft,id,SS6,200,2,0.01,0.0027466581335444384,0.0357217617161768,0.535,0.275,0.135,0.045,0.01,0.0,100,0.28797259498487526,0.6693531665398591,0.2785582337167203,0.7008167572233103,0.13296170198592805,0.3346926452600492,53.30171802900503,3.0551249999999994,3.05625,0.24374857727725047,0.41341315417343394,11,0.055,8,-0.00781597632652072,7,0.07,0.0,0,6,101,0,0,5,88,0,200,,0.03431926106727268,0.137495147390735,0.035,0.017055542008567192,0.07047061152229073,artifacts/runs/residual_ppo_forecast/2,ppo,10000000,final,10010624,6cedd5d9a1fbf7eabafa9ca6146ab19ce81fdab2,8276ee8f4e1baa91aa56b31aeb5b5f48aa8845c72939e13cf44ff4fb4e10b2e3,92671b2081ade69e3bda52d06309eb171c7b36b2303c8648d10c93d6591a4765,d8bcbef807158e47f88d1da56dfc022073da660ba81ffb023ed44e9a5833e125,aad11ac36d4e4af4e67a276248bbcd500b7b8d75473c3845b41551f2f298a16b,b6ea70e1fe6c0ec92e07af8c47788b29eb1d52a8aebe43f3254509fe4a1e290a,ResidualForecastPolicy,True,jonswap,jonswap,3.12.3,2.5.2,2.13.0,2.9.0,1.3.0,3.2.7,e9fa15cc35312a5c1ecf0c42668a690b5061c090,7ebad1ecabd28a7000add2d05f888aa2e837c2cc,c7fbdcc4df48bd4a2cfe21811613e5e50e3e4868822fe6dddd13745d96692118,b98d65cc5e34337369dcd4d69d63651cc2c99c19e8494199e8b5ec9e06c8b87f,3ee7e46399aea60603c767e0a604e79e7db233924ce71fe027a1ccc1623b7eb0,7beb41daec3d6a34c6da7696c56a982667957298f017ebe137829282b6ce7985,e6f30e55e478d39061b94e38de33959ca99b16e8cac38a3bd99b34f6543ad4a2,20260924,1.5,kinematic,noise,sigma4cm_lat1step,jonswap,strict,25.0,True,0.04,0.2,33.4,1,33.333333333333336,30.0,,e6f30e55e478d39061b94e38de33959ca99b16e8cac38a3bd99b34f6543ad4a2
residual_ppo_forecast,False,3,aft,id,SS3,200,1,0.005,0.0008831687156009814,0.02777370439789293,0.425,0.37,0.14,0.06,0.005,0.0,120,0.35674873465938794,0.700501582694232,0.3572911603156832,0.6966952167005456,0.13737596738934066,0.3286872923056069,56.54164407380126,2.538611111111111,2.529166666666667,0.25999087737836674,0.44289914540144737,11,0.055,3,-0.005803085618996892,115,0.9583333333333334,0.755,0,5,80,0,0,1,114,0,200,,0.9061591476629647,0.9820732831198906,0.575,0.5057093264785485,0.6414638745648614,artifacts/runs/residual_ppo_forecast/3,ppo,10000000,final,10010624,6cedd5d9a1fbf7eabafa9ca6146ab19ce81fdab2,8276ee8f4e1baa91aa56b31aeb5b5f48aa8845c72939e13cf44ff4fb4e10b2e3,92671b2081ade69e3bda52d06309eb171c7b36b2303c8648d10c93d6591a4765,e0cac6a48fb9a003253bb0dd691ffdf645b079a0bbf9fda0f2eacf3d30811691,50c96efdb27e0015ebf0953295cfbb54ad6de05570c8ae3ab9be24609081e574,699a090ef8aa1265acb749dcf8b882f4eab461dc8075351943ee1c05c164ab99,ResidualForecastPolicy,True,jonswap,jonswap,3.12.3,2.5.2,2.13.0,2.9.0,1.3.0,3.2.7,e9fa15cc35312a5c1ecf0c42668a690b5061c090,7ebad1ecabd28a7000add2d05f888aa2e837c2cc,c7fbdcc4df48bd4a2cfe21811613e5e50e3e4868822fe6dddd13745d96692118,b98d65cc5e34337369dcd4d69d63651cc2c99c19e8494199e8b5ec9e06c8b87f,3ee7e46399aea60603c767e0a604e79e7db233924ce71fe027a1ccc1623b7eb0,7beb41daec3d6a34c6da7696c56a982667957298f017ebe137829282b6ce7985,e6f30e55e478d39061b94e38de33959ca99b16e8cac38a3bd99b34f6543ad4a2,20260924,1.5,kinematic,noise,sigma4cm_lat1step,jonswap,strict,25.0,True,0.04,0.2,33.4,1,33.333333333333336,30.0,,e6f30e55e478d39061b94e38de33959ca99b16e8cac38a3bd99b34f6543ad4a2
residual_ppo_forecast,False,3,aft,id,SS4,200,1,0.005,0.0008831687156009814,0.02777370439789293,0.5,0.275,0.165,0.055,0.005,0.0,108,0.392966305978008,0.8948440030932566,0.37249217088448994,0.9233117037028851,0.12421537731264212,0.30394814017084204,52.220496131713865,2.4682870370370376,2.489583333333333,0.2686214878345957,0.43418867445015197,10,0.05,11,-0.008818188764293654,77,0.7129629629629629,0.75,0,8,92,0,0,2,98,0,200,,0.6214901729048635,0.7898063220178991,0.385,0.32033309726923215,0.45400132779753916,artifacts/runs/residual_ppo_forecast/3,ppo,10000000,final,10010624,6cedd5d9a1fbf7eabafa9ca6146ab19ce81fdab2,8276ee8f4e1baa91aa56b31aeb5b5f48aa8845c72939e13cf44ff4fb4e10b2e3,92671b2081ade69e3bda52d06309eb171c7b36b2303c8648d10c93d6591a4765,e0cac6a48fb9a003253bb0dd691ffdf645b079a0bbf9fda0f2eacf3d30811691,50c96efdb27e0015ebf0953295cfbb54ad6de05570c8ae3ab9be24609081e574,699a090ef8aa1265acb749dcf8b882f4eab461dc8075351943ee1c05c164ab99,ResidualForecastPolicy,True,jonswap,jonswap,3.12.3,2.5.2,2.13.0,2.9.0,1.3.0,3.2.7,e9fa15cc35312a5c1ecf0c42668a690b5061c090,7ebad1ecabd28a7000add2d05f888aa2e837c2cc,c7fbdcc4df48bd4a2cfe21811613e5e50e3e4868822fe6dddd13745d96692118,b98d65cc5e34337369dcd4d69d63651cc2c99c19e8494199e8b5ec9e06c8b87f,3ee7e46399aea60603c767e0a604e79e7db233924ce71fe027a1ccc1623b7eb0,7beb41daec3d6a34c6da7696c56a982667957298f017ebe137829282b6ce7985,e6f30e55e478d39061b94e38de33959ca99b16e8cac38a3bd99b34f6543ad4a2,20260924,1.5,kinematic,noise,sigma4cm_lat1step,jonswap,strict,25.0,True,0.04,0.2,33.4,1,33.333333333333336,30.0,,e6f30e55e478d39061b94e38de33959ca99b16e8cac38a3bd99b34f6543ad4a2
residual_ppo_forecast,False,3,aft,id,SS5,200,1,0.005,0.0008831687156009814,0.02777370439789293,0.455,0.325,0.19,0.025,0.005,0.0,116,0.35595484841116143,0.7448894239886354,0.34351135038662983,0.7524242741735865,0.12228890303581216,0.30996679504313784,53.628508701955795,2.5981321839080453,2.5979166666666664,0.2696430848027691,0.4426687980266704,8,0.04,11,-0.01302876638958271,34,0.29310344827586204,0.745,0,6,85,0,0,5,104,0,200,,0.21797063950388956,0.3815001907718229,0.17,0.12427907912586969,0.22815883628312625,artifacts/runs/residual_ppo_forecast/3,ppo,10000000,final,10010624,6cedd5d9a1fbf7eabafa9ca6146ab19ce81fdab2,8276ee8f4e1baa91aa56b31aeb5b5f48aa8845c72939e13cf44ff4fb4e10b2e3,92671b2081ade69e3bda52d06309eb171c7b36b2303c8648d10c93d6591a4765,e0cac6a48fb9a003253bb0dd691ffdf645b079a0bbf9fda0f2eacf3d30811691,50c96efdb27e0015ebf0953295cfbb54ad6de05570c8ae3ab9be24609081e574,699a090ef8aa1265acb749dcf8b882f4eab461dc8075351943ee1c05c164ab99,ResidualForecastPolicy,True,jonswap,jonswap,3.12.3,2.5.2,2.13.0,2.9.0,1.3.0,3.2.7,e9fa15cc35312a5c1ecf0c42668a690b5061c090,7ebad1ecabd28a7000add2d05f888aa2e837c2cc,c7fbdcc4df48bd4a2cfe21811613e5e50e3e4868822fe6dddd13745d96692118,b98d65cc5e34337369dcd4d69d63651cc2c99c19e8494199e8b5ec9e06c8b87f,3ee7e46399aea60603c767e0a604e79e7db233924ce71fe027a1ccc1623b7eb0,7beb41daec3d6a34c6da7696c56a982667957298f017ebe137829282b6ce7985,e6f30e55e478d39061b94e38de33959ca99b16e8cac38a3bd99b34f6543ad4a2,20260924,1.5,kinematic,noise,sigma4cm_lat1step,jonswap,strict,25.0,True,0.04,0.2,33.4,1,33.333333333333336,30.0,,e6f30e55e478d39061b94e38de33959ca99b16e8cac38a3bd99b34f6543ad4a2
residual_ppo_forecast,False,3,aft,id,SS6,200,0,0.0,1.734723475976807e-18,0.018845326377266575,0.485,0.28,0.175,0.06,0.0,0.0,107,0.3726008602206576,0.837677573379477,0.3472599390212511,0.9002218894904133,0.120935127805765,0.30815825585750234,53.71158659315421,2.6612928348909652,2.6625,0.27202609428001223,0.4380352301238301,3,0.015,11,-0.008396642843610694,9,0.08411214953271028,0.0,0,2,95,0,0,0,103,0,200,,0.04488194552420333,0.15216940198671847,0.045,0.023852543001492997,0.0832967040018196,artifacts/runs/residual_ppo_forecast/3,ppo,10000000,final,10010624,6cedd5d9a1fbf7eabafa9ca6146ab19ce81fdab2,8276ee8f4e1baa91aa56b31aeb5b5f48aa8845c72939e13cf44ff4fb4e10b2e3,92671b2081ade69e3bda52d06309eb171c7b36b2303c8648d10c93d6591a4765,e0cac6a48fb9a003253bb0dd691ffdf645b079a0bbf9fda0f2eacf3d30811691,50c96efdb27e0015ebf0953295cfbb54ad6de05570c8ae3ab9be24609081e574,699a090ef8aa1265acb749dcf8b882f4eab461dc8075351943ee1c05c164ab99,ResidualForecastPolicy,True,jonswap,jonswap,3.12.3,2.5.2,2.13.0,2.9.0,1.3.0,3.2.7,e9fa15cc35312a5c1ecf0c42668a690b5061c090,7ebad1ecabd28a7000add2d05f888aa2e837c2cc,c7fbdcc4df48bd4a2cfe21811613e5e50e3e4868822fe6dddd13745d96692118,b98d65cc5e34337369dcd4d69d63651cc2c99c19e8494199e8b5ec9e06c8b87f,3ee7e46399aea60603c767e0a604e79e7db233924ce71fe027a1ccc1623b7eb0,7beb41daec3d6a34c6da7696c56a982667957298f017ebe137829282b6ce7985,e6f30e55e478d39061b94e38de33959ca99b16e8cac38a3bd99b34f6543ad4a2,20260924,1.5,kinematic,noise,sigma4cm_lat1step,jonswap,strict,25.0,True,0.04,0.2,33.4,1,33.333333333333336,30.0,,e6f30e55e478d39061b94e38de33959ca99b16e8cac38a3bd99b34f6543ad4a2
residual_ppo_forecast,False,4,aft,id,SS3,200,4,0.02,0.0078044264163494685,0.050287086905826436,0.42,0.325,0.16,0.075,0.02,0.0,124,0.3102983188462888,0.640858417539645,0.31030302392901193,0.6453191319509749,0.11558519452763322,0.2924379422199571,51.63388788171742,3.391935483870968,3.2145833333333336,0.2183103356579388,0.41336370919336884,7,0.035,7,-0.008821444997171746,117,0.9435483870967742,0.755,0,6,78,0,0,8,108,0,200,,0.8880520154039525,0.9723887290518981,0.585,0.5157391490134403,0.6510571455024242,artifacts/runs/residual_ppo_forecast/4,ppo,10000000,final,10010624,6cedd5d9a1fbf7eabafa9ca6146ab19ce81fdab2,8276ee8f4e1baa91aa56b31aeb5b5f48aa8845c72939e13cf44ff4fb4e10b2e3,92671b2081ade69e3bda52d06309eb171c7b36b2303c8648d10c93d6591a4765,5927218ad237d36e64672b9d38e25e3d328803f5c4646623c19072e43b5d2763,0b7be3d802f56c6df8190de63634a287ed4dbaa8016d4ff9bb18ca779bcb457b,40643f3e6fba58edff7f05f77955cbb03f4466990a582eecfc035beb4e18043e,ResidualForecastPolicy,True,jonswap,jonswap,3.12.3,2.5.2,2.13.0,2.9.0,1.3.0,3.2.7,e9fa15cc35312a5c1ecf0c42668a690b5061c090,7ebad1ecabd28a7000add2d05f888aa2e837c2cc,c7fbdcc4df48bd4a2cfe21811613e5e50e3e4868822fe6dddd13745d96692118,b98d65cc5e34337369dcd4d69d63651cc2c99c19e8494199e8b5ec9e06c8b87f,3ee7e46399aea60603c767e0a604e79e7db233924ce71fe027a1ccc1623b7eb0,7beb41daec3d6a34c6da7696c56a982667957298f017ebe137829282b6ce7985,e6f30e55e478d39061b94e38de33959ca99b16e8cac38a3bd99b34f6543ad4a2,20260924,1.5,kinematic,noise,sigma4cm_lat1step,jonswap,strict,25.0,True,0.04,0.2,33.4,1,33.333333333333336,30.0,,e6f30e55e478d39061b94e38de33959ca99b16e8cac38a3bd99b34f6543ad4a2
residual_ppo_forecast,False,4,aft,id,SS4,200,5,0.025,0.010724719651761264,0.05717834040664198,0.365,0.265,0.24,0.105,0.025,0.0,131,0.3098744987083645,0.7408218977408447,0.2945005636042704,0.7290905594134768,0.08728612465314337,0.25178984107682645,51.45297070819617,3.369083969465649,3.2666666666666666,0.22127837113282026,0.4104101318155262,9,0.045,8,-0.009831857002550006,97,0.7404580152671756,0.75,0,2,71,0,0,7,120,0,200,,0.659298288754975,0.8079170658621422,0.485,0.41667385171877513,0.5538915080725428,artifacts/runs/residual_ppo_forecast/4,ppo,10000000,final,10010624,6cedd5d9a1fbf7eabafa9ca6146ab19ce81fdab2,8276ee8f4e1baa91aa56b31aeb5b5f48aa8845c72939e13cf44ff4fb4e10b2e3,92671b2081ade69e3bda52d06309eb171c7b36b2303c8648d10c93d6591a4765,5927218ad237d36e64672b9d38e25e3d328803f5c4646623c19072e43b5d2763,0b7be3d802f56c6df8190de63634a287ed4dbaa8016d4ff9bb18ca779bcb457b,40643f3e6fba58edff7f05f77955cbb03f4466990a582eecfc035beb4e18043e,ResidualForecastPolicy,True,jonswap,jonswap,3.12.3,2.5.2,2.13.0,2.9.0,1.3.0,3.2.7,e9fa15cc35312a5c1ecf0c42668a690b5061c090,7ebad1ecabd28a7000add2d05f888aa2e837c2cc,c7fbdcc4df48bd4a2cfe21811613e5e50e3e4868822fe6dddd13745d96692118,b98d65cc5e34337369dcd4d69d63651cc2c99c19e8494199e8b5ec9e06c8b87f,3ee7e46399aea60603c767e0a604e79e7db233924ce71fe027a1ccc1623b7eb0,7beb41daec3d6a34c6da7696c56a982667957298f017ebe137829282b6ce7985,e6f30e55e478d39061b94e38de33959ca99b16e8cac38a3bd99b34f6543ad4a2,20260924,1.5,kinematic,noise,sigma4cm_lat1step,jonswap,strict,25.0,True,0.04,0.2,33.4,1,33.333333333333336,30.0,,e6f30e55e478d39061b94e38de33959ca99b16e8cac38a3bd99b34f6543ad4a2
residual_ppo_forecast,False,4,aft,id,SS5,200,2,0.01,0.0027466581335444384,0.0357217617161768,0.42,0.305,0.145,0.12,0.01,0.0,122,0.3119286577312176,0.7283679158680647,0.3017272564060667,0.745209473886189,0.11015557333662761,0.3257831184695785,46.824763140437526,3.270150273224044,3.1020833333333333,0.22712610696726196,0.4089332356953439,12,0.06,8,-0.006570764610120136,37,0.30327868852459017,0.745,0,6,78,0,0,4,112,0,200,,0.22874648388050078,0.38982119286271744,0.185,0.13730192800616042,0.2445706276115175,artifacts/runs/residual_ppo_forecast/4,ppo,10000000,final,10010624,6cedd5d9a1fbf7eabafa9ca6146ab19ce81fdab2,8276ee8f4e1baa91aa56b31aeb5b5f48aa8845c72939e13cf44ff4fb4e10b2e3,92671b2081ade69e3bda52d06309eb171c7b36b2303c8648d10c93d6591a4765,5927218ad237d36e64672b9d38e25e3d328803f5c4646623c19072e43b5d2763,0b7be3d802f56c6df8190de63634a287ed4dbaa8016d4ff9bb18ca779bcb457b,40643f3e6fba58edff7f05f77955cbb03f4466990a582eecfc035beb4e18043e,ResidualForecastPolicy,True,jonswap,jonswap,3.12.3,2.5.2,2.13.0,2.9.0,1.3.0,3.2.7,e9fa15cc35312a5c1ecf0c42668a690b5061c090,7ebad1ecabd28a7000add2d05f888aa2e837c2cc,c7fbdcc4df48bd4a2cfe21811613e5e50e3e4868822fe6dddd13745d96692118,b98d65cc5e34337369dcd4d69d63651cc2c99c19e8494199e8b5ec9e06c8b87f,3ee7e46399aea60603c767e0a604e79e7db233924ce71fe027a1ccc1623b7eb0,7beb41daec3d6a34c6da7696c56a982667957298f017ebe137829282b6ce7985,e6f30e55e478d39061b94e38de33959ca99b16e8cac38a3bd99b34f6543ad4a2,20260924,1.5,kinematic,noise,sigma4cm_lat1step,jonswap,strict,25.0,True,0.04,0.2,33.4,1,33.333333333333336,30.0,,e6f30e55e478d39061b94e38de33959ca99b16e8cac38a3bd99b34f6543ad4a2
residual_ppo_forecast,False,4,aft,id,SS6,200,4,0.02,0.0078044264163494685,0.050287086905826436,0.4,0.28,0.21,0.09,0.02,0.0,126,0.3195588152295936,0.6195967243968504,0.3115116210445876,0.6578895266568071,0.09692232063728709,0.2844691531333384,52.62216833948305,3.330092592592592,3.1708333333333334,0.23223800150205612,0.4092761774885462,8,0.04,11,-0.006902328314425704,8,0.06349206349206349,0.0,0,5,75,0,0,6,114,0,200,,0.032520539972782904,0.12029242901961257,0.04,0.020405632066152306,0.07693206820093293,artifacts/runs/residual_ppo_forecast/4,ppo,10000000,final,10010624,6cedd5d9a1fbf7eabafa9ca6146ab19ce81fdab2,8276ee8f4e1baa91aa56b31aeb5b5f48aa8845c72939e13cf44ff4fb4e10b2e3,92671b2081ade69e3bda52d06309eb171c7b36b2303c8648d10c93d6591a4765,5927218ad237d36e64672b9d38e25e3d328803f5c4646623c19072e43b5d2763,0b7be3d802f56c6df8190de63634a287ed4dbaa8016d4ff9bb18ca779bcb457b,40643f3e6fba58edff7f05f77955cbb03f4466990a582eecfc035beb4e18043e,ResidualForecastPolicy,True,jonswap,jonswap,3.12.3,2.5.2,2.13.0,2.9.0,1.3.0,3.2.7,e9fa15cc35312a5c1ecf0c42668a690b5061c090,7ebad1ecabd28a7000add2d05f888aa2e837c2cc,c7fbdcc4df48bd4a2cfe21811613e5e50e3e4868822fe6dddd13745d96692118,b98d65cc5e34337369dcd4d69d63651cc2c99c19e8494199e8b5ec9e06c8b87f,3ee7e46399aea60603c767e0a604e79e7db233924ce71fe027a1ccc1623b7eb0,7beb41daec3d6a34c6da7696c56a982667957298f017ebe137829282b6ce7985,e6f30e55e478d39061b94e38de33959ca99b16e8cac38a3bd99b34f6543ad4a2,20260924,1.5,kinematic,noise,sigma4cm_lat1step,jonswap,strict,25.0,True,0.04,0.2,33.4,1,33.333333333333336,30.0,,e6f30e55e478d39061b94e38de33959ca99b16e8cac38a3bd99b34f6543ad4a2
ppo_sinusoid,False,0,aft,id,SS3,200,105,0.525,0.4559739601468475,0.5930837735342891,0.005,0.115,0.22,0.135,0.525,0.0,199,0.3362260670953259,0.5401449487530405,0.3374403184811409,0.5432390836722805,0.04173607900135234,0.16403178554945294,29.858412959221592,1.6527219430485762,1.6458333333333333,0.26652916472475113,0.29462628430104587,5,0.025,16,-0.008209508373703737,192,0.964824120603015,0.755,0,0,0,1,0,144,55,0,200,,0.9291841127557207,0.9828582333976589,0.96,0.923067931799067,0.9795943679338476,artifacts/runs/ppo_sinusoid/0,ppo,10000000,final,10010624,6cedd5d9a1fbf7eabafa9ca6146ab19ce81fdab2,0dd539e7ae526fb16bc5d9bcc631b27e1c01056314997b68563497482d3127ff,c760e6ae03ca75505ec61e191edc2174652ebec2e1a3472c11bc32a3dacad4c0,3e30abe049ed0bcc76314f1fcccd90b76d4ddb2765c4a092ffb98e523a3caf5d,af0451da40cb2a79146c1cad8e4631ed3c9ef8d7fc61342074ee4a6326a25841,b4b815011e763bf3b2959ed79210da69e117a802eb70a05290b3517660eaa2ab,LearnedPolicy,False,sinusoid,jonswap,3.12.3,2.5.2,2.13.0,2.9.0,1.3.0,3.2.7,e9fa15cc35312a5c1ecf0c42668a690b5061c090,7ebad1ecabd28a7000add2d05f888aa2e837c2cc,c7fbdcc4df48bd4a2cfe21811613e5e50e3e4868822fe6dddd13745d96692118,b98d65cc5e34337369dcd4d69d63651cc2c99c19e8494199e8b5ec9e06c8b87f,3ee7e46399aea60603c767e0a604e79e7db233924ce71fe027a1ccc1623b7eb0,7beb41daec3d6a34c6da7696c56a982667957298f017ebe137829282b6ce7985,e6f30e55e478d39061b94e38de33959ca99b16e8cac38a3bd99b34f6543ad4a2,20260924,1.5,kinematic,noise,sigma4cm_lat1step,jonswap,strict,25.0,True,0.04,0.2,33.4,1,33.333333333333336,30.0,,e6f30e55e478d39061b94e38de33959ca99b16e8cac38a3bd99b34f6543ad4a2
ppo_sinusoid,False,0,aft,id,SS4,200,109,0.545,0.47578611372488105,0.6125178069011651,0.01,0.11,0.185,0.15,0.545,0.0,200,0.32283307891122104,0.5302916915328526,0.32236869219645825,0.5259826735772223,0.03729229661710992,0.1888528720057071,28.91236345052505,1.6425,1.6229166666666668,0.2702223747450427,0.29020223367690934,2,0.01,21,-0.007072396990869329,142,0.71,0.75,0,2,0,0,0,136,62,0,200,,0.6436252189922268,0.7684597439293211,0.71,0.6436252189922268,0.7684597439293211,artifacts/runs/ppo_sinusoid/0,ppo,10000000,final,10010624,6cedd5d9a1fbf7eabafa9ca6146ab19ce81fdab2,0dd539e7ae526fb16bc5d9bcc631b27e1c01056314997b68563497482d3127ff,c760e6ae03ca75505ec61e191edc2174652ebec2e1a3472c11bc32a3dacad4c0,3e30abe049ed0bcc76314f1fcccd90b76d4ddb2765c4a092ffb98e523a3caf5d,af0451da40cb2a79146c1cad8e4631ed3c9ef8d7fc61342074ee4a6326a25841,b4b815011e763bf3b2959ed79210da69e117a802eb70a05290b3517660eaa2ab,LearnedPolicy,False,sinusoid,jonswap,3.12.3,2.5.2,2.13.0,2.9.0,1.3.0,3.2.7,e9fa15cc35312a5c1ecf0c42668a690b5061c090,7ebad1ecabd28a7000add2d05f888aa2e837c2cc,c7fbdcc4df48bd4a2cfe21811613e5e50e3e4868822fe6dddd13745d96692118,b98d65cc5e34337369dcd4d69d63651cc2c99c19e8494199e8b5ec9e06c8b87f,3ee7e46399aea60603c767e0a604e79e7db233924ce71fe027a1ccc1623b7eb0,7beb41daec3d6a34c6da7696c56a982667957298f017ebe137829282b6ce7985,e6f30e55e478d39061b94e38de33959ca99b16e8cac38a3bd99b34f6543ad4a2,20260924,1.5,kinematic,noise,sigma4cm_lat1step,jonswap,strict,25.0,True,0.04,0.2,33.4,1,33.333333333333336,30.0,,e6f30e55e478d39061b94e38de33959ca99b16e8cac38a3bd99b34f6543ad4a2
ppo_sinusoid,False,0,aft,id,SS5,200,110,0.55,0.48075615138475697,0.6173593159775166,0.015,0.105,0.175,0.155,0.55,0.0,199,0.3201179344569595,0.4921417480692658,0.32394360528916155,0.4956869702971677,0.03857381969909911,0.16765050140150273,30.534254916453644,1.668362646566164,1.6624999999999999,0.2681118415745668,0.2920526036513377,0,0.0,18,-0.008101436994335205,58,0.2914572864321608,0.745,0,1,2,0,0,143,54,0,200,,0.23274467652438652,0.35806875736355664,0.29,0.23154025607067882,0.3563747810077731,artifacts/runs/ppo_sinusoid/0,ppo,10000000,final,10010624,6cedd5d9a1fbf7eabafa9ca6146ab19ce81fdab2,0dd539e7ae526fb16bc5d9bcc631b27e1c01056314997b68563497482d3127ff,c760e6ae03ca75505ec61e191edc2174652ebec2e1a3472c11bc32a3dacad4c0,3e30abe049ed0bcc76314f1fcccd90b76d4ddb2765c4a092ffb98e523a3caf5d,af0451da40cb2a79146c1cad8e4631ed3c9ef8d7fc61342074ee4a6326a25841,b4b815011e763bf3b2959ed79210da69e117a802eb70a05290b3517660eaa2ab,LearnedPolicy,False,sinusoid,jonswap,3.12.3,2.5.2,2.13.0,2.9.0,1.3.0,3.2.7,e9fa15cc35312a5c1ecf0c42668a690b5061c090,7ebad1ecabd28a7000add2d05f888aa2e837c2cc,c7fbdcc4df48bd4a2cfe21811613e5e50e3e4868822fe6dddd13745d96692118,b98d65cc5e34337369dcd4d69d63651cc2c99c19e8494199e8b5ec9e06c8b87f,3ee7e46399aea60603c767e0a604e79e7db233924ce71fe027a1ccc1623b7eb0,7beb41daec3d6a34c6da7696c56a982667957298f017ebe137829282b6ce7985,e6f30e55e478d39061b94e38de33959ca99b16e8cac38a3bd99b34f6543ad4a2,20260924,1.5,kinematic,noise,sigma4cm_lat1step,jonswap,strict,25.0,True,0.04,0.2,33.4,1,33.333333333333336,30.0,,e6f30e55e478d39061b94e38de33959ca99b16e8cac38a3bd99b34f6543ad4a2
ppo_sinusoid,False,0,aft,id,SS6,200,89,0.445,0.3778060100295335,0.5142669758719658,0.005,0.14,0.28,0.13,0.445,0.0,200,0.32991652709883146,0.5286927885030768,0.33671277004880473,0.5371020165044094,0.04447839450907286,0.13918548652533275,27.807395543199096,1.67,1.6708333333333334,0.27008807079238084,0.2875788182419059,2,0.01,23,-0.007975714602309584,23,0.115,0.0,0,1,0,0,0,131,68,0,200,,0.07786373232561955,0.16664716898487572,0.115,0.07786373232561955,0.16664716898487572,artifacts/runs/ppo_sinusoid/0,ppo,10000000,final,10010624,6cedd5d9a1fbf7eabafa9ca6146ab19ce81fdab2,0dd539e7ae526fb16bc5d9bcc631b27e1c01056314997b68563497482d3127ff,c760e6ae03ca75505ec61e191edc2174652ebec2e1a3472c11bc32a3dacad4c0,3e30abe049ed0bcc76314f1fcccd90b76d4ddb2765c4a092ffb98e523a3caf5d,af0451da40cb2a79146c1cad8e4631ed3c9ef8d7fc61342074ee4a6326a25841,b4b815011e763bf3b2959ed79210da69e117a802eb70a05290b3517660eaa2ab,LearnedPolicy,False,sinusoid,jonswap,3.12.3,2.5.2,2.13.0,2.9.0,1.3.0,3.2.7,e9fa15cc35312a5c1ecf0c42668a690b5061c090,7ebad1ecabd28a7000add2d05f888aa2e837c2cc,c7fbdcc4df48bd4a2cfe21811613e5e50e3e4868822fe6dddd13745d96692118,b98d65cc5e34337369dcd4d69d63651cc2c99c19e8494199e8b5ec9e06c8b87f,3ee7e46399aea60603c767e0a604e79e7db233924ce71fe027a1ccc1623b7eb0,7beb41daec3d6a34c6da7696c56a982667957298f017ebe137829282b6ce7985,e6f30e55e478d39061b94e38de33959ca99b16e8cac38a3bd99b34f6543ad4a2,20260924,1.5,kinematic,noise,sigma4cm_lat1step,jonswap,strict,25.0,True,0.04,0.2,33.4,1,33.333333333333336,30.0,,e6f30e55e478d39061b94e38de33959ca99b16e8cac38a3bd99b34f6543ad4a2
ppo_sinusoid,False,1,aft,id,SS3,200,96,0.48,0.411791663783233,0.5489621492718576,0.02,0.145,0.255,0.1,0.48,0.0,199,0.34961111830521907,0.54953189349191,0.3456750725900043,0.5503356889336011,0.0556320527788146,0.19908298975621297,30.80135958705525,1.611515912897822,1.6041666666666667,0.25432863031401637,0.28659697345387236,2,0.01,23,-0.008011263590695653,189,0.949748743718593,0.755,0,3,0,1,0,146,50,0,200,,0.9099839887498027,0.9724786056364403,0.945,0.9042130012276914,0.9690146582965411,artifacts/runs/ppo_sinusoid/1,ppo,10000000,final,10010624,6cedd5d9a1fbf7eabafa9ca6146ab19ce81fdab2,0dd539e7ae526fb16bc5d9bcc631b27e1c01056314997b68563497482d3127ff,c760e6ae03ca75505ec61e191edc2174652ebec2e1a3472c11bc32a3dacad4c0,0f5aa57318f8f61ab42610d56c06d24fdf753c0291c66f1999b6985ed5aecf60,ef9be83f1509767aad9644a06a42934311c1fea3fbae61dd79d97032793a9963,4e9d25f7a12fe9ddf9958b2f7c8cc5fd4b0222ad0b0c9660b4d0926b4b2c4cb0,LearnedPolicy,False,sinusoid,jonswap,3.12.3,2.5.2,2.13.0,2.9.0,1.3.0,3.2.7,e9fa15cc35312a5c1ecf0c42668a690b5061c090,7ebad1ecabd28a7000add2d05f888aa2e837c2cc,c7fbdcc4df48bd4a2cfe21811613e5e50e3e4868822fe6dddd13745d96692118,b98d65cc5e34337369dcd4d69d63651cc2c99c19e8494199e8b5ec9e06c8b87f,3ee7e46399aea60603c767e0a604e79e7db233924ce71fe027a1ccc1623b7eb0,7beb41daec3d6a34c6da7696c56a982667957298f017ebe137829282b6ce7985,e6f30e55e478d39061b94e38de33959ca99b16e8cac38a3bd99b34f6543ad4a2,20260924,1.5,kinematic,noise,sigma4cm_lat1step,jonswap,strict,25.0,True,0.04,0.2,33.4,1,33.333333333333336,30.0,,e6f30e55e478d39061b94e38de33959ca99b16e8cac38a3bd99b34f6543ad4a2
ppo_sinusoid,False,1,aft,id,SS4,200,94,0.47,0.40204754873265425,0.5390831708499817,0.015,0.22,0.245,0.05,0.47,0.0,199,0.35346181748698036,0.53470450220748,0.35389767489320456,0.5375879303068861,0.056590248080537045,0.18106138776412561,30.759446814009298,1.6009840871021774,1.5791666666666666,0.25795032863736245,0.2842337191690807,4,0.02,16,-0.006332250159983188,137,0.6884422110552764,0.75,0,1,1,1,0,151,46,0,200,,0.6210393758892107,0.7487075211999973,0.685,0.6176504391426966,0.745376790097715,artifacts/runs/ppo_sinusoid/1,ppo,10000000,final,10010624,6cedd5d9a1fbf7eabafa9ca6146ab19ce81fdab2,0dd539e7ae526fb16bc5d9bcc631b27e1c01056314997b68563497482d3127ff,c760e6ae03ca75505ec61e191edc2174652ebec2e1a3472c11bc32a3dacad4c0,0f5aa57318f8f61ab42610d56c06d24fdf753c0291c66f1999b6985ed5aecf60,ef9be83f1509767aad9644a06a42934311c1fea3fbae61dd79d97032793a9963,4e9d25f7a12fe9ddf9958b2f7c8cc5fd4b0222ad0b0c9660b4d0926b4b2c4cb0,LearnedPolicy,False,sinusoid,jonswap,3.12.3,2.5.2,2.13.0,2.9.0,1.3.0,3.2.7,e9fa15cc35312a5c1ecf0c42668a690b5061c090,7ebad1ecabd28a7000add2d05f888aa2e837c2cc,c7fbdcc4df48bd4a2cfe21811613e5e50e3e4868822fe6dddd13745d96692118,b98d65cc5e34337369dcd4d69d63651cc2c99c19e8494199e8b5ec9e06c8b87f,3ee7e46399aea60603c767e0a604e79e7db233924ce71fe027a1ccc1623b7eb0,7beb41daec3d6a34c6da7696c56a982667957298f017ebe137829282b6ce7985,e6f30e55e478d39061b94e38de33959ca99b16e8cac38a3bd99b34f6543ad4a2,20260924,1.5,kinematic,noise,sigma4cm_lat1step,jonswap,strict,25.0,True,0.04,0.2,33.4,1,33.333333333333336,30.0,,e6f30e55e478d39061b94e38de33959ca99b16e8cac38a3bd99b34f6543ad4a2
ppo_sinusoid,False,1,aft,id,SS5,200,103,0.515,0.44610849192745716,0.5833261482812249,0.005,0.145,0.245,0.09,0.515,0.0,199,0.33272588589200275,0.5250819659600969,0.3351435354924282,0.52813623767343,0.05063174181637139,0.15537798748733664,29.32019046560047,1.6118090452261307,1.5958333333333332,0.25965256496379735,0.28344176442083535,1,0.005,19,-0.0068147691186999666,59,0.2964824120603015,0.745,0,0,1,0,0,146,53,0,200,,0.2373684042105682,0.3633049469330872,0.295,0.23613943856849148,0.36158714524618774,artifacts/runs/ppo_sinusoid/1,ppo,10000000,final,10010624,6cedd5d9a1fbf7eabafa9ca6146ab19ce81fdab2,0dd539e7ae526fb16bc5d9bcc631b27e1c01056314997b68563497482d3127ff,c760e6ae03ca75505ec61e191edc2174652ebec2e1a3472c11bc32a3dacad4c0,0f5aa57318f8f61ab42610d56c06d24fdf753c0291c66f1999b6985ed5aecf60,ef9be83f1509767aad9644a06a42934311c1fea3fbae61dd79d97032793a9963,4e9d25f7a12fe9ddf9958b2f7c8cc5fd4b0222ad0b0c9660b4d0926b4b2c4cb0,LearnedPolicy,False,sinusoid,jonswap,3.12.3,2.5.2,2.13.0,2.9.0,1.3.0,3.2.7,e9fa15cc35312a5c1ecf0c42668a690b5061c090,7ebad1ecabd28a7000add2d05f888aa2e837c2cc,c7fbdcc4df48bd4a2cfe21811613e5e50e3e4868822fe6dddd13745d96692118,b98d65cc5e34337369dcd4d69d63651cc2c99c19e8494199e8b5ec9e06c8b87f,3ee7e46399aea60603c767e0a604e79e7db233924ce71fe027a1ccc1623b7eb0,7beb41daec3d6a34c6da7696c56a982667957298f017ebe137829282b6ce7985,e6f30e55e478d39061b94e38de33959ca99b16e8cac38a3bd99b34f6543ad4a2,20260924,1.5,kinematic,noise,sigma4cm_lat1step,jonswap,strict,25.0,True,0.04,0.2,33.4,1,33.333333333333336,30.0,,e6f30e55e478d39061b94e38de33959ca99b16e8cac38a3bd99b34f6543ad4a2
ppo_sinusoid,False,1,aft,id,SS6,200,91,0.455,0.387482193098835,0.524213886275119,0.01,0.125,0.285,0.125,0.455,0.0,200,0.347038742802799,0.5667317852035846,0.35542567180309503,0.5573987912651681,0.04638450144568135,0.13706564802376722,30.45075402382207,1.6212708333333332,1.6145833333333335,0.25982382230347895,0.2773969293314261,4,0.02,19,-0.008049474040392975,24,0.12,0.0,0,2,0,0,0,144,54,0,200,,0.08197992706375512,0.17234252098296743,0.12,0.08197992706375512,0.17234252098296743,artifacts/runs/ppo_sinusoid/1,ppo,10000000,final,10010624,6cedd5d9a1fbf7eabafa9ca6146ab19ce81fdab2,0dd539e7ae526fb16bc5d9bcc631b27e1c01056314997b68563497482d3127ff,c760e6ae03ca75505ec61e191edc2174652ebec2e1a3472c11bc32a3dacad4c0,0f5aa57318f8f61ab42610d56c06d24fdf753c0291c66f1999b6985ed5aecf60,ef9be83f1509767aad9644a06a42934311c1fea3fbae61dd79d97032793a9963,4e9d25f7a12fe9ddf9958b2f7c8cc5fd4b0222ad0b0c9660b4d0926b4b2c4cb0,LearnedPolicy,False,sinusoid,jonswap,3.12.3,2.5.2,2.13.0,2.9.0,1.3.0,3.2.7,e9fa15cc35312a5c1ecf0c42668a690b5061c090,7ebad1ecabd28a7000add2d05f888aa2e837c2cc,c7fbdcc4df48bd4a2cfe21811613e5e50e3e4868822fe6dddd13745d96692118,b98d65cc5e34337369dcd4d69d63651cc2c99c19e8494199e8b5ec9e06c8b87f,3ee7e46399aea60603c767e0a604e79e7db233924ce71fe027a1ccc1623b7eb0,7beb41daec3d6a34c6da7696c56a982667957298f017ebe137829282b6ce7985,e6f30e55e478d39061b94e38de33959ca99b16e8cac38a3bd99b34f6543ad4a2,20260924,1.5,kinematic,noise,sigma4cm_lat1step,jonswap,strict,25.0,True,0.04,0.2,33.4,1,33.333333333333336,30.0,,e6f30e55e478d39061b94e38de33959ca99b16e8cac38a3bd99b34f6543ad4a2
ppo_sinusoid,False,2,aft,id,SS3,200,92,0.46,0.39233051799971463,0.5291771081104667,0.015,0.19,0.25,0.085,0.46,0.0,199,0.3213504333242616,0.5191022458527822,0.3213044580721226,0.5100081703053251,0.053146924765886575,0.2144878292175289,34.788753405575555,1.6216289782244557,1.6125,0.2751268239365306,0.282655577737113,4,0.02,34,-0.00859965929459805,190,0.9547738693467337,0.755,0,2,0,1,0,145,52,0,200,,0.9162958276873201,0.976026683954635,0.95,0.9104218518612239,0.972617354399236,artifacts/runs/ppo_sinusoid/2,ppo,10000000,final,10010624,6cedd5d9a1fbf7eabafa9ca6146ab19ce81fdab2,0dd539e7ae526fb16bc5d9bcc631b27e1c01056314997b68563497482d3127ff,c760e6ae03ca75505ec61e191edc2174652ebec2e1a3472c11bc32a3dacad4c0,b1bed34ac4b86a9500f90146d99ee47781491c22f83bcb80aa608a5a085b1142,fa2737b4e406dbc235920c67e88c6ea2a87f57fb91a789f269b0a28af096cb61,df477afd97b6425a6a659ec2f2e5848b674903f24c734f8e297e64d82a525f2a,LearnedPolicy,False,sinusoid,jonswap,3.12.3,2.5.2,2.13.0,2.9.0,1.3.0,3.2.7,e9fa15cc35312a5c1ecf0c42668a690b5061c090,7ebad1ecabd28a7000add2d05f888aa2e837c2cc,c7fbdcc4df48bd4a2cfe21811613e5e50e3e4868822fe6dddd13745d96692118,b98d65cc5e34337369dcd4d69d63651cc2c99c19e8494199e8b5ec9e06c8b87f,3ee7e46399aea60603c767e0a604e79e7db233924ce71fe027a1ccc1623b7eb0,7beb41daec3d6a34c6da7696c56a982667957298f017ebe137829282b6ce7985,e6f30e55e478d39061b94e38de33959ca99b16e8cac38a3bd99b34f6543ad4a2,20260924,1.5,kinematic,noise,sigma4cm_lat1step,jonswap,strict,25.0,True,0.04,0.2,33.4,1,33.333333333333336,30.0,,e6f30e55e478d39061b94e38de33959ca99b16e8cac38a3bd99b34f6543ad4a2
ppo_sinusoid,False,2,aft,id,SS4,200,97,0.485,0.41667385171877513,0.5538915080725428,0.015,0.195,0.215,0.09,0.485,0.0,199,0.3267929714620666,0.5353623617931705,0.3241896956386121,0.534614761010202,0.05696381419300221,0.19851075719912517,33.884975185031365,1.6211055276381912,1.625,0.2756782727426677,0.283170232639511,2,0.01,33,-0.00876813439271427,144,0.7236180904522613,0.75,0,2,0,1,0,148,49,0,200,,0.6576945407753232,0.7810717771038702,0.72,0.6540769541334929,0.7776311022605097,artifacts/runs/ppo_sinusoid/2,ppo,10000000,final,10010624,6cedd5d9a1fbf7eabafa9ca6146ab19ce81fdab2,0dd539e7ae526fb16bc5d9bcc631b27e1c01056314997b68563497482d3127ff,c760e6ae03ca75505ec61e191edc2174652ebec2e1a3472c11bc32a3dacad4c0,b1bed34ac4b86a9500f90146d99ee47781491c22f83bcb80aa608a5a085b1142,fa2737b4e406dbc235920c67e88c6ea2a87f57fb91a789f269b0a28af096cb61,df477afd97b6425a6a659ec2f2e5848b674903f24c734f8e297e64d82a525f2a,LearnedPolicy,False,sinusoid,jonswap,3.12.3,2.5.2,2.13.0,2.9.0,1.3.0,3.2.7,e9fa15cc35312a5c1ecf0c42668a690b5061c090,7ebad1ecabd28a7000add2d05f888aa2e837c2cc,c7fbdcc4df48bd4a2cfe21811613e5e50e3e4868822fe6dddd13745d96692118,b98d65cc5e34337369dcd4d69d63651cc2c99c19e8494199e8b5ec9e06c8b87f,3ee7e46399aea60603c767e0a604e79e7db233924ce71fe027a1ccc1623b7eb0,7beb41daec3d6a34c6da7696c56a982667957298f017ebe137829282b6ce7985,e6f30e55e478d39061b94e38de33959ca99b16e8cac38a3bd99b34f6543ad4a2,20260924,1.5,kinematic,noise,sigma4cm_lat1step,jonswap,strict,25.0,True,0.04,0.2,33.4,1,33.333333333333336,30.0,,e6f30e55e478d39061b94e38de33959ca99b16e8cac38a3bd99b34f6543ad4a2
ppo_sinusoid,False,2,aft,id,SS5,200,96,0.48,0.411791663783233,0.5489621492718576,0.01,0.18,0.245,0.085,0.48,0.0,200,0.3204343328728463,0.510857885964635,0.3225201656410014,0.5162356411008623,0.05156276190680535,0.17871682711141604,33.19281804753894,1.6196458333333335,1.6166666666666667,0.27876692794865093,0.2795793685387924,3,0.015,38,-0.010829992682213636,63,0.315,0.745,0,2,0,0,0,142,56,0,200,,0.2546232099022851,0.3823495608573036,0.315,0.2546232099022851,0.3823495608573036,artifacts/runs/ppo_sinusoid/2,ppo,10000000,final,10010624,6cedd5d9a1fbf7eabafa9ca6146ab19ce81fdab2,0dd539e7ae526fb16bc5d9bcc631b27e1c01056314997b68563497482d3127ff,c760e6ae03ca75505ec61e191edc2174652ebec2e1a3472c11bc32a3dacad4c0,b1bed34ac4b86a9500f90146d99ee47781491c22f83bcb80aa608a5a085b1142,fa2737b4e406dbc235920c67e88c6ea2a87f57fb91a789f269b0a28af096cb61,df477afd97b6425a6a659ec2f2e5848b674903f24c734f8e297e64d82a525f2a,LearnedPolicy,False,sinusoid,jonswap,3.12.3,2.5.2,2.13.0,2.9.0,1.3.0,3.2.7,e9fa15cc35312a5c1ecf0c42668a690b5061c090,7ebad1ecabd28a7000add2d05f888aa2e837c2cc,c7fbdcc4df48bd4a2cfe21811613e5e50e3e4868822fe6dddd13745d96692118,b98d65cc5e34337369dcd4d69d63651cc2c99c19e8494199e8b5ec9e06c8b87f,3ee7e46399aea60603c767e0a604e79e7db233924ce71fe027a1ccc1623b7eb0,7beb41daec3d6a34c6da7696c56a982667957298f017ebe137829282b6ce7985,e6f30e55e478d39061b94e38de33959ca99b16e8cac38a3bd99b34f6543ad4a2,20260924,1.5,kinematic,noise,sigma4cm_lat1step,jonswap,strict,25.0,True,0.04,0.2,33.4,1,33.333333333333336,30.0,,e6f30e55e478d39061b94e38de33959ca99b16e8cac38a3bd99b34f6543ad4a2
ppo_sinusoid,False,2,aft,id,SS6,200,95,0.475,0.4069162264657108,0.5440260398531525,0.01,0.195,0.27,0.05,0.475,0.0,199,0.3249532609921025,0.5929418925408596,0.332875723179777,0.5783733748232547,0.05151671298490695,0.17968878542284633,32.09050000561365,1.6575586264656614,1.65,0.27568087271746705,0.28109946872095615,5,0.025,39,-0.008892736241038621,28,0.1407035175879397,0.0,0,1,0,1,0,162,36,0,200,,0.09917528664052959,0.19584062957604725,0.14,0.09866982633455634,0.1948988086570756,artifacts/runs/ppo_sinusoid/2,ppo,10000000,final,10010624,6cedd5d9a1fbf7eabafa9ca6146ab19ce81fdab2,0dd539e7ae526fb16bc5d9bcc631b27e1c01056314997b68563497482d3127ff,c760e6ae03ca75505ec61e191edc2174652ebec2e1a3472c11bc32a3dacad4c0,b1bed34ac4b86a9500f90146d99ee47781491c22f83bcb80aa608a5a085b1142,fa2737b4e406dbc235920c67e88c6ea2a87f57fb91a789f269b0a28af096cb61,df477afd97b6425a6a659ec2f2e5848b674903f24c734f8e297e64d82a525f2a,LearnedPolicy,False,sinusoid,jonswap,3.12.3,2.5.2,2.13.0,2.9.0,1.3.0,3.2.7,e9fa15cc35312a5c1ecf0c42668a690b5061c090,7ebad1ecabd28a7000add2d05f888aa2e837c2cc,c7fbdcc4df48bd4a2cfe21811613e5e50e3e4868822fe6dddd13745d96692118,b98d65cc5e34337369dcd4d69d63651cc2c99c19e8494199e8b5ec9e06c8b87f,3ee7e46399aea60603c767e0a604e79e7db233924ce71fe027a1ccc1623b7eb0,7beb41daec3d6a34c6da7696c56a982667957298f017ebe137829282b6ce7985,e6f30e55e478d39061b94e38de33959ca99b16e8cac38a3bd99b34f6543ad4a2,20260924,1.5,kinematic,noise,sigma4cm_lat1step,jonswap,strict,25.0,True,0.04,0.2,33.4,1,33.333333333333336,30.0,,e6f30e55e478d39061b94e38de33959ca99b16e8cac38a3bd99b34f6543ad4a2
ppo_sinusoid,False,3,aft,id,SS3,200,60,0.3,0.24074744682371402,0.36679068372719265,0.025,0.295,0.275,0.105,0.3,0.0,198,0.37766218495179305,0.5562018911625283,0.3800491350004117,0.5541668768071234,0.07086488640852225,0.20187947071257276,35.67368101761626,1.6020833333333335,1.5770833333333334,0.3297756101253716,0.29777762110333456,4,0.02,33,-0.008068657421302552,189,0.9545454545454546,0.755,0,3,0,2,0,121,74,0,200,,0.9158843545040228,0.9759046815626607,0.945,0.9042130012276914,0.9690146582965411,artifacts/runs/ppo_sinusoid/3,ppo,10000000,final,10010624,6cedd5d9a1fbf7eabafa9ca6146ab19ce81fdab2,0dd539e7ae526fb16bc5d9bcc631b27e1c01056314997b68563497482d3127ff,c760e6ae03ca75505ec61e191edc2174652ebec2e1a3472c11bc32a3dacad4c0,d7d65d4e7ec6e0122c1df5469bc0198357850ce8557a25052b7f798f6137264c,032955786bb06d41cdd367f06a4aacdcd388043f7238097255f55427b8d0b780,55ff2375855c56d85915cb2037b331ee03d61c8a427d78d6492d738a006845fb,LearnedPolicy,False,sinusoid,jonswap,3.12.3,2.5.2,2.13.0,2.9.0,1.3.0,3.2.7,e9fa15cc35312a5c1ecf0c42668a690b5061c090,7ebad1ecabd28a7000add2d05f888aa2e837c2cc,c7fbdcc4df48bd4a2cfe21811613e5e50e3e4868822fe6dddd13745d96692118,b98d65cc5e34337369dcd4d69d63651cc2c99c19e8494199e8b5ec9e06c8b87f,3ee7e46399aea60603c767e0a604e79e7db233924ce71fe027a1ccc1623b7eb0,7beb41daec3d6a34c6da7696c56a982667957298f017ebe137829282b6ce7985,e6f30e55e478d39061b94e38de33959ca99b16e8cac38a3bd99b34f6543ad4a2,20260924,1.5,kinematic,noise,sigma4cm_lat1step,jonswap,strict,25.0,True,0.04,0.2,33.4,1,33.333333333333336,30.0,,e6f30e55e478d39061b94e38de33959ca99b16e8cac38a3bd99b34f6543ad4a2
ppo_sinusoid,False,3,aft,id,SS4,200,61,0.305,0.24536415630735034,0.37198552097978366,0.045,0.275,0.28,0.095,0.305,0.0,194,0.3422281179494424,0.581076244732021,0.3431112627011368,0.5764302496415348,0.06697734166114876,0.25452467571826953,42.7785661815054,1.5859106529209623,1.575,0.3342842903240886,0.2927530854506077,9,0.045,32,-0.008679597802816338,135,0.6958762886597938,0.75,0,3,2,4,0,108,83,0,200,,0.627856928795522,0.7562890457288551,0.675,0.6073198511602996,0.7360842846076571,artifacts/runs/ppo_sinusoid/3,ppo,10000000,final,10010624,6cedd5d9a1fbf7eabafa9ca6146ab19ce81fdab2,0dd539e7ae526fb16bc5d9bcc631b27e1c01056314997b68563497482d3127ff,c760e6ae03ca75505ec61e191edc2174652ebec2e1a3472c11bc32a3dacad4c0,d7d65d4e7ec6e0122c1df5469bc0198357850ce8557a25052b7f798f6137264c,032955786bb06d41cdd367f06a4aacdcd388043f7238097255f55427b8d0b780,55ff2375855c56d85915cb2037b331ee03d61c8a427d78d6492d738a006845fb,LearnedPolicy,False,sinusoid,jonswap,3.12.3,2.5.2,2.13.0,2.9.0,1.3.0,3.2.7,e9fa15cc35312a5c1ecf0c42668a690b5061c090,7ebad1ecabd28a7000add2d05f888aa2e837c2cc,c7fbdcc4df48bd4a2cfe21811613e5e50e3e4868822fe6dddd13745d96692118,b98d65cc5e34337369dcd4d69d63651cc2c99c19e8494199e8b5ec9e06c8b87f,3ee7e46399aea60603c767e0a604e79e7db233924ce71fe027a1ccc1623b7eb0,7beb41daec3d6a34c6da7696c56a982667957298f017ebe137829282b6ce7985,e6f30e55e478d39061b94e38de33959ca99b16e8cac38a3bd99b34f6543ad4a2,20260924,1.5,kinematic,noise,sigma4cm_lat1step,jonswap,strict,25.0,True,0.04,0.2,33.4,1,33.333333333333336,30.0,,e6f30e55e478d39061b94e38de33959ca99b16e8cac38a3bd99b34f6543ad4a2
ppo_sinusoid,False,3,aft,id,SS5,200,59,0.295,0.23613943856849148,0.36158714524618774,0.01,0.315,0.23,0.15,0.295,0.0,200,0.32725387228338276,0.510695617534783,0.3362677784715852,0.5118768452675895,0.06814073265707607,0.24645122927616658,37.396553469370204,1.6135416666666669,1.5854166666666667,0.3346599735780469,0.30034405436745604,2,0.01,40,-0.008447440746489312,60,0.3,0.745,0,2,0,0,0,106,92,0,200,,0.24074744682371402,0.36679068372719265,0.3,0.24074744682371402,0.36679068372719265,artifacts/runs/ppo_sinusoid/3,ppo,10000000,final,10010624,6cedd5d9a1fbf7eabafa9ca6146ab19ce81fdab2,0dd539e7ae526fb16bc5d9bcc631b27e1c01056314997b68563497482d3127ff,c760e6ae03ca75505ec61e191edc2174652ebec2e1a3472c11bc32a3dacad4c0,d7d65d4e7ec6e0122c1df5469bc0198357850ce8557a25052b7f798f6137264c,032955786bb06d41cdd367f06a4aacdcd388043f7238097255f55427b8d0b780,55ff2375855c56d85915cb2037b331ee03d61c8a427d78d6492d738a006845fb,LearnedPolicy,False,sinusoid,jonswap,3.12.3,2.5.2,2.13.0,2.9.0,1.3.0,3.2.7,e9fa15cc35312a5c1ecf0c42668a690b5061c090,7ebad1ecabd28a7000add2d05f888aa2e837c2cc,c7fbdcc4df48bd4a2cfe21811613e5e50e3e4868822fe6dddd13745d96692118,b98d65cc5e34337369dcd4d69d63651cc2c99c19e8494199e8b5ec9e06c8b87f,3ee7e46399aea60603c767e0a604e79e7db233924ce71fe027a1ccc1623b7eb0,7beb41daec3d6a34c6da7696c56a982667957298f017ebe137829282b6ce7985,e6f30e55e478d39061b94e38de33959ca99b16e8cac38a3bd99b34f6543ad4a2,20260924,1.5,kinematic,noise,sigma4cm_lat1step,jonswap,strict,25.0,True,0.04,0.2,33.4,1,33.333333333333336,30.0,,e6f30e55e478d39061b94e38de33959ca99b16e8cac38a3bd99b34f6543ad4a2
ppo_sinusoid,False,3,aft,id,SS6,200,55,0.275,0.21779700329307355,0.34068339357669647,0.02,0.265,0.29,0.15,0.275,0.0,200,0.3737942877945175,0.5590350509145098,0.37585681755176104,0.5689691021330262,0.06197898485638981,0.25007940158084335,37.870138518634164,1.588541666666667,1.5770833333333334,0.33439159783610495,0.29918045131413096,2,0.01,37,-0.008174349731540635,22,0.11,0.0,0,4,0,0,0,106,90,0,200,,0.07377244460125303,0.1609269099730149,0.11,0.07377244460125303,0.1609269099730149,artifacts/runs/ppo_sinusoid/3,ppo,10000000,final,10010624,6cedd5d9a1fbf7eabafa9ca6146ab19ce81fdab2,0dd539e7ae526fb16bc5d9bcc631b27e1c01056314997b68563497482d3127ff,c760e6ae03ca75505ec61e191edc2174652ebec2e1a3472c11bc32a3dacad4c0,d7d65d4e7ec6e0122c1df5469bc0198357850ce8557a25052b7f798f6137264c,032955786bb06d41cdd367f06a4aacdcd388043f7238097255f55427b8d0b780,55ff2375855c56d85915cb2037b331ee03d61c8a427d78d6492d738a006845fb,LearnedPolicy,False,sinusoid,jonswap,3.12.3,2.5.2,2.13.0,2.9.0,1.3.0,3.2.7,e9fa15cc35312a5c1ecf0c42668a690b5061c090,7ebad1ecabd28a7000add2d05f888aa2e837c2cc,c7fbdcc4df48bd4a2cfe21811613e5e50e3e4868822fe6dddd13745d96692118,b98d65cc5e34337369dcd4d69d63651cc2c99c19e8494199e8b5ec9e06c8b87f,3ee7e46399aea60603c767e0a604e79e7db233924ce71fe027a1ccc1623b7eb0,7beb41daec3d6a34c6da7696c56a982667957298f017ebe137829282b6ce7985,e6f30e55e478d39061b94e38de33959ca99b16e8cac38a3bd99b34f6543ad4a2,20260924,1.5,kinematic,noise,sigma4cm_lat1step,jonswap,strict,25.0,True,0.04,0.2,33.4,1,33.333333333333336,30.0,,e6f30e55e478d39061b94e38de33959ca99b16e8cac38a3bd99b34f6543ad4a2
ppo_sinusoid,False,4,aft,id,SS3,200,100,0.5,0.43136085960389187,0.5686391403961082,0.01,0.17,0.19,0.13,0.5,0.0,200,0.34867347410026256,0.5314928816496148,0.34986250898578325,0.5304507150191348,0.04806271524975614,0.16086794400925475,28.61140914998025,1.59125,1.575,0.2869725565883838,0.29208780063298007,0,0.0,28,-0.007011388557395618,190,0.95,0.755,0,2,0,0,0,140,58,0,200,,0.9104218518612239,0.972617354399236,0.95,0.9104218518612239,0.972617354399236,artifacts/runs/ppo_sinusoid/4,ppo,10000000,final,10010624,6cedd5d9a1fbf7eabafa9ca6146ab19ce81fdab2,0dd539e7ae526fb16bc5d9bcc631b27e1c01056314997b68563497482d3127ff,c760e6ae03ca75505ec61e191edc2174652ebec2e1a3472c11bc32a3dacad4c0,0f6136e289a8ce9d99314f5751ffb39f8fe83a209f720163b41c3ac9df7ab40c,2b9178a3a663c0c39e406d4be733d6ee885cb31b8b8524c9aa85f86f21153460,60a8b3007f9f578e9f002f2a62ac118b7faea78547c3b1a8e41e6e9c38af7898,LearnedPolicy,False,sinusoid,jonswap,3.12.3,2.5.2,2.13.0,2.9.0,1.3.0,3.2.7,e9fa15cc35312a5c1ecf0c42668a690b5061c090,7ebad1ecabd28a7000add2d05f888aa2e837c2cc,c7fbdcc4df48bd4a2cfe21811613e5e50e3e4868822fe6dddd13745d96692118,b98d65cc5e34337369dcd4d69d63651cc2c99c19e8494199e8b5ec9e06c8b87f,3ee7e46399aea60603c767e0a604e79e7db233924ce71fe027a1ccc1623b7eb0,7beb41daec3d6a34c6da7696c56a982667957298f017ebe137829282b6ce7985,e6f30e55e478d39061b94e38de33959ca99b16e8cac38a3bd99b34f6543ad4a2,20260924,1.5,kinematic,noise,sigma4cm_lat1step,jonswap,strict,25.0,True,0.04,0.2,33.4,1,33.333333333333336,30.0,,e6f30e55e478d39061b94e38de33959ca99b16e8cac38a3bd99b34f6543ad4a2
ppo_sinusoid,False,4,aft,id,SS4,200,104,0.52,0.4510378507281424,0.588208336216767,0.01,0.195,0.19,0.085,0.52,0.0,198,0.3308247622166436,0.5436525126236327,0.33315474361063047,0.5426148478615193,0.048480458218841394,0.1668959881901318,27.477721999316035,1.5981691919191918,1.6041666666666667,0.288007745679455,0.2946929467637967,1,0.005,25,-0.0067597597290664935,141,0.7121212121212122,0.75,0,0,2,0,0,142,56,0,200,,0.6454905148416947,0.7706777019894242,0.705,0.6384128547538122,0.7638605614315084,artifacts/runs/ppo_sinusoid/4,ppo,10000000,final,10010624,6cedd5d9a1fbf7eabafa9ca6146ab19ce81fdab2,0dd539e7ae526fb16bc5d9bcc631b27e1c01056314997b68563497482d3127ff,c760e6ae03ca75505ec61e191edc2174652ebec2e1a3472c11bc32a3dacad4c0,0f6136e289a8ce9d99314f5751ffb39f8fe83a209f720163b41c3ac9df7ab40c,2b9178a3a663c0c39e406d4be733d6ee885cb31b8b8524c9aa85f86f21153460,60a8b3007f9f578e9f002f2a62ac118b7faea78547c3b1a8e41e6e9c38af7898,LearnedPolicy,False,sinusoid,jonswap,3.12.3,2.5.2,2.13.0,2.9.0,1.3.0,3.2.7,e9fa15cc35312a5c1ecf0c42668a690b5061c090,7ebad1ecabd28a7000add2d05f888aa2e837c2cc,c7fbdcc4df48bd4a2cfe21811613e5e50e3e4868822fe6dddd13745d96692118,b98d65cc5e34337369dcd4d69d63651cc2c99c19e8494199e8b5ec9e06c8b87f,3ee7e46399aea60603c767e0a604e79e7db233924ce71fe027a1ccc1623b7eb0,7beb41daec3d6a34c6da7696c56a982667957298f017ebe137829282b6ce7985,e6f30e55e478d39061b94e38de33959ca99b16e8cac38a3bd99b34f6543ad4a2,20260924,1.5,kinematic,noise,sigma4cm_lat1step,jonswap,strict,25.0,True,0.04,0.2,33.4,1,33.333333333333336,30.0,,e6f30e55e478d39061b94e38de33959ca99b16e8cac38a3bd99b34f6543ad4a2
ppo_sinusoid,False,4,aft,id,SS5,200,101,0.505,0.43627000033527485,0.5735415464009526,0.025,0.14,0.19,0.14,0.505,0.0,199,0.3373030990277807,0.5106199562635043,0.3372149392403241,0.5196115065882184,0.04974643532741085,0.1783443491809363,28.45528756577609,1.6314489112227804,1.6291666666666667,0.2886199173941234,0.2952083178633088,3,0.015,34,-0.0081179941362904,58,0.2914572864321608,0.745,0,3,2,0,0,145,50,0,200,,0.23274467652438652,0.35806875736355664,0.29,0.23154025607067882,0.3563747810077731,artifacts/runs/ppo_sinusoid/4,ppo,10000000,final,10010624,6cedd5d9a1fbf7eabafa9ca6146ab19ce81fdab2,0dd539e7ae526fb16bc5d9bcc631b27e1c01056314997b68563497482d3127ff,c760e6ae03ca75505ec61e191edc2174652ebec2e1a3472c11bc32a3dacad4c0,0f6136e289a8ce9d99314f5751ffb39f8fe83a209f720163b41c3ac9df7ab40c,2b9178a3a663c0c39e406d4be733d6ee885cb31b8b8524c9aa85f86f21153460,60a8b3007f9f578e9f002f2a62ac118b7faea78547c3b1a8e41e6e9c38af7898,LearnedPolicy,False,sinusoid,jonswap,3.12.3,2.5.2,2.13.0,2.9.0,1.3.0,3.2.7,e9fa15cc35312a5c1ecf0c42668a690b5061c090,7ebad1ecabd28a7000add2d05f888aa2e837c2cc,c7fbdcc4df48bd4a2cfe21811613e5e50e3e4868822fe6dddd13745d96692118,b98d65cc5e34337369dcd4d69d63651cc2c99c19e8494199e8b5ec9e06c8b87f,3ee7e46399aea60603c767e0a604e79e7db233924ce71fe027a1ccc1623b7eb0,7beb41daec3d6a34c6da7696c56a982667957298f017ebe137829282b6ce7985,e6f30e55e478d39061b94e38de33959ca99b16e8cac38a3bd99b34f6543ad4a2,20260924,1.5,kinematic,noise,sigma4cm_lat1step,jonswap,strict,25.0,True,0.04,0.2,33.4,1,33.333333333333336,30.0,,e6f30e55e478d39061b94e38de33959ca99b16e8cac38a3bd99b34f6543ad4a2
ppo_sinusoid,False,4,aft,id,SS6,200,97,0.485,0.41667385171877513,0.5538915080725428,0.005,0.15,0.245,0.115,0.485,0.0,199,0.33981498693712797,0.5285985371734191,0.3378518989403091,0.5315337330574097,0.04851713487897761,0.1488727470907428,31.079034239979926,1.6456658291457287,1.6458333333333333,0.2815716773423809,0.29332127617446097,2,0.01,35,-0.007440615671520723,25,0.12562814070351758,0.0,0,0,0,1,0,146,53,0,200,,0.08656019075059745,0.17887597369884278,0.125,0.08611974475712644,0.17801425002582347,artifacts/runs/ppo_sinusoid/4,ppo,10000000,final,10010624,6cedd5d9a1fbf7eabafa9ca6146ab19ce81fdab2,0dd539e7ae526fb16bc5d9bcc631b27e1c01056314997b68563497482d3127ff,c760e6ae03ca75505ec61e191edc2174652ebec2e1a3472c11bc32a3dacad4c0,0f6136e289a8ce9d99314f5751ffb39f8fe83a209f720163b41c3ac9df7ab40c,2b9178a3a663c0c39e406d4be733d6ee885cb31b8b8524c9aa85f86f21153460,60a8b3007f9f578e9f002f2a62ac118b7faea78547c3b1a8e41e6e9c38af7898,LearnedPolicy,False,sinusoid,jonswap,3.12.3,2.5.2,2.13.0,2.9.0,1.3.0,3.2.7,e9fa15cc35312a5c1ecf0c42668a690b5061c090,7ebad1ecabd28a7000add2d05f888aa2e837c2cc,c7fbdcc4df48bd4a2cfe21811613e5e50e3e4868822fe6dddd13745d96692118,b98d65cc5e34337369dcd4d69d63651cc2c99c19e8494199e8b5ec9e06c8b87f,3ee7e46399aea60603c767e0a604e79e7db233924ce71fe027a1ccc1623b7eb0,7beb41daec3d6a34c6da7696c56a982667957298f017ebe137829282b6ce7985,e6f30e55e478d39061b94e38de33959ca99b16e8cac38a3bd99b34f6543ad4a2,20260924,1.5,kinematic,noise,sigma4cm_lat1step,jonswap,strict,25.0,True,0.04,0.2,33.4,1,33.333333333333336,30.0,,e6f30e55e478d39061b94e38de33959ca99b16e8cac38a3bd99b34f6543ad4a2
