sets,method,run_seed,ss,index,episode_seed,outcome,termination_reason,closing_speed_normal_m_s,td_t_episode_s,detectors_disagree,td_t_episode_analytic_s,reproduced,pre_n,pre_cap,pre_ax_x,pre_ax_y,pre_ax_z,post_n,post_cap,post_ax_x,post_ax_y,post_ax_z,pre_cap_first15,post_sp_z_median,post_full_descent_n,post_idle_n,post_sub_n,last_sp_z_mean,last_sp_rel_mean,drone_vz_pre_td,deck_vz_td,passive,closing_pre_m_s,depth_i0_mm,thrust_frac_i0,idle_i0,impact_idle_frac,impact_thrust_frac_mean,impact_deck_an_mean,depth_max_mm,t_max_after_td_s,in_impact_window,idle_at_max,thrust_frac_at_max,deck_an_at_max,need_at_max,tilt_at_max,cmd_vz_at_max,min_need_after_td,loaded,max_unloaded_run_s,unloaded_run_gt_grace,closing_pre_gt_limit,pushoff_last_contact,mechanism,possibly_dependent,dependence_reason
S,ppo,0,SS3,5,558736479,success,dwell_complete,0.25181915310758696,1.5458333333333334,False,1.5458333333333334,True,47,0,0,0,0,15,0,0,0,0,0,-0.10782013088464737,0,0,125,-0.32993611246347426,-0.2765339699391036,-0.38774690202474493,-0.12392732601609224,False,0.26332490338735665,-0.6821345455840958,1.0128805826257985,False,0.0,0.9601355887518328,0.07756559431703679,1.0506445330316816,0.012499999999999956,True,False,1.0128805826257985,0.07148494328294602,-0.0014768451263732678,0.4663814744287306,-0.38703806698322296,-0.002383961565156728,False,0.025,False,False,0.001121963886643394,impact,True,success_unloaded
S,ppo,0,SS3,29,1921923984,success,dwell_complete,0.26255483782537414,1.5041666666666667,False,1.5041666666666667,True,46,0,0,0,0,15,0,0,0,0,0,-0.09092695266008377,0,0,127,-0.2649784728884697,-0.26510959692199926,-0.2988492171990432,-0.03211535998553643,False,0.2667431981398426,-1.0179942795066423,1.0260049868482863,False,0.0,1.0260049868482863,0.09900917758189257,1.8503350875632616,0.02083333333333326,True,False,1.0260049868482863,0.11062390608883223,-0.0038482903346096727,1.0523377437053385,-0.2835375443100929,-0.004751882897385156,False,0.03333333333333333,False,False,-0.0006746809433375184,impact,True,success_unloaded
S,ppo,0,SS3,49,346551576,success,dwell_complete,0.25983959968293313,1.6041666666666667,False,1.6041666666666667,True,49,3,0,0,0,15,0,0,0,0,3,-0.14370565116405487,0,0,127,-0.23687014281749724,-0.27513622812560323,-0.2589473539435695,0.011294389335755299,False,0.27069015320123596,-0.7795046848721296,0.9966872184007431,False,0.0,0.9966872184007431,-0.1681315210234534,1.2458070043602267,0.008333333333333304,True,False,0.9966872184007431,-0.1677717143437496,-0.003653061744886623,0.5492665172367271,-0.2648984044790268,-0.003683991904963139,False,0.03333333333333333,False,False,-9.059933371815939e-06,impact,True,success_unloaded
S,ppo,0,SS3,54,924557908,success,dwell_complete,0.2667468188623424,1.6083333333333334,False,1.6083333333333334,True,50,4,0,0,0,14,0,0,0,0,4,-0.1508450098335743,0,0,126,-0.22610796019434928,-0.2585020660338562,-0.17572235026693853,0.09568666229849407,False,0.2718197079583087,-0.8510944347470752,1.017646136625186,False,0.0,0.9453598633836225,-0.24695200139636786,1.8361240877832463,0.016666666666666607,True,False,1.017646136625186,-0.25443938122813775,-0.011497023098496904,1.0527244857339972,-0.16768095642328262,-0.012253158169466758,False,0.029166666666666667,False,False,0.00010990652006415083,impact,True,success_unloaded
S,ppo,0,SS3,60,258404339,success,dwell_complete,0.23362493853889726,1.55,False,1.55,True,48,0,0,0,0,14,0,0,0,0,0,-0.10537338629364967,0,0,124,-0.2371322050690651,-0.2555677420735134,-0.2286433535089798,0.024294078188976127,False,0.2503439975349281,-0.28153066426076034,0.9495825646417965,False,0.0,0.9643528127602757,-0.007267275144172058,1.7633684492822388,0.033333333333333215,False,False,0.9889698929577408,-0.010454205272028356,0.0022361864115053127,0.8709596309059789,-0.21216508001089096,0.002161307383337829,True,0.0,False,False,-0.0001313406680612018,other,False,
S,ppo,0,SS3,65,323032325,success,dwell_complete,0.245529285470588,1.3875,False,1.3875,True,42,0,0,0,0,15,0,0,0,0,0,-0.10300431400537491,0,0,123,-0.2727577179670334,-0.25828935156008476,-0.24088449486790048,0.024855808818756105,False,0.2656122126613888,-0.6367432550512953,1.0564389707789936,False,0.0,0.9172648736233543,0.14528291005846727,1.9666777832894347,0.012499999999999956,True,False,1.0564389707789936,0.14998096880270337,-0.010837260501730957,1.055451324688177,-0.22265207022428513,-0.010837260501730957,False,0.016666666666666666,False,False,6.164919688053372e-05,impact,True,success_unloaded
S,ppo,0,SS3,68,960847886,success,dwell_complete,0.26071471380211436,1.6125,False,1.6125,True,49,4,0,0,4,15,0,0,0,0,4,-0.06107034534215927,0,0,125,-0.3231212869286537,-0.2705324350224132,-0.2718506042246208,0.01062423626620909,False,0.28207745161093994,-0.3577325422712653,1.0186032355377825,False,0.0,0.9278859046604241,0.4666170191321417,1.5635182860583408,0.008333333333333304,True,False,1.0186032355377825,0.4720910630902836,0.007840470714973522,0.7312461474323619,-0.2675524950027466,0.007572167122928361,True,0.0,False,False,0.0005096564894784761,impact,False,
S,ppo,0,SS3,72,1881702858,success,dwell_complete,0.23940405779704635,1.55,False,1.55,True,47,2,0,0,1,15,0,0,0,0,2,-0.10328961163759232,0,8,124,-0.26758559942245486,-0.2622461305716044,-0.24132355606809813,0.014974735773053263,False,0.25625591268017395,-0.39768220359330986,1.0095108943256834,False,0.375,0.790591063219085,0.1034584400880298,1.8057829997287649,0.02083333333333326,True,True,0.42572467804142095,0.10116978715718981,0.15469724292825696,0.8744831985007122,-0.574240654706955,0.0002966993268050659,True,0.0,False,False,0.00010417357510711576,impact,False,
S,ppo,0,SS3,73,289920193,success,dwell_complete,0.24862421620549982,1.4416666666666667,False,1.4416666666666667,True,44,0,0,0,0,15,0,0,0,0,0,-0.09748001396656036,0,0,126,-0.3326368808746338,-0.26286076520402185,-0.33143582528170096,-0.06680457550210937,False,0.2640514544680422,-0.7283893701109593,1.0770010688678198,False,0.0,1.0463749594170675,0.19109481367697292,1.8377159746813991,0.02499999999999991,True,False,1.0770010688678198,0.20026656722652025,-0.014953212081893553,0.922251277549883,-0.2928200885653496,-0.015311049460599212,False,0.029166666666666667,False,False,0.00045915438493131857,impact,True,success_unloaded
S,ppo,0,SS3,82,1242778508,success,dwell_complete,0.24200127348119796,1.475,False,1.475,True,45,2,0,0,0,15,0,0,0,0,2,-0.11735527217388153,0,0,126,-0.2278892368078232,-0.2591049557240986,-0.23640095519323995,0.023146561870335595,False,0.260148145300899,-0.3996255184770218,1.0173408728396844,False,0.0,0.9938837163601796,-0.10845762049593041,1.2692547116635033,0.008333333333333304,True,False,1.0173408728396844,-0.10689179285496093,-0.007460417976097112,0.8694199213825802,-0.2303500548005104,-0.007601361276070575,False,0.029166666666666667,False,False,-8.68710057441177e-05,impact,True,success_unloaded
S,ppo,0,SS3,88,1372208371,success,dwell_complete,0.25033397384907324,1.5666666666666667,False,1.5666666666666667,True,47,2,0,0,0,16,0,0,0,0,2,-0.09503549337387085,0,0,128,-0.31820557564496993,-0.2775795128518495,-0.3270896708176637,-0.0528806990472005,False,0.2740542911003182,-0.721524475063133,1.0414949115361598,False,0.0,0.7530806871587801,0.25486463761615863,1.5332180474048211,0.016666666666666607,True,False,0.7118786551048687,0.2581721429715306,0.08322798962971521,0.9482078889887331,-0.4635516554117203,-0.004564939344870487,False,0.004166666666666667,False,False,-0.000256595988692184,impact,True,success_unloaded
S,ppo,0,SS3,102,2010693803,success,dwell_complete,0.23443426737578527,1.4625,False,1.4625,True,44,0,0,0,0,15,0,0,0,0,0,-0.17534230649471283,0,0,121,-0.2268241211771965,-0.2668203866411043,-0.3218753699207362,-0.0714797710183027,False,0.2500605681990679,-0.6002492450783218,0.964544248952007,False,0.0,0.5724640562247574,-0.2808267193663444,1.8683424744726729,0.01666666666666683,True,False,0.4417706586490076,-0.275032232169604,0.14028943948377523,0.8834339131153716,-0.617593377828598,0.0007956362461209383,True,0.0,False,False,0.0009080209529391142,impact,False,
S,ppo,0,SS3,115,268198437,success,dwell_complete,0.24992542993728328,1.4416666666666667,False,1.4416666666666667,True,44,0,0,0,0,15,0,0,0,0,0,-0.016446545720100403,0,0,126,-0.3756280213594437,-0.26044849508046697,-0.273991506479023,-0.00034543935663679807,False,0.273499425493091,-0.28582932792155025,1.0504918429094394,False,0.0,1.0232271923270329,0.9007316417333572,1.9925142136508738,0.02083333333333326,True,False,1.0504918429094394,0.896150789756239,0.010839627781166462,0.9739656065990654,-0.250580370426178,0.010713652152331157,True,0.0,False,False,-0.001778724633663656,impact,False,
S,ppo,0,SS3,129,107904836,success,dwell_complete,0.25972851858679513,1.5708333333333333,False,1.5708333333333333,True,48,2,0,0,0,15,0,0,0,0,2,-0.11155041307210922,0,0,127,-0.2809354543685913,-0.26964684642912584,-0.2709069536664051,-0.011238355744894823,False,0.25970751117460766,-0.9556952227774533,0.966883209508581,False,0.0,0.966883209508581,0.0377307795274822,2.006025024854046,0.02083333333333326,True,False,0.966883209508581,0.03857944758964906,0.009850010256210222,1.0839050939618184,-0.288265585899353,0.009776143352658239,True,0.0,False,False,-5.809170739392324e-06,impact,False,
S,ppo,0,SS3,130,1674865942,success,dwell_complete,0.256596067780931,1.6583333333333332,False,1.6583333333333332,True,50,3,0,0,0,15,0,0,0,0,2,-0.12675319612026215,0,0,122,-0.2524408683180809,-0.26580364812526386,-0.20029490062636598,0.06152258327473059,False,0.261817661421279,-0.8525370002394558,0.9555846050400794,False,0.0,0.7319419699388205,-0.06374580780236011,1.937628228975591,0.02083333333333348,True,False,0.5977563888780651,-0.083278408303859,0.10420694120849454,0.9532064210047045,-0.384220227599144,0.010596903653165669,True,0.0,False,False,0.00012943147871198748,impact,False,
S,ppo,0,SS3,132,1332772073,success,dwell_complete,0.23502052645203234,1.4875,False,1.4875,True,45,0,0,0,0,15,0,0,0,0,0,-0.1175534650683403,0,8,123,-0.25354576408863067,-0.26166736412825975,-0.2624818910101371,0.0003159602970725504,False,0.2627173062842168,-0.04352510521223637,1.0359117283201196,False,0.5,0.7308182031807702,-0.03415626718273247,1.8960622614470073,0.016666666666666607,True,True,0.42572467804142095,-0.034077893353843154,0.15104981871211157,1.0166684334140412,-0.5856678485870361,-0.010428516761613917,False,0.016666666666666666,False,False,-1.55432759816702e-05,impact,True,success_unloaded
S,ppo,0,SS3,134,770293282,success,dwell_complete,0.24886326344774537,1.4375,False,1.4375,True,44,0,0,0,0,15,0,0,0,0,0,-0.10735192894935608,0,0,127,-0.2715776666998863,-0.26220718172978924,-0.2827423128116424,-0.015350157149443884,False,0.2674404269050171,-0.5555475783678848,1.03424711460609,False,0.0,1.03424711460609,0.02288651173647702,1.2271191264146133,0.012499999999999956,True,False,1.03424711460609,0.022333072927929593,-0.008446697688313713,0.5414510812656308,-0.2655627205967903,-0.008516412462498013,False,0.03333333333333333,False,False,0.00010175568535102392,impact,True,success_unloaded
S,ppo,0,SS3,136,52561716,success,dwell_complete,0.2500356796735571,1.5125,False,1.5125,True,46,0,0,0,0,15,0,0,0,0,0,-0.031564392149448395,0,0,125,-0.325184465944767,-0.2707316234832414,-0.3264766347846846,-0.04885577822390866,False,0.2768146062970884,-0.3915757402873926,1.0761344911199275,False,0.0,1.0136549415227043,0.4622603845489444,1.4184034847912559,0.012499999999999956,True,False,1.0761344911199275,0.45868026519994415,-0.0077349817051114555,0.911723163554686,-0.29494649916887283,-0.008468922859502652,False,0.025,False,False,-0.0010341183692038499,impact,True,success_unloaded
S,ppo,0,SS3,142,538582925,success,dwell_complete,0.22152993742851454,1.4916666666666667,False,1.4916666666666667,True,46,0,0,0,0,14,0,0,0,0,0,-0.10037053003907204,0,0,122,-0.2646165743470192,-0.2617535225172901,-0.254606693372564,0.0009220220424000311,False,0.25553356482773826,-0.1400617397561292,1.0176579511413535,False,0.0,0.9647963630496921,0.010533278766942197,1.5811410184492611,0.02083333333333326,True,False,0.9330794101946953,0.010404420680192318,0.018016520566242752,0.8700765548315461,-0.2553924322128296,-0.00437521688754922,False,0.0125,False,False,1.691774557678334e-05,impact,True,success_unloaded
S,ppo,0,SS3,144,1170825572,success,dwell_complete,0.25061025644362006,1.5458333333333334,False,1.5458333333333334,True,47,0,0,0,0,15,0,0,0,0,0,-0.09972797334194183,0,0,125,-0.26755948066711427,-0.27333867202344797,-0.32984077785785426,-0.0643162897448718,False,0.26566642611788377,-0.5155910218535681,1.0427692011990946,False,0.0,0.925740276325635,0.02890962445126943,1.3682825592518886,0.012499999999999956,True,False,1.0427692011990946,0.023804243331032482,-0.01064222759827017,0.8810832305639741,-0.3155016750097275,-0.011530034317706444,False,0.025,False,False,9.841780611552596e-05,impact,True,success_unloaded
S,ppo,0,SS3,156,1593741725,success,dwell_complete,0.25126047636856563,1.5333333333333332,False,1.5333333333333332,True,46,1,0,0,0,15,0,0,0,0,1,-0.08904024213552475,0,0,120,-0.22708365321159363,-0.25316870265315156,-0.22699113864843784,0.0402618011890734,False,0.2672187611061319,-0.3230157617384695,0.9437910298437509,False,0.0,0.6866318637840654,0.00933419649873375,2.2397121521350463,0.01666666666666683,True,False,0.6498948400612532,0.008773248105048988,0.09277306268996265,1.1013384679500897,-0.3974764198064804,0.015214187623997885,True,0.0,False,False,-0.0001315015389565993,impact,False,
S,ppo,0,SS3,187,1530772550,success,dwell_complete,0.24396518729752067,1.5541666666666667,False,1.5541666666666667,True,48,2,0,0,0,14,0,0,0,0,2,-0.08460176736116409,0,0,123,-0.26563580334186554,-0.2633042941772829,-0.24453932720937138,0.025154824927273202,False,0.26948124265562073,-0.2637050089459445,1.0704413597675186,False,0.0,1.0275173972112115,0.08043403588973091,1.772628487786067,0.016666666666666607,True,False,0.9845934346549045,0.07967202979866238,0.006247075278279619,0.7896490201495697,-0.2076255977153778,-0.016410587509579126,False,0.016666666666666666,False,False,-0.00020585245490554487,impact,True,success_unloaded
S,ppo,0,SS3,191,1615938081,success,dwell_complete,0.2551558417034363,1.45,False,1.45,True,44,0,0,0,0,15,0,0,0,0,0,-0.12562590837478638,0,0,124,-0.25960891544818876,-0.25720583106383077,-0.2631047911797958,-0.003853910442195567,False,0.25949797943432906,-0.6125551033976958,0.9911414250520442,False,0.0,0.8610440131219951,-0.014962760556263645,1.5679111096214775,0.016666666666666607,True,False,0.9911414250520442,-0.015042976596199513,0.0019535764272082495,0.7984772570552865,-0.2675360217690468,0.0019420283586232916,True,0.0,False,False,-1.9560314973201474e-05,impact,False,
S,ppo,0,SS3,198,108547188,success,dwell_complete,0.23318596735581767,1.6083333333333334,False,1.6083333333333334,True,49,0,0,0,0,15,0,0,0,0,0,-0.20456291735172272,0,0,126,-0.1749140128493309,-0.2707775944427576,-0.25085007218504224,0.0026731277590044595,False,0.2535314268489827,-0.5242466403995056,0.9733827546018926,False,0.0,0.9497418476298043,-0.7547281882534811,1.7170217626458435,0.016666666666666607,True,False,0.9733827546018926,-0.7553464400463378,-0.013347921866775867,0.9041407675840684,-0.2636304348707199,-0.013394641145350309,False,0.029166666666666667,False,False,0.0012960101359742033,impact,True,success_unloaded
S,ppo,0,SS3,199,1565262016,success,dwell_complete,0.24038619288367177,1.6041666666666667,False,1.6041666666666667,True,49,1,0,0,0,15,0,0,0,0,1,-0.1261947602033615,0,0,127,-0.2974447444081306,-0.2729486088977488,-0.31220913822555113,-0.03942411073365064,False,0.27474785307659294,-0.21621024029390334,1.0309445227463145,False,0.0,1.0309445227463145,-0.014415705923378113,1.5742479137235241,0.02083333333333326,True,False,1.0309445227463145,-0.012440951893362865,-0.00867718872880238,0.8895393788445606,-0.29433292150497437,-0.008801305331921317,False,0.03333333333333333,False,False,0.0025563856314877644,impact,True,success_unloaded
S,ppo,0,SS4,15,217668846,success,dwell_complete,0.24860307786647265,1.475,False,1.475,True,45,0,0,0,0,15,0,0,0,0,0,-0.28298134356737137,0,8,126,-0.19452606290578842,-0.2783593779599426,-0.31015231173784974,-0.058237746151004,False,0.25073098902304075,-0.9359978028543262,0.9588934821455938,False,0.125,0.8922473816325721,-0.6330195919312918,1.502398989660113,0.029166666666666563,True,True,0.42572467804142095,-0.6141906819674487,0.13519490456870512,0.7464161457018905,-0.6698529124259949,-0.006431433492717296,False,0.029166666666666667,False,False,0.0007620210931429906,impact,True,success_unloaded
S,ppo,0,SS4,16,696548069,success,dwell_complete,0.24817498136545335,1.6708333333333334,False,1.6708333333333334,True,51,3,0,0,0,15,0,0,0,0,3,-0.16742561012506485,0,0,127,-0.1986087180674076,-0.27504504781785133,-0.22769063678664292,0.03393753173427856,False,0.26181297766859607,-0.6283656880774147,0.9256088502420832,False,0.0,0.9256088502420832,-0.20493096505672898,1.9943244626720795,0.012499999999999956,True,False,0.9256088502420832,-0.20468000763244756,0.014142629370191112,0.9903892199856648,-0.2705233544111252,0.014100727369212486,True,0.0,False,False,-0.0005837071086121901,impact,False,
S,ppo,0,SS4,23,2087876775,success,dwell_complete,0.2607412332251018,1.4125,False,1.4125,True,43,0,0,0,0,15,0,0,0,0,0,-0.11374850571155548,0,0,125,-0.32886743992567063,-0.2727680320796037,-0.3190822200167561,-0.05944157661687002,False,0.2611894820467958,-1.0132560736314358,0.9832568074693616,False,0.0,0.944436213889389,0.06876700715880738,1.8914003061524651,0.02083333333333326,True,False,0.9832568074693616,0.07156022165231224,0.006231395289714184,1.0306661987991235,-0.3291994035243988,0.006042779784932323,True,0.0,False,False,0.00035374235643495207,impact,False,
S,ppo,0,SS4,25,1955270286,success,dwell_complete,0.253534031858621,1.5416666666666667,False,1.5416666666666667,True,48,2,0,0,0,14,0,0,0,0,2,-0.24197840318083763,0,8,126,-0.30478831231594083,-0.29239251335066896,-0.41711883441675635,-0.15152066275989948,False,0.2664164006169523,-0.6572655195912098,0.9506152669910986,False,0.125,0.8850039433723889,-0.3402269437460227,1.1152956940698528,0.016666666666666607,True,False,0.9506152669910986,-0.3354607264187303,0.0038877416092068084,0.6720138644892566,-0.44346289336681366,0.002892171597371841,True,0.0,False,False,0.003798830572932752,impact,False,
S,ppo,0,SS4,35,1846185832,success,dwell_complete,0.23022075709793027,1.5541666666666667,False,1.5541666666666667,True,47,0,0,0,0,15,0,0,0,0,0,-0.1283799335360527,0,0,123,-0.3292544141411781,-0.2601392172231941,-0.34042993261605925,-0.07696041512178098,False,0.26372709508633196,-0.15808557697614228,0.9848681890061164,False,0.0,0.8488079619053432,0.1532654732485204,1.5784145280492976,0.012499999999999956,True,False,0.9848681890061164,0.15143337724763659,0.00802135007434637,0.7274414508647811,-0.351511649787426,0.0077272644440098725,True,0.0,False,False,0.0005536874798255875,impact,False,
S,ppo,0,SS4,57,1109774061,success,dwell_complete,0.2513424091803308,1.575,False,1.575,True,48,2,0,0,0,15,0,0,0,0,2,-0.21989323943853378,0,0,126,-0.2010195128619671,-0.2731256443887092,-0.2758713093831183,-0.011692627389350903,False,0.2636991436850356,-0.6489470322734895,0.9844937944907589,False,0.0,0.9476951083198365,-0.4233275799619953,0.4781846069936972,0.012499999999999956,True,False,0.9844937944907589,-0.4246249251046887,-0.007439693781393487,0.20644430448284648,-0.2863338142633438,-0.007547660982772408,False,0.029166666666666667,False,False,0.00032159151022234585,impact,True,success_unloaded
S,ppo,0,SS4,59,1875727330,success,dwell_complete,0.2332483519938571,1.5416666666666667,False,1.5416666666666667,True,47,0,0,0,0,15,0,0,0,0,0,-0.042842499911785126,0,0,126,-0.24731934070587158,-0.251159614302131,-0.17618433811514855,0.0860088274173789,False,0.2600525664997719,-0.16931455752413405,1.015508925409186,False,0.0,0.9812000630382682,0.19669837563617348,1.710272437301448,0.02499999999999991,True,False,1.015508925409186,0.18158120274436057,0.0007897173209825226,0.8924078681365509,-0.16995028406381607,0.0007897173209825226,True,0.0,False,False,-0.0007599636377081716,impact,False,
S,ppo,0,SS4,69,1916697051,success,dwell_complete,0.2541835467351601,1.6,False,1.6,True,48,3,0,0,1,15,0,0,0,0,3,-0.10037407279014587,0,0,120,-0.2518793687224388,-0.2624924515536479,-0.23876430440722798,0.0229192564338966,False,0.26127575386077845,-0.5316955142910189,1.01300543415689,False,0.0,0.6327650394952932,0.04389366208375108,2.2732374005903107,0.02083333333333326,True,False,0.578444983115065,0.04304075370587401,0.11271297290678493,1.0979135330488863,-0.46541427075862885,-0.0018222987963549967,False,0.004166666666666667,False,False,-0.0003911541373673675,impact,True,success_unloaded
S,ppo,0,SS4,81,1069232166,success,dwell_complete,0.2638135212797704,1.525,False,1.525,True,46,0,0,0,0,15,0,0,0,0,0,-0.14654331654310226,0,0,122,-0.30412893667817115,-0.2824132974077554,-0.3899275068951613,-0.12397659244405622,False,0.2664758783082117,-1.134875051825292,1.0013775632441837,False,0.0,0.7306822041326476,0.039233804099227006,1.9546076327111341,0.012500000000000178,True,False,0.5682649886657261,0.03268146488268185,0.11514146736411458,1.0708030684077403,-0.4666411578655243,-0.0006008202213918784,False,0.008333333333333333,False,False,0.0006570644748270549,impact,True,success_unloaded
S,ppo,0,SS4,85,2081940702,success,dwell_complete,0.24750535234317275,1.5875,False,1.5875,True,48,0,0,0,0,15,0,0,0,0,0,-0.062330782413482666,0,0,123,-0.2848081231117249,-0.2585425257879805,-0.24204729064210753,0.028264864108380007,False,0.2699116103021476,-0.36376770593349816,1.0605624718439768,False,0.0,0.7705932816679533,0.19612959923459067,1.803394288617377,0.02083333333333348,True,False,0.48062409149192975,0.19212888704633496,0.14261798007461501,0.8393675184415568,-0.48573754727840424,-0.010678537298262994,False,0.016666666666666666,False,False,-0.0004990382390100748,impact,True,success_unloaded
S,ppo,0,SS4,89,1460784246,success,dwell_complete,0.240291816454698,1.5125,False,1.5125,True,46,0,0,0,0,15,0,0,0,0,0,-0.09133453667163849,0,8,125,-0.2503262132406235,-0.25659268847377076,-0.22279619290076258,0.031059125666107714,False,0.2524586678590563,-0.6960847486786149,0.9986344026988672,False,0.25,0.8554069715345055,0.07757422021690565,1.5042144371032407,0.025000000000000133,True,True,0.42572467804142095,0.07533497170639256,0.15385772403413667,0.7724046628225603,-0.5177869498729706,0.0023225359081270962,True,0.0,False,False,-0.00013764899829681133,impact,False,
S,ppo,0,SS4,94,1246638828,success,dwell_complete,0.19949381912228134,1.5375,False,1.5375,True,47,0,0,0,0,15,0,0,0,0,0,-0.22476522624492645,0,0,127,-0.21893497928977013,-0.2864321345490471,-0.4006115296842169,-0.17732105319143238,False,0.2238491391434965,-0.29697424177113774,0.8775925825116242,False,0.0,0.8775925825116242,-0.761527768696855,1.7651242429470047,0.012499999999999956,True,False,0.8775925825116242,-0.7780418116929669,0.011376965291993297,1.0173140416562385,-0.4663316309452057,0.008959899273634359,True,0.0,False,False,0.0015758936879229852,impact,False,
S,ppo,0,SS4,111,1101765951,success,dwell_complete,0.25775311564612297,1.625,False,1.625,True,49,1,0,0,0,15,0,0,0,0,1,-0.08128959685564041,0,0,122,-0.38242205828428266,-0.2794342959660219,-0.3814729780373208,-0.09951487888675457,False,0.2798656804003134,-0.41919815185915527,0.9770487243660106,False,0.0,0.7391501627118259,0.3727703001267502,1.3144498940534453,0.016666666666666607,True,False,0.596411025719315,0.37601240009565706,0.11685119083318968,0.5776023254554736,-0.5609137415885925,0.015714137122092058,True,0.0,False,False,0.00036005553083267905,impact,False,
S,ppo,0,SS4,123,1422627062,success,dwell_complete,0.2355386569273885,1.5416666666666667,False,1.5416666666666667,True,47,0,0,0,0,15,0,0,0,0,0,0.003407299518585205,0,0,126,-0.276771542429924,-0.23123204135378994,-0.13079313208282128,0.13429708726113396,False,0.2637933325924315,-0.1063555951942563,1.0254479592314354,False,0.0,0.9796018409819739,0.4152467876377261,1.6972493740048609,0.02499999999999991,True,False,1.0254479592314354,0.3894800535068454,0.003686698627997517,0.9511838032966183,-0.12368327379226685,0.003686698627997517,True,0.0,False,False,-0.0006512922871099939,impact,False,
S,ppo,0,SS4,135,1161446768,success,dwell_complete,0.23722729779759122,1.6083333333333334,False,1.6083333333333334,True,49,3,0,0,0,15,0,0,0,0,3,-0.2604282572865486,0,0,126,-0.17502953931689264,-0.28125645044897113,-0.29100675965235273,-0.03841900713307829,False,0.25439897031250697,-0.4010685816750377,0.9406978242477545,False,0.0,0.895835288556412,-0.7057572155748575,2.0097957427644717,0.016666666666666607,True,False,0.9406978242477545,-0.7037651587660363,-0.0034410010327829872,1.0149630301214574,-0.3292321711778641,-0.0039438501029343456,False,0.029166666666666667,False,False,0.0008333481718616262,impact,True,success_unloaded
S,ppo,0,SS4,140,451247318,success,dwell_complete,0.25549233258358894,1.4833333333333334,False,1.4833333333333334,True,45,0,0,0,0,15,0,0,0,0,0,-0.04470788687467575,0,0,124,-0.2585845813155174,-0.25304024081543164,-0.20830938163754675,0.06524602297219899,False,0.27340493610737,-0.6828038819717983,1.0651485658824582,False,0.0,0.9385314042816842,0.21351300278083593,1.3762678103112833,0.012499999999999956,True,False,1.0651485658824582,0.21536741513015992,-0.011512310437001162,0.8375296557298125,-0.1819206029176712,-0.011603771206977085,False,0.020833333333333332,False,False,-0.0005550271856145751,impact,True,success_unloaded
S,ppo,0,SS4,145,1286322466,success,dwell_complete,0.24523866474684813,1.6083333333333334,False,1.6083333333333334,True,49,4,0,0,3,15,0,0,0,0,4,-0.1349067986011505,0,0,126,-0.36008799225091936,-0.28395065342000586,-0.39831838279275483,-0.1239239867808967,False,0.2750059873097556,-0.3500138717150236,1.058744037185933,False,0.0,1.0297753350668426,0.06813227039569422,1.3987654081101752,0.02499999999999991,True,False,1.058744037185933,0.08945345743673268,-0.013288069746127172,0.6679506251138109,-0.36608096212148666,-0.014225112370108917,False,0.029166666666666667,False,False,0.0012231773363234756,impact,True,success_unloaded
S,ppo,0,SS4,147,1697022180,success,dwell_complete,0.23308410483992037,1.5708333333333333,False,1.5708333333333333,True,49,0,0,0,0,14,0,0,0,0,0,-0.39018285647034645,0,40,127,-0.2836638703942299,-0.2765986953093631,-0.3156105396057059,-0.0491794051633009,False,0.26634543628135826,-0.14832119940224664,1.1245258279277806,False,0.0,1.1245258279277806,-0.13842358975365243,1.5890126380203826,0.04583333333333339,False,False,0.7655894006548956,-0.12765132534841117,0.05500238726194084,0.869702122200615,-0.3402199074625969,-0.04012500528640298,False,0.03333333333333333,False,False,0.0029691250653726222,other,True,success_unloaded
S,ppo,0,SS4,157,990009387,success,dwell_complete,0.23502035120446801,1.4833333333333334,False,1.4833333333333334,True,46,0,0,0,0,14,0,0,0,0,0,-0.15734463930130005,0,0,124,-0.28297184258699415,-0.25407672447429863,-0.30838378808900974,-0.057904408555707956,False,0.24815457653412293,-0.3901044377064926,0.9872949311755471,False,0.0,0.9843708264637453,-0.026953856221246082,1.6935846109044503,0.033333333333333215,False,False,0.9794973186107423,-0.01506043648636511,0.004772731800803586,0.8551351045086388,-0.29396887868642807,0.002494123604539886,True,0.0,False,False,0.0008776166801782065,other,False,
S,ppo,0,SS4,161,846331680,success,dwell_complete,0.24015998594177718,1.5375,False,1.5375,True,47,2,0,0,0,15,0,0,0,0,2,-0.0756053477525711,0,0,127,-0.20553455278277397,-0.25417099825191786,-0.18438732137232733,0.08406204072338905,False,0.2670940880200784,-0.12068255238368567,1.0051871953990033,False,0.0,1.0051871953990033,0.06779459983343948,1.9351898566494388,0.033333333333333215,False,False,0.4896844271808061,0.05707782338517724,0.13571216740219572,1.0584264340103713,-0.32944489270448685,-0.0005967522705202033,False,0.020833333333333332,False,False,-0.00040799649059747187,other,True,success_unloaded
S,ppo,0,SS4,162,1307500521,success,dwell_complete,0.261139765132154,1.5791666666666666,False,1.5791666666666666,True,48,1,0,0,0,15,0,0,0,0,1,-0.10881990194320679,0,0,125,-0.27557440996170046,-0.271912691669314,-0.284773358709395,-0.012904633642398414,False,0.2718216230811425,-0.7951831288433532,1.0400394752350535,False,0.0,0.9840381342992582,0.008808735610708966,1.200801625352868,0.012499999999999956,True,False,1.0400394752350535,0.008230205017071153,-0.01036286484092034,0.5743093939024513,-0.2689319774508476,-0.010433597352957121,False,0.025,False,False,0.00011553890106193438,impact,True,success_unloaded
S,ppo,0,SS4,176,927760525,success,dwell_complete,0.2735527218770826,1.6166666666666667,False,1.6166666666666667,True,49,3,0,0,2,15,0,0,0,0,3,-0.12217643111944199,0,0,124,-0.33620304614305496,-0.28171074581295036,-0.36526045313793054,-0.0849386317610651,False,0.28018942195397817,-0.987767946294599,1.043591624432708,False,0.0,0.9622453388295167,0.18659940489680887,1.7283412595652636,0.012499999999999956,True,False,1.043591624432708,0.18535367560274957,-0.006520842854776129,0.7920137970506883,-0.3517128601670265,-0.0067744521171647165,False,0.020833333333333332,False,False,0.0005469888803360088,impact,True,success_unloaded
S,ppo,0,SS4,188,638130436,success,dwell_complete,0.24142046293358713,1.6333333333333333,False,1.6333333333333333,True,49,2,0,0,0,15,0,0,0,0,1,-0.11661341786384583,0,0,120,-0.26245780736207963,-0.2667804958480455,-0.26205588823535014,0.010182679756932368,False,0.272095885287166,-0.031123649620778942,0.94804387519169,False,0.0,0.9421731592194672,-0.03931337996137092,2.0214989664274197,0.012499999999999956,True,False,0.9413344855091497,-0.03886555140443671,0.014473751540524327,0.9350430412035106,-0.26592812687158585,0.012790845537674444,True,0.0,False,False,5.6691267626039344e-06,impact,False,
S,ppo,0,SS4,189,479807060,success,dwell_complete,0.22397564845182596,1.6125,False,1.6125,True,49,2,0,0,0,15,0,0,0,0,2,-0.15135551244020462,0,0,125,-0.28198189586400985,-0.24272850279799335,-0.23861062415730303,0.011631300147445595,False,0.2470879738675475,-0.5118696179940702,1.075954234510687,False,0.0,0.9803386692627064,0.22056073368803392,3.85975263966926,0.08333333333333326,False,False,0.4893509290924974,0.210453107904983,0.13826143383994882,2.2711348935815896,-0.2817836254835129,-0.016050357966487773,False,0.025,False,False,0.030733162369310913,other,True,success_unloaded
S,ppo,0,SS4,194,2027452974,success,dwell_complete,0.24653952198626877,1.6375,False,1.6375,True,50,4,0,0,0,15,0,0,0,0,4,-0.12405708432197571,0,0,127,-0.2438300833106041,-0.26283643237257764,-0.2186077087579002,0.06106852260020701,False,0.28000628302898917,-0.06691024176101969,1.0392600341843459,False,0.0,1.0392600341843459,-0.02727660633648199,1.4819019529013526,0.012499999999999956,True,False,1.0392600341843459,-0.0228517952835929,-0.01098821793151262,0.7863655307175015,-0.20113668590784073,-0.011916620097650632,False,0.03333333333333333,False,False,-0.00030718295423097394,impact,True,success_unloaded
S,ppo,0,SS5,8,1065105648,success,dwell_complete,0.23426797238826785,1.4166666666666667,False,1.4166666666666667,True,43,0,0,0,0,15,0,0,0,0,0,-0.3239956498146057,0,0,124,-0.2164911523461342,-0.2869488485251564,-0.2926345734121714,-0.019356134133584748,False,0.27435569487117234,-0.046271169740321215,0.9302260834418724,False,0.0,0.7901303742689949,-0.5033179828103863,1.7916910185817472,0.016666666666666607,True,False,0.9302260834418724,-0.503986655517198,0.0039001520011493255,0.830736336207319,-0.3227938413619995,0.0039001520011493255,True,0.0,False,False,0.009135738133594746,impact,False,
S,ppo,0,SS5,17,419316027,success,dwell_complete,0.23236584249969058,1.475,False,1.475,True,45,0,0,0,0,15,0,0,0,0,0,-0.17300140857696533,0,0,126,-0.2156722791492939,-0.2593121746686069,-0.22558268430969658,0.024659412683695165,False,0.25055902924768525,-0.4948983527393885,1.0192001962025308,False,0.0,0.987290117337136,-0.39177422002837203,1.5928381430590564,0.016666666666666607,True,False,1.0192001962025308,-0.3944805809688476,-0.015713137289681437,0.7808198386211246,-0.219965860247612,-0.01594703574545429,False,0.029166666666666667,False,False,0.0005462480148746241,impact,True,success_unloaded
S,ppo,0,SS5,18,1615341671,success,dwell_complete,0.23023655167702461,1.5125,False,1.5125,True,46,1,0,0,0,15,0,0,0,0,1,-0.12233186513185501,0,0,125,-0.11204187199473381,-0.23981339569909513,-0.10087117540137454,0.14371938078036114,False,0.24529532504167004,-0.3864454818154172,0.9212783700328995,False,0.0,0.8728173364962378,-0.598779225725628,1.8829728820704155,0.016666666666666607,True,False,0.9212783700328995,-0.600989496273587,0.0046180609729778105,1.1504992282830047,-0.13940365612506866,0.004573492125977621,True,0.0,False,False,-0.0010593995390285067,impact,False,
S,ppo,0,SS5,20,702950301,success,dwell_complete,0.2178318922143498,1.325,False,1.325,True,40,0,0,0,0,15,0,0,0,0,0,0.020030736923217773,0,0,122,-0.2740801848471165,-0.23061007240910036,-0.1503669898477268,0.10320260387377599,False,0.24965633907027784,-0.02927863828851081,1.089357144244547,False,0.0,0.723794621119354,0.4592772757253955,1.8455499356303586,0.02083333333333326,True,False,0.5044571072442382,0.4508951999261472,0.14294963056258345,0.9426297086466139,-0.3608136847615242,-0.011337800948517066,False,0.0125,False,False,-0.0007334734031200027,impact,True,success_unloaded
S,ppo,0,SS5,30,1268272897,success,dwell_complete,0.25491374987796755,1.6166666666666667,False,1.6166666666666667,True,49,1,0,0,0,15,0,0,0,0,1,-0.019883371889591217,0,0,124,-0.3072638526558876,-0.2568802368854984,-0.2420705957240667,0.03888443490115695,False,0.2818091786917949,-0.22181311638710963,1.0397387149481254,False,0.0,0.9370611175989859,0.3778643673712334,1.8670283526465672,0.016666666666666607,True,False,1.0397387149481254,0.3772777602134852,-0.00039108021550235487,0.8959356407337365,-0.2270502895116806,-0.00039108021550235487,False,0.020833333333333332,False,False,-0.00021867574346056366,impact,True,success_unloaded
S,ppo,0,SS5,33,714116886,success,dwell_complete,0.24922723681706402,1.5541666666666667,False,1.5541666666666667,True,48,0,0,0,0,14,0,0,0,0,0,-0.07956562936306,0,0,123,-0.24133995398879052,-0.24996421710199088,-0.19326240470879566,0.06161401777620293,False,0.24980535889998995,-0.9327330736792155,1.01629577879003,False,0.0,0.9752130430035193,0.1644351415605862,2.0597483237337437,0.04166666666666652,False,False,0.9341303072170087,0.15259781907624068,0.0207605912729626,1.1694587445002498,-0.19865083694458008,9.825385169566377e-05,True,0.0,False,False,0.001673300688712134,other,False,
S,ppo,0,SS5,64,277549337,success,dwell_complete,0.2709109099448546,1.5375,False,1.5375,True,47,0,0,0,0,15,0,0,0,0,0,0.028718769550323486,0,0,127,-0.5451772332191467,-0.2733177893240264,-0.44735773170632814,-0.15719262789223332,False,0.2881752759076734,-1.0562308560318097,1.1306434550418705,False,0.0,1.1306434550418705,1.3218405541246137,2.1650906422456107,0.016666666666666607,True,False,1.1306434550418705,1.3260694251083474,0.0012611156861526967,1.1266561455394355,-0.37900346517562866,0.0006549272709534287,True,0.0,False,False,-0.0013384861990799446,impact,False,
S,ppo,0,SS5,73,66480997,success,dwell_complete,0.19875528669628714,1.5416666666666667,False,1.5416666666666667,True,47,0,0,0,0,15,0,0,0,0,0,-0.31121914833784103,0,0,126,-0.282387812435627,-0.24596865760989192,-0.3145371692024505,-0.10760364225240143,False,0.20435368038755372,-0.4469202419558897,0.9563285150608738,False,0.0,0.8921289973395818,-0.17159858108255222,1.8898784587288477,0.04999999999999982,False,False,0.442732373290538,-0.13638938162918382,0.14141035773781313,1.047050582733695,-0.6027491837739944,0.005095849023018563,True,0.0,False,False,0.0033379853271649092,other,False,
S,ppo,0,SS5,80,1856283101,success,dwell_complete,0.24642449655194565,1.5958333333333332,False,1.5958333333333332,True,48,6,0,0,3,15,0,0,0,0,6,-0.09650368988513947,0,0,121,-0.20115337669849395,-0.26119205513404486,-0.17457655524076843,0.0758073056727723,False,0.2507167184981009,-0.9515896606529741,1.0118378009997449,False,0.0,0.6070862697405796,-0.12359396723788671,1.6245219143842253,0.02083333333333348,True,False,0.47216909265419105,-0.12937649584128996,0.13602295963141,0.7450528654372486,-0.4455641806125641,-0.006157303971794215,False,0.008333333333333333,False,False,-0.0005518194327170784,impact,True,success_unloaded
S,ppo,0,SS5,82,1159581122,success,dwell_complete,0.22642426720158784,1.7583333333333333,False,1.7583333333333333,True,54,5,0,0,0,14,0,0,0,0,3,-0.48289065062999725,0,0,122,-0.20450107157230377,-0.3266718688789389,-0.5294330922566632,-0.2839578539264501,False,0.24522648030590385,-0.3169939997774112,0.879578158415627,False,0.0,0.8580100070670963,-1.0166613522465708,1.26151549711501,0.02083333333333326,True,False,0.8450691162579779,-0.9750139834169923,0.014362668990317112,0.6204430035700155,-0.5886247158050537,0.001765580958987957,True,0.0,False,False,0.002901091365227955,impact,False,
S,ppo,0,SS5,106,158713044,success,dwell_complete,0.24292227668735814,1.5708333333333333,False,1.5708333333333333,True,48,0,0,0,0,15,0,0,0,0,0,-0.38421960175037384,0,80,127,-0.42123441249132154,-0.2779012675856742,-0.39463290550626634,-0.10314073843001613,False,0.2757465792499549,-0.26967829180153585,1.0890910588114242,False,0.0,1.0890910588114242,0.43116537763475127,4.602267291396716,0.28333333333333344,False,True,0.42572467804142095,0.5375563515111654,0.1640651469381451,0.8336765188643583,-0.3629590719938278,-0.01526232547829649,False,0.03333333333333333,False,False,0.04746051939997811,post_contact_idle,True,success_unloaded
S,ppo,0,SS5,108,1149126053,success,dwell_complete,0.23867345490334535,1.5833333333333333,False,1.5833333333333333,True,48,2,0,0,0,15,0,0,0,0,2,-0.22623570263385773,0,0,124,-0.2072734408080578,-0.2782128349337865,-0.2643208638803282,-0.0009722196447405796,False,0.2655672178743724,-0.11020522437410987,1.0087157102003619,False,0.0,0.9136252740811187,-0.39355444176816606,2.0102260051181995,0.01666666666666683,True,False,1.0087157102003619,-0.39411376800230064,-0.012961706855064337,1.0054807799164147,-0.26108159869909286,-0.012961706855064337,False,0.020833333333333332,False,False,0.0002054752845067611,impact,True,success_unloaded
S,ppo,0,SS5,110,808532272,success,dwell_complete,0.2699909559963439,1.4375,False,1.4375,True,45,2,0,0,0,14,0,0,0,0,2,-0.3830399550497532,0,8,127,-0.23133811876177787,-0.2861100637424503,-0.2938607538512841,-0.015391058466570929,False,0.2741066900454083,-1.224343789037899,0.9337744744464803,False,0.0,0.9337744744464803,-0.4056516451881863,1.0197460895958865,0.03750000000000009,False,False,0.7403445044390079,-0.4016760890492202,0.05623554411036614,0.5554221278936036,-0.38293835520744324,0.005034090176235191,True,0.0,False,False,0.003771790963115018,other,False,
S,ppo,0,SS5,120,1581704015,success,dwell_complete,0.2349455174991751,1.6041666666666667,False,1.6041666666666667,True,49,8,0,0,5,15,0,0,0,0,7,-0.07491564005613327,0,0,127,-0.21024297475814818,-0.2653908124297434,-0.18655626544990242,0.0720182211931657,False,0.2580223480215911,-0.27162803399115926,0.9650103352547829,False,0.0,0.9650103352547829,0.0017425603666682454,1.6933715375819907,0.029166666666666563,True,False,0.9650103352547829,-0.0072652372879958675,0.009085107620520418,1.0170214824265262,-0.19928424060344696,0.009085107620520418,True,0.0,False,False,-0.0009571449199779718,impact,False,
S,ppo,0,SS5,122,1975348375,success,dwell_complete,0.23625130521520146,1.4708333333333332,False,1.4708333333333332,True,45,1,0,0,1,15,0,0,0,0,1,-0.24451350420713425,0,0,127,-0.34442839175462725,-0.27850038444896447,-0.3324773425075459,-0.0772364668646966,False,0.2554795628410947,-0.17035303709542637,0.9464058472658987,False,0.0,0.9464058472658987,-0.19048011206054305,1.8791370921607868,0.01666666666666683,True,False,0.9464058472658987,-0.19677881997866206,0.008789111586261479,0.9789879153648487,-0.36360975354909897,0.007798611009405364,True,0.0,False,False,0.0017434366478445863,impact,False,
S,ppo,0,SS5,127,1555871774,success,dwell_complete,0.23205858064131057,1.5625,False,1.5625,True,47,1,0,0,0,15,0,0,0,0,1,-0.34563231468200684,0,0,121,-0.24561506360769272,-0.2841810159237001,-0.3074512996622264,-0.045569687971505596,False,0.26269781884374416,-0.03864754089344018,0.9149804461252703,False,0.0,0.8147272519288159,-0.6315112696630651,1.8919858707913015,0.012499999999999956,True,False,0.7813095205299977,-0.629728336471321,0.040688797050368146,0.9864079186222416,-0.38842472434043884,0.005555626030704427,True,0.0,False,False,0.00030208939663678316,impact,False,
S,ppo,0,SS5,140,403445731,success,dwell_complete,0.2635908188169004,1.4041666666666666,False,1.4041666666666666,True,43,2,0,0,0,15,0,0,0,0,2,-0.1475900486111641,0,0,127,-0.21255456879734994,-0.26666235510006303,-0.21108839737789958,0.05209044286809087,False,0.2617420454808395,-1.124335747422576,0.9441732159566516,False,0.0,0.9441732159566516,-0.10647848765482279,1.877245678277734,0.04166666666666674,False,False,0.7208768373300787,-0.11603949864444434,0.0694149061174945,1.0973506989391666,-0.3117600828409195,0.010508617234485795,True,0.0,False,False,0.010994733973030964,other,False,
S,ppo,0,SS5,144,210388185,success,dwell_complete,0.25328425384725134,1.5041666666666667,False,1.5041666666666667,True,46,3,0,0,0,15,0,0,0,0,3,-0.19019684940576553,0,0,127,-0.20029640272259713,-0.2845118696493699,-0.3176048497099521,-0.05252243580749444,False,0.2666719005615324,-0.6150366950699468,1.0045777185181144,False,0.0,1.0045777185181144,-0.31676466030934924,1.7809453253227516,0.02083333333333326,True,False,1.0045777185181144,-0.30263164032377604,-0.009375426918364451,1.0703844164002057,-0.31433169543743134,-0.010499395481145559,False,0.03333333333333333,False,False,8.059554152456797e-05,impact,True,success_unloaded
S,ppo,0,SS5,150,408507921,success,dwell_complete,0.25341987230113966,1.4333333333333333,False,1.4333333333333333,True,43,2,0,0,0,15,0,0,0,0,2,-0.09872196614742279,0,0,120,-0.24650006294250487,-0.2640273150964967,-0.23903364889187353,0.017603656196834676,False,0.2596704112727636,-0.9652346468495469,1.0536326633322277,False,0.0,0.9675347191824325,0.007161487855400685,1.7744263473324013,0.029166666666666563,True,False,0.9552350128753189,0.006223806141900919,0.011672184504949343,0.8465396025661239,-0.2546440064907074,-0.013570882747271945,False,0.004166666666666667,False,False,-0.00018032914647937972,impact,True,success_unloaded
S,ppo,0,SS5,153,1116331160,success,dwell_complete,0.2612840215703084,1.5375,False,1.5375,True,47,0,0,0,0,15,0,0,0,0,0,-0.7169660925865173,0,120,127,-0.1474049523472786,-0.2957819067354602,-0.22350849930046332,0.059349619166202655,False,0.2851511492002182,-0.27104893902313565,0.9442789646359774,False,0.0,0.9442789646359774,-0.7161478118004625,2.877785181723841,0.5291666666666663,False,True,0.42572467804142095,-0.04168114053184109,0.1470418947176491,0.6433931037967082,-0.6654309779405594,-0.007192330691002094,False,0.03333333333333333,False,False,0.05575769185689433,post_contact_idle,True,success_unloaded
S,ppo,0,SS5,167,1682937791,success,dwell_complete,0.22390640941387843,1.4916666666666667,False,1.4916666666666667,True,45,0,0,0,0,15,0,0,0,0,0,-0.4349905550479889,0,0,122,-0.031866736710071564,-0.27243463035341714,-0.13339241664067591,0.11751759269444606,False,0.25221360674394117,-0.08320379203738533,0.881805920489719,False,0.0,0.7833058084220869,-1.3223665494777994,1.8849011726266758,0.029166666666666563,True,False,0.7242057411815075,-1.358419415349696,0.0354942675910079,1.0109504121049935,-0.255273699760437,-0.004579355473198547,False,0.0125,False,False,0.000515864306445373,impact,True,success_unloaded
S,ppo,0,SS5,174,1515200011,success,dwell_complete,0.24573953699182724,1.5,False,1.5,True,45,0,0,0,0,15,0,0,0,0,0,-0.08863111585378647,0,0,120,-0.29598309844732285,-0.2573683142510656,-0.2818836307440766,-0.030181001773505203,False,0.2505298519880858,-0.8183173254359326,1.060800964233151,False,0.0,0.8310442508269008,0.19419488032747487,2.056444399492462,0.02499999999999991,True,False,0.7982218631974365,0.20214219611616743,0.05873198085327095,1.0353813428908727,-0.3861641585826874,-0.010700991014453754,False,0.004166666666666667,False,False,0.0006824174005161846,impact,True,success_unloaded
S,ppo,0,SS5,177,2018449764,success,dwell_complete,0.21512445803146832,1.5833333333333333,False,1.5833333333333333,True,48,1,0,0,0,15,0,0,0,0,1,-0.21580537408590317,0,0,124,-0.18767015188932418,-0.27329539004208653,-0.28238128886645486,-0.03263381816532129,False,0.24985253638598046,-0.14859200611485707,0.9541211444647344,False,0.0,0.8884740794939547,-0.9862156748590245,1.3640293106490757,0.012499999999999956,True,False,0.9541211444647344,-0.9904178060626693,-0.014750658076469865,0.7411319527723599,-0.30400925874710083,-0.015071971969460144,False,0.020833333333333332,False,False,0.0019144109009773514,impact,True,success_unloaded
S,ppo,0,SS5,179,1906148524,success,dwell_complete,0.24933051553740102,1.4708333333333332,False,1.4708333333333332,True,45,1,0,0,0,15,0,0,0,0,1,-0.40414197742938995,0,0,127,-0.02263111174106598,-0.27649779088372356,-0.13859811267289426,0.11582641382187245,False,0.2537844183021395,-0.8245650460755236,0.9336709556006397,False,0.0,0.9336709556006397,-1.2653921936206944,1.5509025225021165,0.02083333333333348,True,False,0.9336709556006397,-1.2781051556338485,-0.01732039381708066,0.7666724589174451,-0.1670808121562004,-0.01772025288639994,False,0.03333333333333333,False,False,-8.902252438738774e-05,impact,True,success_unloaded
S,ppo,0,SS5,193,2065900127,success,dwell_complete,0.22909596959466388,1.55,False,1.55,True,48,0,0,0,0,14,0,0,0,0,0,0.08373983949422836,0,0,124,-0.37867978066205976,-0.23316845445557835,-0.23525069099929313,0.04318957635431836,False,0.2729138927694851,-0.06511245314699127,1.1796830879608249,False,0.0,1.1269553496971385,1.0726545211603968,1.7601540146796564,0.03749999999999987,False,False,1.0390757859243276,1.0791094836782862,0.01828780560365663,0.9804812010457096,-0.13312648236751556,-0.018891144800752737,False,0.020833333333333332,False,False,0.001001363920951537,other,True,success_unloaded
S,ppo,0,SS6,35,55155601,success,dwell_complete,0.25859432370571295,1.5583333333333333,False,1.5583333333333333,True,47,0,0,0,0,15,0,0,0,0,0,-0.1329794079065323,0,40,122,-0.330079248547554,-0.24015475365039152,-0.20335868426576692,0.0847523716578091,False,0.28791368863484934,-0.35584387749077945,1.1023509312655964,False,0.0,0.7322784509780904,0.7193020637793921,1.6502412992893354,0.012499999999999956,True,False,0.510234962805587,0.724644220076874,0.14910861033354333,0.9448471805090519,-0.23851179331541061,-0.007286314170371877,False,0.0125,False,False,-0.0014596954368089813,impact,True,success_unloaded
S,ppo,0,SS6,37,1167900726,success,dwell_complete,0.2817786815883985,1.6458333333333333,False,1.6458333333333333,True,50,0,0,0,0,15,0,0,0,0,0,-0.29984432458877563,0,40,125,-0.10310932993888855,-0.23511811630540297,-0.023959185390630182,0.2836720145936506,True,0.3094268415256612,-0.4183675553710406,0.9852832445030929,False,0.0,0.8718971008234166,-0.7501135496948856,2.28210770091424,0.016666666666666607,True,False,0.9852832445030929,-0.7671932910938238,-0.017678400755605127,1.1580440078712275,-0.024079062044620514,-0.018520327948746532,False,0.025,False,False,0.005781892859967412,impact,True,success_unloaded
S,ppo,0,SS6,39,305654731,success,dwell_complete,0.2530000500886384,1.4583333333333333,False,1.4583333333333333,True,44,0,0,0,0,15,0,0,0,0,0,0.04931804537773132,0,0,122,-0.24385377168655395,-0.2257647240771692,-0.06117318111910675,0.20804638315842627,False,0.2687770874654976,-0.5448154539256035,1.07086608307064,False,0.0,0.6680194270349513,0.6708902552572332,2.393135203653101,0.025000000000000133,True,False,0.42631143341353805,0.6363046980608036,0.16882810396788778,1.1781278652656793,-0.35875940322875977,-5.049495400322037e-05,False,0.004166666666666667,False,False,-0.0022506098828344173,impact,True,success_unloaded
S,ppo,0,SS6,47,1541273511,success,dwell_complete,0.25166354877518926,1.5083333333333333,False,1.5083333333333333,True,46,0,0,0,0,15,0,0,0,0,0,-0.060845933854579926,0,16,126,-0.40816187411546706,-0.26821601815000096,-0.3297524339727034,-0.050267077142898714,False,0.2764660390200062,-0.8371904527691403,1.0949412327422334,False,0.0,1.0681045293959233,0.6823673742758307,3.2214993730280854,0.19999999999999996,False,True,0.42572467804142095,0.3452642322130008,0.16116886020041976,1.3592708563629212,-0.4925028383731842,-0.006742811855219587,False,0.029166666666666667,False,False,-0.0015690331077287223,post_contact_idle,True,success_unloaded
S,ppo,0,SS6,59,160775593,success,dwell_complete,0.23686001048959635,1.6291666666666667,False,1.6291666666666667,True,49,0,0,0,0,15,0,0,0,0,0,-0.1410275101661682,0,0,121,-0.3197001710534096,-0.2610119018830504,-0.284278828176526,-0.017926938747309107,False,0.2674189510532883,-0.2733716352827197,1.0329243950124052,False,0.0,0.6565455172485928,-0.04141209013925834,1.9992633724755993,0.016666666666666607,True,False,0.5310858913273221,-0.042459268341850695,0.12273866228301998,0.9275919743694474,-0.5088870674371719,-0.00988039434552627,False,0.008333333333333333,False,False,0.015119399741506482,impact,True,success_unloaded
S,ppo,0,SS6,63,190453351,success,dwell_complete,0.22305187068209426,1.5583333333333333,False,1.5583333333333333,True,47,0,0,0,0,15,0,0,0,0,0,-0.21641595661640167,0,0,122,-0.2864050418138504,-0.2578292303724003,-0.2951480437383161,-0.04563918272850742,False,0.24491973036175757,-0.291828721751991,0.9686283664079914,False,0.0,0.7099352682810818,-0.0423633814805298,2.6173317545872092,0.03749999999999987,False,False,0.5547194094049359,-0.03772735079570938,0.11586172481699299,1.4638629645795986,-0.507205992937088,0.007015770215595601,True,0.0,False,False,0.0022522699084207946,other,False,
S,ppo,0,SS6,73,722815722,success,dwell_complete,0.24907374097025858,1.4625,False,1.4625,True,44,0,0,0,0,15,0,0,0,0,0,-0.19688093662261963,0,16,121,-0.4765650138258934,-0.2760426972677768,-0.4687054778400962,-0.1798319372553004,False,0.2922065754706201,-0.1348149027763936,1.0814008241101158,False,0.0,0.8408931398605574,0.6823686329125245,1.532779751032618,0.025000000000000133,True,False,0.7607239117773711,0.7033940776747137,0.08126750025593255,0.6753939722445446,-0.5402215719223022,-0.004060422719243596,False,0.008333333333333333,False,False,0.025304648805583165,impact,True,success_unloaded
S,ppo,0,SS6,78,1532668767,success,dwell_complete,0.2509895005016372,1.6375,False,1.6375,True,50,5,0,0,5,15,0,0,0,0,5,-0.37216363102197647,0,0,127,-0.042573586106300354,-0.2770959964162859,-0.1638111062830738,0.08894933927827536,False,0.2540280989246539,-0.7460243729266296,0.9141981541105528,False,0.0,0.9141981541105528,-1.3235520905020237,1.7188302553104318,0.012499999999999956,True,False,0.9141981541105528,-1.3240654533808616,-0.013367021932929676,0.8127480169326863,-0.20504113286733627,-0.01350154808739626,False,0.03333333333333333,False,False,0.00012567103262616715,impact,True,success_unloaded
S,ppo,0,SS6,83,160799111,success,dwell_complete,0.31572718285456497,1.4333333333333333,False,1.4333333333333333,True,43,0,0,0,0,15,0,0,0,0,0,-0.4492693394422531,0,104,120,-0.28547580912709236,-0.2725446238820807,-0.1872217923864611,0.12996411781130762,False,0.3261148117198985,-0.9905943995851272,1.0183448725049051,False,0.0,0.9348815353719331,0.20013710259895062,4.158010163841896,0.4916666666666667,False,True,0.42572467804142095,-0.4099502940260063,0.13894226838255927,0.5554973400186716,-0.4846542924642563,0.0019725705946074482,True,0.0,False,False,0.07774483274471704,post_contact_idle,False,
S,ppo,0,SS6,94,537732710,success,dwell_complete,0.2357310433971767,1.6083333333333334,False,1.6041666666666667,True,49,3,0,0,2,15,0,0,0,0,3,-0.061873309314250946,0,0,126,-0.41966579109430313,-0.28510531668214056,-0.36599964805854757,-0.0763640201170849,False,0.2889270729356822,0.06957952036039299,1.0956211315347637,False,0.0,1.0583209506735467,0.439286095992245,1.6085949600863796,0.02083333333333326,True,False,1.0956211315347637,0.43697316158143595,-0.013608244558397714,0.794276831432738,-0.3187607601284981,-0.013657961875594352,False,0.029166666666666667,False,False,0.0006837380998162164,impact,True,success_unloaded
S,ppo,0,SS6,98,228857887,success,dwell_complete,0.22258016143395362,1.5666666666666667,False,1.5666666666666667,True,47,0,0,0,0,16,0,0,0,0,0,-0.3567436672747135,0,16,128,-0.07562653720378876,-0.23914095448162292,0.01567049539179223,0.2738534506536076,True,0.25335377402723847,-0.08064105900696275,1.041199957577584,False,0.0,0.5443297473917229,-0.8583134246777169,2.579633092020665,0.03750000000000009,False,True,0.42572467804142095,-1.003692720960854,0.12216354659825686,1.3351515420073263,-0.37414607405662537,-0.03189329691340853,False,0.004166666666666667,False,False,0.014541953221402617,post_contact_idle,True,success_unloaded
S,ppo,0,SS6,104,1013111488,success,dwell_complete,0.24893934326458375,1.5875,False,1.5875,True,49,6,0,0,4,14,0,0,0,0,6,-0.5061006993055344,0,88,123,-0.3544945389032364,-0.31715239463634004,-0.5608455721485961,-0.29054541619130114,False,0.27068045375171534,-0.49378165784190364,0.9760975029108983,False,0.0,0.9642679514482374,-0.1359788078574048,2.067305338321011,0.03750000000000009,False,False,0.9524383999855766,0.025532720177831366,0.011431889654300692,1.060064485831057,-0.5415789484977722,-0.00020048104778155673,False,0.004166666666666667,False,False,0.002337027786103792,other,True,success_unloaded
S,ppo,0,SS6,115,2081510509,success,dwell_complete,0.260720823459062,1.5416666666666667,False,1.5416666666666667,True,47,0,0,0,0,15,0,0,0,0,0,-0.10869055241346359,0,0,126,-0.42462230026721953,-0.2478761032266477,-0.35780630020077825,-0.0721011169870928,False,0.28625809948596787,-0.4730081482341513,1.094834183207369,False,0.0,1.0530452455626622,0.579868969577237,1.7412058176562362,0.016666666666666607,True,False,1.094834183207369,0.580510488873381,-0.009527469430210425,0.9280208823699356,-0.31019192934036255,-0.009605797309092782,False,0.029166666666666667,False,False,0.006484590067104015,impact,True,success_unloaded
S,ppo,0,SS6,132,1308035592,success,dwell_complete,0.2608812546213449,1.5875,False,1.5875,True,49,5,0,0,4,14,0,0,0,0,5,-0.2448120340704918,0,0,123,-0.21667196974158287,-0.30218214872200655,-0.3925265126850922,-0.12985715289314856,False,0.26376451815397023,-0.8951685501108171,0.9202464329378086,False,0.0,0.9300383892625751,-0.5949381511227734,1.7865732099346576,0.029166666666666785,True,False,0.9398303455873418,-0.541560772877414,0.0011247845063735986,1.0023306334654507,-0.4003947973251343,-0.00015636871127051494,False,0.004166666666666667,False,False,0.0016862316497816365,impact,True,success_unloaded
S,ppo,0,SS6,136,813667634,success,dwell_complete,0.21362931719371225,1.55,False,1.55,True,47,5,0,0,0,15,0,0,0,0,5,-0.6642297506332397,0,0,124,0.03554092794656753,-0.30245391292374885,-0.22441532391787647,0.005143839828666019,False,0.2338264781501964,-0.23789812543689343,0.7794881393965527,False,0.0,0.7010513065116439,-1.8644441300332124,1.3588813376616378,0.02499999999999991,True,False,0.5703232517034627,-1.862799826713962,0.06263779181974206,0.6930905767699024,-0.4482311010360718,0.007237536498355031,True,0.0,False,False,0.0009928064018316293,impact,False,
S,ppo,0,SS6,155,842395533,success,dwell_complete,0.2223628619093269,1.6416666666666666,False,1.6416666666666666,True,50,1,0,0,0,15,0,0,0,0,1,-0.35176871716976166,0,16,126,-0.1580163985490799,-0.26000362732882387,-0.28086098574733764,-0.037271717996894986,False,0.24218707880827625,-0.3971754080217875,0.9472053480648199,False,0.0,0.8889752038217918,-1.0038133012016779,1.3890211097719114,0.016666666666666607,True,False,0.9472053480648199,-1.003285444728521,-0.013511938879998289,0.6424999936717546,-0.3118773177266121,-0.0138132179361789,False,0.029166666666666667,False,False,0.006829668599972369,impact,True,success_unloaded
S,ppo,0,SS6,159,1370568126,success,dwell_complete,0.29599729186141516,1.5,False,1.5,True,45,4,0,0,4,15,0,0,0,0,4,-0.47098472714424133,0,88,120,-0.2535533905029297,-0.29761119404859004,-0.2947051842507245,0.013676703105882138,False,0.31573046682304384,-0.4263901955029523,0.9606859624942599,False,0.0,0.8588687935884971,-0.13832842913390803,2.505580340405571,0.033333333333333215,False,False,0.8443234837448167,-0.13887129411944163,0.03472100167225359,1.195424842033856,-0.3587893098592758,0.00593070712401746,True,0.0,False,False,-0.00026285208700097055,other,False,
S,ppo,0,SS6,165,1742164241,success,dwell_complete,0.2596008128396166,1.5166666666666666,False,1.5166666666666666,True,46,0,0,0,0,15,0,0,0,0,0,-0.1242128536105156,0,0,124,-0.28276471942663195,-0.2432565437251502,-0.17342211469250138,0.09276219319394538,False,0.2653591539576464,-1.1531943616963585,1.0346393899083948,False,0.0,0.9660536043364428,0.05756459412778989,1.8043188094021374,0.016666666666666607,True,False,1.0346393899083948,0.04691353471694063,-0.007891485302579066,0.8580531822939849,-0.16190296411514282,-0.007891485302579066,False,0.020833333333333332,False,False,0.0005010798838455186,impact,True,success_unloaded
S,ppo,0,SS6,166,778428015,success,dwell_complete,0.26557623770747263,1.4333333333333333,False,1.4333333333333333,True,43,0,0,0,0,15,0,0,0,0,0,-0.25080446898937225,0,40,120,-0.07343311905860901,-0.24221592214906307,-0.011846061532948442,0.2729600253879614,True,0.26994705776888855,-1.217531735506251,1.0150402526843134,False,0.0,0.6196187368974096,-0.4813664320102018,4.6467342070795805,0.0708333333333333,False,True,0.42572467804142095,-0.7348521193129243,0.12873830191376137,2.5447869538324315,-0.5907164365053177,-0.014849159350795475,False,0.004166666666666667,False,False,0.03985574818151406,post_contact_idle,True,success_unloaded
S,ppo,0,SS6,170,1893555025,success,dwell_complete,0.22745929616306612,1.5416666666666667,False,1.5416666666666667,True,47,2,0,0,0,15,0,0,0,0,2,-0.2936217337846756,0,0,126,-0.23365991711616516,-0.24753758235431458,-0.1824155489586085,0.07239287586337495,False,0.25482732837531225,-0.02844786742421226,0.9519022688896354,False,0.0,0.9023325838208028,-0.42389214073027803,1.0032811768472067,0.02083333333333326,True,False,0.9519022688896354,-0.44873240113156854,-3.613436143539999e-05,0.5799595820790369,-0.20614716410636902,-0.0004501843089956565,False,0.008333333333333333,False,False,0.00034559125519784546,impact,True,success_unloaded
S,ppo,0,SS6,176,200621214,success,dwell_complete,0.2035509553704281,1.6708333333333334,False,1.6666666666666667,True,52,0,0,0,0,14,0,0,0,0,0,-0.1551135666668415,0,0,127,-0.2666143670678139,-0.22824030733733106,-0.2263843630772271,0.012114277999372536,False,0.23735285893558195,-0.0034389260210482475,1.041763510942942,False,0.0,1.041763510942942,0.1254023430201634,1.3314797345704583,0.054166666666666474,False,False,0.8551408454577245,0.09192824141541041,0.03807822029539868,0.862097965712694,-0.23694853484630585,-0.010606336764692446,False,0.03333333333333333,False,False,0.007829992601491548,other,True,success_unloaded
S,ppo,0,SS6,184,1680960645,success,dwell_complete,0.2337211442269321,1.375,False,1.375,True,42,0,0,0,0,15,0,0,0,0,0,-0.03521613031625748,0,0,126,-0.21847473531961442,-0.22471783627436132,-0.0565988636867255,0.20624567922417075,False,0.26143191788035497,-0.3661059656320456,1.0456782906714817,False,0.0,1.030023508666441,0.39655937067389824,1.622894254806579,0.029166666666666563,True,False,0.9204400346311561,0.3162221384706051,0.029141345932453596,1.0010992713847409,0.03142252564430237,-0.003329424790981934,False,0.020833333333333332,False,False,0.009201815603201937,impact,True,success_unloaded
S,ppo,0,SS6,188,505357842,success,dwell_complete,0.24819907253283355,1.475,False,1.475,True,45,0,0,0,0,15,0,0,0,0,0,0.037280961871147156,0,0,126,-0.1834486484527588,-0.24714566706650778,-0.11399787529878555,0.1704805378074809,False,0.2846586230838537,-0.23566441184203152,1.0608196643015715,False,0.0,1.0073375920981782,0.6644585085309133,2.0488175180748684,0.02083333333333326,True,False,1.0608196643015715,0.6691651033725396,0.00200584281285084,1.0238104508228676,-0.0775209367275238,0.0017304141604208064,True,0.0,False,False,-0.0038170557347579595,impact,False,
S,ppo,0,SS6,191,1002338391,success,dwell_complete,0.24190923801372768,1.5166666666666666,False,1.5166666666666666,True,47,0,0,0,0,14,0,0,0,0,0,-0.0741155818104744,0,0,124,-0.48238574862480166,-0.2758288435954304,-0.45223898280422364,-0.17398582404671342,False,0.2685006765855267,-0.4696944366094459,1.0474942417704334,False,0.0,1.0421128356081621,0.7641854658490499,1.7745978843581243,0.025000000000000133,True,False,1.0331438253377097,0.7902035518374331,0.011646166907092505,0.8802958019441611,-0.3650186061859131,0.006695399954034594,True,0.0,False,False,0.015778884386829943,impact,False,
S,ppo,0,SS6,199,2042228284,success,dwell_complete,0.2535785720858324,1.4333333333333333,False,1.4333333333333333,True,43,0,0,0,0,15,0,0,0,0,0,-0.05514568090438843,0,0,120,-0.30039281845092775,-0.30061419215128,-0.39829229280544126,-0.11992387615699794,False,0.27908075224506207,-0.08199423522216552,0.9741436753815907,False,0.0,0.8925884593519319,0.3580090444674943,2.240854320309901,0.02083333333333326,True,False,0.8809377142048378,0.3880007033871626,0.04165075523954382,1.1672000969305565,-0.4400676190853119,0.01437773506520614,True,0.0,False,False,0.0011830581789170494,impact,False,
S,ppo,1,SS3,5,558736479,success,dwell_complete,0.2395599346934418,1.5208333333333333,False,1.5208333333333333,True,46,0,0,0,0,15,0,0,0,0,0,-0.45521651208400726,0,120,123,-0.3186550632119179,-0.27686176766642084,-0.3879912603767353,-0.12392364522844197,False,0.2639300870686274,-0.22906828812619168,0.9554531556000075,False,0.5,0.6905889168207142,0.005766615485325836,2.0574342471538913,0.008333333333333304,True,False,0.9554531556000075,-0.012097291971376146,0.011505450617740613,1.1265983737081486,-0.40630169212818146,0.010824800473937381,True,0.0,False,False,0.0011442922533414716,impact,False,
S,ppo,1,SS3,29,1921923984,success,dwell_complete,0.23428535649660695,1.5166666666666666,False,1.5166666666666666,True,46,0,0,0,0,15,0,0,0,0,0,-0.4222586005926132,0,120,124,-0.2691711694002151,-0.2693022934337447,-0.2940867540049425,-0.031069614171195255,False,0.26301852076107085,-0.10015373444066704,1.0160809173908039,False,0.375,0.7946973276347854,0.12172662520891549,1.6738595228821922,0.016666666666666607,True,False,1.0160809173908039,0.12567099352856992,-0.0008364064609799224,0.7891575925455456,-0.2875710055232048,-0.0016263037233182384,False,0.020833333333333332,False,False,-0.0006593038528193314,impact,True,success_unloaded
S,ppo,1,SS3,49,346551576,success,dwell_complete,0.24300178445648637,1.5916666666666666,False,1.5916666666666666,True,48,0,0,0,0,15,0,0,0,0,0,-0.4865909367799759,0,120,122,-0.22749415636062623,-0.2679909013726506,-0.24411094456628443,0.013373865761976304,False,0.2573284499652152,-0.5257853653785002,0.9749676855625693,False,0.625,0.6316908058618516,-0.16713030338475948,1.6190351363168392,0.01666666666666683,True,True,0.42572467804142095,-0.1674191500899204,0.147433675738078,0.856962948113023,-0.5897630453109741,0.00213098034787133,True,0.0,False,False,-1.4891924270491918e-05,impact,False,
S,ppo,1,SS3,54,924557908,success,dwell_complete,0.25077612763413293,1.6125,False,1.6125,True,49,0,0,0,0,15,0,0,0,0,0,-0.5094304829835892,0,120,125,-0.22370341718196868,-0.25609752302147565,-0.17060044539796562,0.09483530279144209,False,0.2652898639929832,-0.7603776099212557,0.976827397012344,False,0.25,0.8390517172696131,-0.2609628570154672,2.0104134416192903,0.012499999999999956,True,False,0.976827397012344,-0.25443938122813775,-0.0007064221417014967,0.9484476796763315,-0.18216582387685776,-0.0014593624790433842,False,0.016666666666666666,False,False,8.781683934348607e-05,impact,True,success_unloaded
S,ppo,1,SS3,60,258404339,success,dwell_complete,0.23925901474072675,1.5166666666666666,False,1.5166666666666666,True,47,0,0,0,0,14,0,0,0,0,0,-0.5067309960722923,0,112,124,-0.24579570889472963,-0.2629520100875323,-0.2463791063525965,0.024356757807518305,False,0.26783286631675257,-0.17394438481786753,1.0364571259874247,False,0.0,0.9984411791823407,-0.0015159651860313422,1.3341643648550638,0.029166666666666785,True,False,0.9350812678405339,-0.004049680160578707,0.016608715777562268,0.6454552159402336,-0.22918834537267685,-0.010182828013555488,False,0.020833333333333332,False,False,-0.00012069588640875995,impact,True,success_unloaded
S,ppo,1,SS3,65,323032325,success,dwell_complete,0.2628088909247789,1.3875,False,1.3875,True,43,0,0,0,0,14,0,0,0,0,0,-0.4312581941485405,0,112,123,-0.27851147055625913,-0.2640431041493105,-0.24121495609682778,0.024855808818756105,False,0.26604814820547157,-1.2671678393567327,1.0176231897590815,False,0.0,0.970618848558256,0.14528291005846727,1.7939682299652586,0.02083333333333326,True,False,0.9236145073574304,0.13228130414422226,0.02382348934634519,1.0451312628390472,-0.23665156960487366,-0.0006084420564305548,False,0.0125,False,False,4.773289617626932e-05,impact,True,success_unloaded
S,ppo,1,SS3,68,960847886,success,dwell_complete,0.23378077399345407,1.6,False,1.5958333333333332,True,48,1,0,0,0,15,0,0,0,0,1,-0.4054764658212662,0,112,120,-0.3234915390610695,-0.26972536145560505,-0.2659748563591272,0.004623842301557379,False,0.2710574358760512,-0.0026045022330342103,1.078639043954267,False,0.0,0.6885408747925785,0.4751922962812437,2.247287348764571,0.012499999999999956,True,False,0.6328125649123373,0.4771829697832909,0.11006795421652597,1.1168222205598695,-0.4306943267583847,-0.007744362406743931,False,0.004166666666666667,False,False,-0.0010075012663550344,impact,True,success_unloaded
S,ppo,1,SS3,72,1881702858,success,dwell_complete,0.22996213629212345,1.5666666666666667,False,1.5666666666666667,True,47,0,0,0,0,16,0,0,0,0,0,-0.46219879388809204,0,120,128,-0.269167061150074,-0.2638275922992236,-0.2400821814994249,0.016739876603257164,False,0.25681843576815905,-0.40153688683603994,1.0544586943744108,False,0.0,0.6419029148679077,0.09654039208397715,1.9825622360731912,0.008333333333333304,True,False,0.5829663749384073,0.099437514285278,0.11305578607832519,1.023006972334826,-0.4373782128095627,-0.011624220972412157,False,0.004166666666666667,False,False,-0.00037502956500058145,impact,True,success_unloaded
S,ppo,1,SS3,73,289920193,success,dwell_complete,0.2447244778542869,1.425,False,1.425,True,43,0,0,0,0,15,0,0,0,0,0,-0.4534918963909149,0,120,122,-0.3309025168418884,-0.2636613329481151,-0.33108355704639725,-0.0696446883616872,False,0.2615993459576038,-0.43855409649742144,0.9901701023387554,False,0.625,0.6373917121529213,0.17608269454223766,1.4928144752661676,0.008333333333333304,True,False,0.9901701023387554,0.17039179437630878,0.00719851474405506,0.6677658291289614,-0.3331911563873291,0.0069777034797981466,True,0.0,False,False,0.0005595176036922901,impact,False,
S,ppo,1,SS3,82,1242778508,success,dwell_complete,0.2265699979534712,1.4541666666666666,False,1.4541666666666666,True,44,0,0,0,0,15,0,0,0,0,0,-0.4656327813863754,0,120,123,-0.22787275314331054,-0.2586506602698126,-0.2323242250628484,0.025260927487304664,False,0.2571425826597134,-0.04738355176670919,0.9680090691850894,False,0.5,0.6968668736132552,-0.10268259716718266,1.9198057866135925,0.012499999999999956,True,False,0.9680090691850894,-0.10214271290892188,0.005721693342504224,0.8952357524993705,-0.2458701878786087,0.005721693342504224,True,0.0,False,False,0.00011281550280207826,impact,False,
S,ppo,1,SS3,88,1372208371,success,dwell_complete,0.2729822231400125,1.5625,False,1.5625,True,47,0,0,0,0,15,0,0,0,0,0,-0.41331714391708374,0,112,121,-0.31642021536827086,-0.27579415257515044,-0.32664417805604395,-0.05383938542231699,False,0.2733013942211151,-1.0896675025056715,0.994613194685691,False,0.0,0.7414048105661852,0.24876316735698029,2.1281608297534915,0.016666666666666607,True,False,0.6570020158596833,0.25211778409238134,0.09759605425531939,1.1793438102584257,-0.48130130767822266,0.007664170412611832,True,0.0,False,False,8.51999742056177e-05,impact,False,
S,ppo,1,SS3,102,2010693803,success,dwell_complete,0.247671808790157,1.4666666666666666,False,1.4666666666666666,True,44,0,0,0,0,15,0,0,0,0,0,-0.49438440799713135,0,112,120,-0.23501952439546586,-0.27501578985937364,-0.3355084163393714,-0.07279863495271503,False,0.262767651726482,-0.5464196269639819,0.9298840706577546,False,0.0,0.6908681267603032,-0.2688586177069069,2.0046155929448006,0.01666666666666683,True,False,0.6567229919178101,-0.2630029975716344,0.0837557075167605,1.089796711167274,-0.508174940943718,0.010269882472193567,True,0.0,False,False,0.0008962978548105195,impact,False,
S,ppo,1,SS3,115,268198437,success,dwell_complete,0.24307783906141103,1.425,False,1.425,True,43,0,0,0,0,15,0,0,0,0,0,-0.3689294457435608,0,120,122,-0.3814486086368561,-0.2645679501714602,-0.29381537086725334,-0.015573794469761752,False,0.27860537253176315,-0.057298980515304215,1.1281619944684365,False,0.625,0.6891386717015519,0.9110164371624416,1.6532834535550085,0.008333333333333304,True,False,1.1281619944684365,0.9141805128454367,-0.009240483908072004,0.7262002849905104,-0.2566148713231087,-0.009240483908072004,False,0.0125,False,False,-0.001669923913194795,impact,True,success_unloaded
S,ppo,1,SS3,129,107904836,success,dwell_complete,0.2331496254440104,1.5625,False,1.5625,True,47,1,0,0,1,15,0,0,0,0,1,-0.4853754937648773,0,112,121,-0.2796233996748924,-0.2690497331382516,-0.2753420009936736,-0.011531137081266069,False,0.26375818701395454,-0.21400147633797414,1.03404990984774,False,0.0,0.6911865311537523,0.036599947485444456,2.1384885753692178,0.012499999999999956,True,False,0.5768987382557564,0.03634988236647692,0.11295840400090212,1.0270382564304255,-0.46512646973133087,-0.008061072581333198,False,0.008333333333333333,False,False,0.00014367025676872855,impact,True,success_unloaded
S,ppo,1,SS3,130,1674865942,success,dwell_complete,0.2342560031252455,1.6541666666666666,False,1.6541666666666666,True,50,0,0,0,0,15,0,0,0,0,0,-0.5162429362535477,0,120,123,-0.24672421514987947,-0.2600869949570625,-0.204834765688709,0.06157193031294263,False,0.2664047524549702,-0.20487741937480825,1.038412744999198,False,0.5,0.7320687115203095,-0.05076504314220021,1.379722531097124,0.008333333333333304,True,False,1.038412744999198,-0.03120693183656447,-0.010975925402534378,0.8562344724233147,-0.1955322101712227,-0.011329566864698621,False,0.016666666666666666,False,False,0.0001089359749078348,impact,True,success_unloaded
S,ppo,1,SS3,132,1332772073,success,dwell_complete,0.24649155621524357,1.5041666666666667,False,1.5041666666666667,True,46,0,0,0,0,15,0,0,0,0,0,-0.47286562621593475,0,120,127,-0.2542813941836357,-0.2615850749676039,-0.24950461609407978,-0.0002583295766228899,False,0.2493072749546919,-1.0418595417228103,0.9339589870788332,False,0.0,0.9339589870788332,-0.033309123712962185,1.9855919394274413,0.02083333333333326,True,False,0.9339589870788332,-0.032979469462566226,0.016622291091283114,1.019618870808515,-0.28199435770511627,0.01657713540474922,True,0.0,False,False,3.865554919629263e-05,impact,False,
S,ppo,1,SS3,134,770293282,success,dwell_complete,0.24025991476242192,1.4,False,1.4,True,42,0,0,0,0,15,0,0,0,0,0,-0.43851806223392487,0,112,120,-0.2677673414349556,-0.2614269483465933,-0.27792663374431115,-0.01585399848495177,False,0.26202876609175524,-0.6132312863501584,0.9626993802496437,False,0.0,0.6567243326304558,0.012229452945301708,2.067700816013098,0.012500000000000178,True,False,0.6130136115420004,0.011635610032566659,0.10274343513425502,1.1512329409523627,-0.4634855389595032,0.010106552086787029,True,0.0,False,False,0.00012684169657623635,impact,False,
S,ppo,1,SS3,136,52561716,success,dwell_complete,0.24681877491538926,1.4625,False,1.4625,True,44,0,0,0,0,15,0,0,0,0,0,-0.35512420535087585,0,96,121,-0.31182179898023604,-0.26944124120344765,-0.3397476453972464,-0.06752453678836656,False,0.27211449523080267,-0.23210468421706987,0.9809567864388273,False,0.0,0.5970812476282495,0.347977688686292,2.251215883962917,0.02083333333333348,True,False,0.4691227346913902,0.36406185170137323,0.15031999012779323,1.2108089933321284,-0.611578032374382,0.01367125015851362,True,0.0,False,False,-0.0004888802386275306,impact,False,
S,ppo,1,SS3,142,538582925,success,dwell_complete,0.24281400597849176,1.4458333333333333,False,1.4458333333333333,True,44,1,0,0,0,15,0,0,0,0,1,-0.49599091708660126,0,120,125,-0.2663180574774742,-0.2629236145034707,-0.2646664606351869,0.00040190890285276664,False,0.2650599665211023,-0.4034125532185114,1.016106586637877,False,0.25,0.8685111094887629,0.011538565303270751,1.7272258811709884,0.02499999999999991,True,True,0.42572467804142095,0.011294647609049486,0.15227533980590652,0.9993934301499944,-0.665150597691536,-0.0039002040216599633,False,0.025,False,False,1.1964612039803473e-05,impact,True,success_unloaded
S,ppo,1,SS3,144,1170825572,success,dwell_complete,0.2566241216597266,1.5333333333333332,False,1.5333333333333332,True,46,0,0,0,0,15,0,0,0,0,0,-0.4756374657154083,0,112,120,-0.2536742389202118,-0.26857566392626697,-0.3214247760804761,-0.06401193204803093,False,0.257550042508665,-0.7715299341273335,0.9557124188747015,False,0.0,0.571168040947854,-0.002940193335082608,0.7046336834859246,0.012500000000000178,True,False,0.5162331298154472,-0.008183546466256148,0.12778639898263972,0.42219819314623575,-0.590108647942543,0.010647540377662629,True,0.0,False,False,0.00033871404720538104,impact,False,
S,ppo,1,SS3,156,1593741725,success,dwell_complete,0.24186743296137223,1.55,False,1.55,True,47,0,0,0,0,15,0,0,0,0,0,-0.4085475951433182,0,120,124,-0.23312957137823104,-0.2614497585411176,-0.2213752662191203,0.040445809794462974,False,0.2607631934802835,-0.4806105107066118,1.0026091423076084,False,0.375,0.7862774682077881,0.004799656929887188,1.5167868133552251,0.016666666666666607,True,False,1.0026091423076084,0.004234344032362699,-0.0006712803425442596,0.6902811296204614,-0.22193093597888947,-0.0006712803425442596,False,0.020833333333333332,False,False,-0.00021266689740785357,impact,True,success_unloaded
S,ppo,1,SS3,187,1530772550,success,dwell_complete,0.23382547603571024,1.5583333333333333,False,1.5583333333333333,True,47,0,0,0,0,15,0,0,0,0,0,-0.4667239487171173,0,120,122,-0.26473245322704314,-0.2624009440624605,-0.23548933206897088,0.025510460711452146,False,0.26080303696121815,-0.22855588993018394,1.0401928246699166,False,0.625,0.6561502330271068,0.07876402433532315,1.5017325272596855,0.008333333333333304,True,False,1.0401928246699166,0.08133036175186628,-0.008425536019392579,0.6734169894624963,-0.22851251810789108,-0.008425536019392579,False,0.0125,False,False,-0.00018237024413925574,impact,True,success_unloaded
S,ppo,1,SS3,191,1615938081,success,dwell_complete,0.2531759553314449,1.4291666666666667,False,1.4291666666666667,True,43,0,0,0,0,15,0,0,0,0,0,-0.4456280618906021,0,112,121,-0.26874192208051684,-0.2664028992308957,-0.26667457860209015,-0.003560257717523207,False,0.26275932367872423,-0.8142462394942134,1.0053242734301402,False,0.0,0.7354141467616027,-0.014247115381711514,2.4276330920902893,0.02499999999999991,True,False,0.6454441045387568,-0.014640961560837976,0.09345179850444864,1.2566853860146174,-0.42830653488636017,-0.0015287821866542207,False,0.008333333333333333,False,False,1.0854264380298513e-05,impact,True,success_unloaded
S,ppo,1,SS3,198,108547188,success,dwell_complete,0.2520818672797835,1.625,False,1.625,True,49,0,0,0,0,15,0,0,0,0,0,-0.5564785301685333,0,120,122,-0.1758303686976433,-0.27169395029106996,-0.2656516846491805,-0.009925231602813202,False,0.25564740204351405,-0.5391213400209008,0.8966363036479449,False,0.625,0.6023165376438674,-0.7490997598767405,1.2356228523190522,0.008333333333333304,True,False,0.8966363036479449,-0.7529210045604418,0.007012644809741261,0.7442445946032457,-0.3015296906232834,0.006930166203954745,True,0.0,False,False,0.0014682274613990148,impact,False,
S,ppo,1,SS3,199,1565262016,success,dwell_complete,0.24968554496169426,1.6166666666666667,False,1.6166666666666667,True,49,1,0,0,0,15,0,0,0,0,1,-0.41869528591632843,0,120,124,-0.2938261926174164,-0.26933005710703456,-0.30018275644257186,-0.03963742821116345,False,0.26233707086264,-0.6189893749431441,0.9748126468955182,False,0.375,0.7689046585752317,-0.01045434308626322,1.9245148648898724,0.02083333333333326,True,True,0.42572467804142095,-0.008471659410839282,0.15154815079142195,1.0812053305302032,-0.7235042452812195,0.006174857423465591,True,0.0,False,False,0.000255224107766758,impact,False,
S,ppo,1,SS4,15,217668846,success,dwell_complete,0.253118417479483,1.4458333333333333,False,1.4458333333333333,True,44,3,0,0,0,15,0,0,0,0,3,-0.581767737865448,0,120,125,-0.19000204354524614,-0.28818310492505683,-0.3047144932785601,-0.03886535997866811,False,0.26469776979970244,-0.4017980079866385,0.9290797272614346,False,0.25,0.8032409649564313,-0.6645204262743561,1.5505465030378958,0.02499999999999991,True,True,0.42572467804142095,-0.6549167104315973,0.13408223597330518,0.7563794558631532,-0.7509632706642151,0.0005518480997316546,True,0.0,False,False,0.0006858849846454991,impact,False,
S,ppo,1,SS4,16,696548069,success,dwell_complete,0.2411566028154085,1.6541666666666666,False,1.6541666666666666,True,50,0,0,0,0,15,0,0,0,0,0,-0.4976763278245926,0,120,123,-0.1898842379450798,-0.26929736224822926,-0.23218792790171544,0.03737800075055862,False,0.2687467151044783,-0.5045594455007935,1.0457111235311052,False,0.5,0.735717900786263,-0.2058202631929676,1.3593791583168153,0.01666666666666683,True,True,0.42572467804142095,-0.20539382423365285,0.14636567503378436,0.635723338953291,-0.47260648012161255,-0.01772228865141143,False,0.016666666666666666,False,False,-0.0008403339202635378,impact,True,success_unloaded
S,ppo,1,SS4,23,2087876775,success,dwell_complete,0.2544893393344715,1.4791666666666667,False,1.4791666666666667,True,45,0,0,0,0,15,0,0,0,0,0,-0.47970467805862427,0,120,125,-0.31320308297872546,-0.25484179367853915,-0.3112471852664888,-0.05430742283386278,False,0.2585946526664956,-0.9824906953802361,0.9664698422720017,False,0.25,0.8312835512143565,0.09725234837223866,0.6423993999441815,0.012499999999999956,True,False,0.9664698422720017,0.09643273944458755,0.011366057748086232,0.3777675619694301,-0.32448166608810425,0.011225412785226829,True,0.0,False,False,0.00041270735268089263,impact,False,
S,ppo,1,SS4,25,1955270286,success,dwell_complete,0.2329972674741127,1.5208333333333333,False,1.5166666666666666,True,46,0,0,0,0,15,0,0,0,0,0,-0.5054664462804794,0,48,123,-0.29266874939203263,-0.29927504749333933,-0.40774298578394264,-0.14321503666431176,False,0.26503344371589815,0.0034818887232771316,0.9578016233425054,False,0.5,0.6917631506919631,-0.38901230606051185,0.994563630376466,0.008333333333333304,True,False,0.9578016233425054,-0.40342312791781326,0.00014504394584161618,0.5504422884933741,-0.4217533618211746,-0.0003579789592981355,False,0.008333333333333333,False,False,0.0012643942978650374,impact,True,success_unloaded
S,ppo,1,SS4,35,1846185832,success,dwell_complete,0.23856752332687542,1.4916666666666667,False,1.4916666666666667,True,45,0,0,0,0,15,0,0,0,0,0,-0.5096796154975891,0,112,122,-0.3333236172795296,-0.2732641786493868,-0.34766770968572713,-0.08376577528998469,False,0.26348715862397454,-0.3064315436506672,1.0577557949754295,False,0.0,0.7751144571742914,0.09207371968722466,1.5854392575553016,0.016666666666666607,True,False,0.6055296544936084,0.09427113209196508,0.10680479858036754,0.7448220864206482,-0.5117933750152588,-0.013164158694666495,False,0.0125,False,False,0.0005893107694007838,impact,True,success_unloaded
S,ppo,1,SS4,57,1109774061,success,dwell_complete,0.22149309880307125,1.5625,False,1.5625,True,47,0,0,0,0,15,0,0,0,0,0,-0.5333945453166962,0,112,121,-0.19715449959039688,-0.27509074832768554,-0.26742145311471266,-0.006261207612891506,False,0.26020982897048,-0.0656982081662191,0.9276081888208569,False,0.0,0.6826920585020856,-0.43027939434408824,0.9021516760714519,0.016666666666666607,True,False,0.6010533483958285,-0.42928175318210177,0.09389970245339396,0.5615534783653439,-0.4399918019771576,0.007327342603248853,True,0.0,False,False,0.00016975611389758295,impact,False,
S,ppo,1,SS4,59,1875727330,success,dwell_complete,0.24665653638379884,1.55,False,1.55,True,47,0,0,0,0,15,0,0,0,0,0,-0.4421342611312866,0,120,124,-0.2362912818789482,-0.24013155547520765,-0.17032533212033163,0.08777337024093405,False,0.2566743435048918,-0.7326468833739789,0.9917900902894768,False,0.375,0.7795155606964559,0.18450974892659222,1.806981562717822,0.02083333333333326,True,True,0.42572467804142095,0.17536030823038926,0.15666104077653234,0.921562544910743,-0.41287435591220856,0.007073300892898118,True,0.0,False,False,-0.0006268341578206035,impact,False,
S,ppo,1,SS4,69,1916697051,success,dwell_complete,0.23468660765777566,1.625,False,1.625,True,49,0,0,0,0,15,0,0,0,0,0,-0.39624805748462677,0,120,122,-0.2546554163098335,-0.2666416441412991,-0.24101000583596144,0.024024637919577124,False,0.2657796851085511,-0.09393558254415058,1.0228595340184863,False,0.625,0.6496502490328204,0.039938832146945075,0.5577197602347024,0.008333333333333304,True,False,1.0228595340184863,0.041063948410746974,-0.004956974507223017,0.27773924690206836,-0.2360251173377037,-0.004956974507223017,False,0.0125,False,False,-0.00028506486980092206,impact,True,success_unloaded
S,ppo,1,SS4,81,1069232166,success,dwell_complete,0.23740742642117468,1.5083333333333333,False,1.5041666666666667,True,46,0,0,0,0,15,0,0,0,0,0,-0.47544313967227936,0,120,126,-0.3058558627963066,-0.28414022352589086,-0.3895342768788883,-0.1233470327112543,False,0.2664330723272563,0.0025334949110524937,0.9988282953864918,False,0.125,0.9271903432183579,-0.01653572921373036,2.0124014214311745,0.016666666666666607,True,False,0.9988282953864918,-0.009232490972000476,9.500965678994964e-05,0.9978151139630137,-0.3878651261329651,-0.0013834099355444771,False,0.016666666666666666,False,False,0.0006599035038869077,impact,True,success_unloaded
S,ppo,1,SS4,85,2081940702,success,dwell_complete,0.25016318269209303,1.625,False,1.625,True,49,0,0,0,0,15,0,0,0,0,0,-0.40667174756526947,0,120,122,-0.2802001476287842,-0.259859747269311,-0.2277786217800053,0.03551408085035656,False,0.26343858516931407,-0.7959402705116997,1.0395859360039117,False,0.625,0.655922649777355,0.16915111053989867,1.913194556484016,0.012499999999999956,True,True,0.42572467804142095,0.17092251116635046,0.15657261109584752,0.892267188551262,-0.6772699356079102,-0.005736562378683202,False,0.0125,False,False,-0.0005041422780599316,impact,True,success_unloaded
S,ppo,1,SS4,89,1460784246,success,dwell_complete,0.22105942531725814,1.5,False,1.5,True,45,0,0,0,0,15,0,0,0,0,0,-0.4182780236005783,0,112,120,-0.24989898651838302,-0.252711138955759,-0.22211511699708344,0.030034453615421005,False,0.2526850633567037,-0.1826869310547586,1.031372956262034,False,0.0,0.634454199080545,0.08021085899336575,1.9284171512017585,0.016666666666666607,True,False,0.5777515194831895,0.07980376052973971,0.11376357617812274,0.9094820178384909,-0.4182780236005783,-0.0060021854420718584,False,0.004166666666666667,False,False,-0.00010004489026377593,impact,True,success_unloaded
S,ppo,1,SS4,94,1246638828,success,dwell_complete,0.23086734656792496,1.5333333333333332,False,1.5333333333333332,True,46,0,0,0,0,15,0,0,0,0,0,-0.5462081283330917,0,112,120,-0.2010497659444809,-0.2902035692538137,-0.4192731357949012,-0.17364972855821237,False,0.24573358040716134,-0.09794675514114365,0.8778157422560202,False,0.0,0.7403280930316731,-0.7918018293408067,1.3652862078473946,0.008333333333333526,True,False,0.7206870002853378,-0.8376964626873534,0.05125293825303366,0.601246684639644,-0.5533241182565689,0.00811380336708017,True,0.0,False,False,0.001951231082816342,impact,False,
S,ppo,1,SS4,111,1101765951,success,dwell_complete,0.26046334372943963,1.5875,False,1.5875,True,48,0,0,0,0,15,0,0,0,0,0,-0.4192965477705002,0,120,123,-0.37959557473659516,-0.28279890292252324,-0.37777344239633653,-0.11160379143227957,False,0.2664638504629346,-0.8943507030178106,1.0207437552979504,False,0.5,0.7232342166696857,0.3153488014540671,2.0441696246548022,0.012500000000000178,True,False,1.0207437552979504,0.31217273771511134,0.0028850825994523005,0.9906758788407013,-0.3732816204428673,0.00229596226327018,True,0.0,False,False,0.0005240452586322798,impact,False,
S,ppo,1,SS4,123,1422627062,success,dwell_complete,0.2556971359793333,1.5291666666666666,False,1.5291666666666666,True,46,0,0,0,0,15,0,0,0,0,0,-0.3573794960975647,0,112,121,-0.29668963700532913,-0.22505185115064583,-0.1366040217366725,0.12846709534830267,False,0.2652765173825195,-0.8322998092585749,1.010455370331927,False,0.0,0.6389925922533197,0.44617839276904453,1.77597690235864,0.02083333333333348,True,False,0.5151716662271173,0.43069997861100207,0.13979529769995583,1.0334595394822952,-0.3790959119796753,0.00995266885973984,True,0.0,False,False,-0.0006147446385342473,impact,False,
S,ppo,1,SS4,135,1161446768,success,dwell_complete,0.25247272873451937,1.5541666666666667,False,1.5541666666666667,True,47,0,0,0,0,15,0,0,0,0,0,-0.5880641341209412,0,120,123,-0.1502636730670929,-0.2799790483213915,-0.25861522170745044,0.001870436958369981,False,0.2576297238410544,-0.8769665374408505,0.9550161109690751,False,0.5,0.6903703945052481,-0.7518257195240994,1.3830261612172257,0.016666666666666607,True,True,0.42572467804142095,-0.7516126648487205,0.13149638277588863,0.8266164917554129,-0.5847631394863129,-0.008672207695363608,False,0.016666666666666666,False,False,0.0006852774254788362,impact,True,success_unloaded
S,ppo,1,SS4,140,451247318,success,dwell_complete,0.2534296349478984,1.4916666666666667,False,1.4916666666666667,True,46,0,0,0,0,14,0,0,0,0,0,-0.3934817612171173,0,112,122,-0.26662660837173463,-0.2610822678716488,-0.20978638937147379,0.06709808296516832,False,0.2770925610375814,-0.30092886687987275,0.9888089174897698,False,0.0,0.9739185590319073,0.20648302203641467,1.4526817199262054,0.016666666666666607,True,False,0.9649843439571896,0.20481638104390082,0.014692838272611088,0.8451279938163141,-0.2039603367447853,0.008575645869191142,True,0.0,False,False,-0.0005826638645753498,impact,False,
S,ppo,1,SS4,145,1286322466,success,dwell_complete,0.2625051174006493,1.6291666666666667,False,1.6291666666666667,True,49,0,0,0,0,15,0,0,0,0,0,-0.4485514461994171,0,112,121,-0.36360468715429306,-0.28746734832337956,-0.39289044544707896,-0.12268233922010961,False,0.27312210946339993,-0.4377262568150231,1.0084638241126107,False,0.0,0.5887100576089052,0.11106100196579198,2.4371925744482588,0.016666666666666607,True,False,0.4487921354410033,0.11534114617287934,0.14881181024019216,1.2548228726368318,-0.6711584329605103,-9.810545627103878e-05,False,0.004166666666666667,False,False,0.0011353072168681774,impact,True,success_unloaded
S,ppo,1,SS4,147,1697022180,success,dwell_complete,0.25738598834540527,1.6125,False,1.6125,True,49,0,0,0,0,15,0,0,0,0,0,-0.48033732175827026,0,120,125,-0.29464315474033353,-0.2815848385938853,-0.35153634342327045,-0.05493588744961754,False,0.29671287871108326,-0.1600212724805134,1.029679752556885,False,0.25,0.878690983928019,-0.12384788280612054,1.9778200383845532,0.033333333333333215,False,True,0.42572467804142095,-0.1168966422325615,0.145322606582672,1.0055491679513382,-0.730190098285675,-0.014608409350129588,False,0.025,False,False,0.0003024090617434941,post_contact_idle,True,success_unloaded
S,ppo,1,SS4,157,990009387,success,dwell_complete,0.26082727163971164,1.4208333333333334,False,1.4208333333333334,True,44,0,0,0,0,14,0,0,0,0,0,-0.5154104679822922,0,112,123,-0.29355257004499435,-0.2744280790147967,-0.3206683885674881,-0.05444924408194188,False,0.26355872105085176,-1.2154331229583342,0.9746748597344275,False,0.0,0.9530106174242831,-0.06524107229654676,1.8863643195912907,0.03749999999999987,False,False,0.9313463751141386,-0.05154935482440919,0.016475444645487638,1.0363665503703146,-0.3281124383211136,0.004951828632319312,True,0.0,False,False,0.00022823950489651355,other,False,
S,ppo,1,SS4,161,846331680,success,dwell_complete,0.25368856476801027,1.5375,False,1.5375,True,47,0,0,0,0,15,0,0,0,0,0,-0.4718148708343506,0,120,127,-0.20279669016599655,-0.2514331356351404,-0.18619198596925096,0.08406204072338905,False,0.2630869693972772,-1.0023421358744216,1.0375747742884305,False,0.0,1.0375747742884305,0.06779459983343948,1.8545379401569586,0.02083333333333326,True,False,1.0375747742884305,0.06425926795154861,-0.009061076615841624,0.9302421871631475,-0.17171506583690643,-0.009193358475734381,False,0.03333333333333333,False,False,-0.000433064181798859,impact,True,success_unloaded
S,ppo,1,SS4,162,1307500521,success,dwell_complete,0.23196416608940806,1.5791666666666666,False,1.5791666666666666,True,48,3,0,0,2,15,0,0,0,0,3,-0.4706621915102005,0,120,125,-0.2659293904900551,-0.2622676721976686,-0.27510332133251014,-0.012904633642398414,False,0.2624861025112351,-0.11925013887061624,0.9660885696113406,False,0.25,0.8309975967188608,0.008808735610708966,1.538802859706979,0.02083333333333348,True,False,0.9660885696113406,0.010584308286800247,0.009280544136469168,0.8125504689426696,-0.2854747250676155,0.009165519882390708,True,0.0,False,False,0.00011198718864102873,impact,False,
S,ppo,1,SS4,176,927760525,success,dwell_complete,0.24205716732070637,1.6166666666666667,False,1.6166666666666667,True,49,2,0,0,1,15,0,0,0,0,2,-0.4359084516763687,0,120,124,-0.3375434592366219,-0.2830511589065173,-0.348206762135242,-0.0849386317610651,False,0.26318653762620203,-0.408728851262221,1.0313434026938801,False,0.375,0.8042363809492079,0.18659940489680887,1.9421414397552657,0.012499999999999956,True,False,1.0313434026938801,0.18535367560274957,-0.0032607460140427246,1.0474308859568608,-0.3363490551710129,-0.0035870995951862504,False,0.020833333333333332,False,False,0.0007951438997386,impact,True,success_unloaded
S,ppo,1,SS4,188,638130436,success,dwell_complete,0.22841706704970213,1.5958333333333332,False,1.5958333333333332,True,48,0,0,0,0,15,0,0,0,0,0,-0.42724715173244476,0,112,121,-0.27066916674375535,-0.2731559680378226,-0.2508463068872987,0.011326045979664282,False,0.26094775441177864,-0.08125065033681236,1.0345308525160015,False,0.0,0.6882610254676925,-0.029303306332237752,1.800023531515974,0.012500000000000178,True,False,0.572837749784923,-0.02874905349091372,0.11223109559628867,0.8607366578576847,-0.4378926604986191,-0.009874905529613585,False,0.008333333333333333,False,False,-9.337365516929612e-06,impact,True,success_unloaded
S,ppo,1,SS4,189,479807060,success,dwell_complete,0.21957759977742353,1.5791666666666666,False,1.5791666666666666,True,49,0,0,0,0,14,0,0,0,0,0,-0.5154065564274788,0,112,125,-0.2925172999501228,-0.24722749387973472,-0.24194110309231046,0.004148266644079877,False,0.23598962873707183,-0.6830063800942349,1.0208328446967787,False,0.0,0.9843795243092274,0.22311103819356592,1.6837803405790368,0.07916666666666661,False,True,0.42572467804142095,0.21680962498779832,0.1552962981469747,0.49200431988216276,-0.4554470032453537,-0.0011063442803000763,False,0.0125,False,False,0.009785779490937428,post_contact_idle,True,success_unloaded
S,ppo,1,SS4,194,2027452974,success,dwell_complete,0.23758677546187554,1.6208333333333333,False,1.6208333333333333,True,49,0,0,0,0,15,0,0,0,0,0,-0.47424691915512085,0,120,123,-0.24977128207683563,-0.26276372634370965,-0.2077327294696266,0.06074879737360744,False,0.26834001698657994,-0.034313085255306255,1.0317829409876464,False,0.5,0.7287538095145336,0.006620161244562215,1.886369654190528,0.008333333333333304,True,False,1.0317829409876464,0.019263202261738162,-0.007861208476754705,0.9353652033019988,-0.1975165754556656,-0.008090763746107942,False,0.016666666666666666,False,False,-0.00032871260126252484,impact,True,success_unloaded
S,ppo,1,SS5,8,1065105648,success,dwell_complete,0.2619480035780075,1.4208333333333334,False,1.4208333333333334,True,44,0,0,0,0,14,0,0,0,0,0,-0.5348236933350563,0,112,123,-0.2122247636318207,-0.2826824598108429,-0.2819721855965112,-0.021444605762018645,False,0.2627833574113225,-1.0704085537036794,0.9631577426680592,False,0.0,0.9357528889929486,-0.5040754605431772,1.7194636583357286,0.029166666666666563,True,False,0.908348035317838,-0.5061732098949762,0.009571138735091866,0.8232042079015767,-0.27961018681526184,-0.0047081782134969635,False,0.016666666666666666,False,False,-4.207765396370125e-05,impact,True,success_unloaded
S,ppo,1,SS5,17,419316027,success,dwell_complete,0.23986260864510806,1.4541666666666666,False,1.4541666666666666,True,45,0,0,0,0,14,0,0,0,0,0,-0.48923691362142563,0,112,123,-0.21587036401033402,-0.2568545152756187,-0.21395549452150092,0.032199670101779626,False,0.24607141528210036,-0.668474968792689,0.972435659254591,False,0.0,0.9718711619228009,-0.36712739005074246,1.7341217748903943,0.02083333333333348,True,False,0.9713066645910104,-0.37544526920165366,-0.0025244514868311926,0.8291660245809493,-0.20712170004844666,-0.0032722918132975765,False,0.05,False,False,0.0003545077178472676,impact,True,success_unloaded
S,ppo,1,SS5,18,1615341671,success,dwell_complete,0.22457611450108025,1.5291666666666666,False,1.5291666666666666,True,46,0,0,0,0,15,0,0,0,0,0,-0.4675087630748749,0,112,121,-0.10946723967790603,-0.23723876338226735,-0.11130309560348113,0.1337795687047046,False,0.2447873191379136,-0.27409213353662504,0.9393780456317585,False,0.0,0.5983022206173609,-0.6024312212978102,2.018809770905276,0.01666666666666683,True,False,0.4846102789458951,-0.6035505715065551,0.1200682632220192,1.2052769959890473,-0.3732120841741562,-0.0002322079864492871,False,0.008333333333333333,False,False,-0.0016098251835655996,impact,True,success_unloaded
S,ppo,1,SS5,20,702950301,success,dwell_complete,0.20564385261885423,1.3958333333333333,False,1.3958333333333333,True,42,0,0,0,0,15,0,0,0,0,0,-0.40743890404701233,0,120,121,-0.21570396572351455,-0.20886301269109708,-0.10015495131255904,0.1334809683701178,False,0.23695817071258343,-0.07416256748302434,1.0284640557547635,False,0.75,0.5764095224697565,0.350740538896794,1.8673843599479787,0.01666666666666683,True,True,0.42572467804142095,0.3473967957823186,0.161083092328439,0.9277533889000401,-0.5117816627025604,0.0021748965282206104,True,0.0,False,False,-0.0011777145966711268,impact,False,
S,ppo,1,SS5,30,1268272897,success,dwell_complete,0.24724308879966564,1.6041666666666667,False,1.6041666666666667,True,49,0,0,0,0,15,0,0,0,0,0,-0.3238733410835266,0,120,127,-0.3085918888449669,-0.25820827307457767,-0.23205836335951546,0.034075023576658606,False,0.2681445772744962,-0.5023040715745761,1.0177409470630148,False,0.0,1.0177409470630148,0.38203394539779517,1.5724806178814363,0.012499999999999956,True,False,1.0177409470630148,0.38283945042499495,0.005591864418119766,0.8681474009530605,-0.22669793665409088,0.005423014847324036,True,0.0,False,False,-0.00012169093220546574,impact,False,
S,ppo,1,SS5,33,714116886,success,dwell_complete,0.22956776542663157,1.5666666666666667,False,1.5666666666666667,True,47,0,0,0,0,16,0,0,0,0,0,-0.48598750680685043,0,120,128,-0.2412028953433037,-0.24982715845650405,-0.20615702164615718,0.06372092981379221,False,0.26202143292724356,-0.1671569942959636,1.0418017188389224,False,0.0,0.5689643642033114,0.15905434575504662,2.541700658641563,0.02499999999999991,True,False,0.5014161706839385,0.15448255793841476,0.13529339207340257,1.2817311311560182,-0.44374018907546997,-0.006823226868276701,False,0.004166666666666667,False,False,-0.00031976535201884415,impact,True,success_unloaded
S,ppo,1,SS5,64,277549337,success,dwell_complete,0.2676127082946533,1.4708333333333332,False,1.4708333333333332,True,45,0,0,0,0,15,0,0,0,0,0,-0.3604753911495209,0,120,127,-0.541165466606617,-0.2867420853241128,-0.5265432672467101,-0.238259545378525,False,0.28825572729218396,-0.2833016017883797,1.1521250257049158,False,0.0,1.1521250257049158,1.1609411663549867,1.9555859699319909,0.02083333333333348,True,False,1.1521250257049158,1.1831912650800247,-0.008267791364320992,0.9989914602826907,-0.4554588943719864,-0.009968546168052457,False,0.03333333333333333,False,False,-0.000662207460358601,impact,True,success_unloaded
S,ppo,1,SS5,73,66480997,success,dwell_complete,0.2371671307751436,1.5333333333333332,False,1.5333333333333332,True,46,0,0,0,0,15,0,0,0,0,0,-0.5624218136072159,0,112,120,-0.2990312784910202,-0.2732971662363469,-0.3654520747993974,-0.10600930204296675,False,0.24641057845593697,-0.7014002552239402,0.8695789954389103,False,0.0,0.6482773540392611,-0.17962599419891317,0.9028178649564229,0.03333333333333344,False,False,0.6166628338393112,-0.1614793594989016,0.09466507093179266,0.41449777782492425,-0.549858883023262,0.028646470375358682,True,0.0,False,False,0.0005861610788990983,other,False,
S,ppo,1,SS5,80,1856283101,success,dwell_complete,0.265803887954065,1.65,False,1.65,True,50,0,0,0,0,15,0,0,0,0,0,-0.5186424851417542,0,120,124,-0.19528743624687195,-0.26285910100496684,-0.1942113878270836,0.06850295631306974,False,0.2643769975725861,-1.0993246221194426,0.9398918127396197,False,0.375,0.7470791372277953,-0.17040350983755576,1.0527947395616462,0.012499999999999956,True,False,0.9398918127396197,-0.1688215354832126,0.011225222526617297,0.538350969739846,-0.2169899046421051,0.011139203190543654,True,0.0,False,False,-0.000428584444567154,impact,False,
S,ppo,1,SS5,82,1159581122,success,dwell_complete,0.24670344704652164,1.6958333333333333,False,1.6958333333333333,True,51,6,0,0,2,15,0,0,0,0,5,-0.7128827422857285,0,112,121,-0.12006385624408722,-0.3337327810334017,-0.4688602979400764,-0.20273674413173515,False,0.2611163158047547,-0.5981964634740972,0.8431133620139656,False,0.0,0.7592132284835842,-1.397811085190169,1.8975636972572207,0.02083333333333326,True,False,0.7312465173067904,-1.36486214819346,0.03388692965390912,0.9573500276767986,-0.5823643952608109,0.0015117678311214688,True,0.0,False,False,0.002630025024432922,impact,False,
S,ppo,1,SS5,106,158713044,success,dwell_complete,0.2401687238646273,1.5916666666666666,False,1.5916666666666666,True,49,0,0,0,0,14,0,0,0,0,0,-0.35387833043932915,0,112,122,-0.39403428584337236,-0.250701140937725,-0.3588623581806241,-0.09412558677994809,False,0.2679605772527782,-0.017127405733016562,0.9594495479021421,False,0.0,0.9523526551127698,0.45363929652764,0.4104858864988445,0.04166666666666674,False,False,0.9480945194391464,0.47996047839169614,0.02292463442048413,0.1756571762270808,-0.35362397879362106,0.02094480469547599,True,0.0,False,False,0.0009036057299675442,other,False,
S,ppo,1,SS5,108,1149126053,success,dwell_complete,0.24181738486320284,1.5708333333333333,False,1.5708333333333333,True,48,1,0,0,0,15,0,0,0,0,1,-0.5421582162380219,0,120,127,-0.20131297260522843,-0.27225236673095715,-0.2597022211631816,0.0038906421918943057,False,0.2618231718243948,-0.28212106977769214,0.968863975548279,False,0.0,0.968863975548279,-0.3910285543509972,1.2710053677303377,0.016666666666666607,True,False,0.968863975548279,-0.3916953427616466,-0.002361516114819077,0.8567383559930026,-0.2791523337364197,-0.0024484542781667415,False,0.03333333333333333,False,False,0.00011720107718093053,impact,True,success_unloaded
S,ppo,1,SS5,110,808532272,success,dwell_complete,0.2419181383734379,1.4625,False,1.4625,True,44,0,0,0,0,15,0,0,0,0,0,-0.459116131067276,0,104,121,-0.21869603395462037,-0.2734679789352928,-0.26749242588315114,-0.025591948663734335,False,0.24489981238623687,-1.226260902167496,0.9874969792703387,False,0.75,0.5661677533486504,-0.40081622063366695,2.222063918325866,0.03333333333333344,False,True,0.42572467804142095,-0.39479167860434433,0.13961350526858488,1.1399105625224546,-0.6231790781021118,-0.008109980760099328,False,0.008333333333333333,False,False,0.00039888563264144983,post_contact_idle,True,success_unloaded
S,ppo,1,SS5,120,1581704015,success,dwell_complete,0.2537604059227691,1.6375,False,1.6375,True,50,2,0,0,0,15,0,0,0,0,2,-0.48658812046051025,0,120,127,-0.19720616787672043,-0.2553131893724231,-0.19383783790264292,0.07203380645837265,False,0.26583847114464915,-1.0106534681253196,1.017604607609284,False,0.0,1.017604607609284,-0.020017093206549746,1.448007571149666,0.02499999999999991,True,False,1.017604607609284,-0.027331653538090146,-0.0053860777008828105,0.7544226735688419,-0.18072988092899323,-0.005467149515553993,False,0.03333333333333333,False,False,-0.0009995066233225332,impact,True,success_unloaded
S,ppo,1,SS5,122,1975348375,success,dwell_complete,0.28048469178781427,1.4666666666666666,False,1.4666666666666666,True,44,2,0,0,0,15,0,0,0,0,2,-0.575013667345047,0,112,120,-0.3564004495739937,-0.2995566271073108,-0.356221785876617,-0.07664869702584616,False,0.2791408122023463,-1.4529763258180466,0.9635128896342153,False,0.0,0.5187729854037285,-0.17825659022826867,2.4013072333951513,0.025000000000000133,True,False,0.45523871337080185,-0.20894248102109733,0.13841926014069297,1.2779711720423301,-0.6719769090414047,0.006503806239315395,True,0.0,False,False,0.0013404530560769932,impact,False,
S,ppo,1,SS5,127,1555871774,success,dwell_complete,0.2516845872892837,1.5166666666666666,False,1.5166666666666666,True,46,0,0,0,0,15,0,0,0,0,0,-0.6461707055568695,0,120,124,-0.2411133125424385,-0.28526388780777145,-0.287381366918334,-0.01886248591009906,False,0.26882712248836643,-0.3555486544565063,0.9249597310001915,False,0.375,0.7377465861406525,-0.5718425566175857,1.9679758453592755,0.02083333333333348,True,True,0.42572467804142095,-0.5815146685503252,0.13605594617646152,0.9974226072758918,-0.49298733472824097,0.004151106620226264,True,0.0,False,False,0.00013007203086101913,impact,False,
S,ppo,1,SS5,140,403445731,success,dwell_complete,0.21325286462339188,1.4666666666666666,False,1.4666666666666666,True,44,0,0,0,0,15,0,0,0,0,0,-0.36472103744745255,0,112,120,-0.19760225117206573,-0.252752907856065,-0.19580649932832436,0.04503958919974269,False,0.2393205491373399,-0.34951313492282615,1.0099057692502502,False,0.0,0.5475567072177582,-0.12618208215028695,2.022133246197903,0.03333333333333344,False,False,0.48150684121311654,-0.1306799348230149,0.1322855896227964,1.0823415152919877,-0.46305057406425476,-0.006043172074183091,False,0.004166666666666667,False,False,-0.00015525494926755604,other,True,success_unloaded
S,ppo,1,SS5,144,210388185,success,dwell_complete,0.2492288956329245,1.4833333333333334,False,1.4833333333333334,True,45,4,0,0,0,15,0,0,0,0,4,-0.5307655781507492,0,120,124,-0.1794704183936119,-0.28210549269686436,-0.30802057059695026,-0.04474834092087705,False,0.2628799618940719,-0.8704246498203736,1.0142641012139277,False,0.375,0.7935618175242377,-0.36381320186569976,1.840938511455122,0.016666666666666607,True,False,1.0142641012139277,-0.3591362311160647,-0.013476676444539606,0.9345661438918017,-0.3021317571401596,-0.014453046098305984,False,0.020833333333333332,False,False,0.0001100482797112126,impact,True,success_unloaded
S,ppo,1,SS5,150,408507921,success,dwell_complete,0.23583858712386094,1.4666666666666666,False,1.4666666666666666,True,44,0,0,0,0,15,0,0,0,0,0,-0.4189952462911606,0,112,120,-0.24242398887872696,-0.25975759693771344,-0.247223977286995,0.017838435971959804,False,0.2655036434248667,-0.3210727309562191,0.9785744441527516,False,0.0,0.5435856562335898,0.004608003677560219,2.3136015474676235,0.01666666666666683,True,False,0.48144440081656664,0.004456514712101134,0.1370104042277189,1.1590460193460947,-0.5103099793195724,0.005628294787297475,True,0.0,False,False,-0.00010449351451119834,impact,False,
S,ppo,1,SS5,153,1116331160,success,dwell_complete,0.26730953343327557,1.5541666666666667,False,1.5541666666666667,True,48,0,0,0,0,14,0,0,0,0,0,-0.730142243206501,0,112,123,-0.1455911546945572,-0.2939681090827388,-0.23176250754135602,0.04752294982191635,False,0.28377954052889515,-0.9279142372464546,0.9405600496787174,False,0.0,0.8385754106667661,-0.7348268106260003,2.520475814191486,0.5083333333333333,False,True,0.42572467804142095,-0.0549162843929573,0.1466440928317412,0.6287431475618078,-0.8579041957855225,-0.004959529164872535,False,0.016666666666666666,False,False,0.045194824282894126,post_contact_idle,True,success_unloaded
S,ppo,1,SS5,167,1682937791,success,dwell_complete,0.2483454509043735,1.45,False,1.45,True,44,0,0,0,0,15,0,0,0,0,0,-0.644818514585495,0,120,124,-0.019248969852924347,-0.25805318985357284,-0.09277416505334814,0.16822350273128173,False,0.25755381354945284,-0.6700848627975554,0.8889995811256223,False,0.375,0.7152714924690468,-1.1932967597931623,1.7743263532621723,0.016666666666666607,True,False,0.8889995811256223,-1.2017787258590775,-0.00391633443860888,0.8561318589400364,-0.13430629670619965,-0.00391633443860888,False,0.020833333333333332,False,False,-5.824123292963928e-05,impact,True,success_unloaded
S,ppo,1,SS5,174,1515200011,success,dwell_complete,0.26077119394643333,1.4375,False,1.4375,True,44,0,0,0,0,15,0,0,0,0,0,-0.4306937903165817,0,120,127,-0.2949095189571381,-0.25800499890749723,-0.30794512089455656,-0.039967973932806496,False,0.2660742693976392,-0.7907301548176906,1.0908381746953029,False,0.0,1.0908381746953029,0.1421171263797551,1.5627530638294638,0.02499999999999991,True,False,1.0908381746953029,0.15139352271033435,-0.020092331206534614,0.7745509503646768,-0.26527082920074463,-0.020428208191862925,False,0.03333333333333333,False,False,0.0006052496594782698,impact,True,success_unloaded
S,ppo,1,SS5,177,2018449764,success,dwell_complete,0.23682293971705298,1.5416666666666667,False,1.5416666666666667,True,47,0,0,0,0,15,0,0,0,0,0,-0.5460376292467117,0,120,126,-0.18474134653806687,-0.27008458778352806,-0.23282608181384584,0.00922043405477796,False,0.24276563046537736,-0.7720534674066002,0.8749407187740962,False,0.125,0.8187887136825117,-1.0040587866671022,1.6330251258668982,0.02499999999999991,True,False,0.8749407187740962,-1.0076803454311636,0.005751486708266253,0.8212093843135129,-0.28647539019584656,0.005751486708266253,True,0.0,False,False,0.0018627576398446124,impact,False,
S,ppo,1,SS5,179,1906148524,success,dwell_complete,0.25127233882841804,1.4541666666666666,False,1.4541666666666666,True,45,0,0,0,0,14,0,0,0,0,0,-0.666665755212307,0,112,123,-0.01974012702703476,-0.2779389301375926,-0.12304581393983853,0.136065453379194,False,0.2605088925690025,-0.7789693606881918,0.922122855111822,False,0.0,0.8586126159967433,-1.2301172888762868,2.0394445096947735,0.03333333333333344,False,False,0.7951023768816649,-1.2703360000303185,0.01958203760155252,1.2002228127357824,-0.21101544052362442,-0.012717231382239012,False,0.016666666666666666,False,False,2.8782180347201328e-05,other,True,success_unloaded
S,ppo,1,SS5,193,2065900127,success,dwell_complete,0.23640191597254276,1.6041666666666667,False,1.6041666666666667,True,49,0,0,0,0,15,0,0,0,0,0,-0.31706222891807556,0,120,127,-0.32126837521791457,-0.21703314401501095,-0.15709177376494476,0.10115423191880535,False,0.257887309810873,-0.48153750969275316,1.1198035026297504,False,0.0,1.1198035026297504,1.0715299823579616,1.64480056273938,0.016666666666666607,True,False,1.1198035026297504,1.0713010011308868,-0.0032985070664113096,0.7531938925754009,-0.09437359124422073,-0.00352821441884109,False,0.03333333333333333,False,False,-0.002201362475963315,impact,True,success_unloaded
S,ppo,1,SS6,35,55155601,success,dwell_complete,0.25068079685364425,1.5291666666666666,False,1.5291666666666666,True,46,0,0,0,0,15,0,0,0,0,0,-0.3122595548629761,0,120,121,-0.3628854274749756,-0.25863130904014814,-0.22848283586176554,0.06211762377638297,False,0.2908763773553361,-0.14139733344619548,1.0701739399382073,False,0.75,0.5868369935156175,0.7758154314022141,1.350824540747898,0.012500000000000178,True,True,0.42572467804142095,0.780114786774994,0.17300479969035815,0.7349067981316352,-0.5433777719736099,0.0028449409063524,True,0.0,False,False,-0.0016116495378397024,impact,False,
S,ppo,1,SS6,37,1167900726,success,dwell_complete,0.22785953477083581,1.6541666666666666,False,1.65,True,50,0,0,0,0,15,0,0,0,0,0,-0.6726957410573959,0,120,123,-0.08258771449327469,-0.21459650085978912,0.015414261408848811,0.27802672351272906,True,0.2552786498914044,0.00392410306896215,0.9499925428587563,False,0.5,0.6878586104500886,-0.8133346739137188,2.2020447585550396,0.025000000000000133,True,True,0.42572467804142095,-0.8911055810008637,0.12708990966366107,1.2106405877217639,-0.3661250174045563,-0.009207567639366563,False,0.016666666666666666,False,False,-0.0005852230508598578,impact,True,success_unloaded
S,ppo,1,SS6,39,305654731,success,dwell_complete,0.2481490221789364,1.4333333333333333,False,1.4333333333333333,True,43,0,0,0,0,15,0,0,0,0,0,-0.29340751469135284,0,112,120,-0.26758181154727934,-0.22385849371551428,-0.07072791805723985,0.18918253490211748,False,0.2605919678147635,-0.9990572511145694,1.086710188837343,False,0.0,0.6039451360995147,0.7488936233183495,2.421222131077999,0.02083333333333326,True,False,0.5349786999941107,0.7309899996495809,0.14261893030021178,1.1991259686400373,-0.30476774275302887,-0.0014184639366958218,False,0.004166666666666667,False,False,-0.002186069075191373,impact,True,success_unloaded
S,ppo,1,SS6,47,1541273511,success,dwell_complete,0.2585777262562942,1.475,False,1.475,True,45,0,0,0,0,15,0,0,0,0,0,-0.36921532452106476,0,120,126,-0.4183703541755676,-0.27556521256950367,-0.34717100726253397,-0.07300295100336962,False,0.2742875533467507,-0.781254687635175,1.110499600714474,False,0.125,1.0249027353803424,0.6810081176464694,2.1962965776682806,0.016666666666666607,True,False,1.110499600714474,0.6825823677538088,-0.01077490695232095,1.1264266249089412,-0.29385749995708466,-0.010954508747159501,False,0.029166666666666667,False,False,-0.0011229116164349316,impact,True,success_unloaded
S,ppo,1,SS6,59,160775593,success,dwell_complete,0.24204029344900096,1.6,False,1.6,True,48,0,0,0,0,15,0,0,0,0,0,-0.41620655357837677,0,112,120,-0.34505676180124284,-0.2787644958754185,-0.28928431644348646,-0.017069663822534855,False,0.2729957609097179,-0.486860258576983,1.0136781932949215,False,0.0,0.591021159353033,-0.02918958521402759,2.0645159914348366,0.02083333333333326,True,False,0.5306415830756205,-0.03325631106554485,0.1231705736300842,1.015759028538143,-0.5207294672727585,-0.004012498956425108,False,0.004166666666666667,False,False,0.0008704007763514865,impact,True,success_unloaded
S,ppo,1,SS6,63,190453351,success,dwell_complete,0.23449099469850465,1.5333333333333332,False,1.5333333333333332,True,46,0,0,0,0,15,0,0,0,0,0,-0.5182583928108215,0,112,120,-0.3076495587825775,-0.2814635639744517,-0.3197988809490955,-0.0444469612086779,False,0.27114089522595763,-0.02921221538190185,0.9917500663563187,False,0.0,0.674368264569786,-0.04715333566168902,2.02219116056673,0.025000000000000133,True,False,0.6290280071717099,-0.04521785461516652,0.0959309203838735,0.9908207760984616,-0.48077577352523804,0.0005806182069924681,True,0.0,False,False,0.00012936154169286877,impact,False,
S,ppo,1,SS6,73,722815722,success,dwell_complete,0.25460285616923195,1.4833333333333334,False,1.4833333333333334,True,46,0,0,0,0,14,0,0,0,0,0,-0.31794099882245064,0,80,124,-0.47937518954277036,-0.2723043580851213,-0.43308477559625425,-0.16573182627934757,False,0.2681969237922471,-0.883314149012185,1.099953810074588,False,0.0,1.0256675107980546,0.7216313576088391,1.7512394826399147,0.029166666666666563,True,False,0.9018570120038322,0.7461354095619414,0.04495112854856143,0.8837335482195333,-0.40774963796138763,-0.00796950498938762,False,0.020833333333333332,False,False,0.0007724792516313299,impact,True,success_unloaded
S,ppo,1,SS6,78,1532668767,success,dwell_complete,0.2650740074391631,1.6333333333333333,False,1.6333333333333333,True,49,1,0,0,0,15,0,0,0,0,1,-0.66871377825737,0,112,120,-0.03994467109441757,-0.27814552155960787,-0.17350927193769777,0.09440731086443843,False,0.26664504403525197,-0.7843058070129445,0.8487754955343185,False,0.0,0.506453124647474,-1.3211443626446435,0.633784259648167,0.012499999999999956,True,False,0.45754992880649625,-1.3213517403395019,0.10751668924574925,0.2744758518172589,-0.48956483602523804,0.0044471198755898856,True,0.0,False,False,8.554745386451219e-05,impact,False,
T,ppo,1,SS6,80,1765714094,success,dwell_complete,0.18635833883582315,1.7791666666666666,False,1.7791666666666666,True,54,0,0,0,0,15,0,0,0,0,0,-0.7292269170284271,0,104,125,-0.39222226589918135,-0.2674672177720904,-0.4839240048002449,-0.26219150916502776,False,0.18665769570443097,-0.6075414290110541,0.9218544468195042,False,0.0,0.9342372937277653,-0.2213495023248679,5.129263750483243,0.30000000000000004,False,True,0.42572467804142095,0.41828232827230855,0.16195288830981003,1.5810708086094765,-0.7480183392763138,-0.002847061517547559,False,0.03333333333333333,False,False,0.008717276455120167,post_contact_idle,True,success_unloaded
S,ppo,1,SS6,83,160799111,success,dwell_complete,0.27170285626464713,1.5208333333333333,False,1.5208333333333333,True,47,0,0,0,0,14,0,0,0,0,0,-0.49415478855371475,0,112,123,-0.20959662050008773,-0.25064416812738827,-0.15099486184424843,0.1410581325748613,False,0.28973947977277975,-0.7364648637756035,0.9602724472438502,False,0.0,0.8553424927188951,-0.02569448526696553,4.168976742974554,0.5000000000000002,False,True,0.42572467804142095,-0.3382225427089129,0.1421109239448724,1.1027237571683142,-0.3720340132713318,0.007781718969923114,True,0.0,False,False,0.07063069932201528,post_contact_idle,False,
S,ppo,1,SS6,94,537732710,success,dwell_complete,0.24824507230312515,1.5708333333333333,False,1.5708333333333333,True,48,0,0,0,0,15,0,0,0,0,0,-0.3806696981191635,0,120,127,-0.4302376002073288,-0.2959964445436209,-0.37211805847830737,-0.09314708594664732,False,0.28190034265955316,-0.22058722515667054,1.03461542190663,False,0.0,1.03461542190663,0.4480584201835558,1.817753809692659,0.016666666666666607,True,False,1.03461542190663,0.44840296153271475,0.002840371519998545,1.0122891845510036,-0.3549342155456543,0.002796570066329909,True,0.0,False,False,0.0008772332237253452,impact,False,
S,ppo,1,SS6,98,228857887,success,dwell_complete,0.23727091893671665,1.5958333333333332,False,1.5958333333333332,True,48,0,0,0,0,15,0,0,0,0,0,-0.606916218996048,0,104,121,-0.03276904672384262,-0.22173296983679028,-0.005898291604128047,0.24860024906703404,True,0.2453129043098903,-0.4748556825750735,0.8626862635138217,False,0.0,0.5468106658202153,-1.0392103432465716,2.82328370554268,0.04583333333333339,False,False,0.7621147356081404,-1.2068236073126424,0.027676823332563848,1.4119191677833982,-0.20134513825178146,0.009879354058627464,True,0.0,False,False,0.0035487094452039502,other,False,
S,ppo,1,SS6,104,1013111488,success,dwell_complete,0.2987087931901076,1.5791666666666666,False,1.5791666666666666,True,48,3,0,0,0,15,0,0,0,0,3,-0.6083538383245468,0,112,125,-0.3933639660477638,-0.3560218217808675,-0.6187427216239734,-0.28834397192563344,False,0.3325581397414446,-0.5133760614491978,0.9219022005175727,False,0.0,0.8018025247294938,-0.19486011665680494,2.5573862398499414,0.03333333333333344,False,False,0.44150349736525685,-0.06233749078214843,0.14426457961488984,1.3613219101868368,-0.8887938559055328,0.012573585359758955,True,0.0,False,False,0.0022616721446519932,other,False,
S,ppo,1,SS6,115,2081510509,success,dwell_complete,0.2737921498814779,1.4833333333333334,False,1.4833333333333334,True,45,0,0,0,0,15,0,0,0,0,0,-0.3243435323238373,0,120,124,-0.45140361338853835,-0.25628873357230775,-0.38243337484104806,-0.10510283100033907,False,0.2779606023109254,-0.8133765303754752,1.0438174682589156,False,0.375,0.8120326719273551,0.5593735201689313,2.0348868696254163,0.016666666666666607,True,False,1.0438174682589156,0.5606296404479691,0.0035455874234219887,1.0746707099677808,-0.3623213768005371,0.003338036478581772,True,0.0,False,False,0.0009292797412119351,impact,False,
S,ppo,1,SS6,132,1308035592,success,dwell_complete,0.24037515924782957,1.5625,False,1.5625,True,47,4,0,0,4,15,0,0,0,0,4,-0.5961136221885681,0,112,121,-0.1958223983645439,-0.30545980708874354,-0.37926685216036116,-0.11265007002488724,False,0.2675846821726472,-0.2761366307781463,0.8990649301936257,False,0.0,0.7096249375711072,-0.681178402945798,2.070719220997496,0.02083333333333326,True,False,0.6464782733636012,-0.6610102339972352,0.0755003590203141,0.9838559954024033,-0.5376444160938263,0.0070985230214866265,True,0.0,False,False,0.001692758598875754,impact,False,
S,ppo,1,SS6,136,813667634,success,dwell_complete,0.2317473160857639,1.5333333333333332,False,1.5375,True,46,6,0,0,0,15,0,0,0,0,6,-0.8244812786579132,0,120,120,0.057428020238876346,-0.30791548347628056,-0.21464399286620187,0.0360776999864473,False,0.25030719864895695,-0.0689360486576993,0.8121030029096692,False,0.875,0.47402196864995194,-1.8626361581103177,2.6872792290454455,0.02083333333333348,True,True,0.42572467804142095,-1.865581309410646,0.10088304986821298,1.3982218705027623,-0.5866161435842514,-0.0008344230848103121,False,0.004166666666666667,False,False,0.0005745907521602186,impact,True,success_unloaded
S,ppo,1,SS6,155,842395533,success,dwell_complete,0.23426834270211766,1.5875,False,1.5875,True,49,0,0,0,0,14,0,0,0,0,0,-0.6393679976463318,0,112,123,-0.1755214214324951,-0.28437800736540486,-0.24627384940978642,0.017568953843406798,False,0.2573419888473751,-0.1039961583215533,0.9145822911412373,False,0.0,0.8874032145731174,-1.0064426164471518,1.7889222729303689,0.03750000000000009,False,False,0.8602241380049975,-1.018370080668868,0.00893358926605252,0.893242296335892,-0.3033309280872345,-0.0047084284542931116,False,0.016666666666666666,False,False,0.001665274104743214,other,True,success_unloaded
S,ppo,1,SS6,159,1370568126,success,dwell_complete,0.2711465138883133,1.5291666666666666,False,1.5291666666666666,True,46,1,0,0,0,15,0,0,0,0,1,-0.451902374625206,0,120,121,-0.246397203207016,-0.2872235945113749,-0.26562015750785234,0.009616335876973237,False,0.2842252270954843,-0.6451544070783826,0.9216338598868772,False,0.75,0.549701973502785,-0.13900169091336886,2.8810017562408166,0.029166666666666785,True,True,0.42572467804142095,-0.13912816678846981,0.14552294644487115,1.4815883077924472,-0.6122451424598694,0.014867223497542792,True,0.0,False,False,0.00048805732786117454,impact,False,
S,ppo,1,SS6,165,1742164241,success,dwell_complete,0.2374239413497225,1.5208333333333333,False,1.5208333333333333,True,47,0,0,0,0,14,0,0,0,0,0,-0.46756987273693085,0,112,123,-0.2813897132873535,-0.24188153758587178,-0.16596215633311528,0.09328208864160505,False,0.25966535329821394,-0.3836666191088319,1.0313703835406995,False,0.0,0.9852032191749185,0.03487534638681361,1.5560275551677116,0.025000000000000133,True,False,0.9390360548091372,-0.022343682560726687,0.015527313948063878,0.7723878160259056,-0.1642402857542038,-0.007019994755109036,False,0.016666666666666666,False,False,0.0004877872742363122,impact,True,success_unloaded
S,ppo,1,SS6,166,778428015,success,dwell_complete,0.27194241860460727,1.4375,False,1.4375,True,44,0,0,0,0,15,0,0,0,0,0,-0.5918333977460861,0,112,127,-0.07420383244752884,-0.2647128000788656,-0.05811081742689808,0.27117837915080817,False,0.3078635206475361,-0.19769023591344984,1.0157302221083206,False,0.0,1.0157302221083206,-0.5012504195872701,3.2950137715309213,0.29166666666666674,False,True,0.42572467804142095,-1.2132231917678884,0.11781187183897981,0.8251769098497592,-0.6652856469154358,-0.02318460062719127,False,0.03333333333333333,False,False,0.02493066156560017,post_contact_idle,True,success_unloaded
S,ppo,1,SS6,170,1893555025,success,dwell_complete,0.2737717287597808,1.5208333333333333,False,1.5208333333333333,True,46,0,0,0,0,15,0,0,0,0,0,-0.5661676526069641,0,112,123,-0.24174001067876816,-0.24369922018816034,-0.19967722598407942,0.07915866015328624,False,0.2731008777885969,-1.175179081397723,0.9659778006115903,False,0.0,0.7333454369711977,-0.33917392051747225,1.9076238537747758,0.03333333333333344,False,False,0.500713073330805,-0.416526613983298,0.12021580063773092,0.9750573721840964,-0.4248393326997757,-0.000348529872621023,False,0.004166666666666667,False,False,5.251287221958517e-05,other,True,success_unloaded
S,ppo,1,SS6,176,200621214,success,dwell_complete,0.22981351088484456,1.5833333333333333,False,1.5833333333333333,True,49,0,0,0,0,14,0,0,0,0,0,-0.48544203490018845,0,104,124,-0.31626840978860854,-0.25751860097211593,-0.25665654038331837,-0.0029337143984957156,False,0.2441415011768747,-0.33723299105181065,1.0127171984999388,False,0.0,0.9521905062579457,0.1904323015609541,2.194447194648771,0.0625,False,False,0.748848264915381,0.15687316522863862,0.06767080953583682,1.1605472836186776,-0.37381576001644135,0.0012683512872485655,True,0.0,False,False,0.00010138213537537306,other,False,
S,ppo,1,SS6,184,1680960645,success,dwell_complete,0.2389525309885056,1.4166666666666667,False,1.4166666666666667,True,44,0,0,0,0,14,0,0,0,0,0,-0.30108292400836945,0,112,124,-0.19043973386287688,-0.22237363018427408,-0.03129411884227745,0.2213552147334796,True,0.25264405167800935,-0.5628229435618686,1.0559888637429244,False,0.0,0.9615488843337098,0.15941341979945006,1.6716802905767616,0.03749999999999987,False,False,0.8041489186516854,0.02363368410807706,0.05188203472144619,0.905966078433661,-0.0899340882897377,-0.011196128443516832,False,0.020833333333333332,False,False,-0.001000032101025687,other,True,success_unloaded
S,ppo,1,SS6,188,505357842,success,dwell_complete,0.29976438238750186,1.5,False,1.5,True,45,0,0,0,0,15,0,0,0,0,0,-0.3374023139476776,0,112,120,-0.175672447681427,-0.23936946629517605,-0.1139978617935953,0.18705682597959128,False,0.30170251477018617,-1.2150475313229192,0.9980162261851299,False,0.0,0.6190648461771134,0.673174062713507,2.2511575861889144,0.02499999999999991,True,False,0.5649289347473968,0.6732961886402753,0.13329596201037353,1.082755074852951,-0.3374023139476776,0.019277921796829137,True,0.0,False,False,-0.0035408305532345793,impact,False,
S,ppo,1,SS6,191,1002338391,success,dwell_complete,0.24322597784475442,1.4708333333333332,False,1.4708333333333332,True,45,0,0,0,0,15,0,0,0,0,0,-0.28154951333999634,0,32,127,-0.48376540243625643,-0.28386098948232147,-0.4750321580148558,-0.20437952854936947,False,0.27218513883755546,-0.2323825649989973,1.0812561889693637,False,0.0,1.0812561889693637,0.6331030516426234,1.8199153568603308,0.02083333333333348,True,False,1.0812561889693637,0.6533760828055687,-0.004903337351831767,0.9262790062573895,-0.43140627443790436,-0.006555633748331703,False,0.03333333333333333,False,False,0.0009439523268314284,impact,True,success_unloaded
S,ppo,1,SS6,199,2042228284,success,dwell_complete,0.23758553354134757,1.4041666666666666,False,1.4041666666666666,True,43,0,0,0,0,15,0,0,0,0,0,-0.41527408361434937,0,120,127,-0.2778335392475128,-0.27805491294786505,-0.35866713123719035,-0.12616628962455942,False,0.23748734617496717,-0.8188804469785126,0.9623782621530987,False,0.0,0.9623782621530987,0.2130499413668684,1.8612056251503295,0.02083333333333348,True,False,0.9623782621530987,0.24598330566110643,0.016179221102354917,0.9592511194344817,-0.37424153834581375,0.01338037509335326,True,0.0,False,False,2.698657469322204e-05,impact,False,
S,ppo,2,SS3,5,558736479,success,dwell_complete,0.24563914730042669,1.5541666666666667,False,1.5541666666666667,True,48,0,0,0,0,14,0,0,0,0,0,-0.19003495573997498,0,0,123,-0.3266482427716255,-0.2732461002472549,-0.3808845800847627,-0.12353150093175491,False,0.25707086746941565,-0.5811121820501609,0.9881500963165434,False,0.0,0.9384567778099476,0.10170383206264284,1.6838364930331038,0.02083333333333326,True,False,0.8887634593033517,0.11983056173881444,0.03269591826946856,1.0242210978018924,-0.4138505905866623,0.005015164812933134,True,0.0,False,False,0.0010581525106390787,impact,False,
S,ppo,2,SS3,29,1921923984,success,dwell_complete,0.23518051966282622,1.5291666666666666,False,1.5291666666666666,True,46,0,0,0,0,15,0,0,0,0,0,-0.14406229555606842,0,0,121,-0.26444571614265444,-0.26457684017618394,-0.2852847332951115,-0.02973470168763742,False,0.2555341924006887,-0.1963504447593354,1.010104118102102,False,0.0,0.7010093685564261,0.1437163975031252,1.5974580718727716,0.012500000000000178,True,False,0.597977785374534,0.14037870264419255,0.11018164764324047,0.8242065628530308,-0.46075862646102905,0.0005225947873193111,True,0.0,False,False,-0.0007846198700215241,impact,False,
S,ppo,2,SS3,49,346551576,success,dwell_complete,0.24365527388943425,1.6041666666666667,False,1.6041666666666667,True,49,1,0,0,0,15,0,0,0,0,1,-0.21203778684139252,0,0,127,-0.23147198110818862,-0.2697380664162946,-0.24771164393622447,0.011294389335755299,False,0.25932968167774295,-0.518359734923899,0.9739963294186555,False,0.0,0.9739963294186555,-0.1681315210234534,1.4014099177423247,0.012499999999999956,True,False,0.9739963294186555,-0.16808672020642532,0.002358782952101091,0.8521470266438304,-0.2636813744902611,0.002326244836439967,True,0.0,False,False,3.0992917790130445e-05,impact,False,
S,ppo,2,SS3,54,924557908,success,dwell_complete,0.22954591164488716,1.6416666666666666,False,1.6416666666666666,True,50,0,0,0,0,15,0,0,0,0,0,-0.21770478039979935,0,0,126,-0.20883335024118424,-0.2516252031546259,-0.17599405064857127,0.08722002011434692,False,0.26352649561869507,-0.061289075365122604,1.0120263854800386,False,0.0,0.9640601482605503,-0.35345737473408495,1.602681341120505,0.016666666666666607,True,False,1.0120263854800386,-0.3602975348148707,-0.012891342888495359,0.7846677602156571,-0.1664995327591896,-0.013550279091250485,False,0.029166666666666667,False,False,0.0001814106478713725,impact,True,success_unloaded
S,ppo,2,SS3,60,258404339,success,dwell_complete,0.24918076252181237,1.5458333333333334,False,1.5458333333333334,True,47,1,0,0,0,15,0,0,0,0,1,-0.16554777324199677,0,0,125,-0.24166861474514006,-0.26010415174958834,-0.24368382895188406,0.02431247844724005,False,0.2690271450070503,-0.6518035840817518,1.0307930790286624,False,0.0,0.9433196090507887,-0.0065545880695868355,1.9636001742364193,0.033333333333333215,False,False,0.6808991991171678,-0.00975117675726049,0.08376336120960491,1.0134870515063321,-0.2909594401717186,-0.008755387342495294,False,0.025,False,False,-0.00012003460764046031,other,True,success_unloaded
S,ppo,2,SS3,65,323032325,success,dwell_complete,0.24043527845959478,1.4291666666666667,False,1.4291666666666667,True,43,0,0,0,0,15,0,0,0,0,0,-0.1847175881266594,0,0,121,-0.2645800322294235,-0.25095934973898343,-0.22481088152999212,0.030349658593092434,False,0.25507596646037795,-0.3156071455767122,0.9908900462976485,False,0.0,0.8905515606023983,0.053587603822046005,1.7935776675484787,0.012499999999999956,True,False,0.8571053987039816,0.05830284574311978,0.039406782319764556,0.8134416773872988,-0.27959516644477844,0.0044928117715518755,True,0.0,False,False,0.0001484156404605195,impact,False,
S,ppo,2,SS3,68,960847886,success,dwell_complete,0.2698474377434512,1.6125,False,1.6125,True,49,0,0,0,0,15,0,0,0,0,0,-0.10819358378648758,0,0,125,-0.3160793572664261,-0.2634905053601856,-0.2617359653226278,0.01062423626620909,False,0.27229020719677294,-1.4940620134442633,1.0491435894914964,False,0.0,0.9369591481547273,0.4666170191321417,1.7488879178250103,0.02083333333333326,True,False,1.0491435894914964,0.4620835150517096,-0.0004838185004385572,1.0730746002741787,-0.237702414393425,-0.0004838185004385572,False,0.020833333333333332,False,False,0.00016586489026505243,impact,True,success_unloaded
S,ppo,2,SS3,72,1881702858,success,dwell_complete,0.2456099030360899,1.5916666666666666,False,1.5916666666666666,True,48,0,0,0,0,15,0,0,0,0,0,-0.15746699273586273,0,0,122,-0.26449414193630216,-0.26068324459088144,-0.25223732895157,0.01917835300705488,False,0.2713975124591177,-0.17090441734292133,1.0359384506353606,False,0.0,0.8441998876129176,0.08421017681444734,1.9467842073539647,0.012500000000000178,True,False,0.7291567497994519,0.08548107902036395,0.07399683453119561,0.9120160580541709,-0.3524673208594322,-0.0070974202017206585,False,0.0125,False,False,-0.00038542403641766846,impact,True,success_unloaded
S,ppo,2,SS3,73,289920193,success,dwell_complete,0.23622691659951847,1.475,False,1.475,True,45,0,0,0,0,15,0,0,0,0,0,-0.15722912549972534,0,0,126,-0.3252150148153305,-0.2538991386415082,-0.31425114917044766,-0.06037269157433683,False,0.2535499622645167,-0.4893119587528847,1.0442945776153356,False,0.0,1.000626093505911,0.21914270283798182,1.9028590544213813,0.02083333333333326,True,False,1.0442945776153356,0.22420709668439903,-0.005633743008597922,1.174711071784785,-0.29130204766988754,-0.005930449930708305,False,0.029166666666666667,False,False,0.00038887572117566466,impact,True,success_unloaded
S,ppo,2,SS3,82,1242778508,success,dwell_complete,0.24222219815562107,1.4916666666666667,False,1.4916666666666667,True,45,0,0,0,0,15,0,0,0,0,0,-0.22253072261810303,0,0,122,-0.22729941457509995,-0.2585151334913754,-0.23954120348041144,0.02136525686508324,False,0.26125473720297326,-0.5962885326946249,1.0022829577531542,False,0.0,0.8400710810370197,-0.11249950169556272,1.9817903941156427,0.012499999999999956,True,False,0.742743955007339,-0.11210975294381992,0.06506215512870318,1.1048342357530496,-0.23100312799215317,-0.0035906908076884852,False,0.0125,False,False,0.00012128214349122512,impact,True,success_unloaded
S,ppo,2,SS3,88,1372208371,success,dwell_complete,0.24742834304673275,1.5666666666666667,False,1.5666666666666667,True,47,0,0,0,0,16,0,0,0,0,0,-0.16318823397159576,0,0,128,-0.31213454306125643,-0.271508480268136,-0.32238464095168995,-0.0528806990472005,False,0.26937229359211523,-0.528738837041659,1.0160047164067088,False,0.0,0.9017749017419877,0.25486463761615863,1.9215017113972714,0.016666666666666607,True,False,0.8854563567898847,0.2581721429715306,0.03730392446301338,0.9228252846918648,-0.3681555837392807,0.0022117992997490133,True,0.0,False,False,-0.0002742544820041299,impact,False,
S,ppo,2,SS3,102,2010693803,success,dwell_complete,0.2520616260392297,1.475,False,1.475,True,45,0,0,0,0,15,0,0,0,0,0,-0.21742084622383118,0,0,126,-0.23915243297815322,-0.26929234574532335,-0.32586580210368005,-0.07528922488789519,False,0.25076972278833704,-1.2899395446325697,0.9353499073369185,False,0.0,0.9086816515699715,-0.24474138108692478,1.8526018845113013,0.02083333333333326,True,False,0.9353499073369185,-0.22660788093261555,0.011017474577961806,0.9532398058092415,-0.35154707729816437,0.00957776103007834,True,0.0,False,False,0.0008581451084547901,impact,False,
S,ppo,2,SS3,115,268198437,success,dwell_complete,0.23626230322108885,1.4291666666666667,False,1.4291666666666667,True,43,0,0,0,0,15,0,0,0,0,0,-0.06563582271337509,0,0,121,-0.37010270804166795,-0.25322204957627203,-0.2878487045319698,-0.011762010236018078,False,0.27522939683076086,-0.010738564304054931,1.073035870876489,False,0.0,0.6820660949986248,0.9091544268198727,1.817513621122179,0.008333333333333304,True,False,0.5517428363726702,0.9130293162685679,0.14324126589390557,0.8623134196620907,-0.4477946162223816,0.005344575440163548,True,0.0,False,False,-0.0016892522918902438,impact,False,
S,ppo,2,SS3,129,107904836,success,dwell_complete,0.2513790788184833,1.6,False,1.6,True,48,0,0,0,0,15,0,0,0,0,0,-0.17935196310281754,0,0,120,-0.2756146937608719,-0.26432608582140643,-0.2714684922837591,-0.010137590209291628,False,0.26139093490422055,-0.713422064628013,1.0339819621344222,False,0.0,0.9576939131253497,0.041157984944965934,2.0342867766300534,0.016666666666666607,True,False,0.9467956204097677,0.04141627500600086,0.015231250250062384,0.9604912367606102,-0.2944929376244545,-0.007779499573015089,False,0.004166666666666667,False,False,1.8569294231721952e-05,impact,True,success_unloaded
S,ppo,2,SS3,130,1674865942,success,dwell_complete,0.2613739313984266,1.6624999999999999,False,1.6624999999999999,True,50,0,0,0,0,15,0,0,0,0,0,-0.20769663155078888,0,0,121,-0.25279231518507006,-0.26615509499225304,-0.21217121574114728,0.061419509622919956,False,0.2735971464067848,-0.6152560688236436,0.9888259158516011,False,0.0,0.8335512994958092,-0.07673427524466567,2.154539130148739,0.01666666666666683,True,False,0.7817930940438785,-0.083278408303859,0.05553070429711145,1.1513317864351875,-0.2995917499065399,0.0017826226258190032,True,0.0,False,False,0.00011840171429897458,impact,False,
S,ppo,2,SS3,132,1332772073,success,dwell_complete,0.24746727187118472,1.5,False,1.5,True,45,0,0,0,0,15,0,0,0,0,0,-0.18371739238500595,0,0,120,-0.2508543595671654,-0.2589759596067945,-0.2521093138390358,-0.00011592601891489553,False,0.2520845728109813,-1.0499215013835435,1.045309777374041,False,0.0,0.8953350430413547,-0.033532535079792106,1.8066321176161133,0.016666666666666607,True,False,0.8739100809938282,-0.03344192067854667,0.03249084363092952,0.9429070848078277,-0.3125339671969414,-0.012818424123543663,False,0.004166666666666667,False,False,2.5361532566698237e-05,impact,True,success_unloaded
S,ppo,2,SS3,134,770293282,success,dwell_complete,0.2396771957123447,1.4458333333333333,False,1.4458333333333333,True,44,0,0,0,0,15,0,0,0,0,0,-0.17853020131587982,0,0,125,-0.2649826094508171,-0.25561212448072,-0.26774584640848426,-0.015183448995290975,False,0.2526010957822989,-0.794114743985958,1.0241119021935612,False,0.0,0.9214508176430969,0.025168021965984253,1.7572910678596092,0.012499999999999956,True,False,1.0241119021935612,0.024625547019344877,-0.005684473358368565,0.8639327963305938,-0.25972529500722885,-0.0057830709353895345,False,0.025,False,False,0.00010188235430173423,impact,True,success_unloaded
S,ppo,2,SS3,136,52561716,success,dwell_complete,0.23264482097498698,1.5333333333333332,False,1.5333333333333332,True,46,0,0,0,0,15,0,0,0,0,0,-0.11714952439069748,0,0,120,-0.3177967742085457,-0.2633439317470201,-0.3036820069027815,-0.03939355401276401,False,0.2637992205065846,-0.39560476432366026,1.0708034557030863,False,0.0,0.777168695651082,0.5007352973342749,2.098157772983314,0.012500000000000178,True,False,0.73522087278651,0.49786427129477295,0.08353050677577589,1.1460898531230075,-0.41741417348384857,-0.005897509400539621,False,0.004166666666666667,False,False,-0.0011202165136579524,impact,True,success_unloaded
S,ppo,2,SS3,142,538582925,success,dwell_complete,0.253469254042253,1.4833333333333334,False,1.4833333333333334,True,45,0,0,0,0,15,0,0,0,0,0,-0.17429541796445847,0,8,124,-0.2601912185549736,-0.25732816672524456,-0.25696830334395643,0.0008309904933633882,False,0.25780991076449894,-1.0315171302654436,1.0545609632715718,False,0.375,0.8187473563102652,0.010704970573671431,1.3312834155551352,0.02083333333333326,True,True,0.42572467804142095,0.010572234073891636,0.1522500260650828,0.8138296801763294,-0.4275207817554474,-0.014141943084971569,False,0.020833333333333332,False,False,1.850345813957447e-05,impact,True,success_unloaded
S,ppo,2,SS3,144,1170825572,success,dwell_complete,0.23481358354540385,1.5541666666666667,False,1.5541666666666667,True,47,0,0,0,0,15,0,0,0,0,0,-0.1728527471423149,0,0,123,-0.26370415836572647,-0.2694833497220602,-0.3153527904673327,-0.06429531055033973,False,0.2509976949044806,-0.4853327813677216,0.9867462468406394,False,0.0,0.7375338735064836,0.049821117609254895,1.3750900084434912,0.016666666666666607,True,False,0.4883215001723279,0.05522160959620598,0.1368940641436097,0.8316594358925385,-0.3923870176076889,0.003955273856234534,True,0.0,False,False,7.234448652748335e-05,impact,False,
S,ppo,2,SS3,156,1593741725,success,dwell_complete,0.24355475996156645,1.5583333333333333,False,1.5583333333333333,True,47,0,0,0,0,15,0,0,0,0,0,-0.18777962028980255,0,0,122,-0.22949266880750657,-0.2578128559703931,-0.22885615331512896,0.04050952850663721,False,0.2690891930330513,-0.11953113732670909,0.9658033246924659,False,0.0,0.6429373971804352,0.00252441651064655,1.2375059569441655,0.012499999999999956,True,False,0.4492178406732168,0.00309635117458837,0.14571927668678752,0.6906486273550617,-0.29939398169517517,0.009065370571315075,True,0.0,False,False,-0.00017074761890463388,impact,False,
S,ppo,2,SS3,187,1530772550,success,dwell_complete,0.24349880925029332,1.5666666666666667,False,1.5666666666666667,True,47,0,0,0,0,16,0,0,0,0,0,-0.14299499988555908,0,0,128,-0.2577884390950203,-0.25545692993043767,-0.22555037424562777,0.02620175338064952,False,0.25180768197560194,-0.8557741768221316,1.0102508057819306,False,0.0,0.9815178051304582,0.07534607192694831,1.295587374669585,0.012499999999999956,True,False,0.9774130907516764,0.07627634102310184,0.008054171233630692,0.772250057001632,-0.23314134031534195,-0.0005055928590906008,False,0.004166666666666667,False,False,-0.00019017983334253542,impact,True,success_unloaded
S,ppo,2,SS3,191,1615938081,success,dwell_complete,0.21275832666286718,1.4625,False,1.4583333333333333,True,44,0,0,0,0,15,0,0,0,0,0,-0.18831610679626465,0,0,121,-0.2618856534361839,-0.25948256905182593,-0.2537661347739475,-0.004037787061601349,False,0.24943188091878724,0.021583028815452945,1.0462155782084308,False,0.0,0.7390768944526092,-0.015314262743075215,1.715141700517924,0.01666666666666683,True,False,0.6366973332006687,-0.015385212004060194,0.09572725338750841,0.9404387054127485,-0.4103628695011139,-0.012620673442600008,False,0.008333333333333333,False,False,3.6714644205945974e-05,impact,True,success_unloaded
S,ppo,2,SS3,198,108547188,success,dwell_complete,0.2528901201027388,1.6083333333333334,False,1.6083333333333334,True,49,0,0,0,0,15,0,0,0,0,0,-0.2861582189798355,0,0,126,-0.1724237620830536,-0.26828734367648027,-0.2593557618051961,0.0026731277590044595,False,0.2625563496908378,-0.7099628673369095,0.9370581014819787,False,0.0,0.8880435738249614,-0.7547281882534811,1.8257867193068464,0.016666666666666607,True,False,0.9370581014819787,-0.7553464400463378,-0.0037230339119457526,1.09709034280947,-0.288267619907856,-0.003790292721446718,False,0.029166666666666667,False,False,0.0013880425950283275,impact,True,success_unloaded
S,ppo,2,SS3,199,1565262016,success,dwell_complete,0.23116224214748685,1.625,False,1.625,True,50,0,0,0,0,14,0,0,0,0,0,-0.20834796130657196,0,0,122,-0.2958980143070221,-0.27140187879664024,-0.3086192688604405,-0.03975219230917365,False,0.26828102480284305,-0.0939238083938957,0.9961431593520632,False,0.0,0.8731463805276262,-0.00780659123546042,1.3345256299490977,0.02499999999999991,True,False,0.799348313232964,-0.00449304423630384,0.052784468141008546,0.7826739889935809,-0.3762111961841583,0.0006418898581190352,True,0.0,False,False,0.00024649784696098467,impact,False,
S,ppo,2,SS4,15,217668846,success,dwell_complete,0.2213008983834265,1.5166666666666666,False,1.5166666666666666,True,46,0,0,0,0,15,0,0,0,0,0,-0.31053104996681213,0,0,124,-0.213596373796463,-0.2814614823076009,-0.3316182530969087,-0.08424921435405844,False,0.24850994662868797,-0.14863532397985801,0.9828311741675154,False,0.0,0.8300693364420738,-0.5719589440303929,1.5902024149142318,0.016666666666666607,True,False,0.9828311741675154,-0.5688810288515954,-0.010961519975627347,0.7954360137103204,-0.3412386327981949,-0.011668404008717716,False,0.020833333333333332,False,False,0.0009430955641529081,impact,True,success_unloaded
S,ppo,2,SS4,16,696548069,success,dwell_complete,0.254991983139761,1.675,False,1.675,True,51,0,0,0,0,15,0,0,0,0,0,-0.2470322549343109,0,0,126,-0.19426757842302322,-0.27070390817346696,-0.22693762016378602,0.03308229297545173,False,0.2613061049849202,-0.8645780606465913,0.9440528802155321,False,0.0,0.8893025601799147,-0.20496331523282868,1.865035806145877,0.012499999999999956,True,False,0.9440528802155321,-0.2046450175285043,0.009254234001011516,0.8642464599828814,-0.25805671513080597,0.009226561692918907,True,0.0,False,False,-0.0005421892735450258,impact,False,
S,ppo,2,SS4,23,2087876775,success,dwell_complete,0.2242807717328157,1.425,False,1.425,True,44,0,0,0,0,14,0,0,0,0,0,-0.19521262496709824,0,0,122,-0.31841177940368653,-0.2623123715576196,-0.3067228929763213,-0.05862755804425406,False,0.24587296946771212,-0.31790724885489124,0.9973877809728721,False,0.0,0.890253180986548,0.07429149589854644,1.5664594047785125,0.016666666666666607,True,False,0.8259724209947535,0.07522782408288144,0.04793972418659171,0.8711236148133052,-0.36187590658664703,0.002404157674950592,True,0.0,False,False,0.0003001902095127272,impact,False,
S,ppo,2,SS4,25,1955270286,success,dwell_complete,0.23763972152368487,1.5416666666666667,False,1.5416666666666667,True,47,2,0,0,0,15,0,0,0,0,2,-0.3654738664627075,0,0,126,-0.30481322705745695,-0.29241742809218507,-0.4072195394533529,-0.15152066275989948,False,0.2560353506384286,-0.5385555227003642,0.9564779995912992,False,0.0,0.9006148531267658,-0.3402269437460227,1.7366567079269535,0.02083333333333326,True,False,0.9564779995912992,-0.3253435986345058,0.00261995688053776,0.8493236859824324,-0.4285431057214737,0.0015427054554036155,True,0.0,False,False,0.0013717150156435634,impact,False,
S,ppo,2,SS4,35,1846185832,success,dwell_complete,0.24129653685154062,1.5708333333333333,False,1.5708333333333333,True,48,0,0,0,0,15,0,0,0,0,0,-0.20058269798755646,0,0,127,-0.33624344021081926,-0.26397810842548564,-0.3321811925313664,-0.07450070049076152,False,0.25792459531130807,-0.5036450248502584,1.0038989333784922,False,0.0,1.0038989333784922,0.16833762921812212,1.587887835356085,0.02499999999999991,True,False,1.0038989333784922,0.17754954657152133,0.003720485893312333,0.8803713122725192,-0.33018824458122253,0.003351063564737036,True,0.0,False,False,0.0005154228316366613,impact,False,
S,ppo,2,SS4,57,1109774061,success,dwell_complete,0.2520298956923728,1.5791666666666666,False,1.5791666666666666,True,48,0,0,0,0,15,0,0,0,0,0,-0.3291739672422409,0,0,125,-0.2027790516614914,-0.2748851831882335,-0.2767950384809806,-0.01348477083351467,False,0.2644519936546392,-0.41007935884113467,0.8909322596250678,False,0.0,0.8097323694617412,-0.4209241577271162,1.8539850861489495,0.02083333333333348,True,False,0.8909322596250678,-0.4173333776653295,0.017538523983958037,0.8784317333171164,-0.31980063021183014,0.01736800562069894,True,0.0,False,False,0.0003083501333613033,impact,False,
S,ppo,2,SS4,59,1875727330,success,dwell_complete,0.22411743871397136,1.5625,False,1.5625,True,47,0,0,0,0,15,0,0,0,0,0,-0.1240500658750534,0,0,121,-0.2417630895972252,-0.24560336319348464,-0.16276428900994488,0.09023411757140816,False,0.2518447143174441,-0.26493730031396506,1.036104890532338,False,0.0,0.7219682394490234,0.1657761848335595,2.280110775896509,0.02499999999999991,True,False,0.6172560224212519,0.14991601913488772,0.10531520574831968,1.1578717398032923,-0.336426816880703,-0.004373434731510278,False,0.008333333333333333,False,False,-0.0007762910882787719,impact,True,success_unloaded
S,ppo,2,SS4,69,1916697051,success,dwell_complete,0.25512508728975464,1.6291666666666667,False,1.6291666666666667,True,49,0,0,0,0,15,0,0,0,0,0,-0.1538522019982338,0,0,121,-0.25598706901073454,-0.2679732968422001,-0.2431795472248608,0.02419997213559838,False,0.26723372886677016,-0.7294166270466484,0.9951228248392767,False,0.0,0.8001300151083707,0.03920010642928069,1.8664947670820071,0.012499999999999956,True,False,0.7351324118647353,0.03963226895841908,0.071155679813336,0.852888348289483,-0.348830983042717,0.0023814820041058856,True,0.0,False,False,-0.00028719090103106356,impact,False,
S,ppo,2,SS4,81,1069232166,success,dwell_complete,0.24660860285244487,1.5541666666666667,False,1.5541666666666667,True,47,0,0,0,0,15,0,0,0,0,0,-0.2119864672422409,0,0,123,-0.3145549699664116,-0.2793040499081289,-0.38645810003108366,-0.12283186467538423,False,0.26378521775974895,-0.7702255219969097,1.0576066666561097,False,0.0,0.9454047280143303,0.1316179598215646,1.5689296354802484,0.02083333333333326,True,False,0.8332027893725509,0.1508400926649793,0.048229635167623214,0.8356324960069658,-0.40767359733581543,-0.012741535838575301,False,0.016666666666666666,False,False,0.0006479390484753777,impact,True,success_unloaded
S,ppo,2,SS4,85,2081940702,success,dwell_complete,0.2685937715547321,1.6458333333333333,False,1.6458333333333333,True,50,0,0,0,0,15,0,0,0,0,0,-0.15342921763658524,0,0,125,-0.27300211042165756,-0.25901029113274804,-0.2387998540929601,0.0391070297139614,False,0.27773026584675464,-1.1590040153920573,1.034913629906112,False,0.0,0.8975865999470053,0.15216361481682736,1.6949780175895062,0.012499999999999956,True,False,1.034913629906112,0.15406332679129084,-0.005063287863714111,0.7535490912413064,-0.22394795715808868,-0.0052590022603773556,False,0.025,False,False,0.0004357592083358834,impact,True,success_unloaded
S,ppo,2,SS4,89,1460784246,success,dwell_complete,0.2516430381823972,1.5333333333333332,False,1.5333333333333332,True,46,0,0,0,0,15,0,0,0,0,0,-0.12007221579551697,0,0,120,-0.24640701115131378,-0.2526734863844611,-0.2237250081610161,0.03269478148951748,False,0.2569822420829898,-0.8946100703882885,1.0137334940628835,False,0.0,0.9381519360174606,0.07298717901345175,1.706854041384349,0.01666666666666683,True,False,0.9273545705824002,0.07253956456971918,0.021069454487579076,0.894082201217548,-0.25895507633686066,-0.0016374946596449632,False,0.004166666666666667,False,False,-1.852755168140602e-05,impact,True,success_unloaded
S,ppo,2,SS4,94,1246638828,success,dwell_complete,0.22254130874307737,1.5625,False,1.5625,True,47,0,0,0,0,15,0,0,0,0,0,-0.28363895416259766,0,0,121,-0.21906213462352753,-0.2865592898828045,-0.4341301211509715,-0.1967592768792991,False,0.23749451848583095,-0.38405975593471575,0.907245315398215,False,0.0,0.920772138148504,-0.5706356950471161,1.3944905078226058,0.02499999999999991,True,False,0.925281079065267,-0.48801162461776965,0.006593011307609731,0.7581173841006585,-0.4582355171442032,0.003055678032806165,True,0.0,False,False,0.0017443125720452866,impact,False,
S,ppo,2,SS4,111,1101765951,success,dwell_complete,0.23857079648231172,1.6208333333333333,False,1.6208333333333333,True,49,0,0,0,0,15,0,0,0,0,0,-0.14698561280965805,0,0,123,-0.37612306177616117,-0.2731352994579004,-0.3733575187467215,-0.10096989475165552,False,0.27114909058165293,-0.08872385312337394,1.0461093241003259,False,0.0,0.9168950694070321,0.3669475565674158,2.042535584693134,0.016666666666666607,True,False,0.7876808147137386,0.37025767444895763,0.06611019291700199,1.0046233880606692,-0.40903910994529724,-0.0027965315791010185,False,0.016666666666666666,False,False,0.00040735164899072945,impact,True,success_unloaded
S,ppo,2,SS4,123,1422627062,success,dwell_complete,0.22510710265992007,1.575,False,1.575,True,48,0,0,0,0,15,0,0,0,0,0,-0.02759268879890442,0,0,126,-0.2424201935529709,-0.22257366303641815,-0.11239765915031331,0.1479570060576447,False,0.25911302130367925,-0.22894583796848292,1.0793933683854693,False,0.0,1.024060055245265,0.33338288872727784,1.754973777285456,0.016666666666666607,True,False,1.0793933683854693,0.32822824158328756,-0.012232060227693067,0.8721260652064242,-0.07686828821897507,-0.012780366797689001,False,0.029166666666666667,False,False,-0.0007488223241399897,impact,True,success_unloaded
S,ppo,2,SS4,135,1161446768,success,dwell_complete,0.22752180365444996,1.6041666666666667,False,1.6041666666666667,True,49,0,0,0,0,15,0,0,0,0,0,-0.3067687377333641,0,0,127,-0.17654666751623155,-0.28277357864831004,-0.28383624573105937,-0.03539776910887278,False,0.2494338118099942,-0.21802429425374056,0.9336043330300655,False,0.0,0.9336043330300655,-0.7108766709876653,1.6874503348085894,0.02083333333333326,True,False,0.9336043330300655,-0.7037651587660363,-0.0015708065140591064,0.9266855799183459,-0.32044898718595505,-0.0020386986433760658,False,0.03333333333333333,False,False,0.000953949191798553,impact,True,success_unloaded
S,ppo,2,SS4,140,451247318,success,dwell_complete,0.25086961303015015,1.5208333333333333,False,1.5208333333333333,True,46,0,0,0,0,15,0,0,0,0,0,-0.15120680630207062,0,0,123,-0.2497578963637352,-0.2533557141267759,-0.19504421048690887,0.07312420259678898,False,0.2675949723157047,-0.6011548179729417,1.0389454890989929,False,0.0,0.8277633087584029,0.18047193134898065,1.3279720078426862,0.01666666666666683,True,False,0.6165811284178129,0.17863907205856308,0.10613516551957199,0.7733137500049355,-0.17079788446426392,-0.005499784973262538,False,0.016666666666666666,False,False,-0.0005435893022252824,impact,True,success_unloaded
S,ppo,2,SS4,145,1286322466,success,dwell_complete,0.25625365044443676,1.6541666666666666,False,1.6541666666666666,True,50,0,0,0,0,15,0,0,0,0,0,-0.18762139230966568,0,0,123,-0.3643563061952591,-0.28022277473079593,-0.3938129442098561,-0.12001155875231549,False,0.2737870046972292,-0.40959635504947994,1.0152387617732954,False,0.0,0.8515436348667832,0.16312823075537325,1.6027876241708323,0.01666666666666683,True,False,0.687848507960271,0.16747994700694213,0.08695698520246947,0.9190709437083396,-0.3407633677124977,-0.0005319969312632579,False,0.0125,False,False,0.001081135838926938,impact,True,success_unloaded
S,ppo,2,SS4,147,1697022180,success,dwell_complete,0.24342913430791674,1.6125,False,1.6125,True,50,0,0,0,0,14,0,0,0,0,0,-0.35115261375904083,0,16,125,-0.305232846736908,-0.29217453059045967,-0.33745974355910474,-0.05493588744961754,False,0.2724833039741847,-0.47346588375205273,1.0670149729949194,False,0.0,0.9481592025708717,-0.12384788280612054,1.5024911471485902,0.04999999999999982,False,False,0.5915918912987284,-0.11048399081209848,0.10168088639734621,0.7463254038440693,-0.477118581533432,-0.023327852782041438,False,0.025,False,False,0.0019198047618339436,other,True,success_unloaded
S,ppo,2,SS4,157,990009387,success,dwell_complete,0.22568735539200588,1.475,False,1.475,True,45,0,0,0,0,15,0,0,0,0,0,-0.25530771911144257,0,0,126,-0.2907841086387634,-0.2618889905260679,-0.30276843035296475,-0.05758128272990788,False,0.2453598614427844,-0.23154379862947347,0.9774275227549873,False,0.0,0.9251957688091711,-0.03219830391941296,1.6189080216350689,0.02083333333333326,True,False,0.9774275227549873,-0.028289233174006174,0.004929907606408226,0.7133052086201743,-0.3176517114043236,0.004721044203603346,True,0.0,False,False,0.00041464712613109247,impact,False,
S,ppo,2,SS4,161,846331680,success,dwell_complete,0.24803552507324805,1.5666666666666667,False,1.5666666666666667,True,47,2,0,0,0,16,0,0,0,0,2,-0.10476865991950035,0,0,128,-0.19990754425525664,-0.24854398972440053,-0.17404104076358087,0.08604789222780639,False,0.2597108702485172,-0.6406256979099363,1.0433514286825134,False,0.0,0.8940464998602873,0.05101591801023769,1.8315655005930775,0.029166666666666563,True,False,0.872717224314255,0.0424982835815143,0.03399590443004421,0.8541961868935349,-0.23186583817005157,-0.009962937503327374,False,0.004166666666666667,False,False,-0.00045512347170421674,impact,True,success_unloaded
S,ppo,2,SS4,162,1307500521,success,dwell_complete,0.2487096578100248,1.5958333333333332,False,1.5958333333333332,True,48,0,0,0,0,15,0,0,0,0,0,-0.17724385857582092,0,0,121,-0.26984156370162965,-0.26617984540924317,-0.2705483169565899,-0.012787233429997292,False,0.2575986730179279,-0.5448750117596273,1.0367950925108413,False,0.0,0.8533938274055779,0.013483806751144203,2.031104374687774,0.01666666666666683,True,False,0.79226007237049,0.014077619797238233,0.05537545302749301,0.977651365155392,-0.3590216562151909,-0.009411159311141084,False,0.008333333333333333,False,False,4.8529549698260694e-05,impact,True,success_unloaded
S,ppo,2,SS4,176,927760525,success,dwell_complete,0.23825618788231642,1.6333333333333333,False,1.6333333333333333,True,49,0,0,0,0,15,0,0,0,0,0,-0.203982375562191,0,0,120,-0.335026790201664,-0.2805344898715594,-0.35976890548373086,-0.08190943610535861,False,0.2777263193422269,-0.030247119878652654,1.0053269792628519,False,0.0,0.7978769341782781,0.19856737345290873,1.5120127107603731,0.012499999999999956,True,False,0.7682412134519104,0.1976217832062125,0.06666331541554414,0.8371019615453709,-0.44417640566825867,0.003680920934172513,True,0.0,False,False,0.0005473999311336386,impact,False,
S,ppo,2,SS4,188,638130436,success,dwell_complete,0.2528835840675441,1.6458333333333333,False,1.6458333333333333,True,50,0,0,0,0,15,0,0,0,0,0,-0.1565011963248253,0,0,125,-0.255603601038456,-0.26146492374385205,-0.2545106881244421,0.009716437076008484,False,0.2646453554920491,-0.7137122163691608,1.0672685981025867,False,0.0,0.9463672759437528,-0.04224206666021152,1.6911254773495623,0.012499999999999956,True,False,1.0672685981025867,-0.041832410702348284,-0.018934799051272298,0.7686896464934945,-0.22661349177360535,-0.01897923137531013,False,0.025,False,False,2.392967054118716e-05,impact,True,success_unloaded
S,ppo,2,SS4,189,479807060,success,dwell_complete,0.24011613524847208,1.625,False,1.625,True,49,0,0,0,0,15,0,0,0,0,0,-0.1626027747988701,0,0,122,-0.29253934174776075,-0.25328594868174426,-0.2527008766041569,0.014418695718282729,False,0.266670420740457,-0.25647111539536877,0.9838649036892062,False,0.0,0.9156790589374755,0.21919891654516252,2.2601959746256504,0.03749999999999987,False,False,0.8747675520864372,0.21619826565523492,0.03649350209853454,1.1973080073297273,-0.2721829265356064,0.008678649752064215,True,0.0,False,False,0.02187407727105412,other,False,
S,ppo,2,SS4,194,2027452974,success,dwell_complete,0.26699177636718846,1.6624999999999999,False,1.6624999999999999,True,50,0,0,0,0,15,0,0,0,0,0,-0.2220793068408966,0,0,121,-0.24381525814533234,-0.2628216072073059,-0.20777829788049745,0.06049448050507136,False,0.2691056213230257,-1.0637618595206977,0.9841772972570884,False,0.0,0.7398575289736598,-0.07951134865542349,0.8121932644474001,0.01666666666666683,True,False,0.6584176062125169,-0.0838678506776517,0.08811212680526492,0.4182795814894622,-0.35948044806718826,0.0026413612342844083,True,0.0,False,False,0.0012019792112259522,impact,False,
S,ppo,2,SS5,8,1065105648,success,dwell_complete,0.2543485782194342,1.4458333333333333,False,1.4458333333333333,True,45,0,0,0,0,14,0,0,0,0,0,-0.4011281132698059,0,0,125,-0.22597940862178803,-0.28717384534587825,-0.31271904814857493,-0.03405809427160729,False,0.2772110072646683,-0.5009133528105686,0.933516107606457,False,0.0,0.8912622493027423,-0.5063818343525672,1.579253553955002,0.03750000000000009,False,False,0.7645006743915982,-0.5053519686368662,0.04754428208254845,0.8761522171077715,-0.3949776291847229,0.0028987107562309725,True,0.0,False,False,0.0001330542642294468,other,False,
S,ppo,2,SS5,17,419316027,success,dwell_complete,0.2402271496597332,1.4916666666666667,False,1.4916666666666667,True,46,0,0,0,0,14,0,0,0,0,0,-0.23918584361672401,0,0,122,-0.21720953583717345,-0.26084943135648647,-0.22659183219185844,0.018239490795340613,False,0.24510424007690396,-0.9548338041887178,0.9683161410937006,False,0.0,0.8708479575349776,-0.40817643571352075,1.8284947342424382,0.02083333333333326,True,False,0.8123670473997436,-0.4140523315614181,0.03848714526727733,0.8886083054915624,-0.29805707931518555,-0.002471764775905678,False,0.0125,False,False,0.0005416938555360166,impact,True,success_unloaded
S,ppo,2,SS5,18,1615341671,success,dwell_complete,0.23640527194887198,1.5791666666666666,False,1.5791666666666666,True,48,0,0,0,0,15,0,0,0,0,0,-0.22917913645505905,0,0,125,-0.09469491839408875,-0.2435377943605893,-0.1464399916527048,0.1037979698499282,False,0.25150777603451313,-0.334246223532431,0.9076169919178554,False,0.0,0.8054127266023472,-0.5726796449301275,1.5668085097865685,0.008333333333333304,True,False,0.9076169919178554,-0.5799824613464682,0.008758661357739962,0.7350784480480105,-0.19066395610570908,0.008535023831909704,True,0.0,False,False,-0.0014977265067642833,impact,False,
S,ppo,2,SS5,20,702950301,success,dwell_complete,0.2358569832292545,1.3458333333333332,False,1.3458333333333332,True,41,0,0,0,0,15,0,0,0,0,0,-0.05286741256713867,0,0,125,-0.25229147970676424,-0.22705934968556057,-0.14191230654489878,0.11285541958177499,False,0.25174476082689445,-0.3051997701678235,1.0849369676194085,False,0.0,0.9538471240825931,0.42982331949822883,1.7063577099803506,0.025000000000000133,True,False,0.5605775934721468,0.41451757389026483,0.12715591979982604,0.7933223185139048,-0.27154384553432465,-0.011399396747004634,False,0.025,False,False,-0.0011312156253505746,impact,True,success_unloaded
S,ppo,2,SS5,30,1268272897,success,dwell_complete,0.24606521510424503,1.625,False,1.625,True,49,0,0,0,0,15,0,0,0,0,0,-0.08347244560718536,0,0,122,-0.31132265031337736,-0.26093903454298817,-0.2327577422769642,0.04206489567102261,False,0.273803566937947,-0.2795069051467016,1.0243476731038759,False,0.0,0.6724086720698876,0.37477339886430117,1.8949975132664836,0.012499999999999956,True,False,0.4612452714494949,0.37573155304472705,0.15262053743304546,1.0756654296930674,-0.343176506459713,0.003697986786584069,True,0.0,False,False,9.620879415584012e-06,impact,False,
S,ppo,2,SS5,33,714116886,success,dwell_complete,0.25307079044624936,1.5708333333333333,False,1.5708333333333333,True,48,0,0,0,0,15,0,0,0,0,0,-0.10851003974676132,0,0,127,-0.23158071637153627,-0.24722129206359802,-0.18664026336754577,0.06440872507806718,False,0.25611858712910246,-0.8274650772299961,1.0059313953881028,False,0.0,1.0059313953881028,0.15721992257615247,1.5454005991096287,0.029166666666666785,True,False,1.0059313953881028,0.15069356015433932,0.0016775220072580835,0.7407384003315908,-0.1858835220336914,0.0016775220072580835,True,0.0,False,False,-0.0003111931591710109,impact,False,
S,ppo,2,SS5,64,277549337,success,dwell_complete,0.2643034380736439,1.5416666666666667,False,1.5416666666666667,True,47,0,0,0,0,15,0,0,0,0,0,-0.04497724771499634,0,0,126,-0.5475890532135963,-0.275729609318476,-0.4475521174093422,-0.15176025827153095,False,0.2944732829387348,-0.4833520647712802,1.1656214875408584,False,0.0,1.098530589666591,1.3273441732053777,1.8059031122466878,0.008333333333333304,True,False,1.1656214875408584,1.3202979594358495,-0.008176283898693508,0.7938892845667055,-0.3664476200938225,-0.00855613230494883,False,0.029166666666666667,False,False,-0.0013213594107530891,impact,True,success_unloaded
S,ppo,2,SS5,73,66480997,success,dwell_complete,0.21858248119231166,1.4791666666666667,False,1.4791666666666667,True,45,0,0,0,0,15,0,0,0,0,0,-0.2525263801217079,0,0,125,-0.2801524564623833,-0.26531485319825426,-0.33954502651243107,-0.09410406394320292,False,0.23966970936956097,-0.34734523194605776,1.0520510350429275,False,0.0,1.0175134067632219,-0.22881903646858487,1.6645386139999117,0.04999999999999982,False,False,0.9139005219241045,-0.19734676731160186,0.015065838717271846,0.8217591279472721,-0.32080361992120743,-0.021658814032568478,False,0.025,False,False,0.029915322385620172,other,True,success_unloaded
S,ppo,2,SS5,80,1856283101,success,dwell_complete,0.24622515028702854,1.6375,False,1.6375,True,50,0,0,0,0,15,0,0,0,0,0,-0.1755301058292389,0,0,127,-0.20187728852033615,-0.26944895327843105,-0.1888980591526059,0.07041898851629848,False,0.2590156608655569,-0.7725981576236243,0.9553131495295887,False,0.0,0.9553131495295887,-0.1601457423972362,1.988516146536894,0.02083333333333326,True,False,0.9553131495295887,-0.16541993472828473,0.007264877074831174,1.0419976835036018,-0.2140517234802246,0.007076414900142737,True,0.0,False,False,-0.0004716191701433935,impact,False,
S,ppo,2,SS5,82,1159581122,success,dwell_complete,0.23274627544327486,1.7541666666666667,False,1.7583333333333333,True,53,1,0,0,0,15,0,0,0,0,1,-0.5124531090259552,0,0,123,-0.2069217413663864,-0.3290925386730216,-0.5271383195810049,-0.2792675748839578,False,0.24538390201219965,-0.5031434266539024,0.866430423704137,False,0.0,0.9246264349613013,-1.0445474737601748,1.815259431864981,0.02083333333333326,True,False,0.9828224462184656,-1.0033698329925065,-0.022828789635085032,1.0437168231786706,-0.5124531090259552,-0.023584612971818807,False,0.03333333333333333,False,False,0.002811559583877279,impact,True,success_unloaded
S,ppo,2,SS5,106,158713044,success,dwell_complete,0.265645276570113,1.5,False,1.5,True,45,0,0,0,0,15,0,0,0,0,0,-0.33302729576826096,0,48,120,-0.4238309606909752,-0.283841134261959,-0.43452935233057377,-0.129636910925053,False,0.288817222831897,-0.4516639096225802,0.9472717319550612,False,0.0,0.9233866541095229,0.3408203145959253,4.275019897706147,0.41249999999999987,False,False,0.42660472698649493,0.5026015546852046,0.16347631337678417,0.9959061543235317,-0.3058759421110153,0.02118194464181241,True,0.0,False,False,0.06293479461351656,other,False,
S,ppo,2,SS5,108,1149126053,success,dwell_complete,0.23383691011786745,1.6041666666666667,False,1.6041666666666667,True,49,0,0,0,0,15,0,0,0,0,0,-0.28740372508764267,0,0,127,-0.21291727274656297,-0.27624124024669,-0.25664918601872405,-0.009155557031187233,False,0.2488180716935896,-0.4659517226423288,0.9410098732400894,False,0.0,0.9410098732400894,-0.3961933931777627,1.937472137854764,0.012499999999999956,True,False,0.9410098732400894,-0.39623620502501355,0.004898419146859808,1.1124295114469895,-0.29157721996307373,0.004842646519190541,True,0.0,False,False,0.00026972183862049456,impact,False,
S,ppo,2,SS5,110,808532272,success,dwell_complete,0.21697749773048727,1.4583333333333333,False,1.4583333333333333,True,45,0,0,0,0,14,0,0,0,0,0,-0.38463013619184494,0,0,122,-0.22306651324033738,-0.2778384582210098,-0.28280585488939264,-0.023896501236251196,False,0.24994431686309007,-0.05402008559446899,0.9699862146936333,False,0.0,0.8268893472654437,-0.40190828220841346,1.9389999697019378,0.03750000000000009,False,False,0.7410312268085298,-0.39479167860434433,0.05618794903308377,0.9481978035953866,-0.3830953985452652,-0.0036404500052232215,False,0.0125,False,False,0.0003955693915089546,other,True,success_unloaded
T,ppo,2,SS5,119,450399838,success,dwell_complete,0.2282703335008944,1.5333333333333332,False,1.5333333333333332,True,46,0,0,0,0,15,0,0,0,0,0,-0.331928014755249,0,8,120,-0.21949118971824647,-0.2800395847059304,-0.2548305568132857,0.005629001983525739,False,0.263975272825379,-0.11582132323308171,0.9143990771069987,False,0.0,0.8567548244840612,-0.2350268761749117,5.282578974659353,0.4916666666666667,False,True,0.42572467804142095,-0.08148055817043129,0.14393990632676953,0.12681111569760437,-0.4137185364961624,0.01374909945100933,True,0.0,False,False,0.1016847700225825,post_contact_idle,False,
S,ppo,2,SS5,120,1581704015,success,dwell_complete,0.26039875483925606,1.6208333333333333,False,1.6208333333333333,True,49,0,0,0,0,15,0,0,0,0,0,-0.15371060371398926,0,0,123,-0.2084636688232422,-0.2636115064948374,-0.19793259468471516,0.07211104744560363,False,0.26989492248750324,-0.8821195056586938,0.9684813076026938,False,0.0,0.7986573876259895,-0.008746943622288145,1.7056507414835653,0.016666666666666607,True,False,0.6288334676492852,-0.009984115033668996,0.09794291589536827,0.8517937482179676,-0.17061886936426163,0.008159977211538943,True,0.0,False,False,-0.0008645264764236775,impact,False,
S,ppo,2,SS5,122,1975348375,success,dwell_complete,0.25538077656534613,1.5125,False,1.5125,True,46,0,0,0,0,15,0,0,0,0,0,-0.30593904107809067,0,0,125,-0.354437030851841,-0.2814761165689013,-0.3437981629774426,-0.08591696932750127,False,0.25877576243561673,-0.9075387284340547,0.9565249931883477,False,0.0,0.8535475628408467,-0.3055332690836188,1.5376551614565026,0.016666666666666607,True,False,0.9565249931883477,-0.31146985325485543,0.003024457092504435,0.7530429091263943,-0.3662857264280319,0.0027510535383178628,True,0.0,False,False,0.0020493518275131,impact,False,
S,ppo,2,SS5,127,1555871774,success,dwell_complete,0.2599996628417628,1.5791666666666666,False,1.5791666666666666,True,48,0,0,0,0,15,0,0,0,0,0,-0.41546568274497986,0,0,125,-0.2534598484635353,-0.285076848562862,-0.3213795930974712,-0.05596835516990187,False,0.2643600653657102,-1.00097277683278,0.954411677815646,False,0.0,0.8457188231372431,-0.6479223909190007,1.8193251472129044,0.02083333333333348,True,False,0.954411677815646,-0.6538035789328526,-0.005744205394597367,1.0291314141245982,-0.34517546743154526,-0.005744205394597367,False,0.025,False,False,0.000568137572742391,impact,True,success_unloaded
S,ppo,2,SS5,140,403445731,success,dwell_complete,0.25099526607313916,1.4083333333333332,False,1.4083333333333332,True,43,0,0,0,0,15,0,0,0,0,0,-0.2414449006319046,0,0,126,-0.2062841013073921,-0.2603918876101052,-0.21009518650691208,0.05166456467153585,False,0.2568819604477887,-0.8093575219472249,0.9843023633175689,False,0.0,0.9331632050384769,-0.10802684334965712,2.034935292259053,0.03333333333333344,False,False,0.5751890970848327,-0.11467359402656939,0.1079978836135721,1.0471089286682305,-0.3803033083677292,-0.0001870980265139633,False,0.008333333333333333,False,False,-0.00014906241580723927,other,True,success_unloaded
S,ppo,2,SS5,144,210388185,success,dwell_complete,0.26530769094253837,1.5416666666666667,False,1.5416666666666667,True,47,2,0,0,0,15,0,0,0,0,2,-0.2715846374630928,0,0,126,-0.21729744374752044,-0.2828626010946694,-0.3308560919719405,-0.06404727215198829,False,0.268101122892338,-0.7709621919730828,1.0121604659008787,False,0.0,0.9593664706894633,-0.2333660402554346,2.043918826763392,0.016666666666666607,True,False,1.0121604659008787,-0.2286804196338825,-0.009372875657865503,1.1644633135595115,-0.3263038471341133,-0.01029374195658936,False,0.029166666666666667,False,False,4.528101056647393e-05,impact,True,success_unloaded
S,ppo,2,SS5,150,408507921,success,dwell_complete,0.24959579566610715,1.475,False,1.475,True,45,0,0,0,0,15,0,0,0,0,0,-0.16173501312732697,0,0,126,-0.24781633615493776,-0.26501790394640556,-0.2394962857549187,0.017884875116811236,False,0.25734428919840224,-0.8323116793043936,0.9960398674816049,False,0.0,0.9500975793271336,0.0037998380162564587,1.8694054974662349,0.02083333333333326,True,False,0.9960398674816049,0.0031933443507198528,0.0008477670056833988,1.0592879094934966,-0.24097415059804916,0.0008217233786077658,True,0.0,False,False,-0.00015359667481813262,impact,False,
S,ppo,2,SS5,153,1116331160,success,dwell_complete,0.264302729121828,1.5125,False,1.5125,True,47,0,0,0,0,14,0,0,0,0,0,-0.41832927614450455,0,0,125,-0.1289839416742325,-0.2830722360512843,-0.21492300921236915,0.07637780686166054,False,0.2896528346572693,-0.399486416256863,1.0142198030906688,False,0.0,0.9153097751689315,-0.6834660469908325,3.4436301884835236,0.5125,False,False,0.48328278198619384,-0.1719598422810587,0.12792497245960685,0.5927012572539265,-0.5033502280712128,-0.024083973808368384,False,0.025,False,False,0.06157216918464344,other,True,success_unloaded
S,ppo,2,SS5,167,1682937791,success,dwell_complete,0.24465377819865738,1.5166666666666666,False,1.5166666666666666,True,46,0,0,0,0,15,0,0,0,0,0,-0.5310055017471313,0,0,124,-0.035053308308124545,-0.27226419318688383,-0.16788831244841843,0.08457365653653266,False,0.254043409441069,-0.5041250288355351,0.9035454603886496,False,0.0,0.8466449529537535,-1.378612747019303,1.7743612259331087,0.02083333333333348,True,False,0.7518107738955936,-1.3913007833214943,0.02730808483030894,0.8400918886909879,-0.25155016779899597,-0.012621281990346213,False,0.020833333333333332,False,False,0.0014737420622612611,impact,True,success_unloaded
S,ppo,2,SS5,174,1515200011,success,dwell_complete,0.23840658658385128,1.4958333333333333,False,1.4958333333333333,True,45,0,0,0,0,15,0,0,0,0,0,-0.13850703835487366,0,0,121,-0.29126318693161013,-0.2526484027353529,-0.29123516797111837,-0.030936308540723823,False,0.26036458413590874,-0.48919057302471897,1.0593473807921283,False,0.0,0.8521812040992438,0.19098720988853046,1.7643793174045785,0.02499999999999991,True,False,0.7831258118682823,0.19904328437691182,0.06263099033390637,0.8767209515528159,-0.3721514940261841,-0.01056220008019076,False,0.008333333333333333,False,False,0.0003103463570673709,impact,True,success_unloaded
S,ppo,2,SS5,177,2018449764,success,dwell_complete,0.21586481501346974,1.5791666666666666,False,1.5791666666666666,True,48,0,0,0,0,15,0,0,0,0,0,-0.3478083685040474,0,0,125,-0.18551914244890214,-0.27114438060166446,-0.27470384806701853,-0.028453906953371622,False,0.2450615592458587,-0.08451409268432618,0.9209928446803594,False,0.0,0.8900192575430528,-0.9910025273950953,1.6383729367995092,0.03333333333333344,False,False,0.7970984961311334,-0.9660104054812597,0.02745387710890796,0.9050364977056266,-0.3272560089826584,-0.006014282666149824,False,0.025,False,False,0.0017946703864927071,other,True,success_unloaded
S,ppo,2,SS5,179,1906148524,success,dwell_complete,0.22728208811516196,1.5083333333333333,False,1.5083333333333333,True,46,0,0,0,0,15,0,0,0,0,0,-0.5086728036403656,0,0,126,-0.03333767503499985,-0.2778437888470062,-0.17856455693456477,0.06817585913398864,False,0.2472153706517282,-0.20969993947699067,0.9076051624358219,False,0.0,0.8585448766507445,-1.3239773137009352,1.3954111094807269,0.02083333333333326,True,False,0.9076051624358219,-1.3318513611343903,-0.011900756686939325,0.693203603471182,-0.22368523478507996,-0.012016281770302374,False,0.029166666666666667,False,False,0.00021026397939204674,impact,True,success_unloaded
S,ppo,2,SS5,193,2065900127,success,dwell_complete,0.23616733007200577,1.5958333333333332,False,1.5958333333333332,True,48,0,0,0,0,15,0,0,0,0,0,-0.0005055069923400879,0,0,121,-0.358224056661129,-0.2320926102016947,-0.17363384179676117,0.09221084793653381,False,0.2643147031908801,-0.27452309696142374,1.0755459906479183,False,0.0,0.8947850835391437,1.0750634708461742,1.8100371437357126,0.02083333333333348,True,False,0.8345314478362188,1.0733805523473048,0.07223759401012064,0.8281254400800657,-0.21868179738521576,0.008781574388679509,True,0.0,False,False,-0.0022580682394136705,impact,False,
S,ppo,2,SS6,35,55155601,success,dwell_complete,0.2490444155219513,1.5208333333333333,False,1.5208333333333333,True,46,0,0,0,0,15,0,0,0,0,0,-0.0564684122800827,0,0,123,-0.3686908558011055,-0.26443673736627804,-0.2249733586232793,0.05541259891674995,False,0.28067202276873476,-0.08435148514938234,1.1048525559129074,False,0.0,0.9699891759333303,0.7890714580779676,2.097796403925436,0.02083333333333348,True,False,0.8351257959537535,0.780114786774994,0.06470425825370654,1.0379824503822133,-0.255951851606369,-0.006304060348975945,False,0.016666666666666666,False,False,-0.0011213369196775595,impact,True,success_unloaded
S,ppo,2,SS6,37,1167900726,success,dwell_complete,0.24907139538926312,1.6125,False,1.6125,True,49,0,0,0,0,15,0,0,0,0,0,-0.24845990538597107,0,8,125,-0.11812750995159149,-0.21590171946959127,0.03213171435176815,0.3005093950298524,True,0.2740715563087748,-0.06608381329379193,0.8765625189416911,False,0.0,0.7855242920137163,-0.48188189024726963,2.542163569618424,0.03749999999999987,False,False,0.5124096112297918,-0.66975136192677,0.10999653790120971,1.4909150159742537,-0.17673122137784958,0.01721048013815893,True,0.0,False,False,0.0027873130473340738,other,False,
S,ppo,2,SS6,39,305654731,success,dwell_complete,0.23929762681040434,1.5,False,1.5,True,45,0,0,0,0,15,0,0,0,0,0,-0.015125960111618042,0,0,120,-0.2129034221172333,-0.22150848516420962,-0.04029383526077609,0.23509671260645032,True,0.2732878712875055,-0.1110563372269397,1.0620872090326914,False,0.0,0.6359914555146653,0.5212476018876844,2.484111879896227,0.02083333333333326,True,False,0.5751206335835187,0.49742653274410237,0.12574911044937073,1.3332460863831201,-0.24325306713581085,-0.0006179022125960343,False,0.004166666666666667,False,False,-0.002405251805128252,impact,True,success_unloaded
S,ppo,2,SS6,47,1541273511,success,dwell_complete,0.2314971386493452,1.5083333333333333,False,1.5083333333333333,True,46,0,0,0,0,15,0,0,0,0,0,-0.0986592024564743,0,0,126,-0.3988599762320518,-0.2589141202665857,-0.3134608810696657,-0.050267077142898714,False,0.26103148722620667,-0.33435718560249955,1.078569632960987,False,0.0,1.0366755952937914,0.6823673742758307,1.9873026954533988,0.016666666666666607,True,False,1.078569632960987,0.6826132766891456,-0.0023544199252809317,0.9749522255314617,-0.27661214768886566,-0.0024621729848598177,False,0.029166666666666667,False,False,-0.0010380951640849181,impact,True,success_unloaded
S,ppo,2,SS6,59,160775593,success,dwell_complete,0.22587409853133228,1.6083333333333334,False,1.6083333333333334,True,49,0,0,0,0,15,0,0,0,0,0,-0.21251128613948822,0,0,126,-0.32265199422836305,-0.26396372505800386,-0.2761531755348124,-0.017260267463847633,False,0.25818857796972894,-0.36110019077755806,0.9978096091037232,False,0.0,0.9392488540586788,-0.03375975559286519,1.4102960374072546,0.012499999999999956,True,False,0.9978096091037232,-0.03325631106554485,-0.0004340190085888312,0.8656268391456816,-0.2766721397638321,-0.0006234142357763109,False,0.029166666666666667,False,False,0.0008291825826111591,impact,True,success_unloaded
S,ppo,2,SS6,63,190453351,success,dwell_complete,0.24738818273495577,1.5333333333333332,False,1.5333333333333332,True,46,0,0,0,0,15,0,0,0,0,0,-0.22014369070529938,0,0,120,-0.3004831552505493,-0.2742971604424235,-0.304514575583636,-0.0444469612086779,False,0.2612373149690781,-0.630660619931888,1.021368951614678,False,0.0,0.9124222631402904,-0.04715333566168902,1.739971190036085,0.03750000000000009,False,False,0.7193598531829482,-0.042796481423993275,0.07210534308990987,0.901136497982386,-0.2561512961983681,-0.0064035012990983475,False,0.004166666666666667,False,False,0.00020315395887328437,other,True,success_unloaded
S,ppo,2,SS6,73,722815722,success,dwell_complete,0.2723331972801498,1.4958333333333333,False,1.4958333333333333,True,45,0,0,0,0,15,0,0,0,0,0,-0.21265319734811783,0,0,121,-0.4843201547861099,-0.27724932332846086,-0.44283019977366167,-0.15685415270995404,False,0.28590212595837566,-0.8620271167015117,1.0387257210070056,False,0.0,0.9793515391311283,0.7422657590837929,2.629793867761833,0.03749999999999987,False,False,0.9595601451725024,0.7750021665899259,0.030415140412348263,1.5730705752228358,-0.4208526760339737,0.009169648529196148,True,0.0,False,False,0.006893842786845051,other,False,
S,ppo,2,SS6,78,1532668767,success,dwell_complete,0.24058171814155224,1.6583333333333332,False,1.6583333333333332,True,51,0,0,0,0,14,0,0,0,0,0,-0.4209297001361847,0,0,122,-0.04136479198932648,-0.2758872022993121,-0.18691453316479267,0.06145107294753976,False,0.2493824424371334,-0.48652676015356616,0.8563974360478747,False,0.0,0.8476442893538468,-1.3263240490046693,1.5383034557773356,0.02083333333333348,True,False,0.8423924013374301,-1.3257555052253978,0.005555018640289253,0.7025127072068108,-0.25678248703479767,0.0018040563137150824,True,0.0,False,False,9.467245766782451e-05,impact,False,
S,ppo,2,SS6,83,160799111,success,dwell_complete,0.24288704748468465,1.475,False,1.475,True,45,0,0,0,0,15,0,0,0,0,0,-0.2610432207584381,0,72,126,-0.23979304283857344,-0.2635284074137181,-0.14131785308148623,0.13780001214988818,False,0.26516216127277303,-0.2535161081313635,0.9378125149898884,False,0.0,0.9215362301001424,0.0905370193714651,4.19182603659163,0.34166666666666656,False,True,0.42572467804142095,-0.4274492931515669,0.13681093922137474,0.7141161181078747,-0.2610432207584381,0.013044169520636925,True,0.0,False,False,0.07209161266421503,post_contact_idle,False,
S,ppo,2,SS6,94,537732710,success,dwell_complete,0.26785811409190063,1.5958333333333332,False,1.5958333333333332,True,48,0,0,0,0,15,0,0,0,0,0,-0.14968565851449966,0,0,121,-0.4261989310383797,-0.29195777537467177,-0.3656253537907737,-0.08194258397789707,False,0.283670206201242,-0.6411408012081753,1.00847966560358,False,0.0,0.7917361766237251,0.4436452099244047,2.5138627202334285,0.025000000000000133,True,False,0.7194883469637733,0.44047696613147236,0.0860202095607926,1.1637720456904213,-0.4832327663898468,0.010140627315277106,True,0.0,False,False,0.0008682628932459878,impact,False,
S,ppo,2,SS6,98,228857887,success,dwell_complete,0.2427701908635943,1.5708333333333333,False,1.5708333333333333,True,48,0,0,0,0,15,0,0,0,0,0,-0.2805164158344269,0,24,127,-0.03441592901945114,-0.22337985213239878,0.037480611799585735,0.27059849435883526,True,0.24199642100943247,-1.0135366075089105,0.9258709216937515,False,0.0,0.9258709216937515,-0.8855192891248399,1.6305725566177973,0.04166666666666674,False,False,0.44249647784805635,-1.0525820549395115,0.11637745006412693,0.7903602483104207,-0.2400733083486557,-0.00948009433799544,False,0.03333333333333333,False,False,0.015383850853383695,other,True,success_unloaded
S,ppo,2,SS6,104,1013111488,success,dwell_complete,0.31196831999892305,1.6,False,1.6,True,48,0,0,0,0,15,0,0,0,0,0,-0.43688759207725525,0,16,120,-0.3769852325320244,-0.33964308826512807,-0.608882739053024,-0.2929401501588526,False,0.3099638202466372,-1.1093226447229065,0.9109534490231711,False,0.0,0.9482904268940742,-0.04780555215411509,2.0096403278395654,0.03749999999999987,False,False,1.0078170369571051,0.11254253184973408,-0.0008996843453989136,0.9431141570218632,-0.49186161160469055,-0.0008996843453989136,False,0.008333333333333333,False,False,0.006311214747453633,other,True,success_unloaded
S,ppo,2,SS6,115,2081510509,success,dwell_complete,0.2548252173448642,1.5,False,1.5,True,45,0,0,0,0,15,0,0,0,0,0,-0.18445057421922684,0,0,120,-0.45181328654289243,-0.25669840672666183,-0.3715122288851046,-0.09582923189269443,False,0.2758404539936732,-0.6222703505045656,1.072591275835934,False,0.0,0.9674336784289606,0.5669592037662717,1.6481174714781124,0.016666666666666607,True,False,0.9524111645136785,0.5680375532153337,0.027889788331986826,0.8789047082263434,-0.37959207594394684,-0.004028743494227537,False,0.004166666666666667,False,False,0.0008812502364884163,impact,True,success_unloaded
S,ppo,2,SS6,132,1308035592,success,dwell_complete,0.24117329870071325,1.5875,False,1.5875,True,48,0,0,0,0,15,0,0,0,0,0,-0.3421587646007538,0,0,123,-0.21376380920410157,-0.2992739881845253,-0.3804629844978923,-0.12985715289314856,False,0.25119728090186355,-0.613098754836488,0.9808500621332812,False,0.0,0.7263413711084369,-0.5949381511227734,1.660406397297683,0.01666666666666683,True,False,0.47183268008359247,-0.5879376292429012,0.1236855910340512,1.0712368824672946,-0.5158653259277344,-0.012498585216383922,False,0.016666666666666666,False,False,0.0016758337280207462,impact,True,success_unloaded
S,ppo,2,SS6,136,813667634,success,dwell_complete,0.21922699568411408,1.5291666666666666,False,1.5541666666666667,True,46,2,0,0,2,15,0,0,0,0,2,-0.6310007125139236,0,0,121,0.07831738591194153,-0.2870261178032153,-0.19935235418247974,0.04378608290879363,False,0.243994297882707,-0.25415683853847004,0.801332499042701,False,0.0,0.7060322425165826,-1.8609275626094943,2.073239462170234,0.03333333333333344,False,False,0.6742654903412098,-1.865988930309989,0.03509940578315925,1.2240505012591207,-0.3620673939585686,0.0024345000032840215,True,0.0,False,False,0.0007187355376862966,other,False,
S,ppo,2,SS6,155,842395533,success,dwell_complete,0.25956472012613074,1.625,False,1.625,True,49,0,0,0,0,15,0,0,0,0,0,-0.40735088288784027,0,0,122,-0.1687033072113991,-0.27625622663202287,-0.27526342348404087,-0.02031204380753514,False,0.25974746027361656,-1.1168368424699844,0.861526116175888,False,0.0,0.8965269889832649,-1.0147241621092928,1.5618584356208616,0.012499999999999956,True,False,0.9175275126676911,-1.0169342445886802,-0.006124591848499665,0.7714226256030751,-0.2873173803091049,-0.006124591848499665,False,0.03333333333333333,False,False,0.0019029647384361278,impact,True,success_unloaded
S,ppo,2,SS6,159,1370568126,success,dwell_complete,0.2410798137468656,1.5083333333333333,False,1.5083333333333333,True,47,0,0,0,0,14,0,0,0,0,0,-0.40042177587747574,0,72,126,-0.25820808708667753,-0.2990344783910365,-0.27231219057995926,0.01252019840791594,False,0.27083529779999016,-0.5065025292527462,0.9976712258135281,False,0.0,0.9470870656161638,-0.13858745783082044,4.43433629230683,0.07499999999999996,False,True,0.42572467804142095,-0.1389044926855758,0.14567271467157047,2.470607364349652,-0.4668484479188919,-0.005426681507602625,False,0.029166666666666667,False,False,0.0019784855684214166,post_contact_idle,True,success_unloaded
S,ppo,2,SS6,165,1742164241,success,dwell_complete,0.23071477003228189,1.5666666666666667,False,1.5666666666666667,True,47,0,0,0,0,16,0,0,0,0,0,-0.2725795917212963,0,0,128,-0.26819040179252623,-0.2462683473861706,-0.16562245975855186,0.09274374522692186,False,0.25770434364604233,-0.16276914037665016,1.0114058206354295,False,0.0,0.7897706420144136,-0.22700943646638339,1.2799034074402587,0.016666666666666607,True,False,0.7581084736399828,-0.23914630176502422,0.05753833229968132,0.6544199932030472,-0.2707408592104912,-0.006789795542479143,False,0.004166666666666667,False,False,0.0016940063511423813,impact,True,success_unloaded
S,ppo,2,SS6,166,778428015,success,dwell_complete,0.22857402300871854,1.4916666666666667,False,1.4916666666666667,True,45,0,0,0,0,15,0,0,0,0,0,-0.23138447105884552,0,24,122,-0.016499574482440948,-0.22509052813229516,0.009924083602207477,0.240435082166069,True,0.2393868675061085,-0.6443080453976266,0.9290801506146051,False,0.0,0.6741605154473876,-0.7428605920578215,2.508058057900563,0.04166666666666652,False,False,0.5212087343470571,-0.8500665089022188,0.10050754569937369,1.3436902305761018,-0.2168901041150093,-0.0027768273582746226,False,0.0125,False,False,0.0005844135470802088,other,True,success_unloaded
S,ppo,2,SS6,170,1893555025,success,dwell_complete,0.25271987720851996,1.55,False,1.55,True,48,0,0,0,0,14,0,0,0,0,0,-0.3705824464559555,0,0,124,-0.23717724680900573,-0.25105491204715513,-0.19889017781726306,0.06917344080165648,False,0.2691097621033488,-0.7022372039006733,0.9522221223881775,False,0.0,0.8981474054267274,-0.4557264390166044,1.7357411438897168,0.02499999999999991,True,False,0.8080228771576441,-0.4945983890839879,0.03682264767019388,0.9166086793800333,-0.25460126996040344,-0.0005493898873017562,False,0.008333333333333333,False,False,0.0002814435598597331,impact,True,success_unloaded
S,ppo,2,SS6,176,200621214,success,dwell_complete,0.2695008418691562,1.675,False,1.675,True,51,0,0,0,0,15,0,0,0,0,0,-0.12610772252082825,0,0,126,-0.31501356810331343,-0.2766395083728306,-0.25873430353415355,0.012685974098323947,False,0.2756013828683683,-0.8516039957340755,0.9954155549115973,False,0.0,0.9800747805713987,0.12195692711997887,2.244806254098545,0.04166666666666652,False,False,0.8726893601900093,0.09911104687314408,0.033614165707162434,1.205159675379714,-0.2569412738084793,0.0015090202295183065,True,0.0,False,False,0.004432568590576464,other,False,
S,ppo,2,SS6,184,1680960645,success,dwell_complete,0.24118044197194058,1.3875,False,1.3875,True,43,0,0,0,0,14,0,0,0,0,0,-0.1165972463786602,0,8,123,-0.2138216957449913,-0.22006479669973816,-0.04705241572934186,0.2117801943929441,True,0.2528580549153683,-0.8260161308493258,1.0931558998351982,False,0.0,0.9003735370347519,0.3274089449711094,1.2536674938441128,0.03333333333333344,False,False,0.7075911742343056,0.2206441022439576,0.08281928031381904,0.7041912493974517,-0.14699969440698624,-0.015718274685744524,False,0.016666666666666666,False,False,-0.0013682114469253674,other,True,success_unloaded
S,ppo,2,SS6,188,505357842,success,dwell_complete,0.2699663668143053,1.5083333333333333,False,1.5083333333333333,True,46,0,0,0,0,15,0,0,0,0,0,0.015074238181114197,0,0,126,-0.16327341347932817,-0.24147986734074803,-0.09726460731264265,0.19265567285097324,False,0.28969090348782944,-0.6456592941470394,1.0880639065352737,False,0.0,1.01040816348952,0.6724867189686616,1.2958163336905433,0.008333333333333304,True,False,1.0880639065352737,0.6744095751781987,-0.005081751864086658,0.8941982613048224,-0.056475721299648285,-0.0051765420612937645,False,0.029166666666666667,False,False,-0.0034143102548195707,impact,True,success_unloaded
S,ppo,2,SS6,191,1002338391,success,dwell_complete,0.23551461090025036,1.4791666666666667,False,1.4791666666666667,True,45,0,0,0,0,15,0,0,0,0,0,-0.13126858323812485,0,0,125,-0.48972941339015963,-0.28982500043622467,-0.4732316393740594,-0.19935022194147056,False,0.271842149861666,-0.0965543119036571,1.0618313712433602,False,0.0,0.9796326616098799,0.6591910433460185,1.9672632539526453,0.029166666666666563,True,False,0.7330365327094392,0.7031993122557794,0.08861897593016901,1.0237200086947236,-0.5219510346651077,-3.25699710823071e-05,False,0.004166666666666667,False,False,0.001142801881685792,impact,True,success_unloaded
S,ppo,2,SS6,199,2042228284,success,dwell_complete,0.23049700874409962,1.3916666666666666,False,1.3916666666666666,True,42,0,0,0,0,15,0,0,0,0,0,-0.14649228751659393,0,0,122,-0.269182014465332,-0.28926728083028125,-0.3851349360802031,-0.12745039365645133,False,0.25555964235901674,-0.20165108843799634,1.0025917110910663,False,0.0,0.9360190616465444,0.1469965759165987,1.8467344587969334,0.02083333333333348,True,False,0.8960754719798312,0.1808435546047083,0.031932295356933975,1.0406655964052247,-0.39148351550102234,0.0008069695921736139,True,0.0,False,False,0.0004279144571345767,impact,False,
S,ppo,3,SS3,5,558736479,success,dwell_complete,0.2374577666752443,1.5208333333333333,False,1.5208333333333333,True,46,0,0,0,0,15,0,0,0,0,0,-0.3544444665312767,0,40,123,-0.32287456691265104,-0.28108127136715405,-0.37759279349808567,-0.12392364522844197,False,0.25359117725855485,-0.40737982801359873,0.9941682526686019,False,0.0,0.7333033796097496,0.005766615485325836,1.1009710844224971,0.008333333333333304,True,False,0.9941682526686019,-0.012097291971376146,0.0012221503572475358,0.48911625637152273,-0.38514187932014465,0.0005866418462606719,True,0.0,False,False,0.0011998735663062655,impact,False,
S,ppo,3,SS3,29,1921923984,success,dwell_complete,0.25446602571818006,1.5041666666666667,False,1.5041666666666667,True,47,0,0,0,0,14,0,0,0,0,0,-0.35433468595147133,0,120,127,-0.2741391733288765,-0.27427029736240605,-0.2909252731998884,-0.03211535998553643,False,0.2588075699204128,-1.0173489390707733,0.9945248062408156,False,0.0,0.9945248062408156,0.09900917758189257,1.361373808000467,0.016666666666666607,True,False,0.9945248062408156,0.10299396850713616,0.00425305632631256,0.7654867943589112,-0.29642392694950104,0.0034479524039226377,True,0.0,False,False,-0.000722957736546075,impact,False,
S,ppo,3,SS3,49,346551576,success,dwell_complete,0.22477072467360812,1.5666666666666667,False,1.5625,True,47,0,0,0,0,16,0,0,0,0,0,-0.40477459877729416,0,80,128,-0.22908600568771362,-0.2712557737645437,-0.24806985794738115,0.017470034756040972,False,0.2655555824240773,0.015751681107300946,0.969475603713018,False,0.0,0.6201625997406491,-0.16411660577266354,1.5837798087690833,0.012499999999999956,True,False,0.5702607420303107,-0.163902368454536,0.10928691864177321,0.7992019723048843,-0.44212353229522705,0.0037024251171357504,True,0.0,False,False,-2.515067482221003e-05,impact,False,
S,ppo,3,SS3,54,924557908,success,dwell_complete,0.25972252523559575,1.6083333333333334,False,1.6083333333333334,True,49,0,0,0,0,15,0,0,0,0,0,-0.4088507741689682,0,120,126,-0.22317121773958207,-0.25556532357908895,-0.16661165389726015,0.09568666229849407,False,0.2623027638417846,-0.9475397620203734,0.9676186706719359,False,0.125,0.8998819215931214,-0.24695200139636786,1.9116646316093788,0.02083333333333326,True,False,0.9676186706719359,-0.26838766806664277,0.0013678267893668767,1.1318301837470888,-0.1787579208612442,0.000988629022430001,True,0.0,False,False,0.00012323456972213495,impact,False,
S,ppo,3,SS3,60,258404339,success,dwell_complete,0.2454784946943876,1.4833333333333334,False,1.4833333333333334,True,45,0,0,0,0,15,0,0,0,0,0,-0.376911923289299,0,120,124,-0.25371460169553756,-0.2694386525738095,-0.24158777769087392,0.0242246477431087,False,0.2651240751863249,-0.452637154531994,0.9221595388372432,False,0.375,0.7359964660388099,0.0043205137047157395,1.41690174594756,0.02083333333333326,True,True,0.42572467804142095,0.0032198758595062965,0.15153431795044708,0.798188225026442,-0.4930363744497299,0.020204722657330837,True,0.0,False,False,-5.861632677942835e-05,impact,False,
S,ppo,3,SS3,65,323032325,success,dwell_complete,0.24765321130501294,1.3791666666666667,False,1.3791666666666667,True,42,0,0,0,0,15,0,0,0,0,0,-0.3430754765868187,0,0,125,-0.2782342165708542,-0.2637658501639055,-0.2463942420406369,0.023324656141839685,False,0.26976432607701434,-0.3019003689243655,1.0206090994646846,False,0.0,0.8775974447720084,0.16254992538202606,2.01988885727141,0.012499999999999956,True,False,1.0206090994646846,0.1671740609785668,-0.0008950283524824064,1.045054976765983,-0.2378968521952629,-0.0013700443771029825,False,0.025,False,False,6.85451928367786e-05,impact,True,success_unloaded
S,ppo,3,SS3,68,960847886,success,dwell_complete,0.2579326506647534,1.5875,False,1.5875,True,48,0,0,0,0,15,0,0,0,0,0,-0.3459983244538307,0,112,123,-0.3194693475961685,-0.2657031699907041,-0.2685772646398995,-0.0014238817653944532,False,0.2674567860992653,-1.1685192427348479,1.06447657772118,False,0.0,0.8052467084711398,0.4809024166265678,1.5733260646131038,0.02083333333333348,True,False,0.5460168392210997,0.4792499995549196,0.13307102090169337,0.7668124415079138,-0.45418260991573334,-0.004023596400938545,False,0.016666666666666666,False,False,-0.0009701764627359091,impact,True,success_unloaded
S,ppo,3,SS3,72,1881702858,success,dwell_complete,0.2365260659928438,1.5541666666666667,False,1.5541666666666667,True,47,0,0,0,0,15,0,0,0,0,0,-0.34987979382276535,0,120,123,-0.27176201194524763,-0.2664225430943972,-0.2567732583590304,0.015425188057522807,False,0.27215204091865547,-0.09582102917846333,0.9803226887575268,False,0.5,0.7030236833994739,0.10183069243577611,1.9689650475420575,0.012499999999999956,True,False,0.9803226887575268,0.1028339692434099,0.008031769771850172,1.1176443537990202,-0.2664010003209114,0.008031769771850172,True,0.0,False,False,-0.0004046263122833573,impact,False,
S,ppo,3,SS3,73,289920193,success,dwell_complete,0.2516454927730232,1.4166666666666667,False,1.4166666666666667,True,43,0,0,0,0,15,0,0,0,0,0,-0.32511551678180695,0,40,124,-0.33244429528713226,-0.26520311139335895,-0.32499586300273214,-0.0709665235802635,False,0.2547502720845377,-1.2635161185369213,1.0451504927606718,False,0.0,0.8195790279802655,0.16835430155129402,1.7117650168184597,0.02083333333333326,True,False,0.44362658667958815,0.17425851687337224,0.15191573803407848,0.9286324097917162,-0.514892578125,-0.007581514285073679,False,0.020833333333333332,False,False,0.0005629726639554043,impact,True,success_unloaded
S,ppo,3,SS3,82,1242778508,success,dwell_complete,0.23945693520435835,1.4291666666666667,False,1.4291666666666667,True,43,0,0,0,0,15,0,0,0,0,0,-0.36334969103336334,0,24,121,-0.23655165135860443,-0.2663801428820734,-0.2351817467802878,0.027612616016880306,False,0.26228811707672267,-0.5923903307561245,0.9861808929883105,False,0.0,0.6328301287605954,-0.09473869980704147,1.9829400644496482,0.016666666666666607,True,False,0.5150465406846904,-0.09551778933712876,0.12574720905567502,1.0623074596931301,-0.45546211302280426,0.0011975199012913451,True,0.0,False,False,-0.00010310405384443796,impact,False,
S,ppo,3,SS3,88,1372208371,success,dwell_complete,0.23530387357452262,1.5458333333333334,False,1.5458333333333334,True,47,0,0,0,0,15,0,0,0,0,0,-0.3516806289553642,0,64,125,-0.31404352486133574,-0.2734174620682153,-0.31435005047534004,-0.05739834692377194,False,0.25719150183136247,-0.48200570575827173,0.9911435273723201,False,0.25,0.8497888150395954,0.223302903917507,0.8829622539944163,0.008333333333333304,True,False,0.9911435273723201,0.21358708587250888,0.00812293447314866,0.6538949299998383,-0.3209492415189743,0.007739723189137863,True,0.0,False,False,9.846174480821654e-05,impact,False,
S,ppo,3,SS3,102,2010693803,success,dwell_complete,0.24699451485370127,1.425,False,1.425,True,43,0,0,0,0,15,0,0,0,0,0,-0.39830397069454193,0,40,122,-0.22359080314636232,-0.27176892928585833,-0.30825499716250937,-0.05749787147948028,False,0.2503255336125024,-0.6872915188605966,0.9203911385672939,False,0.0,0.7336955308266693,-0.3838742047066752,1.6777366518724175,0.016666666666666607,True,False,0.6216781661822943,-0.3788865106098073,0.08988562995913298,0.9085983537661901,-0.4812448024749756,0.009768760359333425,True,0.0,False,False,0.0008351948648763925,impact,False,
S,ppo,3,SS3,115,268198437,success,dwell_complete,0.26426041903676245,1.4041666666666666,False,1.4041666666666666,True,43,0,0,0,0,15,0,0,0,0,0,-0.2758519873023033,0,120,127,-0.3787794455885887,-0.2618987871231928,-0.3129653560318021,-0.03458806263804381,False,0.2794313163952288,-0.9537714066439101,1.108739799954864,False,0.0,1.108739799954864,0.9130885280777629,1.9915379898904013,0.012500000000000178,True,False,1.108739799954864,0.9139207144308167,-0.0040916249262000146,0.9391762471259987,-0.2539028003811836,-0.004228159669417924,False,0.03333333333333333,False,False,-0.0017401600926451096,impact,True,success_unloaded
S,ppo,3,SS3,129,107904836,success,dwell_complete,0.2384923978225956,1.5666666666666667,False,1.5666666666666667,True,47,0,0,0,0,16,0,0,0,0,0,-0.36859850585460663,0,48,128,-0.2799298092722893,-0.26935614273564845,-0.2773515792503212,-0.011386044118539381,False,0.2659741988199631,-0.4546024723115129,1.0135374914409814,False,0.0,0.7970900585151706,0.03717363562636034,1.534291468972205,0.012499999999999956,True,False,0.7661689966686261,0.03693214453208363,0.06289919497369924,0.9937434103643895,-0.3769678920507431,-0.0026073046330879644,False,0.004166666666666667,False,False,-0.00019174841830194074,impact,True,success_unloaded
S,ppo,3,SS3,130,1674865942,success,dwell_complete,0.27018856424357485,1.625,False,1.625,True,50,0,0,0,0,14,0,0,0,0,0,-0.37614309042692184,0,112,122,-0.25169240981340407,-0.2592540718970382,-0.21201488360390472,0.06045074812591468,False,0.2724545362327246,-0.9649143242655723,1.0188738478719759,False,0.0,0.9281009098491638,0.03835089757277608,1.8636882890124171,0.02083333333333326,True,False,0.8736371470354766,0.020001658457951217,0.03400289903434786,0.8800358267593498,-0.2508392930030823,-0.0033985537286033585,False,0.0125,False,False,4.926637794481801e-05,impact,True,success_unloaded
S,ppo,3,SS3,132,1332772073,success,dwell_complete,0.2487413591166896,1.475,False,1.475,True,45,0,0,0,0,15,0,0,0,0,0,-0.37329746782779694,0,56,126,-0.26121377646923066,-0.26933537650885975,-0.2568888722161551,0.0007541530227412748,False,0.2575622873630506,-0.7617845409254875,0.9945437149631655,False,0.125,0.9234413353479474,-0.03470879538634275,2.056111611114961,0.012499999999999956,True,False,0.9945437149631655,-0.03481521472772807,0.0005542240262989422,1.1363210828263497,-0.2617325037717819,0.0004938722778860138,True,0.0,False,False,3.3040260047496525e-05,impact,False,
S,ppo,3,SS3,134,770293282,success,dwell_complete,0.2575916317045187,1.3875,False,1.3875,True,42,0,0,0,0,15,0,0,0,0,0,-0.34433886408805847,0,56,123,-0.2728945046663284,-0.26655411157796616,-0.2790516904290643,-0.015930399100363993,False,0.2631170352208981,-0.9167427018403643,1.005023080710333,False,0.0,0.7555944554835587,0.008567305437622649,1.9251826083523438,0.016666666666666607,True,False,0.5061658302567843,0.009191932200467618,0.13093370527117237,0.9149448865713978,-0.4835513234138489,-0.0011448224080558202,False,0.016666666666666666,False,False,6.273699529563918e-05,impact,True,success_unloaded
S,ppo,3,SS3,136,52561716,success,dwell_complete,0.2413463652699134,1.4583333333333333,False,1.4583333333333333,True,45,0,0,0,0,14,0,0,0,0,0,-0.33318471908569336,0,104,122,-0.311145980656147,-0.26876542287935856,-0.3275318677955541,-0.0687952392756878,False,0.2589349602708615,-0.6780790071723791,1.0598706219747789,False,0.0,0.8878837292541966,0.3373450026533076,1.216246429508964,0.025000000000000133,True,False,0.784691593621847,0.36406185170137323,0.06680668493919746,0.6637286644772836,-0.40429356694221497,-0.00735630219980931,False,0.0125,False,False,-0.0006197981179103155,impact,True,success_unloaded
S,ppo,3,SS3,142,538582925,success,dwell_complete,0.2601662578759259,1.4625,False,1.4625,True,44,0,0,0,0,15,0,0,0,0,0,-0.35938797891139984,0,112,121,-0.2696565195918083,-0.26626207661780477,-0.26428270723050734,0.0005966482147694727,False,0.26487684390459737,-0.9823772469718828,0.9856988395708339,False,0.0,0.6621191815216011,0.011156354421906947,2.192432338757582,0.01666666666666683,True,False,0.55425929550519,0.011106750319973624,0.11827205343127128,1.143110071713491,-0.4708402007818222,0.0041186318843579595,True,0.0,False,False,1.809505341372828e-05,impact,False,
S,ppo,3,SS3,144,1170825572,success,dwell_complete,0.24595131676244192,1.5041666666666667,False,1.5041666666666667,True,46,0,0,0,0,15,0,0,0,0,0,-0.35805416107177734,0,48,127,-0.26291326284408567,-0.27781468785014085,-0.32481487487211674,-0.06172208357167397,False,0.2631440548634756,-0.5056762678192068,0.999991463629282,False,0.0,0.999991463629282,-0.07849760576549202,2.036438422097943,0.012499999999999956,True,False,0.999991463629282,-0.0839405804596567,-0.0022250291236876763,1.0077930324295417,-0.32624074816703796,-0.003107555814864427,False,0.03333333333333333,False,False,0.0002637891375037836,impact,True,success_unloaded
S,ppo,3,SS3,156,1593741725,success,dwell_complete,0.2667799092295257,1.5125,False,1.5125,True,46,0,0,0,0,15,0,0,0,0,0,-0.345939002931118,0,112,125,-0.2372396022081375,-0.2633246516496955,-0.24023716043084214,0.039926420326488986,False,0.27963691127213663,-0.8385712633668398,1.0352741779333543,False,0.0,0.8833259360081653,0.01496139642289029,1.8055830345642991,0.02083333333333326,True,False,1.0352741779333543,0.013284785026397794,-0.009092364897372987,0.926467492376194,-0.22499006241559982,-0.009092364897372987,False,0.025,False,False,-0.00011325427373940821,impact,True,success_unloaded
S,ppo,3,SS3,187,1530772550,success,dwell_complete,0.24728729695596988,1.5541666666666667,False,1.5541666666666667,True,47,0,0,0,0,15,0,0,0,0,0,-0.3493684083223343,0,112,123,-0.26320002526044844,-0.2608685160958658,-0.24195703119188805,0.025154824927273202,False,0.26717301880756433,-0.3098113995038112,1.0020300688125303,False,0.0,0.8194069313585503,0.08043403588973091,1.8669595873800238,0.016666666666666607,True,False,0.6367837939045703,0.07967202979866238,0.09827523327152135,0.9357133342728848,-0.32494984567165375,0.0016952502324958183,True,0.0,False,False,-0.00019296867076089056,impact,False,
S,ppo,3,SS3,191,1615938081,success,dwell_complete,0.25066991912666636,1.4333333333333333,False,1.4333333333333333,True,43,0,0,0,0,15,0,0,0,0,0,-0.3710576891899109,0,112,120,-0.26777843236923216,-0.2654394095196111,-0.2644069065363724,-0.0036175919901014052,False,0.2607457951996313,-0.6179832815038483,1.013260941276688,False,0.0,0.8717589849414028,-0.014402638151677704,1.8698520529804126,0.008333333333333304,True,False,0.8515444197506478,-0.014182527321503241,0.038914509031684905,0.8583190579569759,-0.33564524352550507,-0.0038913012952556097,False,0.004166666666666667,False,False,2.469384707095453e-05,impact,True,success_unloaded
S,ppo,3,SS3,198,108547188,success,dwell_complete,0.22989442441687072,1.6416666666666666,False,1.6416666666666666,True,50,0,0,0,0,15,0,0,0,0,0,-0.42323367297649384,0,40,126,-0.1866392344236374,-0.27711510609438506,-0.2744347770734993,-0.022467797011143476,False,0.25210447685343973,-0.38040982984191296,0.9316286084824703,False,0.125,0.8683906171773391,-0.7373547780405505,1.5689426081507962,0.008333333333333304,True,False,0.9316286084824703,-0.7434936651930671,-0.0019925407809474544,0.7084792289145134,-0.31169159710407257,-0.0021580900696935505,False,0.029166666666666667,False,False,0.001489296028961168,impact,True,success_unloaded
S,ppo,3,SS3,199,1565262016,success,dwell_complete,0.24800593992280992,1.6041666666666667,False,1.6041666666666667,True,49,1,0,0,0,15,0,0,0,0,1,-0.3597854822874069,0,40,127,-0.29883385002613067,-0.27433771451574884,-0.30662952575041713,-0.03942411073365064,False,0.26653583018490906,-0.365049172127155,0.9973905405413117,False,0.0,0.9973905405413117,-0.014415705923378113,0.42493701912920523,0.012499999999999956,True,False,0.9973905405413117,-0.015079545444435617,0.00010602501191048684,0.22662847122959787,-0.30872949957847595,3.008265047979722e-05,True,0.0,False,False,0.0003583502031184594,impact,False,
S,ppo,3,SS4,15,217668846,success,dwell_complete,0.2600104365416242,1.4583333333333333,False,1.4583333333333333,True,45,0,0,0,0,14,0,0,0,0,0,-0.4912462681531906,0,48,122,-0.18803992718458176,-0.28622098856439243,-0.314264158469203,-0.04726213028946831,False,0.26719306647319363,-0.6463372991166245,0.9031507592830493,False,0.0,0.8997385253367653,-0.6522129563133393,1.9310589451001525,0.025000000000000133,True,False,0.8976911849689949,-0.6410944759563202,0.009606668953737135,1.0373287345364313,-0.359266497194767,0.007728621496172491,True,0.0,False,False,0.0007788256651321031,impact,False,
S,ppo,3,SS4,16,696548069,success,dwell_complete,0.2610812989461031,1.65,False,1.65,True,50,0,0,0,0,15,0,0,0,0,0,-0.42409197986125946,0,88,124,-0.19232557564973832,-0.27173869995288774,-0.23395889365877312,0.03824460337312914,False,0.27216229622306215,-0.8711525841318662,0.9871803008382324,False,0.375,0.7766344422894281,-0.2062705964455354,1.8501015476967533,0.01666666666666683,True,False,0.9871803008382324,-0.20581683566081643,-0.002182551640760922,0.8744178428685015,-0.2370680496096611,-0.0022372847308601107,False,0.020833333333333332,False,False,-0.0006959348767461851,impact,True,success_unloaded
S,ppo,3,SS4,23,2087876775,success,dwell_complete,0.24724750933118114,1.4041666666666666,False,1.4041666666666666,True,43,0,0,0,0,15,0,0,0,0,0,-0.36876538395881653,0,64,127,-0.3225298210978508,-0.26643041325178385,-0.31213091400712417,-0.05994512378584447,False,0.251046511192565,-0.7221274630401009,0.9673461974019568,False,0.0,0.9673461974019568,0.0650441430630913,2.2656573075039024,0.029166666666666785,True,False,0.9673461974019568,0.07156022165231224,0.01045990096838786,1.2473227264586262,-0.32996977865695953,0.010250450456449015,True,0.0,False,False,0.000473054389572642,impact,False,
S,ppo,3,SS4,25,1955270286,success,dwell_complete,0.22764948083942266,1.5416666666666667,False,1.5416666666666667,True,47,0,0,0,0,15,0,0,0,0,0,-0.427711084485054,0,8,126,-0.31412757039070127,-0.3017317714254294,-0.4068170558578761,-0.15152066275989948,False,0.2533179800789009,-0.11409152300981924,0.950683850140967,False,0.125,0.8850639536285237,-0.3402269437460227,1.9454556807948074,0.016666666666666607,True,False,0.950683850140967,-0.3354607264187303,0.003895213183371355,1.0584222754093926,-0.42974384129047394,0.002893699063763226,True,0.0,False,False,0.0013044304871944838,impact,False,
S,ppo,3,SS4,35,1846185832,success,dwell_complete,0.2503982717604941,1.5208333333333333,False,1.5208333333333333,True,46,0,0,0,0,15,0,0,0,0,0,-0.3846835792064667,0,112,123,-0.3376833379268646,-0.27265758997346234,-0.3513546329350787,-0.0810785751338701,False,0.2713634084757306,-0.195421612032883,0.9959356150432744,False,0.0,0.7657500890528584,0.12144622819427375,1.710731004568423,0.02083333333333348,True,False,0.5355645630624424,0.12764684474415997,0.12624539340144925,0.9204003405426567,-0.5674006640911102,0.004060422189455099,True,0.0,False,False,0.0005666308793215151,impact,False,
S,ppo,3,SS4,57,1109774061,success,dwell_complete,0.25124709383261173,1.5666666666666667,False,1.5666666666666667,True,47,0,0,0,0,16,0,0,0,0,0,-0.44541049003601074,0,64,128,-0.198088937997818,-0.2760251867351066,-0.2722525416741779,-0.008080604497401167,False,0.26339109996311777,-0.9470453046709186,0.9324273238054519,False,0.0,0.7740481569375749,-0.42800905329639083,1.3628019965490772,0.016666666666666607,True,False,0.7514225616707354,-0.4269762922837726,0.05418772646432821,0.843450987884436,-0.39409250020980835,0.006135993254437552,True,0.0,False,False,0.0003017271119897444,impact,False,
S,ppo,3,SS4,59,1875727330,success,dwell_complete,0.24927195225815474,1.5375,False,1.5375,True,47,0,0,0,0,15,0,0,0,0,0,-0.3447062149643898,0,120,127,-0.24339092373847962,-0.24723119733473906,-0.18305775819153863,0.08509019249921615,False,0.2679555443342333,-0.3582955448377122,1.0167077202974464,False,0.0,1.0167077202974464,0.20269709085338228,1.7389789771031923,0.012499999999999956,True,False,1.0167077202974464,0.2058476884219484,0.0011221499187411147,0.8357580113535172,-0.17856082320213318,0.0004604871245519015,True,0.0,False,False,-0.0006196593153672996,impact,False,
S,ppo,3,SS4,69,1916697051,success,dwell_complete,0.2651785904122053,1.625,False,1.625,True,49,0,0,0,0,15,0,0,0,0,0,-0.3624846115708351,0,112,122,-0.2572158664464951,-0.2692020942779606,-0.24386612032117128,0.024024637919577124,False,0.26802348537319276,-1.0399098045453354,1.0235536588822947,False,0.0,0.8925038038839365,0.039938832146945075,1.720378020242264,0.012499999999999956,True,False,0.8138738908849216,0.04035951680299491,0.05033926571561587,0.7938954453327316,-0.2852814048528671,-0.005123594704427734,False,0.0125,False,False,-0.0002898089425864483,impact,True,success_unloaded
S,ppo,3,SS4,81,1069232166,success,dwell_complete,0.24225851562659462,1.5208333333333333,False,1.5208333333333333,True,46,0,0,0,0,15,0,0,0,0,0,-0.3809705078601837,0,72,123,-0.30522493571043013,-0.2835092964400144,-0.3851014023848718,-0.12390834552808477,False,0.2611518349338739,-0.5290677096212373,1.0371698193193233,False,0.0,0.7559660480115333,0.02545703109217557,1.7808542139001429,0.01666666666666683,True,False,0.4747622767037433,0.03268146488268185,0.13987366129913106,0.9600573229069627,-0.5707245916128159,-0.010344372672226203,False,0.016666666666666666,False,False,0.0006443119576820075,impact,True,success_unloaded
S,ppo,3,SS4,85,2081940702,success,dwell_complete,0.2539218788305508,1.6083333333333334,False,1.6083333333333334,True,49,0,0,0,0,15,0,0,0,0,0,-0.3413388580083847,0,120,126,-0.2774676337838173,-0.25712723342434407,-0.23395588713272983,0.03240885760002558,False,0.26669983275079195,-0.6144249008328203,1.0308137786341107,False,0.125,0.9551776410600245,0.18173159064258168,1.4254983721473362,0.012499999999999956,True,False,1.0308137786341107,0.18339400970581526,-0.0031832873871961978,0.8222790614696622,-0.2203132063150406,-0.0034175674532216996,False,0.029166666666666667,False,False,-0.0005259969315340654,impact,True,success_unloaded
S,ppo,3,SS4,89,1460784246,success,dwell_complete,0.22119113697395948,1.5,False,1.5,True,45,0,0,0,0,15,0,0,0,0,0,-0.3548061400651932,0,112,120,-0.25111503154039383,-0.25392718397776975,-0.22988622229101854,0.030034453615421005,False,0.26004639274468017,-0.19427617397956415,1.024739354855144,False,0.0,0.5971012380844409,0.08021085899336575,1.909147201324027,0.012499999999999956,True,False,0.5360100785457691,0.0806680349753071,0.12483069072392883,0.9046997369082612,-0.44485218822956085,-0.00438971594231915,False,0.004166666666666667,False,False,-0.00010016867451640628,impact,True,success_unloaded
S,ppo,3,SS4,94,1246638828,success,dwell_complete,0.23438770354852057,1.5083333333333333,False,1.5083333333333333,True,46,0,0,0,0,15,0,0,0,0,0,-0.4333296865224838,0,24,126,-0.20266107171773912,-0.2918148750270719,-0.38066423177755043,-0.14925732698562497,False,0.2302701993229592,-0.9948797268205314,0.8803029790990967,False,0.0,0.8271632461619529,-0.9617439079888415,1.4423056811185182,0.02083333333333326,True,False,0.8803029790990967,-0.9229555817743956,0.006720476841491192,0.7721314876230264,-0.4413097947835922,0.003370270701759686,True,0.0,False,False,0.001862373125922298,impact,False,
S,ppo,3,SS4,111,1101765951,success,dwell_complete,0.26376547756776336,1.6208333333333333,False,1.6208333333333333,True,49,0,0,0,0,15,0,0,0,0,0,-0.32532763481140137,0,56,123,-0.37779939025640485,-0.27481162793814407,-0.36955665909306296,-0.10096989475165552,False,0.2690658651491076,-0.7691057077113094,1.0680690416898762,False,0.0,0.7668787449319098,0.3669475565674158,1.3476285201647848,0.008333333333333304,True,False,1.0680690416898762,0.35831490403685634,-0.008419374127522779,0.589134389912613,-0.34595172107219696,-0.008767177127901576,False,0.016666666666666666,False,False,0.0004306844323324737,impact,True,success_unloaded
S,ppo,3,SS4,123,1422627062,success,dwell_complete,0.21783246290055272,1.5416666666666667,False,1.5416666666666667,True,47,0,0,0,0,15,0,0,0,0,0,-0.2669098824262619,0,120,126,-0.27284213304519656,-0.22730263196906245,-0.12424920726587747,0.13429708726113396,False,0.2594287693398368,-0.026334646575791418,0.9970532704680822,False,0.125,0.9256371964147495,0.4152467876377261,1.4752578660947873,0.02499999999999991,True,False,0.9970532704680822,0.3894800535068454,0.011186837596940525,0.7775580743263909,-0.12051283568143845,0.011186837596940525,True,0.0,False,False,-0.0006393673947110835,impact,False,
S,ppo,3,SS4,135,1161446768,success,dwell_complete,0.24628426549783136,1.575,False,1.575,True,48,0,0,0,0,15,0,0,0,0,0,-0.4928443282842636,0,104,126,-0.1640152707695961,-0.28320902469649556,-0.2749963391610946,-0.013833001794264511,False,0.260392913612974,-0.7126527959602434,0.9150823370994835,False,0.125,0.8539126297172257,-0.7394391747084242,1.5119801577770626,0.016666666666666607,True,False,0.9150823370994835,-0.7385321320907793,0.0023824412190637636,0.873287826692294,-0.3212588131427765,0.002115820126782098,True,0.0,False,False,0.0007986725837694367,impact,False,
S,ppo,3,SS4,140,451247318,success,dwell_complete,0.2751511933804301,1.4625,False,1.4625,True,44,0,0,0,0,15,0,0,0,0,0,-0.27991973608732224,0,112,121,-0.2764033868908882,-0.2618410350218719,-0.21635698513423143,0.06037933154451436,False,0.2764617745751306,-1.157109469859435,1.027858653170257,False,0.0,0.8556684613360556,0.2302380636354424,2.0318804321158037,0.01666666666666683,True,False,0.7982717307246551,0.22875698567706215,0.05949423377466894,1.1796989087241647,-0.27991973608732224,-0.0010086430598398681,False,0.008333333333333333,False,False,-0.0005398617831512475,impact,True,success_unloaded
S,ppo,3,SS4,145,1286322466,success,dwell_complete,0.25437412755766153,1.6333333333333333,False,1.6333333333333333,True,49,0,0,0,0,15,0,0,0,0,0,-0.3663356155157089,0,40,120,-0.36181060671806337,-0.28567326788714986,-0.38540077039277765,-0.12232721373478538,False,0.26394485292896597,-0.8675144124306025,1.0226148527830086,False,0.0,0.8904748508680002,0.11971144946632743,1.602860944252803,0.008333333333333304,True,False,0.8715977077372847,0.10669167181022726,0.03669372635610367,0.7098191213550663,-0.44776055216789246,-0.0037459000934481606,False,0.004166666666666667,False,False,0.0012447805283540582,impact,True,success_unloaded
S,ppo,3,SS4,147,1697022180,success,dwell_complete,0.27981862233093485,1.6416666666666666,False,1.6416666666666666,True,50,0,0,0,0,15,0,0,0,0,0,-0.394368052482605,0,32,126,-0.3224957838654518,-0.3035551141275383,-0.3578013690004801,-0.058597023852709575,False,0.29397044171427594,-0.5048214726612575,0.9811703505759413,False,0.0,0.9184855761152125,-0.11288016206595328,2.1972902818512496,0.03750000000000009,False,False,0.47969215489011136,-0.10389023078303532,0.13156673106173902,1.106317392277647,-0.5639232248067856,-0.0013384929721072128,False,0.025,False,False,0.0018764283010084138,other,True,success_unloaded
S,ppo,3,SS4,157,990009387,success,dwell_complete,0.22131923864678477,1.4416666666666667,False,1.4416666666666667,True,44,0,0,0,0,15,0,0,0,0,0,-0.39171069860458374,0,88,126,-0.29805282056331633,-0.27392912695397487,-0.3190715880297033,-0.05586189248850544,False,0.26252485686129,-0.0935299912667928,0.9767387451310044,False,0.125,0.9078619867448064,-0.052780867703659994,1.8326962145530499,0.016666666666666607,True,False,0.9767387451310044,-0.05154935482440919,0.004459589019727906,0.9466967339632663,-0.33440371602773666,0.004237386481861477,True,0.0,False,False,0.001481064936057356,impact,False,
S,ppo,3,SS4,161,846331680,success,dwell_complete,0.2447286479895705,1.5416666666666667,False,1.5416666666666667,True,47,0,0,0,0,15,0,0,0,0,0,-0.4333237409591675,0,120,126,-0.21035633236169815,-0.25899277783084207,-0.19316232175711173,0.0843753480752471,False,0.2790220621894618,-0.34353907864272104,0.9645103991239031,False,0.125,0.8971621839885928,0.06542406263099632,1.4372017461329998,0.02499999999999991,True,False,0.9645103991239031,0.05948031047898987,0.010130523277496088,0.6785711187070897,-0.21451983600854874,0.010130523277496088,True,0.0,False,False,-0.0003587277142636313,impact,False,
S,ppo,3,SS4,162,1307500521,success,dwell_complete,0.24637891774968562,1.575,False,1.575,True,48,1,0,0,0,15,0,0,0,0,1,-0.368510439991951,0,80,126,-0.274228972196579,-0.2705672539041925,-0.27684196132151745,-0.012921594611928936,False,0.263669783302797,-0.6625699768326873,0.9875072427370716,False,0.125,0.9172844221501152,0.007628025227634477,1.9296830525963686,0.016666666666666607,True,False,0.9875072427370716,0.008230205017071153,0.0035641027555305756,1.0120776405441676,-0.2825155556201935,0.003453568369885221,True,0.0,False,False,0.00011943795078794945,impact,False,
S,ppo,3,SS4,176,927760525,success,dwell_complete,0.2559898660728406,1.5958333333333332,False,1.5958333333333332,True,48,0,0,0,0,15,0,0,0,0,0,-0.35741228610277176,0,32,121,-0.32951167076826093,-0.28489156388065756,-0.35569731468780824,-0.08835460425202696,False,0.2670361223777289,-0.8925359246974274,1.0600529813432251,False,0.0,0.7369515286406936,0.16795796203453112,1.8058823968894295,0.02083333333333348,True,False,0.6292510444065164,0.17443231463570963,0.10281566357826002,0.9589088997133953,-0.5137533098459244,-0.011535573704160007,False,0.008333333333333333,False,False,0.00036375155373975034,impact,True,success_unloaded
S,ppo,3,SS4,188,638130436,success,dwell_complete,0.2557141999630993,1.6166666666666667,False,1.6166666666666667,True,49,0,0,0,0,15,0,0,0,0,0,-0.3575044870376587,0,120,124,-0.2652118131518364,-0.2695345016378023,-0.24764011190375795,0.010740196978395775,False,0.2583235133861643,-0.8331787815472544,0.9683649461199229,False,0.375,0.7648748455904846,-0.03508289465837573,0.5979962900388157,0.012499999999999956,True,False,0.9683649461199229,-0.034586148970819595,0.007411420564208598,0.4909143843193297,-0.2635347694158554,0.007380410096323982,True,0.0,False,False,-4.6214007946146076e-05,impact,False,
S,ppo,3,SS4,189,479807060,success,dwell_complete,0.2350536094055436,1.575,False,1.575,True,49,0,0,0,0,14,0,0,0,0,0,-0.6063346490263939,0,112,126,-0.3039067253470421,-0.258616919276654,-0.27330477120107954,0.0032096635656542224,False,0.2748286505579872,-0.3920007038379366,1.0827745006594114,False,0.0,1.0556454815995124,0.22331837498962,1.459629915879286,0.054166666666666696,False,False,0.865742348180221,0.2204132419583189,0.039111517057186636,0.8676429291266975,-0.25177786499261856,-0.017583961908331367,False,0.029166666666666667,False,False,0.0006943165819243284,other,True,success_unloaded
S,ppo,3,SS4,194,2027452974,success,dwell_complete,0.25386671976264014,1.6291666666666667,False,1.6291666666666667,True,49,1,0,0,0,15,0,0,0,0,1,-0.3970373868942261,0,112,121,-0.24690030813217162,-0.25989275239904563,-0.2087280638663349,0.060977408089726806,False,0.2698403743010955,-0.6880578159374352,1.0106818900047099,False,0.0,0.6895905068877118,-0.010208568954649173,1.1269742408768775,0.008333333333333304,True,False,0.5825600458487126,0.0026143956753395536,0.11052262574204741,0.4932234090456874,-0.3916254937648773,-0.002525870586324555,False,0.008333333333333333,False,False,-0.0003323726222057677,impact,True,success_unloaded
S,ppo,3,SS5,8,1065105648,success,dwell_complete,0.2412288937284343,1.3791666666666667,False,1.3791666666666667,True,43,0,0,0,0,14,0,0,0,0,0,-0.4085339605808258,0,16,125,-0.20992918014526368,-0.28840769689692713,-0.2657847716803827,-0.0008388533588862907,False,0.2623782132585961,-0.40429714250667326,0.9087523766268434,False,0.0,0.8856891736226467,-0.4918503849216503,1.686352109450095,0.03333333333333344,False,False,0.8164995646100562,-0.4988861915798015,0.034201056467953884,0.8349156246472232,-0.33010440319776535,0.009953204446317924,True,0.0,False,False,6.507046622467519e-07,other,False,
S,ppo,3,SS5,17,419316027,success,dwell_complete,0.2291039420806802,1.4541666666666666,False,1.4541666666666666,True,44,0,0,0,0,15,0,0,0,0,0,-0.38963355123996735,0,40,123,-0.22498202919960023,-0.2659661804648849,-0.22458389917129593,0.032199670101779626,False,0.25681001406957765,-0.31940251916208584,0.9499337128238372,False,0.5,0.687829195432629,-0.36712739005074246,1.1522516371135294,0.012499999999999956,True,False,0.9499337128238372,-0.3648651262155914,0.0034056840660553283,0.6454052833560742,-0.24644167721271515,0.0034056840660553283,True,0.0,False,False,0.00038816902726068655,impact,False,
S,ppo,3,SS5,18,1615341671,success,dwell_complete,0.2470824834184454,1.5416666666666667,False,1.5416666666666667,True,47,0,0,0,0,15,0,0,0,0,0,-0.42586013674736023,0,120,126,-0.1072726771235466,-0.24765235685313056,-0.1335588597372161,0.12624507569581242,False,0.26018883660070796,-0.5589847372900384,0.9516457869389695,False,0.125,0.8859056483267759,-0.600280138096309,1.6238806062315638,0.012499999999999956,True,False,0.9516457869389695,-0.602040439010819,-0.0034631197879704772,0.9596441056544115,-0.15670399367809296,-0.0035298932438760813,False,0.029166666666666667,False,False,-0.0015051750123961682,impact,True,success_unloaded
S,ppo,3,SS5,20,702950301,success,dwell_complete,0.24670941071051766,1.3291666666666666,False,1.3291666666666666,True,40,0,0,0,0,15,0,0,0,0,0,-0.2541261166334152,0,112,121,-0.2725436270236969,-0.2290735145856808,-0.15497207280171524,0.10517926920866844,False,0.2599048515823362,-0.6954152222820081,1.0003623347250048,False,0.0,0.7938525950469147,0.45355921553691436,0.8239224316694594,0.02083333333333348,True,False,0.7250160151542181,0.4450448748667778,0.08442490208177744,0.363667156200106,-0.2655252143740654,0.012416849530745316,True,0.0,False,False,-0.0009137465463941428,impact,False,
S,ppo,3,SS5,30,1268272897,success,dwell_complete,0.2505822356538409,1.575,False,1.575,True,48,1,0,0,0,15,0,0,0,0,1,-0.29482707381248474,0,120,126,-0.31910581290721896,-0.258773450317954,-0.25143175512833915,0.022709433393217116,False,0.2736881566130142,-0.31893180663214493,1.0513469838035119,False,0.125,0.9731441955832505,0.3895519772233683,1.7680162775763875,0.016666666666666607,True,False,1.0513469838035119,0.3892872222648505,-0.0030920898550249216,1.0268587462894627,-0.224093958735466,-0.0031316146208103467,False,0.029166666666666667,False,False,4.834176412379804e-05,impact,True,success_unloaded
S,ppo,3,SS5,33,714116886,success,dwell_complete,0.26330279510906324,1.5708333333333333,False,1.5708333333333333,True,48,0,0,0,0,15,0,0,0,0,0,-0.44870683550834656,0,120,127,-0.23959593325853348,-0.25523650895059524,-0.21707729773479043,0.06440872507806718,False,0.27802487431473666,-0.8445175255492413,0.9821302173858403,False,0.0,0.9821302173858403,0.15721992257615247,1.933066741453188,0.02499999999999991,True,False,0.9821302173858403,0.15259781907624068,0.00804269869942483,0.9318398731224092,-0.22894035279750824,0.007982161991054249,True,0.0,False,False,-0.00024671379454958847,impact,False,
S,ppo,3,SS5,64,277549337,success,dwell_complete,0.2598867256978035,1.5041666666666667,False,1.5041666666666667,True,46,0,0,0,0,15,0,0,0,0,0,-0.2738598883152008,0,96,127,-0.5452559113502502,-0.27857765293845715,-0.47421266284999447,-0.19931692938256917,False,0.2747591604323846,-0.6769619357926683,1.1091676040578586,False,0.0,1.1091676040578586,1.2584804852948033,1.909505794605745,0.016666666666666607,True,False,1.1091676040578586,1.2648516198956101,0.005300866787201336,1.0969600610044505,-0.4208376556634903,0.0041310208114329425,True,0.0,False,False,-0.0010023917485698188,impact,False,
S,ppo,3,SS5,73,66480997,success,dwell_complete,0.24776092901803506,1.5166666666666666,False,1.5166666666666666,True,46,0,0,0,0,15,0,0,0,0,0,-0.7572821080684662,0,112,124,-0.3101853638887405,-0.28445125163406726,-0.37657276061088474,-0.10262577567501639,False,0.27715487003899103,-0.32356199338614383,0.994089299118083,False,0.0,0.8016506956509738,-0.1953352376126528,1.6955920034243783,0.03333333333333344,False,False,0.48091968987245864,-0.1777033136902484,0.1301454694198725,0.8060059795397473,-0.6042412519454956,-0.0058216987578632315,False,0.020833333333333332,False,False,0.0005243847915700205,other,True,success_unloaded
S,ppo,3,SS5,80,1856283101,success,dwell_complete,0.2504980395622491,1.625,False,1.625,True,49,0,0,0,0,15,0,0,0,0,0,-0.35199476033449173,0,104,122,-0.2014520764350891,-0.2657398768705666,-0.20302380123631292,0.07219974843640442,False,0.27466307597174944,-0.4047049566727737,0.9590223204250351,False,0.625,0.6257112939352761,-0.14954772670368777,0.8664839332164685,0.012499999999999956,True,True,0.42572467804142095,-0.1478429312828607,0.14781803358394033,0.45394955178720814,-0.42606237530708313,0.006808361899952389,True,0.0,False,False,-0.0004789568991472628,impact,False,
S,ppo,3,SS5,82,1159581122,success,dwell_complete,0.24529166136286126,1.6833333333333333,False,1.6916666666666667,True,51,4,0,0,1,15,0,0,0,0,3,-0.6147465705871582,0,24,124,-0.11620932519435882,-0.3298782499836733,-0.430114896195761,-0.18396511563195928,False,0.24234688316656133,-0.9156555820056027,0.8146925368307288,False,0.375,0.6688295897847384,-1.462929185634158,1.5527623197289457,0.016666666666666607,True,False,0.8146925368307288,-1.4536127900532436,0.00938579387354034,0.7171266570332151,-0.5069485455751419,0.007296158812315212,True,0.0,False,False,0.0027455332016003277,impact,False,
S,ppo,3,SS5,106,158713044,success,dwell_complete,0.2759385675500109,1.5958333333333332,False,1.5958333333333332,True,48,0,0,0,0,15,0,0,0,0,0,-0.3158385381102562,0,72,121,-0.42389350235462187,-0.2805603574489745,-0.38838888364863355,-0.09226320109645872,False,0.28689091265226174,-0.8031717881983134,1.1082104349287862,False,0.0,1.1325864810953283,0.4578879141796631,4.094372489370764,0.29166666666666674,False,True,0.42572467804142095,0.5201561934527842,0.16392905569864089,0.9227085395509694,-0.3863937556743622,-0.027203343349032495,False,0.041666666666666664,False,False,0.028589909303318114,post_contact_idle,True,success_unloaded
S,ppo,3,SS5,108,1149126053,success,dwell_complete,0.2584171594875375,1.575,False,1.575,True,48,1,0,0,1,15,0,0,0,0,1,-0.47080300748348236,0,120,126,-0.20738027095794678,-0.2783196650836755,-0.26434761330468964,0.0022743393501806876,False,0.26719868778867256,-0.7788848842719523,0.9880736327109725,False,0.125,0.9177800133772785,-0.3919468257282501,1.05345863511472,0.012499999999999956,True,False,0.9880736327109725,-0.3916953427616466,-0.007459318514686766,0.5872458133769393,-0.27202919125556946,-0.007528337737972562,False,0.029166666666666667,False,False,0.00011342312891143471,impact,True,success_unloaded
S,ppo,3,SS5,110,808532272,success,dwell_complete,0.25354909076042215,1.4291666666666667,False,1.4291666666666667,True,43,0,0,0,0,15,0,0,0,0,0,-0.34058792889118195,0,0,121,-0.22356149405241013,-0.2844475751936183,-0.27631034292200557,-0.011984735941721659,False,0.2641692488704641,-0.8716190150238033,0.9727840350399234,False,0.0,0.8930447172234359,-0.40634482288149776,1.8967961309943309,0.03749999999999987,False,False,0.86646494461794,-0.40363297362148226,0.022862040995329333,0.9254091289560035,-0.3107832670211792,-0.003929012879132766,False,0.008333333333333333,False,False,0.0003166909811335567,other,True,success_unloaded
S,ppo,3,SS5,120,1581704015,success,dwell_complete,0.24102088269700533,1.6125,False,1.6125,True,49,0,0,0,0,15,0,0,0,0,0,-0.3562944084405899,0,120,125,-0.20831432044506074,-0.26346215811665596,-0.20021067422703767,0.07208509606234088,False,0.2721786168866551,-0.19200930815237136,0.9885228626491942,False,0.25,0.8478233164972508,-0.003405503343008301,1.906787405575197,0.012499999999999956,True,False,0.9885228626491942,-0.0019737158761365787,0.0030045109323775716,0.9967534464658332,-0.2026408240199089,0.002852321371760694,True,0.0,False,False,-0.0008973974252084673,impact,False,
S,ppo,3,SS5,122,1975348375,success,dwell_complete,0.25691133815680656,1.4583333333333333,False,1.4583333333333333,True,44,0,0,0,0,15,0,0,0,0,0,-0.4552702456712723,0,24,122,-0.35401312410831454,-0.29716930164163163,-0.35748594679739587,-0.07562760565202675,False,0.27957198373635656,-0.30771484962310264,0.9795197794401784,False,0.0,0.7244057013970985,-0.1536801353059075,1.1492510479571476,0.02083333333333348,True,False,0.5713372545712505,-0.17222937168185803,0.10866310256743875,0.6308227932073858,-0.5515589565038681,0.0016589803159715382,True,0.0,False,False,0.0013334298715862248,impact,False,
S,ppo,3,SS5,127,1555871774,success,dwell_complete,0.25103777478555456,1.5416666666666667,False,1.5416666666666667,True,47,0,0,0,0,15,0,0,0,0,0,-0.4965936988592148,0,48,126,-0.2526149421930313,-0.2911808945090387,-0.3066774883337395,-0.0330565445257391,False,0.2723174285561778,-0.23529110009000664,0.9786595823659645,False,0.125,0.9095427193253965,-0.606875252861281,1.7412632848224305,0.008333333333333304,True,False,0.9786595823659645,-0.599074110688308,-0.010716619301962403,0.7643305533784629,-0.3181433603167534,-0.011295463692922633,False,0.029166666666666667,False,False,0.00031409385508529575,impact,True,success_unloaded
S,ppo,3,SS5,140,403445731,success,dwell_complete,0.23490686364848268,1.4208333333333334,False,1.4208333333333334,True,44,0,0,0,0,14,0,0,0,0,0,-0.24593764543533325,0,16,123,-0.21072662323713304,-0.2648344095398461,-0.21094817502736707,0.050346025764030494,False,0.25862410341046016,-0.4325809294866837,1.0036076528197038,False,0.0,0.9100720697487923,-0.11247406889468564,1.7394677281510882,0.02499999999999991,True,False,0.8165364866778809,-0.11603949864444434,0.044090222339531165,0.8147157460726913,-0.2488979995250702,-0.00525269463290971,False,0.016666666666666666,False,False,-0.0001538788357814212,impact,True,success_unloaded
S,ppo,3,SS5,144,210388185,success,dwell_complete,0.2274762185460616,1.475,False,1.475,True,45,0,0,0,0,15,0,0,0,0,0,-0.4256913810968399,0,112,126,-0.18668770045042038,-0.28932277475367285,-0.3044887022096884,-0.04136570484316119,False,0.2626818273669123,-0.08852269453292771,1.008380313763594,False,0.125,0.9355483592983224,-0.382583726032366,1.6937100802633338,0.02083333333333326,True,False,1.008380313763594,-0.36855114134339845,-0.01217524075235468,0.9247574192355864,-0.29722532629966736,-0.013244111414793217,False,0.029166666666666667,False,False,0.00037675794074548967,impact,True,success_unloaded
S,ppo,3,SS5,150,408507921,success,dwell_complete,0.25167531907450524,1.425,False,1.425,True,44,0,0,0,0,14,0,0,0,0,0,-0.3369162306189537,0,88,122,-0.25125390440225603,-0.2687811565562478,-0.24742608316319364,0.017535567648369173,False,0.2632487893025743,-0.7545477966759665,0.9735343297518203,False,0.0,0.9162344134987368,0.00762867774357402,2.0463732683232134,0.02499999999999991,True,False,0.8818544637468868,0.007079045004525097,0.031110574725328913,1.0446458687217637,-0.27415522187948227,0.006954403890752813,True,0.0,False,False,-8.237745012959388e-05,impact,False,
S,ppo,3,SS5,153,1116331160,success,dwell_complete,0.2711506023557511,1.4916666666666667,False,1.4916666666666667,True,46,0,0,0,0,14,0,0,0,0,0,-0.5791869387030602,0,112,122,-0.13300761133432387,-0.2904988710322377,-0.19618137019555,0.08983546439743206,False,0.28432259825148076,-0.7107978912299245,0.938836833113272,False,0.0,0.8202346405756513,-0.6522100519163057,2.1552920313727366,0.02499999999999991,True,False,0.7490733250530789,-0.6686470666137987,0.04675744581947286,1.0114622848060306,-0.28433266282081604,-0.002424267104999848,False,0.0125,False,False,0.028276613265198768,impact,True,success_unloaded
S,ppo,3,SS5,167,1682937791,success,dwell_complete,0.2515128735647206,1.4416666666666667,False,1.4416666666666667,True,44,0,0,0,0,15,0,0,0,0,0,-0.6257714778184891,0,88,126,-0.029987445473670958,-0.2687916654743195,-0.10124772569839648,0.17761020237779374,False,0.2762632707627827,-0.13386304273919392,0.918339367945943,False,0.125,0.8567625317078779,-1.1625656651656677,1.7212544704495136,0.02499999999999991,True,False,0.918339367945943,-1.2017787258590775,-0.011675816059252445,0.9016236174239984,-0.14706885069608688,-0.011675816059252445,False,0.029166666666666667,False,False,-4.3188070347755894e-05,impact,True,success_unloaded
S,ppo,3,SS5,174,1515200011,success,dwell_complete,0.2219263695727759,1.4208333333333334,False,1.4208333333333334,True,43,0,0,0,0,15,0,0,0,0,0,-0.35152383148670197,0,112,123,-0.29903111308813096,-0.2645388000768696,-0.299629678764268,-0.04199140430924902,False,0.2581494427655667,-0.122350745236531,0.9875617347408688,False,0.0,0.7255043679116141,0.12706421284246155,1.6271689552240267,0.016666666666666607,True,False,0.46344700108235937,0.1290239565215796,0.1452896849991239,0.756432541989954,-0.49750252068042755,0.006286653136791266,True,0.0,False,False,0.0004317897026063735,impact,False,
S,ppo,3,SS5,177,2018449764,success,dwell_complete,0.2551492435275294,1.5125,False,1.5125,True,46,0,0,0,0,15,0,0,0,0,0,-0.4093804210424423,0,24,125,-0.19256532490253447,-0.27308600119054144,-0.21832803951112814,0.037698891744133094,False,0.2548553696795564,-1.2429386151625068,0.9343386972733269,False,0.25,0.8071851924653504,-0.9764204640580677,1.5800029243500866,0.02083333333333326,True,False,0.9343386972733269,-0.9868785517028424,-0.009386883722570096,0.785587928689331,-0.2460523545742035,-0.009386883722570096,False,0.025,False,False,0.0015420554674163663,impact,True,success_unloaded
S,ppo,3,SS5,179,1906148524,success,dwell_complete,0.2445582579870015,1.4416666666666667,False,1.4416666666666667,True,44,0,0,0,0,15,0,0,0,0,0,-0.5800924301147461,0,80,126,-0.024807313084602357,-0.2830061161951602,-0.12181581901842146,0.15078563538145542,False,0.27007785367527354,-0.27355877055921013,0.8771509810468041,False,0.125,0.8207226931711312,-1.2000351328856085,1.5473235690487501,0.02083333333333326,True,False,0.8771509810468041,-1.2163564911655358,-0.0006714121321299516,0.7784842314823567,-0.18596794456243515,-0.000942747958363641,False,0.016666666666666666,False,False,-0.00020938124543867396,impact,True,success_unloaded
S,ppo,3,SS5,193,2065900127,success,dwell_complete,0.22989882006087514,1.5958333333333332,False,1.5958333333333332,True,48,0,0,0,0,15,0,0,0,0,0,-0.22123919427394867,0,112,121,-0.35375488698482516,-0.2276234405253908,-0.1703671649357513,0.09221084793653381,False,0.26246632744936454,-0.23087936035468587,1.0587586051453117,False,0.0,0.6949004973767771,1.0750634708461742,2.1973119036749025,0.02083333333333348,True,False,0.5736144614539321,1.0733805523473048,0.14127974012316308,1.0722178818236459,-0.3520962819457054,0.013206316229708914,True,0.0,False,False,0.0007319444111362199,impact,False,
S,ppo,3,SS6,35,55155601,success,dwell_complete,0.2848987728135489,1.5083333333333333,False,1.5083333333333333,True,46,0,0,0,0,15,0,0,0,0,0,-0.22259080410003662,0,120,126,-0.36901682764291766,-0.26476270920809014,-0.2489725396874266,0.04519858419356759,False,0.294075259445792,-0.9272566482280711,1.0770441726215976,False,0.125,0.9956292357990755,0.8064574700796856,1.6766862107773457,0.02499999999999991,True,False,1.0770441726215976,0.793055062505233,0.001050081135726501,0.9189001312403172,-0.20394424349069595,0.001050081135726501,True,0.0,False,False,-0.0014534078438911005,impact,False,
S,ppo,3,SS6,37,1167900726,success,dwell_complete,0.2700756544137548,1.5875,False,1.5875,True,48,0,0,0,0,15,0,0,0,0,0,-0.5889367461204529,0,120,123,-0.15560967326164246,-0.2160009275762402,0.02341694078008935,0.30683290302511246,True,0.28464906794433237,-0.6327715521497751,0.9968455222540638,False,0.5,0.7112851001477424,-0.26836113409794776,2.0239608705309213,0.029166666666666785,True,True,0.42572467804142095,-0.39456054936388246,0.14010898192091537,0.9212903937573784,-0.3057560920715332,-0.0070409086005230265,False,0.016666666666666666,False,False,-0.001336641343329338,impact,True,success_unloaded
S,ppo,3,SS6,39,305654731,success,dwell_complete,0.25866144469324115,1.4916666666666667,False,1.4916666666666667,True,45,0,0,0,0,15,0,0,0,0,0,-0.22372370213270187,0,120,122,-0.2161269396543503,-0.22473200270132665,-0.03572993261413533,0.2301649741352282,True,0.26644633518612293,-1.0560971808026511,1.0654730810551474,False,0.625,0.6656303291715683,0.5529804174615791,1.0378712533888752,0.008333333333333304,True,False,1.0654730810551474,0.576801157842695,-0.0019033968049182702,0.45441434322018964,-0.01289619505405426,-0.0019033968049182702,False,0.0125,False,False,-0.0023700668473080133,impact,True,success_unloaded
S,ppo,3,SS6,47,1541273511,success,dwell_complete,0.2834720151675028,1.4666666666666666,False,1.4666666666666666,True,44,0,0,0,0,15,0,0,0,0,0,-0.30234742909669876,0,80,120,-0.4206987887620926,-0.2781246766972775,-0.3655049900936675,-0.07860356032775716,False,0.2865398127868089,-1.3296917365221586,1.0604129512701472,False,0.0,1.0642837569326604,0.6773613898760642,2.171028458750372,0.01666666666666683,True,False,1.0648367291701624,0.6792630359645658,0.0012145545689017285,1.087259602218357,-0.325942687690258,0.000986693983301921,True,0.0,False,False,-0.000832064920510304,impact,False,
S,ppo,3,SS6,59,160775593,success,dwell_complete,0.26235404053387373,1.5666666666666667,False,1.5666666666666667,True,47,0,0,0,0,16,0,0,0,0,0,-0.32451675832271576,0,8,128,-0.3541225716471672,-0.28004401746055635,-0.2884525922723426,-0.016908412736404668,False,0.271362957254203,-0.91057171328246,1.03607549721986,False,0.0,0.9181718032040946,-0.0027804696892609415,2.1943951981056125,0.02499999999999991,True,False,0.9013284183446995,-0.012881382387841712,0.025719415503761008,1.1449750227074917,-0.3274272233247757,-0.008741098991079032,False,0.004166666666666667,False,False,0.0007594638026178314,impact,True,success_unloaded
S,ppo,3,SS6,63,190453351,success,dwell_complete,0.26281424244958684,1.5125,False,1.5125,True,46,0,0,0,0,15,0,0,0,0,0,-0.5511636883020401,0,112,125,-0.3115598917007446,-0.28537389689261883,-0.3393132809930696,-0.04336778532904121,False,0.29411421780511254,-0.24450672209877083,1.0458620834091372,False,0.0,0.8941119784149054,-0.05090427526374574,1.97168603341832,0.029166666666666785,True,False,0.43886166343221006,-0.04832521084015584,0.14614844809857927,1.0850434062857532,-0.6014763861894608,-0.01452853290466945,False,0.025,False,False,4.904229135994339e-05,impact,True,success_unloaded
S,ppo,3,SS6,73,722815722,success,dwell_complete,0.22446557550139654,1.4583333333333333,False,1.4583333333333333,True,45,0,0,0,0,14,0,0,0,0,0,-0.1779959388077259,0,0,122,-0.48579609096050264,-0.28527377440238594,-0.4496705371772643,-0.18253856070826144,False,0.26821264158406966,-0.030059152449366647,1.0443410841734426,False,0.0,1.0020199186898988,0.6737922614880594,1.8977787515589795,0.029166666666666785,True,False,0.9766272193997725,0.7033940776747137,0.024164890705276165,1.0004106993640525,-0.40746237337589264,0.005426897905082899,True,0.0,False,False,0.0013916893942661714,impact,False,
S,ppo,3,SS6,78,1532668767,success,dwell_complete,0.24018697771851721,1.6291666666666667,False,1.6291666666666667,True,49,0,0,0,0,15,0,0,0,0,0,-0.5439873039722443,0,80,121,-0.04099642634391785,-0.2791972768091081,-0.1668693707268504,0.09984529760653521,False,0.2640626970885169,-0.32879677415247593,0.8771470745643013,False,0.0,0.5749205395708632,-1.3181118201740967,1.439863708634602,0.02499999999999991,True,False,0.4741783612397171,-1.3261543639668165,0.10298941627317965,0.7932513681260208,-0.43873147666454315,-0.0029341693004284416,False,0.008333333333333333,False,False,-1.1113038878421416e-05,impact,True,success_unloaded
S,ppo,3,SS6,83,160799111,success,dwell_complete,0.30745240699295295,1.4833333333333334,False,1.4833333333333334,True,46,0,0,0,0,14,0,0,0,0,0,-0.4494713768362999,0,104,124,-0.2783204451203346,-0.30205580969547924,-0.19911892621196983,0.13880655095763195,False,0.31066831511445603,-1.183515854020056,0.9982322364688171,False,0.0,0.9394153028439072,0.06892263525912525,4.168048667054891,0.31666666666666665,False,True,0.42572467804142095,-0.4223410163773033,0.13671303901129325,1.2242342097271548,-0.37645675241947174,-0.0010703938351988912,False,0.004166666666666667,False,False,0.08103975948225339,post_contact_idle,True,success_unloaded
S,ppo,3,SS6,94,537732710,success,dwell_complete,0.24584696177891097,1.5791666666666666,False,1.5791666666666666,True,48,0,0,0,0,15,0,0,0,0,0,-0.31982535123825073,0,48,125,-0.4260094240307808,-0.29176826836707287,-0.36092858627483737,-0.08941218585173934,False,0.2731243431537567,-0.11107847802715687,1.0147415596808245,False,0.0,0.8685986962540918,0.4472698682492199,1.8985699335343837,0.016666666666666607,True,False,1.0147415596808245,0.44741322295149416,0.00809198272426091,1.1905543441149242,-0.36181169003248215,0.008057475698539207,True,0.0,False,False,0.0007348161426268201,impact,False,
S,ppo,3,SS6,98,228857887,success,dwell_complete,0.24113906617331643,1.6125,False,1.6125,True,49,0,0,0,0,15,0,0,0,0,0,-0.9627379775047302,0,120,125,-0.02293465882539749,-0.2325505178889383,-0.0338528337763273,0.23171830818716838,True,0.266970929484798,-0.30004179458320973,0.9050387576178497,False,0.25,0.7852102377237425,-1.1316506513321096,2.1057425202729525,0.03749999999999987,False,True,0.42572467804142095,-1.2457075054711444,0.11560341454580449,1.2911604024556058,-0.3911121189594269,-0.008999005222488195,False,0.025,False,False,0.00047256670211791264,post_contact_idle,True,success_unloaded
S,ppo,3,SS6,104,1013111488,success,dwell_complete,0.2541515495013956,1.5833333333333333,False,1.5833333333333333,True,49,0,0,0,0,14,0,0,0,0,0,-0.3668661117553711,0,24,124,-0.376033216714859,-0.3386910724479627,-0.5768209184419393,-0.2895050533441377,False,0.2858669548363985,-0.3118921492990234,0.9942975457702258,False,0.0,0.9543273887458944,-0.16541955088740903,1.758933318401235,0.03750000000000009,False,False,0.8877104603720086,-0.0036807144828552335,0.027775911781555165,1.0800327159889564,-0.5800900608301163,-0.005959307502566471,False,0.020833333333333332,False,False,0.0026584612890432026,other,True,success_unloaded
S,ppo,3,SS6,115,2081510509,success,dwell_complete,0.2671429142903192,1.4708333333333332,False,1.4708333333333332,True,45,0,0,0,0,15,0,0,0,0,0,-0.29599642753601074,0,24,127,-0.4576351761817932,-0.26252029636556257,-0.38390239253089614,-0.11195476046762037,False,0.2719466511079033,-1.175448346789918,1.0111758819804997,False,0.0,1.0111758819804997,0.5527601105666129,1.9285541366300303,0.02083333333333348,True,False,1.0111758819804997,0.5563982943591467,0.012072662486043292,1.029659300819679,-0.3796015530824661,0.011871790292606718,True,0.0,False,False,0.0006102047478587285,impact,False,
S,ppo,3,SS6,132,1308035592,success,dwell_complete,0.2400336396380064,1.5583333333333333,False,1.5583333333333333,True,47,2,0,0,2,15,0,0,0,0,2,-0.4529937654733658,0,16,122,-0.19312171041965484,-0.3027591191438545,-0.36158746922189755,-0.10959005345123002,False,0.25048077975720195,-0.6957746915513062,0.9139059905572005,False,0.0,0.7510507784087843,-0.6947329436777008,1.7523659425058424,0.02499999999999991,True,False,0.6533376511197346,-0.6610102339972352,0.07368042069855864,0.8774501183065085,-0.5128502547740936,0.002875528629050644,True,0.0,False,False,0.0016100388808589765,impact,False,
S,ppo,3,SS6,136,813667634,success,dwell_complete,0.2678665232468621,1.5416666666666667,False,1.5416666666666667,True,47,0,0,0,0,15,0,0,0,0,0,-0.7299531698226929,0,72,126,0.02335032671689987,-0.3146445141534165,-0.24263117568876472,0.020626741770015403,False,0.2640611276500244,-0.8383242907073394,0.7987154961667006,False,0.125,0.7520916439010407,-1.8645483838705763,1.7595494419771103,0.029166666666666563,True,True,0.42572467804142095,-1.8643709473844114,0.10086782185218011,0.9664190214539486,-0.5771038234233856,0.0021487958712021224,True,0.0,False,False,0.0009979093486143517,impact,False,
T,ppo,3,SS6,146,857261509,hard_landing,dwell_complete,0.1855497818234648,1.9666666666666666,False,1.9666666666666666,True,59,0,0,0,0,15,0,0,0,0,0,-0.5775287300348282,0,96,120,-0.35635135471820834,-0.30892554343925144,-0.30958096102717664,-0.07577740542796962,False,0.21368418193947697,-0.40515008739941677,1.110395396287517,False,0.0,0.715858466994845,0.005952062560952969,5.12628462168564,0.5000000000000002,False,True,0.42572467804142095,0.22320748868136342,0.15610731273941597,0.5992124724614073,-0.7057048380374908,-0.027046698905149814,False,0.004166666666666667,False,False,0.09981736486411606,post_contact_idle,False,
S,ppo,3,SS6,155,842395533,success,dwell_complete,0.2526897071540885,1.55,False,1.55,True,48,0,0,0,0,14,0,0,0,0,0,-0.5331037044525146,0,72,124,-0.17253733277320862,-0.2784346205260777,-0.21595772782189893,0.053710316307989836,False,0.2649896253613458,-0.4466504967431575,0.8597228835571965,False,0.0,0.8557438523754789,-0.9536431434503884,1.6122129409558683,0.03749999999999987,False,False,0.849112133739283,-0.9925043024119091,0.012312970578337856,0.7829702083256489,-0.28068020939826965,0.010404994542059108,True,0.0,False,False,0.0023720687795886837,other,False,
S,ppo,3,SS6,159,1370568126,success,dwell_complete,0.28229200858948317,1.5125,False,1.5125,True,47,0,0,0,0,14,0,0,0,0,0,-0.33125168457627296,0,40,125,-0.2582230970263481,-0.299049488330707,-0.28090517225918205,0.011940752094243301,False,0.29157302760465875,-0.867997233545587,0.9647590635544718,False,0.0,0.937072433611483,-0.13869698293697652,2.054685081432316,0.03750000000000009,False,False,0.8540125437825161,-0.13909595075387698,0.03217785303645332,1.0541064951401298,-0.2952934429049492,0.002960439462266568,True,0.0,False,False,-3.960072062800708e-05,other,False,
S,ppo,3,SS6,165,1742164241,success,dwell_complete,0.26566881412315496,1.5166666666666666,False,1.5166666666666666,True,47,0,0,0,0,14,0,0,0,0,0,-0.3597780726850033,0,32,124,-0.2865742638707161,-0.24706608816923437,-0.18311448160624239,0.09276219319394538,False,0.27640254548254506,-0.8270647607325678,1.0635416731224838,False,0.0,0.9912769952805089,0.05756459412778989,1.6879214768264106,0.025000000000000133,True,False,0.8708358655438846,0.000968018011963347,0.034205384079731456,0.8530619367268613,-0.19939333945512772,-0.015549022763772312,False,0.020833333333333332,False,False,0.00044937363689321046,impact,True,success_unloaded
S,ppo,3,SS6,166,778428015,success,dwell_complete,0.2805445839674345,1.5166666666666666,False,1.5166666666666666,True,46,0,0,0,0,15,0,0,0,0,0,-0.774262547492981,0,96,124,-0.05580676198005676,-0.27842769121375016,-0.06637332132553812,0.22180965058482638,False,0.28854957444745916,-0.6359413135565065,0.863882757754916,False,0.0,0.7059417115027588,-0.8415494430979473,2.6423083288391904,0.03750000000000009,False,False,0.44270663441583025,-0.924272966582396,0.11944630995738185,1.4110970957669287,-0.3822679817676544,0.010141802263747952,True,0.0,False,False,-0.0007923559028790435,other,False,
S,ppo,3,SS6,170,1893555025,success,dwell_complete,0.2526025682472331,1.5416666666666667,False,1.5416666666666667,True,47,0,0,0,0,15,0,0,0,0,0,-0.5921497642993927,0,120,126,-0.2367884859442711,-0.2506661511824205,-0.20701452270793408,0.07239287586337495,False,0.2809933416202213,-0.1863656339291002,0.9539156814032711,False,0.125,0.8878918059830397,-0.42389214073027803,1.362777578612288,0.02083333333333326,True,False,0.9539156814032711,-0.44873240113156854,-0.0005471568376948576,0.9491112550308869,-0.22877593338489532,-0.0009600031726920247,False,0.0125,False,False,0.00025616889113260323,impact,True,success_unloaded
S,ppo,3,SS6,176,200621214,success,dwell_complete,0.2701566472757403,1.7541666666666667,False,1.7541666666666667,True,53,0,0,0,0,15,0,0,0,0,0,-0.522853821516037,0,112,123,-0.2936560571193695,-0.26910096456017635,-0.2526178131400312,0.02074233641309942,False,0.2779797823215743,-0.6264050957368344,0.8498221502476991,False,0.0,0.6611159669912775,0.053729303293298836,2.9411825469884687,0.04583333333333339,False,False,0.4724097837348558,0.026522962965021272,0.13803956909115234,1.5805051976303923,-0.5278158187866211,0.040279321927476845,True,0.0,False,False,0.0010636348006628647,other,False,
S,ppo,3,SS6,184,1680960645,success,dwell_complete,0.24875442280741059,1.3416666666666666,False,1.3416666666666666,True,41,0,0,0,0,15,0,0,0,0,0,-0.1738852858543396,0,64,126,-0.2492292821407318,-0.22995804282817991,-0.09543753821231442,0.18760488828231522,False,0.2817549031821873,-0.2835858986671218,1.1133823680151431,False,0.125,1.0274251567684278,0.5688554000843674,1.6775413217560367,0.025000000000000133,True,False,1.1133823680151431,0.5180213730100219,-0.01638859122329839,0.8353163009643944,-0.041134312748909,-0.01638859122329839,False,0.029166666666666667,False,False,-0.0018948953183978697,impact,True,success_unloaded
S,ppo,3,SS6,188,505357842,success,dwell_complete,0.26783821847550293,1.525,False,1.525,True,46,0,0,0,0,15,0,0,0,0,0,-0.30956120789051056,0,120,122,-0.16994466483592988,-0.24815111869734974,-0.09167362300700589,0.20387667912117943,False,0.29631390211064573,-0.30666786022947273,1.0587518167441132,False,0.625,0.6631098550549306,0.6652565932573207,1.5128305507800441,0.012500000000000178,True,True,0.42572467804142095,0.6679465714232845,0.16996715992308953,1.030428738040757,-0.3027459383010864,0.0025665613240599323,True,0.0,False,False,-0.004199737283966302,impact,False,
S,ppo,3,SS6,191,1002338391,success,dwell_complete,0.24289064479506087,1.4833333333333334,False,1.4833333333333334,True,45,0,0,0,0,15,0,0,0,0,0,-0.3086671605706215,0,56,124,-0.49187717139720916,-0.2919727584432742,-0.47634993484263516,-0.19674880629964564,False,0.28083357079874566,-0.024447254781808828,1.1031257106328105,False,0.0,1.109111650140636,0.671880132461912,1.467477225746503,0.02083333333333326,True,False,1.1190882159870124,0.6911164707818529,-0.013879829276770186,0.6441587785922801,-0.3322186544537544,-0.013879829276770186,False,0.05416666666666667,True,False,0.0012658250120964319,impact,True,success_unloaded
S,ppo,3,SS6,199,2042228284,success,dwell_complete,0.228123148747245,1.4416666666666667,False,1.4416666666666667,True,44,0,0,0,0,15,0,0,0,0,0,-0.3130492866039276,0,72,126,-0.3111740857362747,-0.29239871823157315,-0.368656769332172,-0.11734188211060248,False,0.2507010794451651,-0.11501677086652472,1.0170033616514274,False,0.0,0.9442494433694768,0.3965423278524883,1.3470383821905278,0.02499999999999991,True,False,1.0170033616514274,0.44367000116186006,0.007150453593861476,0.6844461194426323,-0.3610646054148674,0.004334476016072985,True,0.0,False,False,-0.0005949875460153433,impact,False,
S,ppo,4,SS3,5,558736479,success,dwell_complete,0.2547577832727726,1.55,False,1.55,True,47,0,0,0,0,15,0,0,0,0,0,-0.38572248816490173,0,64,124,-0.33408422470092775,-0.28068208217655705,-0.3832512478039358,-0.12375442685646952,False,0.2593864313184844,-1.0713604661894123,1.0438329269183428,False,0.0,0.8245934179140436,0.08962796981072163,0.7120248348723449,0.016666666666666607,True,False,1.0438329269183428,0.09563594953168444,-0.009020448833461425,0.3259712633752132,-0.3697819411754608,-0.010102341693870635,False,0.020833333333333332,False,False,0.0011627819916524692,impact,True,success_unloaded
S,ppo,4,SS3,29,1921923984,success,dwell_complete,0.2663549417253091,1.5333333333333332,False,1.5333333333333332,True,46,0,0,0,0,15,0,0,0,0,0,-0.426721528172493,0,112,120,-0.26595075279474256,-0.2660818768282721,-0.3003606198981767,-0.02922663845850243,False,0.2711194397720204,-0.8891549452796401,1.013991112317432,False,0.0,0.6382913006212291,0.15084543612167856,2.7415796985938368,0.04583333333333339,False,True,0.42572467804142095,0.20054009524653232,0.15738709605708862,1.0625962712072767,-0.43198710680007935,7.790928788845543e-05,True,0.0,False,False,-0.0009366498344398991,post_contact_idle,False,
S,ppo,4,SS3,49,346551576,success,dwell_complete,0.2586899663840385,1.6291666666666667,False,1.6291666666666667,True,49,0,0,0,0,15,0,0,0,0,0,-0.4698246717453003,0,120,121,-0.2333857908844948,-0.2716518761926007,-0.2665346097698161,0.007093703123589624,False,0.27329571454877616,-0.5157888368586733,0.9918947571880113,False,0.75,0.5672671978280686,-0.16912049974261756,2.580693391523197,0.02083333333333326,True,True,0.42572467804142095,-0.16925503291718563,0.14740186347184733,1.3366263537276994,-0.6381564885377884,-0.0023269962343584567,False,0.008333333333333333,False,False,3.337404023797233e-05,impact,True,success_unloaded
S,ppo,4,SS3,54,924557908,success,dwell_complete,0.26534506601143,1.6375,False,1.6375,True,50,0,0,0,0,15,0,0,0,0,0,-0.4740641266107559,0,120,127,-0.21700468733906747,-0.2597965402525091,-0.17823354540660813,0.08848020669086976,False,0.2668753700663263,-0.8966929655956172,1.0018746566915113,False,0.0,1.0018746566915113,-0.34090814739104314,1.6780638156678935,0.02499999999999991,True,False,1.0018746566915113,-0.37249753325165214,-0.010530514211706555,0.8558491575308991,-0.17369641363620758,-0.0108587037929416,False,0.03333333333333333,False,False,0.0001988873545049813,impact,True,success_unloaded
S,ppo,4,SS3,60,258404339,success,dwell_complete,0.25684521220606177,1.5541666666666667,False,1.5541666666666667,True,47,0,0,0,0,15,0,0,0,0,0,-0.46567077934741974,0,120,123,-0.2491520583629608,-0.2675875953674091,-0.2378591719408939,0.024272679072915675,False,0.25840293440310863,-0.998102067337436,0.9758224620832087,False,0.5,0.7007735700623148,-0.007977918147493988,2.20879718154642,0.029166666666666563,True,True,0.42572467804142095,-0.010454205272028356,0.151261746370512,1.109233021626323,-0.5776360183954239,0.005876416013209196,True,0.0,False,False,-0.00022240648327365295,impact,False,
S,ppo,4,SS3,65,323032325,success,dwell_complete,0.24199753229897558,1.425,False,1.425,True,43,0,0,0,0,15,0,0,0,0,0,-0.4091191291809082,0,120,122,-0.26989259719848635,-0.2562719147080462,-0.22168100066312527,0.029970108146367802,False,0.2516748191359068,-0.7074652427469172,0.987056989342603,False,0.625,0.6362242947793642,0.06296587396660391,1.9347834612715833,0.008333333333333304,True,False,0.987056989342603,0.07708626769499828,0.005550482194958163,1.0593393822350554,-0.22928211092948914,0.005550482194958163,True,0.0,False,False,9.830689611119176e-05,impact,False,
S,ppo,4,SS3,68,960847886,success,dwell_complete,0.2553931841081372,1.6416666666666666,False,1.6416666666666666,True,50,0,0,0,0,15,0,0,0,0,0,-0.411943182349205,0,120,126,-0.3171165406703949,-0.2678538524104491,-0.2551894640327034,0.024238958901665775,False,0.27959426034153523,-0.2933636915234491,1.0831206409157255,False,0.125,1.0009461455564375,0.43576663212022576,1.5613425078122805,0.012499999999999956,True,False,1.0831206409157255,0.4392355525872516,-0.010118373008053155,0.6928362080602819,-0.22226379811763763,-0.01058119677632479,False,0.029166666666666667,False,False,-0.0009246035312704307,impact,True,success_unloaded
S,ppo,4,SS3,72,1881702858,success,dwell_complete,0.23460723629892172,1.5708333333333333,False,1.5708333333333333,True,48,0,0,0,0,15,0,0,0,0,0,-0.4325796067714691,0,120,127,-0.26612739115953443,-0.2623164938141137,-0.24718613789271474,0.017164910571457206,False,0.26430319356779897,-0.02079938376606135,1.0153610440907372,False,0.0,1.0153610440907372,0.09464416371038283,2.160694819166903,0.016666666666666607,True,False,1.0153610440907372,0.09384083600255587,-0.0014776695698672264,1.147413593670062,-0.2406013011932373,-0.001658461699318342,False,0.03333333333333333,False,False,-0.00036980570442204583,impact,True,success_unloaded
S,ppo,4,SS3,73,289920193,success,dwell_complete,0.22758829787777843,1.475,False,1.475,True,45,0,0,0,0,15,0,0,0,0,0,-0.40185803174972534,0,112,126,-0.32854633331298827,-0.257230457139166,-0.30313335704497396,-0.06037269157433683,False,0.24314328719370934,-0.43319168614824577,0.9970096538217931,False,0.0,0.9264477035706281,0.21914270283798182,1.7994360619959955,0.016666666666666607,True,False,0.9970096538217931,0.22092457127533283,0.006762434521456586,0.8776119259132243,-0.3024309128522873,0.0064839664774227045,True,0.0,False,False,0.00043740764768850435,impact,False,
S,ppo,4,SS3,82,1242778508,success,dwell_complete,0.22971833956742566,1.4833333333333334,False,1.4833333333333334,True,45,0,0,0,0,15,0,0,0,0,0,-0.43626531958580017,0,120,124,-0.23015375137329103,-0.2613694702895664,-0.22773282331768285,0.022265278480504806,False,0.24952425402316536,-0.27779299590865675,0.9654159230449912,False,0.375,0.7630317061686525,-0.11054395885412538,0.5978245376704059,0.012499999999999956,True,False,0.9654159230449912,-0.11012014574192876,0.006166451707279067,0.39126466480997546,-0.24694443494081497,0.006139516221039113,True,0.0,False,False,-3.9517033524621347e-05,impact,False,
S,ppo,4,SS3,88,1372208371,success,dwell_complete,0.2345371126893388,1.5916666666666666,False,1.5916666666666666,True,48,0,0,0,0,15,0,0,0,0,0,-0.4096122086048126,0,112,122,-0.3133615255355835,-0.2681652017474763,-0.30732821500750923,-0.04658168045065407,False,0.2609953089994054,-0.29366894478644706,1.0407320905476778,False,0.0,0.7500203262887134,0.28901036343642195,1.8683448266011191,0.01666666666666683,True,False,0.5755932677333349,0.2919992778485766,0.12019704567227309,0.9579175192271993,-0.4903918504714966,-0.003425421929883643,False,0.0125,False,False,-0.0005984048329299035,impact,True,success_unloaded
S,ppo,4,SS3,102,2010693803,success,dwell_complete,0.25766446579650626,1.5083333333333333,False,1.5083333333333333,True,46,0,0,0,0,15,0,0,0,0,0,-0.4330454617738724,0,104,126,-0.26015274301171304,-0.279173806541078,-0.3497559584698055,-0.0832458299729511,False,0.26615307622739526,-0.6729770305767646,1.0259365438378458,False,0.0,0.954460156413519,-0.14734877886899134,1.981920760541715,0.029166666666666785,True,False,0.45412544444323155,-0.10496724533319429,0.14162493591356862,1.1131463259415355,-0.5290394872426987,-0.011191116570481689,False,0.029166666666666667,False,False,0.0008253024110921851,impact,True,success_unloaded
S,ppo,4,SS3,115,268198437,success,dwell_complete,0.2720621512754395,1.4833333333333334,False,1.4833333333333334,True,45,0,0,0,0,15,0,0,0,0,0,-0.36962753534317017,0,120,124,-0.3601778581738472,-0.2509071932257573,-0.24707572976995912,0.03690768399471289,False,0.2836893766563367,-0.8097801130401113,1.1147252793469762,False,0.375,0.856350053857393,0.8431320750008904,2.1999636145603416,0.029166666666666563,True,True,0.42572467804142095,0.8138859028876329,0.17391480727751224,1.0778758524429761,-0.5345565676689148,-0.007632421242534262,False,0.020833333333333332,False,False,-0.0018897128931050374,impact,True,success_unloaded
S,ppo,4,SS3,129,107904836,success,dwell_complete,0.23793324321171036,1.5875,False,1.5875,True,48,0,0,0,0,15,0,0,0,0,0,-0.4252729117870331,0,120,123,-0.27598999738693236,-0.26470138944746696,-0.26907091482036394,-0.01062300283808722,False,0.2584342021692149,-0.6676025743777511,1.0185151712353708,False,0.5,0.7221199246383959,0.03979153748500904,1.565057922438991,0.02083333333333348,True,True,0.42572467804142095,0.04053941006742114,0.15305686365936944,0.729536309334702,-0.5704126954078674,-0.0038254641851885526,False,0.016666666666666666,False,False,1.035927292371164e-05,impact,True,success_unloaded
S,ppo,4,SS3,130,1674865942,success,dwell_complete,0.24396567775830608,1.7375,False,1.7375,True,53,0,0,0,0,15,0,0,0,0,0,-0.47587019205093384,0,120,127,-0.2440667912364006,-0.2727664050680763,-0.2184263137668919,0.050450306897339196,False,0.2689236457726012,-0.41969500516684144,0.9627130283602671,False,0.0,0.9627130283602671,-0.2909866236905868,1.9078480644830726,0.02083333333333326,True,False,0.9627130283602671,-0.3063401508999313,0.0016340068104270336,1.0237461430627408,-0.2284741848707199,0.001133807969615814,True,0.0,False,False,0.00026317020923912236,impact,False,
S,ppo,4,SS3,132,1332772073,success,dwell_complete,0.24205387501906936,1.5125,False,1.5125,True,46,0,0,0,0,15,0,0,0,0,0,-0.4257405549287796,0,120,125,-0.25724838227033614,-0.2645520630543044,-0.256990836892222,-0.0005406005748504172,False,0.256788190230892,-0.4768531488654615,0.9756468572707698,False,0.25,0.8381663124634325,-0.03283948034156195,1.2562959025391514,0.02083333333333326,True,False,0.9756468572707698,-0.0324869231547495,0.00559625763151747,0.8782550221478693,-0.2676903158426285,0.005553013203437901,True,0.0,False,False,-2.6397741955476504e-05,impact,False,
S,ppo,4,SS3,134,770293282,success,dwell_complete,0.22856127141257446,1.4333333333333333,False,1.4333333333333333,True,43,0,0,0,0,15,0,0,0,0,0,-0.42039893567562103,0,112,120,-0.26754231601953504,-0.2595981585125762,-0.26726848638363154,-0.015426157714380929,False,0.25186006240797965,-0.21675032952613804,0.9862805564114403,False,0.0,0.5312278709087305,0.021732431614346886,2.210203517278116,0.016666666666666607,True,False,0.4662203444083433,0.022333072927929593,0.14186270669847217,1.075693038595488,-0.554254800081253,0.004276407833530098,True,0.0,False,False,0.000142364501032283,impact,False,
S,ppo,4,SS3,136,52561716,success,dwell_complete,0.23004064745984137,1.5083333333333333,False,1.5083333333333333,True,46,0,0,0,0,15,0,0,0,0,0,-0.37046532332897186,0,112,126,-0.3200051948428154,-0.26555235238128977,-0.31165685160794565,-0.0506381940722804,False,0.2609299361813274,-0.15625502514447734,1.0440499698223942,False,0.0,0.9682114303535664,0.45384082306475654,1.4835091702446788,0.008333333333333304,True,False,1.0440499698223942,0.44135470788644426,0.0002689917452667,0.6495701306700546,-0.2923733666539192,-0.00023760497552986567,False,0.004166666666666667,False,False,-0.0010762219162648089,impact,True,success_unloaded
S,ppo,4,SS3,142,538582925,success,dwell_complete,0.2274227560766583,1.5,False,1.5,True,45,0,0,0,0,15,0,0,0,0,0,-0.4291366785764694,0,112,120,-0.26309494525194166,-0.2602318934222126,-0.2552053197328941,0.0010115683657186357,False,0.2562574079663962,-0.3010400205331808,0.97254946968561,False,0.0,0.5540632953586828,0.010366911608005073,1.6081724925545762,0.008333333333333304,True,False,0.4942795561691219,0.010487655289840837,0.134107244054301,0.7257979166594632,-0.5116357952356339,0.0075549902798380305,True,0.0,False,False,-1.596058289167246e-05,impact,False,
S,ppo,4,SS3,144,1170825572,success,dwell_complete,0.2602931240607555,1.5583333333333333,False,1.5583333333333333,True,47,0,0,0,0,15,0,0,0,0,0,-0.41908805072307587,0,112,122,-0.26826253831386565,-0.27404172967019935,-0.3301455633109354,-0.0642182242533934,False,0.266180041497798,-0.9310438460650886,0.9905291364076969,False,0.0,0.6712705758845394,0.06015949240398133,2.435643615822102,0.02083333333333326,True,False,0.479715439570645,0.07575712102823025,0.13974737409121485,1.3497109347542915,-0.5914603918790817,0.0034240604854075363,True,0.0,False,False,0.00031525485671811697,impact,False,
S,ppo,4,SS3,156,1593741725,success,dwell_complete,0.25826746547487456,1.5416666666666667,False,1.5416666666666667,True,48,0,0,0,0,14,0,0,0,0,0,-0.42190414667129517,0,112,126,-0.23677384853363037,-0.26509403569651696,-0.22451649304779261,0.04036321395831977,False,0.262001079560867,-1.0223130011855195,1.0115417461282248,False,0.0,0.942296251341364,0.007069943375501807,1.9236924282514691,0.02083333333333326,True,False,1.0115417461282248,0.005371165263882569,-0.0029854472049856496,1.0221468803877598,-0.22155370563268661,-0.003017148322875676,False,0.029166666666666667,False,False,0.00048797963723490274,impact,True,success_unloaded
S,ppo,4,SS3,187,1530772550,success,dwell_complete,0.2532169847975449,1.6,False,1.6,True,48,0,0,0,0,15,0,0,0,0,0,-0.4226425588130951,0,112,120,-0.25894012600183486,-0.26000945867413294,-0.23032056068089624,0.028684227774849476,False,0.2584969065430981,-0.8644273397374481,0.9810214404873738,False,0.0,0.7385039367622297,0.06073603366665202,1.9811661753712608,0.016666666666666607,True,False,0.7038585790872091,0.059827412393348996,0.07999494558468911,0.946071655094387,-0.38582709431648254,0.007011835674324406,True,0.0,False,False,-0.00025406020486161835,impact,False,
S,ppo,4,SS3,191,1615938081,success,dwell_complete,0.2505935970404568,1.4583333333333333,False,1.4583333333333333,True,45,0,0,0,0,14,0,0,0,0,0,-0.44312886893749237,0,112,122,-0.2641734093427658,-0.2617703249584078,-0.26054966113778155,-0.003975914116126372,False,0.25592955547717144,-0.7711142146141376,0.9996775589099083,False,0.0,0.9605738785586893,-0.015203868730575915,1.5460113830716493,0.025000000000000133,True,False,0.9371116703479578,-0.015485461193805393,0.016244822422515095,0.9300666624496896,-0.26861532032489777,-0.00026646608927008913,False,0.008333333333333333,False,False,3.4369591999428526e-05,impact,True,success_unloaded
S,ppo,4,SS3,198,108547188,success,dwell_complete,0.24155021455950268,1.6875,False,1.6875,True,51,1,0,0,0,15,0,0,0,0,1,-0.49848121404647827,0,112,123,-0.20280754044651986,-0.2847843513014735,-0.3202642569341168,-0.055840228570343875,False,0.26414481448681393,-0.481961543743794,0.9500431193216132,False,0.0,0.7172642488594729,-0.673018489485468,1.745588372982803,0.016666666666666607,True,False,0.4844853783973326,-0.6699937882854491,0.11830687051569999,0.8827203271881556,-0.49848121404647827,-0.005588575313174003,False,0.016666666666666666,False,False,0.0014920126165447346,impact,True,success_unloaded
S,ppo,4,SS3,199,1565262016,success,dwell_complete,0.23456889572336145,1.6541666666666666,False,1.6541666666666666,True,50,0,0,0,0,15,0,0,0,0,0,-0.41059617698192596,0,112,123,-0.29967525899410247,-0.2727040162514992,-0.29359412466733903,-0.03998009706621499,False,0.2552937398986376,-0.5097799315485092,0.9961283856859597,False,0.0,0.7204003094915707,0.0014807539569146081,0.907425546497436,0.01666666666666683,True,False,0.4446722332971817,0.0021453594208081686,0.146779258502824,0.4726832077501232,-0.33846981078386307,0.0007722223186600073,True,0.0,False,False,0.00023797202694965107,impact,False,
S,ppo,4,SS4,15,217668846,success,dwell_complete,0.2578800912369559,1.5791666666666666,False,1.5791666666666666,True,48,0,0,0,0,15,0,0,0,0,0,-0.542768731713295,0,120,125,-0.26995067596435546,-0.30226702799234223,-0.3902698082212958,-0.11808046509603819,False,0.26975306231434965,-0.9032996065647719,0.9687860253079795,False,0.25,0.8330206884913398,-0.4500355972288725,1.9887957503512823,0.025000000000000133,True,True,0.42572467804142095,-0.42707025736288057,0.14031632187430756,1.0211086299467622,-0.7832760214805603,-0.0043283663596175945,False,0.025,False,False,0.0011269672612230811,impact,True,success_unloaded
S,ppo,4,SS4,16,696548069,success,dwell_complete,0.26875673059544797,1.7125,False,1.7125,True,52,0,0,0,0,15,0,0,0,0,0,-0.5132843255996704,0,120,125,-0.2037350431084633,-0.27617234497787607,-0.24532792546233212,0.025387381198659843,False,0.2715527623932187,-0.8693273500742504,0.978303447920927,False,0.25,0.8401587554510505,-0.2108166431341955,1.9839603431693322,0.012499999999999956,True,False,0.978303447920927,-0.20981955780186845,5.365184814362687e-05,0.9838637160292936,-0.257010318338871,-2.4696715677715948e-05,False,0.004166666666666667,False,False,0.00013659723337010107,impact,True,success_unloaded
S,ppo,4,SS4,23,2087876775,success,dwell_complete,0.22544022671219918,1.5458333333333334,False,1.5458333333333334,True,47,0,0,0,0,15,0,0,0,0,0,-0.39561331272125244,0,104,125,-0.31017598062753676,-0.2514760970341588,-0.3016887790864078,-0.047326740211879964,False,0.25502053539595837,-0.22488158616143306,1.1030992704437368,False,0.0,0.9365541980489192,0.12276108556423485,1.6684860073580887,0.012499999999999956,True,False,1.1030992704437368,0.12205724447679521,-0.024014925435990424,0.8511448749081763,-0.254612535238266,-0.0241380670906642,False,0.025,False,False,0.0003642098828262086,impact,True,success_unloaded
S,ppo,4,SS4,25,1955270286,success,dwell_complete,0.259347078523396,1.5375,False,1.5375,True,47,0,0,0,0,15,0,0,0,0,0,-0.4825970381498337,0,16,127,-0.32088323682546616,-0.3084874378601942,-0.41293671186606273,-0.14993793616171164,False,0.26454207869681806,-0.9179088393710906,0.9606226200689056,False,0.0,0.9606226200689056,-0.35019091688852166,1.549386226425698,0.016666666666666607,True,False,0.9606226200689056,-0.34548161864442706,0.0009724015224308729,0.7252607863569017,-0.44005250930786133,6.97170773565144e-05,True,0.0,False,False,0.001365094339316071,impact,False,
S,ppo,4,SS4,35,1846185832,success,dwell_complete,0.2478100254800233,1.5333333333333332,False,1.5333333333333332,True,46,0,0,0,0,15,0,0,0,0,0,-0.4534073621034622,0,112,120,-0.3343908339738846,-0.26936508602048226,-0.33280100526633205,-0.07966237653683049,False,0.253289708937174,-0.7466017811048743,1.061242235912463,False,0.0,0.6251385280247395,0.13362028519291907,2.532824243396009,0.02083333333333348,True,False,0.5628379983264933,0.13968872609086877,0.11939344837786277,1.4755762898804987,-0.5673619508743286,-0.012701154574000645,False,0.004166666666666667,False,False,0.0005866265753142456,impact,True,success_unloaded
S,ppo,4,SS4,57,1109774061,success,dwell_complete,0.26300638482716754,1.6166666666666667,False,1.6166666666666667,True,51,0,0,0,0,13,0,0,0,0,0,-0.509875550866127,0,104,124,-0.2180882714688778,-0.28257806920607786,-0.2987093200893303,-0.02916446317263724,False,0.2698257779058658,-0.9860572435689979,0.9779643500655586,False,0.0,0.9347333989408131,-0.39802039709302917,1.0512683964323821,0.02499999999999991,True,False,0.862681813732904,-0.39143515608057816,0.025703555177196687,0.7587545196125235,-0.3341639041900635,-0.005006888374429013,False,0.020833333333333332,False,False,0.0007791467882554304,impact,True,success_unloaded
S,ppo,4,SS4,59,1875727330,success,dwell_complete,0.24068127822437924,1.6125,False,1.6125,True,49,0,0,0,0,15,0,0,0,0,0,-0.41227179765701294,0,120,125,-0.2101951867341995,-0.2364590093735116,-0.14997234672662368,0.0977170481863384,False,0.24691763935948532,-1.0184678814697325,0.9992627284477698,False,0.25,0.8558782158461825,0.08644383323309424,1.756418218887589,0.016666666666666607,True,False,0.9992627284477698,0.08309404657790591,0.002434367596117913,0.8912528368820397,-0.15475637465715408,0.0022441591170812847,True,0.0,False,False,-0.000706588211555287,impact,False,
S,ppo,4,SS4,69,1916697051,success,dwell_complete,0.2655268993579434,1.6416666666666666,False,1.6416666666666666,True,51,0,0,0,0,14,0,0,0,0,0,-0.4079650640487671,0,112,126,-0.2555154234170914,-0.2689183913999099,-0.24191259552934238,0.024708836350454417,False,0.26746519232308413,-1.0749335955821342,1.0078178999284662,False,0.0,0.9391438548601662,0.036846910824088044,1.0951436376739747,0.012499999999999956,True,False,1.0078178999284662,0.03731340289102994,-0.0010579739236320433,0.7442286929657438,-0.24238649010658264,-0.0011371792922088512,False,0.029166666666666667,False,False,-0.00032774791671934196,impact,True,success_unloaded
S,ppo,4,SS4,81,1069232166,success,dwell_complete,0.23388556289590187,1.5416666666666667,False,1.5416666666666667,True,47,0,0,0,0,15,0,0,0,0,0,-0.41663481295108795,0,112,126,-0.32033671587705614,-0.2850857958187734,-0.37604701710293126,-0.12366525173977741,False,0.2524867881985558,-0.2848742505617606,0.9867784807428952,False,0.0,0.9214040711885694,0.09298245777034117,1.358043706703774,0.008333333333333304,True,False,0.9867784807428952,0.07349542597969512,0.005495206115576517,0.6216897762284304,-0.3863694816827774,0.004750438029843367,True,0.0,False,False,0.0006134692745537629,impact,False,
S,ppo,4,SS4,85,2081940702,success,dwell_complete,0.26340632354776494,1.6,False,1.6,True,48,0,0,0,0,15,0,0,0,0,0,-0.38902996480464935,0,112,120,-0.2851733699440956,-0.25890777262035125,-0.23840689778370514,0.030784722635784197,False,0.2693705630619386,-1.1860507742124649,1.0356498543366381,False,0.0,0.708118565586345,0.1876714152810378,2.611782648431324,0.02499999999999991,True,False,0.6613283814791602,0.18036331789041649,0.09452099285026735,1.3454697521123016,-0.40643759071826935,-0.0033784432388684247,False,0.004166666666666667,False,False,-0.000612641160420027,impact,True,success_unloaded
S,ppo,4,SS4,89,1460784246,success,dwell_complete,0.24005053036245846,1.5416666666666667,False,1.5416666666666667,True,47,0,0,0,0,15,0,0,0,0,0,-0.4225597679615021,0,112,126,-0.24011875987052916,-0.2498043921240405,-0.21080256928965532,0.03332283994303295,False,0.24385317919839564,-0.6554048090669349,0.989082026624788,False,0.0,0.9192382315770729,0.07108744830504035,0.9526760953250074,0.016666666666666607,True,False,0.989082026624788,0.07063021791671419,0.0046632355623453595,0.47333407490744694,-0.21976035833358765,0.004611462951302134,True,0.0,False,False,0.0005353721080771611,impact,False,
S,ppo,4,SS4,94,1246638828,success,dwell_complete,0.22993144711717214,1.5625,False,1.5625,True,47,0,0,0,0,15,0,0,0,0,0,-0.47780531644821167,0,72,121,-0.22629358768463134,-0.29379074294390833,-0.44676343092056686,-0.1967592768792991,False,0.2504790921888095,-0.18966219728309863,0.9096439357016178,False,0.0,0.5680683067613044,-0.5706356950471161,2.148921290004524,0.016666666666666607,True,False,0.4542097637811999,-0.5549244193513898,0.12943057446687542,1.146470576637404,-0.7363785356283188,0.005463028234931922,True,0.0,False,False,0.0016246486096804828,impact,False,
S,ppo,4,SS4,111,1101765951,success,dwell_complete,0.2619007416624262,1.5916666666666666,False,1.5916666666666666,True,48,0,0,0,0,15,0,0,0,0,0,-0.3741030693054199,0,72,122,-0.3754447877407074,-0.2786481159266355,-0.3765489216527067,-0.1103774348680897,False,0.2679034997220178,-1.049705500560383,1.0103424397734069,False,0.625,0.6449563386909157,0.32226704067844814,1.9885543790121458,0.02083333333333348,True,True,0.42572467804142095,0.33274997681441987,0.16085583238607137,0.9228557111640694,-0.693833738565445,0.0055811127732324824,True,0.0,False,False,0.0005320541858374262,impact,False,
S,ppo,4,SS4,123,1422627062,success,dwell_complete,0.22819724625459034,1.6125,False,1.6125,True,49,0,0,0,0,15,0,0,0,0,0,-0.3307233676314354,0,120,125,-0.2151010140776634,-0.22013577533377013,-0.08098166224796086,0.16007622572226207,False,0.24024556532123556,-0.5929318030088417,0.9478932138822024,False,0.25,0.8173510799220071,0.24397551057723313,1.7153859850318376,0.012499999999999956,True,False,0.9478932138822024,0.2486818869314666,0.020426386659638005,0.8167299188108735,-0.10706736892461777,0.019901733662705822,True,0.0,False,False,-0.0007105754516049666,impact,False,
S,ppo,4,SS4,135,1161446768,success,dwell_complete,0.24482314513433648,1.5708333333333333,False,1.5708333333333333,True,48,0,0,0,0,15,0,0,0,0,0,-0.5455483496189117,0,120,127,-0.16517550870776176,-0.2843692626346612,-0.2731814908565577,-0.010706272246641136,False,0.26121197108272803,-0.5813078393168173,0.9238464820021403,False,0.0,0.9238464820021403,-0.7424585926295613,1.7437699933165745,0.029166666666666785,True,False,0.9238464820021403,-0.7314143333983729,0.00025699388205960256,0.8786798973442533,-0.30781446397304535,-5.446104209223654e-05,False,0.008333333333333333,False,False,0.000518147090874007,impact,True,success_unloaded
S,ppo,4,SS4,140,451247318,success,dwell_complete,0.26571531912487056,1.4833333333333334,False,1.4833333333333334,True,45,0,0,0,0,15,0,0,0,0,0,-0.35047587007284164,0,120,124,-0.2644260585308075,-0.2588817180307217,-0.2003829324867888,0.06524602297219899,False,0.2687296934440965,-1.0753189003539225,1.0163633914668875,False,0.375,0.7948738739323375,0.21351300278083593,1.104824283070626,0.016666666666666607,True,False,1.0163633914668875,0.2118975022059069,0.0012918599235246411,0.7511656027456829,-0.20238619297742844,0.0012918599235246411,True,0.0,False,False,-0.0005745242949920342,impact,False,
S,ppo,4,SS4,145,1286322466,success,dwell_complete,0.25682938243828507,1.7083333333333333,False,1.7083333333333333,True,52,0,0,0,0,15,0,0,0,0,0,-0.35898564755916595,0,80,126,-0.37198482602834704,-0.2751553044576975,-0.3755894502810395,-0.10975147566395119,False,0.2686503007028266,-0.7303474666139462,1.0358451656001884,False,0.125,0.9595801046553423,0.2750439780425375,1.642047499715576,0.012499999999999956,True,False,1.0358451656001884,0.27092543011254105,-0.0023161870328069815,0.9981186276358867,-0.36379386484622955,-0.003042642065098245,False,0.029166666666666667,False,False,0.0008696587783205789,impact,True,success_unloaded
S,ppo,4,SS4,147,1697022180,success,dwell_complete,0.24209049781218384,1.7291666666666667,False,1.7291666666666667,True,52,0,0,0,0,15,0,0,0,0,0,-0.43087510764598846,0,104,121,-0.28957359790802,-0.2593632816561929,-0.31855351745217053,-0.0675643430419131,False,0.25907922807699024,-0.3559920351641439,0.9797383419974772,False,0.0,0.6834071532154222,-0.0768128871963861,2.758471644440142,0.04166666666666652,False,False,0.47378150980852196,-0.06488682236294181,0.13485276997902984,1.4094071944530904,-0.5681599974632263,0.0025187967618356764,True,0.0,False,False,0.00020833075576214422,other,False,
S,ppo,4,SS4,157,990009387,success,dwell_complete,0.2405723728195261,1.4958333333333333,False,1.4958333333333333,True,46,0,0,0,0,14,0,0,0,0,0,-0.4559531807899475,0,104,121,-0.30405949950218203,-0.27516438138948646,-0.32949059577802214,-0.0583076031803477,False,0.26712353415434775,-0.03206360880641052,1.0001608589584332,False,0.0,0.9641729969802054,-0.01903000661878141,0.6079150934378991,0.033333333333333215,False,False,0.9521770429874628,-0.007053900024271233,0.012208534094119795,0.33217037185928144,-0.3354436308145523,-0.0001660201997113558,False,0.004166666666666667,False,False,0.0003939567458177877,other,True,success_unloaded
S,ppo,4,SS4,161,846331680,success,dwell_complete,0.23075184925277123,1.5791666666666666,False,1.5791666666666666,True,49,0,0,0,0,14,0,0,0,0,0,-0.4882965087890625,0,112,125,-0.19615001678466798,-0.25032065363436573,-0.17880190121993256,0.08674913816183463,False,0.2593891215184366,-0.28846430411594554,0.9726099686126592,False,0.0,0.931587857845411,0.0437054389977664,2.157886179321515,0.04583333333333339,False,False,0.808521525543666,0.0251920096282503,0.05057390287821353,1.2098493646290744,-0.2416360080242157,0.007909081104095208,True,0.0,False,False,-0.0004430618670595059,other,False,
S,ppo,4,SS4,162,1307500521,success,dwell_complete,0.23141893808345293,1.6125,False,1.6125,True,49,0,0,0,0,15,0,0,0,0,0,-0.43383367359638214,0,120,125,-0.27281361520290376,-0.2675235998885876,-0.27086841474148765,-0.012591387383997297,False,0.2582515882930391,-0.3989771467137575,0.9980159875658011,False,0.25,0.8549431601847061,0.018067241890033586,0.5007988333113401,0.012499999999999956,True,False,0.9980159875658011,0.017517928754871594,0.00099764767657769,0.23242094026338941,-0.27065565437078476,0.0009505355471623266,True,0.0,False,False,9.709461294490137e-05,impact,False,
S,ppo,4,SS4,176,927760525,success,dwell_complete,0.24165024246713782,1.6166666666666667,False,1.6166666666666667,True,49,0,0,0,0,15,0,0,0,0,0,-0.4178103804588318,0,120,124,-0.3398817107081413,-0.28538941037803667,-0.3570929184569416,-0.0849386317610651,False,0.27258826996215235,-0.1219120034495807,1.0061599114911564,False,0.375,0.7884966989475056,0.18659940489680887,1.8121400292061045,0.016666666666666607,True,False,1.0061599114911564,0.18866308104120993,0.0034761995990959258,0.8550524455883746,-0.3636997193098068,0.003215847050782848,True,0.0,False,False,0.0004935072070784694,impact,False,
S,ppo,4,SS4,188,638130436,success,dwell_complete,0.23807143373281836,1.6375,False,1.6375,True,50,0,0,0,0,15,0,0,0,0,0,-0.4381367862224579,0,120,127,-0.26879931688308717,-0.27466063958848325,-0.23667252582770965,0.01003169282683476,False,0.24660004822482343,-0.6027351815513354,0.9517064629070217,False,0.0,0.9517064629070217,-0.0403134114882089,1.4767834858146638,0.02083333333333326,True,False,0.9517064629070217,-0.041832410702348284,0.011647857835067036,0.8892741861906722,-0.2628801316022873,0.011596124420076742,True,0.0,False,False,5.236032989208843e-06,impact,False,
S,ppo,4,SS4,189,479807060,success,dwell_complete,0.2502059701167703,1.525,False,1.525,True,46,0,0,0,0,15,0,0,0,0,0,-0.42303594946861267,0,120,122,-0.3085548624396324,-0.252208860580253,-0.26945819582139047,-0.008051985347372304,False,0.2539168512641772,-0.8290397157091147,0.9906828469318715,False,0.625,0.6375839913753398,0.22385646296347372,2.878158877958875,0.04583333333333339,False,True,0.42572467804142095,0.22400849738985132,0.15595362971209145,1.4207650788590385,-0.6919005811214447,0.009467504849345457,True,0.0,False,False,0.001111228907887857,post_contact_idle,False,
S,ppo,4,SS4,194,2027452974,success,dwell_complete,0.2516294458256701,1.6624999999999999,False,1.6624999999999999,True,50,0,0,0,0,15,0,0,0,0,0,-0.4656398892402649,0,120,121,-0.2438296914100647,-0.2628360404720383,-0.20985064791557806,0.06049448050507136,False,0.2707495828866978,-0.6677721454192601,1.012594567748854,False,0.75,0.5724421504682792,-0.07951134865542349,2.1320047106646953,0.02083333333333348,True,True,0.42572467804142095,-0.09269096277581507,0.14945908149297685,1.0684051773857923,-0.5636310428380966,-0.004816912058915192,False,0.008333333333333333,False,False,-0.00022788369870741976,impact,True,success_unloaded
S,ppo,4,SS5,8,1065105648,success,dwell_complete,0.23558055291753952,1.4791666666666667,False,1.4791666666666667,True,45,0,0,0,0,15,0,0,0,0,0,-0.460810124874115,0,32,125,-0.2339094787836075,-0.28467632401136483,-0.30789890747071813,-0.05097298812890172,False,0.2663381091711434,-0.06407685975858433,0.9548624974195267,False,0.0,0.8352394575835672,-0.5033559027538254,1.9256922348540364,0.029166666666666563,True,False,0.4763703380756892,-0.5000920369706706,0.1238442492150931,0.9647428454781385,-0.5701678991317749,-0.0028214510453693675,False,0.025,False,False,0.00030078653053927385,impact,True,success_unloaded
S,ppo,4,SS5,17,419316027,success,dwell_complete,0.22989144627312438,1.4708333333333332,False,1.4708333333333332,True,45,0,0,0,0,15,0,0,0,0,0,-0.47347211837768555,0,120,127,-0.2160944938659668,-0.25973438938527976,-0.21059628098381733,0.02621295251838697,False,0.23696216221656147,-0.6311011835907107,0.8879809128308906,False,0.0,0.8879809128308906,-0.3872036716174179,2.0085894239653896,0.02083333333333348,True,False,0.8879809128308906,-0.3944805809688476,0.019017588646267496,0.9910179595319116,-0.2681632786989212,0.018780401562604982,True,0.0,False,False,0.0005049405855148089,impact,False,
S,ppo,4,SS5,18,1615341671,success,dwell_complete,0.2138966873051854,1.5666666666666667,False,1.5666666666666667,True,47,0,0,0,0,16,0,0,0,0,0,-0.4986644759774208,0,120,128,-0.08986640200018883,-0.2302460817297728,-0.12070061089474737,0.11120592825330176,False,0.23199962525316897,-0.11380667864496467,0.9476892296708326,False,0.0,0.5135758955352347,-0.584992270496245,1.4773405760448035,0.016666666666666607,True,False,0.45155970494443515,-0.5839812227457069,0.1293152690471269,0.7550629650065083,-0.42515838146209717,-0.0022444122873732015,False,0.004166666666666667,False,False,-0.0014358668466063992,impact,True,success_unloaded
S,ppo,4,SS5,20,702950301,success,dwell_complete,0.21610513738725778,1.425,False,1.425,True,44,0,0,0,0,14,0,0,0,0,0,-0.34586918726563454,0,112,122,-0.2007137008011341,-0.2121743509965152,-0.09643422305218793,0.14367884178716708,False,0.24053285096577395,-0.14511437296953222,1.0667035974690835,False,0.0,1.009030162322135,0.29958160990421123,1.6941202842043632,0.029166666666666563,True,False,0.9744261012339658,0.2729092776577815,0.01393560480829402,0.833385392818324,-0.07982853055000305,-0.009262759336133165,False,0.0125,False,False,-0.0009867527643897935,impact,True,success_unloaded
S,ppo,4,SS5,30,1268272897,success,dwell_complete,0.268810686218831,1.625,False,1.625,True,50,0,0,0,0,14,0,0,0,0,0,-0.35494593903422356,0,112,122,-0.31192822456359864,-0.26154460879320945,-0.23871048502342668,0.04206489567102261,False,0.2811680369657033,-0.7160881503073073,1.0500476206869482,False,0.0,0.9666208696416522,0.37477339886430117,2.206872954488472,0.02083333333333326,True,False,0.9165648190144746,0.372454007605147,0.032075426235713175,1.1675870174573975,-0.2518206909298897,-0.0031243540367644654,False,0.0125,False,False,8.337688906318029e-06,impact,True,success_unloaded
S,ppo,4,SS5,33,714116886,success,dwell_complete,0.23496307654846393,1.5875,False,1.5875,True,48,0,0,0,0,15,0,0,0,0,0,-0.4975803941488266,0,120,123,-0.23195727318525314,-0.2475978488773149,-0.20302653528968886,0.06708500113812567,False,0.26874087682849124,-0.111117158866445,1.0328025221846948,False,0.5,0.7292636001130579,0.14968381816375842,1.7556872868767996,0.02083333333333348,True,True,0.42572467804142095,0.14682737056257625,0.1550792523597209,0.8623989007289685,-0.5694521963596344,-0.005440896923963137,False,0.016666666666666666,False,False,-0.0002512613694615296,impact,True,success_unloaded
S,ppo,4,SS5,64,277549337,success,dwell_complete,0.26296920469282786,1.575,False,1.575,True,48,0,0,0,0,15,0,0,0,0,0,-0.3157544285058975,0,104,126,-0.5299281343817711,-0.25981059463396033,-0.4050807691788294,-0.10742441815047557,False,0.2965623625611502,-0.2816998511235097,1.1476021809054135,False,0.0,1.058012951800027,1.352102831249506,2.3004495890149546,0.025000000000000133,True,False,1.1476021809054135,1.3542414093414863,-0.0024700343448470466,1.2595758876727763,-0.3297852650284767,-0.0025432864908305954,False,0.029166666666666667,False,False,-0.0016541768182405396,impact,True,success_unloaded
S,ppo,4,SS5,73,66480997,success,dwell_complete,0.21087417409612133,1.4833333333333334,False,1.4833333333333334,True,46,0,0,0,0,14,0,0,0,0,0,-0.6299074441194534,0,112,124,-0.29179270565509796,-0.27695510239096893,-0.33914410119045274,-0.0951106685093216,False,0.22311919182916265,-0.6035890038985172,0.9815437421062566,False,0.0,0.9341507711131637,-0.225235398018087,4.034021667654717,0.1333333333333333,False,True,0.42572467804142095,-0.11051899271518875,0.1466970537018562,1.7794914981848062,-0.670839250087738,-0.0021387332505995453,False,0.020833333333333332,False,False,0.007955321245030176,post_contact_idle,True,success_unloaded
S,ppo,4,SS5,80,1856283101,success,dwell_complete,0.24350065694056272,1.6833333333333333,False,1.6833333333333333,True,51,0,0,0,0,15,0,0,0,0,0,-0.4339812397956848,0,112,124,-0.19778714701533318,-0.26764044074989873,-0.1970417857677591,0.0627642392217541,False,0.2617930538315973,-0.5177166705371952,1.0271687708280686,False,0.0,0.8051715544560593,-0.19597162124549894,1.7678663842800042,0.012499999999999956,True,False,1.0271687708280686,-0.19456848248839198,-0.01252578272293107,0.8203713546201971,-0.188565194606781,-0.012607437905562959,False,0.020833333333333332,False,False,-0.0006866611630118974,impact,True,success_unloaded
S,ppo,4,SS5,82,1159581122,success,dwell_complete,0.2549330915147642,1.6875,False,1.7125,True,53,0,0,0,0,13,0,0,0,0,0,-0.6957205832004547,0,72,123,-0.11627732962369919,-0.3299462544130137,-0.44567496913475607,-0.1903051818974497,False,0.25157412626195963,-0.9260617045184003,0.8292045426753675,False,0.0,0.8499807667869652,-1.441689371066154,1.6320015724592103,0.03749999999999987,False,False,0.8707569908985632,-1.3178258300227648,-0.0017487898886828313,0.8785023259025018,-0.5118638724088669,-0.0046931150345184405,False,0.03333333333333333,False,False,0.0025331277951675486,other,True,success_unloaded
S,ppo,4,SS5,106,158713044,success,dwell_complete,0.2144037204523106,1.6083333333333334,False,1.6083333333333334,True,49,0,0,0,0,15,0,0,0,0,0,-0.2986534684896469,0,56,126,-0.3775857642292976,-0.2366051721828848,-0.3214199447844589,-0.08656357457744429,False,0.24021204611659042,-0.3849475628969669,1.0454773826225057,False,0.0,1.0016129258242539,0.4701251283984807,1.6470643602707844,0.04999999999999982,False,False,0.6945617282364908,0.500726732878001,0.09063263715418807,0.934483064836604,-0.4301524758338928,-0.002427639545713736,False,0.029166666666666667,False,False,0.0015745375490176104,other,True,success_unloaded
S,ppo,4,SS5,108,1149126053,success,dwell_complete,0.24097531741610573,1.5791666666666666,False,1.5791666666666666,True,48,0,0,0,0,15,0,0,0,0,0,-0.5261571407318115,0,120,125,-0.20434858351945878,-0.2752879776451875,-0.25898040820646945,0.000653284188355241,False,0.25942079919714695,-0.34762741305010947,0.932003317203022,False,0.25,0.8054336574126217,-0.39278911070491385,1.6817525050377942,0.016666666666666607,True,False,0.932003317203022,-0.39338475654908356,0.007343488965244024,0.8581431363706337,-0.2874191701412201,0.0073209992248114445,True,0.0,False,False,0.00016259296572089199,impact,False,
S,ppo,4,SS5,110,808532272,success,dwell_complete,0.220118477334162,1.5125,False,1.5125,True,46,0,0,0,0,15,0,0,0,0,0,-0.43296173214912415,0,32,125,-0.22838231772184373,-0.2673954939219295,-0.2764970057489027,-0.045565581314482406,False,0.22870803442786244,-0.6731266781386742,0.9692382010865087,False,0.0,0.8441394348624266,-0.37893037517589573,1.8429015652203307,0.03333333333333344,False,False,0.4688431361901805,-0.3669256027349162,0.1288233207949062,0.9531447754433023,-0.534639984369278,-0.0037959291224400216,False,0.025,False,False,0.0006006054790891407,other,True,success_unloaded
S,ppo,4,SS5,120,1581704015,success,dwell_complete,0.2649288790583165,1.6875,False,1.6875,True,51,0,0,0,0,15,0,0,0,0,0,-0.4554568827152252,0,120,123,-0.20449421405792237,-0.2651440385596194,-0.1995575988175517,0.07065148763928814,False,0.27113305021014045,-1.0877378039802459,1.0279656106739508,False,0.5,0.7268451443576859,-0.058543237429123055,2.0837321032681775,0.012499999999999956,True,False,1.0279656106739508,-0.05667468364763217,-0.008884870470874625,1.1577174555185246,-0.19192121922969818,-0.008884870470874625,False,0.016666666666666666,False,False,-0.0007866743124297131,impact,True,success_unloaded
S,ppo,4,SS5,122,1975348375,success,dwell_complete,0.23930710333062805,1.5,False,1.5,True,45,0,0,0,0,15,0,0,0,0,0,-0.5083911716938019,0,40,120,-0.35978647917509077,-0.29385847186942804,-0.36162706842063236,-0.08278709156293179,False,0.27773127557885124,-0.10204376171125795,0.9730654566370953,False,0.0,0.5932304816408499,-0.2729430611513806,2.0335553590617863,0.016666666666666607,True,False,0.5389683423556719,-0.2790965386926466,0.11437478020504249,0.9610582227431604,-0.5715769529342651,0.0009527601038609958,True,0.0,False,False,0.001647574990522373,impact,False,
S,ppo,4,SS5,127,1555871774,success,dwell_complete,0.25522091618677345,1.5625,False,1.5625,True,47,0,0,0,0,15,0,0,0,0,0,-0.5666714608669281,0,88,121,-0.25464624762535093,-0.29321219994135833,-0.31666986001424474,-0.045569687971505596,False,0.2695833390613429,-0.7066750554214665,0.9442477561846184,False,0.75,0.5553554475772203,-0.6315112696630651,1.92911688706489,0.008333333333333304,True,True,0.42572467804142095,-0.6250567051476363,0.13488628599746885,0.9526489744266745,-0.6359709799289703,-0.0021597531373484754,False,0.008333333333333333,False,False,0.0003024495081856958,impact,True,success_unloaded
S,ppo,4,SS5,140,403445731,success,dwell_complete,0.21015046853573655,1.5083333333333333,False,1.5083333333333333,True,46,0,0,0,0,15,0,0,0,0,0,-0.3862898200750351,0,112,126,-0.19448677375912665,-0.24971348385327924,-0.20212742168958076,0.039691641410826844,False,0.24377378873527128,-0.03573455770505888,0.963511744959171,False,0.0,0.8981599402118673,-0.13501325564422928,1.7267458065386576,0.029166666666666785,True,False,0.4406973069807403,-0.1373698579356205,0.14288322291308192,0.8516466175300621,-0.3862898200750351,0.004587352877177596,True,0.0,False,False,-0.00010502799463413785,impact,False,
S,ppo,4,SS5,144,210388185,success,dwell_complete,0.2612577507675908,1.5708333333333333,False,1.5708333333333333,True,48,0,0,0,0,15,0,0,0,0,0,-0.47462350130081177,0,120,127,-0.24104387909173966,-0.2881684317478283,-0.33786053581128933,-0.070851635287882,False,0.2662890276598234,-1.077493941318858,0.9674387675916563,False,0.0,0.9674387675916563,-0.1715312695021994,1.464668615862034,0.016666666666666607,True,False,0.9674387675916563,-0.16702654879555434,0.0040974872007219516,0.7880527251308456,-0.3549208268523216,0.0031912860181650907,True,0.0,False,False,-1.1795495287622118e-05,impact,False,
S,ppo,4,SS5,150,408507921,success,dwell_complete,0.2566567793250541,1.5166666666666666,False,1.5166666666666666,True,46,0,0,0,0,15,0,0,0,0,0,-0.4080274701118469,0,120,124,-0.24173087924718856,-0.2588572417395045,-0.24838824747547314,0.018015217834623978,False,0.27164271735539164,-0.5918685952604343,1.0287631532223966,False,0.375,0.8026237250295307,-0.001225708426025206,1.1642202383647287,0.012499999999999956,True,False,1.0287631532223966,-0.0008960132008763024,-0.007897116311187868,0.8177257999455659,-0.2458806037902832,-0.00790817088524664,False,0.020833333333333332,False,False,-0.00019856949916376412,impact,True,success_unloaded
S,ppo,4,SS5,153,1116331160,success,dwell_complete,0.22782775122958884,1.5791666666666666,False,1.5791666666666666,True,48,0,0,0,0,15,0,0,0,0,0,-0.5020907521247864,0,64,125,-0.14802862107753753,-0.2883880414246557,-0.22336827200523632,0.02917071459552656,False,0.2544335947320543,-0.014207944909257737,0.9151665742894378,False,0.25,0.7928061002274337,-0.7579213124751101,1.994481683735538,0.5166666666666666,False,False,0.5776351629996789,0.051762682195155,0.10966158286978338,0.27357863655786613,-0.4650125205516815,-0.0006937168775765835,False,0.020833333333333332,False,False,0.036973250504975845,other,True,success_unloaded
S,ppo,4,SS5,167,1682937791,success,dwell_complete,0.24310887200537196,1.4958333333333333,False,1.4958333333333333,True,45,0,0,0,0,15,0,0,0,0,0,-0.6609754264354706,0,104,121,-0.020504353940486907,-0.26107224758383246,-0.1558525880251593,0.11214172814273629,False,0.2640443999226336,-0.24692779996182332,0.8561741694894641,False,0.75,0.5333370509034318,-1.3328885527881842,2.4512659747540813,0.029166666666666563,True,True,0.42572467804142095,-1.3673461273318455,0.11423159113329936,1.2474947271594685,-0.6166443228721619,0.002437699991176109,True,0.0,False,False,0.00011583811672169859,impact,False,
S,ppo,4,SS5,174,1515200011,success,dwell_complete,0.23383818319488656,1.4958333333333333,False,1.4958333333333333,True,45,0,0,0,0,15,0,0,0,0,0,-0.40921394526958466,0,112,121,-0.29331878423690794,-0.25470400004065075,-0.2774736266115146,-0.030936308540723823,False,0.24769093405726053,-0.6710012957300042,1.074365126305481,False,0.0,0.5993733688575863,0.19098720988853046,1.4168120751981113,0.02083333333333326,True,False,0.4410427830416214,0.19589887820203977,0.15304491332159084,0.7269591076083696,-0.5630848109722137,-0.014822719496986714,False,0.008333333333333333,False,False,0.00032110332180329624,impact,True,success_unloaded
S,ppo,4,SS5,177,2018449764,success,dwell_complete,0.23391125187848497,1.575,False,1.575,True,48,0,0,0,0,15,0,0,0,0,0,-0.45178990066051483,0,40,126,-0.19337024986743928,-0.2789954880202016,-0.2706188593128825,-0.024265273637307086,False,0.24790119439998257,-0.7446639487730538,0.906146835635292,False,0.125,0.8460940659360582,-0.9951303823948766,1.7064806765047493,0.02083333333333326,True,False,0.906146835635292,-0.9904178060626693,-0.0020491896722420067,0.884769247250258,-0.31267744302749634,-0.002403642924073089,False,0.029166666666666667,False,False,0.0016797202349549387,impact,True,success_unloaded
S,ppo,4,SS5,179,1906148524,success,dwell_complete,0.25521545423732217,1.5416666666666667,False,1.5416666666666667,True,48,0,0,0,0,14,0,0,0,0,0,-0.6406730711460114,0,72,126,-0.06449273228645325,-0.2947747399942182,-0.23834478467473977,0.02406278876837315,False,0.2606354712928675,-0.7403518976854941,0.8875327206632309,False,0.125,0.8298067153355047,-1.3512830378314413,1.7764628452317326,0.02083333333333326,True,False,0.8875327206632309,-1.3547460981751789,-0.007188505748390499,1.08172450860499,-0.28928759694099426,-0.007230677381056651,False,0.029166666666666667,False,False,0.0005834865191013708,impact,True,success_unloaded
S,ppo,4,SS5,193,2065900127,success,dwell_complete,0.2394824406372917,1.625,False,1.625,True,50,0,0,0,0,14,0,0,0,0,0,-0.29254549741744995,0,112,122,-0.32144901901483536,-0.21721378781193174,-0.13950778717611703,0.12342561353889386,False,0.26182935242411937,-0.5889875664652128,1.1400214659160819,False,0.0,1.0734285630080989,1.0569651946421925,2.242943644676684,0.06666666666666665,False,True,0.42572467804142095,0.9836058029304255,0.17800062343716422,0.7300593844080786,-0.2884048819541931,-0.007531073133374509,False,0.0125,False,False,-0.002626326132145917,post_contact_idle,True,success_unloaded
T,ppo,4,SS6,10,1323121477,hard_landing,dwell_complete,0.2495134174442884,1.6624999999999999,False,1.6624999999999999,True,50,0,0,0,0,15,0,0,0,0,0,-0.3743281960487366,0,48,121,-0.08202357664704323,-0.2929040789505104,-0.24669374315235928,0.05378250712294483,False,0.26545786351441936,-0.7527192890639788,0.8861431673892501,False,0.75,0.5408293003783783,-0.7517224862032774,5.350495813180984,0.08333333333333348,False,True,0.42572467804142095,-0.7511784627302316,0.11989867982862258,2.018224472700124,-0.963454395532608,0.008485519777975977,True,0.0,False,False,0.05415653243459266,post_contact_idle,False,
S,ppo,4,SS6,35,55155601,success,dwell_complete,0.2728057451141807,1.5375,False,1.5375,True,47,0,0,0,0,15,0,0,0,0,0,-0.3400649428367615,0,120,127,-0.3492671325802803,-0.2593426376831178,-0.21181134108744548,0.06872606475013796,False,0.280720147078388,-0.8858439295148207,1.0771313793236672,False,0.0,1.0771313793236672,0.7612531254382928,1.7224093723356473,0.016666666666666607,True,False,1.0771313793236672,0.7582486702284559,7.452049602533822e-05,1.048120142302737,-0.17198975756764412,-0.0006338843539379391,False,0.0125,False,False,0.001419053495772313,impact,True,success_unloaded
S,ppo,4,SS6,37,1167900726,success,dwell_complete,0.26346715418937156,1.6041666666666667,False,1.6041666666666667,True,49,0,0,0,0,15,0,0,0,0,0,-0.5833590030670166,0,120,127,-0.12364274263381958,-0.22141695215181936,0.03183992208837808,0.30323078135764336,True,0.2636631029508713,-0.8942325314505861,0.9718163801159425,False,0.0,0.9718163801159425,-0.4116509669038326,1.7062035482601399,0.033333333333333215,False,True,0.42572467804142095,-0.5689193089415949,0.1355476651091002,0.9631054120575905,-0.3261329233646393,-0.008016593106070679,False,0.03333333333333333,False,False,-0.0009577647864019808,post_contact_idle,True,success_unloaded
T,ppo,4,SS6,38,1558505032,success,dwell_complete,0.25146140290309393,1.7708333333333333,False,1.7708333333333333,True,54,0,0,0,0,15,0,0,0,0,0,-0.2758537083864212,0,40,127,-0.17196637243032456,-0.2700473240455946,-0.1571146827158343,0.1257176751672885,False,0.2697024541728383,-0.49743031646697033,0.9362777521060835,False,0.0,0.9362777521060835,-0.024098307103656687,5.264707502938166,0.08750000000000013,False,True,0.42572467804142095,-0.10840061650433976,0.13908912423214825,2.8849344338640432,-0.5033496916294098,0.008467623239053326,True,0.0,False,False,0.056802891283086104,post_contact_idle,False,
S,ppo,4,SS6,39,305654731,success,dwell_complete,0.23549288065434584,1.4625,False,1.4625,True,44,0,0,0,0,15,0,0,0,0,0,-0.2799834832549095,0,112,121,-0.23477697521448135,-0.2166879276050966,-0.04279872226324223,0.21100968599384104,True,0.252956648994721,-0.623218330800722,1.071277843905519,False,0.0,0.6676923280678726,0.6569876248403113,1.860340862158112,0.02083333333333348,True,False,0.533163822788657,0.6363046980608036,0.14054657501808207,0.8482181123211775,-0.2599189728498459,-0.00016920594704565445,False,0.004166666666666667,False,False,-0.002258500696835059,impact,True,success_unloaded
S,ppo,4,SS6,47,1541273511,success,dwell_complete,0.21396078693655504,1.5333333333333332,False,1.5291666666666666,True,46,0,0,0,0,15,0,0,0,0,0,-0.3509744703769684,0,112,120,-0.41125294417142866,-0.27130708820596255,-0.2967631755054611,-0.03317498898351667,False,0.26319462640159097,0.033148374869706364,1.0838749594377528,False,0.0,0.5702773010055199,0.6695864820359355,1.4193581550819614,0.004166666666666874,True,False,0.4969062069437722,0.677186035014684,0.1513695255147807,0.6929240615067831,-0.5267148166894913,-0.003867565772767406,False,0.004166666666666667,False,False,-0.0010303997226164068,impact,True,success_unloaded
S,ppo,4,SS6,59,160775593,success,dwell_complete,0.23694283815253658,1.6583333333333332,False,1.6583333333333332,True,50,0,0,0,0,15,0,0,0,0,0,-0.36213480681180954,0,48,122,-0.33270049542188646,-0.2811813234525495,-0.28138274662251067,-0.019141526374354068,False,0.2619290214847149,-0.06417089161769603,0.9928527238342492,False,0.0,0.6447783633490018,-0.04282107428871063,1.986438182742075,0.008333333333333526,True,False,0.9928527238342492,-0.04402941624858799,0.0004695001489950233,0.9383859988028129,-0.28587399423122406,0.000460360964866593,True,0.0,False,False,0.0013066798993510856,impact,False,
S,ppo,4,SS6,63,190453351,success,dwell_complete,0.2380189552475152,1.55,False,1.5458333333333334,True,48,0,0,0,0,14,0,0,0,0,0,-0.5506386011838913,0,112,124,-0.31636250764131546,-0.28778669619986535,-0.33008427062660567,-0.04525468237832651,False,0.27576191913793513,-0.013816819825185643,0.9906147466803102,False,0.0,0.967021806714592,-0.04399435381135973,2.8785198170158677,0.07499999999999996,False,True,0.42572467804142095,-0.031448584966163574,0.15019200403092758,1.3073304230577785,-0.510809987783432,0.0013774139912325714,True,0.0,False,False,0.00019326459237328604,post_contact_idle,False,
S,ppo,4,SS6,73,722815722,success,dwell_complete,0.2536567457098179,1.5375,False,1.5375,True,47,0,0,0,0,15,0,0,0,0,0,-0.3014945760369301,0,80,127,-0.46407380402088166,-0.25505487982493524,-0.38169096836696736,-0.12539689895391112,False,0.26630987670615996,-0.9716351304987002,1.103942887734603,False,0.0,1.103942887734603,0.7950904369167477,1.8492016693543258,0.02083333333333326,True,False,1.103942887734603,0.8015401032246933,-0.007263285961765634,0.8947022824871119,-0.3295080363750458,-0.007532824886584347,False,0.03333333333333333,False,False,0.0005720003642854565,impact,True,success_unloaded
S,ppo,4,SS6,78,1532668767,success,dwell_complete,0.26971921802956855,1.6416666666666666,False,1.6416666666666666,True,50,0,0,0,0,15,0,0,0,0,0,-0.6159633547067642,0,120,126,-0.05010865181684494,-0.28463106212683054,-0.183111696466717,0.0834740005526816,False,0.26495881272005256,-1.0557608931998126,0.8722311153279684,False,0.125,0.81641781066715,-1.3253375632972113,1.9752818877579637,0.025000000000000133,True,False,0.8722311153279684,-1.3287025562327512,-0.0023788485940073934,1.1739669029305835,-0.25229206681251526,-0.0023898106785888704,False,0.029166666666666667,False,False,9.761947945543331e-05,impact,True,success_unloaded
T,ppo,4,SS6,80,1765714094,success,dwell_complete,0.18824381954663758,1.675,False,1.675,True,51,0,0,0,0,15,0,0,0,0,0,-0.8886476755142212,0,120,126,-0.3437666080892086,-0.287963060470179,-0.4497270428706149,-0.222895765702274,False,0.19527825090434506,-0.49035996618760097,0.9674142042889207,False,0.125,0.8997030135079832,-0.4421705142089996,5.0883117223213,0.47916666666666674,False,True,0.42572467804142095,0.5490225833120819,0.16649807300265226,0.7383467356132672,-0.7159314751625061,-0.007235662594800096,False,0.029166666666666667,False,False,0.08032961488567904,post_contact_idle,True,success_unloaded
S,ppo,4,SS6,83,160799111,success,dwell_complete,0.21936559222209454,1.6291666666666667,False,1.6291666666666667,True,49,0,0,0,0,15,0,0,0,0,0,-0.39336293935775757,0,104,121,-0.15805340930819511,-0.2427224027236919,-0.11766698075345026,0.12828597709652687,False,0.25703221501120327,-0.17381069880316527,1.0623728002474024,False,0.0,0.5956035996021328,-0.25628305820920755,2.9825773461515594,0.050000000000000044,False,False,0.6724402169742143,-0.3130484895118732,0.07286027458389811,1.5488516989598404,-0.4075421243906021,-0.02401946694027551,False,0.008333333333333333,False,False,0.002642096413857897,other,True,success_unloaded
S,ppo,4,SS6,94,537732710,success,dwell_complete,0.24694184716754672,1.6791666666666667,False,1.6791666666666667,True,51,0,0,0,0,15,0,0,0,0,0,-0.2975074499845505,0,56,125,-0.4044669955968857,-0.27689911144181445,-0.32243231542073153,-0.04597409861525188,False,0.27897857202848253,-0.2170174458191463,1.0740864153300456,False,0.0,0.9222358694081865,0.39512953455514976,1.9297803987476205,0.012499999999999956,True,False,1.0740864153300456,0.39687928172679543,-0.008969818064745621,1.094551739945659,-0.29389987885951996,-0.009170745908250465,False,0.025,False,False,0.0010925483881677857,impact,True,success_unloaded
S,ppo,4,SS6,98,228857887,success,dwell_complete,0.2497921544478641,1.6541666666666666,False,1.6833333333333333,True,51,0,0,0,0,14,0,0,0,0,0,-0.6768799647688866,0,112,123,-0.010784986615180969,-0.23557731126552386,-0.07196068330235252,0.18275021814718656,False,0.24635011680003838,-1.0115379715606265,0.9143776422378144,False,0.0,0.8102521941347663,-1.3224064162476044,1.6036091858211414,0.05833333333333335,False,True,0.42572467804142095,-1.4546371624036858,0.11001632385849333,0.8447060009429453,-0.6621929258108139,-0.013252341305340481,False,0.016666666666666666,False,False,0.0017950845723705105,post_contact_idle,True,success_unloaded
S,ppo,4,SS6,104,1013111488,success,dwell_complete,0.24604154161293676,1.625,False,1.625,True,49,0,0,0,0,15,0,0,0,0,0,-0.4273005276918411,0,56,122,-0.40663271844387056,-0.3338958669756462,-0.5694773745539955,-0.2944574695591436,False,0.2796971911021586,-0.2660788313127138,1.0025498887852378,False,0.0,0.7692854656512144,0.12655596147259157,2.1939762223180903,0.033333333333333215,False,False,0.6293268117708004,0.2546367100594249,0.10305074926882068,1.1413839697992199,-0.7250088751316071,-0.0007211607006372069,False,0.008333333333333333,False,False,0.0020635779231405814,other,True,success_unloaded
S,ppo,4,SS6,115,2081510509,success,dwell_complete,0.26585832870988135,1.4958333333333333,False,1.4958333333333333,True,45,0,0,0,0,15,0,0,0,0,0,-0.3824763000011444,0,112,121,-0.45849585086107253,-0.2633809710448419,-0.3683255891462889,-0.09816128609141359,False,0.27126418820473913,-0.8372684635012501,1.0506326109174653,False,0.0,0.7028084551866683,0.5651941611657519,2.2328938736206863,0.012499999999999956,True,False,0.5868670699430694,0.5645087932989449,0.12453092643466382,1.1452698437631115,-0.5598031282424927,0.001681789557214502,True,0.0,False,False,0.0008799309510277817,impact,False,
S,ppo,4,SS6,132,1308035592,success,dwell_complete,0.26316966599206926,1.5916666666666666,False,1.5916666666666666,True,48,0,0,0,0,15,0,0,0,0,0,-0.4893932193517685,0,48,122,-0.22102921307086945,-0.30653939205129316,-0.39869679053153706,-0.13252324988356676,False,0.26707048836323577,-0.7217517546024057,0.9232687800430107,False,0.0,0.6887680449787227,-0.5797969520465874,2.102930580493558,0.01666666666666683,True,False,0.5480676039401499,-0.5726781989186148,0.10393215678971063,1.1091810867981313,-0.610009029507637,0.0030949293693568174,True,0.0,False,False,0.0016537335329415929,impact,False,
S,ppo,4,SS6,136,813667634,success,dwell_complete,0.2487983199643377,1.5875,False,1.5875,True,50,0,0,0,0,13,0,0,0,0,0,-0.7764345109462738,0,72,123,-0.009208016097545624,-0.31457134565995487,-0.3240088472329631,-0.06448219137856868,False,0.2561237429047439,-0.6822817510631273,0.8074154332681165,False,0.0,0.8069594035408663,-1.8388220639667843,1.7022658358716038,0.025000000000000133,True,False,0.806503373813616,-1.8257147809840133,0.0011150345127623191,0.8363218893929023,-0.4116228371858597,0.00041015912492323284,True,0.0,False,False,0.0013808425855190765,impact,False,
S,ppo,4,SS6,155,842395533,success,dwell_complete,0.25787684612403383,1.6125,False,1.6125,True,49,0,0,0,0,15,0,0,0,0,0,-0.5756712108850479,0,104,125,-0.18101136460900308,-0.28856428402962686,-0.28228430610141475,-0.0075936658317379505,False,0.2709056030245618,-0.3943475977485165,0.896434367411558,False,0.25,0.7787569450690237,-1.0170064498694074,1.983301204849797,0.02499999999999991,True,True,0.42572467804142095,-1.0169342445886802,0.1240041583103725,1.072232877161166,-0.61399045586586,-0.0006455747940511503,False,0.025,False,False,0.0016884162749912623,impact,True,success_unloaded
S,ppo,4,SS6,159,1370568126,success,dwell_complete,0.24561568936757514,1.6375,False,1.6375,True,50,0,0,0,0,15,0,0,0,0,0,-0.426710844039917,0,120,127,-0.2273900806903839,-0.25324678431995995,-0.25649126283829016,-0.005519022349858549,False,0.2558181872044697,-1.0561754916548756,1.0278049629426447,False,0.0,1.0278049629426447,-0.13579024983276192,1.5601207528595664,0.02499999999999991,True,False,1.0278049629426447,-0.13504547166636763,-0.01325842622352621,0.8353964832046865,-0.25256475806236267,-0.013345278952250532,False,0.03333333333333333,False,False,5.772081964343482e-05,impact,True,success_unloaded
S,ppo,4,SS6,165,1742164241,success,dwell_complete,0.2504417078636299,1.525,False,1.525,True,47,0,0,0,0,14,0,0,0,0,0,-0.4079986587166786,0,64,122,-0.28860684037208556,-0.24909866467060385,-0.16306644467425083,0.09371072397637362,False,0.2567156185439523,-1.0730444025185388,1.0166023290385886,False,0.0,0.9310902967552657,0.011942666671309183,1.7347669727852442,0.025000000000000133,True,False,0.879783077385272,-0.045859123823216934,0.030576888388641955,0.8989132242640806,-0.18815506249666214,-0.003112242420198676,False,0.0125,False,False,0.00048228152821535794,impact,True,success_unloaded
S,ppo,4,SS6,166,778428015,success,dwell_complete,0.2271973096870413,1.4125,False,1.4125,True,44,0,0,0,0,14,0,0,0,0,0,-0.5236130207777023,0,112,125,-0.06431699693202972,-0.2330998000224838,0.025423511817146045,0.2805568259146683,True,0.23759230200012477,-0.6018128330201603,0.9619827344584969,False,0.0,0.8822039384478949,-0.37976369297616497,2.1646610316910406,0.054166666666666474,False,False,0.6428675504160888,-0.5700175007062289,0.07542078052227333,1.091824760744753,-0.12897321581840515,-0.0037341683384104463,False,0.016666666666666666,False,False,0.00811197668747247,other,True,success_unloaded
S,ppo,4,SS6,170,1893555025,success,dwell_complete,0.2373855358936057,1.5708333333333333,False,1.5708333333333333,True,48,0,0,0,0,15,0,0,0,0,0,-0.6223548352718353,0,112,127,-0.23301497474312782,-0.2575849244925525,-0.21553115392814706,0.059925219383406295,False,0.2694496443004529,-0.09733324883203881,0.9555100553692892,False,0.0,0.9555100553692892,-0.52941528606174,2.0649980976050277,0.03750000000000009,False,False,0.44217923107373,-0.6006995007819845,0.13079179789144715,1.3071399052974753,-0.4455936849117279,-0.004313976793001504,False,0.03333333333333333,False,False,0.0005500189056461949,other,True,success_unloaded
S,ppo,4,SS6,176,200621214,success,dwell_complete,0.22581844409131557,1.5666666666666667,False,1.5666666666666667,True,47,0,0,0,0,16,0,0,0,0,0,-0.478431299328804,0,128,128,-0.3254983276128769,-0.26058951105579214,-0.2727706592851223,-0.0063831379885808896,False,0.2532354856062502,-0.2271765352180396,0.9688300950725772,False,0.875,0.49361285517031545,0.2007358714095232,3.1629446634348364,0.03750000000000009,False,True,0.42572467804142095,0.18648916312219627,0.15389648071592038,1.6700952314483448,-0.5577328205108643,0.012850456732141734,True,0.0,False,False,0.0014419236870624739,post_contact_idle,False,
S,ppo,4,SS6,184,1680960645,success,dwell_complete,0.23936264747683256,1.5041666666666667,False,1.5041666666666667,True,46,0,0,0,0,15,0,0,0,0,0,-0.4033558666706085,0,120,127,-0.12656470462679864,-0.23041120561167805,-0.019091049110010784,0.2201918232475454,True,0.2427709950295667,-0.8452985651218549,0.947690362125226,False,0.0,0.947690362125226,-0.35372755749997603,1.4586006311444102,0.029166666666666563,True,False,0.947690362125226,-0.4344003994804551,0.0013143939995007973,0.7166114421207214,-0.04972781985998154,0.0013143939995007973,True,0.0,False,False,-0.0003062400256888573,impact,False,
S,ppo,4,SS6,188,505357842,success,dwell_complete,0.27576939823446545,1.5291666666666666,False,1.5291666666666666,True,46,0,0,0,0,15,0,0,0,0,0,-0.3767474591732025,0,112,121,-0.1670446515083313,-0.24525110536975117,-0.08848936970968438,0.20667540395399253,False,0.29499306399965125,-0.6326272150919401,1.024855590841087,False,0.0,0.6680451700428252,0.6621800251690911,1.2144636854588242,0.01666666666666683,True,False,0.549108363110071,0.6618297713817678,0.1371419922594197,0.755839045304761,-0.2914920821785927,0.011511689107347034,True,0.0,False,False,-0.0038573568436833946,impact,False,
S,ppo,4,SS6,191,1002338391,success,dwell_complete,0.2554365504449129,1.5625,False,1.5625,True,47,0,0,0,0,15,0,0,0,0,0,-0.26380598545074463,0,56,121,-0.46400701999664307,-0.25420801528347003,-0.3956826046176676,-0.1377996874114019,False,0.259108162403596,-1.153404988682223,1.064492905663332,False,0.0,0.6686519329101365,0.8613168576310251,1.6404142946366653,0.016666666666666607,True,False,0.5367049419924046,0.8656838834369955,0.14510738188480632,0.719517451394681,-0.602287620306015,0.004767585788746108,True,0.0,False,False,0.0005253373372042663,impact,False,
S,ppo,4,SS6,199,2042228284,success,dwell_complete,0.2483595271735444,1.5291666666666666,False,1.5291666666666666,True,46,0,0,0,0,15,0,0,0,0,0,-0.3100964426994324,0,88,121,-0.3102364346385002,-0.2592423102575354,-0.33056370547805464,-0.07241484190127015,False,0.253643257741367,-0.8348794208650124,1.0448474622643662,False,0.0,0.6785202909778303,0.695005955733922,1.8979682550185757,0.01666666666666683,True,False,0.5564112338823183,0.7008359693762592,0.13609066553336788,0.9150809923206165,-0.5378430783748627,0.005937905319336462,True,0.0,False,False,-0.0007658545590166517,impact,False,
S,sac,0,SS3,5,558736479,success,dwell_complete,0.2960260722875672,1.2666666666666666,False,1.2666666666666666,True,38,0,0,0,0,15,0,0,0,0,0,-0.8777020275592804,0,120,120,-0.2774859368801117,-0.3171734848320167,-0.3560268377447029,-0.04500668205944,False,0.3112995192073756,-0.7075027116652991,0.9058994187735391,False,0.875,0.4857465206329357,-0.46935294615656586,1.4821867671777709,0.016666666666666607,True,True,0.42572467804142095,-0.46891985892435456,0.1392922148285008,0.8275430235497399,-1.012189507484436,0.012158649314904397,True,0.0,False,False,0.0009417529965229668,impact,False,
S,sac,0,SS3,29,1921923984,success,dwell_complete,0.3157424642205072,1.1875,False,1.1875,True,37,11,0,0,0,14,0,0,0,0,10,-0.778483048081398,0,120,123,-0.31649460792541506,-0.34277658994853105,-0.33579920570651023,0.016533914870161613,False,0.35229258541062586,-0.28459500322874665,0.8946609561335449,False,0.5,0.6601928170874829,-0.25198233421331573,2.78480812580832,0.02499999999999991,True,True,0.42572467804142095,-0.2547759428118939,0.14511336895309768,1.526262987337952,-0.6873458100870685,0.021109420409810762,True,0.0,False,False,0.0005071513865037024,impact,False,
S,sac,0,SS3,49,346551576,success,dwell_complete,0.3888828248534428,1.2,False,1.2,True,36,4,0,0,0,15,0,0,0,0,1,-0.5466264188289642,0,112,120,-0.3837146103382111,-0.4054888037211136,-0.33623954914313436,0.05001334280760013,False,0.38685158929371943,-1.2290027485560233,0.8367675960670049,False,0.0,0.6827171711251602,0.004420945836181256,3.5766641084903283,0.02083333333333326,True,False,0.6607099675620394,0.0003944144554096951,0.08988044710676897,1.8981406487011279,-0.5466264188289642,0.044133419688556226,True,0.0,False,False,-0.0003593112437762203,impact,False,
S,sac,0,SS3,54,924557908,success,dwell_complete,0.32923320734685274,1.1541666666666666,False,1.1541666666666666,True,35,11,0,0,0,15,1,0,0,0,10,-0.5852520429024681,0,112,123,-0.5390926599502563,-0.5103736061119155,-0.40313494636372466,-0.06067764819122119,False,0.3421286364432897,-1.1301247396234015,1.1258860467058065,False,0.0,0.818094557051492,0.3414941515093768,2.483880325853524,0.01666666666666683,True,False,0.5103030673971778,0.3478072887974757,0.13898612768552113,1.1745875763009366,-0.5852520429024681,-0.024960218089408986,False,0.016666666666666666,False,False,-0.0007513789696260414,impact,True,success_unloaded
S,sac,0,SS3,60,258404339,success,dwell_complete,0.30784828469097675,1.0041666666666667,False,1.0041666666666667,True,31,6,0,0,0,15,8,0,0,0,6,-0.973904782843936,0,120,127,-0.5024119853973389,-0.48939148854830894,-0.3065347204874172,0.0031257216949443518,False,0.3144316708475423,-0.8554962487998496,0.9409365671376807,False,0.0,0.9409365671376807,0.06973059588452998,4.307705921388927,0.04583333333333339,False,True,0.42572467804142095,0.06782228729231485,0.15361837684379553,2.1878163692646457,-0.5888953919966483,0.0173540639995024,True,0.0,False,False,4.187551454862492e-05,post_contact_idle,False,
S,sac,0,SS3,65,323032325,success,dwell_complete,0.2954066753480328,1.1333333333333333,False,1.1333333333333333,True,34,0,0,0,0,15,0,0,0,0,0,-0.7362518906593323,0,120,120,-0.31005904674530027,-0.32634066058240097,-0.3705569237276952,-0.037936589184942804,False,0.3326622669274697,-0.33590549316946744,0.9654760372815465,False,0.875,0.49319359794643663,0.13698255211229998,0.8104783132967133,0.008333333333333304,True,True,0.42572467804142095,0.12121122363068389,0.1552283770488359,0.38387855939220117,-0.9188167154788971,0.011819670963626502,True,0.0,False,False,-0.00044143438529228635,impact,False,
S,sac,0,SS3,68,960847886,success,dwell_complete,0.29390047832660665,1.2416666666666667,False,1.2375,True,38,12,0,0,0,15,0,0,0,0,11,-0.6736040711402893,0,120,126,-0.3516905725002289,-0.3811951807746456,-0.4080163874757431,-0.07027700870361317,False,0.33772771085240455,0.030011766978394784,1.0187381086808143,False,0.125,0.94461142985089,-0.21441917551772044,1.9829041506971805,0.012499999999999956,True,False,1.0187381086808143,-0.22047143256138355,-0.010858098313863413,1.1652695897713898,-0.4033375382423401,-0.011807720295000136,False,0.029166666666666667,False,False,0.0007107859625101146,impact,True,success_unloaded
S,sac,0,SS3,72,1881702858,success,dwell_complete,0.2995501895253811,1.1541666666666666,False,1.1541666666666666,True,36,13,0,0,0,14,0,0,0,0,12,-0.7162459194660187,0,120,123,-0.36486164927482606,-0.37656239724421553,-0.3329893359252708,-0.012508621337221526,False,0.3206205628049533,-0.9888059791589613,1.0164407922048961,False,0.5,0.7210827351231586,-0.033590744884890916,2.0493074748493374,0.02083333333333348,True,True,0.42572467804142095,-0.02913272114681141,0.15119217806308782,1.2478387625044602,-0.6787587453915779,-0.005347434837685775,False,0.016666666666666666,False,False,0.00017956817971749158,impact,True,success_unloaded
S,sac,0,SS3,73,289920193,success,dwell_complete,0.32631118663318737,1.1416666666666666,False,1.1416666666666666,True,35,3,0,0,0,15,1,0,0,0,3,-0.624740481376648,0,120,126,-0.32331129908561707,-0.30421978414253253,-0.4114126042228763,-0.0740514915744023,False,0.33931636678808946,-0.7458351114906443,0.9477431847011756,False,0.125,0.8824908713687062,-0.11688500479722981,2.6368926322033084,0.012499999999999956,True,False,0.9477431847011756,-0.11896949020960866,0.01065742541624363,1.3428122455792328,-0.4390266537666321,0.01032015535963641,True,0.0,False,False,0.0006375898843231946,impact,False,
S,sac,0,SS3,82,1242778508,success,dwell_complete,0.29102030640138177,1.0125,False,1.0125,True,31,0,0,0,0,15,0,0,0,0,0,-0.6636199951171875,0,120,125,-0.4006342589855194,-0.3902788827691925,-0.28836669906570517,0.022997633745941267,False,0.3122087609221981,-0.7268811023028706,0.9817757816568871,False,0.25,0.8427630057530205,0.10738363011229773,2.4106073366735172,0.012499999999999956,True,False,0.9817757816568871,0.10828422620647497,0.007819493611361885,1.4183961143124968,-0.2990093529224396,0.007701852485312974,True,0.0,False,False,-0.00023353484871039087,impact,False,
S,sac,0,SS3,88,1372208371,success,dwell_complete,0.29173040230644626,1.2583333333333333,False,1.2583333333333333,True,38,8,0,0,0,15,0,0,0,0,8,-0.6400753855705261,0,120,122,-0.34875836968421936,-0.3708294619695637,-0.3688843333284479,-0.042566854675503946,False,0.3261505184185304,-0.1321640828932334,0.9277266399780537,False,0.625,0.6139754137676582,-0.2522533923717762,2.16397056396544,0.008333333333333304,True,False,0.9277266399780537,-0.2591070117625452,0.01215584391270629,0.9827814051869038,-0.3970710039138794,0.011903008936516643,True,0.0,False,False,0.0008222095817434626,impact,False,
S,sac,0,SS3,102,2010693803,success,dwell_complete,0.39780804652068763,1.1166666666666667,False,1.1166666666666667,True,34,0,0,0,0,15,0,0,0,0,0,-0.7577666938304901,0,120,124,-0.3115894258022308,-0.33496368005235755,-0.3096380036182661,0.08982847615634797,False,0.39939692213003136,-1.414346397073416,0.9427740983546842,False,0.375,0.7488805657372104,-0.23567927499104613,2.5783899038119933,0.016666666666666607,True,False,0.9427740983546842,-0.24363929767438294,0.008618340095151989,1.2283838594701721,-0.34784290194511414,0.008618340095151989,True,0.0,False,False,0.00014340310309276358,impact,False,
S,sac,0,SS3,115,268198437,success,dwell_complete,0.2906690393007631,1.2291666666666667,False,1.2291666666666667,True,37,1,0,0,0,15,3,0,0,0,1,-0.751099705696106,0,120,121,-0.43600415587425234,-0.3909298313012934,-0.47054589365681454,-0.15882443732675366,False,0.3118174478832701,-0.6908164192401918,1.1239070967043359,False,0.75,0.6002702827071498,0.4478458098279671,2.1622690533672415,0.016666666666666607,True,True,0.42572467804142095,0.4589147053238424,0.16435843821069196,1.0342691980142744,-0.9276169538497925,-0.02235972656004068,False,0.008333333333333333,False,False,0.00044298642354420695,impact,True,success_unloaded
S,sac,0,SS3,129,107904836,success,dwell_complete,0.27666365540955457,1.2166666666666666,False,1.2125,True,37,5,0,0,0,15,0,0,0,0,5,-0.624584287405014,0,120,124,-0.3404025971889496,-0.3466836100712988,-0.3336961041109285,-0.010007593897360167,False,0.323333264755229,0.3291414040680655,0.9869645269767431,False,0.375,0.7764995836259974,-0.044674890881078774,2.6102724340910513,0.01666666666666683,True,False,0.9869645269767431,-0.0442011335696281,0.0023338479013218978,1.4219217818771757,-0.33849379420280457,0.0021850853430282636,True,0.0,False,False,8.595207482898034e-05,impact,False,
S,sac,0,SS3,130,1674865942,success,dwell_complete,0.2855343276586614,1.2125,False,1.2125,True,37,12,0,0,0,15,0,0,0,0,11,-0.5990778207778931,0,120,125,-0.4202840328216553,-0.38568935356721,-0.32119960490437094,-0.018661920178575292,False,0.30303814907100457,-0.7285254640947905,1.1194080179871297,False,0.25,0.9459871830007025,0.07881258360226555,1.871527911380129,0.01666666666666683,True,False,1.1194080179871297,0.0783980797472964,-0.029442108575677212,0.9288994005481688,-0.27975359559059143,-0.029474992808059732,False,0.025,False,False,-0.0004702121135059272,impact,True,success_unloaded
S,sac,0,SS3,132,1332772073,success,dwell_complete,0.3083158142721188,1.1958333333333333,False,1.1958333333333333,True,36,4,0,0,0,15,0,0,0,0,4,-0.4700263738632202,0,120,121,-0.36180477738380434,-0.37135101212763094,-0.341047618639752,0.010065520508254058,False,0.350886117691535,-0.23928649200449417,1.028596203761051,False,0.75,0.5764425594713284,-0.026036797269824375,2.35158454092687,0.016666666666666607,True,True,0.42572467804142095,-0.026278581509708073,0.15126854886085653,1.2927904471296074,-0.7681826055049896,-0.00822483580854069,False,0.008333333333333333,False,False,3.215071738104417e-05,impact,True,success_unloaded
S,sac,0,SS3,134,770293282,success,dwell_complete,0.32882893898765275,1.0916666666666666,False,1.0916666666666666,True,34,3,0,0,0,14,0,0,0,0,3,-0.6461208164691925,0,120,122,-0.3438036203384399,-0.35383472679518985,-0.335525767229706,-0.00524776262942062,False,0.3302662676540134,-1.0886710975100702,0.83056076052105,False,0.625,0.5775382089712818,-0.06535896052968707,2.845776456323817,0.025000000000000133,True,True,0.42572467804142095,-0.06396953511474603,0.1502580864380267,1.3980776241598467,-0.7729230523109436,0.043220465335531866,True,0.0,False,False,9.011960823391741e-05,impact,False,
S,sac,0,SS3,136,52561716,success,dwell_complete,0.33888891622906586,1.25,False,1.25,True,38,0,0,0,0,15,0,0,0,0,0,-0.7161680459976196,0,120,124,-0.3354623973369598,-0.3525356371701122,-0.4099894254436222,-0.07163244072839052,False,0.33829746128913385,-1.2145636394115047,0.8980248595180197,False,0.375,0.7209122914642951,-0.21588892567690945,1.6202379378011906,0.016666666666666607,True,False,0.8980248595180197,-0.21185216298460205,0.021295317840113237,0.9601192835460536,-0.4561396837234497,0.020447238267096875,True,0.0,False,False,0.001081831238524724,impact,False,
S,sac,0,SS3,142,538582925,success,dwell_complete,0.3191013352041677,1.1916666666666667,False,1.1916666666666667,True,36,0,0,0,0,15,0,0,0,0,0,-0.539078414440155,0,120,122,-0.33736651539802553,-0.3301835127080102,-0.32775812079531247,-0.0034304422956023296,False,0.32449090246989387,-1.2408025981057247,1.0496009265118946,False,0.625,0.6596782712178486,0.017593418219545118,2.716360250990236,0.02083333333333326,True,True,0.42572467804142095,0.017504220441006614,0.15246072035995706,1.4601928357373077,-0.6443971395492554,-0.012593247255779458,False,0.0125,False,False,1.386678481500746e-05,impact,True,success_unloaded
S,sac,0,SS3,144,1170825572,success,dwell_complete,0.3775108715859079,1.0958333333333332,False,1.0958333333333332,True,33,6,0,0,0,15,0,0,0,0,4,-0.968985915184021,0,120,121,-0.42620270848274233,-0.42552716498317716,-0.29421104229643874,0.07345746987887805,False,0.36767044527481557,-1.6205979453904173,0.7470350761830129,False,0.75,0.5060522775768189,-0.13838404317072223,3.017388921736989,0.025000000000000133,True,True,0.42572467804142095,-0.17057114149820365,0.1473805425196637,1.4014062893488557,-0.8764782249927521,0.06483015410100804,True,0.0,False,False,0.00011863888873123098,impact,False,
S,sac,0,SS3,156,1593741725,success,dwell_complete,0.30075779808256414,1.175,False,1.175,True,36,6,0,0,0,15,4,0,0,0,6,-0.7144002020359039,0,120,126,-0.37390748858451844,-0.37096602137000356,-0.3055810069353963,0.02030623913057593,False,0.3371376270343236,-0.5154733399263608,1.1259152362757652,False,0.125,1.038391416496472,0.08713794517138007,2.3046026303068756,0.029166666666666563,True,True,0.42572467804142095,0.08517131628752256,0.15376587929787397,1.4553582560328882,-0.7781699895858765,-0.031467299847421415,False,0.029166666666666667,False,False,-5.981127913506776e-05,impact,True,success_unloaded
S,sac,0,SS3,187,1530772550,success,dwell_complete,0.30115385016963453,1.1791666666666667,False,1.1791666666666667,True,36,9,0,0,0,15,0,0,0,0,9,-0.586732417345047,0,120,125,-0.3886698424816132,-0.3607075432042425,-0.3438935760456745,-0.016229053659297988,False,0.3274196831644762,-0.5512731940221441,1.0365476734749457,False,0.25,0.8838419246165645,0.09563580992699879,2.2429851266899314,0.02083333333333326,True,False,1.0365476734749457,0.097243455073484,-0.0069971961806494535,1.140430889823859,-0.3253805637359619,-0.007099620838453404,False,0.025,False,False,0.0001086617676443449,impact,True,success_unloaded
S,sac,0,SS3,191,1615938081,success,dwell_complete,0.2933868569941588,1.1583333333333332,False,1.1583333333333332,True,35,1,0,0,0,15,0,0,0,0,1,-0.7687647342681885,0,120,122,-0.34662793278694154,-0.3445815416064592,-0.3198169345153375,-0.0019535931764119267,False,0.31785813857733247,-0.6080919654256715,0.9766792486454735,False,0.625,0.6323326420179406,0.0010741706225349643,2.238782419648227,0.012500000000000178,True,True,0.42572467804142095,0.0011819253811173704,0.1520022395006832,1.0363531882999661,-0.6733056306838989,0.006213368014874994,True,0.0,False,False,1.0467900973402635e-05,impact,False,
S,sac,0,SS3,198,108547188,success,dwell_complete,0.2315274116648571,1.1083333333333334,False,1.1083333333333334,True,35,18,0,0,0,14,0,0,0,0,14,-0.48625901341438293,0,112,126,-0.5314786195755005,-0.444672944207149,-0.20234304548739815,0.046602409772067054,False,0.2482606289371044,-0.5142243189468839,1.1318947864202475,False,0.0,1.049925293522605,0.7159900833513746,1.953125483672774,0.033333333333333215,False,False,0.47613884323910693,0.6784887932106469,0.15693370338566284,1.1659898357478897,-0.4261305034160614,-0.016115705740969228,False,0.029166666666666667,False,False,-0.0015359292949570617,other,True,success_unloaded
S,sac,0,SS3,199,1565262016,success,dwell_complete,0.36789212454869813,1.2875,False,1.2875,True,39,8,0,0,0,15,9,0,0,0,8,-0.2825083734401017,0,48,123,-0.5050939321517944,-0.513048515274226,-0.39016658502901247,-0.01937364085439436,False,0.37058501870567784,-1.140224721871224,0.9544385278081919,False,0.5,0.6900816029248064,-0.09676678384784751,1.9646245883155857,0.008333333333333304,True,False,0.9544385278081919,-0.09784028852777678,0.009435197654559352,0.8633631251260864,-0.40824025869369507,0.009375742198891234,True,0.0,False,False,-1.9436845250481527e-05,impact,False,
S,sac,0,SS4,15,217668846,success,dwell_complete,0.33056787468477555,1.5041666666666667,False,1.5041666666666667,True,46,5,0,0,0,15,7,1,0,0,5,-0.7536623775959015,0,120,127,-0.22028234601020813,-0.288147454521346,-0.4281537715026496,-0.0766905537135819,False,0.3520232993687157,-0.807102203815051,0.7588550263912825,False,0.0,0.7588550263912825,-0.5921486190679476,2.075164952729757,0.008333333333333304,True,False,0.7588550263912825,-0.6021268634267994,0.04739420863472543,0.9116527047526326,-0.5595062077045441,0.04704146335463899,True,0.0,False,False,0.0009058403062334697,impact,False,
S,sac,0,SS4,16,696548069,success,dwell_complete,0.3553467536806825,1.1875,False,1.1875,True,36,16,0,0,3,15,3,0,0,0,12,-0.6888513565063477,0,112,123,-0.3721687614917755,-0.3487242661291495,-0.2726681464479465,0.08503346690318844,False,0.36167184144756126,-1.1959715473818673,0.9163466631412177,False,0.0,0.7330621937363226,0.2152517621590075,2.646096041918554,0.02083333333333326,True,False,0.5497777243314276,0.2018720111229112,0.12456677579092969,1.2304707359318598,-0.49418386816978455,0.028025259817192102,True,0.0,False,False,-0.00045495456834550557,impact,False,
S,sac,0,SS4,23,2087876775,success,dwell_complete,0.2777327361299438,1.3125,False,1.3125,True,40,3,0,0,0,15,4,0,0,0,3,-0.3894191086292267,0,64,125,-0.32309864163398744,-0.27378701058835353,-0.3580781620517093,-0.06336153706695602,False,0.2948102163071737,-0.613682986646004,0.9552979164251993,False,0.0,0.8669705692623233,0.02257450273486987,1.988558801006018,0.02083333333333326,True,False,0.9552979164251993,0.025535652891925033,0.012276141816046278,0.9908985779399483,-0.3781508803367615,0.012104717731126228,True,0.0,False,False,0.0003220220562355888,impact,False,
S,sac,0,SS4,25,1955270286,success,dwell_complete,0.3580689292449301,1.55,False,1.55,True,47,0,0,0,0,15,9,0,0,0,0,-0.414754182100296,0,48,124,-0.31132653951644895,-0.2989307405511771,-0.5109860834745564,-0.1545652683605181,False,0.3582790433454209,-1.7277716061319353,0.9860793925053725,False,0.0,0.8190996501637038,-0.320009045137458,2.386065653446688,0.02499999999999991,True,False,0.5408000795942557,-0.2944446850667007,0.11344262330627082,1.1482532376869683,-0.6851259469985962,-0.005435128846945083,False,0.020833333333333332,False,False,0.0012718243085918816,impact,True,success_unloaded
S,sac,0,SS4,35,1846185832,success,dwell_complete,0.35429149819184336,1.1458333333333333,False,1.1458333333333333,True,35,0,0,0,0,15,6,0,0,0,0,-0.5555320625843087,0,120,125,-0.37230871319770814,-0.388681465867792,-0.41118447426502247,-0.04911899380457374,False,0.36008189497676646,-1.1239325092610888,0.9513918302526317,False,0.25,0.819975042199829,-0.24035055352892531,1.7373005931672367,0.025000000000000133,True,True,0.42572467804142095,-0.23385494857141606,0.14549804942344707,1.0989709393883345,-0.5643931925296783,0.0062075588767933915,True,0.0,False,False,0.0003800911789175897,impact,False,
T,sac,0,SS4,54,808782699,success,dwell_complete,0.38868850049063003,1.0958333333333332,False,1.0958333333333332,True,33,8,0,0,0,15,7,0,0,0,7,-0.6839762320009657,0,112,121,-0.5455132067203522,-0.5575243199627404,-0.4969974695899822,-0.06459980973895856,False,0.42966323754129554,-0.4706202738757808,1.1054835604622488,False,0.75,0.5956643986466279,-0.20148005855001166,6.318667652331404,0.050000000000000044,False,False,0.5141317390748739,-0.16774611549888815,0.12383790422317893,2.2839993031649666,-0.4151933491230011,-0.03309703790245678,False,0.008333333333333333,False,False,0.0005243651188343732,other,True,success_unloaded
S,sac,0,SS4,57,1109774061,success,dwell_complete,0.26856297322455813,1.1083333333333334,False,1.1083333333333334,True,34,7,0,0,0,15,5,0,0,0,7,-0.5751140713691711,0,120,126,-0.3859708487987518,-0.39162890837351616,-0.18476396068024994,0.09468090350574047,False,0.28241217426980075,-0.4132828600851007,0.7643581299866741,False,0.125,0.7220289484935174,0.2776093676167054,1.6006668252412424,0.012499999999999956,True,False,0.7643581299866741,0.28387143030324125,0.07000838276761821,1.015921449443145,-0.3011495769023895,0.06904840982850916,True,0.0,False,False,-0.000855657380992007,impact,False,
S,sac,0,SS4,59,1875727330,success,dwell_complete,0.357011453925522,1.0708333333333333,False,1.0708333333333333,True,33,9,0,0,0,15,0,0,0,0,8,-0.5871157050132751,0,120,127,-0.5170846700668335,-0.4207036551239593,-0.44695449027039136,-0.07830500714010767,False,0.36953717524887775,-1.1894375835575504,1.0926615359075085,False,0.0,1.0926615359075085,0.29607911204476056,1.846379701789404,0.02499999999999991,True,False,1.0926615359075085,0.3059903073372132,-0.016253098577332776,0.8109353655254193,-0.40535205602645874,-0.01648708840638554,False,0.03333333333333333,False,False,0.000406997057813791,impact,True,success_unloaded
S,sac,0,SS4,69,1916697051,success,dwell_complete,0.33798925848752315,1.2375,False,1.2375,True,38,13,0,0,1,15,0,0,0,0,12,-0.4222337007522583,0,120,127,-0.37796859741210936,-0.3779453219939024,-0.3616576906671939,0.006110769412059897,False,0.3679467379415927,-0.414976782998962,0.8622274295221805,False,0.0,0.8622274295221805,0.03466702369175256,1.864433510042942,0.008333333333333304,True,False,0.8622274295221805,0.03403991645140449,0.03740987175023945,1.1358997540418059,-0.4367128014564514,0.03734935864705873,True,0.0,False,False,-9.714730010938972e-06,impact,False,
S,sac,0,SS4,81,1069232166,success,dwell_complete,0.2747344599550205,1.4416666666666667,False,1.4416666666666667,True,44,1,0,0,0,15,0,0,0,0,0,-0.7352047562599182,0,120,126,-0.2877229809761047,-0.2926695637099125,-0.4308904417196736,-0.1112170251019939,False,0.32040802612327346,-0.17512402019278353,1.0680307910628168,False,0.125,0.9877425269351423,-0.24653511618399676,2.057333264151013,0.016666666666666607,True,False,1.0680307910628168,-0.23969197752439853,-0.024447859385961994,0.9871176276994765,-0.3941999673843384,-0.025819553139731874,False,0.029166666666666667,False,False,0.0006965222183586675,impact,True,success_unloaded
S,sac,0,SS4,85,2081940702,success,dwell_complete,0.26731420521443244,1.3291666666666666,False,1.3291666666666666,True,40,12,0,0,1,15,0,0,0,0,11,-0.3706151247024536,0,72,121,-0.3831522047519684,-0.3387224201993512,-0.32639365307952284,-0.032918994004506624,False,0.2929465598861788,-0.4609479438070684,1.1365333222826142,False,0.0,0.6218270366448005,0.2243934488383575,1.9016363562695808,0.025000000000000133,True,False,0.4502582747655293,0.22968287030663,0.15168071976777472,1.1871710908000876,-0.6063718199729919,-0.029753325472000797,False,0.008333333333333333,False,False,4.520961721975355e-05,impact,True,success_unloaded
S,sac,0,SS4,89,1460784246,success,dwell_complete,0.23340295056859595,1.2625,False,1.2625,True,38,6,0,0,0,15,1,0,0,0,6,-0.535692036151886,0,120,121,-0.394532585144043,-0.3743915807229452,-0.2623101407288936,0.006142479442766883,False,0.26655819294044436,-0.16807682751572645,1.0709311120717353,False,0.75,0.5870262865489996,0.1106759825982459,2.465071250003582,0.029166666666666785,True,True,0.42572467804142095,0.11002620878094266,0.15486763660244035,1.1875708648774634,-0.6354764729663777,-0.015018757685684357,False,0.008333333333333333,False,False,7.462605542605647e-05,impact,True,success_unloaded
S,sac,0,SS4,94,1246638828,success,dwell_complete,0.37300473192156924,1.0,False,1.0,True,30,5,0,0,0,15,13,0,0,0,5,-0.8644474446773529,0,120,120,-0.5851248323917388,-0.5362576218790215,-0.247670521412062,0.12410785915167244,False,0.37318528909053605,-1.4572018044506034,0.8727002808244009,False,0.875,0.4815966283892934,0.8201776843415629,2.731224817349228,0.02083333333333326,True,True,0.42572467804142095,0.7990904356500567,0.17355389287040407,1.4283537184659119,-0.8644474446773529,0.05755360604724567,True,0.0,False,False,-0.0025196580786746364,impact,False,
S,sac,0,SS4,111,1101765951,success,dwell_complete,0.28107064920493496,1.4791666666666667,False,1.4791666666666667,True,45,10,0,0,0,15,13,0,0,0,10,-0.3984219831340952,0,64,125,-0.3303922176361084,-0.2623199121925526,-0.4389305344306437,-0.13140517795965664,False,0.3107534073588344,-0.3448904588123518,0.9734783510695512,False,0.0,0.864875334481599,0.09882330410103048,1.9807460314346832,0.012499999999999956,True,False,0.9734783510695512,0.09427460642908092,0.009508840559551934,0.9144695350318666,-0.4590262770652771,0.008780154070229994,True,0.0,False,False,0.0007037862613878199,impact,False,
S,sac,0,SS4,123,1422627062,success,dwell_complete,0.2740541842540148,1.0541666666666667,False,1.0541666666666667,True,32,10,0,0,6,15,2,0,0,0,10,-0.654718279838562,0,120,123,-0.6622641861438752,-0.44135069285918094,-0.5387339970115177,-0.2486815475601601,False,0.29009164542737165,-0.6515525578303355,1.1495352438321171,False,0.5,0.7876299609367691,0.6714891222656821,3.3788343578871944,0.054166666666666696,False,True,0.42572467804142095,0.7776090148019495,0.17294511278873467,0.9351454408030049,-0.7938451043757115,-0.021432331884826662,False,0.016666666666666666,False,False,0.0011661207320270532,post_contact_idle,True,success_unloaded
S,sac,0,SS4,135,1161446768,success,dwell_complete,0.35528135409961026,1.0166666666666666,False,1.0166666666666666,True,32,14,0,0,0,14,0,0,0,0,12,-0.6158400624990463,0,112,124,-0.5815913712024101,-0.5546398737350443,-0.2419855888294562,0.1269776923008756,False,0.37012587002106234,-0.8786730733532553,0.9408024555407517,False,0.0,0.7947222499256466,0.4908258721430127,3.723782757127804,0.04166666666666674,False,False,0.5512552405671378,0.4246863184716255,0.1302277108400254,2.051951879756121,-0.4715430736541748,0.029433431654077878,True,0.0,False,False,-0.0014780507194574234,other,False,
S,sac,0,SS4,140,451247318,success,dwell_complete,0.2533202081145569,1.1583333333333332,False,1.1583333333333332,True,35,4,0,0,0,15,7,0,0,0,4,-0.4379277527332306,0,112,122,-0.5005195260047912,-0.42848952874029084,-0.30236448393003057,-0.029663532531136107,False,0.27737184053516356,-0.3790986415216969,0.8446058638849687,False,0.0,0.6090361875574848,0.2964211632855331,0.8031037390713877,0.07083333333333353,False,True,0.42572467804142095,0.31161106211576745,0.16035268998166888,0.25529622216847647,-0.931732177734375,0.04897132649132784,True,0.0,False,False,0.0004574465038290702,post_contact_idle,False,
S,sac,0,SS4,145,1286322466,success,dwell_complete,0.3574987951711762,1.45,False,1.4458333333333333,True,44,6,0,0,0,15,14,0,0,0,6,-0.32527685473346024,0,40,124,-0.33917276859283446,-0.3121693002020615,-0.5243006546588336,-0.10711053827668615,False,0.4173749606830404,0.21626619014383466,1.0299591068192377,False,0.375,0.8033711960275564,-0.2112503597276283,2.5957289558857513,0.008333333333333304,True,False,1.0299591068192377,-0.22000165958249776,-0.01392867982353723,1.415839902102494,-0.513910710811615,-0.014286444697848127,False,0.020833333333333332,False,False,0.0011431688200979342,impact,True,success_unloaded
S,sac,0,SS4,147,1697022180,success,dwell_complete,0.258580964324202,1.7291666666666667,False,1.7291666666666667,True,52,0,0,0,0,15,9,0,0,0,0,-0.6253082156181335,0,88,121,-0.24939662218093872,-0.2191863059291116,-0.3637474062377737,-0.0675643430419131,False,0.30021873691158607,-0.23767157547957957,1.0705124812019373,False,0.75,0.58692162883155,-0.0768128871963861,2.7112704821041755,0.03749999999999987,False,True,0.42572467804142095,-0.06674424302853806,0.14747793064948408,1.3686696890453638,-0.8807389464499027,-0.0218786264596807,False,0.008333333333333333,False,False,0.0028120397298136415,post_contact_idle,True,success_unloaded
S,sac,0,SS4,157,990009387,success,dwell_complete,0.30472119179853285,1.1208333333333333,False,1.1166666666666667,True,34,1,0,0,0,15,5,0,0,0,1,-0.6414033472537994,0,120,123,-0.34432786107063296,-0.3694209710493967,-0.3848065154009507,-0.012648895011900255,False,0.3721482456737783,0.3810685141742344,1.1366345002026106,False,0.5,0.7811795891220157,-0.1771455473014679,1.3629817170335115,0.016666666666666607,True,True,0.42572467804142095,-0.1770399952634851,0.14685503234973352,0.7179108760986129,-0.9168598651885986,-0.04125603611906155,False,0.016666666666666666,False,False,6.609711885577756e-05,impact,True,success_unloaded
S,sac,0,SS4,161,846331680,success,dwell_complete,0.27541468373963135,1.0208333333333333,False,1.0208333333333333,True,31,7,0,0,0,15,6,0,0,0,5,-0.8067304400424461,0,120,123,-0.5185132976341527,-0.4670939903448806,-0.28329544016281116,-0.007033415567674838,False,0.2835728171270724,-1.0504076790849295,1.0983582173035804,False,0.5,0.7620414476725006,0.21934317201125084,2.2166872461461438,0.029166666666666785,True,True,0.42572467804142095,0.22024534983135088,0.15772152770578146,1.1856850307059312,-0.7339115738868713,-0.020152635985078122,False,0.016666666666666666,False,False,0.0002928107917393757,impact,True,success_unloaded
S,sac,0,SS4,162,1307500521,success,dwell_complete,0.33165868395545717,1.2416666666666667,False,1.2416666666666667,True,38,6,0,0,0,15,0,0,0,0,6,-0.594091147184372,0,120,126,-0.34151012301445005,-0.3582088801161264,-0.3448975827984916,0.0006386823965939391,False,0.34615038473131604,-0.796946893206849,0.8817290518596641,False,0.125,0.8247285051323838,-0.07282044772383876,1.1839893488781443,0.012499999999999956,True,False,0.8817290518596641,-0.07312309553634265,0.029282150897062362,0.7811336520658759,-0.40517404675483704,0.029237118647897728,True,0.0,False,False,7.849749553949152e-05,impact,False,
S,sac,0,SS4,176,927760525,success,dwell_complete,0.31304614523511065,1.4458333333333333,False,1.4458333333333333,True,44,6,0,0,0,15,0,0,0,0,6,-0.4365772604942322,0,96,125,-0.32177271246910094,-0.32806112429406337,-0.4471545607125133,-0.0931504968125459,False,0.35461695083992023,-0.014866962526789524,0.8990368161018969,False,0.0,0.7881485872375356,-0.08631500887983781,2.15361726871752,0.008333333333333304,True,False,0.8990368161018969,-0.10043442688641267,0.024034797413850225,1.311465173414598,-0.49458879232406616,0.02345332573453038,True,0.0,False,False,0.00035911536650368045,impact,False,
S,sac,0,SS4,188,638130436,success,dwell_complete,0.3268943637941146,1.2666666666666666,False,1.2666666666666666,True,38,7,0,0,0,15,0,0,0,0,7,-0.6605241000652313,0,112,120,-0.37278673648834226,-0.3501236363028106,-0.3383858259284534,0.00025669223899369434,False,0.3379352038191015,-1.0383298549347473,0.9375617833998272,False,0.0,0.5493791054641053,0.08465003341263956,2.8695354629872383,0.02083333333333348,True,False,0.4939244371875735,0.08309703568018437,0.13615002991919437,1.4648638954574835,-0.6214122176170349,0.019304485791662412,True,0.0,False,False,0.0003818348234491067,impact,False,
S,sac,0,SS4,189,479807060,success,dwell_complete,0.30673090428548955,1.2,False,1.2,True,36,5,0,0,0,15,5,0,0,0,5,-0.4408498167076707,0,104,120,-0.5255413353443146,-0.44270755189779903,-0.3981550913190978,-0.07041811810642841,False,0.3251359297806362,-1.0321521875331463,1.2090921058966861,False,0.875,0.5236456065233291,0.1434915975896959,3.1978310276955235,0.029166666666666785,True,True,0.42572467804142095,0.1498790838661856,0.15589376235067512,1.6222584420760366,-0.7904765009880066,-0.04987432508216299,False,0.004166666666666667,False,False,0.0004373071805409416,impact,True,success_unloaded
S,sac,0,SS4,194,2027452974,success,dwell_complete,0.30519851245206475,1.1166666666666667,False,1.1166666666666667,True,34,9,0,0,0,15,0,0,0,0,8,-0.7434618473052979,0,120,124,-0.5839879932019205,-0.5721348255596653,-0.34884894880724604,-0.030165635445648393,False,0.31870272117841875,-0.849407161891674,1.0615393330674365,False,0.375,0.8231088374326806,0.06536552841677269,2.4733124761732226,0.016666666666666607,True,False,1.0615393330674365,0.06713425981373199,-0.01441243082726962,1.2237308787061163,-0.325182169675827,-0.01471630402803463,False,0.020833333333333332,False,False,0.00014173754638348605,impact,True,success_unloaded
S,sac,0,SS5,8,1065105648,success,dwell_complete,0.3931497690883634,1.5791666666666666,False,1.5791666666666666,True,48,1,0,0,0,15,5,0,0,0,1,-0.5524532496929169,0,112,125,-0.24749252796173096,-0.26106792766262915,-0.4909323776564263,-0.10014623908847449,False,0.39016742244825336,-1.4997655954233313,0.7979820958595764,False,0.25,0.7049177414050375,-0.45132408256530887,3.064223030548399,0.029166666666666785,True,True,0.42572467804142095,-0.4386577278110879,0.13871807811793907,1.6597146370600016,-0.944045950117333,0.039944458525172685,True,0.0,False,False,0.0006753397118011169,impact,False,
S,sac,0,SS5,17,419316027,success,dwell_complete,0.3198463788364823,1.1333333333333333,False,1.1333333333333333,True,34,2,0,0,0,15,3,0,0,0,2,-0.4195184111595154,0,64,120,-0.34729066491127014,-0.3134732064447032,-0.2996362875132877,0.044731536933272725,False,0.3445058958229199,-0.762408960988286,0.9773040475024792,False,0.875,0.4946720992240532,0.24585089101941215,2.511033700433364,0.02499999999999991,True,True,0.42572467804142095,0.22978265316358057,0.1581896668632337,1.3775742555231234,-0.6761307120323181,0.014132494233971043,True,0.0,False,False,-0.0009002804968686123,impact,False,
S,sac,0,SS5,18,1615341671,success,dwell_complete,0.3489346771065455,1.0166666666666666,False,1.0166666666666666,True,31,12,0,0,1,15,3,0,0,0,12,-0.4550431966781616,0,120,124,-0.6403384685516358,-0.49178326297058594,-0.4403491400315475,-0.07830341387162885,False,0.3580750894143186,-1.358521609349608,1.045767098396149,False,0.375,0.8132511907631259,1.2381325921801802,2.0466007997929783,0.02083333333333348,True,True,0.42572467804142095,1.2507815307130787,0.18554080282524482,0.9455581308404348,-0.856030136346817,0.020983581988919274,True,0.0,False,False,-0.001357394179241104,impact,False,
T,sac,0,SS5,19,210838646,off_pad,dwell_complete,0.6294217631850569,1.3833333333333333,False,1.3833333333333333,True,42,5,0,0,0,15,11,0,1,0,1,-0.6172620074491445,0,120,124,-0.668528414418658,-0.7212103665629558,-0.5090020679914147,0.17450014767709301,False,0.6563715736050605,-1.4650582260770184,0.6759517775256078,False,0.375,0.5821166152190377,0.310111019673115,5.610670538291022,0.02499999999999991,True,True,0.42572467804142095,0.2940080669369395,0.1574100422429028,3.07412510614541,-0.8478387806379576,0.09146449902876296,True,0.0,False,True,0.007051234748536878,impact,False,
S,sac,0,SS5,20,702950301,success,dwell_complete,0.36035896655689886,0.9291666666666667,False,0.9291666666666667,True,28,5,0,0,0,15,1,0,0,0,5,-0.3227830231189728,0,64,121,-0.5000529706478118,-0.33581095504334463,-0.4991535395451909,-0.1254199762346021,False,0.3757777014022369,-1.2694908376637573,0.9345513616807992,False,0.0,0.7432089396846913,0.5191409698863112,1.2972367618389862,0.012499999999999956,True,False,0.6794281323526553,0.5169119488333818,0.09790347698842418,0.8060748640342857,-0.6147137582302094,0.02998604232836557,True,0.0,False,False,0.0009101000767150342,impact,False,
T,sac,0,SS5,21,772281926,hard_landing,dwell_complete,0.5794602221425723,1.225,False,1.2208333333333332,True,37,9,0,0,0,15,13,4,4,0,8,-0.7329231673580245,0,120,122,-0.3501631498336792,-0.46710780783715705,-0.525972500564779,0.1360032835203805,False,0.6594374605467577,1.0949067829014167,0.6309389803238434,False,0.625,0.5026800413973294,-0.23510946855336484,5.45508321636099,0.008333333333333304,True,False,0.6309389803238434,-0.22293163657254822,0.09143383497123371,2.331444144416763,-0.6482967138290405,0.09143383497123371,True,0.0,False,True,-0.0011554028940901104,impact,False,
T,sac,0,SS5,27,627675693,hard_landing,dwell_complete,0.3336331888913978,1.925,False,1.925,True,58,13,0,0,0,15,6,0,0,0,7,-0.5297180414199829,0,40,122,-0.40095986127853395,-0.280569293669483,-0.5792604476110694,-0.21159422179213783,False,0.3744042398797244,-0.4327980434381503,0.6226959760774176,False,0.0,0.7850269781322458,0.03227333921137274,5.493186760894442,0.5083333333333331,False,True,0.42572467804142095,0.6620140382904236,0.16940299890856403,2.7742639965484766,-0.5901689371013811,-0.2922832648252745,False,0.03333333333333333,False,False,0.10878468077744673,post_contact_idle,False,
S,sac,0,SS5,30,1268272897,success,dwell_complete,0.23293703936270208,1.0541666666666667,False,1.0541666666666667,True,33,7,0,0,0,14,1,0,0,0,7,-0.8945348560810089,0,112,123,-0.678079080581665,-0.6008448047570811,-0.38076966676914686,-0.11918680413428116,False,0.25977102633553406,-0.16010014972764997,1.0694458990681757,False,0.0,0.8116867259008076,0.042369206304515926,1.9593241425910564,0.033333333333333215,False,False,0.5539275527334395,0.06572250544750916,0.11969933685370464,1.0003487829308664,-0.5836635231971741,-0.01718466700715296,False,0.016666666666666666,False,False,0.0008151489209662805,other,True,success_unloaded
S,sac,0,SS5,33,714116886,success,dwell_complete,0.24606253187151444,1.1125,False,1.1125,True,34,7,0,0,0,15,8,0,0,0,7,-0.7817365446152044,0,120,125,-0.3723192572593689,-0.30620394625982084,-0.27345912527338717,-0.03246516785558852,False,0.24416728657510373,-0.9767508520577584,0.928111434145972,False,0.25,0.8025147451198342,0.20807918694621236,2.0370291183133595,0.029166666666666563,True,True,0.42572467804142095,0.21156655619222497,0.15757973677498735,1.0469119040492638,-0.961749404668808,0.02458188534665378,True,0.0,False,False,0.00044763201954997096,impact,False,
T,sac,0,SS5,42,947157542,hard_landing,dwell_complete,0.716742744340918,1.4958333333333333,False,1.4958333333333333,True,45,5,0,0,0,15,11,0,0,0,5,-0.6825941930072065,0,112,121,-0.4638498485088348,-0.5313091813913428,-0.6790552211955749,0.07354105492704337,False,0.7690069769900558,-0.9624958748925494,0.6647349251614184,False,0.0,0.7794672134230561,-0.07772703074869408,7.541200209061949,0.029166666666666563,True,False,0.8177113095102687,-0.08510168102590084,0.0455932057613791,3.1650511260332372,-0.6849127019974292,0.045501500976710935,True,0.0,False,True,-0.00037546647125595535,impact,False,
T,sac,0,SS5,43,72377074,hard_landing,dwell_complete,0.667520467854076,1.2541666666666667,False,1.2541666666666667,True,38,5,0,0,1,15,3,0,0,0,0,-0.285332590341568,0,88,123,-0.49170179963111876,-0.5688742712601339,-0.5948959406595988,0.12823630852048803,False,0.7276984291416134,-0.9649942223895008,0.68706186384882,False,0.5,0.5563932709451205,-0.021956161766264828,6.099096876613482,0.016666666666666607,True,True,0.42572467804142095,-0.025035526491093273,0.1500207615769011,2.8028632425463527,-0.8040826320648193,0.08112112462244411,True,0.0,False,True,-0.0009025410976689425,impact,False,
T,sac,0,SS5,45,1714613756,success,dwell_complete,0.4670495667822356,1.875,False,1.875,True,57,5,0,0,0,15,13,0,0,0,2,-0.5999699292905003,0,88,126,-0.9087497148889738,-0.6986934714523104,-0.6401257249261413,-0.14340935430366072,False,0.49394467648342333,-0.9353791830068182,0.6394161039147358,False,0.0,0.6237708758601199,0.48271334691450757,5.554073391169674,0.02499999999999991,True,False,0.6394161039147358,0.49120627771937325,0.10673695268806126,2.26016068921107,-0.7334736864327552,0.060407231795193264,True,0.0,False,False,0.06401988408932595,impact,False,
T,sac,0,SS5,58,918886192,hard_landing,dwell_complete,0.5555785579097798,1.1625,False,1.1625,True,35,7,0,0,0,15,4,0,0,0,6,-0.9782314896583557,0,120,121,-0.23850476145744323,-0.34478014439942795,-0.37596841893240546,0.247298803694883,False,0.6243660396402345,-0.4291361244517895,0.7962183874390627,False,0.75,0.5183481053908314,-0.40566422459804574,5.086454896936134,0.02499999999999991,True,True,0.42572467804142095,-0.46449979196456836,0.1395364861624214,2.699754580717427,-0.6742674708366394,0.0455889743916672,True,0.0,False,True,0.0005790250488115142,impact,False,
S,sac,0,SS5,64,277549337,success,dwell_complete,0.3031620176954969,1.3625,False,1.3625,True,41,5,0,0,0,15,1,0,0,0,4,-0.7735552489757538,0,120,121,-0.5046593427658081,-0.36618473147445807,-0.6496947475066129,-0.3296359631244535,False,0.32186652991210196,-0.5471859310325315,1.049292049195563,False,0.75,0.5816165208299564,0.6211752544491767,2.6571376698708016,0.050000000000000044,False,True,0.42572467804142095,0.8340737895927463,0.17447959635072557,0.7418627253343294,-0.8538621068000793,0.0014578253864244218,True,0.0,False,False,0.0014438204518642057,post_contact_idle,False,
T,sac,0,SS5,72,543613583,success,dwell_complete,0.28576372549795653,0.8916666666666666,False,0.8916666666666666,True,27,7,0,0,0,15,3,0,0,0,7,-0.5330484509468079,0,112,122,-0.8381596744060517,-0.5477627938864724,-0.5616489722347109,-0.25683277266393145,False,0.29512276149205163,-0.9217901309033012,1.102531261100699,False,0.0,0.6908364979148777,1.7299782946456475,5.333723879841413,0.07500000000000007,False,True,0.42572467804142095,2.1371017028396646,0.20951650243471537,2.6517166395985314,-0.741610586643219,0.018994860511033895,True,0.0,False,False,-0.002870120409039413,post_contact_idle,False,
S,sac,0,SS5,73,66480997,success,dwell_complete,0.462589943466922,1.2125,False,1.2125,True,37,6,0,0,0,15,9,0,0,0,6,-0.8071643837829258,0,120,125,-0.2945593953132629,-0.3610260747095405,-0.5149435461836116,-0.008240828919864135,False,0.49500275483670275,-1.3174205166014208,1.254201083231753,False,0.25,1.04708198193417,-0.3623013020427819,2.6005944943175345,0.02083333333333348,True,False,1.254201083231753,-0.36185596681141297,-0.07796706762039948,1.2772615918828443,-0.4071950912475586,-0.07800430643359388,False,0.025,False,False,-2.2606298341764843e-05,impact,True,success_unloaded
T,sac,0,SS5,74,410839760,success,dwell_complete,0.26004432245184633,0.9291666666666667,False,0.9291666666666667,True,28,0,0,0,0,15,1,0,0,0,0,-0.6494579315185547,0,120,121,-0.5769670724868774,-0.38096505331495056,-0.38586011506399387,-0.11784762570660057,False,0.2689532983902389,-0.5915215152880635,0.939692802495315,False,0.75,0.5542167091548945,0.8007502092000274,5.49030517508089,0.0708333333333333,False,True,0.42572467804142095,0.8117699578800852,0.1738672125669722,1.8838298340999682,-0.8479350507259369,0.03810378733072574,True,0.0,False,False,2.0149449784957553e-05,post_contact_idle,False,
S,sac,0,SS5,80,1856283101,success,dwell_complete,0.34121052642450855,1.2416666666666667,False,1.2416666666666667,True,38,10,0,0,0,15,14,0,0,0,10,-0.29858577960119814,0,88,126,-0.4547733664512634,-0.4369706543282662,-0.302076840008145,0.0512290226702976,False,0.3515880524153578,-0.5783539394269147,0.6150550833959403,False,0.125,0.5913887827266254,0.22621793775804627,2.908853648972156,0.02499999999999991,True,False,0.6150550833959403,0.2179880266388967,0.10766865360888463,1.408354041674846,-0.4827316403388977,0.10766865360888463,True,0.0,False,False,-0.0003449854180357666,impact,False,
S,sac,0,SS5,82,1159581122,success,dwell_complete,0.2759707507793029,1.8916666666666666,False,1.8916666666666666,True,57,8,0,0,0,15,11,0,0,0,8,-0.9216216421647206,0,96,122,-0.3103629410266876,-0.23723927882221987,-0.6635158349746431,-0.36943151567046045,False,0.2984403666959162,-0.1714567556094113,0.8954422793975619,False,0.625,0.6018687785499738,-0.03147294189173451,2.8850713417941285,0.050000000000000044,False,True,0.42572467804142095,0.2327679803382519,0.15819648919861934,1.3369964809770511,-0.906492542628472,0.023781504582310715,True,0.0,False,False,0.002532720492375828,post_contact_idle,False,
T,sac,0,SS5,94,202085693,success,dwell_complete,0.20008945903375522,1.3916666666666666,False,1.3916666666666666,True,43,4,0,0,0,14,6,0,0,0,4,-0.5549633070711133,0,120,122,-0.7028996467590332,-0.544768048426603,-0.3060670927746166,-0.06469237569028635,False,0.2420425783112143,-0.21889259458624724,1.1660237370341755,False,0.625,0.7033368251637039,0.6071789928548808,5.459446962549292,0.07499999999999996,False,True,0.42572467804142095,0.6336784437433153,0.16902878431111182,1.274581954291033,-0.7159282565116882,-0.02709259043312295,False,0.0125,False,False,0.0005128272793572747,post_contact_idle,True,success_unloaded
S,sac,0,SS5,106,158713044,success,dwell_complete,0.30976780316843855,1.3375,False,1.3375,True,41,2,0,0,0,15,15,0,0,0,2,-0.5766060463625173,0,120,127,-0.43768593668937683,-0.3247719970160195,-0.499982242178548,-0.16087392567284345,False,0.33421847521636794,-0.734147103860806,0.9202630479510259,False,0.0,0.9202630479510259,0.07759215748111598,2.3247926610626615,0.03333333333333344,False,True,0.42572467804142095,0.11029436615292532,0.15271492138331474,1.1245680125518618,-1.0108895544904763,0.021352201343268335,True,0.0,False,False,0.023661999214977955,post_contact_idle,False,
S,sac,0,SS5,108,1149126053,success,dwell_complete,0.3820612202346583,1.35,False,1.35,True,41,3,0,0,0,15,7,0,0,0,1,-0.7492542564868927,0,120,124,-0.22546584606170655,-0.32055575635069933,-0.3231619566113422,0.07625852220642304,False,0.4029671496046604,-0.9111894149807485,0.8362318710241546,False,0.375,0.6822916736556296,-0.25883637792684566,1.6826314528112483,0.012499999999999956,True,False,0.8362318710241546,-0.2570984399329805,0.03637732786503548,0.7531418654357611,-0.3993072509765625,0.0362796739176322,True,0.0,False,False,-0.0005846612854434855,impact,False,
S,sac,0,SS5,110,808532272,success,dwell_complete,0.3073177762955027,1.5541666666666667,False,1.5541666666666667,True,47,0,0,0,0,15,9,0,0,0,0,-0.689296156167984,0,88,123,-0.22584663033485414,-0.25548429659340166,-0.3837891118925828,-0.061287783666011335,False,0.3140303946581206,-1.0492542419323048,0.9185273032637057,False,0.5,0.6721259906525633,-0.3487541599388305,2.949783601946402,0.04166666666666652,False,True,0.42572467804142095,-0.3239460366445711,0.1413455298309284,1.4679461248547263,-0.8481939081437737,0.011838756303186425,True,0.0,False,False,0.0006282716856875355,post_contact_idle,False,
T,sac,0,SS5,113,1889936143,off_pad,release,0.6586093740076879,0.8125,False,0.8125,True,25,24,0,0,7,6,6,5,1,0,14,-0.7873540328350355,0,32,53,-1.109343546677556,-0.6997028370336255,-1.2555491139225108,-0.5296064141901032,False,0.7397916962728797,-1.2077572451556846,1.0730892310990094,False,0.0,1.0237902878821625,0.8622232954928952,9.133347540556384,0.04999999999999993,False,False,0.8758934582316225,1.1171836588742299,0.06318847811880807,3.0274127055716304,-0.7959771443054859,0.003193438848895936,True,0.0,False,True,-0.17440580767137476,other,False,
T,sac,0,SS5,115,1430218730,hard_landing,dwell_complete,0.5231436295785371,1.4416666666666667,False,1.4375,True,44,8,0,0,0,15,11,0,0,0,2,-0.5649082663513012,0,120,126,-0.6867083407876966,-0.6908125407795281,-0.5001341020881964,0.11515911326141766,False,0.5911640134899947,0.06149790958295981,0.45874365006621937,False,0.125,0.45461627856311954,0.2964502685242635,5.417667333828244,0.050000000000000044,False,True,0.42572467804142095,0.2453620061992995,0.1558431392617195,1.7626236569753717,-0.7274957087310623,0.14016378171608032,True,0.0,False,True,0.05002717045469211,post_contact_idle,False,
S,sac,0,SS5,120,1581704015,success,dwell_complete,0.2869905332403809,1.2208333333333332,False,1.2208333333333332,True,38,15,0,0,1,14,0,0,0,0,11,-0.17752303183078766,0,24,123,-0.3610888719558716,-0.3493829630346246,-0.2681452457758562,0.041429351660098285,False,0.30752142733778054,-0.5716132233946745,1.01061090267183,False,0.5,0.7181677903566255,0.13359038825738684,2.7817444629175747,0.03333333333333344,False,True,0.42572467804142095,0.12686336929773595,0.1552768468014246,1.4914045596526504,-0.7463789985817634,0.0010169057564149192,True,0.0,False,False,2.885014132294088e-05,post_contact_idle,False,
S,sac,0,SS5,122,1975348375,success,dwell_complete,0.3911385190872388,1.4416666666666667,False,1.4375,True,44,1,0,0,0,15,2,0,0,0,1,-0.7286385297775269,0,120,126,-0.356085205078125,-0.29924138261144206,-0.5176049423898857,-0.07419639371966347,False,0.4459002692324886,0.16335747129941897,0.7702001213800387,False,0.125,0.7271406909627115,-0.10458467767311767,3.1111352751358727,0.012499999999999956,True,False,0.7702001213800387,-0.09828374799197356,0.05807890805007068,1.3992289965764109,-0.6259079575538635,0.0570844176617189,True,0.0,False,False,0.0015826890215579195,impact,False,
S,sac,0,SS5,127,1555871774,success,dwell_complete,0.32056398030485367,1.4833333333333334,False,1.4833333333333334,True,45,0,0,0,0,15,9,5,0,0,0,-0.6970748808690245,0,120,124,-0.20409098863601685,-0.25263492645667657,-0.35192434563422065,-0.0015349059958623846,False,0.3532555833493877,-0.04206944072635424,0.6533468565365861,False,0.375,0.5679885396008992,-0.5172227582119114,2.8205998102452767,0.008333333333333304,True,False,0.6533468565365861,-0.5064008659932959,0.07788428468342126,1.3409933501267515,-0.4985341429710388,0.07747163084425296,True,0.0,False,False,4.8003468892252595e-05,impact,False,
S,sac,0,SS5,140,403445731,success,dwell_complete,0.49312074998237454,1.3791666666666667,False,1.3791666666666667,True,42,11,0,0,0,15,3,0,1,0,10,-0.6746147274971008,0,112,125,-0.49049620032310487,-0.5428638725528109,-0.43377120442764444,0.05449320568930153,False,0.48782795155454384,-1.7667556540494855,0.6727480196074636,False,0.0,0.6150242006723602,-0.09650962531383418,3.637736528608966,0.029166666666666563,True,False,0.4418527438670501,-0.10254957497467035,0.14370311342615444,1.8110138983229622,-0.6713815900296379,0.08278470995120513,True,0.0,False,False,-0.00019637474237026474,impact,False,
S,sac,0,SS5,144,210388185,success,dwell_complete,0.3206774707634227,1.5291666666666666,False,1.5291666666666666,True,46,0,0,0,0,15,10,0,0,0,0,-0.8588869029902657,0,120,121,-0.19390093088150023,-0.2781163978082731,-0.4263115394778341,-0.06055709739795774,False,0.3669556449763865,-0.20255440900238111,0.9826655012305371,False,0.75,0.5649598838387,-0.2608173904734512,3.0253554727698195,0.012500000000000178,True,True,0.42572467804142095,-0.26532570607923683,0.14479509164393542,1.5933413951425142,-0.7585073694236354,-0.0033099992271021336,False,0.008333333333333333,False,False,7.555416155714553e-05,impact,True,success_unloaded
S,sac,0,SS5,150,408507921,success,dwell_complete,0.3677853763473698,1.2875,False,1.2875,True,39,2,0,0,0,15,13,3,0,0,0,-0.26818697147882165,0,32,123,-0.33700014352798463,-0.35581953449260195,-0.36995100003723447,0.016435422166697813,False,0.3833394445093325,-0.8666467596793015,0.8005601942870131,False,0.0,0.6300268368393043,0.006016697076428973,2.514111588502815,0.02499999999999991,True,False,0.45949347939159546,0.006721474621037012,0.14278174474798963,1.296337205251756,-0.6277746940871072,0.05250356659486241,True,0.0,False,False,-0.00011472732426318606,impact,False,
S,sac,0,SS5,153,1116331160,success,dwell_complete,0.3758109439229964,1.6791666666666667,False,1.6791666666666667,True,51,2,0,0,0,15,15,0,14,0,0,-0.9149518065384625,0,120,125,-0.15721821188926696,-0.2602852674026551,-0.4646621670893251,-0.04878164775944901,False,0.4198963258661941,-0.23725607237952337,0.6964427470844783,False,0.25,0.6287632298237139,-0.7863805536251293,4.029222084081654,0.5,False,True,0.42572467804142095,0.3182692020561288,0.1580086178195422,0.6301857412032648,-0.5566045337678557,0.055480076326702064,True,0.0,False,False,0.07754444715439547,post_contact_idle,False,
T,sac,0,SS5,166,1638165249,success,dwell_complete,0.22887042859846587,1.0625,False,1.0625,True,32,11,0,0,8,15,9,0,0,0,9,-0.4823156055659112,0,120,121,-0.7072055101394653,-0.5042739298885047,-0.1831671211938913,0.06190952051677252,False,0.24994536327406236,-0.23401620841220677,1.2469234271848397,False,0.75,0.6310243653272757,1.3281534535283552,5.252616866012801,0.050000000000000044,False,True,0.42572467804142095,1.2454042571073116,0.1855124114765821,1.9577990995800643,-0.7155080437660217,-0.02875069270609653,False,0.008333333333333333,False,False,-0.0021468037151557034,post_contact_idle,True,success_unloaded
S,sac,0,SS5,167,1682937791,hard_landing,dwell_complete,0.5046133453081665,1.025,False,1.025,True,32,7,0,1,0,14,14,8,1,0,6,-0.38020439698263314,0,96,122,-0.5016449749469757,-0.45321239981385136,-0.37136709628487213,0.1819219917162748,False,0.557117866038712,-0.7717541627577503,1.1799762096989124,False,0.0,0.793528626833852,0.923997728800054,3.3005405103561807,0.029166666666666785,True,False,0.5616600771148157,0.8808854780706713,0.13914036737680524,1.7825171633754344,-0.516593913941452,-0.021820698294060147,False,0.0125,False,True,-0.0026748787239095,impact,False,
S,sac,0,SS5,174,1515200011,success,dwell_complete,0.35588217518884463,1.2166666666666666,False,1.2166666666666666,True,37,3,0,0,0,15,1,0,0,0,3,-0.49508732557296753,0,112,124,-0.45215399861335753,-0.44192360930577734,-0.43877590327352006,-0.045623554455378384,False,0.3894446794779884,-0.383175226826687,0.952224516544937,False,0.0,0.7869581295749908,-0.061244440737595184,4.800999594737781,0.03750000000000009,False,False,0.5115141512917472,-0.042077905247299686,0.12804433363932474,2.3494870700763792,-0.617188670676545,0.010749146195587839,True,0.0,False,False,0.0005517081153441442,other,False,
S,sac,0,SS5,177,2018449764,success,dwell_complete,0.4907509171315094,1.2333333333333334,False,1.2333333333333334,True,37,10,0,0,0,15,14,0,0,0,10,-0.7141836854284301,0,96,120,-0.5767548680305481,-0.4970898852594619,-0.4012386899678408,0.123084010323295,False,0.5253602853059897,-0.29031418943049725,0.8027997153164996,False,0.0,0.49260642998980814,0.43102673561446886,4.670168968164736,0.016666666666666607,True,False,0.4482931035145665,0.4194518241711724,0.15728629613242176,2.2725083237691956,-0.6913212297808708,0.06652916809783346,True,0.0,False,True,-0.0012441435725412961,impact,False,
S,sac,0,SS5,179,1906148524,hard_landing,dwell_complete,0.5710462042665205,1.0708333333333333,False,1.0708333333333333,True,33,2,0,0,0,15,15,3,1,0,2,-0.7517689308355655,0,127,127,-0.4230817317962646,-0.4469608124105387,-0.3438545577886771,0.2755088631178297,False,0.6226520598758978,-0.37393257060999063,0.42572467804142095,True,1.0,0.42572467804142095,0.5555778537382813,2.7130164909540624,0.008333333333333304,True,True,0.42572467804142095,0.5874739942397899,0.1678233786187398,1.2334032174777296,-0.6834363341331482,0.11489729390440957,True,0.0,False,True,-0.0027650333479811483,impact,False,
T,sac,0,SS5,187,2103842510,hard_landing,dwell_complete,0.6855509663622342,1.3541666666666667,False,1.35,True,41,13,0,0,0,15,5,0,1,0,2,-0.40807628631591797,0,88,123,-0.5688309490680694,-0.6474421263743525,-0.6509620356030373,0.16587869129730803,False,0.7981526647762329,1.0318573106672704,0.8446372907200923,False,0.5,0.6351809843807567,0.11773555840137802,6.223646238202446,0.016666666666666607,True,True,0.42572467804142095,0.1143957135697712,0.15347107703751423,2.8486298075866845,-0.7618256529656751,0.042896524342708124,True,0.0,False,True,-0.001247941701749536,impact,False,
S,sac,0,SS5,193,2065900127,success,dwell_complete,0.3888768351055914,1.2333333333333334,False,1.2333333333333334,True,37,14,0,0,2,15,7,0,0,0,14,-0.4249636241272963,0,80,120,-0.5611768982240132,-0.37696132858351733,-0.6269685637903795,-0.20561380613799024,False,0.4188279007850361,-0.7269012947728256,0.9993693983359874,False,0.0,0.5555579753527156,0.4362934645184925,3.0024107632315866,0.008333333333333304,True,False,0.4921563434979624,0.4184083441049215,0.14547392613690632,1.359712565915524,-0.8693224489688873,0.010583615084489838,True,0.0,False,False,0.002022135844477555,impact,False,
T,sac,0,SS6,5,384627516,hard_landing,dwell_complete,0.6983656272075327,1.2333333333333334,False,1.2333333333333334,True,37,11,0,0,0,15,12,2,0,0,10,-0.4657977494270549,0,112,120,-0.4843574357884271,-0.5019444359515115,-0.5788138861105074,0.19270029263754399,False,0.7378327095332342,-1.6145798237225308,0.6578493662156784,False,0.0,0.5069609802160562,0.4624652507981929,6.563569651255493,0.0625,False,True,0.42572467804142095,0.35753484568335175,0.159598022107842,4.0526006760816475,-0.5076229033514889,0.10650830026488635,True,0.0,False,True,0.07364881092652169,post_contact_idle,False,
T,sac,0,SS6,10,1323121477,hard_landing,dwell_complete,0.5904228048197889,1.2041666666666666,False,1.2041666666666666,True,37,12,0,0,2,15,9,1,0,1,9,-0.6419985294342041,0,120,127,-0.2054802286835234,-0.45709234698044604,-0.331749819749013,0.289121401684794,False,0.6235190791437362,-1.5651620719127588,0.8540224259859591,False,0.0,0.8540224259859591,-0.15847133760898555,5.423378510332041,0.012499999999999956,True,False,0.8540224259859591,-0.15447867234829515,0.03474451051259366,2.945098036501198,-0.4073658585548401,0.03400030528082218,True,0.0,False,True,0.03609088718297368,impact,False,
T,sac,0,SS6,17,1139586890,off_pad,dwell_complete,0.4560340971279409,1.0583333333333333,False,1.0583333333333333,True,34,17,0,0,0,13,10,0,1,0,9,-0.4635845124721527,0,72,122,-1.0029720818858385,-0.9192444280814956,-0.48283670406185636,-0.05737407361790197,False,0.49834516588182975,-1.4034880171807942,1.856116827716398,False,0.0,1.515090805382513,0.243080238886134,5.3126297772294055,0.10416666666666674,False,True,0.42572467804142095,0.3090333608103663,0.1568421193591406,2.3915529281330006,-0.5686068444324549,-0.20701480290056082,False,0.04583333333333333,False,False,0.0008342832506236372,post_contact_idle,False,
T,sac,0,SS6,19,1131657563,success,dwell_complete,0.39692997665623836,1.1291666666666667,False,1.1291666666666667,True,34,8,0,0,0,15,9,1,0,0,7,-0.7540052138081558,0,120,121,-0.4312631845474243,-0.43761602749796286,-0.4584919088233304,-0.020733264222353873,False,0.4579267220867726,-0.1390451857713317,0.9645808199746488,False,0.75,0.560438713524728,0.011218217636293182,6.2034206378032035,0.054166666666666696,False,True,0.42572467804142095,0.045527083551502985,0.15209912389871108,1.7864058445302173,-0.45769232511520386,0.007637064431708975,True,0.0,False,False,0.00012238481956997752,post_contact_idle,False,
T,sac,0,SS6,22,1195033505,hard_landing,dwell_complete,0.6597774632593992,1.8833333333333333,False,1.8875,True,58,7,0,0,0,14,12,5,0,1,3,-0.9292971671969981,0,104,124,-0.38314745145998946,-0.38075533651218046,-0.941097112232613,-0.16338595980075746,False,0.7482191995885433,-0.6100255937961755,0.8150013882792306,False,0.0,0.8135269175588812,-0.481369336035762,8.628247697786577,0.05833333333333335,False,True,0.42572467804142095,-0.42528172216549526,0.13308715209160052,3.133112303596362,-0.5782555484676851,-0.23362662942172852,False,0.03333333333333333,False,True,0.09469252748876247,post_contact_idle,False,
T,sac,0,SS6,33,1657229134,success,dwell_complete,0.38567659731756637,1.4,False,1.4,True,42,6,0,0,0,15,13,0,11,0,0,-0.28325720194225745,0,80,120,-0.4564204722844808,-0.5229017236974927,-0.2507972639988897,0.187558525343283,False,0.4095311759058385,-0.6562880113691439,0.9677208594676971,False,0.0,0.8080154885361924,0.31344028830371495,5.061415920921951,0.0708333333333333,False,True,0.42572467804142095,0.24243091831633817,0.15249463628434468,2.76823915849647,-0.5125747559219133,0.01916799136899435,True,0.0,False,False,0.07678549272397948,post_contact_idle,False,
S,sac,0,SS6,35,55155601,hard_landing,dwell_complete,0.732920176860415,1.1666666666666667,False,1.1625,True,35,0,0,0,0,15,9,0,0,0,0,-0.6548699140548706,0,112,120,-0.7920386259044919,-0.7228238660920315,-1.024608640865199,-0.1678655926794027,False,0.8693414430557961,0.853467482969765,1.1109179875071955,False,0.0,1.3177633688832202,0.18227643012514608,4.345224252637764,0.02083333333333326,True,False,1.347312709079795,0.20699348881523416,-0.08756521576506814,1.9753390543553548,-0.739109434110035,-0.08868350814449161,False,0.0375,False,True,0.0011315039636465578,impact,False,
T,sac,0,SS6,36,149974034,hard_landing,dwell_complete,0.7234122976491822,1.3083333333333333,False,1.3041666666666667,True,41,12,0,0,0,14,9,0,0,0,9,-0.7699219389364378,0,120,126,-0.3391461637338363,-0.417628840907123,-1.0285773103702374,-0.1688875350459949,False,0.8337326059561957,1.4840919215685908,0.8867612012954257,False,0.125,0.8291316358886751,-0.824873548989052,7.92832205331764,0.008333333333333304,True,False,0.8867612012954257,-0.8593832006056895,0.0038740523730453158,3.467641522691518,-1.0265685536399227,0.0023406980802961833,True,0.0,False,True,0.039338191283671185,impact,False,
ST,sac,0,SS6,37,1167900726,off_pad,dwell_complete,0.6623362777786842,2.1333333333333333,False,2.1333333333333333,True,64,19,0,0,3,15,14,2,7,1,14,-0.7707226851024223,0,72,120,-0.467784315305947,-0.4696137156523982,-1.0496569504390003,-0.3109280323096842,False,0.7269982459947233,-1.2346676040811269,0.7111909404952321,False,0.0,0.9007116887021436,-0.3830383005819093,7.70509638781995,0.058333333333333126,False,True,0.42572467804142095,-0.1065577673619077,0.14558863607283068,3.060429753621402,-1.005992108534631,0.006172569834424946,True,0.0,False,True,0.09740882286879962,post_contact_idle,False,
S,sac,0,SS6,39,305654731,success,dwell_complete,0.2699075231249486,1.125,False,1.1208333333333333,True,34,8,0,0,0,15,0,0,0,0,8,-0.47506338357925415,0,120,122,-0.5066542685031891,-0.33362157983614854,-0.4244786647064078,-0.09641070196006468,False,0.32321479162624267,0.13170510153439616,1.1327063689521348,False,0.625,0.6908428121329387,0.8261757333068978,2.896931635758442,0.050000000000000044,False,True,0.42572467804142095,0.897482748064845,0.17605843639111504,0.885888426030553,-0.6819813251495361,-0.013371251197246742,False,0.0125,False,False,0.0005318841866023905,post_contact_idle,True,success_unloaded
S,sac,0,SS6,47,1541273511,success,dwell_complete,0.37921406076081476,1.3375,False,1.3375,True,41,1,0,0,0,15,1,0,0,0,1,-0.4502561688423157,0,96,127,-0.47653360962867736,-0.3532655057404289,-0.5775179221859221,-0.1519636243123592,False,0.4246811850900032,-0.024754407021026225,0.9934111241117136,False,0.0,0.9934111241117136,0.4622610377214659,3.264124312242856,0.012500000000000178,True,False,0.9934111241117136,0.45722647135193295,0.014194658244982145,1.8416169647126805,-0.585575133562088,0.01318693205772437,True,0.0,False,False,0.0003567431440507161,impact,False,
T,sac,0,SS6,49,1712242685,hard_landing,dwell_complete,0.2343233010284575,2.1625,False,2.1625,True,65,6,0,0,0,15,15,0,11,0,6,-0.5697859251700277,0,120,121,-0.35669482350349424,-0.2666057745527899,-0.21154639069608308,0.06250329158643937,False,0.25797914551769596,-0.3288318369074802,0.8207303851335778,False,0.75,0.5244761048144602,0.5652614290470707,5.114632574814204,0.44999999999999973,False,True,0.42572467804142095,0.007782930844381776,0.1505639934583095,1.1450627067565868,-0.6401781500040098,0.068804955311519,True,0.0,False,False,0.08951977972196953,post_contact_idle,False,
T,sac,0,SS6,58,343780280,off_pad,release,0.5212321803969804,1.3416666666666666,True,nan,True,42,11,0,1,0,0,0,0,0,0,3,nan,0,8,14,-0.760197137747911,-0.7824394066966356,-0.5562871295656837,0.13684145882346008,False,0.5842109780038763,-0.9590575387752227,1.3084046170874695,False,0.125,1.1980696247067135,0.24965106707207185,0.0,0.004166666666666652,True,False,1.3084046170874695,0.2641856084702707,-0.04760879579972907,29.002674428331428,-0.4505916237831116,-0.07538733188191675,False,0.029166666666666667,False,True,0.012499400128423401,impact,False,
S,sac,0,SS6,59,160775593,success,dwell_complete,0.42391060576116085,1.1958333333333333,False,1.1958333333333333,True,36,13,0,0,0,15,5,0,0,0,13,-0.6891866326332092,0,104,121,-0.7484673798084259,-0.6655389581300264,-0.5678964282351295,-0.10898030438241327,False,0.4566426878905085,-1.2824999038766547,1.5414287251602437,False,0.0,0.7893543947563363,0.33284239548988376,3.0253209917335386,0.03333333333333344,False,False,0.5386629512883672,0.3509525361843116,0.13056376039501036,1.494246217478738,-0.7528541260733445,-0.13241531494506306,False,0.008333333333333333,False,False,-4.598402276971809e-05,other,True,success_unloaded
T,sac,0,SS6,60,699142286,success,dwell_complete,0.3514268757476625,1.9708333333333332,False,1.9666666666666666,True,61,10,0,0,0,14,13,0,9,0,6,-0.5732270267821815,0,120,127,-0.33967244029045107,-0.35799241834299633,-0.34638019513596796,0.152358844972472,False,0.4203691024275576,-0.06268583453625066,1.1507891189369903,False,0.0,1.1507891189369903,0.41536445011148954,5.475000960035942,0.07500000000000018,False,True,0.42572467804142095,0.32202418163505364,0.1527803460804149,2.657545216467876,-0.6040914379123086,-0.035780547333777814,False,0.03333333333333333,False,False,0.04496926423522828,post_contact_idle,True,success_unloaded
S,sac,0,SS6,63,190453351,success,dwell_complete,0.3516116360210217,1.1708333333333334,False,1.1708333333333334,True,36,1,0,0,0,15,5,0,0,0,1,-0.8222393989562988,0,120,127,-0.40613181591033937,-0.40327339979110477,-0.40417229766075063,-0.018988622083895436,False,0.38344617755720783,-0.32668500765946723,0.714136918694175,False,0.0,0.714136918694175,-0.07837455637750468,2.877199567989782,0.012499999999999956,True,False,0.714136918694175,-0.07837103306728763,0.07318237888570821,1.320918550781115,-0.5456557273864746,0.07311199513848943,True,0.0,False,False,-4.940490598338418e-05,impact,False,
T,sac,0,SS6,72,175912377,success,dwell_complete,0.45795811234337763,0.975,False,0.975,True,30,8,0,0,2,15,9,1,0,0,8,-0.47255775555863916,0,64,126,-0.8353623628616333,-0.6913099168728228,-0.613108300899624,-0.12380429343411647,False,0.5165228914666068,-0.15745446482267414,1.1253808744867946,False,0.0,1.0816238405480367,0.2314231190981042,5.007657912936511,0.04583333333333328,False,False,0.7753246029767328,0.25131398767162527,0.06525575873664953,2.3117732990576307,-0.26369720612018294,-0.028970169582100618,False,0.029166666666666667,False,True,0.02730162177738841,other,True,success_unloaded
S,sac,0,SS6,73,722815722,success,dwell_complete,0.2709598381000906,1.2833333333333332,False,1.2833333333333332,True,39,0,0,0,0,15,12,0,0,0,0,-0.4427687186273026,0,72,124,-0.6318832337856293,-0.5153130092607408,-0.5425208426356125,-0.2493166920936794,False,0.2965409279141706,-0.9223909617752492,1.1685238783254495,False,0.0,0.9044075513437139,0.12581101698742142,1.721644022812316,0.01666666666666683,True,False,1.1685238783254495,0.1342788913733347,-0.04110777317890987,0.808705381980058,-0.4753074645996094,-0.04272827760594203,False,0.020833333333333332,False,False,0.002332074735460327,impact,True,success_unloaded
S,sac,0,SS6,78,1532668767,success,dwell_complete,0.4666792900602373,1.1583333333333332,False,1.1583333333333332,True,35,14,0,0,0,15,9,0,0,0,13,-0.7767551141134185,0,112,122,-0.46416627764701845,-0.4396405576388156,-0.29900977296415837,0.1751949334744093,False,0.4802474349577751,-1.2266332098526793,1.0401059751635682,False,0.0,0.7258747713902235,0.9786929785658668,4.200271099465167,0.01666666666666683,True,False,0.5373360491262167,0.975721634333914,0.14873301263762378,1.9788720658177406,-0.45756670728998217,0.016173458625341166,True,0.0,False,False,-0.00297056381697762,impact,False,
S,sac,0,SS6,83,160799111,success,dwell_complete,0.4252050543038527,1.25,False,1.25,True,38,9,0,0,0,15,15,0,11,0,2,-0.29544433628519345,0,96,124,-0.740091996855557,-0.642828207002078,-0.41109023790184357,0.04480747971637869,False,0.43694770772217556,-0.9094791295676317,0.6039398003636264,False,0.375,0.5371091294927994,0.6125570054449754,4.236644394627039,0.29166666666666674,False,True,0.42572467804142095,-0.041139304262591665,0.14465376041118302,0.797506076005425,-0.35177002830675974,0.04263564231471925,True,0.0,False,False,0.05150285188859517,post_contact_idle,False,
S,sac,0,SS6,94,537732710,success,dwell_complete,0.3329293920626763,1.475,False,1.475,True,45,3,0,0,0,15,9,0,0,0,0,-0.359036386013031,0,56,126,-0.4550416707992554,-0.3391444566531297,-0.5018361569254596,-0.13368075314357816,False,0.36820411873723213,-0.23847805383517923,0.8140120104296366,False,0.125,0.7654760938811096,0.3969121860429155,2.7232783901965396,0.016666666666666607,True,False,0.8140120104296366,0.40001380614815296,0.05984018662624508,1.3850509358867877,-0.5950267910957336,0.059414815020614464,True,0.0,False,False,0.000667369696819608,impact,False,
S,sac,0,SS6,98,228857887,success,dwell_complete,0.38143153294486914,1.075,False,1.075,True,33,2,0,0,0,15,5,0,0,0,2,-0.30150479078292847,0,104,126,-0.9537131786346436,-0.7876255518928229,-0.5163502646606554,-0.09760856762022647,False,0.44560499123259106,-0.7284244822951523,1.3827675948084877,False,0.125,1.2631372302126043,1.3034783292991075,4.35477017010525,0.11250000000000004,False,True,0.42572467804142095,1.4553596525549726,0.1904202050496654,1.236467400750476,-0.4718518853187561,-0.06794718084980257,False,0.029166666666666667,False,False,-0.0019175349304753815,post_contact_idle,True,success_unloaded
T,sac,0,SS6,102,1905388242,off_pad,release,0.09630476197819808,3.3333333333333335,False,3.3333333333333335,True,100,18,0,0,10,16,14,3,3,0,14,-0.34164782919434966,0,56,128,0.037781286239624026,-0.16374950170267885,0.14363632580580646,0.23862181718641004,True,0.09660141674722646,-0.6890611395553244,0.9726919476679572,False,0.875,0.49409558674473797,-0.05675778117010603,5.384615788082837,0.11249999999999982,False,True,0.42572467804142095,-0.17103068872400154,0.1462618438658691,2.063368870984024,-0.3769841194152832,-0.19469723727458488,False,0.03333333333333333,False,False,0.011480554939439957,post_contact_idle,False,
S,sac,0,SS6,104,1013111488,hard_landing,dwell_complete,0.5336484117694834,1.5875,False,1.5875,True,48,8,0,0,0,15,15,0,1,0,7,-0.6010022687745602,0,104,123,-0.4372663199901581,-0.3999241757232618,-0.8568827508834783,-0.29054541619130114,False,0.5725718153500897,-1.1309123763350206,0.6626985846866011,False,0.5,0.5442116313640111,-0.1359788078574048,3.8210888858590923,0.01666666666666683,True,True,0.42572467804142095,-0.12120368132052449,0.14689826395988834,1.9549931350138277,-0.8544895361146347,0.08116336114013901,True,0.0,False,True,0.002340585571002706,impact,False,
T,sac,0,SS6,105,406214555,bounce,release,0.39410617951550614,1.3125,False,1.3125,True,40,14,0,0,0,10,4,0,0,0,8,-0.4221119667409197,0,40,85,-0.26384801864624025,-0.4460642563429411,-0.2907362241397714,0.1287588487083617,False,0.43877571068869153,-0.4484578869542366,0.7864074468069813,False,0.0,0.7574074452960726,-0.37372684640435716,5.214870862430659,0.054166666666666696,False,False,0.6704074407633467,-0.39820280874739455,0.07658121093601142,2.7810707332309534,-0.4266827702522278,-0.18383123617974756,False,0.03333333333333333,False,False,0.03953289976729478,other,True,bounce_after_pushoff
T,sac,0,SS6,108,986110172,hard_landing,release,0.7170166910411734,1.2,False,1.1958333333333333,True,36,11,0,0,0,14,11,2,0,0,10,-0.34904432651612655,0,72,112,-0.4506849586963654,-0.5854432306160954,-0.6181484106359498,0.24633770107307648,False,0.8547354376803125,0.3059059131790543,0.7086324596349325,False,0.0,1.1006494844146877,0.07472907847492796,7.494142716865607,0.04583333333333339,False,True,0.42572467804142095,0.0005398286455860397,0.15194697997527098,4.438270420994566,-0.7385043876249926,-0.19247204282547975,False,0.06666666666666667,True,True,0.028957326013440983,post_contact_idle,False,
S,sac,0,SS6,115,2081510509,success,dwell_complete,0.3325033448406348,1.15,False,1.15,True,35,5,0,0,0,15,11,0,0,0,5,-0.7411264453136656,0,120,124,-0.7783762812614441,-0.6002232622897967,-0.6306630454644327,-0.22752366979806615,False,0.3981383272184503,-0.11990812866237557,1.4936912028126463,False,0.375,1.093203756023437,0.133457142718964,2.296204418186758,0.09166666666666679,False,True,0.42572467804142095,0.27127391333351236,0.15902940946259034,0.7422495064084893,-0.9663696482888757,-0.12776279041637556,False,0.020833333333333332,False,False,0.0010457084362184396,post_contact_idle,True,success_unloaded
T,sac,0,SS6,120,1166971266,success,dwell_complete,0.3219741132208625,0.9541666666666666,False,0.9541666666666666,True,30,9,0,0,0,14,10,0,1,0,8,-0.702896535167651,0,96,123,-0.33036298155784605,-0.4123686214588964,-0.5040381616446914,-0.08268943207827337,False,0.3911807328632571,-0.09644673653775446,1.3433701685586874,False,0.0,1.1660705596774064,-0.5303363773301604,6.6163354596315695,0.5083333333333333,False,True,0.42572467804142095,0.5778346112862226,0.1666563698304794,2.119457395491496,-0.8065064679539955,-0.20269798498437525,False,0.05,False,False,0.11763427453904025,post_contact_idle,True,success_unloaded
T,sac,0,SS6,127,1321347680,hard_landing,dwell_complete,0.03429463797342708,2.0208333333333335,False,2.0208333333333335,True,61,4,0,0,0,15,15,0,12,0,3,-0.6272019616055908,0,104,123,-0.1987287998199463,-0.23062175470220725,-0.13195337556729161,-0.06370477876597462,False,0.06517057134255386,-0.08331572562124484,1.005737080246494,False,0.0,0.795558628993076,-0.4560956939112666,5.0742549141878515,0.5124999999999997,False,True,0.42572467804142095,0.28665545912967627,0.1551168066042256,0.2945564348824674,-0.4859060435115084,-0.009654478641480026,False,0.016666666666666666,False,False,0.0919758093598167,post_contact_idle,False,
T,sac,0,SS6,131,2054376439,hard_landing,dwell_complete,0.5826364305690707,1.8499999999999999,False,1.8499999999999999,True,56,12,0,0,3,15,13,2,12,0,12,-0.316656231880188,0,64,124,-0.5170415818691254,-0.5673852163425981,-0.5175357490347992,0.17119410610476293,False,0.6484304655093518,-0.2258311834461562,0.5317035618440781,False,0.375,0.4919614804180816,0.19343709539584525,8.767590211470415,0.04583333333333339,False,True,0.42572467804142095,0.11297864104231477,0.15302100689704962,2.738759801509298,-0.5345163345336914,-0.03171002403508889,False,0.03333333333333333,False,True,0.04168651373867702,post_contact_idle,False,
S,sac,0,SS6,132,1308035592,success,dwell_complete,0.31289832176095256,1.7416666666666667,False,1.7416666666666667,True,53,4,0,0,0,15,4,0,0,0,4,-0.4813170074188827,0,104,126,-0.3372689843177795,-0.29498400136184794,-0.49598984562359516,-0.1828390094918936,False,0.3172456108307539,-1.2892298175321795,0.8940490122132448,False,0.0,0.8578885567094493,0.04999609304198012,2.344203546426449,0.016666666666666607,True,False,0.8940490122132448,0.059232989829151685,0.02949666511518923,1.115315768913402,-0.5548006296157837,0.027642397106932115,True,0.0,False,False,0.0010246313814910818,impact,False,
S,sac,0,SS6,136,813667634,success,dwell_complete,0.23384601716790926,1.9041666666666666,False,1.9041666666666666,True,58,9,0,0,0,15,11,0,0,0,7,-0.5207075667111235,0,32,127,-0.4678302049636841,-0.2928158142611787,-0.6944448616570615,-0.4678203668467192,False,0.23362058514832573,-0.662310792976391,0.839939365045725,False,0.0,0.839939365045725,-0.22331096624526078,2.960550142658035,0.07500000000000018,False,False,0.4320511340991716,0.23804097255989853,0.15664084200653036,0.9735189146951745,-0.836295872926712,0.008528104773306051,True,0.0,False,False,0.0037453174761662576,other,False,
T,sac,0,SS6,147,1514039191,off_pad,dwell_complete,0.720356937990817,1.3375,False,1.3375,True,41,17,0,0,4,15,9,0,0,0,8,-0.8292437195777893,0,112,127,-0.3654469907283783,-0.5397385638295135,-0.668464332064346,0.14113884130679039,False,0.7933610472256903,-0.8475291128894428,0.846052492242316,False,0.0,0.846052492242316,-0.3559517346768193,6.59098990121524,0.03750000000000009,False,True,0.42572467804142095,-0.3738766056191232,0.14179330942947083,3.4538881388101244,-0.6479393723236807,0.03068596352618524,True,0.0,False,True,0.03477424211285657,post_contact_idle,False,
S,sac,0,SS6,155,842395533,success,dwell_complete,0.2643972413696543,1.9625,False,1.9625,True,59,12,0,0,0,15,11,0,1,0,9,-0.47851964899054567,0,120,121,-0.38388062119483946,-0.3111460273002748,-0.4849647309883225,-0.19165298309128065,False,0.30774600075159486,-0.2083064486343406,0.976656744855882,False,0.75,0.5634576947450363,0.4253741162541556,2.6906683746060818,0.03333333333333344,False,True,0.42572467804142095,0.5258180521483398,0.1647419164389908,1.2146292908349328,-1.166811615228653,0.016582862453745618,True,0.0,False,False,0.0002513286675150273,post_contact_idle,False,
S,sac,0,SS6,159,1370568126,success,dwell_complete,0.32706796284750883,1.7,False,1.7,True,51,2,0,0,0,15,7,0,0,0,1,-0.5287232995033264,0,88,120,-0.20661960244178773,-0.22834081630520356,-0.35744809039788894,-0.014005416216861445,False,0.33851034089816734,-1.095249620480288,0.9290778124850502,False,0.875,0.48864381984687455,-0.1299079188689098,3.252054946262993,0.029166666666666785,True,True,0.42572467804142095,-0.12815627404173888,0.1466459811883812,1.530518203767398,-0.9292249120968292,0.015085844196321672,True,0.0,False,False,-0.000169605053486026,impact,False,
T,sac,0,SS6,162,1443729475,success,dwell_complete,0.49397597525877723,1.0333333333333332,False,1.0291666666666666,True,31,9,0,0,0,15,5,0,0,0,9,-0.5050435526760894,0,112,120,-0.6110431790351868,-0.5231640918645205,-0.5872284137804044,0.001267174101073576,False,0.5674373193592068,0.14896478474090855,0.825195768422228,False,0.0,0.5080252306122474,0.5725387522688958,5.098601888550848,0.02083333333333348,True,False,0.4627151537822501,0.5716348863398408,0.15569479996196955,2.723973786779083,-0.8197098919116331,0.06110776178238725,True,0.0,False,True,0.014902825711616994,impact,False,
S,sac,0,SS6,165,1742164241,success,dwell_complete,0.32482579105446574,1.1666666666666667,False,1.1666666666666667,True,35,13,0,0,0,15,0,0,0,0,13,-0.5315192341804504,0,112,120,-0.500871771148273,-0.3457175474586059,-0.44386792511152995,-0.1056924974940322,False,0.33847542627782845,-0.9249263821992358,0.9071388123351846,False,0.0,0.6030577663122381,0.6040789053970221,2.7413657918992476,0.016666666666666607,True,False,0.5596176168803885,0.6070019192871456,0.1329525266952316,1.3077238475871182,-0.6760497093200684,0.04061913965070742,True,0.0,False,False,-0.0013574057874985882,impact,False,
S,sac,0,SS6,166,778428015,success,dwell_complete,0.2068215290571962,0.8958333333333334,False,0.8958333333333334,True,27,4,0,0,0,15,8,0,0,0,1,-0.2841262229711577,0,104,121,-0.9881905352743312,-0.7987583054465173,-0.348072165648107,-0.09356927948039058,False,0.24085824290417837,-0.9798596781773447,1.613268909957142,False,0.0,0.8198229508820138,1.0749916473277046,4.4587237998375455,0.0708333333333333,False,True,0.42572467804142095,1.1580563318661137,0.18232836156510998,2.3025530873860425,-0.6363304853439331,-0.1320010616611961,False,0.008333333333333333,False,False,0.061997386832397146,post_contact_idle,True,success_unloaded
S,sac,0,SS6,170,1893555025,hard_landing,dwell_complete,0.528129304307254,1.0416666666666667,False,1.0416666666666667,True,32,4,0,0,0,15,3,0,0,0,4,-0.8416038697328684,0,120,126,-0.5328892052173615,-0.5381043149091255,-0.6854763000093537,-0.10271241300170227,False,0.5846369986755804,-0.5710189954342307,0.8434241830653824,False,0.125,0.7912117449373872,0.18132018687791657,4.152908864372989,0.016666666666666607,True,False,0.8434241830653824,0.19168626947773665,0.046177288964020395,1.9319660882409881,-0.7799150347709656,0.04461040333596449,True,0.0,False,True,0.0011331973874004518,impact,False,
S,sac,0,SS6,176,200621214,success,dwell_complete,0.4948646792965657,1.1208333333333333,False,1.1208333333333333,True,34,14,0,0,0,15,3,0,0,0,11,-0.5898804914531759,0,96,123,-0.5774432742566458,-0.5133112730853665,-0.6279676430053281,-0.09707755297953995,False,0.5290740389308893,-1.297217392039221,1.049761686870787,False,0.0,0.9196621151091601,0.07829090132182721,3.8434116045761355,0.02083333333333326,True,False,0.7895625433475333,0.0851433780681088,0.057318816875761305,1.8227442467293966,-0.5898804914531759,-0.011740571331287858,False,0.016666666666666666,False,True,0.00016744619962830783,impact,True,success_unloaded
T,sac,0,SS6,177,1589993934,success,dwell_complete,0.2701634304898739,1.1375,False,1.1375,True,36,12,0,0,0,14,0,0,0,0,11,-0.8320649117231369,0,112,127,-0.5803677797317505,-0.41193767903124967,-0.8272483617018735,-0.5346503441140068,False,0.2931921106831669,-0.5627235116099909,1.0277372476780737,False,0.0,1.0277372476780737,0.7414557300088224,5.437123404147825,0.1166666666666667,False,True,0.42572467804142095,2.1270596500419345,0.2093548368906854,1.8274177928409767,-1.1127196848392487,0.008630569498696197,True,0.0,False,False,0.0006853101652678209,post_contact_idle,False,
T,sac,0,SS6,178,1450410311,off_pad,dwell_complete,0.7848496879178538,1.2875,False,1.2875,True,40,13,0,1,1,14,11,4,4,0,4,-0.2828518908140993,0,96,123,-0.8780859510144011,-0.9721337383988757,-0.7302143510403117,0.21901221242441893,False,0.9875435704820297,-0.28515456011386864,1.414751474342927,False,0.0,1.0296253333407401,0.24969563038170112,8.937027212703878,0.04583333333333317,False,False,0.6444991923385532,0.19300771859554947,0.09004145845028215,3.884367043193866,-0.6630149333081184,-0.10667101094624014,False,0.016666666666666666,False,True,0.05847072863134457,other,False,
T,sac,0,SS6,179,317667536,hard_landing,dwell_complete,0.7227127490984477,1.2458333333333333,False,1.275,True,39,5,0,1,0,14,10,0,6,0,2,-0.6299477698025016,0,112,125,-0.5869977653026581,-0.42877802541195736,-0.9573956139260458,-0.10777033532943477,False,0.8780749738816319,-0.03988064282303391,0.7556464564121486,False,0.0,0.7799337843271678,0.5103255195230727,5.244670729744594,0.44999999999999996,False,True,0.42572467804142095,0.33787722333718667,0.16072707318942123,0.5794382375781675,-0.6694874167442322,0.04179001709047509,True,0.0,False,True,0.09381808231050734,post_contact_idle,False,
ST,sac,0,SS6,184,1680960645,success,dwell_complete,0.27331820088532977,1.025,False,1.025,True,31,2,0,0,0,15,2,0,0,0,1,-0.42083454907663365,0,120,122,-0.7033028960227966,-0.5215808904335917,-0.3767758189425077,-0.09784583291387393,False,0.287714206203046,-0.5903186130927331,1.1441572621805236,False,0.625,0.6951368970935844,0.7863507623832949,5.649435197614413,0.08333333333333348,False,True,0.42572467804142095,0.9436185198162264,0.1773678955608265,1.6637769326492438,-0.68583083152771,-0.01753987603249594,False,0.0125,False,False,-0.0006767637646917244,post_contact_idle,True,success_unloaded
T,sac,0,SS6,186,853190055,hard_landing,dwell_complete,0.2348546106324075,2.5458333333333334,False,2.5458333333333334,True,77,8,0,0,0,15,14,3,10,0,8,-0.5941166281700134,0,112,125,-0.3699522912502289,-0.38808300395452994,-0.21056798870938384,0.08593485550040528,False,0.23765339693770607,-0.7481429608346406,1.0947669511417684,False,0.0,0.9355875750861493,0.1236420926395401,7.139229824889992,0.125,False,True,0.42572467804142095,0.039591860117638406,0.14437229481783584,4.785091170889292,-0.7203749131371441,-0.011254702019866246,False,0.025,False,False,0.08937400388500776,post_contact_idle,False,
S,sac,0,SS6,188,505357842,success,dwell_complete,0.3318788644307342,1.275,False,1.275,True,39,7,0,0,0,15,10,0,2,0,7,-0.5247636495395449,0,120,126,-0.5149404346942902,-0.48687984921764227,-0.2636437335231693,0.07317092410058967,False,0.3381120854345577,-1.7259714544928781,1.1104569783960803,False,0.125,1.0248654408517477,0.3349220838908199,2.439860269574316,0.02083333333333348,True,False,1.1104569783960803,0.34296400030524865,-0.019941790546848588,1.1913579381667159,-0.20710337162017822,-0.02044840209903483,False,0.029166666666666667,False,False,-0.0009378226856098373,impact,True,success_unloaded
S,sac,0,SS6,191,1002338391,success,dwell_complete,0.49886454484270926,1.3,False,1.2958333333333334,True,39,2,0,0,0,15,12,0,0,0,2,-0.49243496812625,0,72,120,-0.5288612306118011,-0.4271936563639674,-0.8075681102892099,-0.24860664557074896,False,0.5690638983046546,0.21700162407865156,0.8432133509165249,False,0.0,0.5164775369473391,-0.026036638826876603,2.9585299058297307,0.012499999999999956,True,False,0.4698009920945983,-0.03463600223341405,0.13787161339775394,1.5507621319693405,-1.007583179812045,0.037663042486579805,True,0.0,False,True,0.0018306764923662292,impact,False,
S,sac,0,SS6,199,2042228284,success,dwell_complete,0.3782212898694542,1.5166666666666666,False,1.5166666666666666,True,47,4,0,1,0,14,3,0,0,0,4,-0.459731647313401,0,120,124,-0.3736136078834534,-0.3226194835024886,-0.4885308617754118,-0.0804945599044368,False,0.4154022353127267,-0.7048465044740346,1.158893140935223,False,0.375,0.8839549673500472,0.6659133237415195,1.9219633429906908,0.012499999999999956,True,False,1.158893140935223,0.6620001032942097,-0.024376890261657198,0.8513219457832875,-0.4330226182937622,-0.025214438250892028,False,0.020833333333333332,False,False,-0.0008274644287656241,impact,True,success_unloaded
S,sac,1,SS3,5,558736479,success,dwell_complete,0.3271560201035884,1.4,False,1.4,True,42,5,0,0,0,15,15,0,0,0,5,-0.9850651163055512,0,120,120,-0.27717105150222776,-0.2824617542850386,-0.45649075724838795,-0.10090876184065774,False,0.3556136498373926,-0.653876700804647,0.9541473639318462,False,0.875,0.4917775137777241,-0.297894465276494,1.745895541975502,0.008333333333333304,True,True,0.42572467804142095,-0.3109129150580483,0.1435794126303031,1.1374217209164128,-1.1100372837771038,0.0033021106994434637,True,0.0,False,False,0.0012093039368539556,impact,False,
S,sac,1,SS3,29,1921923984,success,dwell_complete,0.3357308044320082,1.4416666666666667,False,1.4416666666666667,True,44,4,0,0,0,15,15,0,0,0,4,-0.7604535407540022,0,120,126,-0.27218291759490965,-0.28272325021996264,-0.38661052245669547,-0.032937860668244306,False,0.35366213531594004,-0.715188156886082,0.8164765540841938,False,0.125,0.7676325695788472,-0.018021219457641024,2.35556701748282,0.008333333333333304,True,False,0.8164765540841938,-0.02961805471847547,0.04779874739111887,1.0784037076070936,-0.47643041610717773,0.047355405086136455,True,0.0,False,False,-0.0005797138388609805,impact,False,
S,sac,1,SS3,49,346551576,success,dwell_complete,0.33508614981269974,1.3958333333333333,False,1.3958333333333333,True,42,9,0,0,0,15,14,0,0,0,9,-0.6094315146867157,0,112,121,-0.29402775764465333,-0.33549284170990934,-0.32026313661868366,0.04083688510134114,False,0.36122349071861337,-0.4612329428442439,0.8103257166897091,False,0.0,0.5635980384973458,-0.1096228078285414,2.059703725328114,0.012499999999999956,True,False,0.48135547909989146,-0.10870286950330574,0.13430836814943795,0.9108060595936991,-0.5854883973012983,0.047362679080707626,True,0.0,False,False,-0.0002528366909659298,impact,False,
S,sac,1,SS3,54,924557908,success,dwell_complete,0.3884625393479845,1.1958333333333333,False,1.1958333333333333,True,36,11,0,0,0,15,15,0,0,0,10,-0.8068316375388822,0,120,121,-0.4582890748977661,-0.4230754347086696,-0.48354540636820464,-0.04575114071377748,False,0.43761806637285644,-0.2318582549628714,0.9311990725362915,False,0.75,0.5520932766651385,0.4450142714747576,2.838721277931066,0.008333333333333304,True,True,0.42572467804142095,0.43192056682943314,0.16364380536001322,1.4764384607202523,-0.570268832119693,0.029372455833933518,True,0.0,False,False,-0.0013552631889435086,impact,False,
S,sac,1,SS3,60,258404339,success,dwell_complete,0.46787839401115133,1.8041666666666667,False,1.8041666666666667,True,55,1,0,0,0,15,13,0,0,0,1,-0.8010004162788391,0,112,127,-0.2998619794845581,-0.322319201244091,-0.46380093801616845,0.0179805953288164,False,0.48235808636063277,-1.6310093644724712,1.132418911254033,False,0.0,1.132418911254033,-0.04384037458859333,1.614621672912984,0.02083333333333326,True,False,1.132418911254033,-0.04451510102014682,-0.03629635694903833,0.9945344626873542,-0.39500266313552856,-0.03630502787913366,False,0.03333333333333333,False,False,-0.00013843834323996895,impact,True,success_unloaded
S,sac,1,SS3,65,323032325,success,dwell_complete,0.3364079737479081,1.275,False,1.275,True,39,0,0,0,0,15,15,0,0,0,0,-0.7137199763246308,0,120,126,-0.37774447202682493,-0.3687618573504333,-0.3869206418322835,-0.004300791053875265,False,0.38241472012559596,-0.2553113626045731,1.0507449477711277,False,0.125,0.9726174140549142,0.3020261594018741,1.8503961385684533,0.01666666666666683,True,False,1.0507449477711277,0.30211058423634424,-0.005220859610466445,1.0888568083333694,-0.35701024532318115,-0.005319417639059704,False,0.029166666666666667,False,False,-0.00021907738749248426,impact,True,success_unloaded
S,sac,1,SS3,68,960847886,success,dwell_complete,0.3430440447757657,1.3625,False,1.3625,True,41,8,0,0,0,15,15,0,0,0,7,-0.7324924920041188,0,112,121,-0.3436857104301453,-0.3376145084571425,-0.4678890460909156,-0.08006340418625282,False,0.38772115235928795,-0.2655304416471865,1.1375793679617956,False,0.0,0.719073134130749,0.14016334372284717,2.4395874215534334,0.012499999999999956,True,False,0.5795710561870667,0.13443183979851137,0.11491452360607046,1.3045218876983122,-0.6252412687882232,-0.03373601014098023,False,0.008333333333333333,False,False,0.00014110584551072387,impact,True,success_unloaded
S,sac,1,SS3,72,1881702858,success,dwell_complete,0.3318554748651299,1.3291666666666666,False,1.3291666666666666,True,40,13,0,0,0,15,15,0,0,0,13,-0.7201888114221634,0,120,121,-0.3219186007976532,-0.3202791070743863,-0.387562842774193,-0.009243266474151912,False,0.3782766175203436,-0.4822274617852017,1.1208838528385985,False,0.75,0.5995144717407153,0.08485675898850939,2.521377486897356,0.008333333333333304,True,True,0.42572467804142095,0.08170441096296231,0.15419481221254258,1.4569861251990806,-1.1390239713895487,-0.029900469573819654,False,0.008333333333333333,False,False,-0.00017891453484532738,impact,True,success_unloaded
S,sac,1,SS3,73,289920193,success,dwell_complete,0.28048566840751865,1.3291666666666666,False,1.3291666666666666,True,40,2,0,0,0,15,13,0,0,0,2,-0.9743587649111933,0,120,121,-0.31831220388412473,-0.2641309124588964,-0.3732150059660949,-0.08063629912546305,False,0.2924023946030819,-0.35624248617996485,0.8940915706631057,False,0.75,0.5428164011968422,0.08031050083833534,2.1876758055443757,0.008333333333333304,True,True,0.42572467804142095,0.07370803190178124,0.15394710314694288,1.1413850950464652,-1.1062970202340676,0.029758204731320455,True,0.0,False,False,0.0008178619786354821,impact,False,
S,sac,1,SS3,82,1242778508,success,dwell_complete,0.3519990181047523,1.3666666666666667,False,1.3666666666666667,True,41,1,0,0,0,15,1,0,0,0,1,-0.6485487685638132,0,120,120,-0.3097893297672272,-0.3362285873139943,-0.3408793718134608,0.03244840360997363,False,0.3733477255343017,-1.3630473491386623,1.0934920202832963,False,0.875,0.5091955958216554,-0.07051220990249496,2.6630078989671957,0.016666666666666607,True,True,0.42572467804142095,-0.07147066074767,0.15005943882072706,1.7005717625195238,-0.9199533462524414,-0.026195255484739666,False,0.004166666666666667,False,False,-0.0001640425319483019,impact,True,success_unloaded
S,sac,1,SS3,88,1372208371,success,dwell_complete,0.37791377684963595,1.4125,False,1.4125,True,43,5,0,0,0,15,15,0,0,0,5,-0.8890162031233905,0,120,125,-0.30957022309303284,-0.29580698200789607,-0.4640802729136233,-0.06817260562235164,False,0.3956607261807686,-0.9306635370856023,0.974697685501068,False,0.25,0.8374544336361562,-0.015282697346635128,2.9396573626962805,0.016666666666666607,True,False,0.974697685501068,-0.01149921293084176,0.006474915502363728,1.5430514719394626,-0.4742269814014435,0.005832643279728942,True,0.0,False,False,0.0005741226552243437,impact,False,
S,sac,1,SS3,102,2010693803,success,dwell_complete,0.3335522560961013,1.4875,False,1.4875,True,45,3,0,0,0,15,15,0,0,0,3,-0.7633410280962241,0,120,123,-0.23985733985900878,-0.2699972526261789,-0.4497963101710162,-0.07865194146714605,False,0.3711593972150879,-0.009860548388682746,0.7653259667336898,False,0.5,0.5955253223875554,-0.208268584219363,1.4408227472752426,0.008333333333333304,True,False,0.7653259667336898,-0.22660788093261555,0.055983862682852915,0.6316345166345603,-0.5369254946708679,0.05532881613860725,True,0.0,False,False,0.0009032207150238462,impact,False,
S,sac,1,SS3,115,268198437,success,dwell_complete,0.4050917195476911,1.2291666666666667,False,1.2291666666666667,True,37,1,0,0,0,15,15,0,0,0,0,-0.821873600311082,0,112,121,-0.44608566761016843,-0.40101134303720953,-0.5925325314467804,-0.15882443732675366,False,0.43316224156885397,-0.8254589607601207,0.9642046917152842,False,0.0,0.5619004642352085,0.4478458098279671,2.3050367176992927,0.02083333333333326,True,False,0.4277990550751831,0.4789591181638783,0.1643635191402885,1.355768359641143,-0.9360001575244338,0.02026945757362578,True,0.0,False,False,0.00045809121601674175,impact,False,
S,sac,1,SS3,129,107904836,success,dwell_complete,0.37057939213323937,1.3541666666666667,False,1.3541666666666667,True,41,12,0,0,0,15,15,0,0,0,11,-0.8409374230501376,0,120,123,-0.3370689213275909,-0.33520879901451994,-0.4020941761989621,-0.014243257065762016,False,0.38777996249905045,-0.7514397720514653,0.938298702341256,False,0.5,0.6820116901913386,-0.008672929659985194,2.2157555310787234,0.012499999999999956,True,False,0.938298702341256,-0.009223504739373597,0.01613867266485123,1.292246756410963,-0.43476784229278564,0.016011997026411956,True,0.0,False,False,9.433390077872642e-05,impact,False,
S,sac,1,SS3,130,1674865942,success,dwell_complete,0.3785803847418918,1.1333333333333333,False,1.1333333333333333,True,34,10,0,0,0,15,15,0,0,0,8,-0.7706590223290858,0,120,120,-0.5652875125408172,-0.5381609626614632,-0.4440764710176996,-0.02598954415466046,False,0.4180704040683057,-0.5142445772952953,0.9213149690619026,False,0.875,0.4876734644189812,0.10421609037025967,1.7825609048176414,0.02083333333333326,True,True,0.42572467804142095,0.10059098260511386,0.15468807059211664,1.081223735054189,-0.8955201685344213,0.024569525372822695,True,0.0,False,False,0.000371261846239471,impact,False,
S,sac,1,SS3,132,1332772073,success,dwell_complete,0.31338604996140335,1.35,False,1.35,True,41,4,0,0,0,15,15,0,0,0,4,-0.7379840662533105,0,120,124,-0.2867362439632416,-0.2970112893516093,-0.32178315451007095,0.005270121171716973,False,0.32687008748767254,-0.8113608471736579,0.9945850142743612,False,0.375,0.7812623881870085,-0.0359778256361797,1.803440631132026,0.016666666666666607,True,False,0.9945850142743612,-0.03604836094748465,0.0004970465537125045,1.003119274952915,-0.3277655839920044,0.0004753853364820224,True,0.0,False,False,-6.210882125351139e-06,impact,False,
S,sac,1,SS3,134,770293282,success,dwell_complete,0.35785782996077686,1.2958333333333334,False,1.2958333333333334,True,39,2,0,0,0,15,14,0,0,1,2,-0.7521750437572963,0,120,121,-0.3381388604640961,-0.3373370457710611,-0.4206783033097251,-0.015065936268281958,False,0.40557394130238367,-0.14772393146602164,0.9519851136658519,False,0.75,0.5572897869475287,-0.018719914847982255,2.2347681588211707,0.012499999999999956,True,True,0.42572467804142095,-0.019342602158656477,0.15145597684375248,1.2206419625848648,-1.197318931187772,0.012092344590526055,True,0.0,False,False,0.00011848657479824369,impact,False,
S,sac,1,SS3,136,52561716,success,dwell_complete,0.34600687403756397,1.3666666666666667,False,1.3625,True,41,1,0,0,0,15,15,0,0,0,1,-0.818316739259676,0,120,120,-0.37506797909736633,-0.3605086695978007,-0.4844685735113106,-0.08451845050321041,False,0.39983525724447966,0.1934389998188477,1.0404304325094427,False,0.875,0.5025628973499237,0.0829284943560746,3.322068153221257,0.008333333333333304,True,True,0.42572467804142095,0.06512532681701433,0.1537532837823565,1.5786148329516012,-1.2119135672225192,-0.009573472237790726,False,0.004166666666666667,False,False,0.0005515070436588864,impact,True,success_unloaded
S,sac,1,SS3,142,538582925,success,dwell_complete,0.38243530480032056,1.2291666666666667,False,1.2291666666666667,True,37,3,0,0,0,15,14,0,0,0,3,-0.8303362065579449,0,120,121,-0.35036540031433105,-0.3435337828257024,-0.422660810609202,-0.0027731327535586627,False,0.4199447422537903,-0.6499953015572476,0.9564715346401379,False,0.75,0.5584113921911003,0.016935862320747917,2.8911902794339457,0.012499999999999956,True,True,0.42572467804142095,0.01698251174973335,0.15246476925036176,1.7799854535697042,-0.8303362065579449,0.011982789968811346,True,0.0,False,False,2.5382656282712492e-05,impact,False,
S,sac,1,SS3,144,1170825572,success,dwell_complete,0.34853091549495846,1.5333333333333332,False,1.5333333333333332,True,46,2,0,0,0,15,15,0,0,0,2,-0.8669751396103724,0,120,120,-0.2685480237007141,-0.2834494487067693,-0.424928882347424,-0.06401193204803093,False,0.36095692575407684,-0.7153403110660181,0.9557902721244232,False,0.875,0.49198287730179624,-0.002940193335082608,2.5778514302209112,0.008333333333333526,True,True,0.42572467804142095,-0.01893960819707881,0.15146475402770515,1.1835134756993904,-0.8669751396103724,0.010603601548439024,True,0.0,False,False,0.0003229939461608392,impact,False,
S,sac,1,SS3,156,1593741725,success,dwell_complete,0.3015186346853998,1.7291666666666667,False,1.7291666666666667,True,52,3,0,0,0,15,2,0,0,0,3,-1.0014662146568298,0,120,121,-0.3084529221057892,-0.3446206813841154,-0.29359803791684397,0.037643858957966486,False,0.33142994874886206,-0.6039421299958185,1.068015580644126,False,0.75,0.5862974036920973,-0.043403928959127466,2.479210034362594,0.012499999999999956,True,True,0.42572467804142095,-0.042883482320763666,0.1508153356392247,1.187877813181819,-0.9356582151938414,-0.019095509133532407,False,0.008333333333333333,False,False,0.0005933734727129356,impact,True,success_unloaded
S,sac,1,SS3,187,1530772550,success,dwell_complete,0.33655200455104894,1.25,False,1.25,True,39,6,0,0,0,14,14,0,0,0,6,-0.7227890223557119,0,120,124,-0.40929492712020876,-0.38374799689528644,-0.3545639275076912,-0.009102503502746911,False,0.3453909838910915,-1.1387912963169204,1.1608451583170087,False,0.375,0.8851749782136632,0.11129874708171736,1.682659426659433,0.012499999999999956,True,False,1.1608451583170087,0.11097869442230429,-0.039518768943013,1.0504513083760687,-0.29176855087280273,-0.03960660778583589,False,0.020833333333333332,False,False,8.379163261997822e-05,impact,True,success_unloaded
S,sac,1,SS3,191,1615938081,success,dwell_complete,0.3600896147587493,1.2625,False,1.2625,True,38,4,0,0,0,15,15,0,0,0,4,-0.6276332839566654,0,120,121,-0.3234620153903961,-0.3211928069737962,-0.3686984372853204,-0.002048073890786533,False,0.3668154147326534,-1.0469874310885943,0.821546986386751,False,0.75,0.5246802551277535,-0.004840721241800157,3.0973184161666922,0.016666666666666607,True,True,0.42572467804142095,-0.004971651214514102,0.1518597952652237,1.6203399899409023,-1.10189367670217,0.047153966358918095,True,0.0,False,False,-3.3795041579847866e-05,impact,False,
S,sac,1,SS3,198,108547188,success,dwell_complete,0.2230673521276738,1.5666666666666667,False,1.5666666666666667,True,47,13,0,0,0,16,10,0,0,0,13,-0.8902149997374077,0,128,128,-0.24321555495262145,-0.3399033328583448,-0.20581506103222227,0.03376418496511334,False,0.23978773632460287,-0.6446661008195209,0.9201492557281297,False,0.875,0.4875277502522596,-0.7427020829074776,2.093905868323184,0.02083333333333326,True,True,0.42572467804142095,-0.7477826948232985,0.13175588685900064,1.0776713733229615,-0.7128422421614283,0.0016286630640230117,True,0.0,False,False,0.0013728231452702952,impact,False,
S,sac,1,SS3,199,1565262016,success,dwell_complete,0.3265079404414662,1.4833333333333334,False,1.4833333333333334,True,45,13,0,0,0,15,10,0,0,8,13,-1.3462957441806793,4,120,124,-0.3726485431194305,-0.36000102120888033,-0.37174265388776856,-0.0348906852672953,False,0.33721585754733946,-0.8435230697706585,0.8674715700791161,False,0.375,0.7018164855649804,-0.051131050939324386,1.202277409782099,0.016666666666666607,True,False,0.8674715700791161,-0.050553352303324736,0.03362784154124745,0.5261629146005352,-0.4235066771507263,0.033576853908141066,True,0.0,False,False,0.00015906528021033053,impact,False,
S,sac,1,SS4,15,217668846,success,dwell_complete,0.34510294556141136,1.55,False,1.55,True,47,1,0,0,0,15,12,0,0,0,0,-0.8599361453672093,0,120,124,-0.25160098671913145,-0.30218229874509317,-0.46028255114310873,-0.10318363454229247,False,0.35895556102078346,-0.8328885654160483,0.8025681863307373,False,0.375,0.6612518707222437,-0.5109788408335958,0.4371716485388571,0.012499999999999956,True,False,0.8025681863307373,-0.5154568280898214,0.03817229495176684,0.19279459422634201,-0.544385701417923,0.03771263197581337,True,0.0,False,False,0.0010239490555203428,impact,False,
S,sac,1,SS4,16,696548069,success,dwell_complete,0.29987226667870165,1.6208333333333333,False,1.6208333333333333,True,49,8,0,0,0,15,12,3,0,0,7,-0.6420625614443809,0,120,123,-0.23227393627166748,-0.31348279966431836,-0.2630653235515447,0.04441027456622278,False,0.30794470002549595,-0.8115959509509825,0.9323608861546931,False,0.5,0.679042782098057,-0.21133017218424843,1.7791596837744788,0.016666666666666607,True,True,0.42572467804142095,-0.21077636825324195,0.14623611526516145,0.9625129233192272,-0.8833197419072986,0.012105739899392582,True,0.0,False,False,-0.0008932880083277274,impact,False,
S,sac,1,SS4,23,2087876775,success,dwell_complete,0.4000881447827766,1.0708333333333333,False,1.0708333333333333,True,33,2,0,0,0,15,6,0,0,0,2,-1.3646546602249146,0,120,127,-0.4338212251663208,-0.4128025004383431,-0.4541779886739836,-0.05362837691233068,False,0.3979210815672737,-1.0123299841848208,0.6026360577769,False,0.0,0.6026360577769,-0.0868470636317787,3.3601802525456375,0.02083333333333326,True,False,0.6026360577769,-0.0843641425537935,0.10250906183015898,1.5748412377696575,-0.6532398462295532,0.10236084128119444,True,0.0,False,False,0.00032792521521833243,impact,False,
S,sac,1,SS4,25,1955270286,success,dwell_complete,0.27720079173024853,1.5375,False,1.5375,True,47,2,0,0,0,15,15,0,0,0,2,-1.3177381774964587,2,120,127,-0.33316137194633483,-0.32076557298106295,-0.4648660413638839,-0.14993793616171164,False,0.3157923980990288,-0.21432172920315207,0.9636092040863453,False,0.0,0.9636092040863453,-0.35019091688852166,1.7021918702461178,0.029166666666666563,True,False,0.9636092040863453,-0.3151332100530613,0.001030911604991062,1.1373641292393293,-0.4779955744743347,2.6246132002192277e-05,True,0.0,False,False,0.0013622799775212158,impact,False,
S,sac,1,SS4,35,1846185832,hard_landing,dwell_complete,0.5097953857739526,1.5,False,1.5,True,45,5,0,0,0,15,11,0,0,1,5,-0.6466202336702966,0,120,120,-0.4059292674064636,-0.34586982877632083,-0.6674937869469086,-0.08308748873158374,False,0.5823538790852177,-0.3429379605408901,1.0918971201434777,False,0.875,0.508996233304178,0.10059119178918347,4.690885258180094,0.02083333333333326,True,True,0.42572467804142095,0.10698358682161994,0.15483388574930781,2.58774156720671,-1.017996384599845,-0.021041618984580884,False,0.004166666666666667,False,True,0.0005938384536287692,impact,False,
S,sac,1,SS4,57,1109774061,success,dwell_complete,0.28513768154435487,1.5875,False,1.5875,True,48,6,0,0,0,15,8,0,0,0,6,-0.8248766638641233,0,120,123,-0.23077512383461,-0.30288125536135213,-0.299306517193333,-0.017040247679409672,False,0.28253952410568256,-1.283055653881222,0.8959573648163144,False,0.5,0.6608410214288677,-0.416010159841483,2.197850376542882,0.025000000000000133,True,True,0.42572467804142095,-0.40975930615332884,0.1408308190131435,1.1417581016632234,-0.9013334361547536,0.016206435905558574,True,0.0,False,False,0.0002511086319823129,impact,False,
S,sac,1,SS4,59,1875727330,success,dwell_complete,0.30684176322523465,1.0916666666666666,False,1.0916666666666666,True,33,6,0,0,0,15,15,0,0,0,6,-0.9196872725711774,0,120,122,-0.5177531898021698,-0.4213721748592956,-0.40070877113416103,-0.07221639104268347,False,0.3284467897924987,-0.6658594437982509,0.9966618826317205,False,0.625,0.6398261297627833,0.3151791619789699,1.4151029364997163,0.012500000000000178,True,True,0.42572467804142095,0.31350997246953044,0.16039918789486737,0.6734861131618727,-0.9255392345401735,0.009028415531262221,True,0.0,False,False,0.0004457864491545132,impact,False,
S,sac,1,SS4,69,1916697051,success,dwell_complete,0.3360882304388965,1.4291666666666667,False,1.4291666666666667,True,43,9,0,0,0,15,12,0,0,0,9,-0.8818788873569379,0,120,121,-0.30853944420814516,-0.3132129544856877,-0.32395409221164917,0.014260295900687128,False,0.33818843936990556,-1.0691233196204397,0.8468483565747729,False,0.75,0.531005597674759,0.05108343988025928,1.8494418771177943,0.016666666666666607,True,True,0.42572467804142095,0.051204975767179514,0.15333601514178005,1.0389929507735258,-0.9421615898609161,0.04188475011310495,True,0.0,False,False,-0.00010039334029558865,impact,False,
S,sac,1,SS4,81,1069232166,success,dwell_complete,0.3598308090438449,1.4666666666666666,False,1.4666666666666666,True,44,2,0,0,0,15,15,0,0,0,2,-0.7607542223488332,0,112,120,-0.25798330903053285,-0.2629298917643406,-0.4917572119326844,-0.11756079801686901,False,0.3743817106429235,-0.8531371962110222,0.823738662499631,False,0.0,0.49188509431382044,-0.16053600746283223,3.0345631465286176,0.01666666666666683,True,False,0.44447744171584747,-0.15334237378768775,0.14289010787953052,1.6956400239133682,-0.8190333386045835,0.04114410326838263,True,0.0,False,False,0.0007775899773412947,impact,False,
S,sac,1,SS4,85,2081940702,success,dwell_complete,0.3040290019157544,1.3166666666666667,False,1.3166666666666667,True,40,14,0,0,0,15,15,0,0,0,14,-0.8199611826644795,0,120,124,-0.385052227973938,-0.3406224434213208,-0.3931917068396724,-0.0355792057555644,False,0.35765939020264753,-0.15276331148358763,1.1694130160512632,False,0.375,0.8905298892975725,0.21758858710494017,1.7914781427092283,0.008333333333333304,True,False,1.1694130160512632,0.21411807552004242,-0.038997521398535274,1.081026221009489,-0.32817962765693665,-0.03918420158444939,False,0.020833333333333332,False,False,0.00012043004773229567,impact,True,success_unloaded
S,sac,1,SS4,89,1460784246,success,dwell_complete,0.4807525601341607,1.1833333333333333,False,1.1833333333333333,True,36,5,0,0,0,15,15,0,0,0,5,-0.9012381222165308,0,120,124,-0.4767241895198822,-0.4511629983797178,-0.5321222201891871,-0.002693106079770519,False,0.5292493295758357,-0.7624065541957693,1.2940975404873767,False,0.375,0.9684577170701432,0.11151427499631661,0.3191525537801995,0.016666666666666607,True,False,1.2940975404873767,0.11158981605389422,-0.07485564404979093,0.20198302031968712,-0.41398411989212036,-0.07485859136880384,False,0.020833333333333332,False,True,0.00010516532208079392,impact,True,success_unloaded
S,sac,1,SS4,94,1246638828,success,dwell_complete,0.22905915093452525,1.4958333333333333,False,1.4958333333333333,True,45,8,0,0,0,15,15,0,0,0,8,-0.8227987549360752,0,120,121,-0.21911083459854125,-0.3258914564067447,-0.37535042972357796,-0.1356708806823916,False,0.24019767426214628,-0.06797011675183602,0.6022479125604739,False,0.75,0.4698554866711842,-1.0380540684066015,2.3330797785952875,0.029166666666666563,True,True,0.42572467804142095,-0.950146149608285,0.1262864476935019,1.5661187243193866,-0.9029279778432137,0.07563848898113038,True,0.0,False,False,0.001841707010991122,impact,False,
S,sac,1,SS4,111,1101765951,success,dwell_complete,0.33100382882530566,1.4416666666666667,False,1.4416666666666667,True,44,5,0,0,0,15,8,0,0,0,5,-0.9673185592354919,0,120,126,-0.3538901388645172,-0.29812268224009714,-0.48688007729692834,-0.13226001185829747,False,0.3547003957395143,-0.8690438586011471,0.9998615639888859,False,0.125,0.9280944532454528,0.013308032169585187,2.541425231504678,0.016666666666666607,True,False,0.9998615639888859,0.018164886791299406,0.0005070476477067031,1.2772302993356603,-0.4861512780189514,-0.00038927569521822285,False,0.0125,False,False,0.0008500297264336879,impact,True,success_unloaded
S,sac,1,SS4,123,1422627062,success,dwell_complete,0.3514233699795242,1.0166666666666666,False,1.0125,True,32,9,0,0,0,14,14,0,0,0,2,-0.9894151274473488,0,120,124,-1.1777127163968217,-0.9754519331898523,-0.6799691776958459,-0.26978928485713416,False,0.4107240480439654,0.19332662051496552,1.3316843634199482,False,0.375,0.9919494814030007,0.5483096642933243,2.4306107097410394,0.008333333333333304,True,False,1.3316843634199482,0.5263599229369564,-0.0734400130150708,1.4474247058087488,-0.5455245673656464,-0.07438393250413101,False,0.020833333333333332,False,False,0.0013258454736234018,impact,True,success_unloaded
S,sac,1,SS4,135,1161446768,success,dwell_complete,0.3057674257427185,1.65,False,1.65,True,50,3,0,0,0,15,11,0,0,0,3,-0.9131238162517548,0,120,124,-0.19694940447807313,-0.2880502585940114,-0.4036072016292645,-0.06745724447704933,False,0.33954858081301054,-0.26767950189374384,0.8803096110152571,False,0.375,0.7098402611500686,-0.64104600154271,2.300528763188693,0.02083333333333348,True,True,0.42572467804142095,-0.6299000828907368,0.13481407158160266,1.1806790356123777,-0.8199070705951812,0.013788346841565774,True,0.0,False,False,0.0010384177400717858,impact,False,
S,sac,1,SS4,140,451247318,success,dwell_complete,0.38687012945062876,1.4541666666666666,False,1.4541666666666666,True,44,6,0,0,0,15,1,0,0,0,6,-0.9444677531719208,0,120,123,-0.4693255841732025,-0.45476323230418625,-0.362943871870234,0.05834263976716841,False,0.4204261612819989,-0.3849791392007175,0.8761494686064802,False,0.5,0.6509370733239507,0.23657147929846853,2.068891584726843,0.012499999999999956,True,False,0.8761494686064802,0.23826253371795844,0.03915091178085617,1.068608979691396,-0.41174572706222534,0.03915091178085617,True,0.0,False,False,-0.0007510427850905533,impact,False,
T,sac,1,SS4,143,2111304899,success,dwell_complete,0.4567329033679522,0.9874999999999999,False,0.9833333333333333,True,30,2,0,0,0,15,15,0,0,0,2,-1.0091319817096625,0,120,123,-0.45211946964263916,-0.4883104200100164,-0.5268307994655912,0.004316834696874469,False,0.5329238931159765,1.0170194216295485,0.913663032080443,False,0.5,0.6696938550609319,-0.20650170302224788,5.019305865610821,0.012500000000000067,True,False,0.913663032080443,-0.20626676835491045,0.017391165120719254,2.2492186434785943,-0.5616611838340759,0.017256708722327173,True,0.0,False,True,-1.02590480139331e-05,impact,False,
S,sac,1,SS4,145,1286322466,success,dwell_complete,0.3101284797756121,1.4583333333333333,False,1.4583333333333333,True,44,9,0,0,0,15,14,0,0,0,9,-1.1715448572248033,0,120,122,-0.33889814615249636,-0.3118946777617234,-0.44319943363204367,-0.10899143173785682,False,0.33325546897562003,-0.7622254750236586,0.9084978920807177,False,0.625,0.6067646333061573,-0.1995877021850177,2.8877807258715404,0.025000000000000133,True,True,0.42572467804142095,-0.1846982984476775,0.14685933060130776,1.58321758387861,-1.1203738792485523,0.018627308065751726,True,0.0,False,False,0.0011330505874151714,impact,False,
S,sac,1,SS4,147,1697022180,hard_landing,dwell_complete,0.5564941492631493,1.9208333333333334,False,1.9208333333333334,True,59,7,0,0,0,14,13,0,0,2,6,-0.9053755734479063,0,80,123,-0.39819844961166384,-0.3407812745154609,-0.7010418971279919,-0.07528863405981044,False,0.6241872712404561,-0.6738975118971896,0.7666224577893057,False,0.0,0.6107393964685686,0.01165689432682668,4.228416891878161,0.02499999999999991,True,False,0.45485633514783136,0.016555509095925847,0.14367437342619974,1.9812483631010813,-0.955699919610927,0.06107950471978177,True,0.0,False,True,0.0004116545593408873,impact,False,
S,sac,1,SS4,157,990009387,success,dwell_complete,0.4758861586128368,1.6416666666666666,False,1.6375,True,50,0,0,0,0,15,2,0,0,0,0,-0.7892021834850311,0,120,126,-0.4216997385025024,-0.3744709411845651,-0.6240670164062366,-0.05562495669784743,False,0.5684506841995502,0.022945202540545342,1.137099965036019,False,0.125,1.048178054161694,0.07370293357672077,4.059129362978487,0.012499999999999956,True,False,1.137099965036019,0.0724661396209342,-0.034192770709195894,2.238955642495009,-0.557864785194397,-0.03456827882151543,False,0.029166666666666667,False,True,0.0004337860740722739,impact,True,success_unloaded
S,sac,1,SS4,161,846331680,success,dwell_complete,0.4184181288342262,1.8666666666666667,False,1.8666666666666667,True,56,0,0,0,0,15,14,5,0,1,0,-0.8747684846300071,0,112,120,-0.21903123259544371,-0.30072822782637215,-0.35294361917501266,0.0770826098685454,False,0.4289499855695419,-1.2541924911698463,1.0179138926979696,False,0.875,0.4997483298734895,-0.12521265025239092,2.0158717576686307,0.02499999999999991,True,True,0.42572467804142095,-0.13074192024070225,0.14818307226875843,1.2071546115839609,-0.7537007293503314,-0.006593331578161746,False,0.004166666666666667,False,False,-0.00045594623650855665,impact,True,success_unloaded
S,sac,1,SS4,162,1307500521,success,dwell_complete,0.2971481417419156,1.2833333333333332,False,1.2833333333333332,True,39,13,0,0,0,15,13,0,0,0,13,-0.7969100475311279,0,120,124,-0.29996537566185,-0.31488347954096113,-0.31808970921463103,-0.0023622796950640815,False,0.31521754546820735,-0.6475920548878639,0.9129744371257524,False,0.375,0.7302557774691281,-0.06680727175419286,1.5502152437932617,0.008333333333333526,True,False,0.9129744371257524,-0.06787021019036389,0.02115980490585013,0.6827125711479274,-0.35617464780807495,0.021110898243388597,True,0.0,False,False,0.0001018844048405622,impact,False,
S,sac,1,SS4,176,927760525,success,dwell_complete,0.3522466624540179,1.5208333333333333,False,1.5208333333333333,True,46,6,0,0,0,15,15,0,0,0,6,-0.9328917795777556,0,120,123,-0.29616803526878355,-0.27532732185133924,-0.444141437230395,-0.09591793309722103,False,0.34881372362944946,-1.4080438441945222,0.9015869674173812,False,0.5,0.6636558227294012,0.06563988514811958,1.833494434746878,0.012499999999999956,True,False,0.9015869674173812,0.06244019056859998,0.027728140701075068,0.8084170906734643,-0.4833795726299286,0.027191246062896093,True,0.0,False,False,0.0004571285015641871,impact,False,
S,sac,1,SS4,188,638130436,success,dwell_complete,0.411270718716469,1.3625,False,1.3625,True,41,8,0,0,0,15,5,0,0,0,8,-0.7224830389022827,0,120,121,-0.4128952443599701,-0.3975280411540465,-0.4392569388699891,0.007446628843232681,False,0.44797214541564423,-0.7524685141059468,1.0714726407038977,False,0.75,0.5871616687070401,0.054748013895086815,3.2312047965757418,0.012499999999999956,True,True,0.42572467804142095,0.05552376508918412,0.15344600658870203,1.5104328966721192,-1.1802426848520364,-0.017375616427212272,False,0.008333333333333333,False,False,-0.00016932531118721224,impact,True,success_unloaded
S,sac,1,SS4,189,479807060,success,dwell_complete,0.49515576233291747,1.1916666666666667,False,1.1916666666666667,True,36,5,0,0,0,15,11,0,0,0,4,-0.37129855155944824,0,56,122,-0.5956381380558013,-0.5128043546092859,-0.5705647369743926,-0.07154471551923534,False,0.49541049023400213,-1.590815801042007,0.8060445543035135,False,0.625,0.5683446316397057,0.13977641615069006,3.435004941348597,0.02083333333333326,True,True,0.42572467804142095,0.14261175486920002,0.15575910065785065,1.9584216099427507,-0.9478785701362106,0.05497984584355822,True,0.0,False,False,0.0036814155130075097,impact,False,
S,sac,1,SS4,194,2027452974,success,dwell_complete,0.3669361167608477,1.1916666666666667,False,1.1916666666666667,True,36,12,0,0,2,15,15,0,0,0,12,-0.6986205254252055,0,120,122,-0.4331213414669037,-0.41433614861119955,-0.4321651962619757,-0.02370564469687349,False,0.4086155018813971,-0.5499966175227882,1.107522047627492,False,0.625,0.6813986916361975,0.13462842451825563,1.2723010899817158,0.004166666666666652,True,False,1.107522047627492,0.12473964391334064,-0.025076112573628666,0.5685367090873565,-0.4030885398387909,-0.02518071504024016,False,0.0125,False,False,-0.0002234048963251699,impact,True,success_unloaded
T,sac,1,SS5,6,1293852831,hard_landing,dwell_complete,0.687985378490232,1.5166666666666666,False,1.5166666666666666,True,46,6,0,0,0,15,11,0,0,0,6,-1.2921848390251707,1,120,124,-0.7915777087211608,-0.6825708891084605,-0.7192190178665347,0.046138442796130476,False,0.7591945236771769,-1.4252714048071289,0.6713915077278576,False,0.375,0.5792664465954439,0.7296771658359503,6.636841031379524,0.025000000000000133,True,True,0.42572467804142095,0.7249724802306348,0.1705708607879746,2.9388735265370522,-0.9517326013521542,0.10570693501237126,True,0.0,False,True,0.02143710033143726,impact,False,
S,sac,1,SS5,8,1065105648,success,dwell_complete,0.40004536480044045,1.8083333333333333,False,1.8083333333333333,True,55,0,0,0,0,15,7,0,0,0,0,-1.022445162989865,0,120,126,-0.2754273295402527,-0.1879419918500436,-0.5991791767268025,-0.17514339758389447,False,0.43453099735428435,-0.5540417637239307,0.9763225064375226,False,0.125,0.9074977778880099,-0.11216727344213474,3.2661886775579188,0.02499999999999991,True,False,0.9763225064375226,-0.091410432088406,0.0026455638414121254,1.5305228771227535,-0.6113194227218628,0.0018593619941849914,True,0.0,False,False,0.0019792079793691996,impact,False,
T,sac,1,SS5,11,1072639523,hard_landing,dwell_complete,0.6552486515712588,1.525,False,1.5208333333333333,True,46,7,0,0,0,15,7,0,0,0,7,-1.0990778803825378,0,120,122,-0.42503601908683775,-0.5097531796233582,-0.695197732603718,0.055988348356622766,False,0.7402564679691792,1.3437780437976587,0.45968980498301504,False,0.625,0.4384616006445187,-0.2685072154038255,7.063754307141508,0.008333333333333304,True,False,0.45968980498301504,-0.2644243939886542,0.1354489025376486,3.1044681814316553,-0.9026491641998291,0.1354489025376486,True,0.0,False,True,0.013317085704029327,impact,False,
S,sac,1,SS5,17,419316027,success,dwell_complete,0.36664370399396035,1.1041666666666667,False,1.1041666666666667,True,34,6,0,0,0,15,15,0,0,0,6,-0.9468935492422305,0,120,127,-0.43669230341911314,-0.4028748449525462,-0.3585963003539248,0.03635621257628554,False,0.3950573714935318,-0.9173621396102426,1.0533899337930654,False,0.0,1.0533899337930654,0.2870612173486037,2.37984403196664,0.016666666666666607,True,False,1.0533899337930654,0.28477190133407143,-0.006356206899828209,1.3946594355078552,-0.32628849148750305,-0.006829485859425695,False,0.03333333333333333,False,False,-0.0009058905158124892,impact,True,success_unloaded
S,sac,1,SS5,18,1615341671,success,dwell_complete,0.34000275307944666,0.9874999999999999,False,0.9874999999999999,True,31,7,0,0,0,14,14,0,0,0,7,-0.9107600541837007,0,120,123,-0.7421105682849884,-0.6017002587054334,-0.49090378217430913,-0.11230957886189184,False,0.37521260515886345,-0.39810011309944954,1.1246639070896054,False,0.5,0.7751942925655131,1.1652191289312528,3.4157292270233754,0.033333333333333326,False,True,0.42572467804142095,1.218695870745526,0.18471062812901157,1.554476458887625,-1.0286945700645447,-0.0009020791089649016,False,0.0125,False,False,0.0030570426792217407,post_contact_idle,True,success_unloaded
T,sac,1,SS5,19,210838646,off_pad,dwell_complete,0.6041928481568494,1.575,False,1.575,True,48,1,0,0,0,15,11,2,0,2,1,-0.7846174267762753,0,112,126,-0.013842242956161498,-0.15672949110623283,-0.45801398967584606,0.20752758873127575,False,0.6724771497270242,-0.7425755994314582,0.9122255358813406,False,0.125,0.8514129286513507,-0.03449246692268046,7.735740312616402,0.04166666666666674,False,True,0.42572467804142095,-0.08758130483547044,0.14749854575020127,3.768698205942957,-1.0993677102927015,0.017661840244169145,True,0.0,False,True,-0.0014189170302282732,post_contact_idle,False,
S,sac,1,SS5,20,702950301,success,dwell_complete,0.4035789905459424,0.8208333333333333,False,0.8166666666666667,True,25,3,0,0,0,15,13,0,0,0,3,-0.9996384284914918,1,120,123,-0.6686659693717957,-0.5235970027826583,-0.6329845095340435,-0.17055046860053596,False,0.47016610168830636,0.006967963459883274,0.9614180749779704,False,0.5,0.6935713765096957,0.3446134037469279,3.4015378950036377,0.01666666666666672,True,True,0.42572467804142095,0.3490226833310495,0.1606434302400019,1.6627717832709963,-1.436061680316925,0.018298456048259627,True,0.0,False,False,0.0011905094510009154,impact,False,
S,sac,1,SS5,30,1268272897,success,dwell_complete,0.37856727328130596,1.4125,False,1.4125,True,43,9,0,0,0,15,3,0,0,0,8,-0.7825615913553234,0,120,125,-0.5305948793888092,-0.4334164660811462,-0.47647063300050563,-0.040331148057818275,False,0.43603869799329315,-0.00932661833048869,1.0941429320343936,False,0.25,0.9270383685361504,0.3731410118957543,2.003480261505752,0.016666666666666607,True,False,1.0941429320343936,0.3741420138523492,-0.014730061736334463,1.3383388226991757,-0.4443456530570984,-0.01490849710745389,False,0.025,False,False,0.00026320435155633044,impact,True,success_unloaded
S,sac,1,SS5,33,714116886,success,dwell_complete,0.3657951392831562,1.9333333333333333,False,1.9333333333333333,True,58,9,0,0,0,16,13,8,1,0,8,-0.8741028949624098,0,128,128,-0.1924533724784851,-0.2651017667926934,-0.2757572267804639,0.08870033141103845,False,0.3587181930058928,-1.409730779822035,0.8350076414283,False,0.875,0.47688504846478086,-0.05114120470888485,3.16068789136819,0.033333333333333215,False,True,0.42572467804142095,-0.0627341512245773,0.14984719252820813,1.4364677566700732,-0.8840287651093406,0.045299263054917084,True,0.0,False,False,-0.000497400302029739,post_contact_idle,False,
T,sac,1,SS5,41,322764549,hard_landing,dwell_complete,0.5885277341913177,1.8916666666666666,False,1.8916666666666666,True,57,5,0,0,0,15,9,1,0,0,2,-0.5376327427167065,0,58,122,-0.3387856960296631,-0.35785591805298383,-0.7298581345640904,-0.14150135686217666,False,0.6201754714274281,-1.2731309741649652,0.42572467804142095,True,0.375,0.49178348863055454,-0.4301648111637093,7.113762073976773,0.050000000000000044,False,True,0.42572467804142095,-0.3639816116338745,0.14014189168211771,2.342134711169816,-0.8892245813144333,0.047931372833579906,True,0.0,False,True,0.05261731745561087,post_contact_idle,False,
T,sac,1,SS5,44,365929628,hard_landing,dwell_complete,0.5293897657748097,1.575,False,1.575,True,48,7,0,0,0,15,7,0,0,0,7,-0.751101978747657,0,120,126,-0.5199955701828003,-0.433325222756936,-0.6362925195088002,-0.03614039555540445,False,0.6049088646678904,-0.40251263329927306,1.2638136508014879,False,0.125,1.1590525292064793,0.3397437694528691,5.06759502658281,0.025000000000000133,True,False,1.2638136508014879,0.34345431470334187,-0.060369569371955714,2.7100016774531714,-0.5021946430206299,-0.060911692104580265,False,0.029166666666666667,False,True,0.0003069202666700605,impact,False,
T,sac,1,SS5,45,1714613756,hard_landing,release,0.7369005731681261,1.7916666666666667,False,1.7874999999999999,True,54,15,0,0,0,13,10,1,1,0,9,-0.35675328969955444,0,42,106,-0.9715863645076752,-0.7519883249624795,-1.068521858764068,-0.17950492970929802,False,0.8874530025543352,0.4523865949824577,0.42572467804142095,True,0.375,0.9228750295736913,0.40240959351494665,8.075292386669798,0.02499999999999991,True,False,1.2211652404930535,0.41384689341370967,-0.04669613335274431,4.655191408545005,-0.8714324713202053,-0.1203223436087302,False,0.1,True,True,0.04717233593711104,impact,False,
S,sac,1,SS5,64,277549337,success,dwell_complete,0.25610644570606034,1.3291666666666666,False,1.3291666666666666,True,40,3,0,0,0,15,11,0,0,0,3,-0.7648089737801759,0,112,121,-0.42145309448242185,-0.32598249233244697,-0.628173187993505,-0.3432597533121622,False,0.2880876058025137,-0.08046539045326627,0.9174076288662038,False,0.75,0.5486454157476167,0.3949401151485661,2.3218802468543265,0.050000000000000044,False,True,0.42572467804142095,0.6355705804391076,0.16910830904357207,0.7581695909769499,-0.792987378424196,0.02968834591666114,True,0.0,False,False,0.0019863074000970754,post_contact_idle,False,
S,sac,1,SS5,73,66480997,success,dwell_complete,0.4765479325272484,1.9583333333333333,False,1.9583333333333333,True,60,4,0,0,0,14,9,2,2,0,3,-0.8596464693546295,0,120,122,-0.4726743698120117,-0.35946071988246986,-0.5829023615642294,-0.09404002432321078,False,0.4900314912429275,-1.5253421497974797,1.1110112254100384,False,0.625,0.6827071333046525,0.2552923584836527,2.2726584221046924,0.02083333333333348,True,True,0.42572467804142095,0.26039607315167146,0.1587059604305932,1.2108686365166308,-1.2381745868351521,-0.022949083727447608,False,0.0125,False,False,0.0006705981610200677,impact,True,success_unloaded
T,sac,1,SS5,75,1914667272,success,dwell_complete,0.4942534301095443,0.9249999999999999,False,0.9249999999999999,True,29,3,0,0,0,14,3,0,0,0,3,-1.2259655892848969,0,120,122,-0.5421951532363891,-0.5918190773111552,-0.5136148456696984,0.06945579389584026,False,0.5905116468007123,-0.16444151385927092,1.1197262295136015,False,0.625,0.6859752598434886,0.009487659397650238,5.227242216141211,0.025000000000000022,True,True,0.42572467804142095,0.004805419177130376,0.15101995456980027,2.622971521500446,-0.8388418257236481,-0.03231071118601515,False,0.0125,False,True,-0.0005888553564965352,impact,True,success_unloaded
T,sac,1,SS5,78,211604255,hard_landing,dwell_complete,0.5921104377833502,1.35,False,1.35,True,41,3,0,0,0,15,13,4,1,0,3,-0.16882383620345506,0,80,124,-0.5694997847080231,-0.4642570639582153,-0.6124074666944331,0.06927386722603049,False,0.680995091787643,-0.18001762685040118,0.9478732406977407,False,0.375,0.7520675297016208,0.6892215825251393,5.157388678597222,0.016666666666666607,True,False,0.9478732406977407,0.6868904163845316,0.03205065431326771,2.628463584419931,-0.6539298892021179,0.03205065431326771,True,0.0,False,True,-0.00039699967014719824,impact,False,
S,sac,1,SS5,80,1856283101,success,dwell_complete,0.3783173363139028,1.3833333333333333,False,1.3833333333333333,True,42,7,0,0,0,15,14,0,0,0,7,-1.1554472121917225,0,120,124,-0.43001964688301086,-0.44814016548127067,-0.32463856912352157,0.07624759776587771,False,0.4015387087967427,-0.8049295525652427,0.7961083459866716,False,0.375,0.6572144705072026,0.0938586120406353,2.6252446244299037,0.008333333333333304,True,False,0.7961083459866716,0.10036173255852734,0.0565141453768138,1.166360360925419,-0.40902113914489746,0.05626722754011213,True,0.0,False,False,-0.0006003968979371294,impact,False,
S,sac,1,SS5,82,1159581122,success,dwell_complete,0.2837542675427752,1.8541666666666667,False,1.8541666666666667,True,56,9,0,0,3,15,12,0,0,0,9,-1.0591010258206175,0,120,123,-0.28141740560531614,-0.25593296581840275,-0.6455853330886285,-0.35869043191878514,False,0.29727524619914353,-0.5771445074010307,0.8107097942334222,False,0.5,0.6182172361374215,-0.316943691989363,3.7967084441917978,0.08749999999999991,False,True,0.42572467804142095,0.2327679803382519,0.15820819310200665,1.571558145227251,-0.937437074605321,0.03852441322389163,True,0.0,False,False,0.002850482999325402,post_contact_idle,False,
T,sac,1,SS5,94,202085693,hard_landing,dwell_complete,0.6285064512936963,1.5666666666666667,False,1.5666666666666667,True,47,2,0,0,0,16,11,0,0,0,1,-1.1531051104185692,0,128,128,-0.6686230659484863,-0.5660846654833543,-0.6049927011600547,0.04504423467842066,False,0.6495676034799611,-1.5636274478121976,0.6663666849803742,False,0.875,0.45580492890879004,0.6115501759925572,5.055994736100774,0.012499999999999956,True,True,0.42572467804142095,0.6130877641629616,0.16815722807130326,2.953356004823477,-0.9697772756327869,0.10466727846492467,True,0.0,False,True,-0.0004193598560225418,impact,False,
ST,sac,1,SS5,106,158713044,hard_landing,dwell_complete,0.5577530458994009,1.2833333333333332,False,1.2791666666666666,True,39,4,0,0,0,15,14,0,0,8,4,-1.3091093150182664,0,120,124,-0.6743792176246644,-0.5830363409702047,-0.7930116238599108,-0.16111274237678952,False,0.632886698601091,0.29450352701010485,0.7986675992423191,False,0.375,0.6588140037919824,-0.01738841140825474,5.0623539870550855,0.012500000000000178,True,False,0.7986675992423191,-0.02105683361809014,0.051436546565291744,2.378480922973413,-0.8774535655975342,0.05095841623778235,True,0.0,False,True,0.008205656250513603,impact,False,
S,sac,1,SS5,108,1149126053,success,dwell_complete,0.25562624010693547,1.2916666666666667,False,1.2916666666666667,True,39,8,0,0,0,15,15,0,0,0,8,-0.8510840898391017,0,120,122,-0.3426785826683044,-0.4342125700453022,-0.17245188125785704,0.08904940373298564,False,0.2628031403692537,-0.9888664042084292,0.9880865853368225,False,0.625,0.6366103932771965,-0.20553559027876794,1.7988792924015264,0.016666666666666607,True,True,0.42572467804142095,-0.20758046955075152,0.14631664606259395,0.9281287291371854,-0.9953104328810543,-0.0022751618524364955,False,0.0125,False,False,-0.0006457491957199044,impact,True,success_unloaded
S,sac,1,SS5,110,808532272,success,dwell_complete,0.29484170868039594,1.7916666666666667,False,1.7916666666666667,True,54,0,0,0,0,15,9,0,0,0,0,-1.0981291830539703,3,120,122,-0.22495952844619752,-0.17768910770752772,-0.44996686691708254,-0.11455197937407953,False,0.33327204385032644,-0.059580168299459314,0.980326038508012,False,0.625,0.6337001882163926,-0.02288378892659747,2.68797204885572,0.016666666666666607,True,True,0.42572467804142095,-0.01938369323846415,0.14997929620947945,1.2737547228455197,-1.0069509173813505,0.0025915674584226956,True,0.0,False,False,0.0008828086654543148,impact,False,
T,sac,1,SS5,115,1430218730,hard_landing,dwell_complete,0.614177405033586,1.6208333333333333,False,1.6208333333333333,True,49,2,0,0,0,15,11,0,1,0,2,-0.7384214509062872,0,96,123,-0.2456041693687439,-0.32213913731889066,-0.48325179284066133,0.1483179859059693,False,0.6304671354634813,-1.7437944253209017,0.7197589678776265,False,0.5,0.5727418229595237,0.01795778013737414,7.968854174492793,0.033333333333333215,False,True,0.42572467804142095,-0.012422786433211352,0.1488238376976998,3.611156415289168,-1.2563392145735823,0.04121442536132053,True,0.0,False,True,0.030743102850912387,post_contact_idle,False,
T,sac,1,SS5,119,450399838,hard_landing,dwell_complete,0.6367301182588996,2.2333333333333334,False,2.2333333333333334,True,67,5,0,0,0,15,13,4,0,0,4,-0.862403990926848,0,112,120,-0.42046870589256286,-0.34607603099598067,-0.7943650055271603,-0.09031007813097956,False,0.6877560886662145,-1.0221575435671413,0.7872991438722751,False,0.875,0.4709214862702777,0.04636682810500436,5.305558728671958,0.020833333333333037,True,True,0.42572467804142095,0.04995672093622141,0.15209610373235158,2.89743550720924,-1.37795852308836,0.05719005368776207,True,0.0,False,True,0.0003782628182802465,impact,False,
S,sac,1,SS5,120,1581704015,success,dwell_complete,0.39601280970349123,1.3208333333333333,False,1.3208333333333333,True,40,6,0,0,0,15,15,0,0,0,5,-0.8908300005762938,0,120,123,-0.44285195469856264,-0.4531735556668744,-0.37411795819175947,0.053599802680179866,False,0.4274500860409285,-0.8154986407896568,1.0349637620196173,False,0.5,0.730344220030519,0.10203668764855103,2.825885247916841,0.02083333333333326,True,True,0.42572467804142095,0.10031655802159835,0.15458131370104777,1.3989658153155258,-0.8908300005762938,-0.006534620801116711,False,0.016666666666666666,False,False,-0.0003342440315709358,impact,True,success_unloaded
S,sac,1,SS5,122,1975348375,success,dwell_complete,0.2911215520553787,1.4083333333333332,False,1.4083333333333332,True,43,0,0,0,0,15,15,0,0,0,0,-0.9857017456567174,0,120,126,-0.34689035415649416,-0.30158258556233564,-0.38729488494359443,-0.0736522750209353,False,0.31616807545393194,-0.26773482970758256,0.8794654667147171,False,0.125,0.8227478681305551,-0.01119725286005922,2.1575704897478207,0.01666666666666683,True,False,0.8794654667147171,-0.016115776158601942,0.031347693421314916,1.0196878905303115,-0.45283377170562744,0.030732095485213027,True,0.0,False,False,0.0010809651517492832,impact,False,
S,sac,1,SS5,127,1555871774,success,dwell_complete,0.35889487249151164,1.3583333333333334,False,1.3583333333333334,True,41,0,0,0,0,15,15,0,0,0,0,-0.9762788494390007,0,120,122,-0.2808821737766266,-0.33964633571482616,-0.33873261453837533,0.04426195484464164,False,0.38037862589296584,-0.9375176126797683,0.8749673765023289,False,0.625,0.5941906899642614,-0.2690844643053232,2.275812702195993,0.02083333333333326,True,True,0.42572467804142095,-0.2818134221293121,0.14419380242223057,1.3097090667225006,-0.9578660761038583,0.02600272742411689,True,0.0,False,False,-0.0008912847596266519,impact,False,
T,sac,1,SS5,131,118034897,success,dwell_complete,0.46383174959734813,1.7791666666666666,False,1.7791666666666666,True,54,3,0,0,0,15,13,0,0,0,3,-0.9382867813110352,0,120,125,-0.2992959439754486,-0.25249184504414834,-0.664986474711853,-0.1932925116674342,False,0.4803088475562733,-1.4746796124243442,0.9305682675320459,False,0.25,0.8043573701593897,-0.2821728418010544,5.566867903387155,0.03750000000000009,False,True,0.42572467804142095,-0.2706062324112543,0.14449668312174838,2.514442088548967,-0.8749617417041503,0.010445050865492711,True,0.0,False,False,0.0013161089717423824,post_contact_idle,False,
S,sac,1,SS5,140,403445731,hard_landing,dwell_complete,0.6430346875633883,1.225,False,1.225,True,37,1,0,0,0,15,12,0,0,0,1,-1.3479679426644204,1,120,122,-0.5935994863510132,-0.6267672499898105,-0.6468098878805211,0.06214539756048803,False,0.7163092847344786,-0.35593585480019624,0.9276524321230064,False,0.625,0.6139475858220155,-0.012611630570001135,2.529119807137029,0.008333333333333304,True,False,0.9276524321230064,-0.008594985178331701,0.018273316959304273,1.2795069763336342,-0.678988516330719,0.018273316959304273,True,0.0,False,True,-0.00031388805314840903,impact,False,
S,sac,1,SS5,144,210388185,success,dwell_complete,0.34454065618674645,1.6416666666666666,False,1.6416666666666666,True,50,5,0,0,0,15,12,0,0,0,5,-0.855609592334324,0,120,126,-0.24593886137008666,-0.25835829259615495,-0.42862332473852055,-0.08012268133093271,False,0.3501232824648417,-1.20457980803405,1.0500554234953623,False,0.125,0.9720140803136197,-0.04154472051347921,2.1436487630030014,0.02083333333333326,True,False,1.0500554234953623,-0.03145564410905402,-0.01403518377049231,1.3891444381918117,-0.4076862037181854,-0.01464470471915322,False,0.029166666666666667,False,False,0.00034682836222049327,impact,True,success_unloaded
T,sac,1,SS5,146,1068811154,hard_landing,release,0.6115117210636165,1.6208333333333333,False,1.6541666666666666,True,50,2,0,0,0,10,8,0,0,0,0,-0.5295966255826472,0,51,91,-0.35993846625359777,-0.503368223824346,-0.6819472168536505,0.0793370937114598,False,0.7566514792373389,-0.6732960453909315,0.42572467804142095,True,0.5,0.530778425806034,-0.38148860190353534,7.312816914512902,0.054166666666666696,False,True,0.42572467804142095,-0.39753997976177735,0.13875855178105745,4.734015219460207,-0.9492182017056046,-0.14974104297366758,False,0.1,True,True,0.058259329265094854,post_contact_idle,False,
T,sac,1,SS5,148,1972721796,success,dwell_complete,0.42235608745016995,1.5291666666666666,False,1.5291666666666666,True,46,2,0,0,0,15,15,0,0,0,2,-0.9710848318697621,0,120,121,-0.4256785690784454,-0.35251488261880315,-0.6105160699995367,-0.12602903274878283,False,0.46004865775071596,-0.7628040191768076,1.1992534198860179,False,0.75,0.6191068635025703,0.0669236801462399,6.115191485014382,0.03750000000000009,False,True,0.42572467804142095,0.11884866449671788,0.15407870992350947,2.1842253379831007,-1.032460980302009,-0.05170697602565597,False,0.008333333333333333,False,False,0.0016852669092437135,post_contact_idle,True,success_unloaded
T,sac,1,SS5,149,495375774,hard_landing,dwell_complete,0.661314431530172,1.5333333333333332,False,1.5291666666666666,True,46,0,0,0,0,15,15,0,0,0,0,-0.8974707435747662,0,112,120,-0.25742860436439513,-0.34667154633824576,-0.8706623722330122,-0.12134673176929696,False,0.7533188747131,0.47193776973435636,0.6605948748699887,False,0.0,0.6571839539271023,-0.6290554741740249,5.51000916847171,0.012500000000000178,True,False,0.6566966795066899,-0.6348642550048649,0.07304328968328405,2.5091426270781705,-0.9572412458634596,0.07117773346862799,True,0.0,False,True,0.001022880358351161,impact,False,
S,sac,1,SS5,150,408507921,success,dwell_complete,0.44080627867811056,1.175,False,1.175,True,36,2,0,0,0,15,7,0,0,0,2,-1.3042907416820526,0,120,126,-0.4292984068393707,-0.4491445376385402,-0.4356009665647742,0.016478431160935902,False,0.4506667415156241,-1.577446505127199,0.8674083045606861,False,0.125,0.8121978512457779,-0.004778353242155861,3.255805348693627,0.016666666666666607,True,False,0.8674083045606861,-0.004538735671590929,0.03466536021136136,1.7221593408455858,-0.5046231150627136,0.034569045187409386,True,0.0,False,False,-7.382876655119249e-05,impact,False,
S,sac,1,SS5,153,1116331160,hard_landing,dwell_complete,0.6182298190990066,1.4333333333333333,False,1.4333333333333333,True,43,3,0,0,0,15,7,0,0,0,3,-0.6895329188509522,0,80,120,-0.38150826692581175,-0.5390559921133231,-0.5387642533163025,0.12339841184127989,False,0.6451372724663675,-1.198151696435114,0.6190140321097855,False,0.0,0.5353513753095333,-0.5475822707004919,4.7972199902065285,0.016666666666666607,True,False,0.5233995671952115,-0.5519778592557792,0.11035128065213913,2.222437097708033,-0.7804611519727612,-0.009719536293472468,False,0.03333333333333333,False,True,0.07076038651124647,impact,False,
T,sac,1,SS5,166,1638165249,hard_landing,dwell_complete,0.5917424472035561,1.4,False,1.3958333333333333,True,42,5,0,0,0,15,8,0,0,0,5,-1.0949824288690508,0,120,120,-0.6125765204429626,-0.732268403475076,-0.3863876099687877,0.2886868613669635,False,0.6695126632074981,0.5996070452615737,0.6093241372902689,False,0.875,0.44867461044752693,-0.36430488672965466,6.479642708282372,0.012500000000000178,True,True,0.42572467804142095,-0.35244838543491896,0.14231712963669638,2.9987206399445814,-1.0949824288690508,0.09563264561760948,True,0.0,False,True,-0.001524276994654087,impact,False,
S,sac,1,SS5,167,1682937791,success,dwell_complete,0.3679465132660863,1.8666666666666667,False,1.8666666666666667,True,56,1,0,0,0,15,12,0,0,0,1,-1.146204729028145,0,120,120,-0.3067589342594147,-0.27465152598275816,-0.7292507206349538,-0.3298343736316916,False,0.4055035836123083,-0.3085100447196839,0.734113164452591,False,0.875,0.4642732388428172,-0.4237503225042391,2.088493015425849,0.02083333333333326,True,True,0.42572467804142095,-0.38532653220273777,0.14122234379861762,1.111021974882306,-1.06744440667322,0.056599497429408806,True,0.0,False,False,0.0026626082685713513,impact,False,
S,sac,1,SS5,174,1515200011,bounce,release,0.3801076413262275,1.8083333333333333,False,1.8041666666666667,True,55,0,0,0,0,9,8,2,0,0,0,-0.7704412539969354,0,64,78,-0.3369684100151062,-0.32659341946973613,-0.40406386813589584,0.048110641735736176,False,0.45253171318030627,0.1451972309005608,1.2297995636641488,False,0.125,1.1292902029613079,0.2536272461904312,2.2829492656462067,0.016666666666666607,True,False,1.2297995636641488,0.25280971607608693,-0.0539013203257,1.3912409348811465,-0.2915428876876831,-0.11697483695377564,False,0.03333333333333333,False,False,-0.0001127246201921678,impact,False,
S,sac,1,SS5,177,2018449764,success,dwell_complete,0.2823043694110765,1.375,False,1.375,True,42,7,0,1,0,15,15,1,1,3,7,-1.0672986755725873,0,120,126,-0.6503564834594726,-0.6724694367223301,-0.19469543947246634,0.134363628750718,False,0.32826368542596357,-0.11719242035939093,1.026414493579009,False,0.125,0.9513282666368105,-0.44877517175407455,2.2916523304397898,0.016666666666666607,True,False,1.026414493579009,-0.4614854423240372,-0.019480889443821137,1.0938532943168122,-0.1848030388355255,-0.02075276151471973,False,0.029166666666666667,False,False,0.0003989770220547877,impact,True,success_unloaded
S,sac,1,SS5,179,1906148524,success,dwell_complete,0.29198548387156154,1.7583333333333333,False,1.7583333333333333,True,54,1,0,0,0,14,14,0,0,0,1,-1.0288659819638493,2,120,122,-0.14912214279174804,-0.21176713391251498,-0.5487239728978361,-0.24930834266925586,False,0.30469101627547485,-0.5935849397171451,0.8049743538756117,False,0.625,0.5679433064792425,-0.9742792923754376,2.894228306591272,0.029166666666666563,True,True,0.42572467804142095,-0.9189347659475732,0.1270333688158796,1.5591079911569765,-1.033937394618988,0.024709759786747224,True,0.0,False,False,0.0024176860555423845,impact,False,
T,sac,1,SS5,187,2103842510,hard_landing,dwell_complete,0.6715160666486274,1.1083333333333334,False,1.1041666666666667,True,35,6,0,0,0,14,13,0,0,1,2,-1.1728294954116292,0,120,126,-0.9324474656847285,-0.9093152504801247,-0.7127407473826899,0.08929995476832485,False,0.7893553948752884,1.8090288121879905,1.0779258110123542,False,0.125,0.9964006693909874,0.4301448223347947,7.554329733888709,0.012499999999999956,True,False,1.0779258110123542,0.4320005203389298,-0.009541786280352935,3.3743709185307997,-0.6778544783592224,-0.010152067218380254,False,0.029166666666666667,False,True,-0.0008063903184537338,impact,False,
S,sac,1,SS5,193,2065900127,success,dwell_complete,0.33005761943467843,1.1833333333333333,False,1.1833333333333333,True,37,13,0,0,2,14,8,0,1,0,12,-0.9687822162890309,0,120,124,-0.5124870717525483,-0.3514983941997056,-0.5561589600424974,-0.22173663352984918,False,0.33170977219969805,-0.8805093790650187,0.8852538882028446,False,0.375,0.7129304343923107,0.2899495599274872,3.000252512679656,0.033333333333333215,False,True,0.42572467804142095,0.3455280268130556,0.16111156337166896,1.6828557111297988,-0.987724632024765,0.038252765417192816,True,0.0,False,False,0.0025329854874635966,post_contact_idle,False,
T,sac,1,SS6,8,1442354209,hard_landing,dwell_complete,0.5958336869643831,1.8499999999999999,False,1.8499999999999999,True,56,7,0,0,1,15,1,0,0,0,7,-1.1217093765735626,0,120,124,-0.3664251208305359,-0.3709842785457242,-0.9120022432043975,-0.2742541075737705,False,0.6409874776436275,-1.3001844960417317,0.6495907553739408,False,0.375,0.5656409763742459,-0.4351836983539238,5.1738755210014755,0.01666666666666683,True,False,0.6495907553739408,-0.4211274415939235,0.07976676075538501,2.6100733962836453,-1.0678769946098328,0.07713907728902288,True,0.0,False,True,0.0018292221223315602,impact,False,
T,sac,1,SS6,10,1323121477,hard_landing,dwell_complete,0.7660939550225859,2.870833333333333,False,2.870833333333333,True,87,17,0,0,0,15,13,0,0,4,10,-1.311325041988333,3,120,127,-0.9332202789183215,-0.7762827233065149,-0.9533155510178726,-0.049709851428193,False,0.8557273531847878,-1.5212235853119713,1.1722412591832714,False,0.0,1.1722412591832714,0.40745211998147957,5.362881352302782,0.42500000000000027,False,True,0.42572467804142095,0.1993132070635166,0.1500782227595337,1.1348654240571578,-1.0620237754998116,-0.04424846982994443,False,0.03333333333333333,False,True,-0.00609452676362507,post_contact_idle,False,
T,sac,1,SS6,19,1131657563,hard_landing,release,0.7281642514431202,1.5166666666666666,False,1.5125,True,46,3,0,0,0,12,12,9,3,0,3,-0.2115138341544067,0,48,100,-0.6728867173194886,-0.6680649240051907,-0.7738371923824695,0.03588855193452686,False,0.8450229227093751,0.916388985218544,0.8089875138996888,False,0.375,0.6652639504528384,0.24229999764049615,6.9752167999198385,0.029166666666666785,True,True,0.42572467804142095,0.24260483632767207,0.15662309889803294,4.08306563626388,-1.0303959074090532,-0.12363788856353532,False,0.06666666666666667,True,True,0.012055018804296873,impact,False,
T,sac,1,SS6,22,1195033505,hard_landing,dwell_complete,0.6608393360462547,2.783333333333333,False,2.783333333333333,True,84,9,0,0,0,15,15,0,0,1,3,-0.9793737596106704,0,120,124,-0.7830802063308648,-0.6149499920520204,-0.7227063287769325,-0.03092047363463056,False,0.7272410345338808,-0.12473065387475211,0.49163345612832704,False,0.375,0.4669176643457372,0.6895793283449383,7.409547872358944,0.02499999999999991,True,True,0.42572467804142095,0.6914279107663939,0.1685987389104067,3.8613887382739387,-0.9793737596106704,0.14425579246946107,True,0.0,False,True,0.08650812460261513,impact,False,
T,sac,1,SS6,27,1754734567,hard_landing,dwell_complete,0.6189580221439678,1.9666666666666666,False,1.9625,True,59,5,0,0,0,15,6,3,5,0,4,-0.3645842492641744,0,0,120,-0.4445771098136902,-0.3969370602091115,-0.8068588012830566,-0.14796404767345034,False,0.7105589347586152,0.7212763779474177,0.8788403198581419,False,0.0,1.195647264833566,-0.2462962850874201,6.606289322304329,0.01666666666666683,True,False,1.2409053998300554,-0.24435700174796784,-0.07507678157980016,2.096709720241034,-0.5405036675079048,-0.07532035302366269,False,0.03333333333333333,False,True,0.08635321121789448,impact,False,
T,sac,1,SS6,33,1657229134,hard_landing,dwell_complete,0.6757596143859748,3.5625,False,3.5625,True,107,12,0,0,0,15,8,0,0,0,7,-0.8784609166041043,0,120,121,-0.557450932264328,-0.5313234494708061,-0.46789541152612796,0.22216919895789689,False,0.75513865790741,-1.624329784159706,1.1383435999242837,False,0.75,0.6038794085121366,0.7792108976704106,6.642806759315739,0.04166666666666652,False,True,0.42572467804142095,0.7267636036066681,0.15833658724542599,3.5533984016530886,-1.0386316893324048,-0.012702433374769218,False,0.008333333333333333,False,True,0.09376582016771798,post_contact_idle,False,
S,sac,1,SS6,35,55155601,hard_landing,dwell_complete,0.5523880882309246,1.5958333333333332,False,1.5958333333333332,True,48,0,0,0,0,15,13,0,0,0,0,-1.1715417360550406,0,120,121,-0.575701892375946,-0.5025381638077242,-0.5106545961624649,0.11137542054607896,False,0.6199187556614951,-0.3165018367129357,0.8463426921833965,False,0.75,0.5308791815769149,0.6251281127670343,4.223781623674725,0.008333333333333526,True,True,0.42572467804142095,0.6430933352348943,0.1692722675731299,2.5485580692275107,-0.9996112718715278,0.05844398739921544,True,0.0,False,True,-0.001594152018123437,impact,False,
S,sac,1,SS6,37,1167900726,crash,tilt_gt_crash,nan,nan,False,nan,True,64,20,0,0,0,0,0,0,0,0,4,nan,0,0,0,nan,nan,nan,nan,nan,nan,nan,nan,nan,nan,nan,nan,nan,nan,nan,nan,nan,nan,nan,nan,nan,nan,nan,nan,nan,nan,nan,nan,nan,nan
T,sac,1,SS6,38,1558505032,hard_landing,dwell_complete,0.7782512868558414,2.6708333333333334,False,2.6708333333333334,True,81,9,0,0,0,15,6,0,0,0,7,-1.1416780804431033,0,120,127,-0.5100726928996903,-0.44068258103438157,-0.9849861573823093,-0.12720214128639692,False,0.8501320376567325,-1.6176207441793173,0.5071445865919654,False,0.0,0.5071445865919654,-0.012142974986189048,10.705220813824669,0.033333333333333215,False,True,0.42572467804142095,0.01604557198504166,0.152226929705734,3.238014100130822,-1.095644268265587,0.12994690982664273,True,0.0,False,True,0.018404259892858474,post_contact_idle,False,
S,sac,1,SS6,39,305654731,success,dwell_complete,0.4198493344511921,1.0666666666666667,False,1.0666666666666667,True,32,4,0,0,0,15,15,0,4,0,1,-1.0035729212789906,0,112,120,-0.8215027113878679,-0.6498550556573794,-0.5676976640661145,-0.13830476271903017,False,0.4281557816859545,-1.6330280303156977,1.0391887173326435,False,0.0,0.5126602437696718,0.6783056730765924,4.055221507348116,0.0708333333333333,False,True,0.42572467804142095,0.8220661161616964,0.1740780845286812,1.4541640048174138,-0.9618096192776008,0.008777901248022616,True,0.0,False,False,0.0012292506431587145,post_contact_idle,False,
T,sac,1,SS6,41,896429841,hard_landing,dwell_complete,0.515604594744439,1.5458333333333334,False,1.5416666666666667,True,47,7,0,0,0,15,5,0,0,0,7,-0.9312873780727386,0,120,125,-0.2431051254272461,-0.43632457925246276,-0.4643024740689065,0.13231457329299914,False,0.5909483262883269,0.4186906958844482,0.9438197708834086,False,0.25,0.8142959976729117,-0.48354441267034953,5.8317257902306086,0.02083333333333326,True,False,0.9438197708834086,-0.4896461418685586,0.0012228036006492944,3.3831494594765106,-0.45710885524749756,0.0012228036006492944,True,0.0,False,True,0.012080029764420944,impact,False,
T,sac,1,SS6,42,157253413,hard_landing,dwell_complete,0.6027715342552099,1.3291666666666666,False,1.3291666666666666,True,40,3,0,0,0,15,7,2,0,0,3,-0.5091201066970825,0,65,121,-0.4609309732913971,-0.35542445679536194,-0.8052027340305878,-0.13501665370736748,False,0.6564972517007475,-0.8459374160686579,0.42572467804142095,True,0.25,0.5480447776643961,0.19840549831278284,7.490444184048333,0.029166666666666785,True,False,0.5888181442053878,0.22133392842025,0.11452845516760282,3.900130919700626,-1.005010383027486,-0.06756310765624679,False,0.03333333333333333,False,True,0.04225197591778696,impact,False,
S,sac,1,SS6,47,1541273511,success,dwell_complete,0.32650077899843194,1.25,False,1.25,True,39,9,0,0,0,14,14,0,0,0,9,-1.0917208974908827,0,120,124,-0.3959758222103119,-0.3166062926453004,-0.5034474346443859,-0.1765881956411639,False,0.3291019781591348,-0.8710068514604238,0.8761977014970738,False,0.375,0.707270317701204,0.18404209690588003,2.723909701939228,0.029166666666666563,True,True,0.42572467804142095,0.2355864660157321,0.1582562087047355,1.2770366789068677,-0.996026337146759,0.03742658409198259,True,0.0,False,False,0.000730584544750927,impact,False,
T,sac,1,SS6,49,1712242685,hard_landing,dwell_complete,0.6314317357969214,1.8041666666666667,False,1.8041666666666667,True,55,14,0,1,1,15,13,0,0,7,6,-1.4482050982461214,8,120,127,-0.9356715902270776,-0.7241408886065173,-0.9016123769481968,-0.14762585926622815,False,0.7184022473007777,-1.1881067678443147,1.3885965286531483,False,0.0,1.3885965286531483,0.49125290792173554,5.067957332352797,0.5291666666666668,False,True,0.42572467804142095,0.43896057888831097,0.15498905411319316,0.9382446058908209,-0.9434443282846431,-0.09441873447052306,False,0.03333333333333333,False,True,0.08472776590647353,post_contact_idle,False,
S,sac,1,SS6,59,160775593,success,dwell_complete,0.3633453208883924,1.6208333333333333,False,1.6208333333333333,True,49,6,0,0,0,15,3,0,0,0,6,-1.2507957816123962,3,120,123,-0.4388859808444977,-0.38019771167413846,-0.41691049195525565,-0.017632040115624914,False,0.39608045084604654,-0.6658119070203536,0.8998724826939035,False,0.5,0.6627985803676623,-0.03900682701964477,2.6342609344229566,0.008333333333333304,True,False,0.8998724826939035,-0.03719716665525797,0.02537556124576615,1.1905092030188198,-0.45890888571739197,0.025315970353996305,True,0.0,False,False,0.0015245785260034248,impact,False,
T,sac,1,SS6,60,699142286,hard_landing,dwell_complete,0.8246773572917668,1.8416666666666666,False,1.8375,True,57,4,0,0,0,14,9,0,0,0,0,-1.1907090802934133,1,112,126,-0.8164281509356185,-0.7612438974978285,-0.90016297057973,0.0848966651184616,False,1.0465909573200791,1.3690747943304713,0.7551887938339876,False,0.0,0.7299391061199972,0.5645940102297728,9.851140684774943,0.03750000000000009,False,False,0.5531912921220643,0.5443653954346027,0.12916701464766064,3.291092365926957,-0.9972302076352009,0.07638701340351238,True,0.0,False,True,0.08251318754167111,other,False,
S,sac,1,SS6,63,190453351,hard_landing,dwell_complete,0.5834787191682436,1.2083333333333333,False,1.2041666666666666,True,37,1,0,0,0,15,15,0,0,0,1,-0.8804323857028368,0,120,126,-0.4668114364147186,-0.46187978820396886,-0.6670970924060078,-0.02193365568575655,False,0.6508819480591623,0.24691241510383374,0.7718935965311057,False,0.125,0.7286224817198952,-0.07846774071360083,3.401008453221685,0.008333333333333304,True,False,0.7718935965311057,-0.07852455349458012,0.057827213074858,1.6395657478165444,-0.7816454172134399,0.05778135630558027,True,0.0,False,True,2.4873331643005468e-05,impact,False,
T,sac,1,SS6,66,1804444125,hard_landing,release,0.736959651285074,1.7874999999999999,False,1.7874999999999999,True,54,11,0,0,0,4,4,1,1,0,2,0.057216838170518425,0,8,35,-0.3107619926420933,-0.12504272963441418,-0.9727380850034678,-0.2222320672540656,False,0.8067874704698361,-1.403443830296904,1.212955624737519,False,0.0,1.5170810139553546,0.6512277243428455,7.106424758263254,0.054166666666666696,False,True,0.42572467804142095,0.8140424581417829,0.17343933495098698,7.684101121296046,-0.7381061610108031,-0.289175366281647,False,0.06666666666666667,True,True,0.07888578328296009,post_contact_idle,False,
S,sac,1,SS6,73,722815722,success,dwell_complete,0.40778234988082696,1.325,False,1.3208333333333333,True,41,5,0,0,0,14,5,0,0,0,4,-1.3228158096818694,0,112,122,-0.6727351665496826,-0.533383777316343,-0.7328603917559792,-0.24307241496089757,False,0.48628060195283485,0.41324713236634103,1.0965251256770876,False,0.0,0.8151325071785842,0.28417580333762693,3.763903271065701,0.029166666666666785,True,False,0.6462969360794822,0.33676486201467903,0.10241030141178206,1.8042506439882942,-0.8659709730655063,-0.01750771017402337,False,0.0125,False,False,0.001580032963466188,impact,True,success_unloaded
S,sac,1,SS6,78,1532668767,success,dwell_complete,0.18996502124764217,1.825,False,1.825,True,56,7,0,0,0,14,14,1,0,0,6,-1.0003674223535985,0,120,122,-0.03618059158325195,-0.17966889758864105,-0.32858258934408285,-0.13867585786373693,False,0.1931007019333997,-0.7490235825203762,0.7487885376010063,False,0.625,0.5468736253762654,-0.8982353750556689,2.6612568056199413,0.06666666666666665,False,True,0.42572467804142095,-0.674040036026907,0.1335395475711257,1.4271723078798417,-0.9223880855394707,0.044137197770577834,True,0.0,False,False,0.000633700952005209,post_contact_idle,False,
T,sac,1,SS6,80,1765714094,hard_landing,dwell_complete,0.8060941709130747,2.5375,False,2.533333333333333,True,77,8,0,0,0,15,11,0,0,1,3,-1.3257695804240248,3,120,127,-0.6515411853790283,-0.55199476514495,-0.8563687239206613,0.06349347554592179,False,0.9767791618009231,2.226831784107394,0.7027428839835707,False,0.0,0.7027428839835707,0.6249063937919804,8.30327512383874,0.02499999999999991,True,False,0.7027428839835707,0.6135719470534077,0.08915959723330064,4.778312983734041,-1.0819255113601685,0.08901008298913377,True,0.0,False,True,0.08655003801419552,impact,False,
S,sac,1,SS6,83,160799111,hard_landing,dwell_complete,0.5803402282159824,2.2375,False,2.2333333333333334,True,69,8,0,0,0,14,2,0,0,0,4,-0.2814033690404063,0,40,127,-0.4326372742652893,-0.42616130769580945,-0.7086817151018123,-0.06951032881425344,False,0.642747877760156,0.11214956882021032,0.7717071110335749,False,0.0,0.7717071110335749,-0.06893373832316096,4.529640113930468,0.008333333333333304,True,False,0.7717071110335749,-0.07691128638904565,0.05810025945130516,2.4169076857645826,-0.84754478931427,0.05772229106432243,True,0.0,False,True,0.06632599252249256,impact,False,
T,sac,1,SS6,84,1331158237,success,dwell_complete,0.3100052369650823,1.0208333333333333,False,1.0208333333333333,True,31,6,0,0,0,15,7,0,0,1,4,-0.8428377122877762,0,112,123,-0.857553477241401,-0.6402099393056093,-0.618920689346937,-0.2996482387508044,False,0.3075124506295046,-1.1619819960299722,0.8066185164328379,False,0.0,0.6298352414105413,0.46411155548375915,6.519302061043612,0.0708333333333333,False,True,0.42572467804142095,0.8534368075694848,0.17464844051843462,2.8222524531031294,-1.2364984410777176,0.06342951226150449,True,0.0,False,False,0.005957445911295713,post_contact_idle,False,
T,sac,1,SS6,86,1646836629,hard_landing,dwell_complete,0.7300347592354357,1.5,False,1.4958333333333333,True,45,5,0,0,2,15,8,0,0,0,5,-0.9167891959512002,0,120,120,-0.48503323197364806,-0.6631288495409468,-0.7393295656930674,0.1443270449490753,False,0.8845635944845608,2.1572628707392787,0.7474504788223955,False,0.875,0.4659404031390427,-0.33894250096326184,9.59766585346459,0.02499999999999991,True,True,0.42572467804142095,-0.3489217426531217,0.14109290069766126,4.717447808020729,-1.0463026879508397,0.057905873037626544,True,0.0,False,True,0.06884253136080004,impact,False,
T,sac,1,SS6,90,500097213,hard_landing,dwell_complete,0.5624328713626805,1.4333333333333333,False,1.4333333333333333,True,43,8,0,0,0,15,15,3,0,3,8,-0.9426351752698773,0,120,120,-0.38435051441192625,-0.37538348952955514,-0.5865836704052255,0.030397182968139383,False,0.6235769911613459,-0.4590625169973331,0.7144045893663039,False,0.875,0.46180966695703135,0.19737467288891397,5.143324564670782,0.016666666666666607,True,True,0.42572467804142095,0.19770018024492905,0.15667240383965203,2.502581716425117,-1.1647823942756428,0.08051138772793126,True,0.0,False,True,0.00010035435651554202,impact,False,
T,sac,1,SS6,91,1395150632,hard_landing,dwell_complete,0.5642355686353391,1.7291666666666667,False,1.7249999999999999,True,52,4,0,0,0,15,14,2,0,3,3,-0.8887444397830284,0,120,121,-0.6284182131290436,-0.6897520982348522,-0.6159666207720687,0.11444462366013425,False,0.7129686821378056,0.725791958945511,0.43069863063437486,False,0.75,0.4269681661896595,-0.8292679007680284,5.901423798524687,0.033333333333333215,False,True,0.42572467804142095,-0.9256903926826059,0.12640832673694505,2.7854320937504933,-0.9501000757998208,0.11690642847936243,True,0.0,False,True,0.0008537862890505501,post_contact_idle,False,
S,sac,1,SS6,94,537732710,success,dwell_complete,0.42069527838131643,1.4041666666666666,False,1.4041666666666666,True,43,2,0,0,0,15,11,0,0,0,2,-1.0602507751018735,0,120,127,-0.40561375617980955,-0.31641362024899294,-0.6014810941705521,-0.15604212956797442,False,0.44189520295502394,-1.2676341245252902,0.9781949591525578,False,0.0,0.9781949591525578,0.27566151104187964,2.5728268195651673,0.029166666666666785,True,False,0.9781949591525578,0.30743057637005233,0.013828818191984109,1.3285887044457791,-0.5981313586235046,0.012937467217725962,True,0.0,False,False,0.0006817490920006758,impact,False,
ST,sac,1,SS6,98,228857887,hard_landing,dwell_complete,0.6271298122822266,2.0208333333333335,False,2.0166666666666666,True,62,4,0,0,0,14,13,0,0,0,3,-1.049307809667559,0,112,123,-0.3454474925994873,-0.36752880082187683,-0.9932928653666052,-0.25558231217838395,False,0.7376620707188054,0.6289289215574341,0.8325586154975276,False,0.0,0.9316817500593719,-0.23349446991848005,7.4886229278938155,0.037499999999999645,False,False,1.0308048846212163,-0.06739125116557192,-0.010062312846690789,3.830934116023699,-0.9062143334338121,-0.01457746755620843,False,0.03333333333333333,False,True,0.0009814998570413542,other,False,
T,sac,1,SS6,100,48872594,hard_landing,dwell_complete,0.5481241524746864,1.8041666666666667,False,1.8041666666666667,True,55,3,0,0,0,15,14,0,0,3,0,-1.1443969010473116,0,127,127,-0.3723029184515903,-0.4827507212496276,-0.6410152900103683,-0.0072647923108835,False,0.623595854362526,-0.10155934571412224,0.42572467804142095,True,1.0,0.42572467804142095,-0.6580514172894758,5.085691866209385,0.02083333333333326,True,True,0.42572467804142095,-0.6593978756343587,0.13274184641550757,2.4390179857093055,-1.153769002406169,0.1317880938162215,True,0.0,False,True,0.07355021591547904,impact,False,
ST,sac,1,SS6,104,1013111488,hard_landing,dwell_complete,0.5415467112907408,1.5791666666666666,False,1.575,True,48,4,0,0,0,15,0,0,0,0,4,-1.178904265165329,0,120,125,-0.46883153915405273,-0.43148939488715643,-0.9406663064995432,-0.28834397192563344,False,0.6436037917395492,0.9447533549960186,0.7122620832118797,False,0.25,0.6406277319192649,-0.19486011665680494,6.01946782625884,0.02083333333333348,True,False,0.7122620832118797,-0.1506783085009233,0.07049693751378514,3.0668679721736694,-1.1010588705539703,0.06737108244913073,True,0.0,False,True,0.002668587046989078,impact,False,
T,sac,1,SS6,105,406214555,success,dwell_complete,0.45710849131637976,2.8958333333333335,False,2.8916666666666666,True,87,7,0,0,0,15,13,0,0,1,5,-1.2519921686072126,2,120,121,-0.5231732726097107,-0.4184972967831657,-0.46478173509486154,-0.014228231213243726,False,0.5386071783742087,0.7381060691759804,0.6053003873402945,False,0.75,0.47061860536613936,0.3918985958672411,8.589690708918521,0.054166666666666696,False,True,0.42572467804142095,0.38880575851433236,0.15602593646703794,3.5715789491803216,-1.2323759381596,0.11116138775141714,True,0.0,False,True,0.08096542778002196,post_contact_idle,False,
T,sac,1,SS6,106,627475610,hard_landing,dwell_complete,0.7018240039360422,2.995833333333333,False,2.9916666666666667,True,90,15,0,0,1,15,12,0,0,4,8,-1.3567228325132576,5,120,121,-0.8367344618722893,-0.7527124607753328,-0.7974944584342121,0.015497567838785992,False,0.8305808885692927,0.40194170195763407,0.6942082480378144,False,0.75,0.49284557054051936,0.37552234877158197,5.3494962344857555,0.5041666666666669,False,True,0.42572467804142095,-0.08704562057931316,0.14228102766267509,0.10065371632037039,-1.1232836733245366,0.08507812463055273,True,0.0,False,True,0.10440562841608378,post_contact_idle,False,
T,sac,1,SS6,108,986110172,hard_landing,dwell_complete,0.6900659682048506,3.3874999999999997,False,3.3833333333333333,True,103,20,3,3,0,14,9,4,2,0,2,-0.7663554608377421,0,104,123,-0.4592439632620851,-0.6682684643411093,-0.4827146937117103,0.28047977683699893,False,0.81768021045445,1.018927612954514,0.46566064761704096,False,0.5,0.4456926628292309,-0.11131159642828216,9.081391378948807,0.04166666666666696,False,True,0.42572467804142095,-0.17007057672878398,0.14220929804760654,3.53665817859743,-1.1944910870244725,-0.05942430313721078,False,0.03333333333333333,False,True,6.212551284043219e-07,post_contact_idle,False,
T,sac,1,SS6,112,1177384037,hard_landing,dwell_complete,0.8149566687565357,1.5875,False,1.5833333333333333,True,48,17,0,0,0,15,14,3,0,0,11,-0.8844140451991883,0,120,123,-0.7032523124427098,-0.4427365404979254,-1.1679511798575168,-0.21226519072664454,False,0.9549557516432678,0.33598263019233804,1.156869955563107,False,0.5,0.791297316802264,1.2944552117291828,6.742564174541129,0.012500000000000178,True,False,1.156869955563107,1.2946313025109375,-0.006119350702343601,3.089618328118465,-1.0964325070381165,-0.006808637946585484,False,0.016666666666666666,False,True,0.0002784514226665055,impact,False,
T,sac,1,SS6,114,1997635400,off_pad,dwell_complete,0.46933206096462926,1.8083333333333333,False,1.8041666666666667,True,55,8,0,0,0,15,7,1,0,0,5,-0.14560860372962783,0,24,126,-0.5781879544258117,-0.5923413459937069,-0.5564306592907724,-0.0056062103749781825,False,0.5473854392287845,0.13442733586770123,1.002084752683466,False,0.125,0.9300397433532104,0.3616489544874128,5.1517495223229135,0.050000000000000044,False,True,0.42572467804142095,0.45865580502617803,0.1634870857903564,2.613655614048437,-0.8610232427943548,-0.03686406442275081,False,0.03333333333333333,False,True,0.0708387312276125,post_contact_idle,False,
S,sac,1,SS6,115,2081510509,off_pad,dwell_complete,0.28181409815351566,1.5916666666666666,False,1.5916666666666666,True,48,3,0,0,0,15,4,0,0,1,3,-1.3196191191673279,0,120,122,-0.7480981409549713,-0.5828210441708594,-0.3517118379095391,-0.04300790131132528,False,0.3067512591736393,-0.37748835593258395,0.6093093867458511,False,0.625,0.49456894380558225,0.5844050033333952,2.4208441048699547,0.01666666666666683,True,True,0.42572467804142095,0.5845476415633316,0.1674940814832678,1.343844005856166,-0.9239411652088165,0.11892658895640695,True,0.0,False,False,0.0005483237478478436,impact,False,
T,sac,1,SS6,127,1321347680,hard_landing,dwell_complete,0.5822525791176733,2.6,False,2.595833333333333,True,78,6,0,0,0,15,11,5,0,0,6,-0.6374889038213859,0,112,120,-0.42163802981376647,-0.27204412102991155,-0.8066409851323627,-0.12728310019597977,False,0.6673481352451002,0.1915473958986256,0.6295799532903337,False,0.0,0.5765036912167331,0.4328484873491669,5.045061676756471,0.02916666666666634,True,False,0.5689213680633616,0.4566318648034093,0.12425451252266864,2.5093683088797962,-0.9871256692226654,0.11056397892331954,True,0.0,False,True,0.0010450935751655783,impact,False,
T,sac,1,SS6,131,2054376439,hard_landing,dwell_complete,0.7975759190917006,1.8041666666666667,False,1.8,True,55,11,0,0,0,15,10,0,0,0,10,-0.8784702774294986,0,120,127,-0.5776106577792687,-0.6100589384991898,-0.7832031235744172,0.15809515701507895,False,0.9634509305959074,1.9665645903410687,0.7686597194084013,False,0.0,0.7686597194084013,0.30224404270039185,11.067037009181782,0.029166666666666563,True,False,0.7686597194084013,0.26926668584474694,0.06703996309399385,2.977074368392132,-0.961037340281787,0.06703996309399385,True,0.0,False,True,0.01878677736927347,impact,False,
S,sac,1,SS6,132,1308035592,success,dwell_complete,0.2600155369294567,1.65,False,1.65,True,51,9,0,0,0,14,13,0,0,0,9,-1.229666943724233,0,120,124,-0.21743825674057007,-0.251363804032961,-0.45236649783274063,-0.1631316303192299,False,0.2888004684614123,-0.36452086261212935,0.8798298433651113,False,0.375,0.7095404063687274,-0.34919208152343423,2.4663107831076685,0.03750000000000009,False,True,0.42572467804142095,-0.2516856712262183,0.14499263575803817,1.3019692982507172,-0.9367226958274841,0.02249987172393145,True,0.0,False,False,0.001545205718191042,post_contact_idle,False,
T,sac,1,SS6,134,60156986,hard_landing,dwell_complete,0.6813970043241901,1.2,False,1.2,True,36,9,0,0,0,15,15,0,0,0,8,-1.1594025048472039,0,120,120,-0.7863307131314237,-0.7008807061780374,-0.819666619962083,-0.09462299192528549,False,0.725174594955919,-1.4301192666815081,0.7962042277440599,False,0.875,0.4720346217542508,0.3015506595575894,5.605050499132963,0.016666666666666607,True,True,0.42572467804142095,0.3046270865514675,0.15889025023464154,2.5683636714470235,-1.4032196025236026,0.06127436976800706,True,0.0,False,True,0.00032074697261513536,impact,False,
S,sac,1,SS6,136,813667634,success,dwell_complete,0.3419927310938477,1.8625,False,1.8625,True,56,10,0,0,0,15,13,0,0,0,7,-1.0133697465977725,0,112,121,-0.30070699453353883,-0.2254788225069823,-0.8027508104177721,-0.44735170978136074,False,0.368697813667622,-0.474992573147224,0.6677458927429684,False,0.0,0.4884268057614311,-0.5345286191020872,3.712014786014158,0.02083333333333326,True,False,0.42865377676758537,-0.48904372493044385,0.13773518125689688,2.022057077718818,-1.127827377433684,0.0703761357410889,True,0.0,False,False,0.003818363971428416,impact,False,
T,sac,1,SS6,138,1798967440,hard_landing,dwell_complete,0.6973282224318456,1.8375,False,1.8375,True,56,9,0,0,0,15,15,2,11,0,6,-0.7207074897113632,0,120,127,-0.38200393319129944,-0.3348924060068809,-0.9383346566833272,-0.15991572395555495,False,0.7743298056812945,-1.587728584202349,1.295189329392342,False,0.0,1.295189329392342,0.07934690356577542,5.6484424408244,0.04166666666666674,False,True,0.42572467804142095,0.18183960459076182,0.156823314018969,3.6089191126872495,-1.0016926992797632,-0.0751997026419743,False,0.03333333333333333,False,True,0.0008189493564847008,post_contact_idle,False,
T,sac,1,SS6,140,1379226536,off_pad,dwell_complete,0.5397501396171934,2.05,False,2.05,True,63,10,0,0,0,14,11,4,4,0,7,-0.8347161702855497,0,112,124,-0.6192789196968078,-0.4013577874338987,-0.7109650692768673,-0.14327726505003932,False,0.5711542150128076,-1.3164806895199712,0.9430396998348862,False,0.0,0.8217975777442985,0.5132410749006592,5.893681663044114,0.04166666666666696,False,False,0.6197273742599856,0.5273151146003935,0.11482526300755458,3.1939312713238106,-0.8469624892225927,0.02951547690756864,True,0.0,False,True,0.0006032028614325328,other,False,
T,sac,1,SS6,146,857261509,hard_landing,dwell_complete,0.7932961996628527,2.4583333333333335,False,2.4583333333333335,True,74,0,0,0,0,15,13,4,0,0,0,-0.6586872028436208,0,120,122,-0.38996686935424807,-0.33793203952053436,-0.8738512193237147,-0.005699017335699397,False,0.8545118037117492,-1.3179426143311423,0.8076684286570301,False,0.625,0.5689535845222744,0.2229391157320936,5.125202103705795,0.012499999999999734,True,True,0.42572467804142095,0.2231128894232243,0.15628461348094294,2.5379934560218786,-1.1421031057834625,0.05489815930435669,True,0.0,False,True,0.0001626917660431003,impact,False,
T,sac,1,SS6,147,1514039191,hard_landing,dwell_complete,0.6013631467057341,2.8541666666666665,False,2.85,True,86,14,0,0,0,15,11,0,0,3,10,-1.4309764802455902,9,120,123,-0.686034643650055,-0.6503993910958339,-0.62036413123937,0.04728581977537454,False,0.6997784049811528,1.0864898828779266,0.7045856664701524,False,0.5,0.5651551722557867,0.29150909148472726,8.093342644439698,0.02499999999999991,True,True,0.42572467804142095,0.28501101068605833,0.15421871067371445,4.287513311097016,-1.4309764802455902,0.08096606389148027,True,0.0,False,True,0.09116258015037058,impact,False,
T,sac,1,SS6,153,1491716105,hard_landing,dwell_complete,0.579814509639895,1.8541666666666667,False,1.8499999999999999,True,57,3,1,0,0,14,11,3,0,0,2,-0.9311552070992773,0,112,123,-0.45785791873931886,-0.41770465245390365,-0.5105539915483374,0.1702322031228042,False,0.6795422139016565,0.1594756660735549,0.8427673222069862,False,0.0,1.4980221601057493,0.8632759888633807,6.4898718195212695,0.04583333333333317,False,False,2.1532769980045123,0.756167688256647,-0.28287516864649487,4.751253190174074,0.19253193109999248,-0.28287516864649487,False,0.03333333333333333,False,True,0.0567742224284844,other,False,
S,sac,1,SS6,155,842395533,success,dwell_complete,0.38298685416603856,1.8166666666666667,False,1.8166666666666667,True,55,3,0,0,0,15,8,0,0,0,3,-1.15349665634052,0,112,124,-0.3451140224933624,-0.36557787719295726,-0.5887024598216998,-0.1805396895015266,False,0.4094918688018787,-0.9487967282926714,0.860211692032424,False,0.0,0.7420491736313658,-0.4083043065190239,2.8861816864575367,0.03750000000000009,False,False,0.5451116429629355,-0.28310168004930963,0.11232079294325813,1.6142474953676373,-0.8076459401970566,0.026415153964929123,True,0.0,False,False,0.001875695898903831,other,False,
S,sac,1,SS6,159,1370568126,success,dwell_complete,0.44375667633312355,2.091666666666667,False,2.091666666666667,True,63,4,0,0,0,15,8,0,0,0,4,-0.5917057118432043,0,96,122,-0.5007343053817749,-0.47233333290197094,-0.5643759230439911,-0.05098017905806418,False,0.5121275518160705,-0.1917968550002925,1.0627168871170871,False,0.625,0.6645967564447958,-0.03748784903880814,3.035824747951527,0.012499999999999734,True,True,0.42572467804142095,-0.03817011332602135,0.15091950757934589,1.7596726869075074,-1.0108944344654913,-0.017748194486850607,False,0.0125,False,True,0.0003330998109175589,impact,True,success_unloaded
T,sac,1,SS6,162,1443729475,hard_landing,dwell_complete,0.5974753155662501,0.9791666666666666,False,0.975,True,30,10,0,0,0,15,1,0,0,0,10,-1.358369618654251,0,120,125,-0.7731447756290436,-0.6821257690439151,-0.7373539155706197,-0.029725692714884233,False,0.6973270667426126,0.3657832241461387,0.6155987151941605,False,0.25,0.5681302059059756,0.5639232763563352,5.309569835856879,0.02083333333333337,True,False,0.6155987151941605,0.5675022409109362,0.11552222265683719,2.4882254949782086,-0.9106296300888062,0.11535000963661327,True,0.0,False,True,0.00044438514250046433,impact,False,
S,sac,1,SS6,165,1742164241,success,dwell_complete,0.31167912475680026,1.225,False,1.225,True,37,9,0,0,0,15,15,0,0,0,9,-0.7063073476889065,0,120,122,-0.45032489895820615,-0.29761269300988286,-0.43528968008411517,-0.06943549230206718,False,0.3657976041357708,-0.05337448526195982,1.1201283456301439,False,0.625,0.686126053387192,0.6670505549375851,2.222784093827879,0.008333333333333304,True,False,1.1201283456301439,0.6621193287016444,-0.01381293105296286,1.4771186553221176,-0.3999760150909424,-0.01412135584938763,False,0.0125,False,False,-0.0019484113909037648,impact,True,success_unloaded
S,sac,1,SS6,166,778428015,success,dwell_complete,0.40918499944806896,1.9749999999999999,False,1.9749999999999999,True,60,2,0,1,0,15,4,1,0,0,2,-0.9349517226219177,0,120,126,-0.3245885193347931,-0.3144048039071637,-0.6790570794225758,-0.24944393149528557,False,0.43351560164069597,-0.8348372244849133,0.9517468659581777,False,0.125,0.8859940924685831,-0.504264069803038,4.530502017184516,0.025000000000000133,True,False,0.9517468659581777,-0.4570477029746134,0.0005441132721904995,2.5887689320246463,-0.7008317112922668,-0.0021367795438995874,False,0.020833333333333332,False,False,0.002029027470809693,impact,True,success_unloaded
S,sac,1,SS6,170,1893555025,hard_landing,dwell_complete,0.5333100283024018,1.6624999999999999,False,1.6624999999999999,True,50,1,0,0,0,15,14,4,0,0,1,-0.7977490225023789,0,120,121,-0.49656215906143186,-0.5364709392370098,-0.5626644705183869,0.003338205490429225,False,0.5652507179638516,-1.6305967594456678,0.9099041315572084,False,0.75,0.5467695414203678,-0.7302036080663861,3.4417235238472914,0.029166666666666785,True,True,0.42572467804142095,-0.7424975757328381,0.1313910646687902,1.8907387581918476,-0.9383004409303547,0.0057926078745986105,True,0.0,False,True,0.0008823709607181408,impact,False,
T,sac,1,SS6,172,1029775870,hard_landing,dwell_complete,0.6950413526641215,1.1166666666666667,False,1.1125,True,34,0,0,0,0,15,15,0,0,1,0,-0.971753429086608,0,120,124,-0.736409479379654,-0.8125067378471217,-0.7263338507666776,0.06552061746249878,False,0.7969730680005765,0.9292443869033802,0.7718952694149371,False,0.375,0.6420812976498685,-0.25520539895383965,5.907125161162757,0.008333333333333304,True,False,0.7718952694149371,-0.24881081320430182,0.05212010102199883,2.7204483207188837,-0.8220060467720032,0.05184778437522633,True,0.0,False,True,0.017334803902343498,impact,False,
T,sac,1,SS6,175,1568484266,hard_landing,dwell_complete,0.6135768738601398,1.5333333333333332,False,1.5291666666666666,True,46,3,0,0,0,15,13,1,0,0,1,-0.7369548713330865,0,112,120,-0.621843973483024,-0.5246935504240414,-0.5406137668453362,0.1676053292679444,False,0.7061829954583696,1.4493212480244524,0.8253461696565841,False,0.0,0.5625097257596366,0.9926143255291322,6.850562808765853,0.008333333333333526,True,False,0.5249616623457871,1.0075860621926085,0.15239626988377297,3.1167529289500853,-0.740270726117005,0.07319752561932599,True,0.0,False,True,-0.001590704987299665,impact,False,
S,sac,1,SS6,176,200621214,success,dwell_complete,0.43138643875939336,3.7541666666666664,False,3.7541666666666664,True,113,17,0,0,0,15,10,2,4,0,4,-0.5653018355369568,0,64,123,-0.15809165835380554,-0.21055852938381975,-0.46141447067533387,-0.0981820872804671,False,0.4541603862656827,-1.0269345449579297,0.9809678147054952,False,0.0,1.1681265401584637,-0.6322862721713299,4.523019139717886,0.04166666666666696,False,False,1.3552852656114325,-0.6129004315473074,-0.11578761686745452,3.2442638122552765,-0.18347675019687465,-0.11623410972892836,False,0.05,False,False,0.06400636484640476,other,True,success_unloaded
T,sac,1,SS6,178,1450410311,off_pad,release,0.8600716209307874,3.716666666666667,False,3.7333333333333334,True,112,34,0,3,2,15,11,8,0,0,0,-0.008895446150743488,0,64,124,-0.697694295493736,-0.8603451551676448,-0.6756658621377771,0.21530823003435448,False,1.0664639870926567,-0.25603199404893917,0.4360356354387126,False,0.375,0.4321690264147282,-0.002418445426938233,12.63298359847179,0.037499999999999645,False,True,0.42572467804142095,-0.028700572006780625,0.14345472483234115,6.363329484370323,-1.1667702548121752,-0.17202297812259362,False,0.03333333333333333,False,True,0.0006009371426975433,post_contact_idle,False,
T,sac,1,SS6,179,317667536,hard_landing,dwell_complete,0.6365266538873935,1.7541666666666667,False,1.7541666666666667,True,53,11,0,0,0,15,15,0,0,0,9,-0.3454183768224586,0,120,123,-0.5805951714515686,-0.614933545235827,-0.5941061583792939,0.14989767061390022,False,0.744168999459443,-0.19101721336813474,0.8128017060493403,False,0.5,0.6192631920453807,0.21752234363743214,5.002239542964502,0.016666666666666607,True,True,0.42572467804142095,0.21400020729819252,0.15770416153965047,2.8583881390480346,-0.6723334863021362,0.05558668369278378,True,0.0,False,True,0.006847163897834242,impact,False,
T,sac,1,SS6,180,1266729140,hard_landing,dwell_complete,0.9402237742307924,1.4,False,1.3958333333333333,True,42,3,0,0,0,15,14,5,2,0,3,-0.20699128780993983,0,48,120,-0.7286546111106873,-0.6982723945333222,-1.1098706317802227,0.009902804577619596,False,1.132224227406161,0.18697823951188294,1.1318354447913295,False,0.0,1.0539122324937251,0.32984806161871005,12.161453059649096,0.04166666666666674,False,True,0.42572467804142095,0.37533980053604354,0.16244701925563088,5.162286829906537,-1.0440639783552248,-0.17827072180675174,False,0.03333333333333333,False,True,0.011842760607374403,post_contact_idle,False,
S,sac,1,SS6,184,1680960645,hard_landing,dwell_complete,0.7068945446095934,1.4,False,1.4,True,42,6,0,0,0,15,12,0,0,1,3,-1.1853455131285877,0,120,120,-0.5427320599555969,-0.5489751609103437,-0.5619613296585895,0.21646810979088565,False,0.7837967067683259,-0.612031271667369,0.7971058224123929,False,0.875,0.4721473210877924,0.25637129125373603,3.887423680345787,0.008333333333333304,True,True,0.42572467804142095,0.2925947906432658,0.15945115985728428,2.32393755629617,-0.9611137997401257,0.062391600539504266,True,0.0,False,True,-0.0015714551392562231,impact,False,
T,sac,1,SS6,186,853190055,hard_landing,dwell_complete,0.406922788259509,2.3041666666666667,False,2.3041666666666667,True,71,9,0,0,1,14,11,0,0,2,1,-1.3391250874780818,3,120,127,-0.7658825872510204,-0.6998074555310322,-0.38151847792386456,0.025969809481304854,False,0.48397444404494666,-0.25382927158528074,1.2905996339293346,False,0.0,1.2905996339293346,0.3188056174564699,5.054643251485642,0.5291666666666668,False,True,0.42572467804142095,-0.04365756579744286,0.14707375010510687,0.5327927249902253,-1.1905609098864876,-0.07738291981874401,False,0.03333333333333333,False,False,0.0930210590456037,post_contact_idle,False,
S,sac,1,SS6,188,505357842,success,dwell_complete,0.4994679661379015,1.5958333333333332,False,1.5958333333333332,True,48,3,0,0,0,15,14,0,0,0,3,-0.9327309949553538,0,120,121,-0.34675111770629885,-0.4548200952973893,-0.2807302639976852,0.24905538326725202,False,0.5313297975509957,-1.0759530923814284,0.9323984996952671,False,0.75,0.5523931334548825,0.5383342042941082,3.3684057261518197,0.012500000000000178,True,True,0.42572467804142095,0.5459164949953487,0.16660680186022664,1.4933396202573117,-0.9347664506115823,0.03313684827454625,True,0.0,False,True,-0.003997469979211074,impact,False,
ST,sac,1,SS6,191,1002338391,hard_landing,dwell_complete,0.5522072503774907,1.325,False,1.3208333333333333,True,40,3,0,0,0,15,6,1,0,1,2,-0.8686250860852289,0,112,122,-0.43769701077190076,-0.3142440236730426,-0.9097041630688786,-0.24954957300080363,False,0.656527882285538,0.2161896353531007,1.1771497227188175,False,0.0,0.7299857503464683,0.07611250722858412,5.090462974596665,0.02083333333333326,True,False,0.4616873669230588,0.10178432857803521,0.14386929731236645,2.8042438794346043,-1.0510199872253203,-0.04705094209912045,False,0.0125,False,True,0.001699564249792094,impact,False,
S,sac,1,SS6,199,2042228284,hard_landing,dwell_complete,0.5588926415470326,1.6416666666666666,False,1.6416666666666666,True,50,7,0,0,0,15,15,0,2,0,5,-0.6515028666543401,0,96,126,-0.7195665240287781,-0.6425577998845038,-0.5718747588305241,0.01084861530398007,False,0.5694213081116608,-1.4297730408541205,0.6660959943772766,False,0.125,0.6360495798352946,0.7289659644773889,4.6626741205592985,0.12083333333333335,False,True,0.42572467804142095,0.4375912370325614,0.16335488551587096,1.1778527557121758,-0.838233021326003,0.049071751308124176,True,0.0,False,True,0.0002234830557009135,post_contact_idle,False,
S,sac,2,SS3,5,558736479,success,dwell_complete,0.25956216026443635,1.65,False,1.65,True,50,6,0,0,0,15,4,0,0,0,6,-0.22356289580329017,0,40,124,-0.4073229968547821,-0.32485997345477363,-0.4017282554325431,-0.1045970816059475,False,0.29688662973599117,-0.29798405771124725,1.081833270312599,False,0.0,0.9581604034696642,0.37096362817983697,1.356911764667216,0.01666666666666683,True,False,1.081833270312599,0.3766858669379933,-0.011491018162106565,0.6962728823819571,-0.368599534034729,-0.012621304790438052,False,0.020833333333333332,False,False,0.0004580921802789551,impact,True,success_unloaded
T,sac,2,SS3,15,1125666863,success,dwell_complete,0.4200714000389825,2.0208333333333335,False,2.0208333333333335,True,61,0,0,0,0,15,13,0,0,0,0,-0.6391271719881949,0,104,123,-0.26324657201766966,-0.3078078985770291,-0.46609709920561226,0.007897003960846796,False,0.4749763620168282,-0.013202808494354889,0.6983636725554804,False,0.0,0.6286185180873586,-0.18312388501274018,5.501190659385387,0.02916666666666634,True,False,0.5588733636192368,-0.1838482605348453,0.1118670203015333,2.6315318525702573,-0.6713909199617718,0.07486486095728728,True,0.0,False,False,-0.00016605245502005264,impact,False,
S,sac,2,SS3,29,1921923984,success,dwell_complete,0.1623320098885406,1.3541666666666667,False,1.3541666666666667,True,42,6,0,0,0,14,4,0,0,0,6,-0.6635768201244718,0,112,123,-0.2755581259727478,-0.29934017774073834,-0.19273863325387347,-0.02278623968600676,False,0.16998326375097578,-0.4460079574916152,0.9413950812753054,False,0.0,0.9749300457641837,-0.1598713600489648,1.5795084109805977,0.0625,False,True,0.42572467804142095,-0.08801028347696019,0.1495867901323771,0.768381410435228,-0.6660717129707336,-0.005446369841301499,False,0.03333333333333333,False,False,0.00029522357557062935,post_contact_idle,True,success_unloaded
S,sac,2,SS3,49,346551576,success,dwell_complete,0.2362689136100725,1.5041666666666667,False,1.5041666666666667,True,46,4,0,0,0,15,3,0,0,0,4,-0.7080346941947937,0,104,127,-0.3509530007839203,-0.3942095176366014,-0.22402930493171114,0.027151074800335642,False,0.2505568105042521,-0.7585289685224796,1.1627005090737164,False,0.0,1.1627005090737164,-0.15078518000771585,2.1077264350202864,0.050000000000000044,False,True,0.42572467804142095,-0.15943907294068,0.14765912545742063,1.12200056384174,-0.6125323176383972,-0.047031419110457016,False,0.03333333333333333,False,False,-8.617997602594503e-05,post_contact_idle,True,success_unloaded
S,sac,2,SS3,54,924557908,success,dwell_complete,0.24862535236041133,1.3208333333333333,False,1.3208333333333333,True,41,10,0,0,0,14,0,0,0,0,9,-0.6430869251489639,0,120,123,-0.4463168978691101,-0.4009014011593438,-0.25300382455316944,0.018564806341737,False,0.27187035228781314,-0.19846324918745978,1.0812024204940875,False,0.5,0.7534635492677542,0.5563116317873968,1.1259623748698095,0.02499999999999991,True,True,0.42572467804142095,0.5507719880758453,0.16682028308243552,0.5796674699327838,-0.6845617890357971,-0.006405242908723756,False,0.016666666666666666,False,False,-0.001211896960182843,impact,True,success_unloaded
S,sac,2,SS3,60,258404339,success,dwell_complete,0.35802159711091536,1.1875,False,1.1875,True,36,5,0,0,0,15,12,0,0,0,5,-0.5126528058214455,0,112,123,-0.3855345010757446,-0.38347230680993866,-0.3520649255324909,0.014792768760839476,False,0.3703433668195796,-1.1924806797379335,0.7819031015147813,False,0.0,0.8301179214990575,0.05235249709527022,4.549959015557645,0.04583333333333339,False,False,0.8783327414833336,0.04812918982298531,0.033202636488723444,2.412336293515969,-0.3864471008457151,0.03313154299146313,True,0.0,False,False,-0.0001182787718940832,other,False,
S,sac,2,SS3,65,323032325,success,dwell_complete,0.34257679816762043,1.3333333333333333,False,1.3333333333333333,True,40,0,0,0,0,15,0,0,0,0,0,-0.6597422361373901,0,112,120,-0.3633201658725739,-0.35119004873536236,-0.33961943000931877,0.012727437766098543,False,0.3522378311928536,-0.9141462082320091,1.0893291074252078,False,0.0,0.5229506825998048,0.24478420143727905,2.715036616079565,0.02083333333333348,True,False,0.44203947905331864,0.2357983705197086,0.1540394833733366,1.4471409916952263,-0.6862517595291138,-0.0159993057789841,False,0.004166666666666667,False,False,9.586055488233072e-05,impact,True,success_unloaded
S,sac,2,SS3,68,960847886,success,dwell_complete,0.2569727484887699,1.5791666666666666,False,1.5791666666666666,True,48,1,0,0,0,15,1,0,0,0,1,-0.45118850469589233,0,120,125,-0.36708255410194396,-0.31331637649647953,-0.2712443940442717,-0.005464035592884164,False,0.26589037923206305,-0.8238332165979381,1.0504365784335654,False,0.25,0.8942586033355292,0.4831018116232412,2.0816975462295644,0.012499999999999956,True,False,1.0504365784335654,0.4842992547654166,-0.00022191580051751005,1.1204752938065217,-0.25482049584388733,-0.00028535814925805924,False,0.025,False,False,-0.0009495106378988059,impact,True,success_unloaded
S,sac,2,SS3,72,1881702858,success,dwell_complete,0.1692647111261685,1.4041666666666666,False,1.4041666666666666,True,44,3,0,0,0,14,0,0,0,0,3,-0.789739117026329,0,120,127,-0.36498265862464907,-0.3586352840126698,-0.18538420692892082,-0.002103398893574595,False,0.18333468593432917,-0.24339633588225465,0.9133215228093482,False,0.0,0.9133215228093482,0.11382672863419002,1.080104033006402,0.04166666666666674,False,True,0.42572467804142095,0.11907485761596066,0.15517379815292268,0.6081642577674594,-0.559412956237793,0.02610475467154102,True,0.0,False,False,-0.00030143954658077486,post_contact_idle,False,
S,sac,2,SS3,73,289920193,success,dwell_complete,0.2513115395572144,1.3875,False,1.3875,True,42,0,0,0,0,15,14,0,0,0,0,-0.5732593254256573,0,88,123,-0.3632636725902557,-0.29950766490446423,-0.3460560297192195,-0.07505926874048936,False,0.27056095169502226,-0.23682030052110503,0.9959554564851512,False,0.0,0.7221545828794996,0.1402636762903317,2.1867837973711164,0.016666666666666607,True,False,0.44835370927384793,0.1423942666588195,0.14981241975526655,1.0978388348465853,-0.4668470621109009,0.004509121001964873,True,0.0,False,False,0.0006026943780149714,impact,False,
S,sac,2,SS3,82,1242778508,success,dwell_complete,0.1921344090203318,1.3833333333333333,False,1.3833333333333333,True,43,2,0,0,0,14,8,0,0,0,2,-0.955801804434888,0,120,124,-0.40544899106025695,-0.4338253629138442,-0.1988408371526769,0.0313178977802746,False,0.22798498913976528,-0.2418349334551291,1.3355029011684354,False,0.375,0.9943360674958048,-0.07753366287204708,2.5478949024321933,0.06666666666666665,False,True,0.42572467804142095,-0.0969023070669854,0.14935207084111574,1.349164989305001,-0.976449342066789,-0.09045800073673547,False,0.020833333333333332,False,False,-0.00014002608998010991,post_contact_idle,True,success_unloaded
S,sac,2,SS3,88,1372208371,success,dwell_complete,0.2579667489339677,1.5708333333333333,False,1.5708333333333333,True,49,7,0,0,0,14,5,0,0,0,7,-0.44051769207983477,0,112,127,-0.3236537992954254,-0.27845747550731825,-0.3193829355471883,-0.051895236444380335,False,0.2668790337256172,-1.0089666993607769,1.0619033915858063,False,0.0,1.0619033915858063,0.2608540753896409,1.9141505965953867,0.012499999999999956,True,False,1.0619033915858063,0.2581721429715306,-0.00938132914127547,0.8784072909287682,-0.2888152599334717,-0.00987841377294167,False,0.03333333333333333,False,False,-0.0003335076564259466,impact,True,success_unloaded
S,sac,2,SS3,102,2010693803,success,dwell_complete,0.3513745516618596,1.2041666666666666,False,1.2041666666666666,True,37,6,0,0,0,15,7,4,0,0,6,-0.7578790228336914,0,120,127,-0.3396133124828339,-0.3894379896417882,-0.29286324395929136,0.06080442507157761,False,0.3533307411307541,-1.3856178624951059,1.022281488896573,False,0.0,1.022281488896573,-0.49402180959867503,2.129771786557331,0.02083333333333348,True,False,1.022281488896573,-0.5078486217478757,-0.019575142113357084,1.0146201851867636,-0.29172858595848083,-0.019995812756397766,False,0.03333333333333333,False,False,0.0004879342492862461,impact,True,success_unloaded
S,sac,2,SS3,115,268198437,success,dwell_complete,0.35323734961705555,1.4375,False,1.4375,True,44,5,0,0,0,15,6,0,0,0,3,-0.36330923438072205,0,104,127,-0.4426825225353241,-0.32750299625634743,-0.367467956091986,-0.004145820034362657,False,0.3628933869239777,-1.3134470351852927,1.0124144746300519,False,0.0,1.0124144746300519,0.9040084521031682,2.5978808555282495,0.02499999999999991,True,False,1.0124144746300519,0.896150789756239,0.02094120203608358,1.2763162233355365,-0.35770565271377563,0.020802856274822222,True,0.0,False,False,-0.0019375410930399899,impact,False,
T,sac,2,SS3,118,850170771,success,dwell_complete,0.3554586385394409,1.4291666666666667,False,1.4291666666666667,True,43,0,0,0,0,15,3,0,0,0,0,-0.7000814080238342,0,104,121,-0.4707949697971344,-0.4719601040966484,-0.321997256944387,0.05543004012038638,False,0.3768458902983156,-0.6467949729403867,0.850473333430723,False,0.0,0.5414776785961893,0.17612370098578206,5.072630106339017,0.033333333333333215,False,False,0.4384791269846781,0.14179344198418192,0.15245848179702948,1.73149564466152,-0.639019606145002,0.04509250294283223,True,0.0,False,False,0.00010567270721282097,other,False,
S,sac,2,SS3,129,107904836,success,dwell_complete,0.1363919418410283,1.3291666666666666,False,1.3291666666666666,True,40,8,0,0,0,15,10,0,0,0,8,-0.7132904285900474,0,112,121,-0.40262534022331237,-0.4027431302116554,-0.15978463141107402,-0.01384428896709317,False,0.14553281101919396,-0.1606062647170535,0.9456542135715877,False,0.75,0.5557070619239627,-0.015396670955638979,2.4035223960507675,0.04583333333333339,False,False,0.6193033925520395,-0.006995829088896463,0.10057670933585013,1.1808428973562284,-0.4965717238344941,0.015907532128083678,True,0.0,False,False,7.987156959125653e-05,other,False,
S,sac,2,SS3,130,1674865942,success,dwell_complete,0.24851545460927923,1.3166666666666667,False,1.3166666666666667,True,40,7,0,0,0,15,0,0,0,0,6,-0.721144437789917,0,120,124,-0.42040680050849916,-0.38753645770468464,-0.26423477001877566,-0.008854143406140238,False,0.2554215977184599,-0.5572156143308061,0.8134675678018277,False,0.375,0.6680639841416752,0.14770813111922843,2.08265533017785,0.016666666666666607,True,False,0.8134675678018277,0.14989949550712953,0.05343710801029148,1.0670094777177759,-0.34071627259254456,0.052941480159636366,True,0.0,False,False,-0.0008815790123367492,impact,False,
S,sac,2,SS3,132,1332772073,success,dwell_complete,0.26786055263368924,1.3166666666666667,False,1.3166666666666667,True,40,4,0,0,0,15,6,0,0,0,2,-0.7504260241985321,0,120,124,-0.3675257503986359,-0.3779900356913561,-0.29608663223068366,0.006437008642031632,False,0.30252486399620915,-0.09500349659299036,0.9585938401922317,False,0.375,0.7587679043856778,-0.03492287970388969,1.090631169952391,0.008333333333333304,True,False,0.9585938401922317,-0.03468243601282921,0.010025711920272603,0.4911320335541672,-0.3157666325569153,0.010017023851339646,True,0.0,False,False,3.3837903427915557e-06,impact,False,
S,sac,2,SS3,134,770293282,success,dwell_complete,0.17167724632188539,1.4291666666666667,False,1.4291666666666667,True,43,0,0,0,0,15,1,0,0,0,0,-0.5308177471160889,0,120,121,-0.39070759415626527,-0.38276343664930645,-0.2034132618256533,-0.015497215029091002,False,0.18789262783515087,-0.1042964335104522,0.8347848384211433,False,0.75,0.5279897181363515,0.020569960697880717,0.6814596990387881,0.04166666666666652,False,True,0.42572467804142095,0.0279934671620185,0.15271070990758578,0.3293782092955504,-0.801552414894104,0.045824389920159324,True,0.0,False,False,8.466771124305984e-05,post_contact_idle,False,
S,sac,2,SS3,136,52561716,success,dwell_complete,0.29521761117160095,1.6624999999999999,False,1.6624999999999999,True,50,1,0,0,0,15,5,0,0,0,1,-0.7359710384964886,0,120,121,-0.5051039695739746,-0.4501964821840327,-0.2785811510793541,0.0319257794351229,False,0.3108445490794024,-0.9242889679947855,1.1534372173779024,False,0.75,0.6076528128755413,0.5661561800391723,2.400846467246434,0.02083333333333348,True,True,0.42572467804142095,0.5616088346398147,0.1671276366855367,1.1168215909678467,-0.7359710384964886,-0.02476492573926615,False,0.008333333333333333,False,False,-0.001571673536564963,impact,True,success_unloaded
S,sac,2,SS3,142,538582925,success,dwell_complete,0.17873698494229756,1.2833333333333332,False,1.2833333333333332,True,39,1,0,0,0,15,1,0,0,0,1,-0.7487086057662964,0,120,124,-0.3718891739845276,-0.3659102896718545,-0.19900208089620908,-0.001870166427472294,False,0.19722174172476933,-0.11499808444490836,0.92516309429893,False,0.375,0.7378736882023642,0.01571410228996601,1.3599992329934236,0.02083333333333348,True,True,0.42572467804142095,0.01556125605649216,0.1523796650335274,0.6371547307462774,-0.831412743310433,0.020240397273064963,True,0.0,False,False,1.9377583049815372e-05,impact,False,
S,sac,2,SS3,144,1170825572,success,dwell_complete,0.41084148328389675,1.0208333333333333,False,1.0166666666666666,True,31,3,0,0,0,15,12,0,1,2,3,-0.9376651202539353,0,120,123,-0.44956072568893435,-0.42972458171521744,-0.4030672765986219,0.07113860805211109,False,0.47454883296498707,0.604377716121029,0.9552799965936999,False,0.5,0.6905023373175604,0.10704510120220762,3.95764081787524,0.01666666666666683,True,True,0.42572467804142095,0.10028609670077467,0.15472185319956558,1.9010774778789699,-0.5754602551460266,0.015099721076811255,True,0.0,False,False,-0.00013056154236173532,impact,False,
S,sac,2,SS3,156,1593741725,success,dwell_complete,0.28188024352666463,1.6291666666666667,False,1.6291666666666667,True,49,0,0,0,0,15,10,0,1,0,0,-0.7497071027755737,0,120,121,-0.44383456110954284,-0.47600349108056617,-0.27664498357390593,0.04028411751899558,False,0.3159508102707789,-0.5647473493428745,1.0296877711851407,False,0.75,0.5767154513273509,-0.016861157485211303,3.316420666211124,0.03750000000000009,False,True,0.42572467804142095,-0.023086897510364024,0.1513538206037296,1.7508378828599158,-0.6099389579447875,-0.0062022042114074465,False,0.008333333333333333,False,False,-0.0002107713454853026,post_contact_idle,True,success_unloaded
S,sac,2,SS3,187,1530772550,success,dwell_complete,0.24641168572016067,1.1375,False,1.1375,True,35,13,0,0,0,15,0,0,0,0,13,-0.6560186147689819,0,96,127,-0.44589739441871645,-0.41714846020114027,-0.29948340573195364,-0.019822781750492582,False,0.2795223635219354,-0.02266396785947439,0.9098090676621015,False,0.0,0.9098090676621015,0.08453734644677074,1.5863650061042565,0.016666666666666607,True,False,0.9098090676621015,0.08512982970270201,0.02619015532529777,0.9505488704214077,-0.3491295576095581,0.026070939899978936,True,0.0,False,False,0.0001343357542019535,impact,False,
S,sac,2,SS3,191,1615938081,success,dwell_complete,0.14553655563425424,1.2166666666666666,False,1.2166666666666666,True,38,0,0,0,0,14,3,0,0,0,0,-0.863493874669075,0,112,124,-0.34801496267318727,-0.3457827028240643,-0.15064764331567726,-0.001932937133308144,False,0.1481690209858597,-0.50336669684123,1.0145333936505803,False,0.0,0.8355294517995794,-0.002009984387775959,2.1032198141533245,0.050000000000000044,False,False,0.5371895487145779,-0.004175972044284479,0.12237094509851507,1.1356504575676878,-0.40053051710128784,-0.0032657517886525897,False,0.020833333333333332,False,False,-1.1980627897007734e-05,other,True,success_unloaded
S,sac,2,SS3,198,108547188,success,dwell_complete,0.43147642486039794,1.1208333333333333,False,1.1208333333333333,True,35,14,0,0,0,14,5,0,0,0,13,-0.757932186126709,0,120,123,-0.6089323103427887,-0.5221266349744372,-0.42487589687794447,0.05574394838124774,False,0.47846991127195565,-0.28266552736293477,0.9304459792600931,False,0.5,0.678085328650757,0.6912027569492755,3.601917208140643,0.029166666666666563,True,True,0.42572467804142095,0.6588034601417788,0.169796312566118,2.1524525189906556,-0.8042605699176818,0.03753865796805339,True,0.0,False,False,0.00110180888946051,impact,False,
S,sac,2,SS3,199,1565262016,success,dwell_complete,0.23664545146987875,1.5833333333333333,False,1.5833333333333333,True,49,6,0,0,0,14,1,0,1,0,6,-0.19752712547779083,0,8,124,-0.28949524760246276,-0.2676934792921117,-0.28134569193542713,-0.03895945518744362,False,0.23943113009238545,-0.7734634779890595,0.8816673205630423,False,0.0,0.7745591230684179,-0.02097852281927052,2.3009013552083295,0.0625,False,False,0.5386420293721356,-0.005819982087518766,0.1217499991477026,1.268222402815277,-0.31789382353955753,-0.022186528411747702,False,0.03333333333333333,False,False,0.0031012374132163224,other,True,success_unloaded
S,sac,2,SS4,15,217668846,success,dwell_complete,0.26423464827090953,1.9625,False,1.9625,True,59,1,0,0,0,15,4,0,0,0,1,-0.37705618143081665,0,64,121,-0.38490373492240904,-0.2517777630030786,-0.3994501410907735,-0.12064577151859704,False,0.27763091876209245,-1.0887187577232686,1.0794606717794368,False,0.0,0.8260617322583468,0.45567032583636374,2.341758483687545,0.025000000000000133,True,False,0.7415954190846502,0.4712109930443189,0.08111745408647525,1.2293859017473576,-0.4688399506470428,-0.008828831243006482,False,0.008333333333333333,False,False,0.0006797267309749313,impact,True,success_unloaded
S,sac,2,SS4,16,696548069,success,dwell_complete,0.45419730740563674,1.0666666666666667,False,1.0666666666666667,True,32,13,0,0,5,15,8,1,0,1,10,-0.7038962244987488,0,80,120,-0.6796166549078688,-0.6107445299918246,-0.43588704212033497,0.041206750019475685,False,0.48006597162040043,-1.2308156596249424,1.1781024160111955,False,0.0,0.7402153250400246,0.44241913618956896,3.1014797340125817,0.02083333333333326,True,False,0.6776600263298573,0.43355116958621615,0.0970260664162634,1.8301118204935278,-0.541669725210252,-0.03365510588661535,False,0.004166666666666667,False,False,-0.0004986020768139399,impact,True,success_unloaded
S,sac,2,SS4,23,2087876775,success,dwell_complete,0.2850446196424955,1.4375,False,1.4375,True,44,2,0,0,0,15,5,0,0,0,2,-0.5320186614990234,0,80,127,-0.3414137601852417,-0.28394712126491156,-0.3652617939171953,-0.05774385802309724,False,0.30317012294930507,-0.5539867492892147,0.8560088603725298,False,0.0,0.8560088603725298,0.07973841561121253,2.2784827005601453,0.033333333333333215,False,False,0.8732973545997821,0.087776547555343,0.03580754682264692,1.1561941839572545,-0.18648934364318848,0.03580754682264692,True,0.0,False,False,0.0003467027808777448,other,False,
S,sac,2,SS4,25,1955270286,success,dwell_complete,0.28077454322541007,1.9041666666666666,False,1.9041666666666666,True,58,3,0,0,0,15,5,0,0,0,3,-0.4012322723865509,0,112,127,-0.42270644903182986,-0.27120488885379684,-0.41807024074233395,-0.11699224337883968,False,0.2905503683963937,-1.1637337135650427,0.9284960994132959,False,0.0,0.9284960994132959,0.5517873123716006,1.6128709668749919,0.06666666666666665,False,True,0.42572467804142095,0.6231277591461097,0.16845680911835134,0.536043990105568,-0.5139503507139932,0.033729117060055644,True,0.0,False,False,0.0007719654267493893,post_contact_idle,False,
S,sac,2,SS4,35,1846185832,success,dwell_complete,0.2623303809193386,1.45,False,1.45,True,44,4,0,0,0,15,12,1,0,0,4,-0.7897362255527194,0,96,124,-0.3585237920284271,-0.30423167654171307,-0.3495439678972337,-0.08605722227763708,False,0.2689657238770958,-0.8298528492249037,0.703598203605589,False,0.375,0.5993956315190259,0.04831940472395308,2.6110988765903085,0.02083333333333326,True,True,0.42572467804142095,0.05501931851012666,0.15332226946759786,1.4763334936730195,-1.1860062181949615,0.07936787870391918,True,0.0,False,False,0.0006240197662984217,impact,False,
S,sac,2,SS4,57,1109774061,success,dwell_complete,0.282709736448969,2.0708333333333333,False,2.0708333333333333,True,63,5,0,0,0,15,4,0,0,0,5,-0.38185232877731323,0,72,127,-0.3694791555404663,-0.27863930353717864,-0.43170476665435464,-0.11933198194642483,False,0.30977644530020637,-0.24598860137522185,1.0195898012942226,False,0.0,1.0195898012942226,0.23289266926975116,2.031295570406834,0.02083333333333348,True,False,1.0195898012942226,0.25081197483709083,0.0015861032534341278,0.9525423819300917,-0.42970454692840576,0.00038033047597025704,True,0.0,False,False,0.0007254729032314401,impact,False,
S,sac,2,SS4,59,1875727330,success,dwell_complete,0.31900895298175,1.1208333333333333,False,1.1208333333333333,True,34,10,0,0,0,15,5,0,0,0,10,-0.31927013397216797,0,56,123,-0.4692334532737732,-0.3726436922527216,-0.388721124990799,-0.0630202584564947,False,0.3250389317760609,-1.193919640926021,1.0248807207666808,False,0.0,0.9553233281259412,0.33916415834173985,2.0501927854049424,0.02083333333333326,True,False,0.8857659354852019,0.34405065939824686,0.03951710832252253,0.9625403771127997,-0.4125161074694439,-0.009540149587941547,False,0.03333333333333333,False,False,0.00030976513605887043,impact,True,success_unloaded
S,sac,2,SS4,69,1916697051,success,dwell_complete,0.24665940249506974,1.2458333333333333,False,1.2458333333333333,True,38,12,0,0,1,15,0,0,0,0,10,-0.43142813444137573,0,120,125,-0.4163046956062317,-0.4162814201880247,-0.2504718368764884,0.0063910326488143656,False,0.2586406909149573,-0.9629158915628178,1.16976235614322,False,0.25,0.9837529366177702,0.035501428099341585,2.9513865955243985,0.0625,False,True,0.42572467804142095,0.0403769517616538,0.15305710708800813,1.2077140397198456,-0.566119372844696,-0.04372732032607666,False,0.025,False,False,-1.686599014299842e-05,post_contact_idle,True,success_unloaded
S,sac,2,SS4,81,1069232166,success,dwell_complete,0.283742455639265,1.6958333333333333,False,1.6958333333333333,True,51,3,0,0,0,15,5,0,0,0,3,-0.3439163267612457,0,64,121,-0.4045722246170044,-0.32474171634043486,-0.3921437689556023,-0.08457313817095455,False,0.30721869030973303,-0.8623070172050572,1.114355024360099,False,0.75,0.5978822646210904,0.41758116078317864,2.6493419955371857,0.02083333333333326,True,True,0.42572467804142095,0.42354081862771026,0.1634075270387003,1.2233756663014779,-0.7856690883636475,-0.019028836303965752,False,0.008333333333333333,False,False,0.0004506601382588025,impact,True,success_unloaded
S,sac,2,SS4,85,2081940702,success,dwell_complete,0.29264519077873136,1.3291666666666666,False,1.3291666666666666,True,40,10,0,0,0,15,1,0,0,0,9,-0.5334431827068329,0,120,121,-0.3959568738937378,-0.3515270893411206,-0.3500503763296935,-0.032918994004506624,False,0.3166539304024415,-0.17914554017146636,0.9944602771417421,False,0.75,0.5679085778165012,0.2243934488383575,1.82401119572949,0.012499999999999956,True,True,0.42572467804142095,0.22355139231978705,0.15799737041868409,0.9600613499732327,-0.6884475360078809,0.007322669270423459,True,0.0,False,False,-3.540478765023167e-05,impact,False,
S,sac,2,SS4,89,1460784246,success,dwell_complete,0.1658734014497116,1.25,False,1.25,True,39,0,0,0,0,14,6,0,0,0,0,-0.7407828674266176,0,112,124,-0.3698555290699005,-0.34971452464880276,-0.1862230746429488,0.004749967873960862,False,0.18940061889885026,-0.20103729553427216,1.1106875088960302,False,0.0,0.929997994203791,0.11113205853688551,2.105850548808478,0.05833333333333335,False,True,0.42572467804142095,0.10904269409067884,0.15483107152497724,1.0639695749815288,-0.8849314199693408,-0.02458540392984018,False,0.020833333333333332,False,False,8.070838704153752e-05,post_contact_idle,True,success_unloaded
S,sac,2,SS4,94,1246638828,success,dwell_complete,0.3774213208576454,1.1041666666666667,False,1.1041666666666667,True,34,12,0,0,0,15,9,0,0,0,12,-0.9796515687167411,0,120,127,-0.39576653838157655,-0.41303481552828014,-0.1914041081276658,0.19110392045547697,False,0.3823799081138444,-0.7426532742898697,0.668012978712341,False,0.0,0.668012978712341,0.24629391004870252,2.6112673649143536,0.008333333333333304,True,False,0.668012978712341,0.29160311768397906,0.09575676356355577,1.2197936134416925,-0.368649959564209,0.09166227841184728,True,0.0,False,False,-0.000176689983810248,impact,False,
T,sac,2,SS4,101,1592130763,success,dwell_complete,0.36992724595017396,1.2208333333333332,False,1.2208333333333332,True,38,7,0,0,0,14,3,0,0,0,7,-0.41278604026200993,0,80,123,-0.7069782555103302,-0.5290292618288138,-0.5664960676840314,-0.15749688077480573,False,0.40453816064381115,-0.7101081308555397,1.0729301887663292,False,0.0,0.8446011683148738,1.1616650721695434,5.458623973502327,0.0625,False,False,0.5250202309348884,1.297759347987644,0.16073833431477355,2.3224391746091624,-0.4133008193088099,0.012238439295698497,True,0.0,False,False,-0.0012031388444428788,other,False,
S,sac,2,SS4,111,1101765951,success,dwell_complete,0.27052025649288386,1.65,False,1.65,True,50,5,0,0,0,15,2,0,0,0,4,-0.40574026107788086,0,80,124,-0.3627830743789673,-0.2555303273790703,-0.3821949852608475,-0.09025799289927872,False,0.2874887271591703,-0.8815648122181133,1.0259714682306038,False,0.0,0.8548158792428852,0.4045876707920052,2.053563138434086,0.02083333333333348,True,False,0.5695565642633538,0.41209442613644015,0.12494268043320146,0.9749988703349081,-0.552979052066803,0.003792617817676808,True,0.0,False,False,0.0001472026335253616,impact,False,
S,sac,2,SS4,123,1422627062,success,dwell_complete,0.26084232272084223,0.9333333333333333,False,0.9333333333333333,True,28,11,0,0,0,15,9,0,0,0,9,-0.2411857921639416,0,24,120,-0.903590445966527,-0.7815771724661352,-0.5835807512029104,-0.2966267504611375,False,0.28661961123822316,-0.5407019891251729,1.202184799585634,False,0.875,0.5227821932344475,0.20439643494032272,2.9919150682939106,0.033333333333333326,False,True,0.42572467804142095,0.289578865883542,0.15978891244154056,1.4334384004056062,-1.1848184466362,-0.04717415195805208,False,0.004166666666666667,False,False,0.001489647798579321,post_contact_idle,True,success_unloaded
S,sac,2,SS4,135,1161446768,success,dwell_complete,0.3268163821822314,2.1333333333333333,False,2.1333333333333333,True,64,0,0,0,0,15,1,0,0,0,0,-0.5319912135601044,0,80,120,-0.4281702101230621,-0.30375934873466737,-0.43688382886358296,-0.08072885727359322,False,0.35521942103092574,-0.49767972748764044,1.0965095173570558,False,0.0,0.6400911060534841,0.5506824109171299,2.433732583572319,0.02083333333333348,True,False,0.5748884758672597,0.5554869504196738,0.12750472472463756,1.2231213670163552,-0.6163753059078996,-0.010492884073321015,False,0.004166666666666667,False,False,5.1170895759078104e-05,impact,True,success_unloaded
ST,sac,2,SS4,140,451247318,hard_landing,dwell_complete,0.5177954480020096,1.4833333333333334,False,1.4791666666666667,True,45,1,0,0,0,15,8,0,0,0,1,-0.5716931819915771,0,120,124,-0.4147240102291107,-0.409179669729025,-0.543151017887367,0.06524602297219899,False,0.6073260858570558,1.028003082748698,0.6919913072039799,False,0.375,0.5921413212680203,0.21351300278083593,5.0884127915385555,0.012499999999999956,True,False,0.6919913072039799,0.21536741513015992,0.08739355691147394,2.6686115646050297,-0.6772436499595642,0.08733981980217385,True,0.0,False,True,-0.0006023173706895557,impact,False,
S,sac,2,SS4,145,1286322466,success,dwell_complete,0.23707970867333342,1.8041666666666667,False,1.8041666666666667,True,55,5,0,0,0,15,3,0,0,0,5,-0.44242948293685913,0,96,127,-0.3825577437877655,-0.27739601375649775,-0.33534596652241944,-0.07716491500148148,False,0.2537559851865691,-0.41591325570107557,0.7577933313185925,False,0.0,0.7577933313185925,0.4516531828482593,2.0645937191194785,0.02499999999999991,True,False,0.7577933313185925,0.4682161092785793,0.07657610605555527,1.0335122880787073,-0.4656220078468323,0.005920666702284931,True,0.0,False,False,0.0003062266486470242,impact,False,
S,sac,2,SS4,147,1697022180,success,dwell_complete,0.3529082700157953,2.1291666666666664,False,2.1291666666666664,True,64,0,0,0,0,15,6,0,0,0,0,-0.436069518327713,0,96,121,-0.26658100485801695,-0.19655396371452719,-0.4213665789197276,-0.06436016371487516,False,0.3557393828558004,-1.043394995390775,0.6929979800735635,False,0.0,0.7237073026867006,0.1028633428405761,0.8211738733027169,0.025000000000000355,True,False,0.7339437435577462,0.10685812196396244,0.07326103016676115,0.4531154856473144,-0.5362468957901001,0.06181404304576269,True,0.0,False,False,0.00029315640722316815,impact,False,
T,sac,2,SS4,150,1889442099,hard_landing,dwell_complete,0.6009182673836077,1.4041666666666666,False,1.4041666666666666,True,43,5,0,0,0,15,3,0,1,0,4,-0.31213223934173584,0,72,127,-0.4580445642452198,-0.49274969484387016,-0.5414902130714874,0.10212853613837272,False,0.6360310035672684,-1.4034533455697802,0.5321498972155306,False,0.0,0.5321498972155306,0.12295127680450058,7.824518475912428,0.03750000000000009,False,True,0.42572467804142095,0.0936498660341535,0.15401121875222226,2.6213604745817807,-0.973573353634661,0.011692830140784748,True,0.0,False,True,-0.000871965923390536,post_contact_idle,False,
S,sac,2,SS4,157,990009387,success,dwell_complete,0.3650754070559255,1.3666666666666667,False,1.3666666666666667,True,41,2,0,0,0,15,13,0,0,0,2,-0.7810197263403709,0,112,120,-0.3454659104347229,-0.3367558187915096,-0.4131616315625912,-0.04962895405697772,False,0.3730324708307531,-1.058058482756495,0.8828190016100008,False,0.0,0.49619205429279606,-0.09568901983397782,4.211671907139968,0.033333333333333215,False,False,0.4409596332474811,-0.08555912513203846,0.1453352429399017,2.4794733022940383,-0.7585175695722991,0.029134541765331808,True,0.0,False,False,0.00035242922246635195,other,False,
S,sac,2,SS4,161,846331680,success,dwell_complete,0.44038179270316974,2.7291666666666665,False,2.725,True,83,5,0,0,0,14,14,0,1,0,4,-0.3006038006595773,0,32,121,-0.3828723669052124,-0.33729736852667097,-0.6033574333175734,-0.09047264216857226,False,0.5022504316782025,0.2985464980077363,0.7918252377695317,False,0.0,0.6429535979308378,-0.08272947021056723,4.260587074370736,0.02083333333333348,True,False,0.5933297179846065,-0.07899401094149412,0.10414708963587746,2.1537399217928916,-0.7400677523180423,0.051586829909669216,True,0.0,False,True,0.0005634843609588888,impact,False,
S,sac,2,SS4,162,1307500521,success,dwell_complete,0.24501149135733974,1.3208333333333333,False,1.3208333333333333,True,40,10,0,0,0,15,0,0,0,0,9,-0.47302061319351196,0,96,123,-0.3518931925296783,-0.3648632949883052,-0.26661534528865544,-0.004841311150825547,False,0.2614596984963072,-0.52650533640035,1.0058731456149819,False,0.0,0.7425337483100842,-0.059922915887332825,1.4450666647534987,0.012499999999999956,True,False,1.0058731456149819,-0.0603783790736517,-0.0031984951414336647,0.8418156022066112,-0.2695785462856293,-0.003276386016747394,False,0.016666666666666666,False,False,1.1783663957076699e-05,impact,True,success_unloaded
S,sac,2,SS4,176,927760525,success,dwell_complete,0.25672929275515904,1.775,False,1.775,True,54,5,0,0,0,15,2,0,0,0,5,-0.31739938259124756,0,56,126,-0.3486146032810211,-0.27040219243648234,-0.31903659512319005,-0.051244551629542015,False,0.265576834341019,-0.8891451312225429,0.9213849746444542,False,0.0,0.9058306046824589,0.22020153713953455,1.8514953864167965,0.025000000000000133,True,False,0.9213849746444542,0.21846968170685055,0.026720936512464332,1.1278283394297295,-0.36433571577072144,0.026719889898806113,True,0.0,False,False,0.0006194568852785638,impact,False,
S,sac,2,SS4,188,638130436,success,dwell_complete,0.20801896851640192,1.6541666666666666,False,1.6541666666666666,True,50,2,0,0,0,15,13,0,0,0,2,-0.5232195197541362,0,96,123,-0.40960649847984315,-0.41546782118523934,-0.1960094566220663,0.009384110653314067,False,0.20404286998485963,-0.8225256108778415,0.7490704945301281,False,0.5,0.5873975862857745,-0.04407347043905112,2.5914955479417214,0.04166666666666674,False,True,0.42572467804142095,-0.04939670020374769,0.15061967914196578,1.2502249319256156,-0.8168996572494507,0.06611088971817766,True,0.0,False,False,2.3988137430792076e-05,post_contact_idle,False,
S,sac,2,SS4,189,479807060,success,dwell_complete,0.2685292103714456,1.1916666666666667,False,1.1916666666666667,True,36,9,0,0,0,15,4,0,0,0,8,-0.5348636821247111,0,80,122,-0.4567885100841522,-0.3739547266376367,-0.36141959629314946,-0.07154471551923534,False,0.2862412454992657,-1.1386075495147643,1.2818898108331638,False,0.0,0.8289848605590743,0.13977641615069006,4.765583629204083,0.0708333333333333,False,False,0.5195792129755648,0.16357558285947665,0.13142974991761638,2.6882238826030544,-0.4079056978225708,-0.06974890982798235,False,0.0125,False,False,0.00042611586540457496,other,True,success_unloaded
S,sac,2,SS4,194,2027452974,success,dwell_complete,0.2603158765006311,1.425,False,1.425,True,43,10,0,0,0,15,1,0,0,0,9,-0.7990962609277805,0,120,122,-0.37701232433319093,-0.3595794757422839,-0.24683770886821133,0.02596117000378368,False,0.27321603842415354,-0.5422130479073848,0.9572816147130104,False,0.625,0.625058529293267,0.25627718207882655,2.0319912524065646,0.016666666666666607,True,True,0.42572467804142095,0.25602086139421726,0.15887574390745474,1.0588020854035431,-0.7990962609277805,0.01832661878617526,True,0.0,False,False,-0.00017191642590903448,impact,False,
T,sac,2,SS5,4,1337608328,off_pad,dwell_complete,0.7018437890802977,2.4125,False,2.408333333333333,True,73,9,0,0,0,15,15,0,6,1,9,-0.46883001185370865,0,88,125,-0.26008511185646055,-0.274569399468046,-0.698289160743274,0.11880583744439593,False,0.7995681694962089,0.8182004499967087,0.5167958734368743,False,0.25,0.4940280745880109,0.20633427923851538,9.234941763529122,0.016666666666666607,True,False,0.5167958734368743,0.20296304444275515,0.1331266563982897,3.192591268500449,-0.921261191368103,0.05202246025784,True,0.0,False,True,0.016974405595550926,impact,False,
T,sac,2,SS5,6,1293852831,hard_landing,dwell_complete,0.6351334282033079,1.6416666666666666,False,1.6416666666666666,True,50,5,0,0,0,15,12,0,0,1,5,-1.0252917902403602,0,120,126,-0.49480229020118716,-0.4621784353392128,-0.5584407229594779,0.1332863727019527,False,0.6607043755553322,-1.6309412590687458,0.43227898014609695,False,0.125,0.43145969238301246,0.6080686211154336,9.638804358501728,0.04583333333333339,False,True,0.42572467804142095,0.5589574476336766,0.1646541382289458,3.4041818171037352,-1.1081275854333352,0.13656068332207835,True,0.0,False,True,0.07521414487302154,post_contact_idle,False,
S,sac,2,SS5,8,1065105648,success,dwell_complete,0.32848494761133984,1.9916666666666667,False,1.9916666666666667,True,61,1,0,0,0,14,4,0,0,0,1,-0.45833685994148254,0,64,122,-0.48228712677955626,-0.33958214404503106,-0.5227581737489917,-0.16592026195037024,False,0.3503253369544516,-1.0412694485350331,1.233927540224576,False,0.0,0.8432116662616685,0.27715327652389643,1.6061924196782789,0.029166666666666785,True,False,0.608782141883924,0.30776391092333233,0.11122492449260478,0.911144492616173,-0.6527227163314819,-0.05498268256304019,False,0.0125,False,False,0.0013020640313475768,impact,True,success_unloaded
T,sac,2,SS5,16,569050885,success,dwell_complete,0.4915118644309017,1.8625,False,1.8625,True,56,2,0,0,0,15,7,0,0,0,1,-0.40993065598906403,0,72,121,-0.6804042279720306,-0.37529646972694386,-0.9241535174814581,-0.403298574006533,False,0.5170303733115671,-1.2604334033543179,0.8143110611025689,False,0.0,1.214090861836852,1.6203076775568908,5.651890057015233,0.033333333333333215,False,False,1.3473507954149462,1.893793782294272,-0.04092321300514948,1.9378551525132264,-0.7034930657529728,-0.05087569360338054,False,0.03333333333333333,False,True,-0.0009300316489039857,other,True,success_unloaded
S,sac,2,SS5,17,419316027,success,dwell_complete,0.3588780537450489,1.0541666666666667,False,1.0541666666666667,True,32,4,0,0,0,15,0,0,0,0,4,-0.8747218251228333,0,120,123,-0.40646402835845946,-0.36082036872974954,-0.3506581427234338,0.019857087782961535,False,0.37101332083147154,-1.2626966697101778,0.9835945603123466,False,0.5,0.7046596191768838,0.339456148183238,2.8479630736164916,0.012499999999999956,True,False,0.9835945603123466,0.34157078640959265,0.013639586597176769,1.3985575634151477,-0.35796618461608887,0.013639586597176769,True,0.0,False,False,-0.0009356356346635508,impact,False,
S,sac,2,SS5,18,1615341671,success,dwell_complete,0.38910666716617826,1.0125,False,1.0125,True,31,13,0,0,0,15,10,0,3,0,13,-0.11152723431587219,0,56,125,-0.6700631558895112,-0.5215079503084613,-0.48448986427275065,-0.08331716873115108,False,0.40094861440456664,-1.2693194494966298,1.1278568223500254,False,0.0,1.0967046614847613,1.2301215431452208,2.7074831752822046,0.02083333333333326,True,False,1.1278568223500254,1.2439878183566204,-0.0003648212374491162,1.283836629003119,-0.4420907199382782,-0.0010129335088315814,False,0.025,False,False,-0.0011968775651058218,impact,True,success_unloaded
T,sac,2,SS5,19,210838646,hard_landing,dwell_complete,0.6450565738292607,3.275,False,3.2708333333333335,True,99,2,0,0,0,15,15,5,4,3,1,-0.871428514590898,0,126,126,-0.32929845452308654,-0.2998770738207063,-0.6774036188931676,0.11774124472445731,False,0.745568689311748,0.8102112214939305,0.42572467804142095,True,1.0,0.42572467804142095,0.5006966552286725,9.896349244535472,0.054166666666666696,False,True,0.42572467804142095,0.4465612632459994,0.16197122740538528,2.055632396404697,-1.0101709758256667,0.1395320521693528,True,0.0,False,True,0.0782354859889507,post_contact_idle,False,
S,sac,2,SS5,20,702950301,success,dwell_complete,0.2807184467977295,0.875,False,0.875,True,27,7,0,0,0,15,6,0,0,0,7,-0.700886607170105,0,80,126,-0.5156324684619904,-0.3552267040702973,-0.43658949816401627,-0.15052290723059075,False,0.28867937009899225,-0.9524369042723377,0.9826705781339468,False,0.0,0.9564440597436279,0.4421964843572199,1.790896321496677,0.016666666666666607,True,False,0.9826705781339468,0.4458690445147109,0.015801847201358098,0.87423645685404,-0.443006694316864,0.015255719626512173,True,0.0,False,False,0.0036109555726974558,impact,False,
S,sac,2,SS5,30,1268272897,success,dwell_complete,0.27348020486213076,1.1333333333333333,False,1.1333333333333333,True,34,3,0,0,0,15,11,4,0,3,2,-0.9840520993126278,0,120,120,-0.5963055202506101,-0.5050599880600087,-0.40361786618798773,-0.11338571014737955,False,0.29451353402419095,-0.5791801213355816,1.0346026524264718,False,0.875,0.5018344248395523,0.13872368461171303,3.558180898394856,0.029166666666666785,True,True,0.42572467804142095,0.15573269844873602,0.1561250497425633,2.0045338206732826,-0.8526495273762916,-0.005462170917023624,False,0.004166666666666667,False,False,0.0008956538851811847,impact,True,success_unloaded
S,sac,2,SS5,33,714116886,success,dwell_complete,0.326978969466194,2.845833333333333,False,2.845833333333333,True,87,3,0,0,0,14,8,0,4,0,3,-0.3889426470376421,0,40,125,-0.3772451221942902,-0.34322872034826474,-0.42624385271673476,-0.08370725158668792,False,0.3400890829389956,-0.8900493680788836,0.9685968887787783,False,0.25,0.8328788360944388,-0.12922368492778566,2.6912852732675367,0.054166666666666696,False,True,0.42572467804142095,-0.10655784397154862,0.14751665699826685,1.3002662539196637,-0.993747889995575,0.0032814433848353786,True,0.0,False,False,0.0005610651803860881,post_contact_idle,False,
T,sac,2,SS5,37,282286852,hard_landing,dwell_complete,0.5291785171197029,2.3375,False,2.3333333333333335,True,71,1,0,0,0,15,12,0,0,2,0,-0.9402309461777825,0,112,127,-0.523821896314621,-0.30522440662816125,-0.5684707618973595,0.03587616539378705,False,0.6031070188590917,0.21946594940072917,0.753298665167317,False,0.0,0.753298665167317,2.073387495501782,5.16416261633852,0.016666666666666607,True,False,0.753298665167317,2.0675977542836446,0.12114683506419185,2.4711758188526507,-0.6871548593044281,0.11561296522577072,True,0.0,False,True,-0.0023916203587149966,impact,False,
T,sac,2,SS5,43,72377074,hard_landing,dwell_complete,0.6691610716711586,1.5916666666666666,False,1.5875,True,48,2,0,0,0,15,8,0,3,0,1,-0.4341655510488185,0,64,122,-0.24711411595344543,-0.3557526844406361,-0.7539922595741401,0.04850346412953255,False,0.8027047270666979,1.1896825384757144,0.5333789586462492,False,0.0,0.7262416809650808,-0.43538305800467103,8.830814267626165,0.03750000000000009,False,False,0.8419593143563799,-0.44804855286073075,0.030301256335857618,4.1468909240974305,-0.6845418012878963,0.030087726860869003,True,0.0,False,True,0.0011893689320810702,other,False,
T,sac,2,SS5,54,2033845717,success,dwell_complete,0.4566793457416301,1.4333333333333333,False,1.4333333333333333,True,43,0,0,0,0,15,4,0,0,0,0,-0.7883376181125641,0,120,120,-0.4962854504585266,-0.46389044022771037,-0.47480083175363025,0.056718364398973535,False,0.5123507682897017,-0.14082570048132742,0.697769801451776,False,0.875,0.4597303184677153,0.3069563093922143,6.70795433190146,0.03749999999999987,False,True,0.42572467804142095,0.28857271733934037,0.159123260828514,3.156678300973524,-0.9063981974072987,0.08876682317709937,True,0.0,False,True,0.0002929713071598501,post_contact_idle,False,
ST,sac,2,SS5,64,277549337,success,dwell_complete,0.2777253425917093,1.525,False,1.525,True,46,4,0,0,0,15,1,0,0,0,4,-0.4700008034706116,0,96,122,-0.5904858350753784,-0.3238075766635854,-0.470862836006821,-0.17328971543749588,False,0.2960093905937106,-0.3309543809161044,0.85062664451373,False,0.0,0.6682272880396125,1.3021070260993939,5.039284760626775,0.10833333333333339,False,True,0.42572467804142095,1.3346709519167996,0.18798683675914515,1.9056612541768003,-0.5120846629142761,0.07391523815945834,True,0.0,False,False,-0.0009816570146816946,post_contact_idle,False,
T,sac,2,SS5,72,543613583,success,dwell_complete,0.22957808243105288,0.7791666666666667,False,0.775,True,25,9,0,0,0,14,7,2,0,0,9,-0.44052882492542267,0,48,125,-0.970514977176411,-0.7519809297504714,-0.6615411382005653,-0.37754435237342154,False,0.28134776354622004,-0.010316569637573176,1.3375337347179261,False,0.0,1.1796036008388189,0.6565403216581228,5.1656707696752475,0.26250000000000007,False,False,0.5114771798805023,2.321390874231565,0.1916622189685668,1.5019587327453372,-0.2878956198692322,-0.06941732005593858,False,0.025,False,False,0.0026023096398069285,other,True,success_unloaded
S,sac,2,SS5,73,66480997,success,dwell_complete,0.16905205141310814,1.675,False,1.675,True,51,7,0,0,0,15,14,0,4,0,6,-0.875152883860738,0,96,126,-0.2986201345920563,-0.22373746456435215,-0.3566301541343391,-0.12353304890670325,False,0.2140023604017599,-0.14276961372851932,1.3345474334953362,False,0.125,1.2209445890635968,-0.03194867439035895,4.28190954022271,0.14583333333333326,False,True,0.42572467804142095,0.1112044404580494,0.15372754050313017,1.3232911125602318,-1.0828029091070346,-0.09154546790696391,False,0.029166666666666667,False,False,0.0021644796441473435,post_contact_idle,True,success_unloaded
S,sac,2,SS5,80,1856283101,hard_landing,dwell_complete,0.585344256386296,1.2416666666666667,False,1.2416666666666667,True,38,11,0,0,0,15,0,0,0,0,9,-0.1507774293422699,0,8,126,-0.5456142127513885,-0.5278115006283913,-0.5898141806126936,0.0512290226702976,False,0.639418246226255,-1.0254220871394086,1.0818673219095758,False,0.125,0.9998494914260564,0.22621793775804627,2.1802730336897156,0.012499999999999956,True,False,1.0818673219095758,0.2279760335763044,-0.01555169762740934,1.2594246754489122,-0.5497822165489197,-0.01575860205247915,False,0.029166666666666667,False,True,-0.00044672623010227745,impact,False,
S,sac,2,SS5,82,1159581122,success,dwell_complete,0.2754026984890432,2.15,False,2.15,True,66,4,0,0,0,14,9,2,0,0,0,-0.46483554422781803,0,80,124,-0.6260635435581208,-0.3294285101017218,-0.4908984854055792,-0.1857597449766241,False,0.304864307924325,-0.6945001056926415,1.2076035413402004,False,0.0,0.9930147510008669,1.3801525797285883,4.896151887054947,0.07916666666666661,False,False,0.6484351260182245,1.462183964697155,0.13248902890818448,1.0882242310934551,-0.37815606158583814,-0.017427454461454286,False,0.020833333333333332,False,False,0.0008762503038359261,other,True,success_unloaded
S,sac,2,SS5,106,158713044,success,dwell_complete,0.28806456054511415,1.7,False,1.7,True,51,1,0,0,0,15,6,0,0,0,1,-0.2921521067619324,0,64,120,-0.3851699769496918,-0.2540406533907506,-0.36444207489422714,-0.0405084302642581,False,0.30780160774287685,-0.5601484315622433,1.0123081778943388,False,0.875,0.4990476155230357,0.5346403646664533,3.219596898344013,0.04166666666666674,False,True,0.42572467804142095,0.544817168625112,0.16335668669484538,1.7371295393940518,-1.3165028873290652,0.012699715024088199,True,0.0,False,False,0.0017043169294925064,post_contact_idle,False,
S,sac,2,SS5,108,1149126053,success,dwell_complete,0.20754619629754342,1.9166666666666667,False,1.9166666666666667,True,59,2,0,0,0,14,7,0,0,0,2,-1.0546272171901616,0,112,124,-0.2995044827461243,-0.2675871977911675,-0.3491726702753306,-0.11257729225514504,False,0.23999461874929146,-0.10297057041245793,1.0010472337505592,False,0.0,0.8024541779536137,-0.15094976003459132,1.7551776312779461,0.008333333333333304,True,False,1.0010472337505592,-0.1613271936568191,-0.004691830353889677,0.9386911699078129,-0.35024598240852356,-0.00508269167026559,False,0.020833333333333332,False,False,0.0011430310563420368,impact,True,success_unloaded
S,sac,2,SS5,110,808532272,success,dwell_complete,0.34940297341491916,2.0666666666666664,False,2.0666666666666664,True,62,1,0,0,0,15,7,0,0,0,1,-0.7579440483611805,0,96,120,-0.3861354231834412,-0.28806198967269536,-0.4385131466133748,-0.06602957297230115,False,0.36657539453624693,-0.7838239472036468,0.9285383046703899,False,0.0,0.7741954673477076,0.3838957094810247,1.9653784015952924,0.012500000000000178,True,False,0.7521464905873245,0.3821370331898031,0.07565145893818094,1.1150007727502345,-0.5758379101753235,0.028568794870679228,True,0.0,False,False,0.0003707463313198889,impact,False,
T,sac,2,SS5,115,1430218730,hard_landing,dwell_complete,0.5878345393252278,1.5375,False,1.5375,True,47,1,0,0,0,15,11,0,0,1,1,-1.0286347568035126,0,120,127,-0.2565789699554443,-0.3063246078690914,-0.5033558395113986,0.13913936280543743,False,0.6108978300942747,-1.4370221631725868,0.7699022382703546,False,0.0,0.7699022382703546,0.15228171825080605,6.886258009808328,0.054166666666666474,False,True,0.42572467804142095,0.0889146091576378,0.1513814846756839,2.650564519773115,-1.2059026570960316,0.06135180842887604,True,0.0,False,True,0.03829712723681752,post_contact_idle,False,
S,sac,2,SS5,120,1581704015,success,dwell_complete,0.45287020832886865,1.0791666666666666,False,1.0791666666666666,True,33,16,0,0,0,15,2,0,0,0,14,-0.05895674228668213,0,0,125,-0.7225043741825878,-0.6785089975139855,-0.4872230992506416,0.01743343646007376,False,0.5021659341137988,-0.7902275735720716,1.212402284785577,False,0.0,1.1433652503866323,0.1951006044187032,3.420051661490142,0.02083333333333348,True,False,1.212402284785577,0.19209435913538925,-0.051007217374424124,1.770226597532601,-0.3991536498069763,-0.051007217374424124,False,0.025,False,True,0.00016458572231471818,impact,True,success_unloaded
S,sac,2,SS5,122,1975348375,success,dwell_complete,0.28233140746371915,1.8291666666666666,False,1.8291666666666666,True,55,2,0,0,0,15,3,0,0,0,2,-0.30593249201774597,0,24,121,-0.3739593267440796,-0.25783812560133185,-0.4773471164551499,-0.1732036194502482,False,0.30253881272674427,-0.8528844694826054,1.0851847422253482,False,0.0,0.7626715892453502,0.29457463621117985,2.758592234302147,0.02083333333333326,True,False,0.6551672049186841,0.3300143942393885,0.10015945748735018,1.474881360303537,-0.6186032723166778,-0.016575316367336865,False,0.008333333333333333,False,False,0.001155027841101369,impact,True,success_unloaded
T,sac,2,SS5,124,491078182,hard_landing,dwell_complete,0.6068529231821089,2.0875,False,2.0833333333333335,True,63,7,0,0,0,15,12,0,0,0,7,-0.5765086227472136,0,120,123,-0.2361922800540924,-0.20539135175644946,-0.5925861872071329,0.09979023641986273,False,0.6878667908187833,0.6097697416342585,0.875605406598399,False,0.5,0.65066504231991,0.42798542283187124,5.88598826840339,0.012500000000000178,True,False,0.875605406598399,0.43128723023028454,0.04482754314698091,3.1312577211342796,-0.6662397980690002,0.04482754314698091,True,0.0,False,True,-0.0012895151746942174,impact,False,
S,sac,2,SS5,127,1555871774,success,dwell_complete,0.3263449966671408,1.9375,False,1.9375,True,60,1,0,0,0,14,2,0,0,0,1,-0.32231028378009796,0,0,127,-0.4950187623500824,-0.36365564725961225,-0.6023849947829347,-0.25144848079853005,False,0.3504036886675164,-1.1379734844656864,1.257715730814202,False,0.0,1.257715730814202,-0.1170745818665306,1.9726853536217852,0.012499999999999956,True,False,1.257715730814202,-0.12506845307431547,-0.07149565128093059,1.2541217241367428,-0.46818307042121887,-0.07275043667533752,False,0.03333333333333333,False,False,0.002810181065003449,impact,True,success_unloaded
S,sac,2,SS5,140,403445731,success,dwell_complete,0.3217630058501772,2.1166666666666667,False,2.1166666666666667,True,64,2,0,0,0,15,13,0,0,0,2,-0.6680677906430307,0,112,124,-0.3010439932346344,-0.2978951229880832,-0.3678898158344507,-0.018339295472853127,False,0.3486339960019434,-0.579887764280568,1.003968081601337,False,0.0,0.7908147248369435,-0.0033706505361274343,2.4787100388127357,0.02499999999999991,True,False,0.43555913022962084,-0.0007535694184055197,0.14934982514199177,1.3419483919363013,-0.6553194522857666,-0.0011581154372596074,False,0.020833333333333332,False,False,5.500318851824265e-05,impact,True,success_unloaded
T,sac,2,SS5,142,1592523490,success,dwell_complete,0.40842404069555605,1.3916666666666666,False,1.3916666666666666,True,43,2,0,0,0,14,12,0,0,0,1,-0.7449537103362791,0,112,122,-0.31195822954177854,-0.38418362496777836,-0.3613480352473949,0.09335885683381323,False,0.4568544245865728,-0.4770965676454695,1.2163347248825127,False,0.0,0.7542871483853892,-0.17719041240829875,5.915842210064663,0.050000000000000044,False,True,0.42572467804142095,-0.21748063920548294,0.1461445989986763,1.9419378853544436,-0.4854485592034735,-0.05883452273340715,False,0.0125,False,False,-0.0004412040674725918,post_contact_idle,True,success_unloaded
S,sac,2,SS5,144,210388185,success,dwell_complete,0.2689523276992716,1.9958333333333333,False,1.9958333333333333,True,60,1,0,0,0,15,6,1,0,0,1,-0.3079015016555786,0,56,121,-0.3674407243728638,-0.29662160824138134,-0.35100604393342166,-0.05962592158183388,False,0.29143316611080344,-0.55882900858002,1.0085037907915866,False,0.75,0.5714194562289623,0.021930375246667487,1.8718224773501386,0.012499999999999956,True,True,0.42572467804142095,0.02319113065901883,0.1525914681118584,0.8555305609006759,-0.7781116962432861,-0.0014773825182701243,False,0.008333333333333333,False,False,0.002406160156574849,impact,True,success_unloaded
S,sac,2,SS5,150,408507921,success,dwell_complete,0.34513662708346005,1.3791666666666667,False,1.375,True,42,4,0,0,0,15,5,0,0,0,4,-0.34890326857566833,0,64,125,-0.2785428285598755,-0.29632465482667597,-0.3715054589117009,0.017129390886578052,False,0.38935849557107977,0.1056776645361766,0.45068340771446025,False,0.25,0.44444372529620046,0.00898355858789358,3.457121345261726,0.02083333333333326,True,False,0.45068340771446025,0.00896150954814935,0.14521676318888818,1.5979387227924224,-0.6660987138748169,0.12123674903894531,True,0.0,False,False,-0.0001590602410275592,impact,False,
S,sac,2,SS5,153,1116331160,success,dwell_complete,0.4498035711033565,2.2,False,2.2,True,66,1,0,0,0,15,4,0,1,0,1,-0.3939855694770813,0,72,120,-0.601991702403341,-0.3988765275002824,-0.7423723437901331,-0.2297732267390894,False,0.4993184703152551,-0.22980322970377823,1.1122840751130658,False,0.0,0.9144969479086209,0.42634211903601527,3.7126936587165567,0.02499999999999991,True,False,0.8862416440222717,0.4573674037827059,0.04054303771911013,1.7354643687648479,-0.7639225369602157,-0.019102023731065874,False,0.004166666666666667,False,False,0.0015768531593503554,impact,True,success_unloaded
S,sac,2,SS5,167,1682937791,success,dwell_complete,0.3005199936230439,2.1416666666666666,False,2.1416666666666666,True,66,3,0,0,0,14,13,0,0,0,2,-0.38071232687262435,0,64,126,-0.5675370395183563,-0.285170775978226,-0.5817461818440741,-0.23914631094099167,False,0.3247556971289597,-0.9841728762635925,1.2348275210867066,False,0.0,1.1647567159673933,1.1319189263769833,4.084068987563348,0.0625,False,False,0.5053638610970195,1.282832711663642,0.16481128632070777,1.672328385715479,-0.5434976723232641,-0.030567662627830863,False,0.029166666666666667,False,False,0.0012479824756493505,other,True,success_unloaded
S,sac,2,SS5,174,1515200011,success,dwell_complete,0.3035515170604941,1.8041666666666667,False,1.8041666666666667,True,55,0,0,0,0,15,4,0,0,0,0,-0.6687219142913818,0,120,127,-0.34097481369972227,-0.33059982315435216,-0.26653684334502925,0.047021638660877545,False,0.3146565402150147,-1.0091093683206407,0.9274750821919309,False,0.0,0.9274750821919309,0.25561713205349046,2.508194112173858,0.016666666666666607,True,False,0.9274750821919309,0.2548400003513594,0.02612558830280859,1.4098831927888742,-0.30530744791030884,0.02592749009018888,True,0.0,False,False,-0.0006124961832039855,impact,False,
T,sac,2,SS5,175,1754697052,success,dwell_complete,0.4133380042380587,1.6958333333333333,False,1.6958333333333333,True,51,3,0,0,0,15,3,0,0,0,2,-0.3593541383743286,0,48,121,-0.6254655420780182,-0.35878823162596013,-0.7454084777301275,-0.28597357333521056,False,0.45636963622626475,-0.21891918955733528,0.9174690729742933,False,0.0,0.7878021107146319,1.1321830559129225,5.622405780761674,0.029166666666666563,True,False,0.7445797899614115,1.2588902096071921,0.10146139152473953,2.1808914062190183,-0.7627732518248811,0.048772347828597185,True,0.0,False,False,0.0009451255672189917,impact,False,
S,sac,2,SS5,177,2018449764,success,dwell_complete,0.35091272364105264,0.9125,False,0.9125,True,29,4,0,0,0,14,7,0,0,0,3,-0.5639277398586273,0,112,125,-0.9673393309116364,-0.8735355078867338,-0.545684634687157,-0.16020869991714703,False,0.37503735225547347,-1.0299727051563703,1.341175972037332,False,0.0,1.160722739856543,0.7029015971799006,4.260587442402848,0.0708333333333333,False,True,0.42572467804142095,0.924362006572054,0.17670186523125328,2.065218602170796,-0.9133498208047731,-0.06794744612937867,False,0.025,False,False,-0.001450593019326444,post_contact_idle,True,success_unloaded
S,sac,2,SS5,179,1906148524,success,dwell_complete,0.34621075753951386,2.029166666666667,False,2.029166666666667,True,61,2,0,0,0,15,5,0,0,0,1,-0.35442008071670134,0,16,121,-0.5833632946014404,-0.36154822814037146,-0.7399773991453278,-0.35892798175803003,False,0.38153690270791674,-0.45076556511918026,1.0659779170960164,False,0.0,0.9112299398296669,0.39366536027416077,3.207707640463139,0.020833333333333037,True,False,0.8596472807408837,0.42816324342532425,0.04868713127453974,1.5821026353437702,-0.754421952621833,-0.008990719637036342,False,0.008333333333333333,False,False,0.003195248102221443,impact,True,success_unloaded
T,sac,2,SS5,186,31352041,success,dwell_complete,0.20596593259338103,1.9291666666666667,False,1.9291666666666667,True,58,6,0,0,0,15,15,0,0,0,2,-0.8892672225477508,0,120,121,-0.40086986422538756,-0.3316834872952306,-0.3613947746711058,-0.1472162303949078,False,0.21907021281818065,-0.47239745859281307,1.0516078411138765,False,0.75,0.5821954688095348,0.0023616138291716916,5.66598953721255,0.0708333333333333,False,True,0.42572467804142095,0.08899604813247085,0.15409745264377195,3.4286680577403144,-0.8299602501446863,-0.010784369388292678,False,0.008333333333333333,False,False,0.0007491514737961391,post_contact_idle,True,success_unloaded
T,sac,2,SS5,187,2103842510,hard_landing,dwell_complete,0.5971280426043152,1.5416666666666667,False,1.5416666666666667,True,47,7,0,0,0,15,10,0,3,0,2,-0.6877457895711119,0,120,126,-0.23135616183280944,-0.3722225071168046,-0.492936737426997,0.16225743087840916,False,0.6664417620081119,-0.08677469762202591,0.4639850023375092,False,0.125,0.4592024618004982,-0.21124838764564186,7.196639033819674,0.02499999999999991,True,False,0.4639850023375092,-0.22964838480028452,0.13488989816091018,3.3707401544127196,-0.7936728000640869,0.13416102854448808,True,0.0,False,True,-8.590311896934484e-05,impact,False,
T,sac,2,SS5,191,218798535,hard_landing,dwell_complete,0.5836097328190132,1.425,False,1.425,True,44,10,0,1,0,14,10,0,0,0,7,-0.4877778062645076,0,112,122,-0.37597784399986267,-0.3938823646780344,-0.46539415972678383,0.14294010341607294,False,0.6113396948299619,-1.5354249450259208,0.8879191390886366,False,0.625,0.5990476009341268,0.061842865455145536,7.9028112119572915,0.03749999999999987,False,True,0.42572467804142095,-0.002832345850249849,0.1517656278289493,3.573162899676204,-0.76221918788198,0.032653668473066354,True,0.0,False,True,0.00040241084996457004,post_contact_idle,False,
S,sac,2,SS5,193,2065900127,success,dwell_complete,0.2797476876534161,1.2625,False,1.2625,True,38,10,0,0,2,15,8,0,3,0,10,-0.5752878740931465,0,96,121,-0.5846818685531616,-0.3990397498128328,-0.5176953939504046,-0.19282388524078034,False,0.31804053344136024,-0.011926869318598762,1.2016002323182289,False,0.0,1.18846341879031,0.5189216266771053,2.358742337561685,0.12083333333333335,False,True,0.42572467804142095,0.7945137969340257,0.1730569715293176,1.3467529548115242,-0.68792724609375,-0.04068748497975667,False,0.041666666666666664,False,False,0.002053179365273611,post_contact_idle,True,success_unloaded
T,sac,2,SS6,2,1867446106,success,dwell_complete,0.26563647665942214,1.0208333333333333,False,1.0208333333333333,True,31,8,0,0,0,15,8,0,0,0,7,-0.29742541909217834,0,72,123,-0.722437858581543,-0.5500102557227967,-0.4907179037302802,-0.1981524600865163,False,0.29321967526320203,-0.511503974245447,1.0999942287247826,False,0.0,0.8908725722347501,0.8900606141984801,5.0894156280200695,0.06666666666666665,False,False,0.8092272577713707,1.1163077726633204,0.08068866273612321,2.3713938098871,-0.39794822639156224,-0.001155834077416266,False,0.016666666666666666,False,False,0.000718383402923201,other,True,success_unloaded
T,sac,2,SS6,5,384627516,off_pad,dwell_complete,0.7440510949469816,3.925,False,3.925,True,118,8,0,0,0,15,14,3,1,0,1,-0.4259939181734971,0,88,122,-0.31389620900154114,-0.40631365343119075,-0.698294083487324,0.13003825152787382,False,0.771717907550038,-1.7226950607994198,0.5585313511286181,False,0.625,0.47552718044911985,0.022830843843012913,10.58883988766966,0.050000000000000266,False,True,0.42572467804142095,-0.004077276948702058,0.15066966439271495,3.9165280678679886,-0.39525346999598315,-0.16095549335232295,False,0.03333333333333333,False,True,0.028435348501891135,post_contact_idle,False,
T,sac,2,SS6,7,2012805540,success,dwell_complete,0.31991172413859764,2.25,False,2.25,True,69,1,0,0,0,14,10,0,2,0,1,-0.8069712589797025,0,88,124,-0.5841219305992127,-0.32978582142076945,-0.7867366626689638,-0.4060887367377741,False,0.3584902203601529,-0.44168179762926546,1.1020463581773379,False,0.0,0.862504345561204,0.7783329286750968,6.231192862391138,0.06666666666666643,False,False,0.6198668902099279,1.2678625730287327,0.1340097134385576,1.9692586741123317,-0.7079754533282485,-0.006943456184049423,False,0.020833333333333332,False,False,0.009337482042058672,other,True,success_unloaded
T,sac,2,SS6,8,1442354209,success,dwell_complete,0.47735783521064945,2.2875,False,2.2875,True,69,6,0,0,0,15,3,0,0,0,4,-0.24147695302963257,0,88,123,-0.4255580961704254,-0.223317743342458,-0.48257132391570584,0.029917254214521273,False,0.4879217753271845,-1.164855069991761,0.7384297390704395,False,0.5,0.5820772085559303,1.251086159040145,8.100870487435639,0.054166666666666696,False,True,0.42572467804142095,1.180622563241941,0.18232181673035158,3.304589563702691,-0.8945428520045788,0.05827086685553743,True,0.0,False,False,-0.0014730528015672744,post_contact_idle,False,
T,sac,2,SS6,24,1145804141,hard_landing,dwell_complete,0.6566055353938007,1.0541666666666667,False,1.0541666666666667,True,32,0,0,0,0,15,3,0,0,0,0,-0.4208945631980896,0,96,123,-0.7500230550765992,-0.6207509056776842,-0.8432732636502375,-0.061184810403867654,False,0.761404655301639,-0.21574939258607104,1.0982495292021899,False,0.0,1.019713189620473,0.6284175834114814,6.270425235883667,0.04166666666666652,False,False,0.941176850038756,0.6684211994818339,0.033638042497051775,3.5125260705180468,-0.7323866842412574,-0.00959144873887061,False,0.016666666666666666,False,True,0.07598868571581097,other,False,
T,sac,2,SS6,27,1754734567,success,dwell_complete,0.3859722846738476,1.7708333333333333,False,1.7708333333333333,True,54,5,0,0,0,15,11,1,1,0,2,-0.676175057888031,0,88,127,-0.2023179590702057,-0.22510027414216655,-0.5108666099883123,-0.08080515349873618,False,0.4170938455030263,-0.4939301295783765,1.0720358782361534,False,0.0,1.0720358782361534,-0.3972902698854621,5.017249691024698,0.07916666666666661,False,True,0.42572467804142095,-0.3567778948092834,0.14030018576645564,3.2459981554706054,-0.6304533492490793,-0.03070154069970114,False,0.03333333333333333,False,False,0.03382236469940356,post_contact_idle,True,success_unloaded
T,sac,2,SS6,30,186339205,success,dwell_complete,0.2576806220799624,1.8416666666666666,False,1.8416666666666666,True,56,10,0,0,0,15,6,0,1,0,8,-0.5105879902839661,0,96,126,-0.6416077673435211,-0.32258913831561015,-0.4719626159262964,-0.17185115608677548,False,0.2967783225676157,-0.03850911948288017,0.9897475098056028,False,0.0,0.9284349596586488,2.579703899171236,5.380423034811237,0.14583333333333348,False,False,0.5797683350484928,1.7191927265980649,0.15756179608891396,1.0019376111941036,-0.1328255832195282,0.0722498025436177,True,0.0,False,False,-0.0017477876106690771,other,False,
T,sac,2,SS6,33,1657229134,off_pad,release,0.38211106978614057,1.5958333333333332,False,1.5958333333333332,True,48,9,0,0,0,16,11,1,8,0,5,-0.41500552776629274,0,88,129,-0.15051402449607848,-0.30364947104832474,-0.1550263451723274,0.22799617324457452,False,0.3864672872058504,-1.3433353618727322,1.0136067184510889,False,0.75,0.5726951881438379,0.03567886627667968,7.9452522243060875,0.07083333333333353,False,True,0.42572467804142095,-0.05565202479615205,0.14627113682645715,4.68301986266067,-0.6639526040284452,-0.19877896545051252,False,0.1,True,False,0.0445349693733589,post_contact_idle,False,
ST,sac,2,SS6,35,55155601,hard_landing,dwell_complete,0.5265480683820947,1.6624999999999999,False,1.6624999999999999,True,50,7,0,0,0,15,15,3,0,0,6,-0.5808929950256756,0,113,121,-0.3035040587371794,-0.2693829309086304,-0.4331639989454605,0.1492729869649841,False,0.5675225771825412,-0.9449960427965756,0.42572467804142095,True,1.0,0.42572467804142095,0.40827141398780553,7.171990500044196,0.03333333333333344,False,True,0.42572467804142095,0.33889359060423546,0.16081771777168777,4.145677014282282,-1.173137692476064,0.10224201822912388,True,0.0,False,True,0.013625417372830313,post_contact_idle,False,
S,sac,2,SS6,37,1167900726,success,dwell_complete,0.26539854684504216,2.3291666666666666,False,2.3291666666666666,True,70,8,0,0,0,15,12,0,0,4,6,-1.0007144200808642,0,80,121,-0.5431737542152405,-0.3335263380627643,-0.5665033902619248,-0.28881744861930125,False,0.2803246328189746,-0.8268920967616853,1.02451598722806,False,0.75,0.5754225053380807,0.6849889115110417,3.9544145459084388,0.04583333333333339,False,True,0.42572467804142095,0.8011588252440034,0.16910909189472767,2.173654801631122,-1.070080492381692,0.01060371204882408,True,0.0,False,False,0.04066501357419968,post_contact_idle,False,
S,sac,2,SS6,39,305654731,success,dwell_complete,0.42605341899968424,2.6291666666666664,False,2.6291666666666664,True,79,0,0,0,0,15,7,0,0,0,0,-0.3562428714279739,0,80,121,-0.5730784356594085,-0.3841589367204999,-0.5255586684676524,-0.0851698320571195,False,0.4411935209384099,-1.084977744723994,0.9284924440010646,False,0.0,0.8599614560317045,0.8722011421423085,4.217438578331359,0.029166666666666785,True,False,0.8371177933752512,0.875047768313076,0.06680963990566119,2.367385935335271,-0.5788165993978915,0.0423085527607728,True,0.0,False,False,0.0013825281652697185,impact,False,
T,sac,2,SS6,41,896429841,off_pad,dwell_complete,0.513992930651611,2.595833333333333,False,2.591666666666667,True,78,9,0,0,0,15,13,0,5,0,2,-0.6141398490381349,0,96,121,-0.7103145029684421,-0.4939267380169033,-0.8114992394776785,-0.19982859208921536,False,0.6009800556054197,0.41520168204669955,0.8264625019902528,False,0.0,1.0305771878645036,0.34025233262172505,6.311187653828264,0.03750000000000009,False,False,1.0986154164892539,0.3695762164772795,-0.01613669579401889,1.471250988546861,-0.6595973625244675,-0.017141412546942094,False,0.03333333333333333,False,True,0.015532122690608597,other,False,
T,sac,2,SS6,45,2003775157,hard_landing,dwell_complete,0.5213469267894322,0.8624999999999999,False,0.8624999999999999,True,26,7,0,0,0,15,5,0,0,0,7,-0.47555471334235444,0,48,121,-0.7669461846351624,-0.5328247622782839,-0.8352663816971553,-0.25555623626769614,False,0.5708444493725192,-0.43249283795971555,0.9360581374910419,False,0.0,1.0364449781183789,0.6327573118113878,5.772939132040803,0.05833333333333335,False,False,0.6598362437019171,0.7931593807599586,0.11096416211992813,2.6671778500933607,-0.4607975177848707,-0.002266345216534727,False,0.025,False,True,0.002885128617818213,other,False,
S,sac,2,SS6,47,1541273511,success,dwell_complete,0.2627446377655676,1.4416666666666667,False,1.4416666666666667,True,44,6,0,0,0,15,4,0,0,0,6,-0.3708955943584442,0,80,126,-0.4185021460056305,-0.27592803394081533,-0.3633179978883945,-0.09503001022500289,False,0.26706891300715213,-1.1616530730709085,0.9537603576358334,False,0.0,0.9232538776389208,0.6585510142806715,1.982187496040923,0.02083333333333326,True,False,0.9537603576358334,0.6652040541135472,0.03021560220392993,0.95498977865545,-0.3891189694404602,0.029855832592670932,True,0.0,False,False,-0.0008849355941667559,impact,False,
T,sac,2,SS6,48,404636521,hard_landing,dwell_complete,0.5586542733800461,2.2916666666666665,False,2.2916666666666665,True,69,4,0,0,0,15,9,2,0,0,1,-0.6124283373355865,0,96,122,-0.3249642283553847,-0.247470366373256,-0.6725756336196677,-0.08422254795965119,False,0.56792324744846,-1.5576482832371985,0.47156253937176784,False,0.0,0.8067612216035307,0.499987372470838,7.387920630043362,0.04166666666666696,False,False,1.0078804309425884,0.5671617219933316,0.013028717400751655,1.6838533414170351,-0.6566789437727043,0.01103725277087211,True,0.0,False,True,0.08346955002025229,other,False,
T,sac,2,SS6,49,1712242685,hard_landing,dwell_complete,0.1589141618869926,2.0083333333333333,False,2.0083333333333333,True,62,4,0,0,0,14,8,0,0,0,4,-1.0382426410643584,0,112,126,-0.28809051513671874,-0.13459622622730566,-0.2291316702984611,-0.03231125613798873,False,0.1604012368813677,-0.7442823945291864,0.9638573941674915,False,0.0,0.9065302468107748,0.5957824262222312,5.241307410661198,0.5249999999999999,False,True,0.42572467804142095,0.1501090870956704,0.1524761053085118,1.0018004036662724,-0.8722137879429225,0.022514489554005947,True,0.0,False,False,0.09515039615949832,post_contact_idle,False,
T,sac,2,SS6,52,972805311,success,dwell_complete,0.31810812811404576,1.3791666666666667,False,1.3791666666666667,True,43,7,0,0,1,14,12,0,4,0,2,-0.832208864786536,0,112,125,-0.34487474145241404,-0.4385493392502079,-0.10548978371307821,0.20143913340167963,False,0.33819542767534017,-0.9830121824979693,1.0880859059989607,False,0.0,0.9407993340134042,0.173036300504806,5.475064791352041,0.08749999999999991,False,True,0.42572467804142095,0.02037709446604317,0.14880237449256473,1.922764064157427,-0.9597515972465569,-0.022316395038878806,False,0.025,False,False,0.00025335673658262545,post_contact_idle,True,success_unloaded
T,sac,2,SS6,54,1826732345,success,dwell_complete,0.47678960992602654,1.4583333333333333,False,1.4541666666666666,True,44,4,0,0,0,15,11,0,0,0,4,-0.9768991207062491,0,112,122,-0.4076545238494873,-0.4400849361542603,-0.42021147717978685,0.13005587969913598,False,0.5482377235748115,0.40500712440297437,0.7301442402949861,False,0.0,0.8475653635279482,0.007875585218074225,5.222843594968334,0.029166666666666785,True,False,0.9180180374677256,-0.036774234458461265,0.02095508268239588,3.1860127207148214,-0.398151660869194,0.02017769352197472,True,0.0,False,True,-0.0009007280657223607,impact,False,
S,sac,2,SS6,59,160775593,success,dwell_complete,0.35498351082687574,1.9958333333333333,False,1.9958333333333333,True,60,10,0,0,0,15,4,0,0,0,10,-0.3361093997955322,0,88,121,-0.2281331241130829,-0.2141147301223471,-0.35908557824764287,0.024565878888402316,False,0.38167225008484096,-0.3082353246035822,1.018129109298933,False,0.75,0.5738257858557989,0.3830073287670241,3.119127006554897,0.025000000000000133,True,True,0.42572467804142095,0.3917732870928684,0.1612399726126153,1.4864467740705087,-0.6740678250789642,-0.010683870464744326,False,0.03333333333333333,False,False,0.0017528888340674707,impact,True,success_unloaded
T,sac,2,SS6,60,699142286,hard_landing,dwell_complete,0.4313976638560293,1.8958333333333333,False,1.8916666666666666,True,58,3,0,0,0,14,11,0,0,0,1,-0.9356314167310902,0,112,121,-0.33733272552490234,-0.29993922536984735,-0.47109894890383947,0.11529806794308733,False,0.5389095326895883,0.776281654239441,0.6026317804995417,False,0.0,0.6624616491604952,0.5117510491385018,7.850611837373813,0.0708333333333333,False,True,0.42572467804142095,0.44190056851378134,0.15773956144598592,2.7002475723340145,-0.9951053216635558,0.0918798914030838,True,0.0,False,True,0.07303535390549351,post_contact_idle,False,
S,sac,2,SS6,63,190453351,success,dwell_complete,0.3230923746872509,1.2125,False,1.2125,True,37,6,0,0,0,15,14,0,0,0,6,-0.49672824384763015,0,120,125,-0.38002282977104185,-0.37509118156029214,-0.3880909005191412,-0.02226146503758695,False,0.36868723727387087,-0.49777124944278106,1.0245753676817515,False,0.25,0.8748626952716687,-0.07843420651691368,2.582097607418319,0.029166666666666785,True,True,0.42572467804142095,-0.07826989863244481,0.14929952011494302,1.3198393600903893,-0.6386192731469483,-0.009074366891960626,False,0.025,False,False,-8.654441299819097e-05,impact,True,success_unloaded
T,sac,2,SS6,66,1804444125,success,dwell_complete,0.4227752494922761,1.7041666666666666,False,1.7,True,52,4,0,0,0,15,10,3,1,0,2,-0.5386203422061443,0,112,127,-0.5803518533706665,-0.42925560717732575,-0.7728012930497811,-0.2552652596306351,False,0.5063608838380828,0.3522375716164431,0.706282170094081,False,0.0,0.706282170094081,0.2650499417314553,7.82109270582945,0.0625,False,True,0.42572467804142095,0.4926863026513784,0.16444453223249922,1.5937008899330027,-0.9475991098347374,0.08468039777806818,True,0.0,False,True,0.09984400414297813,post_contact_idle,False,
T,sac,2,SS6,68,289932990,success,dwell_complete,0.44052729266281854,0.9333333333333333,False,0.9333333333333333,True,28,7,0,0,0,15,7,0,2,0,6,-0.21008608615035446,0,24,120,-1.0001407613507554,-0.8761981452982809,-0.8243703186128657,-0.30498912924237126,False,0.5082264256123897,-0.2387647580729245,1.0516646301816777,False,0.0,1.1914108476134981,0.7736913934061562,5.642040335695785,0.0708333333333333,False,True,0.42572467804142095,1.1102980459620084,0.18197243287528886,4.220349404699772,-0.7415521144866943,-0.11385538747155075,False,0.03333333333333333,False,True,0.025280188526085177,post_contact_idle,True,success_unloaded
T,sac,2,SS6,69,618785951,success,dwell_complete,0.288623917699701,1.5083333333333333,False,1.5083333333333333,True,46,3,0,0,0,15,5,0,0,0,3,-0.25623265278148555,0,72,126,-0.7096354901790619,-0.35269548596115274,-0.5898960865971494,-0.2905799292114199,False,0.29716825804430747,-0.5860101443332402,0.8968568938157017,False,0.0,0.8558414016980906,1.642696753111363,5.435970865106249,0.12916666666666665,False,False,0.7121902923721072,1.759087382777455,0.12344821030368944,1.0682200929229555,-0.25623265278148555,0.07005191348468619,True,0.0,False,False,0.0014656907581944375,other,False,
T,sac,2,SS6,71,1990421848,success,dwell_complete,0.31562678548753,1.3333333333333333,False,1.3333333333333333,True,40,6,0,0,0,15,1,0,0,0,2,-0.48699966073036194,0,96,120,-0.6464197337627411,-0.5965212570881481,-0.6669683065893055,-0.33963261195478217,False,0.3293608071235162,-1.441183608746552,1.1590479864442116,False,0.0,0.775635715668588,0.25103918433380934,5.1750495292754985,0.3208333333333333,False,True,0.42572467804142095,1.34197277412969,0.18759363338684945,1.3051285156476726,-0.45496559143066406,-0.033205159786563646,False,0.004166666666666667,False,False,0.010483657870649352,post_contact_idle,True,success_unloaded
ST,sac,2,SS6,73,722815722,success,dwell_complete,0.474688359166704,1.5291666666666666,False,1.5291666666666666,True,46,1,0,0,0,15,13,0,0,2,1,-1.0721740138932745,0,112,121,-0.5906728744506836,-0.3807782580994209,-0.640364908114,-0.1318877412078261,False,0.47706151892341214,-1.6953425032889442,0.7688171016611579,False,0.0,0.520022137486945,0.7864875707292156,5.101608216778309,0.10833333333333339,False,True,0.42572467804142095,0.8290904304389934,0.17261676573788992,1.8545184373494596,-0.9011425673961639,0.08296913825275445,True,0.0,False,False,0.02471610326414013,post_contact_idle,False,
S,sac,2,SS6,78,1532668767,success,dwell_complete,0.2795670321152616,2.216666666666667,False,2.216666666666667,True,67,4,0,0,0,15,7,0,0,0,0,-0.2803602467951721,0,0,124,-0.5414153754711151,-0.34619066338963866,-0.5603560763488562,-0.24002282794754787,False,0.3199356761921759,-0.11463248274886517,1.1980075561429528,False,0.0,0.9673552039714687,0.17958431965412935,3.078739596649868,0.037499999999999645,False,False,0.5829346170189951,0.2039223253092011,0.11581542469546607,1.3417786799843945,-0.4791536899829908,-0.04798152930937169,False,0.020833333333333332,False,False,0.004864483762695995,other,True,success_unloaded
T,sac,2,SS6,81,1363939141,success,dwell_complete,0.4736356994231861,1.2208333333333332,False,1.2166666666666666,True,37,6,0,0,0,15,9,1,3,0,3,-0.1190120279788971,0,32,123,-0.7877104561809972,-0.7064950881112362,-1.0167662452692285,-0.45543279739925624,False,0.5572921544427044,0.01026616033803363,1.0473122877584513,False,0.0,0.7616402887511046,0.8252119333283237,7.93356713647129,0.050000000000000044,False,False,0.6981856340309873,1.321643732955219,0.11570476201986862,2.8862434954386944,-0.5803783209362495,-0.002037770336992522,False,0.0125,False,True,0.0705354104962058,other,True,success_unloaded
T,sac,2,SS6,82,614825645,success,dwell_complete,0.4094481543608267,1.6916666666666667,False,1.6916666666666667,True,51,5,0,0,0,15,14,0,0,0,5,-1.1862102524205964,0,120,122,-0.28227481842041013,-0.22536810063108678,-0.46505433968352794,-0.008215163943891551,False,0.4457450435273756,-0.6216749826505434,0.7100182068178287,False,0.625,0.5323347513325738,0.2639722170058818,5.696562046067094,0.0625,False,True,0.42572467804142095,0.2727550685265323,0.15611560905707936,3.2949147456699266,-1.0902917247713022,0.08152641644295436,True,0.0,False,False,0.018549087607351796,post_contact_idle,False,
ST,sac,2,SS6,83,160799111,hard_landing,dwell_complete,1.0551159765831941,2.525,False,2.533333333333333,True,78,8,0,0,0,13,3,0,0,0,3,-0.5305516719818115,0,104,122,-0.4780954214180724,-0.4197219879909045,-1.266012915533783,-0.04176515115038546,False,1.2045304531290089,-0.9001011521995601,0.5934094492945586,False,0.0,1.2804958380524987,0.28583263062815856,7.3646187032334405,0.02083333333333348,True,False,1.6927476713072627,0.29245155132178896,-0.1799294404122327,3.7584883416792776,-0.681463297695356,-0.17996396527510483,False,0.03333333333333333,False,True,0.09105551125527478,impact,False,
T,sac,2,SS6,84,1331158237,success,dwell_complete,0.31733998158607846,0.9708333333333333,False,0.9708333333333333,True,30,11,0,0,1,15,10,0,0,0,11,-0.4768116477054356,0,56,127,-0.664932805299759,-0.4655167240542582,-0.6360026872775398,-0.31007801371045735,False,0.31902836581878063,-1.299421989217596,0.9877948103367082,False,0.0,0.9877948103367082,0.1351368071498857,5.090071613133883,0.4125,False,True,0.42572467804142095,1.6341082063912171,0.19454557376930884,1.2716985257519577,-0.45703625679016113,0.0013909844442588028,True,0.0,False,False,0.04118629020604959,post_contact_idle,False,
T,sac,2,SS6,87,389537841,success,dwell_complete,0.38470959841741104,2.1291666666666664,False,2.1291666666666664,True,64,2,0,0,0,15,15,0,3,0,2,-0.6804038933241006,0,112,121,-0.3886845111846924,-0.2089364273688156,-0.4446452909925447,-0.03221866732228991,False,0.3896533037364602,-1.130522325091224,0.7974486702343301,False,0.75,0.5186556760896482,0.9601949818717026,5.845906129975323,0.05833333333333357,False,False,0.4716750000881485,0.9231574140500416,0.1634193999513698,2.954337028342547,-0.43308211773134236,0.08049127446967766,True,0.0,False,False,0.010123049203420885,other,False,
S,sac,2,SS6,94,537732710,success,dwell_complete,0.26639489307760467,1.6624999999999999,False,1.6624999999999999,True,50,4,0,0,0,15,3,0,0,0,4,-0.34187158942222595,0,72,121,-0.3463866889476776,-0.21413869000615213,-0.3212135620563398,-0.05286674964085725,False,0.26852681560246977,-0.8684792077798033,0.8420418280306877,False,0.0,0.8107850068633505,0.4077341183151034,1.8901105406624379,0.012500000000000178,True,False,0.8003660664742381,0.4094273745490092,0.06377065876643095,0.8554498334615551,-0.4228807940628988,-0.0016754424913318492,False,0.03333333333333333,False,False,0.001055968024018912,impact,True,success_unloaded
S,sac,2,SS6,98,228857887,success,dwell_complete,0.4373416599930011,1.0166666666666666,False,1.0166666666666666,True,31,6,0,0,0,15,4,0,1,0,6,-0.3433495759963989,0,96,124,-1.0403187096118927,-0.895200142589472,-0.637518518669432,-0.16291710490698239,False,0.45954768429907844,-1.3646051540974078,0.984198816261432,False,0.0,0.9536386672657179,1.0479421771924908,2.598539375373344,0.13749999999999996,False,True,0.42572467804142095,1.4474555591560105,0.19033381905334265,0.6555891683827868,-0.48095566094889575,0.030105752688536557,True,0.0,False,False,-0.0009499955902854342,post_contact_idle,False,
T,sac,2,SS6,99,1905382172,hard_landing,dwell_complete,0.5479609992178971,1.7791666666666666,False,1.775,True,54,0,0,0,0,15,15,0,0,0,0,-0.6216106666663738,0,88,125,-0.24479653239250182,-0.23346124724405062,-0.5961294502649429,0.04424988229721896,False,0.6351097863609679,0.3657648167906173,0.677915651259345,False,0.25,0.614867907954864,0.23715189137067982,5.27169998955148,0.025000000000000133,True,True,0.42572467804142095,0.24675846985113234,0.15590854869240517,2.7782344887463424,-1.0473134252323149,0.08277712503235084,True,0.0,False,True,-0.0007539253452785206,impact,False,
S,sac,2,SS6,104,1013111488,success,dwell_complete,0.4638762163261911,1.9749999999999999,False,1.9749999999999999,True,60,1,0,0,0,15,10,0,0,0,1,-0.2733610751688823,0,88,126,-0.39517226815223694,-0.19555300011962462,-0.47756722470054874,0.020450645376751897,False,0.47959183897262,-1.1653641073249388,0.7511963961483523,False,0.125,0.7105124313849859,1.2604126884849798,3.9767147793655626,0.03333333333333344,False,True,0.42572467804142095,1.2352425310732709,0.18359108343553346,2.013085586904384,-1.126437395811081,0.08352789967052046,True,0.0,False,False,0.0017744762885949417,post_contact_idle,False,
T,sac,2,SS6,106,627475610,hard_landing,dwell_complete,1.0241810228991681,4.379166666666666,False,4.404166666666667,True,133,53,0,4,0,14,5,0,0,0,4,-0.45394782615632046,0,80,125,-0.5385611180882998,-0.5040098517046915,-1.225910989634872,-0.05946869420436837,False,1.2986954642251378,-0.11985344555060486,1.3602559578960052,False,0.0,1.380929106018451,0.0396911701088855,7.917198680753633,0.05833333333333357,False,True,0.42572467804142095,0.07041930018740651,0.14621445256761126,3.673400100796758,-0.84961289379581,-0.12346623066607451,False,0.058333333333333334,True,True,0.030433163561549376,post_contact_idle,False,
T,sac,2,SS6,108,986110172,off_pad,dwell_complete,0.507038615299438,3.3041666666666667,False,3.3041666666666667,True,100,24,0,0,0,15,13,4,1,0,5,-0.22420811157416995,0,72,127,-0.23650771379470825,-0.4124894277187502,-0.16703210393124837,0.2793890366224546,False,0.5262165534255131,-1.6736866685191913,1.059492855215564,False,0.0,1.059492855215564,0.07237000407566253,5.3723914273841595,0.04166666666666652,False,True,0.42572467804142095,0.012552102853594203,0.14442643570708447,2.6346405319548256,-0.8062621371380612,-0.02853453610362795,False,0.03333333333333333,False,True,0.001550616095368534,post_contact_idle,False,
T,sac,2,SS6,112,1177384037,success,dwell_complete,0.3596536230434289,1.7125,False,1.7125,True,52,2,0,0,0,15,3,0,0,0,2,-0.6653158664703369,0,120,125,-0.6028655529022217,-0.3353726269589016,-0.43063986734592896,-0.05505757741664592,False,0.37640972031433734,-1.1643255751276302,0.9944941019080987,False,0.25,0.8523017459414293,1.0640611528512791,5.3853292995526925,0.07499999999999996,False,True,0.42572467804142095,0.7813313052987959,0.17307658200483067,1.2809169338012265,-0.7022978067398071,0.02962096491942618,True,0.0,False,False,0.0008073693718142921,post_contact_idle,False,
T,sac,2,SS6,114,1997635400,hard_landing,dwell_complete,0.6756657678401373,1.6875,False,1.6833333333333333,True,51,8,0,0,2,15,12,4,2,0,2,-0.3272205591201782,0,88,123,-0.38847704529762267,-0.4394245718384403,-0.8466032039426349,-0.02183839823769458,False,0.8074361797735036,1.2917646629892041,0.8119263333478021,False,0.0,0.9244356753247368,0.004762736330879678,8.965748149655221,0.029166666666666563,True,False,1.0369450173016717,0.044895284035718894,-0.00815973942987541,4.603266845468396,-0.7266557620047628,-0.00954716213096562,False,0.03333333333333333,False,True,0.08541181219655555,impact,False,
S,sac,2,SS6,115,2081510509,success,dwell_complete,0.16110333586283399,1.3416666666666666,False,1.3416666666666666,True,41,4,0,0,0,15,0,0,0,0,4,-0.5486908257007599,0,80,126,-0.559235280752182,-0.3484094173546167,-0.3464817069591485,-0.17513199682200598,False,0.17526439392913187,-0.1039257129496554,1.0734929378818232,False,0.125,0.9925219054017728,0.4379449397391798,4.006893437655127,0.07083333333333353,False,True,0.42572467804142095,0.49849303311380977,0.16544434224199409,1.4309164091685729,-0.8369446992874146,-0.007453659082244361,False,0.029166666666666667,False,False,0.001102779807572316,post_contact_idle,True,success_unloaded
T,sac,2,SS6,118,384106840,success,dwell_complete,0.3878430270699393,1.3708333333333333,False,1.3708333333333333,True,42,3,0,0,0,15,8,0,0,0,2,-1.0354933025967865,0,120,127,-0.33861919641494753,-0.32419111424664754,-0.3831516145539134,0.029531858025432352,False,0.39337177887236474,-1.5339292285072141,1.059236044246871,False,0.0,1.059236044246871,0.15952305833649275,5.862410499537064,0.07499999999999996,False,True,0.42572467804142095,0.1299377673488414,0.1510764180741561,3.0715203299010714,-1.0354933025967865,-0.015556740134760137,False,0.03333333333333333,False,False,0.07177767741119813,post_contact_idle,True,success_unloaded
T,sac,2,SS6,126,346088723,success,dwell_complete,0.3071992157609082,1.5833333333333333,False,1.5833333333333333,True,49,3,0,0,0,14,6,0,0,0,3,-0.4986496420050127,0,88,124,-0.5337338209152221,-0.43915361804543396,-0.5188115547102221,-0.1531114494670009,False,0.3551555730763926,-0.07742671449089472,1.1729821368555127,False,0.375,0.8927605898002282,0.5071271149081955,5.426742917687503,0.0708333333333333,False,False,0.976685576920462,0.7274752306170056,0.02578477230955748,1.6340933941317208,-0.37494724909982813,-0.02862299297211698,False,0.020833333333333332,False,False,0.0008289331865428376,other,True,success_unloaded
S,sac,2,SS6,132,1308035592,success,dwell_complete,0.3330805554453757,1.9583333333333333,False,1.9583333333333333,True,59,1,0,0,0,15,5,0,0,0,1,-0.44993385672569275,0,104,122,-0.4127890825271606,-0.2765112465396213,-0.4452448722513504,-0.0943637016285833,False,0.34395414395966495,-0.794758843184841,0.8525365522671748,False,0.0,0.7993596037039328,0.756885630227257,2.8965045478675697,0.02083333333333348,True,False,0.7674534345659876,0.7668248035479284,0.08208566697349119,1.4308820432854576,-0.5561344027519226,0.05903491019382539,True,0.0,False,False,-0.0005730737363061283,impact,False,
T,sac,2,SS6,134,60156986,hard_landing,dwell_complete,0.5522602313088072,1.5875,False,1.5875,True,48,3,0,0,0,15,9,0,0,1,3,-1.0754783362915938,0,120,123,-0.3288383841514587,-0.2866751132327793,-0.5186348307874096,0.05082416393158077,False,0.5551881188787137,-1.547837899890505,0.4681908952020247,False,0.5,0.44695778662172286,0.24783074884389272,7.746383242511682,0.04166666666666674,False,True,0.42572467804142095,0.20605194771434146,0.15441182327668218,2.8199770533098536,-1.1172715460210707,0.13990403280697658,True,0.0,False,True,0.006229471153049644,post_contact_idle,False,
S,sac,2,SS6,136,813667634,success,dwell_complete,0.37798776521995975,2.075,False,2.075,True,63,7,0,0,0,15,8,0,0,0,2,-0.37646153569221497,0,72,126,-0.7281557023525238,-0.369041902532526,-0.823221821424441,-0.41514798808895387,False,0.4059281030184501,-1.338808799663242,1.304478683599841,False,0.125,1.1946344329050382,1.024939279520011,4.756817300063561,0.12916666666666643,False,False,0.7062580279266353,1.6219040475077948,0.12140475674778012,0.3144041934945235,-0.4439221238150675,-0.05423586997096913,False,0.029166666666666667,False,False,0.0026947259758814466,other,True,success_unloaded
T,sac,2,SS6,142,645350653,hard_landing,dwell_complete,0.43991258813645545,1.9916666666666667,False,1.9916666666666667,True,60,10,0,0,0,15,14,0,0,0,10,-0.9865010531806302,0,120,122,-0.3652787089347839,-0.3074935064621372,-0.4546981652327838,0.040906680547604594,False,0.46196482954826656,-0.9711418005258039,0.6212119860441898,False,0.625,0.4990324185424592,0.3384847266138423,5.006604777050248,0.0708333333333333,False,True,0.42572467804142095,0.27848333942020875,0.15430711577857198,1.8393137861415458,-1.0651883985575494,0.10945034314398595,True,0.0,False,False,0.07666043774149275,post_contact_idle,False,
T,sac,2,SS6,149,87630946,success,dwell_complete,0.40215995241117813,1.625,False,1.625,True,49,1,0,0,0,15,4,0,0,0,0,-0.36814266443252563,0,88,122,-0.47524653673171996,-0.3165364548535272,-0.5486125794131279,-0.09617026872695365,False,0.45157743499900405,-0.26873180573305416,0.8119496079756626,False,0.0,0.9783456634415748,0.9684082822922757,5.265975805290951,0.03749999999999987,False,False,1.078183296721122,0.9894202327656153,0.006102228760755537,2.738948307238344,-0.4754897919221126,0.005304281239070781,True,0.0,False,False,-0.00044294728260777427,other,False,
S,sac,2,SS6,155,842395533,success,dwell_complete,0.4948076327063071,2.2416666666666667,False,2.2416666666666667,True,68,12,0,0,0,15,12,0,2,1,12,-1.0317759538589781,0,112,126,-0.3718185663223267,-0.24562794921538683,-0.47960612960631077,0.052722005026578395,False,0.512273241795496,-1.0418204245477247,0.4445584693973939,False,0.125,0.4422042454778973,1.0028166908001608,4.932856863933759,0.033333333333333215,False,True,0.42572467804142095,0.9577637016303796,0.17468166183215367,2.7821792762605635,-1.0630929197824992,0.08202048468853558,True,0.0,False,True,0.011719254142578938,post_contact_idle,False,
ST,sac,2,SS6,159,1370568126,hard_landing,dwell_complete,0.5574786607746857,2.1166666666666667,False,2.1166666666666667,True,64,2,0,0,0,15,9,0,0,0,0,-0.4788762641331768,0,72,124,-0.3225252330303192,-0.2907235957237171,-0.6716435998808759,-0.05191870449215755,False,0.6139237657077042,-0.6021054658924815,0.4973076541600358,False,0.0,0.5527721618549779,-0.02935627121229454,6.5002502336367805,0.029166666666666785,True,False,0.6452130080132147,-0.024564870043175105,0.09348123972703316,3.768160507895924,-0.7257880957618037,0.08554972482292879,True,0.0,False,True,0.06160817585229443,impact,False,
S,sac,2,SS6,165,1742164241,success,dwell_complete,0.27120094756493135,1.1875,False,1.1875,True,36,7,0,0,0,15,1,0,0,0,7,-0.5564129054546356,0,120,123,-0.4781455993652344,-0.3262888240886097,-0.36309075769557997,-0.09321683371139633,False,0.26959924390884454,-1.0203307018462533,0.9562840815647649,False,0.5,0.6910043798030928,0.629497591744612,2.077801332348613,0.016666666666666607,True,True,0.42572467804142095,0.6322069252331838,0.16903890641426655,0.9924365451755154,-0.7893108129501343,0.028223106023839355,True,0.0,False,False,0.00010535405846781306,impact,False,
ST,sac,2,SS6,166,778428015,success,dwell_complete,0.37724857099786513,0.8416666666666667,False,0.8416666666666667,True,27,2,0,0,0,14,8,2,0,0,2,-0.29984384907449435,0,104,126,-0.8673920497466718,-0.6810378837846045,-0.6079807931809124,-0.14606396875630498,False,0.44501301744770805,-0.13755927594878267,1.2745323733490375,False,0.0,1.1688076487845276,0.9320399378381996,6.35412101768578,0.08333333333333326,False,False,0.43051695752891156,1.104070458473678,0.179919636281468,1.870168688569122,-0.4378879172464456,-0.04680523314979406,False,0.029166666666666667,False,False,0.08272490776528303,other,True,success_unloaded
S,sac,2,SS6,170,1893555025,success,dwell_complete,0.3304529860088934,2.15,False,2.15,True,65,4,0,0,0,15,15,0,4,0,4,-0.4415199150858507,0,72,124,-0.32144351601600646,-0.2128560802676374,-0.44294074757925483,-0.10185177861726752,False,0.3383195437532414,-0.9133476164157898,0.9112549562446015,False,0.375,0.7291811019184088,0.6049985521926107,2.65200065552039,0.033333333333333215,False,True,0.42572467804142095,0.63664322729285,0.1679435940301479,1.2309025896180177,-1.1198106462947266,0.03906137120005017,True,0.0,False,False,0.004215549394118352,post_contact_idle,False,
S,sac,2,SS6,176,200621214,success,dwell_complete,0.26936800100875696,1.2166666666666666,False,1.2166666666666666,True,37,3,0,0,0,15,15,1,4,0,3,-0.5898109598834107,0,112,124,-0.49392088055610656,-0.413334514208615,-0.36581805030731257,-0.08628017450721313,False,0.2668197481528633,-1.234769182883791,0.7164289586041065,False,0.0,0.649828625002161,0.16989509728220037,2.6152146466493886,0.054166666666666696,False,True,0.42572467804142095,0.19903161618529255,0.15558835035878849,1.6645735447613734,-0.5898109598834107,0.08082958850237587,True,0.0,False,False,0.03027930884177579,post_contact_idle,False,
T,sac,2,SS6,177,1589993934,success,dwell_complete,0.3428225588319164,1.275,False,1.275,True,39,8,0,0,0,15,5,0,0,0,8,-0.3400712013244629,0,72,126,-0.7926754891872406,-0.4426144568707176,-0.7225211212208,-0.3259188255222383,False,0.3929211251670256,-0.6118283426364475,1.1008544436651686,False,0.0,1.0670858038437723,2.3742361716043563,5.516480130111853,0.14166666666666683,False,False,0.6108765497949887,2.1708537067988525,0.16130317612881723,1.5762816002940954,-0.28441790997055216,0.035084040560970496,True,0.0,False,False,-0.0010867502857762374,other,False,
T,sac,2,SS6,182,308625215,success,dwell_complete,0.4990308697826521,2.6375,False,2.6333333333333333,True,80,4,0,0,0,15,5,0,1,0,4,-0.36078107357025146,0,48,127,-0.4095660805702209,-0.2929575185508135,-0.6755083377429686,-0.0981520671453112,False,0.5688874238775413,0.4331519167230326,0.6000843381281202,False,0.0,0.6000843381281202,0.20521810914358618,5.058331783100024,0.016666666666666607,True,False,0.6000843381281202,0.20650643479872421,0.109659094414634,2.6476485498046394,-0.8906349241733551,0.06523523883940423,True,0.0,False,True,0.0006215739336217426,impact,False,
ST,sac,2,SS6,184,1680960645,hard_landing,dwell_complete,0.6173509992145674,1.2041666666666666,False,1.2,True,37,3,0,0,0,15,4,0,0,0,3,-0.4914892315864563,0,127,127,-0.558520382642746,-0.4488051258888216,-0.6358656592484032,0.0683759232306374,False,0.7021128028251872,0.7251011756650146,0.42572467804142095,True,1.0,0.42572467804142095,0.9914654333202536,7.810456747203531,0.02083333333333348,True,True,0.42572467804142095,0.9855678137115305,0.1787442806128049,4.592209724266241,-1.0416510701179504,0.12261033148479396,True,0.0,False,True,-0.0021667147744228238,impact,False,
S,sac,2,SS6,188,505357842,success,dwell_complete,0.3495881800796889,2.4166666666666665,False,2.4166666666666665,True,73,1,0,0,0,15,10,0,0,0,0,-0.6645407612255009,0,88,124,-0.6756900072097778,-0.4198771219881072,-0.9042724536164617,-0.5222962156887675,False,0.381769638185613,-0.2744551727665997,0.97896088509289,False,0.375,0.7714973074485891,0.5705971344164887,3.2720628155684985,0.21666666666666679,False,True,0.42572467804142095,2.602644897519584,0.22038347195936425,0.8988565588250007,-0.6619348635584762,-0.024150470743603505,False,0.03333333333333333,False,False,0.003902844412644795,post_contact_idle,True,success_unloaded
S,sac,2,SS6,191,1002338391,success,dwell_complete,0.24058465589819594,1.575,False,1.575,True,48,3,0,0,0,15,3,0,0,0,3,-0.40849703550338745,0,104,126,-0.43087690472602846,-0.22135727336602726,-0.3933790100510161,-0.12713803436287316,False,0.2585335947969851,-0.24258334433290046,0.8390260857909667,False,0.0,0.8600075173283467,0.8812911994915318,1.5163368880707624,0.012499999999999956,True,False,0.8390260857909667,0.8790112151725495,0.0654959048796445,0.6980659419358323,-0.4703308939933777,0.02172483653511994,True,0.0,False,False,0.0004753431755768658,impact,False,
T,sac,2,SS6,192,1235428085,success,dwell_complete,0.4465899224920035,2.0875,False,2.0875,True,63,1,0,0,0,15,2,0,0,0,1,-0.7503095269203186,0,112,123,-0.4101583003997803,-0.25283047996015756,-0.4898210935885684,-0.010212913869116831,False,0.4733118167174218,-1.2376218984603087,0.877587456828097,False,0.5,0.651656067434759,0.7219807585076479,5.7502578436154295,0.04166666666666652,False,True,0.42572467804142095,0.6872083096114017,0.17049446965539375,2.493337236791447,-1.043326595320952,0.051928624300461586,True,0.0,False,False,-0.0007801219384418839,post_contact_idle,False,
T,sac,2,SS6,195,1137692218,hard_landing,dwell_complete,0.6396364033872134,1.1541666666666666,False,1.15,True,35,6,0,0,0,15,12,6,0,0,6,-0.5656501816210406,0,80,123,-0.6356548726558685,-0.5374050033143516,-0.9113818722212752,-0.10909280311577776,False,0.7649193077679635,0.3701698638915853,1.0568824965788557,False,0.0,0.9996181126717579,0.4685316674817208,8.54148365712673,0.03750000000000009,False,False,0.9423537287646601,0.5300263233059884,0.029059285964379098,0.15210951621462354,-0.5514327563223266,-0.01748305492085841,False,0.03333333333333333,False,True,0.08806164433428684,other,False,
T,sac,2,SS6,197,1640874021,success,dwell_complete,0.34428592937014096,1.5333333333333332,False,1.5333333333333332,True,46,8,0,0,0,15,12,0,0,0,6,-1.0795396881910015,0,120,120,-0.32464030385017395,-0.26712963702474185,-0.32887083376049403,0.02878480589360128,False,0.34311390162892025,-1.4962489981173928,0.9099341728869434,False,0.875,0.4862508648971112,0.41555640511316283,6.245395692217505,0.06666666666666687,False,True,0.42572467804142095,0.41688698644370054,0.1609350388126288,3.2523241978313453,-1.1958418427552557,0.03847869716552452,True,0.0,False,False,0.024143718871467983,post_contact_idle,False,
ST,sac,2,SS6,199,2042228284,hard_landing,dwell_complete,0.5014292541461599,1.5708333333333333,False,1.5666666666666667,True,48,4,0,0,0,15,13,5,3,0,0,-0.6391169655766408,0,88,127,-0.6218815803527832,-0.5505250822094572,-0.6386563340679208,-0.042920305477275766,False,0.58255881290648,0.0685138120436194,0.9494603211266202,False,0.0,0.9494603211266202,0.7555041168458965,6.727328418162404,0.04583333333333339,False,False,0.4390591291391032,0.7649102409654929,0.16898063026812232,2.485078846579704,-0.41733925260511096,0.03347459596745433,True,0.0,False,True,-0.0009073295300833957,other,False,
S,sac,3,SS3,5,558736479,success,dwell_complete,0.2834951959058754,1.2875,False,1.2875,True,39,4,0,0,0,15,5,0,0,0,4,-0.8160696029663086,0,120,123,-0.2600532710552216,-0.29309072679937503,-0.35076598366516837,-0.054830558653283595,False,0.2959236114828794,-0.5575796257158906,0.9008212317088555,False,0.5,0.6632729548751383,-0.45680021056647657,0.6112483862189976,0.008333333333333304,True,False,0.9008212317088555,-0.46171694840341,0.013768484246807359,0.28573581058747954,-0.3954817056655884,0.013651366565223944,True,0.0,False,False,0.0010330075249329548,impact,False,
S,sac,3,SS3,29,1921923984,success,dwell_complete,0.3009912339434643,1.35,False,1.35,True,41,4,0,0,0,15,4,0,0,0,4,-0.68439781665802,0,120,124,-0.27450322508811953,-0.29828527685611006,-0.3264825919207365,-0.022031063573338554,False,0.3044221177062313,-0.8069466075752311,0.8039811759407128,False,0.375,0.6621349892284785,-0.16533374032335224,2.4034895832601273,0.012499999999999956,True,False,0.8039811759407128,-0.16838987126309415,0.04736702303364512,1.212630155835656,-0.4078577756881714,0.04694740909304521,True,0.0,False,False,0.0001912869666203119,impact,False,
S,sac,3,SS3,49,346551576,success,dwell_complete,0.3510246570683196,1.4125,False,1.4083333333333332,True,43,7,0,0,0,15,13,0,0,0,6,-0.9292893491040133,0,120,125,-0.25649186968803406,-0.2993310097029644,-0.3609346003256801,0.039058693797566796,False,0.39921510617251804,0.11794151469165416,0.7738641890628055,False,0.25,0.6868293113074594,-0.11729604833382556,3.301807943769572,0.008333333333333304,True,False,0.7738641890628055,-0.11454366483854057,0.056817599360124954,1.6143945711718417,-0.46331360936164856,0.05663417222141984,True,0.0,False,False,-0.0002193683748378148,impact,False,
S,sac,3,SS3,54,924557908,success,dwell_complete,0.34390668953618747,1.3625,False,1.3625,True,41,12,0,0,0,15,8,0,0,0,11,-0.86712688959349,0,120,121,-0.3532917022705078,-0.31038422701965585,-0.32148807188439227,0.0415655570841674,False,0.36280580483336244,-0.6718303191721355,1.0302669946104934,False,0.75,0.576860257183689,0.5150835739523563,0.7167163586428277,0.008333333333333304,True,True,0.42572467804142095,0.5247722394893091,0.16611810812947153,0.5012246175975456,-0.33699095249176025,0.006307478137603987,True,0.0,False,False,-0.0011677381075720118,impact,False,
S,sac,3,SS3,60,258404339,success,dwell_complete,0.3754765870842251,1.3291666666666666,False,1.3291666666666666,True,40,3,0,0,0,15,6,0,0,0,3,-0.7669697105884552,0,120,121,-0.3618389368057251,-0.3684905097219577,-0.3989955865407079,0.02108092363053253,False,0.4182857959280168,-0.025501349884874052,0.7503701996730695,False,0.75,0.5068860584493331,0.031066553314497335,2.446388825107376,0.012499999999999956,True,True,0.42572467804142095,0.03141952022167522,0.15226247262196035,1.3090448135690238,-1.1352485162122428,0.06640108140988651,True,0.0,False,False,-0.00013971795628082214,impact,False,
S,sac,3,SS3,65,323032325,success,dwell_complete,0.2761439798047716,1.2541666666666667,False,1.2541666666666667,True,38,1,0,0,0,15,1,0,0,0,1,-0.6595184504985809,0,120,123,-0.3103924751281738,-0.3056614762077784,-0.30942432975686784,-0.010673779865040579,False,0.2987248234195424,-0.7561334495861523,1.1382840647240071,False,0.5,0.782004371382714,0.305706741731351,1.5098117397816544,0.016666666666666607,True,True,0.42572467804142095,0.3068058604846748,0.16025007259612783,0.9024745048329763,-0.6595184504985809,-0.02833221160410344,False,0.016666666666666666,False,False,-0.0006604336259949776,impact,True,success_unloaded
S,sac,3,SS3,68,960847886,success,dwell_complete,0.2795151611897045,1.2791666666666666,False,1.2791666666666666,True,39,5,0,0,0,15,1,0,0,0,4,-0.6070050895214081,0,120,125,-0.2980459749698639,-0.3158743415282705,-0.40277998339388715,-0.0778823170206317,False,0.3249083753465785,-0.06397901240415717,1.0039127662856635,False,0.25,0.8593657442246029,-0.10704621296007555,2.0931848020205965,0.008333333333333526,True,False,1.0039127662856635,-0.12559231875391824,-0.00435787847539414,1.3163912403004983,-0.4026682376861572,-0.005082608038249661,False,0.025,False,False,0.0005399281686155738,impact,True,success_unloaded
S,sac,3,SS3,72,1881702858,success,dwell_complete,0.24964853502669299,1.3208333333333333,False,1.3166666666666667,True,40,11,0,0,0,15,0,0,0,0,11,-0.6177406311035156,0,120,123,-0.28481352925300596,-0.2831740355297391,-0.3058499524826272,-0.009866332493588953,False,0.2959372813873751,0.1255776897298365,0.9982708343242809,False,0.5,0.7119977561828509,0.08044756626351096,2.271025740196047,0.008333333333333304,True,False,0.9982708343242809,0.07713481841541472,0.0025804496521691853,1.0114115574969804,-0.30997753143310547,0.0024108489933249025,True,0.0,False,False,-0.00014504769752397338,impact,False,
S,sac,3,SS3,73,289920193,success,dwell_complete,0.31483513691119536,1.2208333333333332,False,1.2208333333333332,True,37,0,0,0,0,15,0,0,0,0,0,-0.5678921341896057,0,120,123,-0.3698801577091217,-0.33534284621387184,-0.40774462837064573,-0.08133469975221,False,0.3266767941991808,-0.8439663912495013,1.0457688139414747,False,0.5,0.7357467459914478,-0.036144301390358305,2.3102541045998657,0.01666666666666683,True,True,0.42572467804142095,-0.03396028357447946,0.15104224533204536,1.2631690231951551,-0.7952024638652802,-0.013380871149327789,False,0.016666666666666666,False,False,0.0007998860792201864,impact,True,success_unloaded
S,sac,3,SS3,82,1242778508,success,dwell_complete,0.3003647841461772,1.3208333333333333,False,1.3166666666666667,True,40,0,0,0,0,15,1,0,0,0,0,-0.7018885910511017,0,120,123,-0.2567699134349823,-0.2808133253628173,-0.3079694685569374,0.0348954522896274,False,0.34210680277437705,0.08698822335277434,0.8451850182286417,False,0.5,0.6354548481350313,-0.04942328280096783,2.6067875551834954,0.012499999999999956,True,False,0.8451850182286417,-0.04845448388353386,0.039689224190429306,1.1515854412980626,-0.36273372173309326,0.039689224190429306,True,0.0,False,False,-0.0002530843886504039,impact,False,
S,sac,3,SS3,88,1372208371,success,dwell_complete,0.2868246847508069,1.2833333333333332,False,1.2833333333333332,True,39,3,0,0,0,15,0,0,0,0,3,-0.5916733145713806,0,120,124,-0.27675864696502683,-0.29266548201612863,-0.36710978394623794,-0.04893209583042263,False,0.31836281201920064,-0.1511392358143238,0.8884066613863835,False,0.375,0.7149009176320226,-0.22328513498330324,2.0451365401948576,0.008333333333333526,True,False,0.8884066613863835,-0.23130512993456187,0.023305339536262317,0.9160603043979608,-0.41780152916908264,0.023011176887935553,True,0.0,False,False,0.0007803753732011377,impact,False,
S,sac,3,SS3,102,2010693803,success,dwell_complete,0.2891424680220653,1.3125,False,1.3125,True,41,0,0,0,0,14,5,0,0,0,0,-0.8320715144049933,0,120,125,-0.24548477530479432,-0.3051993491765268,-0.3131583446527865,0.0014545083526295412,False,0.3153243061449738,-0.4754107819637667,0.9990479101270693,False,0.25,0.8557171021056571,-0.5780143044462311,0.9682667576339996,0.008333333333333304,True,False,0.9990479101270693,-0.5823253818698158,-0.015477935166935334,0.42805377111465465,-0.3133193850517273,-0.015544434501542033,False,0.025,False,False,0.0006670416356370292,impact,True,success_unloaded
S,sac,3,SS3,115,268198437,success,dwell_complete,0.28999782326054874,1.175,False,1.175,True,36,0,0,0,0,15,0,0,0,0,0,-0.556115448474884,0,120,126,-0.3549635708332062,-0.33119944636357557,-0.47685585311786743,-0.17115820938712373,False,0.305706777016253,-0.6602386932682242,0.9027118211981876,False,0.125,0.8430884283035917,0.15794417399019897,2.1745548686811764,0.02083333333333326,True,False,0.9027118211981876,0.19407339901630202,0.031045854701626126,1.3207788495183572,-0.5272477269172668,0.028084062919717608,True,0.0,False,False,0.0006681790815107779,impact,False,
S,sac,3,SS3,129,107904836,success,dwell_complete,0.3041945303591168,1.3166666666666667,False,1.3166666666666667,True,40,8,0,0,0,15,0,0,0,0,8,-0.637647271156311,0,120,124,-0.31471307277679444,-0.3148308627651374,-0.34830312993149576,-0.01358151851316903,False,0.33448397758756093,-0.17840241719454972,0.9065820745110605,False,0.375,0.7262605508349457,-0.018771130233839004,1.994457478606537,0.008333333333333304,True,False,0.9065820745110605,-0.020460090932295203,0.024213589380208133,1.1647698688998027,-0.38863545656204224,0.024113513502218024,True,0.0,False,False,0.00014606355571264348,impact,False,
S,sac,3,SS3,130,1674865942,success,dwell_complete,0.36661112537661483,1.3875,False,1.3875,True,42,13,0,0,0,15,5,0,0,0,12,-0.9553720628686045,0,120,123,-0.34668765068054197,-0.31921533440293176,-0.36609611073161624,0.003454874401810572,False,0.36996445991505733,-1.0420362107852221,0.8873582205788386,False,0.5,0.6565414493101298,0.2365029760970633,3.0339820865855023,0.016666666666666607,True,True,0.42572467804142095,0.23926720482295621,0.15845685323892486,1.6672641382683313,-1.0257965921230738,0.03589256326558876,True,0.0,False,False,-0.0007920551056435624,impact,False,
S,sac,3,SS3,132,1332772073,success,dwell_complete,0.28415903740178183,1.3125,False,1.3083333333333333,True,40,0,0,0,0,15,0,0,0,0,0,-0.6524512767791748,0,120,125,-0.27922254204750063,-0.28968682734022094,-0.32270290195222834,0.006579477327313972,False,0.3292488193549759,0.2777397035111312,0.8443733655467384,False,0.25,0.739711193670409,-0.034748300012494675,0.8673818882981018,0.004166666666666652,True,False,0.8443733655467384,-0.034295207853039925,0.04025215798961394,0.27921221540323543,-0.3949701189994812,0.04023152212167901,True,0.0,False,False,0.0005105019619280522,impact,False,
S,sac,3,SS3,134,770293282,success,dwell_complete,0.26102183531779233,1.3,False,1.3,True,39,0,0,0,0,15,0,0,0,0,0,-0.769679456949234,0,120,120,-0.29894356727600097,-0.298141752582966,-0.31948845293025696,-0.015159155285882547,False,0.3041895235843546,-0.06906167439178366,1.0324319111533242,False,0.875,0.5015630821804088,-0.017497392011565242,1.6851678542831277,0.008333333333333304,True,True,0.42572467804142095,-0.019342602158656477,0.15145196930080623,1.1208795591402756,-0.7069147825241089,-0.009168703765759356,False,0.004166666666666667,False,False,0.001752848975658921,impact,True,success_unloaded
S,sac,3,SS3,136,52561716,success,dwell_complete,0.30238931963123644,1.3083333333333333,False,1.3083333333333333,True,40,0,0,0,0,15,1,0,0,0,0,-0.6250286400318146,0,120,126,-0.3167231857776642,-0.31274909411257673,-0.41206434807626624,-0.08230556986146992,False,0.3297661272997637,-0.6691817178628628,1.0289336271901852,False,0.125,0.9535325085465896,-0.07699009442184535,1.1561849668655917,0.012499999999999956,True,False,1.0289336271901852,-0.08268619599240205,-0.009868496284447891,0.6924128458917121,-0.39988642930984497,-0.010727780684533166,False,0.029166666666666667,False,False,0.0007482327461606799,impact,True,success_unloaded
S,sac,3,SS3,142,538582925,success,dwell_complete,0.28734984166254046,1.1958333333333333,False,1.1958333333333333,True,36,5,0,0,0,15,5,0,0,0,5,-1.226971771594978,1,112,121,-0.3385073959827423,-0.331324393292727,-0.33643676174197923,-0.0033563814898505784,False,0.33292870885161624,-0.13912753030898511,1.067805014451561,False,0.75,0.5862447621439559,0.01753010006997891,2.5884619109541953,0.016666666666666607,True,True,0.42572467804142095,0.017504220441006614,0.15245823635234473,1.409740281475899,-0.9219536483287811,-0.017433601009305397,False,0.008333333333333333,False,False,0.0003378967577542818,impact,True,success_unloaded
S,sac,3,SS3,144,1170825572,success,dwell_complete,0.27953380747216133,1.3666666666666667,False,1.3666666666666667,True,41,6,0,0,0,15,0,0,0,0,6,-0.6525998711585999,0,112,120,-0.2860053539276123,-0.33044945804441145,-0.30857413638994874,-0.023727894182429345,False,0.2846866513433176,-0.7119170049356812,0.8771688161052171,False,0.0,0.4978481523215328,-0.38537634320498876,2.4262607743300175,0.016666666666666607,True,False,0.44365948606672073,-0.38281199017545325,0.13689582997118413,1.3071445612967563,-0.634160041809082,0.021628819584897603,True,0.0,False,False,0.0006940551290311031,impact,False,
S,sac,3,SS3,156,1593741725,success,dwell_complete,0.380525908865971,1.1958333333333333,False,1.1958333333333333,True,36,5,0,0,0,15,5,0,0,0,5,-0.6363697350025177,0,120,121,-0.42061461210250856,-0.4176731448879937,-0.40559031323038364,0.022136791630943505,False,0.4225148643385032,-0.7858470830104323,1.2697798568926018,False,0.75,0.6367384727542161,0.08425060951282798,3.0691948124396786,0.012499999999999956,True,True,0.42572467804142095,0.08457806151011656,0.15375120560136918,1.4402447125930176,-0.9009959938346429,-0.06959059931091642,False,0.008333333333333333,False,False,-0.00010459487776550253,impact,True,success_unloaded
S,sac,3,SS3,187,1530772550,success,dwell_complete,0.30004850963078816,1.2875,False,1.2875,True,39,14,0,0,3,15,0,0,0,0,14,-0.5020056366920471,0,112,123,-0.31097574830055236,-0.28705238863376387,-0.3194777667364284,-0.00490167982529981,False,0.3147634053444864,-0.602750576858148,0.9411264188083551,False,0.0,0.7262098965341046,0.11707921506614796,2.3113502103914145,0.02083333333333326,True,False,0.5112933742598541,0.11790714047961422,0.1325187321090538,1.2244849453385156,-0.5382128655910492,0.018722607955068533,True,0.0,False,False,-4.1798123534411496e-05,impact,False,
S,sac,3,SS3,191,1615938081,success,dwell_complete,0.31716755822012416,1.2583333333333333,False,1.2583333333333333,True,38,1,0,0,0,15,3,0,0,0,1,-0.9539828896522522,0,120,122,-0.28158058524131774,-0.27931137682471785,-0.32964305100070684,-0.0020323137024495373,False,0.3273230618491965,-1.000857441657894,0.8921007433271493,False,0.625,0.6006157025235691,-0.00457540277680393,1.9661073500986093,0.012499999999999956,True,True,0.42572467804142095,-0.004440106731291707,0.15185335998763583,1.182553005314357,-0.9539828896522522,0.028446819173958228,True,0.0,False,False,-2.6447776343050108e-05,impact,False,
S,sac,3,SS3,198,108547188,success,dwell_complete,0.3149086991149139,1.4208333333333334,False,1.4208333333333334,True,43,12,0,0,0,15,12,0,0,0,12,-0.8646585381011813,0,120,123,-0.2861472249031067,-0.3465111343218839,-0.21371868444177844,0.11964094317677483,False,0.3336796841618894,-1.0220504557599808,1.0949053708537497,False,0.5,0.7603150244475854,-0.43464438738839506,1.3241597189591492,0.008333333333333304,True,False,1.0949053708537497,-0.4140562025210529,-0.036282467082581274,0.5777758893637054,-0.18250161409378052,-0.0366701170931038,False,0.016666666666666666,False,False,-1.1923991008698342e-05,impact,True,success_unloaded
S,sac,3,SS3,199,1565262016,success,dwell_complete,0.29084023695610967,1.3625,False,1.3625,True,41,11,0,0,0,15,9,0,0,0,11,-0.6513551698068645,0,112,121,-0.3246235251426697,-0.325649373010936,-0.335700934878893,-0.026316227607301197,False,0.30993686902939094,-0.6398619503712599,0.8499607450505394,False,0.0,0.8337735111910608,-0.08207781220028387,1.2410342535053625,0.016666666666666607,True,False,0.8283777665712346,-0.08164385621372083,0.043199912103658936,0.5436592068364542,-0.40345098371839117,0.03750317175676106,True,0.0,False,False,6.691567733277746e-05,impact,False,
S,sac,3,SS4,15,217668846,success,dwell_complete,0.19540844878803265,1.3708333333333333,False,1.3708333333333333,True,42,1,0,0,0,15,14,0,0,0,1,-0.6732967764690084,0,80,127,-0.17154813408851624,-0.29253492284405896,-0.18111806706542474,0.013099172972164331,False,0.19610338873109673,-0.5434222581608946,0.8631414124844957,False,0.0,0.8631414124844957,-0.6984287403397836,1.3825108203596168,0.02083333333333326,True,False,0.8631414124844957,-0.6988841523362528,0.017152131371813505,0.7322910360586559,-0.2578656077384949,0.017141945303048193,True,0.0,False,False,0.0004312591476720768,impact,False,
S,sac,3,SS4,16,696548069,success,dwell_complete,0.3520845163705778,1.5,False,1.5,True,45,11,0,0,3,15,14,0,0,0,11,-0.5765679288100688,0,112,120,-0.20703817009925843,-0.2808599022823333,-0.27629425004304764,0.0716094263296179,False,0.34716831185716,-1.179208793569883,0.8544309863715857,False,0.0,0.6555173802732291,-0.22759742319308426,2.2957715496675815,0.016666666666666607,True,False,0.6271011508306067,-0.22821753321537944,0.09251194372383345,1.0427102300120525,-0.4909196932522461,0.03274360368409267,True,0.0,False,False,-0.0008841419161678652,impact,False,
S,sac,3,SS4,23,2087876775,success,dwell_complete,0.3715045638223681,1.1916666666666667,False,1.1916666666666667,True,36,0,0,0,0,15,1,0,0,0,0,-0.7775782942771912,0,120,122,-0.36742804050445554,-0.33258280787911115,-0.4712026413470696,-0.0618017792577448,False,0.4070883127823692,-0.22415214126905428,0.870814945513586,False,0.625,0.5926335283434828,-0.03437021260749906,2.8320439227796284,0.012499999999999956,True,True,0.42572467804142095,-0.035344168438954625,0.1506463858901376,1.3978574482618293,-1.0011468453469734,0.03274195478261871,True,0.0,False,False,0.00023637960201295193,impact,False,
S,sac,3,SS4,25,1955270286,success,dwell_complete,0.29273713726873046,1.3958333333333333,False,1.3958333333333333,True,42,1,0,0,0,15,8,0,0,0,1,-0.8954057744902278,0,120,121,-0.22353447675704957,-0.2998595431985205,-0.37316211988914727,-0.07613100979476163,False,0.2987374461643262,-0.6355323155296584,0.72090823978954,False,0.75,0.4995205684784507,-0.6120531795325035,2.6839227800344543,0.025000000000000133,True,True,0.42572467804142095,-0.5993214547824568,0.13563359995255056,1.2832136970204624,-0.8916084718432714,0.05728532451523433,True,0.0,False,False,0.0008601561044279362,impact,False,
S,sac,3,SS4,35,1846185832,success,dwell_complete,0.4496752594370757,1.1541666666666666,False,1.1541666666666666,True,35,6,0,0,0,15,13,0,0,0,6,-1.1003662582197806,0,120,123,-0.35590717792510984,-0.37227993059519365,-0.5075176457950401,-0.051176643876337295,False,0.45522229932156905,-1.5798467497662054,0.8488594841915986,False,0.5,0.6372920811165098,-0.23506432099826263,3.5581519766636496,0.012500000000000178,True,False,0.8488594841915986,-0.23655678424669283,0.0335487083576557,1.7392728770705466,-0.5652766227722168,0.03331114705112848,True,0.0,False,False,0.000343288936567031,impact,False,
S,sac,3,SS4,57,1109774061,success,dwell_complete,0.2730953755826562,1.4166666666666667,False,1.4166666666666667,True,43,6,0,0,0,15,8,0,0,0,6,-0.6635780783379489,0,120,124,-0.21580225825309754,-0.2965874108670523,-0.24326887254239293,0.05953582555465045,False,0.3014717122067767,-0.3433818946401912,0.8277611008154001,False,0.375,0.6769974422751579,-0.44266757666008727,1.9659699045192105,0.02083333333333326,True,True,0.42572467804142095,-0.4468033805909367,0.13985505005871096,1.0018079851591204,-0.9191163334345069,0.03355517756017804,True,0.0,False,False,-0.00030200563465792663,impact,False,
S,sac,3,SS4,59,1875727330,success,dwell_complete,0.3100232943003006,1.3083333333333333,False,1.3041666666666667,True,40,11,0,0,0,15,5,0,0,0,11,-0.4109991788864136,0,120,126,-0.38759592175483704,-0.3183000193654601,-0.34206445738209784,0.007987299500249696,False,0.350783093965807,0.14498845482594272,0.9030536377778519,False,0.125,0.843387517810798,0.397973104779849,1.970264721302665,0.008333333333333304,True,False,0.9030536377778519,0.39934039345345573,0.036424999872647655,1.0781972237172897,-0.389906644821167,0.03634759312929124,True,0.0,False,False,-0.0005102432581401939,impact,False,
S,sac,3,SS4,69,1916697051,success,dwell_complete,0.35012551510495776,1.3291666666666666,False,1.3291666666666666,True,40,12,0,0,0,15,1,0,0,0,11,-0.7624526023864746,0,120,121,-0.3076506793498993,-0.30943243685344335,-0.36951574517267394,0.009578835732943162,False,0.37937652548199513,-0.7210205721522095,0.9792887805772605,False,0.75,0.5641157036753808,0.043847563171754866,2.520522177929625,0.008333333333333304,True,True,0.42572467804142095,0.043264159794641065,0.1531322251530495,1.1734206133990486,-0.8746879304465008,0.006616545839425322,True,0.0,False,False,0.0012521579255612785,impact,False,
S,sac,3,SS4,81,1069232166,success,dwell_complete,0.265827766729383,1.2666666666666666,False,1.2666666666666666,True,38,3,0,0,0,15,6,0,0,0,3,-0.9741114734041186,0,120,120,-0.2902330219745636,-0.3451440326827553,-0.2949583797828091,-0.021593409016184114,False,0.27426631207764257,-0.6655498717419742,0.9412549232523815,False,0.875,0.49016595869279095,-0.6258701392852963,2.0461834069085882,0.012499999999999956,True,True,0.42572467804142095,-0.627690264668629,0.13497739309281973,0.9584587667879925,-0.7806600630283356,-0.0014313517023133622,False,0.004166666666666667,False,False,0.000892212959435535,impact,True,success_unloaded
S,sac,3,SS4,85,2081940702,success,dwell_complete,0.3200877432317172,1.3291666666666666,False,1.3291666666666666,True,40,8,0,0,0,15,4,0,0,0,8,-0.47112321853637695,0,112,121,-0.3530973196029663,-0.3086675350503492,-0.36469824777121573,-0.032918994004506624,False,0.33151065705170224,-1.0918078943554301,0.9957756055490702,False,0.0,0.578296965708845,0.2243934488383575,2.5107212689882603,0.012499999999999956,True,False,0.43913741909543674,0.22355139231978705,0.1544558160311382,1.1467076469715918,-0.644047737121582,0.007019444436344049,True,0.0,False,False,8.64841414541489e-05,impact,False,
S,sac,3,SS4,89,1460784246,success,dwell_complete,0.41709601806197066,1.3166666666666667,False,1.3166666666666667,True,40,4,0,0,0,15,0,0,0,0,4,-0.6120346784591675,0,120,124,-0.3375819265842438,-0.32352363478823576,-0.4191177314266771,0.012103270095299845,False,0.4293700965627519,-1.4172037353053455,1.0100038387105976,False,0.375,0.7908991534596562,0.10730942077138278,1.0170832450295595,0.012499999999999956,True,False,1.0100038387105976,0.10751473127924766,0.0001789184792285795,0.6126337425135082,-0.42041534185409546,0.00017373850569803273,True,0.0,False,False,-1.2395719092192213e-06,impact,False,
S,sac,3,SS4,94,1246638828,success,dwell_complete,0.2899907951918299,1.275,False,1.275,True,40,6,0,0,0,14,5,0,0,0,6,-0.8762036561965942,0,120,126,-0.2844872951507568,-0.39430074531495346,-0.14959391831217764,0.14045052394511442,False,0.2925024150422139,-0.83979448604893,0.8511603828116971,False,0.125,0.7979809197154125,-1.020475376904853,1.7839704892454507,0.02083333333333348,True,False,0.8511603828116971,-1.058255461688512,0.010774261115343657,0.9626550411719523,-0.2302926778793335,0.01014060796955687,True,0.0,False,False,0.0014690374032940634,impact,False,
S,sac,3,SS4,111,1101765951,success,dwell_complete,0.3556690322332619,1.2916666666666667,False,1.2916666666666667,True,39,9,0,0,0,15,3,0,0,0,9,-0.5382975339889526,0,112,122,-0.3327665448188782,-0.34740188218091583,-0.4677197240228022,-0.1040270259725386,False,0.36584069705988204,-0.865341589104206,0.8807252243541888,False,0.625,0.5963498829087088,-0.31539639600583913,2.9607377423785484,0.012499999999999956,True,True,0.42572467804142095,-0.3196131346371834,0.14327864728392373,1.587408641489544,-0.8369057262574847,0.022248819729997687,True,0.0,False,False,0.0009920040447163265,impact,False,
S,sac,3,SS4,123,1422627062,success,dwell_complete,0.3635208328392672,1.4,False,1.4,True,42,7,0,0,0,15,7,0,0,0,2,-0.5794034425967723,0,104,120,-0.49571906924247744,-0.32495055492785785,-0.3251691254622016,0.04659475001224409,False,0.3677922469626097,-1.2710545688343933,1.0316535265780151,False,0.0,0.6103319295489805,0.7456089376921889,3.5605673903426838,0.02083333333333348,True,False,0.550143129973404,0.7332603744058013,0.13873957613300836,1.9527952852118855,-0.5794034425967723,0.013132463334792496,True,0.0,False,False,-0.00038410625292361304,impact,False,
S,sac,3,SS4,135,1161446768,success,dwell_complete,0.2716672345040899,1.4291666666666667,False,1.4291666666666667,True,43,4,0,0,0,15,4,0,0,0,4,-0.7319186925888062,0,120,121,-0.17215583920478822,-0.31593972336213727,-0.18314317172003075,0.09293992466222452,False,0.27472385068358984,-0.6117152264556021,0.8247575591995554,False,0.75,0.5254828983309545,-0.6823830204055268,2.58701433106926,0.02499999999999991,True,True,0.42572467804142095,-0.6980051544594083,0.13298859503066285,1.2480868423353302,-1.1898272037506104,0.028696077471478666,True,0.0,False,False,3.547441109271712e-05,impact,False,
S,sac,3,SS4,140,451247318,success,dwell_complete,0.3601330351409536,1.3416666666666666,False,1.3416666666666666,True,41,0,0,0,0,15,9,0,0,0,0,-0.8314414054653565,0,120,126,-0.4346207320690155,-0.3949621718630761,-0.36033956133475686,0.026893453740912038,False,0.38802896791448915,-0.871359884200681,1.005073321352375,False,0.125,0.9326547409385058,0.2991639302893466,1.7897435643275177,0.01666666666666683,True,False,1.005073321352375,0.29860339802819985,0.0067408116213586505,0.9660068998714817,-0.3610672652721405,0.006667937839829882,True,0.0,False,False,-0.0002501662510002741,impact,False,
S,sac,3,SS4,145,1286322466,success,dwell_complete,0.34665676538686785,1.275,False,1.275,True,39,11,0,0,0,15,4,0,0,0,11,-0.9776000082492828,1,120,126,-0.33393068313598634,-0.3563691882428579,-0.41104344125764647,-0.052686308049974845,False,0.36033273665253157,-0.8229124218822959,0.8604180305574328,False,0.125,0.8060813614929313,-0.3551578368343241,2.7175577277131313,0.02083333333333348,True,False,0.8604180305574328,-0.35359262102908706,0.027375829206180112,1.7135598803027494,-0.4685436487197876,0.02721371826438831,True,0.0,False,False,0.0006944120712968878,impact,False,
S,sac,3,SS4,147,1697022180,success,dwell_complete,0.4020201247995109,1.775,False,1.775,True,54,1,0,0,0,15,11,0,0,3,1,-0.9901369386788405,0,126,126,-0.17134325504302977,-0.13078064170499537,-0.45957226534254225,-0.07095623462363483,False,0.38124114648857843,-1.4295323489355274,0.42572467804142095,True,1.0,0.42572467804142095,-0.056434647595996625,3.57086708629299,0.025000000000000133,True,True,0.42572467804142095,-0.0517112004421833,0.14821629622578825,2.1245492188959103,-0.8019222915172577,0.14790379312714003,True,0.0,False,False,0.0005406264336807208,impact,False,
S,sac,3,SS4,157,990009387,success,dwell_complete,0.3920110797821106,1.175,False,1.1708333333333334,True,37,4,0,0,0,14,9,0,0,0,3,-0.8759718411763173,0,120,126,-0.3901201605796814,-0.4067150748557627,-0.4864221908716096,-0.022174742915647742,False,0.4641975458939464,0.09310787739496397,1.1061607401393931,False,0.125,1.0211062323771467,-0.168960485401955,2.5069452557944394,0.012499999999999956,True,False,1.1061607401393931,-0.16948016590447817,-0.03293522213467407,1.4920560826787583,-0.41867494583129883,-0.033051941008303116,False,0.029166666666666667,False,False,1.2943949170912188e-05,impact,True,success_unloaded
S,sac,3,SS4,161,846331680,success,dwell_complete,0.4006456739557032,1.35,False,1.35,True,41,1,0,0,0,15,2,0,0,0,1,-0.7450506091117859,0,120,124,-0.3463197827339172,-0.35641237651954233,-0.4043229357024956,0.06072421079063233,False,0.4583888073632223,-0.18536293315825722,1.1360893850532228,False,0.375,0.869702619923797,0.16071678022008257,2.899203304161352,0.012499999999999956,True,False,1.1360893850532228,0.1616094852782088,-0.03232361985442529,1.6116506479648636,-0.3423105776309967,-0.0323650312166068,False,0.020833333333333332,False,False,-0.00021670981201430257,impact,True,success_unloaded
S,sac,3,SS4,162,1307500521,success,dwell_complete,0.3006098453054595,1.2708333333333333,False,1.2708333333333333,True,39,11,0,0,1,15,0,0,0,0,11,-0.6398134231567383,0,120,127,-0.2897355020046234,-0.3046536058837346,-0.31151587461273433,-0.0014860522759913071,False,0.3108758004550453,-0.8610349787067632,0.8320243684115634,False,0.0,0.8320243684115634,-0.06880172971210971,1.1929862696681333,0.012499999999999956,True,False,0.8320243684115634,-0.06916586429570779,0.04253504716897893,0.5394103567855554,-0.3978288173675537,0.042502039107060165,True,0.0,False,False,0.00010691107015045456,impact,False,
S,sac,3,SS4,176,927760525,success,dwell_complete,0.26380795318931505,1.3041666666666667,False,1.3041666666666667,True,40,9,0,0,0,15,3,0,0,0,9,-1.1787250936031342,1,120,127,-0.2665238916873932,-0.3242396682839267,-0.3256042278929001,-0.05223765548628454,False,0.2737358974077587,-0.686796625474882,0.979145284891465,False,0.0,0.979145284891465,-0.41900168125181914,1.576687340443268,0.02499999999999991,True,False,0.979145284891465,-0.3970730222711554,-0.005221251200304912,0.849553735862202,-0.3463892340660095,-0.006058809055254976,False,0.03333333333333333,False,False,0.0005032193655730588,impact,True,success_unloaded
S,sac,3,SS4,188,638130436,success,dwell_complete,0.3304457157215497,1.2833333333333332,False,1.2833333333333332,True,39,12,0,0,0,15,3,0,0,0,11,-0.6997702717781067,0,120,124,-0.4054157197475433,-0.38497506343932014,-0.3324587284032478,0.001694614229823406,False,0.332715361066456,-1.1385256728036195,0.9642699344433967,False,0.375,0.7623154632926558,0.0802175242663503,1.396093295278862,0.01666666666666683,True,False,0.9642699344433967,0.07969663042639584,0.011590236927698583,0.8556390370174036,-0.3524622917175293,0.011590236927698583,True,0.0,False,False,0.0018300064036366795,impact,False,
S,sac,3,SS4,189,479807060,success,dwell_complete,0.4007352733262164,1.2,False,1.2,True,36,5,0,0,0,15,5,0,0,0,5,-0.9395643765864929,0,120,120,-0.722296941280365,-0.6394631578338494,-0.4826638632784119,-0.07041811810642841,False,0.4124000594882158,-1.252922631800961,0.775976698010513,False,0.875,0.46950618053755744,0.1434915975896959,2.173799464223307,0.025000000000000133,True,True,0.42572467804142095,0.14808750396145018,0.15583894393654116,1.2706791459076072,-0.8463236689567566,0.06394886567068214,True,0.0,False,False,0.00041533591563595526,impact,False,
S,sac,3,SS4,194,2027452974,success,dwell_complete,0.3359489798864058,1.3666666666666667,False,1.3666666666666667,True,41,10,0,0,0,15,8,0,0,0,9,-0.801409718136016,0,112,120,-0.28951998353004454,-0.267277923045611,-0.33794826753126467,0.010755782467598769,False,0.34830059467794383,-1.0422140013253203,0.9915078983915862,False,0.0,0.8222482611798736,0.25929172341638,2.344738516926555,0.008333333333333304,True,False,0.7980683130067718,0.25814836913851524,0.06042538963506224,1.0435103859121788,-0.43707793951034546,0.009138313925771859,True,0.0,False,False,-0.0008577270221944567,impact,False,
T,sac,3,SS5,4,1337608328,hard_landing,dwell_complete,0.7535435478551443,1.5875,False,1.5833333333333333,True,49,11,0,0,0,14,11,0,0,2,9,-0.9879535185685994,0,112,123,-0.42615811329213094,-0.3427395046606413,-1.0164195205898483,-0.18242952112368055,False,0.8909606256641677,1.546782014683874,0.9416436407625038,False,0.0,0.8465615107205955,-0.07569626383326236,9.741364075967923,0.03333333333333344,False,False,0.751479380678687,-0.03734054831397628,0.0615461502709374,2.836309128098698,-0.9713216333105521,0.009950784345944822,True,0.0,False,True,0.0070955498600097046,other,False,
S,sac,3,SS5,8,1065105648,success,dwell_complete,0.3542765018838573,1.2333333333333334,False,1.2333333333333334,True,37,0,0,0,0,15,13,0,0,2,0,-1.24577102519752,0,120,120,-0.33741895641599384,-0.4372256659948944,-0.31581137554805205,0.06204610139783491,False,0.3819216860585619,-0.3081626585421893,0.7683184098281491,False,0.875,0.468548894514762,-0.3777591191891855,1.6794948664361415,0.012499999999999956,True,True,0.42572467804142095,-0.37562569525135053,0.141476796858889,0.8879777877728501,-1.2387229800224304,0.051239124017306986,True,0.0,False,False,-0.0005331860401561826,impact,False,
S,sac,3,SS5,17,419316027,success,dwell_complete,0.2831762010284797,1.3708333333333333,False,1.3666666666666667,True,42,5,0,0,0,15,9,0,0,0,5,-1.0494844662966891,0,120,127,-0.24681817293167113,-0.2779871880632553,-0.27058463476102446,0.05543808115187581,False,0.3262572426753126,0.0582665231779941,0.9639997707044464,False,0.0,0.9639997707044464,-0.23043606238324094,1.7133397614748938,0.004166666666666652,True,False,0.9639997707044464,-0.21025329756172706,0.003871357771520272,0.8215653001419541,-0.29219359159469604,0.0026217698500240628,True,0.0,False,False,9.402731341907424e-05,impact,False,
S,sac,3,SS5,18,1615341671,hard_landing,dwell_complete,0.5225149608325825,1.0375,False,1.0375,True,32,9,0,0,0,15,14,0,0,0,9,-0.49098059692265844,0,120,127,-0.6316142678260803,-0.4798644816245147,-0.6018155957846216,-0.05265423949792081,False,0.5477897861498765,-1.761900220048676,1.1137338574175821,False,0.0,1.1137338574175821,1.2658424798130743,4.153061861318763,0.016666666666666607,True,False,1.1137338574175821,1.269664976500611,0.004170737048174027,2.0650080613463717,-0.5335972309112549,0.003778438336356501,True,0.0,False,True,-2.365152054042439e-05,impact,False,
S,sac,3,SS5,20,702950301,success,dwell_complete,0.37899400970962904,1.1291666666666667,False,1.1291666666666667,True,34,0,0,0,0,15,15,0,2,0,0,-0.46903128523212895,0,112,121,-0.3985727310180664,-0.26275587993064525,-0.3885932574673536,-0.00803963407238535,False,0.3854550498996333,-1.4212647207420601,0.9884472244235655,False,0.75,0.5664053146369571,0.6180550513548012,3.0652498787937796,0.02083333333333326,True,True,0.42572467804142095,0.6169242483214517,0.16788965254991736,1.4547388620570192,-0.7215392577225305,0.01935587636154938,True,0.0,False,False,-0.00016463020335190343,impact,False,
T,sac,3,SS5,23,1960593378,hard_landing,dwell_complete,0.5867526290568355,1.0916666666666666,False,1.0875,True,33,2,0,0,0,15,14,0,0,0,0,-1.0882324244866746,0,120,122,-0.7106447632988198,-0.7687020402641415,-0.6494492697359956,0.03184347519225812,False,0.688281178421222,0.6203929264267863,0.8851707524666711,False,0.625,0.5980169559508897,-0.14588765034049,5.102417916413058,0.012500000000000178,True,True,0.42572467804142095,-0.14569679853341377,0.14741346937761346,2.305481149762438,-0.8971879276982448,0.025832937458543724,True,0.0,False,True,-0.000253049221446158,impact,False,
T,sac,3,SS5,26,77769409,success,dwell_complete,0.3932036125070988,1.3333333333333333,False,1.3333333333333333,True,40,13,0,0,0,15,14,4,0,0,13,-0.7213322942698094,0,64,120,-0.5188428401947022,-0.38942465312578883,-0.8748386954505633,-0.46210244421919316,False,0.41386175518290824,-0.7661849218426651,1.0089047642359827,False,0.0,0.668267545923425,0.3127859632777641,5.009229563647013,0.03333333333333344,False,False,0.6196050861644881,0.5096177260188058,0.11447414816332065,1.583713656756977,-1.0600343707425375,0.002726549259505234,True,0.0,False,False,0.00288384924553013,other,False,
T,sac,3,SS5,27,627675693,hard_landing,dwell_complete,0.6758421743722901,1.6875,False,1.6833333333333333,True,51,10,0,0,0,15,8,0,0,0,5,-0.8647236419297597,0,112,123,-0.3574252999792299,-0.3794192698360339,-0.913406058525698,-0.14809211745752282,False,0.7893537749740073,0.77274876437368,0.5365645285956453,False,0.0,0.5624767462761938,-0.48401230252926275,8.906964002330682,0.029166666666666563,True,False,0.5883889639567425,-0.4566020323420624,0.09549288648232884,3.9419267838061143,-1.0107043295389764,0.09484809809981866,True,0.0,False,True,0.08721586438050079,impact,False,
S,sac,3,SS5,30,1268272897,success,dwell_complete,0.3763902878943304,1.3291666666666666,False,1.3291666666666666,True,40,13,0,0,1,15,11,0,0,0,13,-0.6987279643565492,0,120,121,-0.5351040959358215,-0.4288785119479403,-0.501271739716394,-0.06899142767571137,False,0.4319441592445021,-0.048324952110325635,0.8455478416109293,False,0.75,0.530680468933798,0.32717389768733246,2.1987197713453406,0.016666666666666607,True,True,0.42572467804142095,0.32876008919975985,0.1608435456240996,1.3373556631366075,-1.1005708873271942,0.04950944828549918,True,0.0,False,False,0.0006837250443159754,impact,False,
S,sac,3,SS5,33,714116886,success,dwell_complete,0.49776555053896754,1.3291666666666666,False,1.3291666666666666,True,40,9,0,0,0,15,15,0,0,0,9,-0.9073549722258261,0,120,121,-0.3939483046531677,-0.3557577305124827,-0.511044891775264,0.015493442786488365,False,0.5215587903976526,-1.556570851922447,1.0387194607193981,False,0.75,0.5789733737109152,0.2246847306877841,4.660674329805576,0.016666666666666607,True,True,0.42572467804142095,0.2245518424714332,0.1577348111307319,2.4305779580993656,-0.9724521860452351,-0.004508300712771967,False,0.008333333333333333,False,True,0.00016510499997763746,impact,True,success_unloaded
T,sac,3,SS5,61,2094160035,success,dwell_complete,0.414791488231438,1.225,False,1.225,True,38,16,0,0,3,14,6,0,0,0,15,-0.7099004173545007,0,112,122,-0.38029595613479616,-0.4026559367570069,-0.7191500825600714,-0.28562175566521514,False,0.4472787483325107,-0.5328797590123385,0.87928421644588,False,0.0,0.6911168411978431,-0.42856401585604725,6.66089719247404,0.04999999999999982,False,True,0.42572467804142095,-0.20586514858505103,0.14619356820643215,2.3078023435365362,-1.3209865093231201,0.018720602202224924,True,0.0,False,False,0.0023283732561707213,post_contact_idle,False,
S,sac,3,SS5,64,277549337,success,dwell_complete,0.27997921160451755,1.4125,False,1.4125,True,43,12,0,0,0,15,9,0,8,0,10,-0.48637282848358154,0,104,125,-0.5056026041507721,-0.296552545879903,-0.6252788369156871,-0.29540266468626836,False,0.3299377745672939,-0.017161464333483603,1.1898142846344069,False,0.25,0.9987918829861603,0.9105319494264996,4.229165800287205,0.10833333333333317,False,True,0.42572467804142095,1.2648516198956101,0.18612399613620914,1.4866745036929094,-0.6191807985305786,-0.027449736357998262,False,0.025,False,False,0.0007822747424926455,post_contact_idle,True,success_unloaded
S,sac,3,SS5,73,66480997,hard_landing,dwell_complete,0.5609554158206953,1.5291666666666666,False,1.525,True,47,7,0,0,0,14,10,0,0,4,6,-0.8926044041767276,0,120,121,-0.35669893622398374,-0.3309648239693105,-0.7532808912487242,-0.10518757714603173,False,0.6501912574151882,0.33576030812838853,0.8995213299370892,False,0.75,0.5441738410153381,-0.18359742981191834,4.031685675671457,0.01666666666666683,True,True,0.42572467804142095,-0.18169065087366493,0.1447251524680058,2.3605580163229916,-1.050081715753184,0.019037720031098566,True,0.0,False,True,0.0006394798752582894,impact,False,
T,sac,3,SS5,78,211604255,success,dwell_complete,0.472758152289091,1.3291666666666666,False,1.3291666666666666,True,40,9,0,0,0,15,7,0,2,0,8,-0.5579446541848291,0,120,121,-0.53205806016922,-0.4076394920067602,-0.4266066086546685,0.05435138964770936,False,0.4902148305416913,-1.5187736053647014,1.2026738719045174,False,0.75,0.6199619765071951,0.7144454001517716,5.588885884884532,0.04166666666666674,False,True,0.42572467804142095,0.6812843156590728,0.1699841338310912,3.2587665445424063,-0.9958008255062801,-0.02816296350571129,False,0.008333333333333333,False,False,-0.000497910006163139,post_contact_idle,True,success_unloaded
S,sac,3,SS5,80,1856283101,success,dwell_complete,0.4863259339126375,1.275,False,1.275,True,39,9,0,0,0,15,13,0,0,0,9,-0.64651242551896,0,120,126,-0.4369933485984802,-0.42819658043202646,-0.4278309438169386,0.058717977745490625,False,0.4882150620840205,-1.4032227381095137,0.7530512752443403,False,0.125,0.7121354505939754,0.19855585251132762,1.828699376098087,0.012500000000000178,True,False,0.7530512752443403,0.2004674710092285,0.07066971328501069,1.2939419928048055,-0.555282711982727,0.07034537633393567,True,0.0,False,False,-0.000530732893525751,impact,False,
S,sac,3,SS5,82,1159581122,hard_landing,dwell_complete,0.5755870358564239,1.275,False,1.2708333333333333,True,39,10,0,0,0,15,15,6,0,0,9,-0.9615059900856625,0,120,126,-0.46862188894490553,-0.7461958226904083,-0.23366691280246144,0.4362547624334033,False,0.6689235899178784,-0.001766495408822049,0.5555488035010369,False,0.125,0.5393207878185848,-0.6959143098487477,4.630368998174244,0.025000000000000133,True,False,0.5555488035010369,-0.777785809757756,0.09671286973403571,2.237679144686326,-0.42174357175827026,0.09671286973403571,True,0.0,False,True,-0.0018009741089495498,impact,False,
S,sac,3,SS5,106,158713044,success,dwell_complete,0.3930331075536662,1.2666666666666666,False,1.2666666666666666,True,38,0,0,0,0,15,14,7,0,10,0,-1.024292808396085,0,120,120,-0.5551910996437073,-0.47617773071557357,-0.5884720148365802,-0.16014893039923214,False,0.43043474588458336,-1.0377734305366775,1.0821022249604502,False,0.875,0.5077718714062995,-0.04645170307631366,3.855822707977635,0.025000000000000133,True,True,0.42572467804142095,-0.028338560484256065,0.14984678640537713,1.9550958620046792,-1.2115463018417358,-0.02304015151402393,False,0.004166666666666667,False,False,0.0012065207704263932,impact,True,success_unloaded
S,sac,3,SS5,108,1149126053,success,dwell_complete,0.36851418576504885,1.2666666666666666,False,1.2666666666666666,True,38,5,0,0,0,15,6,0,0,0,5,-0.8550779521465302,0,120,120,-0.27734012603759767,-0.36528263434209757,-0.2906896900522532,0.09353263550801319,False,0.38598307220465417,-0.8358019826665074,0.7258579492146576,False,0.875,0.46324133693807557,-0.18128384772731776,2.657453063914257,0.02083333333333348,True,True,0.42572467804142095,-0.18747081954348377,0.1468682029959394,1.3511757456081996,-0.6868284344673157,0.06832539178555842,True,0.0,False,False,-0.0008041152755655289,impact,False,
S,sac,3,SS5,110,808532272,hard_landing,dwell_complete,0.5311348245184344,1.2375,False,1.2375,True,38,0,0,0,0,15,12,0,0,2,0,-1.0032000305167672,0,120,127,-0.4491339325904846,-0.5197128500620612,-0.4683489295714277,0.05794559079543546,False,0.5391121847963248,-1.5139204679880174,0.9820987733111706,False,0.0,0.9820987733111706,-0.30083321524140816,3.793999856358987,0.016666666666666607,True,False,0.9820987733111706,-0.30332688991940887,-0.003834694447571607,2.429187624535346,-0.48010316491127014,-0.004375064325508594,False,0.03333333333333333,False,True,-0.00021409431495852203,impact,False,
T,sac,3,SS5,115,1430218730,hard_landing,dwell_complete,0.5533615901237475,1.3875,False,1.3833333333333333,True,42,1,0,0,0,15,9,0,0,0,1,-1.1721959172472558,0,120,123,-0.5352997064590455,-0.5073610662646371,-0.5081339429644479,0.09592111416256366,False,0.6409340976589358,0.4223522706023258,1.212961220098195,False,0.5,0.8193429490698079,0.3681225217513028,5.0537243201640365,0.03750000000000009,False,True,0.42572467804142095,0.3390343429279824,0.15883711225281893,2.0575216848424573,-0.9254323608653134,-0.04828797738763526,False,0.016666666666666666,False,True,0.014011365573840799,post_contact_idle,False,
S,sac,3,SS5,120,1581704015,success,dwell_complete,0.4425388414401602,1.2708333333333333,False,1.2708333333333333,True,39,13,0,0,0,15,4,0,0,0,11,-0.6391452848911285,0,120,127,-0.3851489245891571,-0.3884641396974951,-0.4078052194453871,0.04792550813753974,False,0.4547783141992517,-1.144350099074517,0.8430811449670091,False,0.0,0.8430811449670091,0.11662164786459404,2.4816474219588884,0.01666666666666683,True,False,0.8430811449670091,0.11592684486582115,0.044610942218314895,1.642848543746423,-0.49484503269195557,0.04447544114661107,True,0.0,False,False,-0.0002805921912042953,impact,False,
S,sac,3,SS5,122,1975348375,success,dwell_complete,0.2724838822784063,1.3416666666666666,False,1.3416666666666666,True,41,6,0,0,0,15,14,0,0,0,3,-0.7827828995127796,0,120,126,-0.26081958413124084,-0.24688984238517425,-0.36780953504447605,-0.07977115152643742,False,0.29052853220410113,-0.7886231588831795,0.8742891361529102,False,0.125,0.818218578888974,0.12213963935636991,2.267100444222924,0.025000000000000133,True,False,0.8742891361529102,0.10928617012582749,0.03609279259802092,1.2023774404535486,-0.43119513988494873,0.03609279259802092,True,0.0,False,False,0.0003437134292521326,impact,False,
T,sac,3,SS5,124,491078182,hard_landing,dwell_complete,0.7509167363802589,1.4708333333333332,False,1.4708333333333332,True,45,6,0,0,0,15,11,0,0,6,6,-1.067061424255371,1,120,127,-0.5048302471637726,-0.42156101376797117,-0.9540547002680144,-0.14653747721529417,False,0.8384620249684644,-0.5557652621597111,1.1999592473044915,False,0.0,1.1999592473044915,0.010885007682786732,5.732422412732788,0.012500000000000178,True,False,1.1999592473044915,0.006863710229838388,-0.0546009753874145,3.158611402958927,-0.8507595062255859,-0.055669112968771084,False,0.03333333333333333,False,True,0.0013103877011502465,impact,False,
S,sac,3,SS5,127,1555871774,success,dwell_complete,0.2933333451799295,1.3125,False,1.3125,True,40,5,0,0,0,15,13,0,0,0,5,-0.611829350227722,0,120,125,-0.22721928358078003,-0.2879676183559046,-0.2660888434189868,0.053171655479389485,False,0.3220084670366582,-0.30686053992650053,0.8456091283501705,False,0.25,0.7406380157729832,-0.1785017739385416,1.9362631922145341,0.008333333333333304,True,False,0.8456091283501705,-0.16655853476577806,0.03623149159110747,0.8604519314162078,-0.3359030485153198,0.035577872262632,True,0.0,False,False,-0.0010920720913161369,impact,False,
T,sac,3,SS5,128,1604951221,hard_landing,dwell_complete,0.634541600260402,1.6875,False,1.6833333333333333,True,51,2,0,0,0,15,6,0,0,0,1,-0.9091851253055665,0,120,123,-0.13286930322647095,-0.21119172018801383,-0.6722699598028948,0.06722257819877317,False,0.7326396732963397,0.612292984624156,0.5711485866899633,False,0.5,0.4984366323656921,-0.17277866993410695,5.524648072352748,0.016666666666666607,True,True,0.42572467804142095,-0.17413677772567032,0.14634435835558693,2.8003392522059327,-1.1266168445851026,0.10782587120252188,True,0.0,False,True,-0.00022998292879294907,impact,False,
S,sac,3,SS5,140,403445731,success,dwell_complete,0.4246759424462873,1.2166666666666666,False,1.2166666666666666,True,38,0,0,0,0,14,11,0,0,0,0,-0.8566722554897083,0,120,124,-0.5005048990249634,-0.5336726626637606,-0.37282892213452173,0.06214832972789444,False,0.4419937984976421,-1.3711150506363015,0.9384610580116108,False,0.375,0.7461849155227896,-0.0071873646096721165,3.390179446044953,0.029166666666666785,True,True,0.42572467804142095,-0.016681918236907643,0.15080561737752238,1.7178562098606953,-1.0828573107719421,0.01540428292430656,True,0.0,False,False,-0.0002209188030765566,impact,False,
S,sac,3,SS5,144,210388185,success,dwell_complete,0.24298999256383863,1.2333333333333334,False,1.2333333333333334,True,37,2,0,0,0,15,13,0,0,0,2,-0.8219847081665602,0,112,120,-0.18108381118093217,-0.3718781636826368,-0.143502587829997,0.10759093354025387,False,0.2511271910149528,-0.5946633218305419,0.7514803715172799,False,0.0,0.5331285949426839,-0.7128620092636986,1.6129206803793465,0.016666666666666607,True,False,0.5019354840034559,-0.7139207177103302,0.11250754845465419,0.8755251976705144,-0.41905373967307563,0.046634866389007296,True,0.0,False,False,2.9377839553387135e-05,impact,False,
S,sac,3,SS5,150,408507921,success,dwell_complete,0.4489689801878915,1.1875,False,1.1875,True,36,2,0,0,0,15,0,0,0,0,2,-0.7485694885253906,0,120,123,-0.3651542067527771,-0.3850003375519465,-0.42968291297075534,0.016406827822102187,False,0.44547283205441784,-1.5056419183044143,0.6479477544072667,False,0.5,0.5368362162243439,-0.0033765726151564553,4.0337388830996765,0.02083333333333326,True,True,0.42572467804142095,-0.002675436893407762,0.1515364163832952,1.9765147534508831,-0.9585245847702026,0.09265049047324513,True,0.0,False,False,-9.95447465776736e-05,impact,False,
S,sac,3,SS5,153,1116331160,success,dwell_complete,0.34931674477730773,1.3208333333333333,False,1.3208333333333333,True,40,1,0,0,0,15,13,0,0,0,1,-1.203084902428633,0,120,123,-0.5305710077285767,-0.6728687524701465,-0.2189716124476859,0.16764820165306396,False,0.3915735276541856,-0.4392374075714074,0.9472535024535007,False,0.5,0.6864890902474609,-0.29559659718934983,4.004683299105643,0.03333333333333344,False,True,0.42572467804142095,-0.3406410855871576,0.14250973091468244,2.1592338641790834,-0.8779101868748586,0.006025800699088933,True,0.0,False,False,-0.0007980225986733064,post_contact_idle,False,
T,sac,3,SS5,166,1638165249,hard_landing,dwell_complete,0.5329717835972654,1.3583333333333334,False,1.3541666666666667,True,41,9,0,0,0,15,10,0,0,0,9,-1.0336533922076643,0,120,122,-0.3390504479408264,-0.42619354678789156,-0.32182848197773545,0.2949683625445999,False,0.6243843139650294,1.290049163780115,0.8461761056497696,False,0.625,0.5833939633945516,-0.11217937094543082,5.816935549676243,0.016666666666666607,True,True,0.42572467804142095,-0.1252432833694289,0.14847624173748825,2.889017653675879,-0.7845780820929023,0.03861800916834908,True,0.0,False,True,-0.0020777014621601825,impact,False,
S,sac,3,SS5,167,1682937791,success,dwell_complete,0.3503847428874179,1.4041666666666666,False,1.4041666666666666,True,43,7,2,0,0,15,10,2,0,0,7,-1.007640749724997,0,120,127,-0.2685938000679016,-0.5006965798963345,-0.1536186858646728,0.21619706931892735,False,0.36484427380113027,-0.6325053861915232,0.7288905098759941,False,0.0,0.7288905098759941,-1.0061889565952946,3.0538723433060775,0.029166666666666785,True,False,0.7288905098759941,-1.0712537139265776,0.04201268139262517,1.6023774352275237,-0.29906612634658813,0.04201268139262517,True,0.0,False,False,-0.0004183878600572912,impact,False,
S,sac,3,SS5,174,1515200011,success,dwell_complete,0.44689499941906863,1.2333333333333334,False,1.2333333333333334,True,37,5,0,0,0,15,0,0,0,0,5,-0.5912216305732727,0,112,120,-0.4150460000549044,-0.4023820135983433,-0.5008418083751706,-0.0467307205494631,False,0.45200532723492753,-1.4107231749732991,0.9805392336422463,False,0.0,0.507032562233317,-0.04734495592595875,4.084856515672712,0.016666666666666607,True,False,0.4393887520320415,-0.04565236053257799,0.1469941196458179,2.061699548428306,-0.8176057934761047,0.003824505598864648,True,0.0,False,False,0.0005894123861269983,impact,False,
ST,sac,3,SS5,177,2018449764,success,dwell_complete,0.34704832002850267,1.2833333333333332,False,1.2833333333333332,True,39,9,0,0,0,15,2,0,0,0,9,-0.877827376127243,0,104,124,-0.6128685653209687,-0.5685294281610714,-0.24341107950055418,0.14148686379811684,False,0.39061056252338106,-0.9269035739593203,1.4154665872229928,False,0.375,1.0443133712799033,0.12154304189290538,5.148494272063621,0.054166666666666696,False,True,0.42572467804142095,-0.1322829487084787,0.14834316519557267,1.5577632346373582,-0.5596039184657486,-0.1069751362638594,False,0.020833333333333332,False,False,-0.0004050477333192253,post_contact_idle,True,success_unloaded
S,sac,3,SS5,179,1906148524,success,dwell_complete,0.3907440580349102,1.2208333333333332,False,1.2208333333333332,True,38,7,0,0,0,14,12,0,0,0,6,-0.7159628090007569,0,120,123,-0.47324954271316527,-0.6277967579459637,-0.11754837217875709,0.31026219872047645,False,0.4270291903176489,-0.6626178054154415,1.0335556037567428,False,0.5,0.7296401408990818,-0.25967907836398224,2.6832302656863884,0.025000000000000133,True,True,0.42572467804142095,-0.31634590508685784,0.1433858010767507,1.3857933451485138,-0.6209869453754623,-0.015601515523038994,False,0.016666666666666666,False,False,-0.0023830277510730976,impact,True,success_unloaded
T,sac,3,SS5,186,31352041,hard_landing,dwell_complete,0.6763475195215053,1.0458333333333334,False,1.0416666666666667,True,33,23,8,0,0,14,14,8,1,0,11,-0.6477677352021594,0,104,125,-0.6008985595682667,-0.7416413392662922,-2.304182454789571,0.22413696769150118,False,2.5975795362138903,8.706334486565614,0.6722774716493719,False,0.0,0.7830847586427601,-0.11441274636950487,8.706334486565614,0.0,True,False,0.6722774716493719,-0.07741301906291674,0.1400247761989672,47.06052652629156,-0.9237494262225726,-0.15257792559105657,False,0.06666666666666667,True,True,0.07061795733829719,impact,True,deep_at_first_contact
T,sac,3,SS5,187,2103842510,hard_landing,dwell_complete,0.6163941283481239,1.4375,False,1.4375,True,44,1,0,0,0,15,2,0,0,0,0,-1.0422081649303436,0,120,127,-0.14240007996559143,-0.2573003438107019,-0.48261613984578056,0.17191812291545275,False,0.6626368574539814,-0.9033474180474784,0.4384049351832943,False,0.0,0.4384049351832943,-0.025350060743248814,5.049817069619069,0.02083333333333326,True,False,0.4384049351832943,-0.036398256244956725,0.14622132811098168,2.337655155502922,-0.8396016955375671,0.13418560494228396,True,0.0,False,True,-4.82651261134597e-05,impact,False,
S,sac,3,SS5,193,2065900127,success,dwell_complete,0.3844547131197676,1.125,False,1.125,True,34,14,0,0,3,15,14,9,0,0,14,-0.8310777978879558,0,104,122,-0.6242529392242432,-0.49832526538208477,-0.6344899656177314,-0.2309974522189768,False,0.3957085866191776,-1.2178810705795704,1.0470909568074938,False,0.0,0.7768830738259203,0.11377051549856397,4.983207251315937,0.05833333333333335,False,True,0.42572467804142095,0.24643206311105806,0.1585485310412012,2.922031056851273,-0.8948301587904727,-0.008039690727632083,False,0.0125,False,False,0.002143051266297287,post_contact_idle,True,success_unloaded
T,sac,3,SS6,10,1323121477,hard_landing,release,0.5269071399736471,2.275,False,2.275,True,69,7,0,0,0,10,6,0,0,0,6,-0.4372842596663927,0,40,86,-0.39999600052833556,-0.21259937439717147,-0.8199684806112584,-0.26396157479950494,False,0.5584983140112486,-1.4697665178605122,0.9055534805652872,False,0.125,0.845574880249804,0.03380069156331063,6.617773651874589,0.05833333333333357,False,True,0.42572467804142095,0.11730345674874595,0.1540442669054785,2.5878074174169545,-0.896580032717124,-0.19303564688933292,False,0.03333333333333333,False,True,0.03192238276110609,post_contact_idle,False,
T,sac,3,SS6,12,1760349828,hard_landing,dwell_complete,0.6056677280697743,1.3666666666666667,False,1.3625,True,41,8,0,0,0,15,2,0,0,0,7,-0.9509830176830292,0,120,120,-0.42840208411216735,-0.44155088642895557,-0.7279699755409498,-0.042461390068092034,False,0.6948402824065026,0.39512255886466724,1.0993913480354054,False,0.875,0.509933011790669,-0.2086076019768489,5.1298553432991625,0.02083333333333326,True,True,0.42572467804142095,-0.2062209842702441,0.14401939529632726,3.0873722117181845,-1.063665002178648,-0.0318341086695563,False,0.004166666666666667,False,True,0.07869266529730871,impact,False,
T,sac,3,SS6,15,1147113176,hard_landing,dwell_complete,0.5404378756911685,1.225,False,1.225,True,37,3,0,0,0,15,15,0,0,4,3,-1.2288969234495768,2,120,122,-0.371102774143219,-0.5474318370403581,-0.4056156297191127,0.14455929039288115,False,0.5588206042017885,-1.118152174629173,0.7838562379747459,False,0.625,0.5600240130164178,-0.8639045649995081,5.7175622125720045,0.029166666666666563,True,True,0.42572467804142095,-0.9150403421739053,0.1269208297208046,2.924857512577914,-0.9809878874120423,0.03439273259505156,True,0.0,False,True,-0.00022319994891811294,impact,False,
T,sac,3,SS6,22,1195033505,hard_landing,dwell_complete,0.7386661022511327,1.9375,False,1.9333333333333333,True,59,11,0,0,0,15,14,6,2,0,8,-0.848229961863491,0,88,127,-0.4115699412368035,-0.3654411013527266,-0.9650224294832221,-0.1892878854768235,False,0.8482614150445392,1.2297015440270005,0.7533970228920728,False,0.0,0.7533970228920728,-0.4113454656653859,8.013507223487338,0.029166666666666563,True,False,0.7533970228920728,-0.39172140017515233,0.04736089977072177,4.458574006310493,-1.0514003663395282,0.046169739633742816,True,0.0,False,True,0.09756135368813873,impact,False,
T,sac,3,SS6,33,1657229134,hard_landing,dwell_complete,0.6371827722499708,2.091666666666667,False,2.091666666666667,True,63,7,0,0,0,15,15,0,0,0,7,-0.7511336727500529,0,120,122,-0.03762579560279846,-0.21705158047951295,-0.6429087345860732,0.06308553648806875,False,0.7074159428434252,-0.8658430239241185,0.5137133742838964,False,0.625,0.4587204391323492,-0.6703234779422813,5.471045966763004,0.020833333333333037,True,True,0.42572467804142095,-0.6751072376319491,0.13341929706217187,2.6453575265940903,-1.085276168429466,0.11047258245944577,True,0.0,False,True,0.0495083487864805,impact,False,
S,sac,3,SS6,35,55155601,success,dwell_complete,0.38801976050459275,1.325,False,1.325,True,40,7,0,0,0,15,15,1,1,0,7,-0.8214356318656648,0,120,122,-0.5459662735462188,-0.4213228060141724,-0.5080925685475269,-0.10174494882032464,False,0.4086568766606107,-1.184265453358766,1.1087034645996618,False,0.625,0.6818417230007613,0.7036655810783377,3.20687930686187,0.025000000000000133,True,True,0.42572467804142095,0.7274493411338454,0.17120401251455605,1.6654278919408634,-1.0858331110198725,-0.010437929972038257,False,0.0125,False,False,0.00025407902547530187,impact,True,success_unloaded
T,sac,3,SS6,36,149974034,hard_landing,dwell_complete,0.5722446690330014,1.5916666666666666,False,1.5916666666666666,True,49,3,0,0,0,14,8,1,0,0,2,-0.6569122015820515,0,80,122,-0.4458072006702423,-0.3102369272974945,-0.8042970548142371,-0.15706658367634938,False,0.6302191857963582,-1.2578267300269712,1.1222194768073437,False,0.0,0.7887480098066743,1.0643137379645098,9.366303515174717,0.06666666666666665,False,True,0.42572467804142095,1.2437728591946604,0.18337014464063497,1.9583088485946276,-1.1661083400249481,-0.0028946500994742933,False,0.008333333333333333,False,True,0.009510659886943006,post_contact_idle,False,
S,sac,3,SS6,37,1167900726,off_pad,dwell_complete,0.43932278349619047,1.9166666666666667,False,1.9166666666666667,True,58,13,0,0,0,15,15,0,1,10,5,-1.1582370540129376,0,116,124,-0.3186206865832618,-0.5150050374345848,-0.5053433380573186,-0.07685204027780537,False,0.4582934347063124,-0.7845987374187221,0.42572467804142095,True,0.625,0.4420483153185072,-1.509778966797462,4.411629967374588,0.04166666666666652,False,False,0.4692543774469842,-1.4279073714781725,0.10043781423200897,2.217441983886305,-0.9037200596825471,0.09919309097897135,True,0.0,False,False,0.02919977731023207,other,False,
S,sac,3,SS6,39,305654731,success,dwell_complete,0.3441154982308502,1.1333333333333333,False,1.1333333333333333,True,34,5,0,0,0,15,12,0,4,0,5,-0.3754151140610182,0,88,120,-0.5891187489032745,-0.41608606023623396,-0.44872586216249377,-0.08971594359277223,False,0.3557660383251334,-1.2600301642789487,0.8247297302710668,False,0.0,0.6896195912175191,0.8442552481092935,2.554299468920571,0.02499999999999991,True,False,0.6703181427812981,0.8662270027324431,0.11054377490070713,1.3261913591067112,-0.616842157421125,0.06892424110520996,True,0.0,False,False,0.0005063816375496866,impact,False,
S,sac,3,SS6,47,1541273511,success,dwell_complete,0.48460859577571735,1.0291666666666666,False,1.0291666666666666,True,31,8,0,0,0,15,3,0,0,0,8,-1.3374578654766083,3,120,121,-0.4275151252746582,-0.4903114997944229,-0.6128162358407432,-0.11782728412432096,False,0.4880805647641778,-1.3085833582166286,0.6238983231793408,False,0.75,0.47526808932590087,-0.5807994196833113,3.9274462746131884,0.029166666666666785,True,True,0.42572467804142095,-0.5413813355913581,0.13699763052975514,2.098654900696736,-1.1066385664056102,0.0836995256719827,True,0.0,False,False,0.00131033419740545,impact,False,
T,sac,3,SS6,49,1712242685,hard_landing,dwell_complete,0.5195666205133086,1.7208333333333332,False,1.7208333333333332,True,53,2,0,0,0,14,11,1,0,0,1,-0.5974462804875864,0,96,123,-0.5416400790214538,-0.32239793793210747,-0.8032514267152856,-0.18429723577931856,False,0.6015746016463144,-0.2873664948743758,1.1671691861885067,False,0.0,1.1175545844240524,0.403806749098173,6.176102832814894,0.04583333333333339,False,False,1.0679399826595983,0.439531762791452,-0.009242784068221594,3.601994373766106,-0.6506961284095977,-0.0347235949119323,False,0.05,False,True,0.045927884020832165,other,False,
T,sac,3,SS6,58,343780280,off_pad,dwell_complete,0.37774150587754435,1.95,False,1.95,True,59,12,0,0,0,15,13,0,3,0,3,-0.6461454226016641,0,120,124,-0.32013328075408937,-0.4580422873134623,-0.2684274646417905,0.08145632183197687,False,0.3802898198732272,-0.16528413702865993,0.4482130842393562,False,0.375,0.43977993191513043,-0.28636725869551033,6.069849251503339,0.054166666666666474,False,True,0.42572467804142095,-0.2781866168885722,0.14263756470943728,1.2672577710265323,-0.7935529947280884,0.13704123885391242,True,0.0,False,False,0.07836028850056588,post_contact_idle,False,
S,sac,3,SS6,59,160775593,success,dwell_complete,0.2731817187325482,1.2416666666666667,False,1.2416666666666667,True,38,14,0,0,0,15,12,0,0,0,14,-0.6507961439023883,0,120,126,-0.5519626140594482,-0.45264340113989665,-0.38198358732349497,-0.09330093941629365,False,0.2995179533895227,-0.6030846114627244,1.1312961739743268,False,0.125,1.0430997369827137,0.3649974727589499,1.0395650444067772,0.054166666666666696,False,True,0.42572467804142095,0.3660177067463031,0.16115984601823954,0.40567331436986054,-0.9088726013122702,-0.025690288979747473,False,0.029166666666666667,False,False,-5.077748350874881e-05,post_contact_idle,True,success_unloaded
T,sac,3,SS6,60,699142286,hard_landing,dwell_complete,0.8985244461663241,1.7166666666666666,False,1.7166666666666666,True,52,3,0,0,0,15,9,0,0,1,0,-0.5164094096542008,1,104,124,-0.6642722818931691,-0.546585923059723,-1.0819757863620199,0.008469375857964877,False,1.0923177545291323,-0.26523599925093017,1.445302831621485,False,0.375,1.062961024028961,0.6220197818212119,11.93539659733965,0.050000000000000044,False,True,0.42572467804142095,0.6157894061967405,0.16761750233740783,4.893017400026082,-1.435367756928978,-0.1011453707315293,False,0.03333333333333333,False,True,0.042271642167441795,post_contact_idle,False,
S,sac,3,SS6,63,190453351,success,dwell_complete,0.40790441511316183,1.2416666666666667,False,1.2416666666666667,True,38,4,0,0,0,15,2,0,0,0,4,-0.9217565059661865,0,120,126,-0.3655622243881226,-0.35846920219364276,-0.4564494277834018,-0.024553611335502448,False,0.4309720105005285,-0.7730220338826702,0.6611710033528786,False,0.125,0.6317402126889463,-0.07794593688607636,1.0935058894405494,0.012499999999999956,True,False,0.6611710033528786,-0.07801998946347836,0.08695073828621434,0.6610337709453211,-0.6337874829769135,0.08691903519798429,True,0.0,False,False,2.6304431452502222e-05,impact,False,
T,sac,3,SS6,64,665100675,hard_landing,dwell_complete,0.5917606602386299,1.4,False,1.4,True,42,4,0,0,0,15,15,0,0,4,4,-1.052421749613745,0,120,120,-0.24656260013580322,-0.4297782225925452,-0.29054379944276615,0.3388445340595239,False,0.6375697528866684,-1.4853525829886354,1.0248106489051219,False,0.875,0.5006104243993835,-1.3242470738720913,5.895776051128761,0.029166666666666785,True,True,0.42572467804142095,-1.5188513366470824,0.11075424888463598,3.1544552894860134,-1.3509622275699176,-0.033136475853806,False,0.004166666666666667,False,True,0.00029106649633258493,impact,False,
T,sac,3,SS6,67,1584938237,hard_landing,dwell_complete,0.5090818842337599,1.6958333333333333,False,1.6958333333333333,True,51,1,0,0,0,15,10,0,0,0,0,-0.8051437376971781,0,120,121,-0.30907964110374453,-0.15552530294343303,-0.5180474146894115,0.03801987623574532,False,0.5490711462574622,-0.42043578239867735,0.4686952925626708,False,0.75,0.4364673316717334,0.881311295640809,5.392143441634351,0.02499999999999991,True,True,0.42572467804142095,0.8676431604017687,0.17236163531078644,2.8211352143163437,-0.8739078392582028,0.13145392783869425,True,0.0,False,True,0.0031174072638213888,impact,False,
T,sac,3,SS6,69,618785951,success,dwell_complete,0.3686293953630237,1.275,False,1.275,True,39,13,0,0,1,15,5,0,0,0,13,-0.8148326575756073,0,112,126,-0.5270293414592743,-0.4058702861407247,-0.8452367647546835,-0.44538561833407864,False,0.41204787878835036,-0.47424006805311214,1.0001172154358968,False,0.125,0.9283181482615872,-0.2657914733553133,5.095898896697846,0.07500000000000018,False,True,0.42572467804142095,0.3056748622589875,0.16018153633481583,1.441440742099442,-0.9442270696163177,-0.01023160590242307,False,0.029166666666666667,False,False,0.0028944626152982303,post_contact_idle,True,success_unloaded
T,sac,3,SS6,72,175912377,success,dwell_complete,0.4540832715871259,1.2375,False,1.2375,True,38,4,0,0,0,15,0,0,0,0,4,-0.2789199650287628,0,40,127,-0.5940995395183564,-0.4824839112667118,-0.5410995930377533,-0.04819780771343611,False,0.49314020449833335,-1.280126903290018,1.1948005809937017,False,0.0,1.1948005809937017,0.3266251028975309,5.4699562508891635,0.5125,False,True,0.42572467804142095,0.12220551058723533,0.14286506182959002,0.21273879455450653,-0.3644612431526184,-0.0443993836408576,False,0.03333333333333333,False,False,0.10070856185964365,post_contact_idle,True,success_unloaded
S,sac,3,SS6,73,722815722,success,dwell_complete,0.3005026239694465,1.3166666666666667,False,1.3166666666666667,True,40,1,0,0,0,15,12,0,0,2,1,-1.136481067487488,0,120,124,-0.5770462393760681,-0.43769485014272846,-0.572233387856238,-0.2448608079329019,False,0.32079663408411235,-0.5809388186103666,0.855030465105019,False,0.375,0.6940407949561698,0.25354203532637354,2.6464907532705095,0.02083333333333326,True,True,0.42572467804142095,0.27695586592505694,0.15917967223323842,1.5291826680315304,-0.8331120908260345,0.043892314205800025,True,0.0,False,False,0.0013776722422265757,impact,False,
S,sac,3,SS6,78,1532668767,success,dwell_complete,0.4353245279015319,1.3875,False,1.3875,True,43,10,0,0,0,14,11,0,0,0,8,-0.8397604159550817,0,120,123,-0.23522648811340333,-0.37544616762056926,-0.14823648085101238,0.30065449566029995,False,0.4494708230010809,-1.5253462239548223,0.9329744022957075,False,0.5,0.6793495401685642,-0.22266581557039128,3.4898234912105264,0.025000000000000133,True,True,0.42572467804142095,-0.29409210678940356,0.14403689607376097,1.6880340941069314,-0.8740652811762482,0.012194221992649464,True,0.0,False,False,-0.001412994448225419,impact,False,
T,sac,3,SS6,80,1765714094,hard_landing,dwell_complete,0.6159577546154034,2.4583333333333335,False,2.4583333333333335,True,74,13,0,0,0,15,15,6,0,0,9,-0.9422428590170288,0,114,122,-0.5178207036301798,-0.358370115704895,-0.6461511367975072,0.009060634564725894,False,0.6501186931394793,-1.486490981784318,0.42572467804142095,True,0.375,0.44470899235442396,0.6939268040546761,6.148524137744906,0.02916666666666634,True,False,0.45609958094222575,0.684161255622776,0.15795368593540138,3.6784149528418557,-0.8615188626672425,0.14319635473748896,True,0.0,False,True,0.08667455924070387,impact,False,
ST,sac,3,SS6,83,160799111,hard_landing,dwell_complete,0.7722227362336066,2.091666666666667,False,2.0875,True,64,6,0,0,0,14,10,0,0,0,1,-0.9563963058314222,0,112,122,-0.25848692906981713,-0.31046290911812874,-0.9670595452574648,-0.04369067103750704,False,0.922966603910331,0.33852487555846306,0.7169522112784512,False,0.0,0.7030230963604264,-0.24787075626319582,5.81047668418731,0.02499999999999991,True,False,0.6946656274096115,-0.23589722661337265,0.07455500346180864,2.7320330033273112,-1.0032580975387604,0.0691750137545465,True,0.0,False,True,0.003041894160535649,impact,False,
T,sac,3,SS6,88,761584583,hard_landing,dwell_complete,0.6465278608924638,1.6291666666666667,False,1.625,True,50,18,0,0,1,14,9,3,1,2,13,-0.8054043783225691,0,96,121,-0.41881864478723435,-0.495994346361379,-0.47731820071223796,0.264500337020798,False,0.7449380358885699,0.06123000018187385,1.157124746142532,False,0.0,1.6962130293154711,-0.6363182557031396,5.031381979281167,0.054166666666666696,False,True,0.42572467804142095,-0.9948550528463853,0.12488249203802754,4.421903118863049,-0.8679416724819293,-0.2540447243781874,False,0.041666666666666664,False,True,0.06820767207236739,post_contact_idle,False,
T,sac,3,SS6,91,1395150632,success,dwell_complete,0.4893356888505358,1.7,False,1.6958333333333333,True,51,6,0,0,0,15,8,1,0,0,4,-0.914561920089824,0,112,120,-0.6115840974492037,-0.6539477652688438,-0.45165206820630344,0.13394219839784258,False,0.6041736784002114,0.6059465423424832,1.2707923495432782,False,0.875,0.5313581369791531,-0.6660710796213956,8.701721189704209,0.04166666666666674,False,True,0.42572467804142095,-0.8191737370819713,0.12912503726637364,1.557309055675638,-1.363757997751236,-0.08697701995440847,False,0.004166666666666667,False,True,0.0006066746213819239,post_contact_idle,True,success_unloaded
S,sac,3,SS6,94,537732710,success,dwell_complete,0.44676201182931125,1.2208333333333332,False,1.2208333333333332,True,37,11,0,0,0,15,4,0,0,0,8,-1.1899285779902207,0,120,123,-0.37955949306488035,-0.4118292909744492,-0.6117653508787605,-0.1474667137232219,False,0.46470304029366444,-1.4757581709769432,1.0380715914416723,False,0.5,0.7318981347415466,-0.3280563386482558,3.1823247262751875,0.05833333333333335,False,True,0.42572467804142095,-0.15934212920672916,0.14717268771612965,1.467954837043341,-1.3347668051719666,-0.020491683502819,False,0.016666666666666666,False,False,0.0009054357049339827,post_contact_idle,True,success_unloaded
S,sac,3,SS6,98,228857887,success,dwell_complete,0.39431772263455644,1.7583333333333333,False,1.7583333333333333,True,54,9,0,0,0,14,13,6,0,0,4,-0.9306433118441957,0,120,122,-0.039585381746292114,-0.27291851049784127,-0.3572105914537693,0.03302558520990715,False,0.38525810999500126,-1.175706744518413,0.6329181074332937,False,0.625,0.5034222140633732,-1.50303938237749,2.9574971037471687,0.04583333333333339,False,True,0.42572467804142095,-1.4704010299275267,0.10993873006253886,1.4967487195723013,-1.0899322367137383,0.0571668933034029,True,0.0,False,False,0.001669049691967563,post_contact_idle,False,
T,sac,3,SS6,102,1905388242,off_pad,release,0.40109379581023574,2.7708333333333335,False,2.7708333333333335,True,85,9,0,0,0,14,8,0,0,0,3,-0.5606298222605939,0,80,127,-0.6303335070610047,-0.602775045447241,-0.3712289551847024,0.10392213076052725,False,0.42125249544295995,-0.9411149344765813,1.0755492310323476,False,0.0,1.0755492310323476,0.43823545780042655,5.848074012173129,0.09166666666666634,False,True,0.42572467804142095,0.3879876564442159,0.14814451400566211,1.3577321817112973,-0.8870942648591805,-0.14247414858106897,False,0.1,True,False,0.06422425330389177,post_contact_idle,False,
S,sac,3,SS6,104,1013111488,success,dwell_complete,0.4251640406775559,1.3666666666666667,False,1.3625,True,41,1,0,0,0,15,15,0,0,13,1,-1.363878301941171,2,120,120,-0.37817858457565307,-0.5635167822219497,-0.5741032218248137,-0.09282014757712775,False,0.4888202467786975,0.9813231114780961,0.49801060959806853,False,0.875,0.4347604194860019,-1.350477628597356,2.7770101497667077,0.008333333333333304,True,True,0.42572467804142095,-1.36712633465356,0.113892997978869,1.1745078549267092,-0.9938371901432781,0.09430480391973928,True,0.0,False,False,0.0021850677723270254,impact,False,
T,sac,3,SS6,106,627475610,success,dwell_complete,0.3553626767030652,1.9291666666666667,False,1.9291666666666667,True,58,17,0,0,3,15,14,0,0,0,8,-0.6425292057698786,0,120,121,-0.19486689567565918,-0.31039650931603513,-0.3306561504768797,-0.014675068649295709,False,0.38745917769020416,-0.7052736375933047,0.8679257642192902,False,0.75,0.5362749495858883,-0.4941458823414252,5.400583665784913,0.5041666666666664,False,True,0.42572467804142095,0.04109844635049144,0.1482163428491154,0.12679594336079184,-0.6487669883601264,0.017412845407841732,True,0.0,False,False,0.09634336869546915,post_contact_idle,False,
T,sac,3,SS6,108,986110172,success,dwell_complete,0.36297881870055193,1.7666666666666666,False,1.7666666666666666,True,53,8,0,0,0,15,14,5,1,0,7,-0.7796509084006675,0,88,120,-0.1268248975276947,-0.2823016043314246,-0.35883594307282124,-0.02219533215728249,False,0.4149587342067739,-0.0761206791512626,0.8670825232650256,False,0.875,0.48089440869437156,-0.7966809234147594,6.810847132305603,0.06666666666666665,False,False,0.45466937194651136,-0.7763230490807883,0.1164496269377302,4.318206928568908,-0.7772413816591975,-0.026279696848413997,False,0.03333333333333333,False,False,0.03272617442251607,other,True,success_unloaded
T,sac,3,SS6,109,193962269,hard_landing,dwell_complete,0.5661608423505223,1.5958333333333332,False,1.5916666666666666,True,49,7,0,0,0,14,11,0,3,7,6,-0.9424404026018254,0,112,121,-0.32795546054840086,-0.3003789912544316,-0.6271975529253314,-1.178098854337506e-05,False,0.6813524572469316,0.9119322875762058,1.1647065597042752,False,0.0,1.4967085497212078,0.9400085940674896,5.7129218980248515,0.06666666666666665,False,True,0.42572467804142095,0.9400986205089804,0.1753044312089177,2.362016940221164,-1.235588362609888,-0.13693053180510018,False,0.041666666666666664,False,True,0.006297582712158838,post_contact_idle,False,
T,sac,3,SS6,114,1997635400,hard_landing,dwell_complete,0.5213569940966012,1.6708333333333334,False,1.6666666666666667,True,51,3,0,0,0,15,12,0,0,0,3,-0.8158668770351447,0,120,127,-0.4660612285137177,-0.5170087550545353,-0.6307984866317008,-0.020883654596014226,False,0.6065464837471236,0.594176207185784,0.7178677864633943,False,0.0,0.7178677864633943,-0.039435697514388135,6.487769101862333,0.033333333333333215,False,True,0.42572467804142095,0.010096934385472885,0.15190423167524786,3.032798793556459,-0.8158668770351447,0.07303687362651859,True,0.0,False,True,0.00038429904035077887,post_contact_idle,False,
S,sac,3,SS6,115,2081510509,success,dwell_complete,0.41604238835913016,1.6916666666666667,False,1.6916666666666667,True,52,7,0,0,0,14,3,0,0,0,6,-0.7167183458805084,0,120,122,-0.41912960410118105,-0.29577614995476403,-0.4000469056068289,0.015010516730858887,False,0.4244988424908594,-1.0897048725044616,0.8827542233356475,False,0.625,0.5971107575267559,0.5615703778852557,2.5186801901802633,0.016666666666666607,True,True,0.42572467804142095,0.5608496479801139,0.16651213090085393,1.2715551821509283,-0.9478393246016182,0.045684743294408754,True,0.0,False,False,0.0004878444430169584,impact,False,
T,sac,3,SS6,120,1166971266,off_pad,dwell_complete,0.37477308408693716,1.7041666666666666,False,1.7041666666666666,True,52,2,0,0,0,15,13,1,3,0,2,-0.714657336473465,0,112,127,-0.16127954721450805,-0.11941603927000165,-0.30916018724657485,0.0861210582570778,False,0.3905537255067645,-0.031067529105741506,0.6196942248476549,False,0.0,0.6196942248476549,0.434710805199192,6.087518357981358,0.06666666666666665,False,True,0.42572467804142095,0.33250952888294133,0.16097032228930114,2.395670116183488,-0.7131800651550293,0.11163188293533473,True,0.0,False,False,0.0021402849081809928,post_contact_idle,False,
T,sac,3,SS6,127,1321347680,hard_landing,dwell_complete,0.5937027557412228,1.6333333333333333,False,1.6333333333333333,True,49,10,0,0,1,15,10,0,0,0,9,-1.1028599364630853,0,120,120,-0.3800113519302383,-0.43113662471785275,-0.5443344085512608,0.07430577260742535,False,0.625773542656831,-1.1107764611587827,0.8712171493378896,False,0.875,0.48141123695347954,-0.14812481348336864,8.460328704425553,0.050000000000000044,False,True,0.42572467804142095,-0.20046126610998966,0.1452670938368571,2.7908573366480995,-1.167473860900162,0.03307265935878332,True,0.0,False,True,0.06959147053558978,post_contact_idle,False,
T,sac,3,SS6,129,1385129447,hard_landing,dwell_complete,0.6079507853219617,1.6208333333333333,False,1.6208333333333333,True,49,3,0,0,0,15,14,2,0,0,3,-0.9944766514789104,0,120,123,-0.5715634167194367,-0.47882091369958873,-0.6352706779066498,-0.012416157682880336,False,0.6523800261455951,-1.5717287193153247,1.2204521514426259,False,0.5,0.8230884147420234,0.2850120123104688,6.1426880606173535,0.04583333333333339,False,True,0.42572467804142095,0.2747042182800833,0.1546948120661004,2.6924405941849248,-0.9408500735747666,-0.05403496550251741,False,0.016666666666666666,False,True,0.08808918806934117,post_contact_idle,False,
T,sac,3,SS6,131,2054376439,hard_landing,dwell_complete,0.8053497480488578,1.7708333333333333,False,1.7708333333333333,True,54,10,3,0,0,15,9,0,0,0,10,-1.0090736332265522,0,120,127,-0.5781368374824524,-0.5923248474786862,-0.7093223812321153,0.14570482002417504,False,0.861132086218223,-1.7286300257697185,1.023619791064823,False,0.0,1.023619791064823,0.3729556942782554,6.51491675141482,0.016666666666666607,True,False,1.023619791064823,0.3690903856571597,0.002695171011282721,3.182919787401758,-0.7051516771316528,0.0017565923040786307,True,0.0,False,True,-0.001919466417748107,impact,False,
S,sac,3,SS6,132,1308035592,success,dwell_complete,0.3253482645424516,1.3333333333333333,False,1.3333333333333333,True,40,6,0,0,0,15,9,0,0,0,6,-0.8383143917684217,0,120,120,-0.18404040336608887,-0.3795274682925342,-0.23618192408824257,0.09898569000107808,False,0.33543982852776927,-0.8666370416872348,0.8290247594993674,False,0.875,0.4761371882236643,-0.9653386811854784,3.3388659444157094,0.029166666666666785,True,True,0.42572467804142095,-0.9794916400379361,0.1253954230729743,2.0439023274714496,-0.9840965867042542,0.021052718861328715,True,0.0,False,False,0.0003658617088147589,impact,False,
S,sac,3,SS6,136,813667634,hard_landing,dwell_complete,0.551732295560005,1.3041666666666667,False,1.3333333333333333,True,40,10,0,0,0,15,14,0,0,2,6,-0.9793117818172614,0,120,127,-0.014491474628448487,-0.42071081191954746,-0.18952975126256172,0.39034307968515847,False,0.5821475471953853,-1.314967413889783,1.1432179269111713,False,0.0,1.1432179269111713,-1.122488862974231,4.339607340980306,0.04166666666666652,False,True,0.42572467804142095,-1.2668646027689254,0.11770920018645065,2.39983343220804,-1.0274870835339398,-0.0702268162422821,False,0.03333333333333333,False,True,-0.0020028382103849333,post_contact_idle,False,
T,sac,3,SS6,140,1379226536,hard_landing,dwell_complete,0.7846707067479953,2.5833333333333335,False,2.5791666666666666,True,79,11,1,1,0,14,6,0,0,0,5,-0.596275224108535,0,72,124,-0.4009934572553954,-0.40122379665622426,-0.9065260381320349,0.10298008305082776,False,0.9832797217453868,0.5961435541604488,0.6548490661145209,False,0.0,0.7102448192997438,0.2526914848288451,10.222352660613373,0.058333333333333126,False,True,0.42572467804142095,0.21174092342046422,0.15519130123958927,4.720362956866555,-0.951191672189731,0.013471962505926032,True,0.0,False,True,0.052099370841591795,post_contact_idle,False,
T,sac,3,SS6,147,1514039191,success,dwell_complete,0.3270200523980424,2.1416666666666666,False,2.1375,True,65,13,0,0,0,15,13,0,8,0,8,-0.7040113098050919,0,88,126,-0.4284414708614349,-0.35690375704908284,-0.5195798330030984,-0.11949992225914313,False,0.3830957447372364,-0.014655395331780141,1.0266354692485504,False,0.0,0.9851541578710187,-0.022336396700578305,5.5738701129599235,0.07500000000000018,False,False,0.514326932385103,0.0385848938898626,0.11942924819357396,2.096223340336969,-0.30296727999355305,-0.01855324810989486,False,0.029166666666666667,False,False,0.0862080020676086,other,True,success_unloaded
S,sac,3,SS6,155,842395533,hard_landing,dwell_complete,0.5114642851397911,1.5875,False,1.5833333333333333,True,49,14,1,1,0,14,8,0,2,0,11,-0.6569941450775438,0,104,123,-0.4733360834362079,-0.5821926693691178,-0.568370231316412,0.017568953843406798,False,0.5875830882878345,0.1444640702714645,0.7663657057996114,False,0.5,0.5960451919205162,-1.0064426164471518,4.837864541405872,0.03333333333333344,False,True,0.42572467804142095,-1.017723510049901,0.12397307377032893,2.489960154116124,-0.9217074540247606,0.03537933612579385,True,0.0,False,True,0.0015176338886655402,post_contact_idle,False,
T,sac,3,SS6,158,1353001036,hard_landing,dwell_complete,0.612405148651384,1.7916666666666667,False,1.7916666666666667,True,54,16,0,0,4,15,10,0,0,0,15,-0.9267336325789597,0,120,122,-0.6008435308933258,-0.516421405385292,-0.6891881172387414,-0.01166941034437865,False,0.6781645494374303,-0.6122451179675593,0.9610291252543829,False,0.625,0.6264638457462817,0.1490883631274625,5.06808448076215,0.012499999999999956,True,True,0.42572467804142095,0.1517174534970607,0.15607450254366054,2.8045934398803296,-0.9065883577650831,0.014582239505071195,True,0.0,False,True,0.0002543901100409774,impact,False,
S,sac,3,SS6,159,1370568126,hard_landing,dwell_complete,0.6912488563231473,1.875,False,1.875,True,57,7,0,0,0,15,13,0,1,0,5,-0.9468835196591262,0,120,126,-0.30087186098098756,-0.2964922454699251,-0.8038160416762856,-0.034959519882376354,False,0.7637486760072252,-0.9276955364310538,1.1073606402791432,False,0.125,1.0221561449994279,-0.09894560514659398,1.277608176591153,0.008333333333333304,True,False,1.1073606402791432,-0.10041316235748726,-0.031954136950395444,0.5569856138795831,-0.7556376457214355,-0.03200341528613475,False,0.029166666666666667,False,True,0.0007077201300366854,impact,False,
T,sac,3,SS6,164,800616896,success,dwell_complete,0.2968466271695426,1.5666666666666667,False,1.5625,True,47,12,0,0,1,16,16,0,1,3,5,-0.9441008017373416,0,120,128,-0.42696256637573243,-0.260571126151408,-0.7831978526608984,-0.42592559462322754,False,0.35721425772298837,0.41285677377913665,0.9844327509257799,False,0.0,0.9112508113419582,0.44764424146779624,5.039310984433291,0.125,False,True,0.42572467804142095,1.4554260083097985,0.1909286389661374,1.1336141724223858,-0.8220155722518525,0.012731316971657261,True,0.0,False,False,0.003770242798681689,post_contact_idle,False,
S,sac,3,SS6,165,1742164241,success,dwell_complete,0.1897844851667439,1.1666666666666667,False,1.1666666666666667,True,35,10,0,0,0,15,6,0,1,0,10,-0.42545056343078613,0,120,120,-0.4943581798246929,-0.33920395613502585,-0.3087362155198757,-0.1056924974940322,False,0.20299753337120693,-0.6322705720592159,1.0651926129821025,False,0.875,0.5056581699090061,0.6040789053970221,2.8761064256738553,0.04166666666666652,False,True,0.42572467804142095,0.636899208484275,0.16918182985678162,1.3936961722395114,-0.9716844856739044,-0.001402028365105019,False,0.004166666666666667,False,False,-0.0014400108433275077,post_contact_idle,True,success_unloaded
S,sac,3,SS6,166,778428015,success,dwell_complete,0.4510011381278962,1.7083333333333333,False,1.7083333333333333,True,52,11,0,0,0,15,11,0,0,0,7,-0.8344468866242426,0,112,126,-0.1809508681297302,-0.39161405295731494,-0.4456866131200173,0.016760863535625958,False,0.45439519523231225,-1.5624052714483971,0.7654228395179797,False,0.125,0.7229605693334098,-1.2132530899947391,2.726248232946601,0.02083333333333348,True,False,0.7654228395179797,-1.2132231917678884,0.028000456306326464,1.6541663457518796,-0.5379279255867004,0.027782636480051203,True,0.0,False,False,0.000746208810925625,impact,False,
ST,sac,3,SS6,170,1893555025,success,dwell_complete,0.48169881247170615,1.6541666666666666,False,1.6541666666666666,True,50,8,0,0,0,15,7,0,0,0,8,-1.1209968030452728,0,120,123,-0.4784194052219391,-0.518328185397517,-0.47257045486153665,0.009255733259598654,False,0.5061353084699888,-0.9870696628863028,1.0072202627812903,False,0.5,0.7164724704113556,-0.7212244536333824,5.501360616025478,0.04583333333333339,False,True,0.42572467804142095,-0.7460843748547161,0.1313342615954757,2.406518233020243,-1.0647235345477308,-0.02182699377958508,False,0.016666666666666666,False,True,0.0016121941802681524,post_contact_idle,True,success_unloaded
T,sac,3,SS6,172,1029775870,off_pad,dwell_complete,0.9929442041673482,0.9958333333333333,False,1.0208333333333333,True,30,11,0,0,0,15,14,0,0,9,7,-1.0798168702664168,0,112,121,-0.7255094639541734,-0.7860411874513517,-1.1328288476060253,0.08621434811648959,False,1.2119347427374734,-0.40403217056621926,1.0470762818136539,False,0.0,0.6103518343852682,-0.11538567986433959,15.425377329432195,0.04583333333333339,False,True,0.42572467804142095,-0.1539222204057228,0.14709725039664126,4.0795198635139895,-1.133233707581726,0.0002950861445136875,True,0.0,False,True,0.07984363504796621,post_contact_idle,False,
T,sac,3,SS6,174,2144808994,hard_landing,dwell_complete,0.608667497640921,1.2583333333333333,False,1.2583333333333333,True,38,3,0,0,0,15,9,0,0,0,3,-0.866642564535141,0,120,122,-0.5307121098041534,-0.4826234353924329,-0.43168067125549187,0.21584353398154157,False,0.6500279212371531,-1.1083628509310124,1.1930340502641454,False,0.625,0.7134656926249425,0.18691015475559425,8.708123115976722,0.04583333333333339,False,True,0.42572467804142095,-0.050517294621967274,0.1507097820371834,3.052290414223077,-1.177903175354004,-0.044618035132445055,False,0.0125,False,True,-0.000575936671091426,post_contact_idle,False,
S,sac,3,SS6,176,200621214,hard_landing,dwell_complete,0.5086760016305631,1.275,False,1.2708333333333333,True,39,5,0,0,0,15,9,0,2,3,5,-1.033040596251678,0,120,126,-0.5510602533817291,-0.46513416370480526,-0.6715027526748683,-0.07566432859051374,False,0.5853432522871981,0.3781228690287707,0.8470074593890351,False,0.125,0.7943471117205834,0.21045623312177802,4.582176546301534,0.40000000000000013,False,True,0.42572467804142095,0.13398008193041563,0.152640213708012,1.5355326972790189,-1.033040596251678,0.04419149846279742,True,0.0,False,True,0.07919368424708349,post_contact_idle,False,
T,sac,3,SS6,177,1589993934,success,dwell_complete,0.338102921165137,1.2666666666666666,False,1.2625,True,38,11,0,0,0,15,15,0,2,0,11,-0.7730252932771793,0,112,120,-0.7546340882778168,-0.4369221381902829,-0.7602838293751837,-0.34479389621823914,False,0.41382788239638674,0.0015688942624548555,1.3659519735735306,False,0.0,0.9909268229764188,2.32745121910235,5.709947265046567,0.06666666666666665,False,True,0.42572467804142095,2.496166464449063,0.21919566769761517,2.123840605488763,-0.7730252932771793,-0.03639219774830275,False,0.004166666666666667,False,False,-0.0007535691516701714,post_contact_idle,True,success_unloaded
T,sac,3,SS6,178,1450410311,off_pad,release,0.5071076420439801,3.3874999999999997,False,3.408333333333333,True,102,7,0,0,0,15,15,5,0,0,6,-0.8600808722722629,0,107,123,-0.6045217871665954,-0.6199571545500927,-0.5568800619189673,0.14588932972088275,False,0.543638909872858,-0.4944426540308117,0.42572467804142095,True,1.0,0.42572467804142095,0.35264350717175963,9.928389467600562,0.07083333333333375,False,True,0.42572467804142095,0.2973085410270279,0.14009549352096837,1.52541738752883,-0.8780188505796127,-0.268664353955153,False,0.03333333333333333,False,True,-0.04338161325481204,post_contact_idle,False,
T,sac,3,SS6,179,317667536,hard_landing,dwell_complete,0.8572867914036036,1.5875,False,1.5875,True,48,4,0,0,0,15,9,0,1,0,3,-0.6310371251317538,0,120,123,-0.5017289698123932,-0.44836187747655604,-0.8800543575722928,0.08784931178060647,False,0.9449990088431182,-1.5385951654932528,1.2718786691698245,False,0.5,0.8488016736056226,0.46819421742814427,6.557064064150948,0.012500000000000178,True,False,1.2718786691698245,0.47089452107557755,-0.06036109867941949,3.7082692549240357,-0.7704172432422638,-0.06098017270884029,False,0.016666666666666666,False,True,0.000744282168353142,impact,False,
S,sac,3,SS6,184,1680960645,hard_landing,dwell_complete,0.5175372838840758,1.425,False,1.4208333333333334,True,43,2,0,0,0,15,6,0,0,0,0,-0.9273506104946136,0,120,122,-0.32612611055374147,-0.35806000687513856,-0.3702714505157325,0.22319974689895875,False,0.5906742815121836,0.6732145434835104,0.8125554646237231,False,0.625,0.5707862230097842,0.11024921541132365,4.230663988259936,0.016666666666666607,True,True,0.42572467804142095,0.09807852465870831,0.15411661317833494,2.2768243520627935,-1.1434361896845937,0.053049794570569006,True,0.0,False,True,-0.001159156258649119,impact,False,
S,sac,3,SS6,188,505357842,success,dwell_complete,0.397647579586427,1.45,False,1.45,True,44,3,0,0,0,15,14,0,0,0,3,-0.8030777010350028,0,120,124,-0.29547988176345824,-0.3447414971141027,-0.2790252570520938,0.15450115478807258,False,0.4340141529704781,-0.6036117374377835,1.0043401215532282,False,0.375,0.7873593302363004,0.6414804560377642,1.5814931649995263,0.008333333333333304,True,False,1.0043401215532282,0.6346111874043529,0.016014097347887286,0.8797288551586161,-0.28116676211357117,0.015694493498240217,True,0.0,False,False,-0.0033950576215233527,impact,False,
S,sac,3,SS6,191,1002338391,success,dwell_complete,0.3505865549690327,1.3458333333333332,False,1.3458333333333332,True,41,5,0,0,0,15,15,0,0,6,5,-1.1431012972948829,0,120,125,-0.40752086639404295,-0.26399612282420104,-0.6325567158935074,-0.24837813828450095,False,0.3746454314582397,-0.537252672034074,0.8625122396561612,False,0.25,0.7533153492524762,0.16173276405470643,3.169677567831408,0.03333333333333344,False,True,0.42572467804142095,0.2385226827812756,0.15706645428773605,1.831171546097519,-0.9414247133632787,0.03967819461247398,True,0.0,False,False,0.0015063151232288655,post_contact_idle,False,
S,sac,3,SS6,199,2042228284,success,dwell_complete,0.4252358623240458,1.5583333333333333,False,1.5541666666666667,True,47,1,0,0,0,15,7,0,0,0,0,-0.9706852734088898,0,122,122,-0.5036491632461548,-0.44075080998959665,-0.5612348444180141,-0.05210123388617274,False,0.5018247539403835,0.542496822512632,0.42572467804142095,True,1.0,0.42572467804142095,0.7433370296500728,4.032866758692661,0.07916666666666661,False,True,0.42572467804142095,0.7526887803253124,0.17214017406549983,2.1888783539236583,-0.854345179167483,0.13796166334681934,True,0.0,False,True,-0.0009675872776322529,post_contact_idle,False,
S,sac,4,SS3,5,558736479,success,dwell_complete,0.2567074174802929,1.3,False,1.3,True,39,3,0,0,0,15,15,0,0,0,2,-0.7662676445058338,0,120,120,-0.21842947602272034,-0.25146693176687385,-0.32325559041266316,-0.06061773332949723,False,0.26143738276275597,-0.9997437249253938,0.9939511590885061,False,0.875,0.4967529881723066,-0.44664295426199513,2.8529284361599556,0.06666666666666665,False,True,0.42572467804142095,-0.38410166287461783,0.14161952980568965,1.5521910564845691,-0.6805899512474801,-0.009067838931730611,False,0.004166666666666667,False,False,0.0011608945896308127,post_contact_idle,True,success_unloaded
S,sac,4,SS3,29,1921923984,success,dwell_complete,0.26785353356246294,1.4375,False,1.4375,True,44,1,0,0,0,15,15,0,0,0,1,-0.9355825307637772,0,120,127,-0.3832286596298218,-0.39376899225487466,-0.32550712017694317,-0.03273616303164247,False,0.292771385093095,-0.24233308681878246,0.8435984266540839,False,0.0,0.8435984266540839,-0.025661027818601155,1.976591442057508,0.016666666666666607,True,False,0.8435984266540839,-0.02199072102144526,0.0408328664635538,1.1230307514964655,-0.4165520668029785,0.040066304893093735,True,0.0,False,False,-0.0005420011530956797,impact,False,
S,sac,4,SS3,49,346551576,success,dwell_complete,0.4137791346868374,1.3666666666666667,False,1.3666666666666667,True,41,4,0,0,0,15,15,0,0,0,2,-0.9605129421029714,0,120,120,-0.3289227068424225,-0.36841432448737194,-0.38833919958504476,0.04361349214840129,False,0.43095888750423617,-1.2944985211430304,1.0560338466833175,False,0.875,0.5045133241216581,-0.09517804055943616,3.650465551262419,0.02083333333333326,True,True,0.42572467804142095,-0.09844098151545996,0.14934729696794602,1.8278059769212216,-1.0384944689248015,-0.016079618645890685,False,0.004166666666666667,False,False,-0.0002907759351919023,impact,True,success_unloaded
S,sac,4,SS3,54,924557908,success,dwell_complete,0.30852682292435046,1.2125,False,1.2125,True,37,4,0,0,0,15,15,0,0,0,3,-0.9855908505475792,0,120,125,-0.46120948195457456,-0.42077343318175014,-0.3628520306956254,-0.03855578549161221,False,0.32535578540104915,-0.7976331884733534,1.0465657565034894,False,0.25,0.8913554868879723,0.4786005909336325,1.5861243613947604,0.04583333333333339,False,True,0.42572467804142095,0.5282433778315133,0.1662089171096875,0.4691498877574011,-0.7131277548696919,0.00022919564360413355,True,0.0,False,False,-0.0011142886515045933,post_contact_idle,False,
S,sac,4,SS3,60,258404339,success,dwell_complete,0.4084266919450523,1.7333333333333334,False,1.7333333333333334,True,52,2,0,0,0,15,15,4,0,0,2,-0.8715660941520555,0,112,120,-0.342879456281662,-0.36517235031204665,-0.42142907364036053,0.020675708137319983,False,0.4404780183703657,-0.96164185669536,1.2966472927132018,False,0.0,0.6151441958361313,-0.035428513664486,3.0867977635297366,0.008333333333333304,True,False,0.5177866105679784,-0.034621003006988636,0.12649420235709777,1.4221345708869026,-0.6623760490525087,-0.07961453180168267,False,0.004166666666666667,False,False,-7.636792257002604e-05,impact,True,success_unloaded
S,sac,4,SS3,65,323032325,success,dwell_complete,0.43516259805193164,1.3291666666666666,False,1.3291666666666666,True,40,0,0,0,0,15,15,0,0,0,0,-0.9185564222003965,0,120,121,-0.4338916838169098,-0.4217615666796983,-0.462964361213365,0.011609613516201368,False,0.4746199998486829,-0.7987042537960596,1.0042886334672858,False,0.75,0.5703656668978871,0.2508832680084855,1.7406079271485073,0.008333333333333304,True,True,0.42572467804142095,0.2602734382652563,0.1589899946411242,0.7704387288846687,-0.8042245302127805,0.006066319731397686,True,0.0,False,False,0.00010850903134582027,impact,False,
T,sac,4,SS3,67,911722583,success,dwell_complete,0.3260099257212968,1.4875,False,1.4875,True,46,0,0,0,0,14,9,2,0,0,0,-0.5441166768278851,0,80,123,-0.2825978517532349,-0.33520404279630334,-0.29417311277769714,0.04554216369823267,False,0.33959942137131877,-0.713016722801971,1.013404493467252,False,0.5,0.7195645857543365,-0.23969805453532414,6.051638742339931,0.06666666666666665,False,True,0.42572467804142095,-0.2418600521001896,0.14553614318335528,2.5733202819005054,-0.8813721873189376,-0.008925882954700284,False,0.016666666666666666,False,False,0.000951331996391151,post_contact_idle,True,success_unloaded
S,sac,4,SS3,68,960847886,success,dwell_complete,0.28623230285678003,1.4291666666666667,False,1.4291666666666667,True,43,4,0,0,0,15,15,0,0,0,1,-0.9224445224418418,0,120,121,-0.3935579240322113,-0.3658032095523644,-0.3607819004872301,-0.06728358885724726,False,0.2935587503298676,-1.1082526713350127,1.1632995252232625,False,0.75,0.6101183898368813,0.31371899936747855,1.9839828064082579,0.016666666666666607,True,True,0.42572467804142095,0.3189826044284966,0.16058395279184923,1.081031545490767,-0.7713314497595913,-0.03555002759761123,False,0.008333333333333333,False,False,-0.0005263592853918953,impact,True,success_unloaded
S,sac,4,SS3,72,1881702858,success,dwell_complete,0.3010837407110897,1.325,False,1.325,True,41,2,0,0,0,14,14,0,0,0,0,-0.9965344992678866,0,120,122,-0.3414149820804596,-0.3397754883571927,-0.3345057230236297,-0.009559762766608717,False,0.32534128624925485,-0.6083668014033277,1.0242032760609503,False,0.625,0.6501541522987444,0.08267820116521186,1.676393491471296,0.04583333333333339,False,True,0.42572467804142095,0.09782108852397155,0.15460097423864164,0.6574261750501189,-0.8125191476841714,-0.004111031541152641,False,0.0125,False,False,-0.00015483535753713722,post_contact_idle,True,success_unloaded
S,sac,4,SS3,73,289920193,success,dwell_complete,0.24513428993351355,1.3125,False,1.3125,True,41,3,0,0,0,14,14,0,0,0,2,-0.8520322174740529,0,120,125,-0.30381734371185304,-0.24963605228662467,-0.34871690970908753,-0.08156797376716439,False,0.2680520617226979,-0.6832325702785883,1.2656169642862003,False,0.25,1.0556438927250056,0.06255631014327787,1.0977826172729939,0.02499999999999991,True,True,0.42572467804142095,0.07370803190178124,0.15392882861880663,0.4874299114568669,-0.6046983003616333,-0.0686191737754341,False,0.025,False,False,0.0006843707761572696,impact,True,success_unloaded
S,sac,4,SS3,82,1242778508,success,dwell_complete,0.4546270287431024,1.3708333333333333,False,1.3708333333333333,True,42,0,0,0,0,15,15,0,0,0,0,-0.9959364283280172,0,120,127,-0.3348878800868988,-0.363264251940486,-0.4353610320033816,0.032177303393587306,False,0.4661454534930608,-1.4031873818866811,0.9423070148289923,False,0.0,0.9423070148289923,-0.07230280451143986,3.218542347708423,0.02499999999999991,True,False,0.9423070148289923,-0.07674072684014552,0.01326066539602713,1.4631628368332008,-0.46597015857696533,0.013206434326872431,True,0.0,False,False,-0.0001363408714368597,impact,False,
S,sac,4,SS3,88,1372208371,success,dwell_complete,0.30400780968854985,1.4708333333333332,False,1.4708333333333332,True,45,1,0,0,0,15,15,0,0,0,1,-0.9655016478993793,0,120,127,-0.3586827039718628,-0.3301966078525213,-0.3749305053045176,-0.06748168346421285,False,0.30720773058635864,-1.0046685753846147,0.977686770082642,False,0.0,0.977686770082642,0.09323463906650784,1.3358288593097647,0.012500000000000178,True,False,0.977686770082642,0.08945694571932504,0.008350509318536968,0.9303630462886601,-0.3929566740989685,0.007730481994245475,True,0.0,False,False,0.00035332041357986974,impact,False,
S,sac,4,SS3,102,2010693803,success,dwell_complete,0.2584573837909197,1.5958333333333332,False,1.5958333333333332,True,48,0,0,0,0,15,15,0,0,0,0,-0.8810269242897754,0,120,121,-0.3191071927547455,-0.31396853700682037,-0.3797821619072711,-0.0889383754614641,False,0.290913192650982,-0.18892919126158841,0.9418988145337273,False,0.75,0.5547682121644976,0.08894159330257678,1.4172618051919288,0.012500000000000178,True,True,0.42572467804142095,0.08435530283962528,0.15424428850556005,0.8853711743115305,-0.7169138419427994,0.01683883398503077,True,0.0,False,False,0.000739018245441087,impact,False,
S,sac,4,SS3,115,268198437,success,dwell_complete,0.3254443471317986,1.2708333333333333,False,1.2708333333333333,True,39,2,0,0,0,15,15,0,0,0,2,-0.8907935427427623,0,120,127,-0.5738853454589844,-0.4916473907629732,-0.5279488698964926,-0.13892717774875757,False,0.38869982972994965,-0.11153099621695586,1.259820727157842,False,0.0,1.259820727157842,0.632582986858428,2.4701072795966885,0.012499999999999956,True,False,1.259820727157842,0.6254460199306295,-0.051778535814931206,1.3539328946936813,-0.3882436752319336,-0.053232850490278434,False,0.03333333333333333,False,False,-0.0007337555792079425,impact,True,success_unloaded
S,sac,4,SS3,129,107904836,success,dwell_complete,0.32524436162828885,1.2916666666666667,False,1.2916666666666667,True,40,4,0,0,0,14,14,0,0,0,3,-1.0065737876312977,0,120,122,-0.30643005967140197,-0.30859026212085006,-0.3598297262751181,-0.01293019199261501,False,0.3462056166649496,-0.8624773412444565,1.1007690249500277,False,0.625,0.6788663081321484,-0.025492806645728325,2.9994222272230946,0.02499999999999991,True,True,0.42572467804142095,-0.022705456959272282,0.15137823115692686,1.527414811012991,-0.8916237652301788,-0.027149946386478878,False,0.0125,False,False,7.141107387304711e-05,impact,True,success_unloaded
S,sac,4,SS3,130,1674865942,success,dwell_complete,0.3515291050091776,1.2375,False,1.2375,True,38,10,0,0,0,15,15,0,0,0,9,-0.9096146553793745,0,120,127,-0.47359459400177,-0.4386139522434142,-0.38687158396575105,-0.016699228960064667,False,0.3704834947798546,-0.9190945512462111,1.1107198268869911,False,0.0,1.1107198268869911,0.08382787518984211,2.5279215100390093,0.02083333333333326,True,False,1.1107198268869911,0.08571857457306553,-0.026919403627155832,1.2103540541906244,-0.33890461921691895,-0.027066310984428778,False,0.03333333333333333,False,False,-0.0006277296059008662,impact,True,success_unloaded
S,sac,4,SS3,132,1332772073,success,dwell_complete,0.3596233001754337,1.3666666666666667,False,1.3666666666666667,True,41,1,0,0,0,15,15,0,0,0,1,-0.9596479977428329,0,120,120,-0.3890439450740814,-0.39931899046244906,-0.3912479542070135,0.004672703908768814,False,0.39610455817045015,-0.3644337546073588,0.9868390990725252,False,0.875,0.495863980670309,-0.03627895872682429,2.003955453458348,0.008333333333333304,True,True,0.42572467804142095,-0.03620815982758334,0.1509862428769119,0.8803097661882985,-0.8457387912123997,0.0025167828473367294,True,0.0,False,False,0.0013312945843079065,impact,False,
S,sac,4,SS3,134,770293282,success,dwell_complete,0.3124254634557287,1.3,False,1.3,True,39,3,0,0,0,15,15,0,0,0,2,-0.9741010233702093,0,120,120,-0.3754412293434143,-0.37463941465037937,-0.3648625356293939,-0.015159155285882547,False,0.34938011032087374,-0.9135220848560548,1.2366542465102637,False,0.875,0.5270908741000263,-0.017497392011565242,2.0278811403660932,0.02083333333333326,True,True,0.42572467804142095,-0.015665452967683742,0.1515493738809225,1.0682670356738293,-0.9867957396830954,-0.06271896800299728,False,0.004166666666666667,False,False,4.399754860440017e-05,impact,True,success_unloaded
S,sac,4,SS3,136,52561716,success,dwell_complete,0.27569368822447504,1.3875,False,1.3875,True,42,9,0,0,0,15,15,0,0,0,4,-0.906250713706977,0,120,123,-0.42126295566558836,-0.39654656526678167,-0.3726321447765654,-0.08303769874180875,False,0.2896745463583155,-0.27995822243863655,0.7269773006988799,False,0.5,0.5763509893701504,0.14226917813811274,2.9765225694245196,0.025000000000000133,True,True,0.42572467804142095,0.17200031237006316,0.15663516756965112,1.5416035838792403,-0.8174404230850076,0.07561881305852745,True,0.0,False,False,0.0003342300579521141,impact,False,
S,sac,4,SS3,142,538582925,success,dwell_complete,0.3884498301956661,1.3458333333333332,False,1.3458333333333332,True,41,0,0,0,0,15,15,0,0,0,0,-0.96923092034539,0,120,125,-0.38176297545433047,-0.37677451428647496,-0.37811951956532475,-0.0009145204481746958,False,0.3770933478094737,-1.6581943954448084,0.687623927143694,False,0.25,0.6221491148681257,0.014093965818699573,3.0930898646952105,0.02083333333333348,True,False,0.687623927143694,0.01392766398240416,0.08309076719339713,1.4746998933583684,-0.5238816440105438,0.0830430878204745,True,0.0,False,False,1.801499200735049e-05,impact,False,
S,sac,4,SS3,144,1170825572,success,dwell_complete,0.28568882415247254,1.5416666666666667,False,1.5416666666666667,True,47,6,0,0,0,15,15,0,0,0,6,-0.9422332070391155,0,120,126,-0.32850417494773865,-0.3342833663040724,-0.3773351300203695,-0.0642597732299081,False,0.31325084282053656,-0.27212664497361655,1.0285261993188992,False,0.125,0.9531760091592144,0.0183503208037081,2.388687223173516,0.016666666666666607,True,False,1.0285261993188992,0.023804243331032482,-0.0068423452971477835,1.2407342284777716,-0.36501234769821167,-0.007879462023136625,False,0.029166666666666667,False,False,0.00014070517850673508,impact,True,success_unloaded
S,sac,4,SS3,156,1593741725,success,dwell_complete,0.463174346463464,1.6708333333333334,False,1.6708333333333334,True,51,0,0,0,0,15,15,0,0,0,0,-0.7510990035404603,0,120,127,-0.4526025831699371,-0.48769074684978525,-0.44310438823060067,0.039510479697198814,False,0.48179862123887285,-1.3919061933402626,1.1032267295236333,False,0.0,1.1032267295236333,-0.028124046983151237,2.313808498529321,0.012499999999999956,True,False,1.1032267295236333,-0.027573231877024568,-0.027989821265936684,1.410379508866847,-0.39041867852211,-0.02800722732113859,False,0.03333333333333333,False,False,-0.00010193394135200232,impact,True,success_unloaded
S,sac,4,SS3,187,1530772550,success,dwell_complete,0.2507392613361095,1.225,False,1.225,True,37,4,0,0,0,15,14,0,0,0,2,-1.013645029575662,0,120,122,-0.3357556164264679,-0.3088614348212319,-0.29774061755602066,-0.011751392127858508,False,0.28675168539257917,-0.337688539022611,1.1520608670991592,False,0.625,0.6981007489380727,0.10637749899072765,1.193631129767302,0.02083333333333326,True,True,0.42572467804142095,0.10773228854967673,0.15486252737744918,0.6637383488052232,-0.8281803131103516,-0.03738828422742845,False,0.0125,False,False,4.235797308117346e-05,impact,True,success_unloaded
S,sac,4,SS3,191,1615938081,success,dwell_complete,0.3141027999775668,1.3416666666666666,False,1.3416666666666666,True,41,0,0,0,0,15,15,0,0,0,0,-0.996362097958543,0,120,126,-0.3540074586868286,-0.3517175057790306,-0.35127789036305934,-0.002558072271815498,False,0.3481919063575671,-0.627438717985727,1.0289522885171947,False,0.125,0.953548837207723,-0.009839974398816405,2.089316228815046,0.01666666666666683,True,False,1.0289522885171947,-0.00997139401664224,-0.007902139136928278,0.9149282559185575,-0.33914583921432495,-0.007923939625985877,False,0.029166666666666667,False,False,5.081354724502103e-05,impact,True,success_unloaded
S,sac,4,SS3,198,108547188,success,dwell_complete,0.254099180371012,0.9874999999999999,False,0.9874999999999999,True,30,17,0,0,3,15,15,6,0,0,10,-0.7616616050003769,0,120,123,-0.8576125385942303,-0.7581350130085937,-0.328572929579881,-0.04670668163115043,False,0.28082270030241174,-0.20342801964195864,0.8710431447583861,False,0.5,0.6483839113999035,0.7617009673657258,2.4827371419255204,0.01666666666666672,True,True,0.42572467804142095,0.7648805602213101,0.17260527377439708,1.2707321854246851,-0.5779912982402284,0.054304277831938336,True,0.0,False,False,-0.0012001563638914562,impact,False,
S,sac,4,SS3,199,1565262016,success,dwell_complete,0.2793413488155769,1.4333333333333333,False,1.4333333333333333,True,43,5,0,0,0,15,15,1,0,0,5,-0.9318454812350329,0,112,120,-0.386474472284317,-0.38055149256401094,-0.3466563946797535,-0.031786569531736794,False,0.31519544504445224,-0.2095850380914839,1.1725948808008984,False,0.0,0.5963840321628887,-0.06486100638984887,2.084852889519804,0.012499999999999956,True,False,0.514068196643173,-0.06543074582279355,0.12679259545656632,1.1854992119554495,-0.5807035514391049,-0.04755241042903527,False,0.004166666666666667,False,False,-2.843759860699896e-05,impact,True,success_unloaded
S,sac,4,SS4,15,217668846,success,dwell_complete,0.23037457096223984,1.7208333333333332,False,1.7208333333333332,True,52,0,0,0,0,15,15,0,0,0,0,-0.5462191630905119,0,80,123,-0.361658388376236,-0.3183624798256599,-0.4135632880726773,-0.1624898358026956,False,0.2523617705889282,-0.16824227738817413,0.8727377214709398,False,0.0,0.6739333137904107,-0.09190162282265094,1.722054950446837,0.02083333333333348,True,False,0.4751289061098815,-0.0750681838261548,0.1368359217042072,0.9345340235536271,-0.6962224457457166,0.030246643323536767,True,0.0,False,False,0.0011614546637997883,impact,False,
S,sac,4,SS4,16,696548069,success,dwell_complete,0.33554548980967874,1.6166666666666667,False,1.6166666666666667,True,50,5,0,0,0,14,14,6,0,0,5,-0.6279771939466459,0,120,124,-0.2756147265434265,-0.3568235899360774,-0.2904937540737825,0.04530714521197093,False,0.33616516178125766,-1.1876822837304006,0.8794406805421359,False,0.375,0.7092971796043678,-0.2122520670604348,2.9137810646112166,0.02499999999999991,True,True,0.42572467804142095,-0.20989611967688,0.1462874284803207,1.6064194777115721,-0.8769717514514923,0.026148740503316163,True,0.0,False,False,-0.001011492995005376,impact,False,
S,sac,4,SS4,23,2087876775,success,dwell_complete,0.31906328042213755,1.1791666666666667,False,1.1791666666666667,True,37,4,0,0,0,14,13,0,0,0,3,-0.9666016500892758,0,112,125,-0.3513391315937042,-0.3164938989683598,-0.38270537471506755,-0.06125191478420542,False,0.3221938655421771,-1.0651883592722975,0.9490556061511245,False,0.0,0.8684844583260097,-0.04010625783515054,2.1892630959537076,0.029166666666666563,True,False,0.6267710148506651,-0.033423109508044876,0.09751878840134286,1.386018705854117,-0.535854587333831,0.012073030880543465,True,0.0,False,False,0.0003052918337333147,impact,False,
S,sac,4,SS4,25,1955270286,success,dwell_complete,0.32632378850085647,1.775,False,1.775,True,54,1,0,0,0,15,15,0,0,0,1,-0.7662204773084571,0,120,126,-0.4607798159122467,-0.3347133183552952,-0.5060097065182662,-0.16807604340411375,False,0.33421227299849604,-1.0515318256930275,0.9055925314594795,False,0.125,0.8456090497822223,0.28041015501292643,2.819522389129811,0.02083333333333348,True,False,0.9055925314594795,0.2962160791706719,0.032820865851988436,1.5015612995297676,-0.5543423295021057,0.03175904970293928,True,0.0,False,False,0.0010962332332083331,impact,False,
S,sac,4,SS4,35,1846185832,success,dwell_complete,0.4101858744961496,1.55,False,1.55,True,47,5,0,0,0,15,15,0,0,0,5,-0.7980409373224548,0,120,124,-0.4693833112716675,-0.40026811435368354,-0.5365332897841704,-0.07753438844075664,False,0.45796852351485956,-0.7942570113658786,1.2079192408472295,False,0.375,0.9145962797950513,0.14940510455637573,2.3860346637513623,0.012499999999999956,True,False,1.2079192408472295,0.14755300444549885,-0.05102241270367358,1.4624057998381452,-0.44916772842407227,-0.05138818070621903,False,0.020833333333333332,False,False,0.0005591904611798017,impact,True,success_unloaded
T,sac,4,SS4,45,1132039069,success,dwell_complete,0.38061026981904406,0.8875,False,0.8875,True,27,9,0,0,0,15,12,1,0,0,9,-0.8373962919872587,0,120,123,-0.8739381014079075,-0.7614911782453404,-0.47277327962344357,-0.08323783309586708,False,0.3977835105430662,-0.5964673799129293,0.8454390622654581,False,0.5,0.6355818701534395,0.650445823753812,6.845295178671885,0.050000000000000044,False,True,0.42572467804142095,0.7100893828894382,0.1711375218956764,1.8945235437742032,-0.9532469119087293,0.05833214410960547,True,0.0,False,False,0.0005383235694875385,post_contact_idle,False,
S,sac,4,SS4,57,1109774061,success,dwell_complete,0.338972309117329,1.6791666666666667,False,1.6791666666666667,True,51,0,0,0,0,15,15,2,0,0,0,-0.5317721711827849,0,96,125,-0.24368200302124024,-0.28852116814654677,-0.3958140974814495,-0.053354674035141395,False,0.34383326040688716,-0.87060581437037,0.9375628711318726,False,0.25,0.8096033228592597,-0.35812195657172774,0.8033332166801199,0.02083333333333326,True,False,0.9375628711318726,-0.35412792838824336,0.006889735161711702,0.5065663944346599,-0.42284560203552246,0.00670880630158881,True,0.0,False,False,0.0008627918278461943,impact,False,
S,sac,4,SS4,59,1875727330,success,dwell_complete,0.3376746116246686,1.0541666666666667,False,1.0541666666666667,True,33,8,0,0,0,14,13,0,0,0,8,-0.9738679805481458,0,120,123,-0.5299477398395538,-0.4352385346000339,-0.4323582846983709,-0.08286361896918577,False,0.35105460235496655,-1.2313616861925443,1.0811518945040375,False,0.5,0.7534382862727291,0.2797025681491465,2.65702316675202,0.02499999999999991,True,True,0.42572467804142095,0.2902042662576711,0.15979223641806214,1.254460680555179,-0.9372436702251434,-0.013911563647116487,False,0.016666666666666666,False,False,0.0005087273664364341,impact,True,success_unloaded
S,sac,4,SS4,69,1916697051,success,dwell_complete,0.33455274919970274,1.4208333333333334,False,1.4208333333333334,True,43,5,0,0,0,15,15,0,0,0,5,-0.8394187102193852,0,120,123,-0.31234472393989565,-0.3170182342174382,-0.3646962316432557,0.013842010199842476,False,0.37994905117297934,-0.23806981341521571,1.13027076315823,False,0.5,0.7779977205998255,0.05070522632092096,2.273860019427156,0.016666666666666607,True,True,0.42572467804142095,0.050837970712672896,0.1533274476031367,1.0653541978410492,-0.8995484961427175,-0.03311571929921824,False,0.016666666666666666,False,False,-0.00012660288803689423,impact,True,success_unloaded
T,sac,4,SS4,76,286033891,success,dwell_complete,0.4073042179465179,1.1625,False,1.1625,True,35,4,0,0,0,15,15,0,1,0,4,-0.6988195463811879,0,120,121,-0.3444325029850006,-0.36130868194346843,-0.48066510558957537,-0.027019180692519323,False,0.4482764541139607,-1.1609685059900736,1.3410971169976829,False,0.75,0.6545677877804864,-0.16408090307907922,5.388973647767775,0.03749999999999987,False,True,0.42572467804142095,-0.1584351969358172,0.14763723847486085,2.2327024298373748,-0.7618361377283784,-0.0943838281049194,False,0.008333333333333333,False,False,0.00013361152793002113,post_contact_idle,True,success_unloaded
S,sac,4,SS4,81,1069232166,success,dwell_complete,0.19988145964886275,1.275,False,1.275,True,40,10,0,0,0,14,14,1,0,0,10,-0.8122471921752561,0,120,126,-0.25656033754348756,-0.307490358232634,-0.24917289088682482,-0.026835540210994425,False,0.22005392187051054,-0.3670768729822872,1.0154365065047541,False,0.125,0.9417225279468374,-0.6220912870982412,2.018072921550392,0.054166666666666696,False,True,0.42572467804142095,-0.5820396925798665,0.13621822621928534,1.0939705218548097,-0.8282280564308167,-0.01999516995578185,False,0.029166666666666667,False,False,0.0010103422941419413,post_contact_idle,True,success_unloaded
S,sac,4,SS4,85,2081940702,success,dwell_complete,0.27383867210615137,1.2958333333333334,False,1.2958333333333334,True,39,4,0,0,0,15,14,0,0,0,3,-0.9644293089565926,0,120,121,-0.3948194980621338,-0.35262146773881586,-0.3221261104750048,-0.03978176139183562,False,0.28300041969405343,-0.7647080089946475,0.9932287697893355,False,0.75,0.5676007009783997,0.20446256352213313,2.833115073864491,0.02083333333333326,True,True,0.42572467804142095,0.2088654054400666,0.15763021141423394,1.6098529400577928,-0.7735801041126251,0.007306454111250268,True,0.0,False,False,0.00012310204627904016,impact,False,
S,sac,4,SS4,89,1460784246,hard_landing,dwell_complete,0.5647272841039028,1.4208333333333334,False,1.4166666666666667,True,43,0,0,0,0,15,14,1,0,0,0,-0.6181656108203132,0,120,123,-0.44384987354278566,-0.43975462044321534,-0.656429759426786,0.0228738292680864,False,0.6767044994737264,0.7380366588681073,1.4256927504899775,False,0.5,0.9257087142656991,0.09471110679302802,4.7689721339415,0.016666666666666607,True,True,0.42572467804142095,0.0944117575157627,0.15446811767380203,2.267757033114305,-0.898660005679685,-0.11015686382911653,False,0.016666666666666666,False,True,-2.4631680384288316e-05,impact,False,
S,sac,4,SS4,94,1246638828,success,dwell_complete,0.2865635353967162,1.7041666666666666,False,1.7041666666666666,True,53,8,0,0,0,14,14,0,0,0,7,-0.8158195006816795,0,88,127,-0.25591092705726626,-0.18801664302490925,-0.5439633165452207,-0.2126315603383791,False,0.33112783814338886,-0.1351404903066969,1.3622221107345105,False,0.0,1.3622221107345105,0.5486675531005943,2.0728675800556213,0.012499999999999956,True,False,1.3622221107345105,0.5360701974337677,-0.08131958236016484,0.9931812720444569,-0.3552621603012085,-0.08366071771715813,False,0.03333333333333333,False,False,0.00023978700472355685,impact,True,success_unloaded
S,sac,4,SS4,111,1101765951,success,dwell_complete,0.2146401015077051,1.5541666666666667,False,1.5541666666666667,True,47,6,0,0,0,15,15,0,0,0,4,-0.8761835816065225,0,120,123,-0.38164178729057313,-0.292841651217036,-0.35632851413837624,-0.12026090544965365,False,0.23670173027825744,-0.1697253622723242,0.9396192499223084,False,0.5,0.6826719639818647,0.25563527248213713,2.0857199478228936,0.02499999999999991,True,True,0.42572467804142095,0.2753893360185023,0.15931641277627429,1.1048876823997358,-0.7307673067835411,0.022407470700441967,True,0.0,False,False,0.0006141427251387327,impact,False,
S,sac,4,SS4,123,1422627062,success,dwell_complete,0.26081428360487224,1.0833333333333333,False,1.0833333333333333,True,33,10,0,0,0,15,15,0,0,0,10,-0.9495690959740973,0,112,124,-0.6556961476802826,-0.42062811190631105,-0.5128616064081486,-0.22908347397520912,False,0.28473218660295374,-0.13957177380606547,0.9351600400974454,False,0.0,0.8633624404585349,0.7516575942930503,2.2205195349051463,0.025000000000000133,True,False,0.7436997743936843,0.7776090148019495,0.08883803568839743,1.2135363928241556,-0.6154072534322229,0.03688560024002996,True,0.0,False,False,0.0008554972798797294,impact,False,
T,sac,4,SS4,132,2013918323,success,dwell_complete,0.37806189502353515,1.0,False,1.0,True,30,3,0,0,0,15,15,0,0,0,0,-0.7749876620049274,0,112,120,-1.015443322967821,-0.9367427025564227,-0.49485295524802875,-0.08295312049714075,False,0.41168147676985667,-0.21490682316523377,0.8982198134192052,False,0.0,0.4918063007146293,0.3674678372509574,6.206955373852041,0.03750000000000009,False,True,0.42572467804142095,0.4256283612956653,0.16355388238880264,3.1926194695737355,-0.8866739778842101,0.03835096932068937,True,0.0,False,False,0.0008412215573691302,post_contact_idle,False,
T,sac,4,SS4,134,359423637,hard_landing,dwell_complete,0.6902583895172807,1.3666666666666667,False,1.3625,True,41,4,0,0,0,15,15,2,0,0,3,-0.45311942358680135,0,112,120,-0.5929280459880829,-0.5594130635836508,-0.7766186436155504,0.0362066555430254,False,0.8124675706258437,1.0017604293170004,1.2967583704832837,False,0.0,0.5607679727021221,0.23000311711002158,5.677304279951813,0.012499999999999956,True,False,0.4556264873048133,0.2311195964845174,0.150215085229726,2.808968217112741,-0.965703965707188,-0.07226777820817774,False,0.004166666666666667,False,True,-0.000251989905229671,impact,False,
S,sac,4,SS4,135,1161446768,success,dwell_complete,0.2844015402302156,1.8041666666666667,False,1.8,True,55,1,0,0,0,15,15,0,0,0,1,-0.5087147219738444,0,96,127,-0.32088451385498046,-0.3171280185973882,-0.47725364700804274,-0.14360337833237816,False,0.33528602873365754,0.1202773345012256,1.0550830243943659,False,0.0,1.0550830243943659,-0.23836228098058,2.6257004406025946,0.008333333333333304,True,False,1.0550830243943659,-0.2580312315901051,-0.021543480409338157,1.3513222647826284,-0.4529915750026703,-0.02231167508957567,False,0.03333333333333333,False,False,0.0010864030682989777,impact,True,success_unloaded
S,sac,4,SS4,140,451247318,success,dwell_complete,0.41207539671519394,1.6125,False,1.6125,True,49,1,0,0,0,15,15,14,0,0,1,-0.9193611651224124,0,125,125,-0.4273709118366241,-0.45787012013008854,-0.3558579886774883,0.0868715067271614,False,0.4490017408101443,-0.3481415531400121,0.42572467804142095,True,1.0,0.42572467804142095,0.08755607988125734,4.176908255649283,0.02499999999999991,True,True,0.42572467804142095,0.07628650619831015,0.15388212249994954,2.365321007509777,-0.6707746502687323,0.14383823920464478,True,0.0,False,False,-0.0006204757285407216,impact,False,
S,sac,4,SS4,145,1286322466,success,dwell_complete,0.26820579993198995,1.6083333333333334,False,1.6083333333333334,True,49,4,0,0,0,15,15,0,0,0,4,-0.8195036099596485,0,120,126,-0.418642646074295,-0.3425053072433816,-0.4189420607238883,-0.1239239867808967,False,0.29377399689195366,-0.3311751407917663,0.8621874963758774,False,0.125,0.8076296440840703,0.06813227039569422,2.3748129961485596,0.016666666666666607,True,False,0.8621874963758774,0.07231506645459007,0.03828654191329044,1.1537764623743803,-0.4893221855163574,0.03749451432564241,True,0.0,False,False,0.0011642061500631887,impact,False,
S,sac,4,SS4,147,1697022180,hard_landing,dwell_complete,0.5446537586410836,1.8916666666666666,False,1.8916666666666666,True,57,1,0,0,0,15,15,0,0,0,1,-0.5873934038314419,0,96,122,-0.411879426240921,-0.35811882575940307,-0.6578748742270233,-0.07522628580207072,False,0.5856401662682058,-0.7638664339893815,0.5751311837486337,False,0.625,0.48175211768162574,-0.00208942992212924,1.881192415761413,0.008333333333333304,True,False,0.5751311837486337,-0.005039276095775504,0.11080441347883761,0.8259706814067804,-0.7842282056808472,0.11064148176164572,True,0.0,False,True,0.00035126808284255656,impact,False,
S,sac,4,SS4,157,990009387,success,dwell_complete,0.3333235742730223,1.6208333333333333,False,1.6208333333333333,True,50,0,0,0,0,14,14,0,0,0,0,-0.7903886211622089,0,120,123,-0.3928514838218689,-0.3483738616695751,-0.4478150250263277,-0.05683991073021293,False,0.3891632742752512,-0.0444121253964901,1.2168074965384696,False,0.5,0.8212660872899452,0.060872773474631575,2.0815812287325413,0.008333333333333304,True,False,1.2168074965384696,0.05699576542763594,-0.055880643343928796,1.274500226655325,-0.3766656517982483,-0.05610036666280385,False,0.016666666666666666,False,False,0.000500553963701811,impact,True,success_unloaded
ST,sac,4,SS4,161,846331680,hard_landing,dwell_complete,0.5696547721825793,1.825,False,1.8208333333333333,True,55,1,0,0,0,15,14,1,0,0,1,-0.7736235630876678,0,120,122,-0.34896910190582275,-0.4291453349568451,-0.5995974577487182,0.08150586629051082,False,0.6743017357618512,0.8746044112909113,0.9794632561770246,False,0.625,0.6333766448422723,-0.10244589354047895,5.846797217485463,0.012499999999999956,True,True,0.42572467804142095,-0.10130480414545154,0.14897807954512118,2.839428230928128,-0.5729950834535816,0.002529577563124148,True,0.0,False,True,-0.0005550061228008215,impact,False,
S,sac,4,SS4,162,1307500521,success,dwell_complete,0.24070426173838122,1.4041666666666666,False,1.4041666666666666,True,43,12,0,0,0,15,15,0,0,0,7,-0.9439433669615903,0,120,127,-0.36671529412269593,-0.37325450205820665,-0.2634687786545257,-0.009342273015298504,False,0.25537716175671976,-0.382787422256506,0.8694964731379753,False,0.0,0.8694964731379753,-0.04059424046077694,2.049766387767887,0.02083333333333348,True,False,0.8694964731379753,-0.03898986958618661,0.03349208484195007,1.0498717019890615,-0.3357974588871002,0.033383019370812485,True,0.0,False,False,0.00013399140384206515,impact,False,
S,sac,4,SS4,176,927760525,success,dwell_complete,0.20423726238307402,1.55,False,1.55,True,48,2,0,0,0,14,14,0,0,0,0,-0.8607865168982483,0,112,124,-0.32319165468215943,-0.28987493464499764,-0.31484252577809846,-0.09400232632052392,False,0.22152709806105178,-0.15222380611503225,0.8826238726559108,False,0.0,0.9251488475181057,0.11195414148326241,1.696830173592359,0.03749999999999987,False,False,0.9960238056217635,0.1430083976795705,0.004923224854512319,0.8367361687524119,-0.32911384105682373,0.004433803707082249,True,0.0,False,False,0.00047079020471592543,other,False,
T,sac,4,SS4,179,348229109,success,dwell_complete,0.3110199436073469,0.9375,False,0.9375,True,29,3,0,0,0,15,15,6,0,0,3,-1.0131259601622447,0,120,127,-0.6328491687774658,-0.49492570066641056,-0.4378140967498034,-0.11770833116951024,False,0.3264310949910152,-0.6381590487714645,1.1235024101824997,False,0.0,1.1235024101824997,0.7817454503943803,5.2141835493568625,0.10833333333333339,False,True,0.42572467804142095,0.9582794819908529,0.1777710580156041,1.2797032424468775,-0.83966863425749,-0.012350716137929114,False,0.03333333333333333,False,False,-0.000859647669149087,post_contact_idle,True,success_unloaded
S,sac,4,SS4,188,638130436,success,dwell_complete,0.30495070282099934,1.3166666666666667,False,1.3166666666666667,True,40,5,0,0,0,15,15,0,0,1,4,-1.0964389764391613,0,120,124,-0.3489632189273834,-0.3309753834127768,-0.30683907136443633,0.004349588765502101,False,0.3061971943682598,-1.3130947892112583,1.0047432529721974,False,0.375,0.7876112873731562,0.07028291594083472,3.7584010587918995,0.09166666666666656,False,True,0.42572467804142095,0.043298669835156164,0.15309606335054693,1.0650449250854257,-0.9178203385193899,0.0006046561618225918,True,0.0,False,False,-9.522835960186665e-05,post_contact_idle,False,
S,sac,4,SS4,189,479807060,hard_landing,dwell_complete,0.5432109197598607,1.2166666666666666,False,1.2125,True,37,11,0,0,0,15,10,5,0,0,10,-0.49273446393594217,0,112,124,-0.5566482949797906,-0.4739421766440434,-0.725389878598999,-0.06807050169814631,False,0.6546462337150623,0.3899173798620241,1.5636997244809023,False,0.375,1.1369590820660969,0.15072304552318838,2.67646368248819,0.01666666666666683,True,False,1.5636997244809023,0.151653473817941,-0.14503827751108192,1.7130309272737927,-0.4926854968070984,-0.1452731464955187,False,0.020833333333333332,False,True,0.000404384202179968,impact,False,
S,sac,4,SS4,194,2027452974,success,dwell_complete,0.4173049147822008,1.3166666666666667,False,1.3166666666666667,True,40,10,0,0,0,15,15,0,0,0,9,-0.9709783022282747,0,120,124,-0.38842772245407103,-0.36510626626752424,-0.4266261321693657,-0.0014484901030023256,False,0.4249297711470105,-1.5268183818351533,1.0941131202870114,False,0.375,0.843467454444915,0.23870982764405768,3.0681348855136203,0.016666666666666607,True,False,1.0941131202870114,0.2402038355867099,-0.018332878421933735,1.4678083005777514,-0.38222551345825195,-0.01855834677248571,False,0.020833333333333332,False,False,-0.0007243423536389152,impact,True,success_unloaded
T,sac,4,SS5,4,1337608328,hard_landing,dwell_complete,0.6480458891343615,2.9166666666666665,False,2.9125,True,88,13,0,0,0,15,15,8,6,0,6,-0.6083584661226926,0,120,124,-0.4129123017439138,-0.5242813486784523,-0.6717023579492761,0.051466283810482065,False,0.7482999147924599,1.6035762530590834,0.579450087226828,False,0.375,0.5218030587823004,-0.36456436910747925,8.809126229678995,0.012500000000000178,True,False,0.579450087226828,-0.3645474382466716,0.10029014551909234,4.169352844032458,-0.8209542412294315,0.09991148260106941,True,0.0,False,True,-0.00010000140983615157,impact,False,
S,sac,4,SS5,8,1065105648,success,dwell_complete,0.37217597910785,1.9333333333333333,False,1.9291666666666667,True,58,3,0,0,0,16,15,0,0,0,2,-0.7375997286391331,0,120,128,-0.5477853238582611,-0.4234655390067241,-0.6149881351452429,-0.17670064714012904,False,0.43713752580960263,0.37914210379343427,1.0346403165963354,False,0.0,0.6407222446717366,0.15197118664568876,3.778297588479491,0.02083333333333326,True,False,0.5844482343967938,0.16554081020441738,0.11365455747143365,1.7890120780921168,-0.7809049487113953,-0.0057814022475963685,False,0.004166666666666667,False,False,0.001437759949604344,impact,True,success_unloaded
S,sac,4,SS5,17,419316027,success,dwell_complete,0.33081095040775393,1.2583333333333333,False,1.2583333333333333,True,38,4,0,0,0,15,14,0,0,0,4,-0.9015717421732685,0,120,122,-0.3129234194755554,-0.31238345745908636,-0.28423067643794153,0.06478342061612276,False,0.34900018442087066,-0.8581050461353414,0.9911614578127701,False,0.625,0.6377634704556768,0.0067478612717317655,2.483185036935041,0.016666666666666607,True,True,0.42572467804142095,0.0023182202829911524,0.15203935040793393,1.1896046215444531,-0.594889609765927,0.00289772847667985,True,0.0,False,False,-0.0005040605210462983,impact,False,
S,sac,4,SS5,18,1615341671,success,dwell_complete,0.4219363916132164,0.9416666666666667,False,0.9416666666666667,True,29,6,0,0,0,15,15,0,0,0,5,-0.9619969900114974,0,120,126,-0.8435197520991518,-0.7157477920748557,-0.594044049883218,-0.15888226006655773,False,0.4366145159212365,-1.2996561890231153,1.0453422368626948,False,0.125,0.9678900420100355,0.9763131368759332,3.129938837126438,0.025000000000000022,True,False,1.0453422368626948,1.0283656268787402,0.015722257484520694,1.580673316928954,-0.5654239654541016,0.013602246232814837,True,0.0,False,False,-0.0009660537204001356,impact,False,
T,sac,4,SS5,19,210838646,success,dwell_complete,0.44562347899896193,2.1458333333333335,False,2.1625,True,65,9,0,0,0,15,15,9,5,0,0,-0.4817872567858677,0,16,125,-0.2302153556228113,-0.3257214753600333,-0.5786080344815477,-0.05222802619346556,False,0.5223417392141874,-0.11046822944046396,0.4663871676199932,False,0.0,0.4833006638440882,-0.6515169736944718,5.092203059506592,0.033333333333333215,False,False,0.5340411525163727,-0.6400438920547565,0.10506103815841215,2.6582005054257296,-0.8469143844325779,-0.06627913361265281,False,0.03333333333333333,False,True,0.05070170684772239,other,True,success_unloaded
S,sac,4,SS5,20,702950301,success,dwell_complete,0.2276841395366664,0.875,False,0.875,True,27,8,0,0,0,15,14,0,0,0,8,-0.9084227943396043,0,120,126,-0.47307621836662295,-0.31267045397492993,-0.39410626057508036,-0.15052290723059075,False,0.25013420143109105,-0.30987828074075635,1.0526374416731556,False,0.125,0.9742733462191888,0.4421964843572199,1.511886845029897,0.029166666666666674,True,True,0.42572467804142095,0.4653234240853053,0.1636613969655692,0.7470419698401728,-0.6829205453395844,-0.00282586827062158,False,0.029166666666666667,False,False,0.0008818336452915091,impact,True,success_unloaded
S,sac,4,SS5,30,1268272897,success,dwell_complete,0.4246672089079964,1.6541666666666666,False,1.65,True,50,11,0,0,0,15,15,0,0,0,11,-0.5698262658538111,0,120,123,-0.5276930928230286,-0.48788334191459676,-0.41243329339358814,0.05300106113207814,False,0.4694211485022217,0.15048445914041378,0.7160404858082156,False,0.5,0.5708825819248182,0.36202829306740053,4.6901354248498786,0.01666666666666683,True,True,0.42572467804142095,0.3611609133298682,0.16166959614034834,2.3908756795640835,-0.9932335147092515,0.08492916855436707,True,0.0,False,False,-0.00018179772020791642,impact,False,
S,sac,4,SS5,33,714116886,hard_landing,dwell_complete,0.6944586711097906,1.7333333333333334,False,1.7333333333333334,True,52,2,0,0,0,15,7,1,0,0,2,-0.716494316806502,0,96,120,-0.3244607448577881,-0.36679545837235794,-0.7111783666431786,0.08467767755647598,False,0.7962127943721982,-0.13772132379116897,0.5988472697451893,False,0.0,0.7296121049810745,0.07235575496207719,4.463871918640027,0.008333333333333304,True,False,0.7482927957290582,0.07603676030066323,0.06792304707152508,1.9704621094206014,-0.7770618905431321,0.06747720897663345,True,0.0,False,True,-0.00037973801748890807,impact,False,
T,sac,4,SS5,37,282286852,hard_landing,dwell_complete,0.6187541092385426,1.4541666666666666,False,1.45,True,45,3,0,0,0,14,11,6,0,0,0,-0.6209629441785691,0,120,123,-0.4668918550014496,-0.45618574444773974,-0.5489594578251711,0.18661529621754305,False,0.7371106045944356,0.841711617732882,1.5035930332055452,False,0.5,0.9646588556234832,0.7764138951754295,6.089489611688679,0.008333333333333304,True,False,1.5035930332055452,0.8104459057224377,-0.11095133763809,2.6756089558401692,-0.3651871383190155,-0.11159496924725576,False,0.016666666666666666,False,True,-0.003190710402403006,impact,False,
T,sac,4,SS5,41,322764549,hard_landing,dwell_complete,1.0349633846773696,3.1416666666666666,False,3.1416666666666666,True,95,17,0,0,4,15,15,4,9,0,1,-0.5254453457322477,0,88,126,-0.5806778400697635,-0.7016565564373418,-1.0454905533219145,0.15766444615364364,False,1.157882300728305,-1.2248813272001164,1.1101485936663797,False,0.125,1.0245956042132598,-0.1496820416054208,12.094605069005828,0.04583333333333339,False,True,0.42572467804142095,-0.20003081725132982,0.14478218059431935,4.785510366491373,-0.8358393029916608,-0.03509843820256751,False,0.029166666666666667,False,True,0.06102877057538832,post_contact_idle,False,
S,sac,4,SS5,64,277549337,success,dwell_complete,0.41053376173902756,1.5458333333333334,False,1.5458333333333334,True,47,3,0,0,1,15,15,4,0,0,3,-0.9231547532442884,0,120,125,-0.7286290407180787,-0.45676959682295837,-0.5600841666103433,-0.14629829447729187,False,0.41208727779315046,-1.4630191673020148,0.8084064016107495,False,0.25,0.7127359707184174,1.3323110777620812,3.5688110317013657,0.02083333333333326,True,False,0.8084064016107495,1.3401621523809826,0.0869653951535301,1.9452748237829887,-0.6504900455474854,0.0865187506560332,True,0.0,False,False,0.0005324568520821147,impact,False,
T,sac,4,SS5,72,543613583,success,dwell_complete,0.350328921489379,0.7791666666666667,False,0.7791666666666667,True,25,13,0,0,2,14,12,0,0,0,12,-0.902863202024986,0,104,125,-0.9939346302806745,-0.7754005828547349,-0.7380362193323008,-0.37754435237342154,False,0.3584640688624945,-1.5860411243663566,1.1335778531073224,False,0.25,0.9566145593408469,0.6565403216581228,5.406132873300748,0.18333333333333335,False,False,0.47144421475894,2.115570876360919,0.19675963006657735,1.3866260451053585,-0.48677097769044037,-0.018194894535026044,False,0.025,False,False,0.00202143882534808,other,True,success_unloaded
S,sac,4,SS5,73,66480997,success,dwell_complete,0.3882020676835732,2.3291666666666666,False,2.3291666666666666,True,70,2,0,0,0,15,4,0,0,0,1,-0.8085308074951172,0,120,121,-0.45231645107269286,-0.3948184771285766,-0.39014830050910737,0.03133993886156199,False,0.4364513722368456,-0.29254003359473396,0.9236412363130303,False,0.75,0.5502038176093232,0.35924785192412856,3.3047660537664427,0.012500000000000178,True,True,0.42572467804142095,0.3599925466791441,0.16072999603958946,1.559140549601157,-0.7103061479604151,0.029064031003218107,True,0.0,False,False,1.7914362143018655e-05,impact,False,
S,sac,4,SS5,80,1856283101,success,dwell_complete,0.39672552533074384,1.5041666666666667,False,1.5,True,46,4,0,0,0,15,15,0,0,0,2,-0.792272905664379,0,120,127,-0.41860835552215575,-0.4674735444036561,-0.36445676131120736,0.08176344781985051,False,0.4511627374919531,0.6538017716992396,0.8115450635204395,False,0.0,0.8115450635204395,-0.033324889859795495,3.8992414971514124,0.008333333333333304,True,False,0.8115450635204395,-0.026863355503615752,0.04904303181545693,1.7552302720951636,-0.45626816153526306,0.048459510945782394,True,0.0,False,False,-0.0005766612222808996,impact,False,
S,sac,4,SS5,82,1159581122,success,dwell_complete,0.35707353333106107,2.245833333333333,False,2.245833333333333,True,69,4,0,0,0,14,14,1,0,0,0,-0.9967074025813879,0,112,125,-0.7086227178573609,-0.43031209048246455,-0.4226865872661805,-0.04895761396323817,False,0.3739691477637008,-1.1345797698247124,1.0964550831081554,False,0.0,0.9898976710030969,1.4543938617817629,2.9440931819349756,0.03333333333333366,False,False,0.6702254346879204,1.4380659426273865,0.12609849580486968,1.622160198930216,-0.5410493326303268,0.013641223817757198,True,0.0,False,False,-0.001617340521975718,other,False,
T,sac,4,SS5,86,1755504733,hard_landing,dwell_complete,0.5556874084069973,1.5041666666666667,False,1.5,True,47,11,0,0,1,14,13,0,1,0,10,-0.7834546951170314,0,120,127,-0.6691583335399628,-0.5425973354822966,-0.8174248611616728,-0.16705104324040498,False,0.6660549539219895,1.1861083488444844,1.3000616319973115,False,0.0,1.3000616319973115,0.34437631710155336,5.010644998695305,0.016666666666666607,True,False,1.3000616319973115,0.3490360349876947,-0.07013233158976491,2.5670011247147104,-0.5874406099319458,-0.0710550744161894,False,0.03333333333333333,False,True,0.00047481456664326654,impact,False,
T,sac,4,SS5,90,78328540,hard_landing,dwell_complete,0.8228144397486532,1.6624999999999999,False,1.6666666666666667,True,50,8,0,0,0,15,10,2,0,0,8,-0.7270549535751343,0,104,121,-0.5569622635841369,-0.5988444729516524,-0.8166986339290735,0.13340156129328468,False,0.9567697157171505,-0.21457472829968785,0.6144343062226397,False,0.0,0.6836235207649761,0.06683334910146682,10.178280251130795,0.029166666666666785,True,False,0.7066865922790883,0.03945971456393097,0.07916090353678046,4.939479965477434,-0.8492576455996653,0.07903342387980598,True,0.0,False,True,-0.0009249038341817941,impact,False,
T,sac,4,SS5,97,1316402880,success,dwell_complete,0.2273673488812034,1.1083333333333334,False,1.1083333333333334,True,34,6,0,0,0,15,14,0,0,0,5,-0.7290867523668607,0,120,126,-0.4999339640140533,-0.338893140810766,-0.2713040814507703,-0.03353672185019128,False,0.2518473658838109,-0.39061355454766755,1.0732014631084625,False,0.125,0.9922668649750825,1.1070977450520325,5.192911011389254,0.09166666666666656,False,True,0.42572467804142095,1.0895042849941712,0.1810641214703949,1.1844992894166337,-0.6683410794452918,0.01031411640563231,True,0.0,False,False,-0.002054432048410148,post_contact_idle,False,
S,sac,4,SS5,106,158713044,success,dwell_complete,0.35725125001971275,1.45,False,1.45,True,45,1,0,0,0,14,14,0,0,0,0,-0.6711933196220276,0,120,124,-0.5573219299316406,-0.421817086750397,-0.5295703514433646,-0.14393161094151458,False,0.36359823945797826,-1.3638199281094172,0.8920880048635046,False,0.375,0.7172017573052232,0.2662125975319825,3.6941109915193793,0.04166666666666674,False,True,0.42572467804142095,0.3077258024634561,0.1569915721205655,1.7780137079379488,-0.9181337448855009,0.03418349972511358,True,0.0,False,False,0.042607490995142654,post_contact_idle,False,
S,sac,4,SS5,108,1149126053,success,dwell_complete,0.29616658188686873,1.6666666666666667,False,1.6666666666666667,True,50,4,0,0,0,16,16,0,0,0,0,-0.7365065912584213,0,128,128,-0.19732612371444702,-0.25216919588437586,-0.3466740948735456,-0.03391364161208271,False,0.31357024408709566,-0.7958791659385216,1.0073542808527318,False,0.875,0.49842837839283477,-0.3912881317031386,1.3838103619605873,0.012499999999999956,True,True,0.42572467804142095,-0.3920291961552381,0.14130621204823143,0.685177435381706,-0.8579185441437823,-0.012541739880687719,False,0.004166666666666667,False,False,0.0005001742556873179,impact,True,success_unloaded
S,sac,4,SS5,110,808532272,success,dwell_complete,0.40208038309699023,1.95,False,1.95,True,59,0,0,0,0,15,15,0,0,0,0,-0.5885765213890698,0,112,124,-0.40872231125831604,-0.3200750285134427,-0.5033591282054267,-0.10083888902898488,False,0.40574633594473364,-1.2999501756657448,0.9321948961577176,False,0.375,0.7422685643641063,0.23811995212242842,3.2044987250969377,0.012499999999999956,True,False,0.9321948961577176,0.23515222214679077,0.02366418255755839,1.8024943427647797,-0.5265218317508698,0.02303901177135294,True,0.0,False,False,0.0007763268390012781,impact,False,
S,sac,4,SS5,120,1581704015,success,dwell_complete,0.4142321141785914,1.3458333333333332,False,1.3416666666666666,True,41,4,0,0,0,15,12,0,0,0,1,-0.892441748858824,0,120,125,-0.4935319542884827,-0.5104756407758007,-0.42835731611376987,0.056165282120167165,False,0.4873126549693949,0.1938682064546028,1.0534615013815276,False,0.25,0.8965272955465009,0.09537377835087837,1.2536074110892204,0.004166666666666874,True,False,1.0534615013815276,0.09809289287309052,-0.011598619696205728,0.4813677297033018,-0.40247905254364014,-0.011709087477492183,False,0.025,False,False,-0.0006689288342910987,impact,True,success_unloaded
T,sac,4,SS5,121,2140980951,success,dwell_complete,0.45273926300796274,1.4375,False,1.4375,True,44,7,0,0,0,15,12,0,0,0,7,-0.6839079778120754,0,120,127,-0.4997161328792572,-0.5060845013592922,-0.4143260278643933,0.08578926152780347,False,0.5212005098588653,-0.19371877878786956,1.1828308460039847,False,0.0,1.1828308460039847,0.24135846089743634,5.453316787295553,0.03750000000000009,False,True,0.42572467804142095,0.21786150438676014,0.15778422524815178,2.857822005349546,-0.6839079778120754,-0.04211249860374882,False,0.03333333333333333,False,True,-0.0005829852418267063,post_contact_idle,True,success_unloaded
S,sac,4,SS5,122,1975348375,success,dwell_complete,0.26519040507357244,1.6375,False,1.6375,True,50,4,0,0,0,15,15,0,0,0,4,-0.596414196543498,0,88,127,-0.41499338746070863,-0.32450026545624494,-0.4049010614863734,-0.1345126669954578,False,0.27112104295234996,-1.1484860134285177,0.9586347280092032,False,0.0,0.9586347280092032,-0.4319626666211717,1.9298937079739373,0.016666666666666607,True,False,0.9586347280092032,-0.43158819828481637,-0.0006919944605952314,0.964115444504511,-0.4234415888786316,-0.0009617776363471939,False,0.03333333333333333,False,False,0.0023767695729132554,impact,True,success_unloaded
S,sac,4,SS5,127,1555871774,success,dwell_complete,0.20337726619185725,1.7333333333333334,False,1.7333333333333334,True,52,5,0,0,0,15,12,0,0,0,5,-0.5353198593699279,0,24,120,-0.24508057832717894,-0.23351076843993723,-0.37561316439656156,-0.15879594017219145,False,0.21726850816791768,-0.46941233522083414,1.2172431360224911,False,0.0,0.5763493506910589,-0.6319787227585032,1.8890776127954456,0.02499999999999991,True,False,0.48479309564371154,-0.6196018886260509,0.11953261271143825,1.0285466587047563,-0.6357075604998316,-0.0745745760650152,False,0.004166666666666667,False,False,0.0016143162513618204,impact,True,success_unloaded
T,sac,4,SS5,133,967041883,hard_landing,dwell_complete,1.1352187385814385,2.620833333333333,False,2.620833333333333,True,79,25,0,0,9,15,12,1,9,0,15,-0.7779807820966891,0,96,123,-0.6374310851097107,-0.4832688160315789,-0.847722332040024,0.4135111449877827,False,1.2708243097696819,-1.5804511860320574,1.548793458518601,False,0.5,0.987259068280011,2.0732065890553804,13.192766855212309,0.04166666666666696,False,True,0.42572467804142095,1.840931835309712,0.20176662514296395,5.724468560182288,-0.9022593756592655,-0.08874091142136098,False,0.016666666666666666,False,True,0.024241576863655804,post_contact_idle,False,
S,sac,4,SS5,140,403445731,success,dwell_complete,0.3330910133321314,1.4958333333333333,False,1.4958333333333333,True,45,17,0,0,1,15,11,0,0,0,7,-0.7732617514196577,0,112,121,-0.3542278826236725,-0.4097426855000025,-0.3260154616159306,0.04133929007544144,False,0.3806270828420075,-0.41319586444955725,0.8646195213818114,False,0.0,0.737215960176569,-0.13273078895211293,4.51255514273404,0.050000000000000044,False,True,0.42572467804142095,-0.13847180515441157,0.1469034332468693,2.4134893786640426,-0.7723835296708386,0.03571892125771162,True,0.0,False,False,0.0013407494960921648,post_contact_idle,False,
S,sac,4,SS5,144,210388185,success,dwell_complete,0.3320235763566068,1.8541666666666667,False,1.8541666666666667,True,56,17,0,0,0,15,15,0,0,0,11,-0.5371923355960326,0,120,123,-0.3973619699478149,-0.3404602842551251,-0.42537687435064847,-0.06957260639581508,False,0.3563495018052578,-0.5849843573121789,0.9305887571373755,False,0.5,0.6781567175893983,0.09451629688833199,2.638931792362146,0.016666666666666607,True,True,0.42572467804142095,0.09430689232563473,0.15452464706338692,1.2670667933834978,-0.7273860353129682,0.02096758482793649,True,0.0,False,False,0.0001046269012505656,impact,False,
S,sac,4,SS5,150,408507921,success,dwell_complete,0.4276168400735225,1.1708333333333334,False,1.1708333333333334,True,36,3,0,0,0,15,9,1,0,0,2,-0.703238537101747,0,120,127,-0.4672125935554504,-0.4870587243546199,-0.4414841018700687,0.01650625372874791,False,0.46001556358330475,-0.9038546782068216,0.8824817755673152,False,0.0,0.8824817755673152,-0.0052493214608840925,3.2859553008658784,0.029166666666666563,True,False,0.8824817755673152,-0.0036018047991546653,0.030695529610460497,1.7035736486666428,-0.4926000237464905,0.03060902479480084,True,0.0,False,False,-6.54307490577781e-05,impact,False,
S,sac,4,SS5,153,1116331160,hard_landing,dwell_complete,0.6023569517090734,2.1708333333333334,False,2.1708333333333334,True,67,2,0,0,0,14,14,0,0,0,0,-0.8114347236672055,0,120,127,-0.6558828532695771,-0.4619544487378636,-0.9150772802344354,-0.23976154787140255,False,0.6790299006479216,-0.4316460181320391,1.3146771060446192,False,0.0,1.3146771060446192,0.3375660747482594,4.343638018012383,0.016666666666666607,True,False,1.3146771060446192,0.34417584856802597,-0.07609302538984856,2.4755736706085734,-0.7446641027927399,-0.07747042825758135,False,0.03333333333333333,False,True,0.0015681494353183057,impact,False,
S,sac,4,SS5,167,1682937791,success,dwell_complete,0.31152591329680057,2.0458333333333334,False,2.0458333333333334,True,62,0,0,0,0,15,15,0,0,0,0,-0.8391295267373879,0,120,125,-0.6374563932418823,-0.4042225450779692,-0.6434328607140444,-0.32119496496745764,False,0.3152309106900364,-0.5280820858333712,0.6318957314321243,False,0.25,0.5803529680844485,0.6842667936899499,2.792234883420465,0.020833333333333037,True,False,0.6318957314321243,0.7191436298309989,0.11635724295337015,1.3388954155495278,-0.8194488286972046,0.11366801280911229,True,0.0,False,False,0.0017619238833706905,impact,False,
S,sac,4,SS5,174,1515200011,hard_landing,dwell_complete,0.6796241575649831,1.1375,False,1.1375,True,36,4,0,0,0,14,14,0,0,0,3,-1.0256089130296662,0,120,127,-0.5289740085601806,-0.528089566760747,-0.8039373311806401,-0.03757424411898198,False,0.7622520608244193,-0.8126721700869567,0.9756423957452459,False,0.0,0.9756423957452459,-0.11854348037970935,4.580116467431172,0.016666666666666607,True,False,0.9756423957452459,-0.11738186124594219,0.0032693459023565106,2.0363670249767614,-0.8190630376338959,0.0029772731242207967,True,0.0,False,True,0.000570456281811225,impact,False,
S,sac,4,SS5,177,2018449764,success,dwell_complete,0.21917346321995113,1.7375,False,1.7375,True,53,10,0,0,0,15,14,0,0,0,10,-0.7882291686420061,0,120,127,-0.1359232783317566,-0.16177618386061912,-0.3899899356199851,-0.1576333397169615,False,0.23494681525378816,-0.17524365234835385,0.9423833736316509,False,0.0,0.9423833736316509,-0.4178013363808849,1.4606486409046135,0.02499999999999991,True,False,0.9423833736316509,-0.35999253239063694,0.0053035258454945285,0.671148779316942,-0.4396408796310425,0.002075163690810511,True,0.0,False,False,0.001874064038467818,impact,False,
S,sac,4,SS5,179,1906148524,success,dwell_complete,0.24043878421293324,1.9625,False,1.9625,True,59,1,0,0,0,15,13,0,2,0,0,-0.7118002526141574,0,72,121,-0.49729845523834226,-0.33771058778386426,-0.6209703092706259,-0.36753009247667645,False,0.25346371954316155,-0.35995124014773566,0.8126452642078094,False,0.0,0.669565736367336,0.022797027010358316,2.2620094208391475,0.02083333333333348,True,False,0.6218725604205115,0.057558261793802544,0.10162464904628729,1.16180485058922,-0.8068519234657288,0.04818618048264963,True,0.0,False,False,0.003089727508551089,impact,False,
S,sac,4,SS5,193,2065900127,success,dwell_complete,0.39517947737325265,1.2291666666666667,False,1.2291666666666667,True,37,8,0,0,0,15,15,0,0,0,8,-0.9293914842415848,0,120,121,-0.6049056112766266,-0.4301915728093918,-0.6378275170213398,-0.20723988293593232,False,0.4259798485128014,-0.8711244375813804,1.112068864933291,False,0.75,0.5973107247643884,0.42430849936734805,3.1337105556505374,0.02083333333333326,True,True,0.42572467804142095,0.44238384377834783,0.16370993796289443,1.7673567235187595,-1.0142069181876172,-0.018939199011932837,False,0.008333333333333333,False,False,0.0020130101117361203,impact,True,success_unloaded
T,sac,4,SS5,199,1054195600,hard_landing,dwell_complete,0.7625258640693804,1.8083333333333333,False,1.8041666666666667,True,55,20,0,0,1,15,15,10,1,0,12,-0.5921985768081173,0,80,126,-0.3164502082328989,-0.20231609304199633,-1.0673656680644834,-0.14698840355288764,False,0.93779144700317,1.7443973355880957,0.8550618821046054,False,0.0,0.848923948354679,0.15950946100157803,8.245987451829178,0.03749999999999987,False,False,0.8059584121051943,0.19584477094364625,0.05569176700068452,4.341948729880433,-0.8579554323309351,0.04141552412526106,True,0.0,False,True,0.0009706228702915691,other,False,
T,sac,4,SS6,5,384627516,success,dwell_complete,0.42762011439486225,2.0375,False,2.0375,True,62,12,0,0,0,15,15,8,8,0,1,-0.5459093097682322,0,56,127,-0.18493282198905944,-0.30448109098091347,-0.460429674702636,-0.01559517620423549,False,0.42248524900615725,-1.763835310321074,0.6720390234666292,False,0.0,0.6720390234666292,-0.5501208466972125,5.88920165011587,0.0625,False,False,0.8008797197711165,-0.5107439614173354,0.037647831365410604,2.096144781461062,-0.5407420953445154,0.037136320727746655,True,0.0,False,False,0.08016152408266067,other,False,
T,sac,4,SS6,9,903867449,hard_landing,dwell_complete,0.6133633417423938,2.6333333333333333,False,2.6291666666666664,True,79,6,0,0,0,15,9,0,5,0,3,-0.48483037816316044,0,120,120,-0.4723144769668579,-0.43331237630509195,-0.7032244073331637,0.009569348522328786,False,0.722147258731365,0.3379484718136414,0.9382482942619715,False,0.875,0.48979013006898975,0.15138639670651693,5.272598177425895,0.02499999999999991,True,True,0.42572467804142095,0.14853015570734973,0.1507542446099175,2.3468623205619354,-1.2984838485717773,0.020318456895425968,True,0.0,False,True,0.018876881302463157,impact,False,
T,sac,4,SS6,10,1323121477,hard_landing,dwell_complete,1.1103454059176785,3.6458333333333335,False,3.6416666666666666,True,110,31,1,0,0,15,14,6,5,0,2,-0.7340222694771794,0,112,125,-0.8152757154822731,-0.9147487188877804,-1.137300419086632,0.15274706132813276,False,1.3047266986939494,0.3258822221123592,0.6330259341636525,False,0.25,0.5812006201330946,0.23288979645577723,10.6126170409808,0.020833333333333037,True,False,0.6330259341636525,0.23291514867979968,0.10412443749524446,6.397197323879142,-1.3100701030763406,0.10296008319024429,True,0.0,False,True,0.0724121607688937,impact,False,
T,sac,4,SS6,32,1083045809,hard_landing,dwell_complete,0.8459181443264593,0.7875,False,0.7875,True,24,2,0,0,0,15,15,15,0,0,2,-0.3876530247520282,0,64,123,-0.8599535167217255,-0.8400320820453561,-1.0191338320594086,-0.05924743259930905,False,0.9680007929219895,-0.5616501441710858,1.4067903681762781,False,0.5,0.9162575231088496,0.04249436577969227,7.026233359513638,0.01666666666666672,True,True,0.42572467804142095,0.04513852064646114,0.15307271105297404,2.9993796261879972,-0.8120175087692177,-0.1070690727035868,False,0.016666666666666666,False,True,0.000581288880828157,impact,False,
ST,sac,4,SS6,35,55155601,hard_landing,dwell_complete,0.8362631783499622,1.675,False,1.675,True,51,6,0,0,0,15,0,0,0,0,6,-0.6477499008178711,0,120,126,-0.561871737241745,-0.549019306230073,-0.7872175540038834,0.1547638778229098,False,0.9471403999758914,-0.20751678964044884,0.5053343460339652,False,0.125,0.49538313753489716,0.36211768756260654,7.218375932723379,0.012499999999999956,True,False,0.5053343460339652,0.3702947032960443,0.14064186710296037,3.7587243419262926,-1.0073802173137665,0.12805381828759624,True,0.0,False,True,-0.0011498606819145792,impact,False,
ST,sac,4,SS6,37,1167900726,hard_landing,dwell_complete,0.5063751703801105,2.558333333333333,False,2.558333333333333,True,78,23,0,0,0,14,14,3,0,0,10,-0.8700100741753369,0,120,122,-0.6718472719192505,-0.41497410611796826,-0.6448202583094409,-0.06606703991616412,False,0.55875519565391,-0.5439134261788325,1.1303588371958533,False,0.625,0.6899624877243331,1.1501722621800616,5.0267288700765,0.03750000000000009,False,True,0.42572467804142095,1.1554680140940534,0.1797283440629326,2.7479321709684568,-1.0912078320980072,-0.002640077537892778,False,0.008333333333333333,False,True,0.0007665676411652129,post_contact_idle,False,
S,sac,4,SS6,39,305654731,success,dwell_complete,0.2841915481862981,1.0333333333333332,False,1.0333333333333332,True,31,9,0,0,4,15,15,0,0,0,8,-0.9273208556971918,0,120,120,-0.7254658677496698,-0.5581429595336096,-0.4810132629360083,-0.15788682109278518,False,0.3238130313216826,-0.15410304187639084,0.9364119654795262,False,0.875,0.48956058897118404,0.5804264555086889,3.098107382400442,0.025000000000000133,True,True,0.42572467804142095,0.6121376695131336,0.16850120489945833,1.9397626967196695,-0.894315479797112,0.032273202802556675,True,0.0,False,False,0.0012625625069222204,impact,False,
T,sac,4,SS6,42,157253413,success,dwell_complete,0.47784975642095784,1.0541666666666667,False,1.0541666666666667,True,33,9,0,0,0,14,14,12,2,0,7,-0.45524585972770276,0,48,123,-0.6046638697111704,-0.6039127270392824,-0.6319871030601414,-0.11783795154087345,False,0.5056862412441087,-1.6197209312575855,1.632388295364145,False,0.0,1.0622179537984873,-0.2738594478881623,5.426483867676681,0.050000000000000044,False,True,0.42572467804142095,-0.21584106063709388,0.1460809291019692,2.4913124163538787,-0.5808839367713372,-0.17413461170671213,False,0.016666666666666666,False,True,0.001090975777092201,post_contact_idle,True,success_unloaded
T,sac,4,SS6,44,1219915927,hard_landing,dwell_complete,0.4043973989753644,1.5583333333333333,False,1.5583333333333333,True,47,10,0,0,1,15,15,2,3,5,2,-0.9568337683628825,0,104,122,-0.16588729619979858,-0.30650880499690036,-0.44963432240849754,0.02863179124670903,False,0.4811480204299774,-0.7983304511995483,0.5642031597919306,False,0.625,0.4776541086978621,-0.5646161017880624,8.618668161157883,0.08333333333333326,False,True,0.42572467804142095,-0.5486398967913133,0.13766040803782026,6.023964536845275,-0.8812789699700141,0.058156268888409975,True,0.0,False,False,0.06804174912053841,post_contact_idle,False,
T,sac,4,SS6,45,2003775157,success,dwell_complete,0.3451974441941924,0.7958333333333333,False,0.7958333333333333,True,24,2,0,0,0,15,15,0,0,6,2,-0.9070680990561422,0,120,121,-0.8117012202739715,-0.6092125810470072,-0.6523173647154271,-0.2853330617177601,False,0.3755849328004529,-0.5326892171457586,0.9178220087725468,False,0.75,0.5487490107242023,0.36699542983108535,6.417580200612915,0.0625,False,True,0.42572467804142095,0.5603346828601923,0.1666745245630436,1.4351604987319297,-1.0900246314930448,0.030951993040669312,True,0.0,False,False,0.0030954037682777834,post_contact_idle,False,
S,sac,4,SS6,47,1541273511,success,dwell_complete,0.21325176065815998,1.375,False,1.375,True,42,5,0,0,0,15,15,0,0,0,5,-0.8309136675814235,0,120,126,-0.3445505678653717,-0.21182379718517044,-0.35908539610347046,-0.13423985740088265,False,0.22471204186827312,-0.5986618564492029,1.0394143897371548,False,0.125,0.9627031757751882,0.5532227719904336,1.3989956753413157,0.012499999999999956,True,False,1.0394143897371548,0.5494393122293015,0.004420971858087643,0.8516520696440749,-0.345661461353302,0.0036340987917507237,True,0.0,False,False,-0.00044863837760224636,impact,False,
T,sac,4,SS6,52,972805311,hard_landing,dwell_complete,0.6805334367079908,1.6541666666666666,False,1.6541666666666666,True,50,9,0,0,0,15,15,2,3,1,1,-0.7005715079014821,0,112,123,-0.3369851064956462,-0.5215515832535522,-0.6106593769679939,0.17708104191083796,False,0.7880328082029012,-0.48567390245039727,1.0252314587022278,False,0.5,0.7254780683718244,-0.40477167131254066,7.315189919055925,0.02083333333333348,True,True,0.42572467804142095,-0.4165210774387838,0.14042039444383955,4.50579559981328,-1.1936494739542995,-0.017906163109229416,False,0.016666666666666666,False,True,0.01773573189831385,impact,False,
T,sac,4,SS6,58,343780280,crash,off_plate_strike,0.0,8.825,False,8.820833333333333,True,265,127,9,14,0,0,0,0,0,0,11,nan,0,0,2,-0.0322876952808758,-0.03458875156237391,-2.3180515961945383,0.04800703456927957,False,2.5124408200298296,7.020270840177728,0.8235585739873016,False,0.0,0.8235585739873016,0.12713700395013464,7.020270840177728,0.0,True,False,0.8235585739873016,0.12851407973820095,0.1590181254583019,61.409046401376244,-0.9472636413502499,0.14849376657198524,True,0.0,False,True,0.1383851422540692,impact,True,deep_at_first_contact
S,sac,4,SS6,59,160775593,success,dwell_complete,0.4648472015609953,1.3875,False,1.3833333333333333,True,43,10,0,0,0,14,14,5,0,0,9,-0.9408736532913975,0,120,123,-0.6683022260665894,-0.5639159458430526,-0.6089128386792841,-0.0427576132634975,False,0.5703364011994976,0.6832623221673327,1.4181769071343995,False,0.5,0.9219507925879102,0.2630926472513806,3.143146441432371,0.025000000000000133,True,True,0.42572467804142095,0.24765313543891032,0.15848393345944842,1.5995513439430071,-1.0373076302507813,-0.10348268579993106,False,0.016666666666666666,False,True,0.0004091332131545475,impact,True,success_unloaded
T,sac,4,SS6,60,699142286,hard_landing,dwell_complete,0.892465034532682,2.404166666666667,False,2.408333333333333,True,73,5,0,0,0,15,15,4,3,1,3,-0.7741054398981007,0,112,127,-0.8874994205618577,-1.0768567449404047,-0.8443118346162698,0.1809436728431164,False,1.0212233149371488,-1.061747896495132,1.2558653669754434,False,0.0,1.2558653669754434,-0.3495155094386208,8.96956153161744,0.02916666666666634,True,False,1.2558653669754434,-0.372386437165487,-0.08178669279384776,4.88060281743311,-0.6685124337673187,-0.08263667245681915,False,0.03333333333333333,False,True,0.06000025491301145,impact,False,
S,sac,4,SS6,63,190453351,success,dwell_complete,0.3607458893873096,1.0833333333333333,False,1.0791666666666666,True,33,2,0,0,0,15,5,0,0,0,2,-0.7114917933940887,0,120,124,-0.522336333990097,-0.5251011549941428,-0.4235476260232765,-0.01226428326704885,False,0.414633996794852,0.8011131674925173,0.8301829449346964,False,0.375,0.6785110948497182,-0.07558585926684816,2.5199485771812586,0.008333333333333304,True,False,0.8301829449346964,-0.07527892641330387,0.04279027951505829,1.0249331712376815,-0.49353986978530884,0.04275912449289732,True,0.0,False,False,3.4961703265243517e-06,impact,False,
T,sac,4,SS6,72,175912377,hard_landing,dwell_complete,0.5681669845525432,1.1875,False,1.1875,True,36,3,0,0,0,15,14,1,1,0,3,-0.3118637862193408,0,24,123,-0.6351038098335267,-0.5102621047153704,-0.6796740070664097,-0.06437495658240021,False,0.6195264559668772,-0.5499598656607936,0.5661518438689446,False,0.5,0.4959382609551828,0.3216394498033365,5.900158611156969,0.016666666666666607,True,True,0.42572467804142095,0.3220893979953738,0.16017945325819058,2.997083627732014,-0.9057606101551902,-0.03901362542852338,False,0.03333333333333333,False,True,0.02837833574783753,impact,False,
ST,sac,4,SS6,73,722815722,success,dwell_complete,0.27025333548947683,1.4541666666666666,False,1.4541666666666666,True,44,2,0,0,0,15,10,0,0,0,2,-0.49671676754951477,0,112,123,-0.6646786570549011,-0.46415634049678445,-0.4988612059569294,-0.1852050845304343,False,0.3074547816669094,-0.24849292744257076,1.092620595886816,False,0.0,0.8216730876895663,0.6649770100253254,5.5321301755779935,0.05833333333333335,False,True,0.42572467804142095,0.7461354095619414,0.1710525242254672,2.9090810506584,-0.7138497167942036,-0.006434108256356238,False,0.016666666666666666,False,False,0.001186091135825644,post_contact_idle,True,success_unloaded
T,sac,4,SS6,74,1035168597,success,dwell_complete,0.29313293301129717,0.9625,False,0.9625,True,29,3,0,0,0,15,15,3,1,0,3,-0.437791760611764,0,80,121,-0.48470078110694886,-0.41425461223796683,-0.5633976983695673,-0.2263593216859915,False,0.33490326561259076,-0.4715186733466263,1.3024439056353823,False,0.0,0.6791927896205253,0.3929369921030186,5.662613757872726,0.04999999999999993,False,False,0.733378797450238,0.5683781066316823,0.08592396279546517,2.0381398299869136,-0.5523599064952298,-0.0677930329133768,False,0.008333333333333333,False,False,0.0007399180870266291,other,True,success_unloaded
S,sac,4,SS6,78,1532668767,success,dwell_complete,0.3217785196729154,1.9958333333333333,False,1.9958333333333333,True,60,0,0,0,0,15,14,0,0,0,0,-0.5474342150314152,0,56,121,-0.3395138144493103,-0.32138130415372523,-0.5856657137777361,-0.24074880958414308,False,0.3469550459745716,-0.8535095842808842,1.201475664529968,False,0.0,0.7083437275047405,-0.207411658368217,1.3181501472005308,0.01666666666666683,True,False,0.5439664151629978,-0.20003495246679598,0.11520339894481584,0.8393650669505693,-0.7848232984542847,-0.060103560399550664,False,0.008333333333333333,False,False,0.0013864880730040856,impact,True,success_unloaded
T,sac,4,SS6,80,1765714094,hard_landing,release,0.6659071800397373,3.275,False,3.2708333333333335,True,99,28,0,0,0,4,4,2,2,0,5,0.4690102832069586,0,8,38,-0.8806019127594787,-1.0658209122018263,-0.661037914953917,0.13082787629838766,False,0.8232811671349826,0.30334185880341924,2.2425010330672865,False,0.125,2.0154039886890533,-0.3916504914186856,6.092968935552662,0.016666666666666607,True,False,2.2425010330672865,-0.39271163250393565,-0.33969730866249725,1.591441019505262,0.10115540027618408,-0.33987587707749506,False,0.06666666666666667,True,True,0.07052199341253503,impact,False,
T,sac,4,SS6,82,614825645,hard_landing,dwell_complete,0.6336197957963513,2.7,False,2.7,True,81,31,0,0,0,15,15,14,4,0,9,-0.5552238448621222,0,80,120,-0.36611948107900844,-0.4764429173336023,-0.6854835909030867,0.06412111182232448,False,0.729651417980221,-0.8351314710441902,0.8059009624554948,False,0.0,1.0905673863071583,-0.33609867737175425,6.612083066893662,0.037499999999999645,False,True,0.42572467804142095,-0.3515084623607703,0.1401705471804539,3.334650754852949,-0.5552238448621222,-0.04621216907330155,False,0.03333333333333333,False,True,0.06552819196018564,post_contact_idle,False,
S,sac,4,SS6,83,160799111,success,dwell_complete,0.0,2.183333333333333,False,2.1791666666666667,True,67,2,0,0,0,14,14,12,3,0,0,-0.30611365397472645,0,24,124,-0.1842448055744171,-0.20024682307963668,-0.07001284901451962,-0.06297851168178328,False,0.007850815332680505,0.006093915122658808,1.195065874268966,False,0.375,0.9065629256836365,-0.13735059197563507,3.6647646364639703,0.1166666666666667,False,True,0.42572467804142095,-0.007554677522878817,0.1508334484959062,1.9562624775146713,-0.8037989580531737,-0.051597088813649314,False,0.020833333333333332,False,False,0.02791618407789165,post_contact_idle,True,success_unloaded
T,sac,4,SS6,93,2044309619,off_pad,dwell_complete,0.8815262847541219,1.1958333333333333,False,1.2041666666666666,True,36,2,0,0,0,15,15,3,0,0,0,-0.9201153796504093,0,112,121,-0.630769678947903,-0.5820256276137806,-1.063532041809372,-0.043723714274310516,False,1.001893347991996,-0.2222394069712091,0.7834112283238414,False,0.0,1.1435037840921436,0.08179442568680731,5.593153193383191,0.016666666666666607,True,False,1.263534636014911,0.08243905105870031,-0.06794864286769361,1.5883016860438472,-0.8383705059867679,-0.06805343721909264,False,0.03333333333333333,False,True,0.00035761803236354975,impact,False,
S,sac,4,SS6,94,537732710,success,dwell_complete,0.30963035745625367,1.5708333333333333,False,1.5708333333333333,True,48,6,0,0,0,15,15,0,0,0,6,-0.77396009111517,0,120,127,-0.4989552915096283,-0.3647141358459204,-0.42207470504110156,-0.09314708594664732,False,0.32860660061915675,-0.9000486080430786,1.0881343461373987,False,0.0,1.0881343461373987,0.4480584201835558,1.4998206604130733,0.016666666666666607,True,False,1.0881343461373987,0.44840296153271475,-0.011335593029505207,0.7971930078504265,-0.37776875495910645,-0.011357431473348703,False,0.03333333333333333,False,False,0.0006794251732438141,impact,True,success_unloaded
S,sac,4,SS6,98,228857887,hard_landing,dwell_complete,0.5826029627881016,1.0166666666666666,False,1.0166666666666666,True,31,9,0,0,2,15,10,0,0,4,5,-0.7028412222862244,0,88,124,-1.2035594350743015,-1.0584408680518806,-0.8448231412643095,-0.16291710490698239,False,0.674326230854345,-0.4421798579720006,1.4799140998317324,False,0.375,1.0845930666603656,1.0479421771924908,4.83053966960216,0.012499999999999956,True,False,1.4799140998317324,1.0381434528086575,-0.098945803841578,2.738674524441711,-0.6508224606513977,-0.10123040272111489,False,0.020833333333333332,False,True,0.008484631574163624,impact,False,
T,sac,4,SS6,102,1905388242,hard_landing,dwell_complete,1.1889995572896597,3.2125,False,3.2083333333333335,True,97,47,0,3,0,15,8,0,0,0,11,-0.321012407541275,0,64,125,-0.9969813281918126,-1.171170437308444,-1.297991569469101,0.2353463909125773,False,1.5436624662684948,0.9674965241046614,1.1576930536055805,False,0.25,0.9747009597145405,0.07658967142779902,8.491170901056638,0.029166666666666785,True,True,0.42572467804142095,0.0612419657891516,0.15287020637040136,3.1615850395707366,-1.2125355005264282,-0.04078285523427442,False,0.025,False,True,0.018912317451324472,impact,False,
S,sac,4,SS6,104,1013111488,success,dwell_complete,0.44569157442880014,1.7791666666666666,False,1.775,True,54,2,0,0,0,15,12,1,1,0,2,-0.8452648222446442,0,120,125,-0.740266215801239,-0.5342994427071942,-0.761331681834192,-0.21476420010411557,False,0.5246242411583976,0.537998756976623,1.0335161206507881,False,0.25,0.8815682599984463,0.9976063435671834,4.632613886407235,0.050000000000000044,False,True,0.42572467804142095,1.1222145719177095,0.18022360771741244,1.2007360819284827,-0.7742327346173173,0.015867463017184266,True,0.0,False,True,0.0012852924522716812,post_contact_idle,False,
T,sac,4,SS6,106,627475610,hard_landing,dwell_complete,0.7899574984868287,3.466666666666667,False,3.4625,True,104,21,0,4,4,15,9,2,0,0,6,-0.7438372585546462,0,104,120,-0.8268854339195786,-0.8987909989757294,-0.8834467907948779,0.10689632405268049,False,0.9476916024370481,1.1687741304289223,1.2159262460306204,False,0.0,0.5252494150764637,-0.0681020225171629,10.324167003875122,0.02499999999999991,True,False,0.42658129636872705,-0.07870654939804533,0.14218222705338693,2.8555177876506432,-1.0064808243844028,-0.06607681693366249,False,0.004166666666666667,False,True,0.05263817541344035,impact,False,
T,sac,4,SS6,108,986110172,off_pad,dwell_complete,0.6976724335919654,1.6083333333333334,False,1.6083333333333334,True,49,7,0,0,0,15,11,0,1,0,2,-0.4581003918058754,0,16,126,-0.361327323607483,-0.5695070334855821,-0.6374996333037668,0.10277651869876503,False,0.7916409052988673,-0.22496294884230647,0.817461532610164,False,0.125,0.7684944257890711,-0.7355588129959185,5.665111444028847,0.008333333333333304,True,False,0.817461532610164,-0.7296511170351712,0.025991469717691812,3.760863705297049,-0.7069253325462341,0.023951224200724836,True,0.0,False,True,0.01611249123854105,impact,False,
ST,sac,4,SS6,115,2081510509,off_pad,dwell_complete,0.7358334411158819,2.345833333333333,False,2.375,True,73,3,0,0,0,13,11,3,1,0,2,-0.41601041803809186,0,80,125,-0.3005039095878601,-0.4813396307284726,-0.6010591092926371,0.22507637258254387,False,0.8292982040875609,-1.5147174143598856,1.2753227634939488,False,0.0,1.2437370620606225,0.0160380161684392,5.668939480123141,0.04166666666666696,False,False,1.148979957760644,-0.008890037921246059,-0.04037775835735564,2.882462703868478,-0.30738401412963867,-0.07295824484141572,False,0.058333333333333334,True,True,-0.0010139996763421167,other,False,
T,sac,4,SS6,116,534507173,hard_landing,dwell_complete,0.6905733409290726,1.0,False,1.0,True,30,5,0,0,0,15,7,0,0,0,4,-0.8142443794152998,0,112,120,-0.700299934311636,-0.6180210162203487,-0.9225515360371082,-0.14746238460633307,False,0.7797899953304025,-0.7844920120166863,1.5178553839663722,False,0.0,1.025484083432906,0.8201662714413707,7.510892988962492,0.016666666666666607,True,False,0.9551453262138392,0.8311907189386681,0.03445822970484817,2.237656715611497,-0.863131786581932,-0.11673249510859582,False,0.004166666666666667,False,True,-0.0013416927143295903,impact,False,
T,sac,4,SS6,131,2054376439,hard_landing,dwell_complete,1.0735855267458452,1.8416666666666666,False,1.8375,True,56,16,1,0,1,15,14,3,4,0,10,-0.47434245156639243,0,88,126,-1.175755619188135,-1.226099253661608,-1.142648484263549,0.16917703727268837,False,1.3125550626938467,0.7389286550223941,1.6481850283199722,False,0.125,1.4953774845351533,0.2141214427723807,8.007185433067795,0.025000000000000133,True,False,1.6481850283199722,0.1884442989273406,-0.16690294281680246,4.665963617809931,-0.800698846578598,-0.1669430239033972,False,0.029166666666666667,False,True,0.05627406792457852,impact,False,
S,sac,4,SS6,132,1308035592,success,dwell_complete,0.4108322052726751,1.9583333333333333,False,1.9583333333333333,True,59,3,0,0,0,15,15,0,0,0,0,-0.6350315759218166,0,112,122,-0.5733714461326599,-0.43709361014512066,-0.5550024299172013,-0.0943637016285833,False,0.4540755708784398,-0.9571647523251773,1.302918127684439,False,0.0,0.9252969897932796,0.756885630227257,2.9929425469712174,0.016666666666666607,True,False,0.6987243070585841,0.760917701660247,0.10010440385848243,1.3955705093672945,-0.601268914674234,-0.06019899749798001,False,0.0125,False,False,-0.000524096652440671,impact,True,success_unloaded
S,sac,4,SS6,136,813667634,success,dwell_complete,0.42507471077463554,2.2708333333333335,False,2.2708333333333335,True,70,6,0,0,4,14,14,0,0,0,6,-0.9686891639885571,0,120,127,-0.812340134382248,-0.435487421447393,-0.6154342950698902,-0.130975560403897,False,0.4859471514694547,-0.10557039763955857,1.2333842310510974,False,0.0,1.2333842310510974,1.8326379795486598,3.3795911504488205,0.016666666666666607,True,False,1.2333842310510974,1.836867934475849,-0.012248826820948,1.651025276507917,-0.49834710359573364,-0.012750953312780682,False,0.03333333333333333,False,False,-0.0011852095202312517,impact,True,success_unloaded
T,sac,4,SS6,137,1318624269,off_pad,dwell_complete,0.5434623839272452,6.120833333333334,False,6.120833333333334,True,185,36,0,0,6,14,14,2,0,0,5,-0.5182896084219686,0,88,123,-0.6952663125205762,-0.6743974650710569,-0.6943052860675145,-0.021857547273554243,False,0.6329552129527757,-0.4251281585472681,1.5375770482230113,False,0.5,0.9816508631322163,-0.04589998906934873,8.454674842180136,0.06666666666666643,False,True,0.42572467804142095,-0.054951497646219226,0.14817683942474183,3.29994274465725,-0.5244456279083658,-0.1419971314511157,False,0.016666666666666666,False,True,0.06480676979280717,post_contact_idle,False,
T,sac,4,SS6,140,1379226536,hard_landing,dwell_complete,0.7156344528339231,3.5749999999999997,False,3.5708333333333333,True,108,19,0,0,0,15,12,5,1,0,6,-0.3783004584589454,0,48,126,-0.6751206786255427,-0.7987599403800327,-0.740224631862445,0.08945952858617555,False,0.8387947999074816,0.6782899752851538,0.841742859654786,False,0.125,0.7897405869531156,-0.22807152373565842,6.775581664828436,0.008333333333333748,True,False,0.841742859654786,-0.22429356020154947,0.035643278794373505,3.030373590767847,-0.7914995849132538,0.03515583742371274,True,0.0,False,True,0.013878444524278305,impact,False,
T,sac,4,SS6,146,857261509,success,dwell_complete,0.4991409669756619,2.716666666666667,False,2.7125,True,82,4,0,0,0,15,13,3,0,0,0,-0.25437764552269815,0,32,124,-0.34015201330184935,-0.3360352586213774,-0.5409311680878566,0.045519757205198366,False,0.5862850211212588,1.053195055540339,0.7219793324382247,False,0.375,0.6108838370394233,0.14179870156335714,5.694585418976897,0.008333333333333304,True,False,0.7219793324382247,0.1452023983919034,0.07741449465855449,2.4682826995163865,-0.6547983884811401,0.061839732167746526,True,0.0,False,True,0.03722552855790863,impact,False,
T,sac,4,SS6,153,1491716105,hard_landing,dwell_complete,0.7457748560020554,1.7083333333333333,False,1.7041666666666666,True,52,0,0,0,0,15,13,8,4,0,0,-0.6931468657174279,0,112,126,-0.6984415531158448,-0.6090827646818925,-0.8603689284899204,0.023046536251617056,False,0.8846558622712145,0.24896306030645676,1.9202880443677839,False,0.125,1.7334676235769886,1.029612357246958,6.152646167760585,0.016666666666666607,True,False,1.9202880443677839,1.0325273938363955,-0.21436459214998246,4.052496590137236,-0.3845231831073761,-0.2159104079001266,False,0.029166666666666667,False,True,-0.002087304228408766,impact,False,
S,sac,4,SS6,155,842395533,success,dwell_complete,0.3356122731023249,2.0083333333333333,False,2.0083333333333333,True,61,16,0,0,0,15,10,0,0,0,9,-0.7579193741190309,0,120,126,-0.5843442678451538,-0.4728413184855715,-0.5062170542615659,-0.17003514400201,False,0.3446324988494627,-0.9416596164294695,0.8959909998801834,False,0.125,0.8372077096503381,0.6592070590530565,2.3189999169303683,0.02499999999999991,True,False,0.8959909998801834,0.7080512376251911,0.044929407312481164,1.0806373969764569,-0.526543378829956,0.042960274413314764,True,0.0,False,False,0.0007247417771216388,impact,False,
S,sac,4,SS6,159,1370568126,success,dwell_complete,0.36415821391205844,2.0875,False,2.0875,True,63,2,0,0,0,15,15,4,8,0,0,-0.5469500199620552,0,88,123,-0.2942592680454254,-0.2658582955656214,-0.4339254625467249,-0.05080408367937333,False,0.3826028623428618,-0.5658267942657165,0.5438499982317794,False,0.5,0.4847873381366002,-0.03882980190624438,3.716174089481101,0.02083333333333348,True,True,0.42572467804142095,-0.036825763773402846,0.15096222023858083,1.8819581736432007,-0.8888773462971736,0.11069416104509429,True,0.0,False,False,0.00011572091773268462,impact,False,
S,sac,4,SS6,165,1742164241,success,dwell_complete,0.2072575603839806,1.0791666666666666,False,1.0791666666666666,True,33,6,0,0,0,15,15,0,0,0,6,-0.9263314946767268,0,120,125,-0.6115422785282135,-0.48592200588104245,-0.36583590805310545,-0.15110999922257884,False,0.21569992305752675,-0.3865198931598639,0.9996369335379361,False,0.25,0.8561588696638073,0.4722999093375269,2.5774540223102846,0.04166666666666674,False,True,0.42572467804142095,0.5174904149956933,0.165955338167787,1.3968487836226273,-0.9477060559320947,0.013329912827086602,True,0.0,False,False,0.00011599594921503581,post_contact_idle,False,
S,sac,4,SS6,166,778428015,success,dwell_complete,0.45952942960042936,0.8375,False,0.8375,True,26,9,0,0,0,15,6,3,3,0,5,-0.04308289289474487,0,24,127,-0.9538437321380872,-0.7674895661760197,-0.6323902747546147,-0.14972304274790435,False,0.4754556069093753,-1.4797925007899584,1.2398143550667102,False,0.0,1.2398143550667102,0.9186905258552781,2.987229859194745,0.02499999999999991,True,False,1.2398143550667102,0.9523209948985975,-0.037906278634667896,1.4091374302137436,-0.504479169845581,-0.03892270365079773,False,0.03333333333333333,False,False,0.004871287288909143,impact,True,success_unloaded
ST,sac,4,SS6,170,1893555025,hard_landing,dwell_complete,0.586581264981182,2.3666666666666667,False,2.3666666666666667,True,71,3,0,0,0,15,12,9,0,0,2,-0.8565870912821377,0,120,120,-0.4914760231971741,-0.39208919964330496,-0.5763154676800015,0.04011847750983147,False,0.5985227059393494,-1.574262386261024,0.49725341496522757,False,0.875,0.4346657701568967,0.5589715327899076,5.279044432998563,0.029166666666666785,True,True,0.42572467804142095,0.5308781767636312,0.16481494878936592,2.4532425522179757,-0.9195031821727753,0.15046687985854754,True,0.0,False,True,2.9049889683777577e-05,impact,False,
T,sac,4,SS6,175,1568484266,crash,off_plate_strike,1.0337122464975297,3.675,True,nan,True,111,47,0,7,0,0,0,0,0,0,8,nan,0,0,6,-0.6768654842912548,-0.8778722864279965,-1.151595290688062,0.24854887036982568,False,1.3585280897398,-1.5418923265856956,2.1191476816877493,False,0.0,2.1191476816877493,-0.333007192228985,0.0,0.004166666666666874,True,False,2.1191476816877493,-0.3182006599061007,-0.23039672325291588,29.952272519474484,-0.5357623100280762,-0.3036656128185637,False,0.029166666666666667,False,True,-0.012462139682508021,impact,False,
S,sac,4,SS6,176,200621214,hard_landing,dwell_complete,0.5451395890263935,1.1166666666666667,False,1.1166666666666667,True,34,7,0,0,0,15,10,0,1,0,7,-0.4477555539324432,0,56,124,-0.7545593738555908,-0.6904273726843116,-0.7022240037405553,-0.09732801687808976,False,0.5982500437236163,-1.0239913984330056,1.1295310401730088,False,0.0,0.872433470600478,0.07374492767102597,4.497520706882765,0.016666666666666607,True,False,1.1295310401730088,0.0761237174658353,-0.03265697612104752,2.4324993221204947,-0.6524441242218018,-0.03315750764656656,False,0.020833333333333332,False,True,0.0004531238048546031,impact,False,
T,sac,4,SS6,178,1450410311,hard_landing,dwell_complete,0.5786561815014154,1.7416666666666667,False,1.7416666666666667,True,53,15,0,0,0,15,15,5,6,0,4,-0.4626662683228755,0,14,126,-0.32918997138003797,-0.5423921559678706,-0.5389897803574518,0.14106436474633732,False,0.6779277210532589,-0.03412084816291382,0.42572467804142095,True,0.875,0.4778254163712297,-0.6006641540548942,5.76566330001095,0.012499999999999956,True,True,0.42572467804142095,-0.5986154733341488,0.1337230816315112,3.147503823620334,-1.016538800787891,-0.04016165828941955,False,0.1,True,True,-0.005403340743219557,impact,False,
S,sac,4,SS6,184,1680960645,success,dwell_complete,0.26933160771024534,2.0375,False,2.0375,True,62,4,0,0,0,15,13,8,0,0,4,-0.9295179776250619,0,120,127,-0.16448962092399597,-0.15428685684457513,-0.4323212004590973,-0.17147128759266872,False,0.27268985905049625,-0.8845321042018119,0.9413577326420385,False,0.0,0.9413577326420385,-0.043798332819939466,1.5326683391763853,0.054166666666666696,False,True,0.42572467804142095,0.14363608501710645,0.1552380608668034,0.39025814707295137,-1.1302885115146637,0.012791528672218722,True,0.0,False,False,0.0010637604325842178,post_contact_idle,False,
T,sac,4,SS6,186,853190055,off_pad,release,1.337167532173246,0.7916666666666666,False,0.7833333333333333,True,24,5,0,0,0,3,3,2,1,0,0,-0.645390071062545,0,8,26,-0.6335544432530202,-0.8115949294274519,-1.2775339477820227,0.10316973740962908,False,1.4450793591671927,-1.7239027223163272,0.6751527336781604,False,0.0,0.9070742248174968,-0.4247136119838164,15.665756314767721,0.033333333333333326,False,False,1.0462271195010986,-0.432738808893284,0.00034803282381220657,25.564281437521313,-0.8587498922192494,-0.0026656329347508,False,0.016666666666666666,False,True,-0.18619174546485998,other,False,
S,sac,4,SS6,188,505357842,success,dwell_complete,0.22491972425426193,2.0833333333333335,False,2.0833333333333335,True,63,0,0,0,0,15,14,0,7,2,0,-0.7734846685621853,0,60,124,-0.1062437891960144,-0.28732145346197147,-0.32849825321782167,-0.13112196400989246,False,0.20479346488944228,-1.0682357490608259,0.42572467804142095,True,1.0,0.42572467804142095,-1.9952101109151439,1.9373926355157562,0.02916666666666634,True,True,0.42572467804142095,-1.9868774539387597,0.0976221187851002,0.9582653037772397,-1.022285149144376,-0.04633840512463752,False,0.06666666666666667,True,False,0.020756931101299177,impact,True,success_unloaded
S,sac,4,SS6,191,1002338391,success,dwell_complete,0.34303064264009575,1.4833333333333334,False,1.4833333333333334,True,45,4,0,0,0,15,15,0,0,0,2,-0.8576440458713314,0,112,124,-0.5695055782794952,-0.3696011653255603,-0.5432957407262493,-0.19674880629964564,False,0.34215767288852844,-1.1214352774493273,0.938793851981948,False,0.0,0.7885408077747762,0.671880132461912,2.650844794157424,0.029166666666666563,True,False,0.53811906742949,0.7150248939626966,0.1405344069107166,1.3744621037457716,-0.7398183376207416,0.03343291742845264,True,0.0,False,False,0.0008282506297054065,impact,False,
T,sac,4,SS6,195,1137692218,hard_landing,dwell_complete,0.3380899527241732,1.1291666666666667,False,1.1291666666666667,True,34,6,0,0,0,15,15,7,1,2,6,-0.9296304420106964,0,112,121,-0.57664914727211,-0.4885613830193624,-0.5213994810274591,-0.11892946208119276,False,0.39881761108599184,-0.8113612961940494,0.8229207473591801,False,0.75,0.5250236953708608,0.39874034853775775,7.609243096509395,0.07499999999999996,False,True,0.42572467804142095,0.5619616069509061,0.1668983780649562,4.404471594330042,-0.8676552929580233,0.06945907089051409,True,0.0,False,False,0.04565435623740631,post_contact_idle,False,
S,sac,4,SS6,199,2042228284,hard_landing,dwell_complete,0.4163993912143468,1.5875,False,1.5875,True,49,4,0,0,0,14,13,0,0,0,0,-0.6933930039582812,0,112,123,-0.3514623522758484,-0.2801058541325222,-0.45365881530748814,-0.03039092719958103,False,0.4240464972840517,-1.6689684100066176,1.2094561157071164,False,0.0,1.010450928550869,0.7637121754730251,2.6125747320844472,0.050000000000000044,False,True,0.42572467804142095,0.7526887803253124,0.17208415223682536,1.235084648277672,-0.8066232580283699,-0.02996733413894226,False,0.016666666666666666,False,False,-0.0009974065098266173,post_contact_idle,False,
S,pid_feedforward,0,SS3,5,558736479,success,dwell_complete,0.21545456527759915,4.579166666666667,False,4.579166666666667,True,138,0,0,0,0,15,0,0,0,0,0,-0.2417132556438446,0,0,125,-0.3258946418762207,-0.21613435792813745,-0.37278911800686504,-0.15030763599899705,False,0.2225099123852433,-0.5736959295353065,1.0074142548848135,False,0.0,0.8991901571474747,0.23972982892596562,1.469755305030884,0.012500000000000178,True,False,1.0074142548848135,0.2348555001054462,0.0044045967526053125,0.8924913800717298,-0.37232040613889694,0.0035783057805764394,True,0.0,False,False,0.0011302869366771652,impact,False,
S,pid_feedforward,0,SS3,29,1921923984,success,dwell_complete,0.20562475847733544,4.358333333333333,False,4.358333333333333,True,132,0,0,0,0,14,0,0,0,0,0,-0.1939597874879837,0,0,122,-0.21608599796891212,-0.20783666815537621,-0.3259246703548328,-0.11700124605864592,False,0.2089212769938769,-0.6343184254297165,0.9795221871734718,False,0.0,0.9619965089065909,0.1713320011856354,1.609197488765464,0.020833333333333037,True,False,0.9514811019464625,0.19836908518708204,0.018216264923207926,0.7655700563823962,-0.33258620649576187,0.008557451453039976,True,0.0,False,False,0.00026219394444915807,impact,False,
S,pid_feedforward,0,SS3,49,346551576,success,dwell_complete,0.181918168671577,4.858333333333333,False,4.858333333333333,True,147,0,0,0,0,14,0,0,0,0,0,-0.18198184669017792,0,0,122,-0.1769675724208355,-0.20488068314078858,-0.15709413769591773,0.044586759007291164,False,0.2014842718623535,-0.44939739026728276,1.0063888896762336,False,0.0,0.9638387054152168,-0.02596417838524133,1.4690011360316775,0.024999999999999467,True,False,0.9383085948586065,-0.031657122357457136,0.015483714313979513,0.779515792414284,-0.15911370143294334,-0.0022254238211105756,False,0.0125,False,False,-0.0003339407883544443,impact,True,success_unloaded
S,pid_feedforward,0,SS3,54,924557908,success,dwell_complete,0.17245919493160042,5.229166666666667,False,5.229166666666667,True,157,0,0,0,0,15,0,0,0,0,0,-0.22526827454566956,0,0,121,-0.16400465071201326,-0.20390114095614925,-0.17977128117279395,0.013227536744906489,False,0.19286865383187107,-0.04395627542863638,0.9781548956297035,False,0.0,0.9451904990879809,-0.16333005355919214,1.2773158248574727,0.016666666666666607,True,False,0.9342023669074068,-0.162540647378866,0.013035974414043004,0.6848245824753858,-0.19361237436532974,0.0012877437107726931,True,0.0,False,False,-0.00022213102673272989,impact,False,
S,pid_feedforward,0,SS3,60,258404339,success,dwell_complete,0.19916372219937045,4.366666666666666,False,4.366666666666666,True,131,0,0,0,0,15,0,0,0,0,0,-0.21090736985206604,0,0,120,-0.19786443412303925,-0.20645975546869855,-0.19999634098343022,0.0022646235927391554,False,0.20180335755392714,-0.9356974635230483,1.0010999810888823,False,0.0,0.9946323161912908,-0.027315854917362315,1.3755552623878267,0.05833333333333357,False,False,0.5916666455073868,-0.02658635550415564,0.107330599403085,0.3989172615633891,-0.20569666475057602,-0.0005443694311188633,False,0.004166666666666667,False,False,-1.8979590108528647e-05,other,True,success_unloaded
S,pid_feedforward,0,SS3,65,323032325,success,dwell_complete,0.20881479980973505,3.495833333333333,False,3.495833333333333,True,105,0,0,0,0,15,0,0,0,0,0,-0.15266208350658417,0,0,121,-0.22154225334525107,-0.2082489696517916,-0.2924409343540995,-0.06401010871226535,False,0.2286017307572511,-0.26464962442302353,1.0169168524019476,False,0.0,0.9930613555110769,0.5632278236215524,1.8382405356385956,0.02083333333333348,True,False,0.9851095232141197,0.5876996172241292,0.019835666843395095,0.876349929882048,-0.27408336102962494,0.009435716687905257,True,0.0,False,False,-0.0015303822474094712,impact,False,
S,pid_feedforward,0,SS3,68,960847886,success,dwell_complete,0.19228783695130905,4.95,False,4.95,True,149,0,0,0,0,15,0,0,0,0,0,-0.19469308108091354,0,0,124,-0.22664516270160676,-0.20863456831804997,-0.1807797646350187,0.029130542679628654,False,0.209884091680636,-0.5572906564025325,1.0147277564250774,False,0.0,0.9882614154246373,0.05090904242465248,1.2693798716775972,0.029166666666666785,True,False,0.9441508470905703,0.03087206462554002,0.01562805035103468,0.6669698809943393,-0.1745777204632759,-0.002591629135532695,False,0.020833333333333332,False,False,-5.10651238594858e-05,impact,True,success_unloaded
S,pid_feedforward,0,SS3,72,1881702858,success,dwell_complete,0.17943322072919776,4.729166666666667,False,4.729166666666667,True,142,0,0,0,0,15,0,0,0,0,0,-0.25514041632413864,0,0,121,-0.1751918226480484,-0.2047465007807465,-0.22399287108458263,-0.032534512965266126,False,0.19106717445927218,-0.4362073530876872,0.9711077083267902,False,0.0,0.9353375341816531,-0.2042322872178387,1.027651505221852,0.020833333333333037,True,False,0.9234141427999408,-0.19819146043033037,0.014916515448554301,0.4825141612325269,-0.24333161115646362,0.0019389300486226764,True,0.0,False,False,0.0003882253762085304,impact,False,
S,pid_feedforward,0,SS3,73,289920193,success,dwell_complete,0.18399514675940568,3.75,False,3.75,True,113,0,0,0,0,15,0,0,0,0,0,-0.12349364161491394,0,0,124,-0.19974187016487122,-0.20660162447321764,-0.13995766613607755,0.0705431812547097,False,0.21046291836575198,-0.08725980827606775,1.0224682649637684,False,0.0,0.8989693969878957,0.14587969109863425,0.9848462371980907,0.02083333333333348,True,False,0.693137950361441,0.1402063429282475,0.08493304508745261,0.6012609012911608,-0.12811901047825813,-0.002096099651958079,False,0.020833333333333332,False,False,-0.0005102539210231774,impact,True,success_unloaded
S,pid_feedforward,0,SS3,82,1242778508,success,dwell_complete,0.20253221543034047,3.7875,False,3.7875,True,115,0,0,0,0,14,0,0,0,0,0,-0.18226339481770992,0,0,123,-0.2197845235466957,-0.20811614802840717,-0.20704813341222403,0.00283023612708965,False,0.20953381736541818,-0.6418899059723158,1.008537816179293,False,0.0,0.984709006283474,0.0909671693497591,1.2926416734647965,0.02916666666666634,True,False,0.9608801963876553,0.09106047767330905,0.012808540536484232,0.6608338468565393,-0.20287205278873444,0.000277799954275568,True,0.0,False,False,-0.0002578748813183687,impact,False,
S,pid_feedforward,0,SS3,88,1372208371,success,dwell_complete,0.1728341651880771,4.645833333333333,False,4.645833333333333,True,140,0,0,0,0,15,0,0,0,0,0,-0.26572760939598083,0,0,125,-0.09541175328195095,-0.19871792084843592,-0.06394942815885447,0.109414708867765,False,0.1734295838262235,-0.5801184647052848,0.9646354450452336,False,0.0,0.9307841074770494,-0.49947505091216304,1.0835943585196404,0.025000000000000355,True,False,0.8292300947724971,-0.5242036944383437,0.0309989035237378,0.49920035485444175,-0.09984355419874191,-0.004564670403766559,False,0.025,False,False,-4.439143560474797e-05,impact,True,success_unloaded
S,pid_feedforward,0,SS3,102,2010693803,success,dwell_complete,0.2180777151978006,3.904166666666667,False,3.904166666666667,True,118,0,0,0,0,15,0,0,0,0,0,-0.1703132875263691,0,0,127,-0.258743517100811,-0.2110600803268822,-0.2158779432508259,0.014709936795350643,False,0.23063407904118718,-0.6545709803162919,1.0483051289793646,False,0.0,1.0483051289793646,0.4032693609113531,1.5169408615941637,0.012499999999999734,True,False,1.0483051289793646,0.4068018651081315,-0.0017801834287871378,0.7012281611625553,-0.19315914809703827,-0.0024246276671064083,False,0.03333333333333333,False,False,-0.0002836338119645316,impact,True,success_unloaded
S,pid_feedforward,0,SS3,115,268198437,success,dwell_complete,0.1878104064053927,3.5625,False,3.5625,True,107,0,0,0,0,15,0,0,0,0,0,-0.2072204053401947,0,0,121,-0.24771270155906677,-0.21022653572324612,-0.2128446442800782,-0.0014834921498024082,False,0.21149177596223265,-0.01403418539615578,1.0171318217903564,False,0.0,0.9774599182526718,0.04448476729084659,1.8189684441375493,0.02499999999999991,True,False,0.964235950406777,0.03082011995365394,0.010334636183529134,1.0207430974074179,-0.2084914594888687,-0.0028122304194866917,False,0.008333333333333333,False,False,0.00037304097440002794,impact,True,success_unloaded
S,pid_feedforward,0,SS3,129,107904836,success,dwell_complete,0.18812856918874563,5.0,False,5.0,True,150,0,0,0,0,15,0,0,0,0,0,-0.2083568125963211,0,0,120,-0.18391220048069953,-0.2054054571888458,-0.17787604901311857,0.0212840758899789,False,0.19948695456107027,-0.5147339516036031,0.9964614482948293,False,0.0,0.9754950802349859,-0.06926492051106137,1.516225173056784,0.020833333333333037,True,False,0.9724998847978653,-0.07141695777615827,0.005365360622382976,0.8022727308600615,-0.1841384768486023,-0.0006923403699081547,False,0.004166666666666667,False,False,-0.00015780985721733853,impact,True,success_unloaded
S,pid_feedforward,0,SS3,130,1674865942,success,dwell_complete,0.1938391381300922,5.595833333333333,False,5.595833333333333,True,168,0,0,0,0,15,0,0,0,0,0,-0.21540547907352448,0,0,121,-0.2288897901773453,-0.20880418667742218,-0.22774347582371907,-0.029961195661262804,False,0.1978138094715867,-0.5384549958629721,0.9845217237480749,False,0.0,0.9532871568454256,-0.13959879232606895,1.3304503587634084,0.025000000000000355,True,False,0.9428756345445425,-0.128630209707114,0.01166169353125332,0.7253731562344875,-0.24025654792785645,0.00017512358446861729,True,0.0,False,False,0.0003772820685141169,impact,False,
S,pid_feedforward,0,SS3,132,1332772073,success,dwell_complete,0.1927457355621935,4.2375,False,4.2375,True,128,0,0,0,0,15,0,0,0,0,0,-0.21670375764369965,0,0,127,-0.19271531254053115,-0.20607066193766674,-0.1932801977081538,0.007027774613638436,False,0.20031300761463994,-0.4741537829860387,0.9957420007370752,False,0.0,0.9957420007370752,-0.059706821208437164,0.9694234012333918,0.016666666666666607,True,False,0.9957420007370752,-0.0599469946208134,-0.0004853215319967005,0.42468553598407216,-0.19929847866296768,-0.0005138643519360197,False,0.03333333333333333,False,False,-8.404121291389163e-06,impact,True,success_unloaded
S,pid_feedforward,0,SS3,134,770293282,success,dwell_complete,0.18457391291551276,3.5541666666666667,False,3.5541666666666667,True,107,0,0,0,0,15,0,0,0,0,0,-0.20091571658849716,0,0,123,-0.2065965414047241,-0.20711959729582194,-0.19774205165221118,0.007060909602801616,False,0.20480816531383936,-0.31727920966650536,1.0035818474739633,False,0.0,0.8557671703800184,0.00712528874998229,1.2694342922899182,0.016666666666666607,True,False,0.7079524932860735,0.0068637571330633085,0.07747451120889683,0.7326937834081626,-0.19941388070583344,-0.0007310435762686575,False,0.016666666666666666,False,False,-0.00011822968196360298,impact,True,success_unloaded
S,pid_feedforward,0,SS3,136,52561716,success,dwell_complete,0.2209910844507085,3.925,False,3.925,True,118,0,0,0,0,15,0,0,0,0,0,-0.10347841680049896,0,0,122,-0.2870779722929001,-0.21320117815180134,-0.19182135475517095,0.0471642308809411,False,0.2384625965228131,-0.7566189677772374,1.067941305493346,False,0.0,1.0164270177551504,0.5633390027557064,1.6745142717177226,0.016666666666666607,True,False,0.9855184451122333,0.5606228175082766,0.01898674109691087,0.9761253548777218,-0.150914054363966,-0.002487829030858151,False,0.0125,False,False,-0.001783191486263258,impact,True,success_unloaded
S,pid_feedforward,0,SS3,142,538582925,success,dwell_complete,0.184954058407044,3.975,False,3.975,True,120,0,0,0,0,15,0,0,0,0,0,-0.18688548356294632,0,0,126,-0.20097933188080788,-0.20669512951923993,-0.1848203709625974,0.0202979115339043,False,0.20460252201640375,-0.39283658992505294,1.0061498388618726,False,0.0,0.9814592920461828,0.029934088956310757,1.4354212607825028,0.02916666666666634,True,False,0.8086254643363546,0.025683930709315267,0.05132864753396675,0.760013417037293,-0.18437909334897995,-0.0008941686720141754,False,0.029166666666666667,False,False,-0.00017271187146568586,impact,True,success_unloaded
S,pid_feedforward,0,SS3,144,1170825572,success,dwell_complete,0.2033885133514358,4.391666666666667,False,4.391666666666667,True,133,0,0,0,0,14,0,0,0,0,0,-0.1980166956782341,0,0,122,-0.20426553711295128,-0.206943453053383,-0.17080846966589058,0.03465426856975786,False,0.20512177123417755,-0.9813589675828145,1.0108996835620965,False,0.0,0.9733129910466544,0.009446295017826876,1.4900377399803073,0.025000000000000355,True,False,0.9507609755373889,-0.002547081061859323,0.012977256670825445,0.6972165011251755,-0.16948217153549194,-0.00235047621907472,False,0.0125,False,False,-0.00012821338220041787,impact,True,success_unloaded
S,pid_feedforward,0,SS3,156,1593741725,success,dwell_complete,0.19702394084061967,4.491666666666666,False,4.491666666666666,True,136,0,0,0,0,14,0,0,0,0,0,-0.22710497304797173,0,0,122,-0.17227890864014625,-0.20452638521698838,-0.18714452751430707,0.01036278431572634,False,0.1969335177131484,-0.7459859908783876,0.9918679693346928,False,0.0,0.9611871363824799,-0.11202667311921152,1.2382028232265283,0.025000000000000355,True,False,0.9427786366111521,-0.1126264988498804,0.011828744976986733,0.6132501923001679,-0.19695758074522018,-0.0010732633183389785,False,0.0125,False,False,-9.327497208114087e-05,impact,True,success_unloaded
S,pid_feedforward,0,SS3,187,1530772550,success,dwell_complete,0.21298779095178486,4.9,False,4.9,True,147,0,0,0,0,15,0,0,0,0,0,-0.11839444935321808,0,0,120,-0.22266541868448259,-0.20833384512320824,-0.13378331085787537,0.082060161713156,False,0.21546694369929453,-0.6337257355561775,1.033994837761882,False,0.0,1.0293156000230024,0.1861785577074832,0.7946252609931538,0.01249999999999929,True,False,1.0286471374888768,0.18998020083276881,-0.002464792078040133,0.35156195110129895,-0.11839444935321808,-0.003458141935326851,False,0.0375,False,False,-0.0006773472410612566,impact,True,success_unloaded
S,pid_feedforward,0,SS3,191,1615938081,success,dwell_complete,0.184710458116026,3.8041666666666667,False,3.8041666666666667,True,115,0,0,0,0,15,0,0,0,0,0,-0.20308363437652588,0,0,127,-0.2249661698937416,-0.2085076975885922,-0.22225672867420518,-0.013140962233644674,False,0.20906800849459528,-0.15613029423491379,1.0060016217128112,False,0.0,1.0060016217128112,0.05106580197725072,1.3202969555317081,0.008333333333333304,True,False,1.0060016217128112,0.04999054801860613,-0.00021960986645483383,0.804158853814764,-0.22159431874752045,-0.00028272626837059155,False,0.03333333333333333,False,False,9.803232158606503e-05,impact,True,success_unloaded
S,pid_feedforward,0,SS3,198,108547188,success,dwell_complete,0.16742039370046874,7.316666666666666,False,7.316666666666666,True,220,0,0,0,0,15,0,0,0,0,0,-0.24444613605737686,0,0,124,-0.17916281148791313,-0.20504656847501043,-0.16343258877681796,0.03035296820151568,False,0.19364377501767255,-0.03780903734643858,0.9871974267804725,False,0.0,0.8345206204668605,-0.19778087068074204,0.9326599722917803,0.016666666666666607,True,False,0.9871974267804725,-0.1998177764093077,-0.001996455858969359,0.6149444855249437,-0.1711481586098671,-0.001996455858969359,False,0.020833333333333332,False,False,6.468174902476181e-05,impact,True,success_unloaded
S,pid_feedforward,0,SS3,199,1565262016,success,dwell_complete,0.1712591796521222,5.216666666666667,False,5.2125,True,157,0,0,0,0,15,0,0,0,0,0,-0.1928732916712761,0,0,124,-0.1656639538705349,-0.20402652560809084,-0.16319069726323251,0.03587369598726357,False,0.2004012642851213,0.006730393991615032,0.9951570789231546,False,0.0,0.8453554737081136,-0.06561015914428056,1.4466617575043184,0.012500000000000178,True,False,0.9951570789231546,-0.06505981731615265,-0.000599461724361865,0.731910372479961,-0.16728812456130981,-0.0006335634557781975,False,0.020833333333333332,False,False,-0.00023684969635199367,impact,True,success_unloaded
S,pid_feedforward,0,SS4,15,217668846,success,dwell_complete,0.2054625426714614,3.6708333333333334,False,3.6708333333333334,True,111,0,0,0,0,15,0,0,0,0,0,-0.1619923822581768,0,0,127,-0.3071370765566826,-0.2147169397374461,-0.28968295221577983,-0.05887278534022792,False,0.2300405670821053,-0.17978540456520736,1.0326833620609317,False,0.0,1.0326833620609317,0.35412256108610746,1.415896163627007,0.020833333333333037,True,False,1.0326833620609317,0.35879277141550614,0.001046996293017947,0.7106293422704061,-0.27238715440034866,0.000743735502210162,True,0.0,False,False,0.0002430686793110886,impact,False,
S,pid_feedforward,0,SS4,16,696548069,success,dwell_complete,0.17134438363041946,7.379166666666666,False,7.379166666666666,True,222,0,0,0,0,15,0,0,0,0,0,-0.2612806186079979,0,0,125,-0.1935097649693489,-0.2061306933507252,-0.22923326890922957,-0.03786630897169925,False,0.19089742106824886,-0.012074516112448842,0.9707292095479035,False,0.0,0.8745662417483986,-0.22411744033777417,1.4029727010249409,0.012500000000000178,True,False,0.9707292095479035,-0.22595148249057243,0.001655299189541615,0.7946713647421056,-0.2449052855372429,0.0014168135335554024,True,0.0,False,False,0.0007488675905298319,impact,False,
S,pid_feedforward,0,SS4,23,2087876775,success,dwell_complete,0.17122008771638497,5.2125,False,5.2125,True,158,0,0,0,0,14,0,0,0,0,0,-0.2398821786046028,0,0,125,-0.13368393629789352,-0.20160995717584634,-0.15787985344950328,0.03184993813724471,False,0.1891487012571412,-0.10980970513446657,0.9745117555420468,False,0.0,0.9650083585675925,-0.21725923665100733,0.1848439297601673,0.029166666666665897,True,False,0.9364981676442291,-0.2205901009101405,0.010702960405313662,0.07702902353140605,-0.1775820292532444,0.0007144476551407334,True,0.0,False,False,-0.00017373602026092162,impact,False,
S,pid_feedforward,0,SS4,25,1955270286,success,dwell_complete,0.17172258527435982,4.1375,False,4.1375,True,125,0,0,0,0,15,0,0,0,0,0,-0.11429788917303085,0,0,127,-0.11921939942985774,-0.2005169425055921,-0.029092344302545446,0.1692387759315453,True,0.19803455853602653,-0.10000768103236503,1.012564881008724,False,0.0,1.012564881008724,-0.03216259712706762,1.382916163774425,0.016666666666666607,True,False,1.012564881008724,-0.03791125909542234,-0.004333419465243288,0.7289042604595081,-0.02415185049176216,-0.005260786487970693,False,0.03333333333333333,False,False,-0.0011092685082363194,impact,True,success_unloaded
S,pid_feedforward,0,SS4,35,1846185832,success,dwell_complete,0.17618125435165083,4.575,False,4.575,True,138,0,0,0,0,15,0,0,0,0,0,-0.22096142917871475,0,0,126,-0.15718521028757096,-0.20338582735787014,-0.17040446350516342,0.02386757680691884,False,0.19331086825504917,-0.09479965919715673,0.986121423564783,False,0.0,0.93709572363232,-0.1414977144221465,1.429137379675558,0.020833333333333037,True,False,0.986121423564783,-0.14219028489549013,-0.00022583140699770202,0.7717525174528057,-0.18008723482489586,-0.00023760843370265993,False,0.029166666666666667,False,False,-0.00018549596759060439,impact,True,success_unloaded
S,pid_feedforward,0,SS4,57,1109774061,success,dwell_complete,0.13907400321994126,4.558333333333334,False,4.558333333333334,True,137,0,0,0,0,15,0,0,0,0,0,-0.40035952627658844,0,0,122,-0.07130201095715165,-0.19689606611991645,-0.1633535488568574,-0.01621136352585011,False,0.14667613178276243,-0.15232401920306668,0.9031255335542425,False,0.0,0.8790021803723992,-1.0100429216916194,0.9002515760527344,0.024999999999999467,True,False,0.8645281684632931,-1.0141200668959827,0.008337058213283271,0.48220236573984576,-0.23375460505485535,-0.0016565930922308768,False,0.0125,False,False,0.0016433248991238262,impact,True,success_unloaded
S,pid_feedforward,0,SS4,59,1875727330,success,dwell_complete,0.22128694276258468,4.891666666666667,False,4.891666666666667,True,147,0,0,0,0,15,0,0,0,0,0,-0.010271219071000814,0,0,122,-0.33142350539565085,-0.21655214179622814,-0.18658498666020865,0.06667138700534929,False,0.251150860557278,-0.3520803131585287,1.0941602418144862,False,0.0,1.0468225982906618,0.8102279268324695,1.7618495902566493,0.020833333333333037,True,False,1.0184200121763676,0.802024557066936,0.016635676477560004,1.0353424991268056,-0.12761997431516647,-0.002966267432129727,False,0.0125,False,False,-0.0013212883988389039,impact,True,success_unloaded
S,pid_feedforward,0,SS4,69,1916697051,success,dwell_complete,0.1996406694730366,5.2125,False,5.2125,True,158,0,0,0,0,14,0,0,0,0,0,-0.14957346953451633,0,0,125,-0.15600090399384497,-0.2032963375648404,-0.11233592293929591,0.08773549194704443,False,0.20071993460882748,-1.136538344715003,1.0069131840544185,False,0.0,0.9889851466560902,-0.011551771117453697,0.1838213775125764,0.037499999999999645,False,False,0.9352010344611047,-0.03616317748555897,0.015924823239330237,0.13941954455689037,-0.11241444200277328,-0.0025054705831333807,False,0.025,False,False,-0.0005537284946373196,other,True,success_unloaded
S,pid_feedforward,0,SS4,81,1069232166,success,dwell_complete,0.21279751433669597,4.175,False,4.175,True,126,0,0,0,0,15,0,0,0,0,0,-0.11340584233403206,0,0,126,-0.2629848636686802,-0.2113805818488142,-0.1972064382759924,0.039654894179451776,False,0.23802064657259978,-0.40150475574284966,1.0607654245049734,False,0.0,1.0029624080016146,0.500855693023989,1.4165480488442046,0.020833333333333037,True,False,1.0607654245049734,0.4914228412577821,-0.0027937986091096044,0.8265837026812367,-0.16902846470475197,-0.0029844273008147277,False,0.029166666666666667,False,False,-0.0010306516363910586,impact,True,success_unloaded
S,pid_feedforward,0,SS4,85,2081940702,success,dwell_complete,0.1888880041767052,5.279166666666667,False,5.279166666666667,True,159,0,0,0,0,15,0,0,0,0,0,-0.15871424227952957,0,0,125,-0.25827403366565704,-0.2110246068884804,-0.2059031370785018,0.017706810517685294,False,0.2240648621408853,-0.07504040054031115,1.0368585285834828,False,0.0,0.928064538493658,0.27785916437891306,1.4412724284470908,0.016666666666666607,True,False,1.0368585285834828,0.27602962242863477,-0.0022791280089125504,0.912970643380492,-0.1920326203107834,-0.0023996675234192293,False,0.025,False,False,-0.00031534480097368853,impact,True,success_unloaded
S,pid_feedforward,0,SS4,89,1460784246,success,dwell_complete,0.1744996293074188,4.975,False,4.975,True,150,0,0,0,0,15,0,0,0,0,0,-0.2510227560997009,0,0,126,-0.20120199620723725,-0.2067119595310218,-0.22052713273105,-0.021281990038634863,False,0.20099925974560254,-0.20408686018442979,0.990275833805732,False,0.0,0.9391378817317142,-0.09896736844730658,1.437036078551678,0.016666666666666607,True,False,0.990275833805732,-0.09865589978611651,-0.0002755889608426316,0.730923970763198,-0.22926434129476547,-0.00033498386123442575,False,0.029166666666666667,False,False,0.0017309973218835254,impact,True,success_unloaded
S,pid_feedforward,0,SS4,94,1246638828,success,dwell_complete,0.1484788293765304,4.529166666666667,False,4.529166666666667,True,137,0,0,0,0,14,0,0,0,0,0,-0.35379277914762497,0,0,121,-0.1928420068696141,-0.20608023755740637,-0.3844230577207504,-0.215694070637722,False,0.1682925352247318,-0.011051729398897904,0.8962518835490141,False,0.0,0.8717319073759898,-0.5731457528213678,1.1749012899348181,0.024999999999999467,True,False,0.8635585819849818,-0.5074148644945916,0.02239778339316258,0.6416662158864221,-0.44342073798179626,0.00972495745992498,True,0.0,False,False,0.003273546165495033,impact,False,
S,pid_feedforward,0,SS4,111,1101765951,success,dwell_complete,0.20327459625244035,5.408333333333333,False,5.408333333333333,True,163,0,0,0,0,15,0,0,0,0,0,-0.1270884834229946,0,0,126,-0.2475169599056244,-0.21021174801490786,-0.1948124958522653,0.02405871576349748,False,0.21892474424817615,-0.4126895932482242,1.029865666150794,False,0.0,0.975709493154255,0.25816681418628196,1.4528089598402856,0.020833333333333037,True,False,1.029865666150794,0.2566400707137296,-0.0010008724374222747,0.6981758834532367,-0.18350375443696976,-0.0010343049553208138,False,0.029166666666666667,False,False,-0.0003644815221931754,impact,True,success_unloaded
S,pid_feedforward,0,SS4,123,1422627062,success,dwell_complete,0.13536960638420653,5.425,False,5.425,True,164,0,0,0,0,14,0,0,0,0,0,-0.4303409457206726,0,0,122,0.02856424394994974,-0.18934967166882893,-0.18033944368542798,-0.040008892305594665,False,0.13838758710342658,-0.43240690982238617,0.8755486141444095,False,0.0,0.8547612132620639,-1.0068831781861691,1.1533131428043788,0.033333333333333215,False,False,0.8422887727326565,-0.9650547308730184,0.015414196364804728,0.7054620663247375,-0.25970491021871567,0.004942245200871076,True,0.0,False,False,0.0006268681667196722,other,False,
S,pid_feedforward,0,SS4,135,1161446768,success,dwell_complete,0.19836519239714723,4.666666666666667,False,4.666666666666667,True,140,0,0,0,0,15,0,0,0,0,0,-0.16502828523516655,0,0,120,-0.22194365710020064,-0.20827930270593425,-0.2002401766936268,0.012192911660126409,False,0.2129371246437622,-0.33349575897386274,1.0127928504737487,False,0.0,0.9929935419276271,0.13180096909170846,1.610120237258874,0.016666666666666607,True,False,0.990165069278181,0.13188062014631363,0.006174757346403214,0.9063983682858142,-0.19397277384996414,0.00019519626246484225,True,0.0,False,False,-0.00019293437233635955,impact,False,
S,pid_feedforward,0,SS4,140,451247318,success,dwell_complete,0.17259982243437053,4.095833333333333,False,4.095833333333333,True,123,0,0,0,0,15,0,0,0,0,0,-0.2581223174929619,0,0,121,-0.14740527048707008,-0.20264680830041298,-0.18160312746856808,0.009304703463079267,False,0.19038054843583094,-0.3494356385868753,0.9745884798626238,False,0.0,0.9308793623630062,-0.24310320581093686,1.40437301332923,0.016666666666666607,True,False,0.9163096565298003,-0.24345241209197346,0.015584813113958275,0.6838636534099948,-0.19818569719791412,0.0002066286258486382,True,0.0,False,False,-5.002470957564498e-05,impact,False,
S,pid_feedforward,0,SS4,145,1286322466,success,dwell_complete,0.2131671333323845,5.595833333333333,False,5.595833333333333,True,168,0,0,0,0,15,0,0,0,0,0,-0.2813093662261963,0,0,121,-0.2902436710894108,-0.2134403940505442,-0.39202662038347696,-0.17555062580431907,False,0.21768416290881937,-0.7637715916917366,0.9840328584254094,False,0.0,0.9522687668894554,0.1539978045490598,1.3274557500208273,0.029166666666666785,True,False,0.9416807363774707,0.2027380552172499,0.02084554043550726,0.6983827614370556,-0.39655785262584686,0.007559597853924476,True,0.0,False,False,0.0019575025727542844,impact,False,
S,pid_feedforward,0,SS4,147,1697022180,success,dwell_complete,0.20350762587880786,5.25,False,5.25,True,159,0,0,0,0,14,0,0,0,0,0,-0.15018117427825928,0,0,124,-0.22054727748036385,-0.20817378472583933,-0.1901981752453768,0.024190716704587025,False,0.22034841561163973,-0.244342230628498,1.0164449558073678,False,0.0,0.9995484608419128,0.13298485956351214,2.856022524702391,0.5166666666666666,False,False,0.5970290468227352,-0.017593903937852838,0.10564490883672824,0.4832702042563753,-0.1425100676715374,-0.0005030016587572875,False,0.004166666666666667,False,False,0.052803258061960796,other,True,success_unloaded
S,pid_feedforward,0,SS4,157,990009387,success,dwell_complete,0.20431225703191533,3.8833333333333333,False,3.8833333333333333,True,117,0,0,0,0,15,0,0,0,0,0,-0.2022106647491455,0,0,124,-0.2365910992026329,-0.20938613473888248,-0.2222662073990122,-0.012292862764459013,False,0.20767792418610906,-0.707717975400114,1.0072863285586067,False,0.0,0.8521098111810426,0.06948308477599281,1.5408127113761376,0.012500000000000178,True,False,1.0072863285586067,0.06950307078653524,-0.0001162879914058236,0.8980919325236495,-0.2217141017317772,-0.00015269942460620006,False,0.020833333333333332,False,False,0.0015597023808950697,impact,True,success_unloaded
S,pid_feedforward,0,SS4,161,846331680,success,dwell_complete,0.18003077722833116,4.25,False,4.25,True,129,0,0,0,0,14,0,0,0,0,0,-0.1555547844618559,0,0,124,-0.106653493642807,-0.1995674003739833,-0.09993182436055228,0.09444033972808702,False,0.19015750476906135,-0.3192586203121887,0.9916773209656816,False,0.0,0.9775755464538992,-0.11125749075920578,1.3779419126284596,0.029166666666666785,True,False,0.9540725889342618,-0.12019239079157484,0.008408069473867488,0.7075495338878106,-0.10694590955972672,-0.0013952707380183104,False,0.020833333333333332,False,False,-0.0010420717770037657,impact,True,success_unloaded
S,pid_feedforward,0,SS4,162,1307500521,success,dwell_complete,0.19199341547675008,4.975,False,4.975,True,151,0,0,0,0,14,0,0,0,0,0,-0.20278922840952873,0,0,126,-0.22863450795412063,-0.20878489562974345,-0.22133713243186648,-0.01129588784426989,False,0.20999988804303427,-0.2937383572508751,1.008294003535683,False,0.0,1.0017484694857384,0.06611953781386058,0.9271682362010196,0.033333333333333215,False,False,0.9559297311361261,0.06625290794363684,0.013420203652947604,0.5048913072777478,-0.2175934910774231,-0.0004380016431473853,False,0.020833333333333332,False,False,2.002481780889971e-06,other,True,success_unloaded
S,pid_feedforward,0,SS4,176,927760525,success,dwell_complete,0.1802181394404088,5.2125,False,5.2125,True,157,0,0,0,0,15,0,0,0,0,0,-0.11444538831710815,0,0,125,-0.1640692723914981,-0.20390601931164642,-0.028509580628425672,0.17773001510911532,True,0.20646530108395222,-0.0531306312332099,1.0326820672301773,False,0.0,0.9306775904868534,0.03989012423988882,1.204842736116248,0.016666666666666607,True,False,1.0326820672301773,0.03164087404221444,-0.007792329304742514,0.7329026580216025,-0.01656149234622717,-0.008241457494678068,False,0.025,False,False,-0.0011327402268220708,impact,True,success_unloaded
S,pid_feedforward,0,SS4,188,638130436,success,dwell_complete,0.20118333614823442,5.466666666666667,False,5.466666666666667,True,164,0,0,0,0,15,0,0,0,0,0,-0.14744001254439354,0,0,120,-0.20965847074985505,-0.20735096991700186,-0.16498999166094988,0.04661808526378957,False,0.21042444034536711,-0.44901504439510703,1.0215447760467267,False,0.0,1.0044512379688,0.14541390004579005,1.379845795233594,0.016666666666666607,True,False,1.0020093039576676,0.14418306327912073,0.0032660160002003624,0.6725169905523918,-0.15673362091183662,-0.001535161869730236,False,0.004166666666666667,False,False,-0.0005844863582197525,impact,True,success_unloaded
S,pid_feedforward,0,SS4,189,479807060,success,dwell_complete,0.18234600463959863,5.258333333333333,False,5.258333333333333,True,159,0,0,0,0,14,0,0,0,0,0,-0.24871725216507912,0,0,122,-0.1542860634624958,-0.2031667585946155,-0.18609460881802137,0.006847389063362741,False,0.1970541274159675,-0.39316236250185665,0.9810336876746668,False,0.0,0.9477279748987868,-0.1865111865036591,2.7262302342858704,0.5083333333333337,False,False,0.6262805484912359,-0.058967294345512525,0.09459169963381217,0.3729292021566619,-0.2756242901086807,-0.000446742595681878,False,0.008333333333333333,False,False,0.05364954779784406,other,True,success_unloaded
S,pid_feedforward,0,SS4,194,2027452974,success,dwell_complete,0.2157965152783253,5.2625,False,5.2625,True,158,0,0,0,0,15,0,0,0,0,0,-0.147585678845644,0,0,121,-0.22253682911396028,-0.20832412602748304,-0.1651894122283329,0.05804637908973767,False,0.22293293785011353,-0.6516292598019413,1.0404226991002654,False,0.0,1.003472594297552,0.27563097603934755,0.6570123241965997,0.012500000000000178,True,False,0.9911558926966477,0.2808733890170696,0.009917162241065737,0.46615947257297163,-0.14300719276070595,-0.0026545412348440807,False,0.008333333333333333,False,False,-0.0005844602947461561,impact,True,success_unloaded
S,pid_feedforward,0,SS5,8,1065105648,success,dwell_complete,0.20550015083234696,3.6374999999999997,False,3.6374999999999997,True,111,0,0,0,0,14,0,0,0,0,0,-0.3937249034643173,0,0,127,-0.3252215303480625,-0.21608349726465048,-0.43810885433325575,-0.23020718153729003,False,0.21419217477851787,-0.3315817060585094,0.9706339400009788,False,0.0,0.9706339400009788,-0.12013110093856022,1.4784900485170125,0.5041666666666669,False,False,0.6438678530065786,0.7398126134558389,0.11290949421542731,0.4693669412745911,-0.2367582991719246,0.0034072763729307317,True,0.0,False,False,0.025532534393960735,other,False,
S,pid_feedforward,0,SS5,17,419316027,success,dwell_complete,0.15868775443345565,4.054166666666666,False,4.054166666666666,True,122,0,0,0,0,15,0,0,0,0,0,-0.24446281045675278,0,0,123,-0.05964124426245689,-0.19601491898084905,-0.08364136216788201,0.08411481280506522,False,0.16658094766378087,-0.26687101284642045,0.9483974544136764,False,0.0,0.7718401818439187,-0.5439870644528788,0.8170326004068915,0.008333333333333748,True,False,0.9483974544136764,-0.5424883860837527,-0.0010221345293394276,0.4005553430920376,-0.10416224598884583,-0.0010619019932617876,False,0.016666666666666666,False,False,2.0071742914208455e-05,impact,True,success_unloaded
S,pid_feedforward,0,SS5,18,1615341671,success,dwell_complete,0.1090452788554038,4.720833333333333,False,4.720833333333333,True,142,0,0,0,0,15,0,0,0,0,0,-0.5300068259239197,0,0,123,-0.040804301388561726,-0.1945915041222782,-0.3974551585935232,-0.2843937675084062,False,0.10778502223052286,-0.3035338489081831,0.7875930346287988,False,0.0,0.7819599382303719,-1.3598243187284553,1.2177052703232942,0.05833333333333357,False,False,0.8068626807032729,-0.8660504263005493,0.027397553473700133,0.6369725835634188,-0.5776945799589157,0.015974485500277615,True,0.0,False,False,0.0030324900414239395,other,False,
S,pid_feedforward,0,SS5,20,702950301,success,dwell_complete,0.17165307609699085,3.3166666666666664,False,3.3166666666666664,True,100,0,0,0,0,15,0,0,0,0,0,-0.2188384160399437,0,0,124,-0.14385117664933206,-0.20237824465642248,-0.15765566612654602,0.025586716330299072,False,0.1859229554843779,-0.41541105783638427,0.967333915250533,False,0.0,0.9438430464208826,-0.311155011723253,1.2964485791449105,0.029166666666666785,True,False,0.904691598371465,-0.30730778466758785,0.016664627316285745,0.6343852196161063,-0.1851278319954872,-3.401917104364288e-05,False,0.008333333333333333,False,False,0.0006842944038239578,impact,True,success_unloaded
S,pid_feedforward,0,SS5,30,1268272897,success,dwell_complete,0.22742536556102522,5.304166666666666,False,5.304166666666666,True,160,0,0,0,0,15,0,0,0,0,0,-0.11411690711975098,0,0,127,-0.42578082233667375,-0.22368225930666333,-0.364857820642007,-0.11090688269657717,False,0.2572236751767477,-0.04261010677605812,1.0669336988280267,False,0.0,1.0669336988280267,0.7139822084184544,1.5808763676810873,0.0333333333333341,False,False,0.9601687574586939,0.7327087240939044,0.03022462160058654,0.8683000964480226,-0.3045874312520027,0.0016052354816685898,True,0.0,False,False,0.0011714144027904598,other,False,
S,pid_feedforward,0,SS5,33,714116886,success,dwell_complete,0.19607586291042323,5.925,False,5.925,True,179,0,0,0,0,14,0,0,0,0,0,-0.2079218477010727,0,0,122,-0.3128266975283623,-0.21514687764707968,-0.2864256545396316,-0.06461239853663268,False,0.22111324482682654,-0.4304174481808669,1.0201584664162262,False,0.0,0.9769038939574808,0.21998281724462682,1.592619197864907,0.029166666666666785,True,False,0.9509511504822334,0.2250772739227679,0.018605725958732357,0.8535875087117842,-0.27510425448417664,0.0004022376786162815,True,0.0,False,False,0.02147312979801919,impact,False,
S,pid_feedforward,0,SS5,64,277549337,success,dwell_complete,0.26574869716675953,4.0125,False,4.0125,True,121,0,0,0,0,15,0,0,0,0,0,0.016396789345890284,0,0,125,-0.3305845640599728,-0.2164887492983988,-0.19154048580718158,0.08111869724396949,False,0.27219545147843555,-0.7551200626077834,1.1318656312176645,False,0.0,1.0011027564627994,1.1699235810021928,1.9959863212139373,0.020833333333333037,True,False,1.1318656312176645,1.161012878146882,-0.0036176876198485983,1.0060139857524881,-0.13557731732726097,-0.0036176876198485983,False,0.025,False,False,-0.00295769223946743,impact,True,success_unloaded
S,pid_feedforward,0,SS5,73,66480997,success,dwell_complete,0.2305353783498962,4.333333333333333,False,4.333333333333333,True,130,0,0,0,0,15,0,0,0,0,0,-0.07588958367705345,0,0,120,-0.29623538702726365,-0.21389315394079841,-0.2034564575139537,0.030164370775733213,False,0.23400331498550334,-0.8754196252720301,1.0533789400757163,False,0.0,1.0533386360512682,0.4765624452846867,1.4250535149792478,0.012500000000000178,True,False,1.05333287833349,0.47776195355012807,-0.001286438174699649,0.9695487123306481,-0.17453229054808617,-0.0016145794878392225,False,0.0375,False,False,0.012716299633654053,impact,True,success_unloaded
S,pid_feedforward,0,SS5,80,1856283101,success,dwell_complete,0.2046176889008827,5.370833333333334,False,5.370833333333334,True,162,0,0,0,0,15,0,0,0,0,0,-0.11947047337889671,0,0,127,-0.1947796106338501,-0.2062266490013106,-0.1528845693902348,0.059144163429996593,False,0.21149917225356815,-0.5372167947433217,1.0233059977919354,False,0.0,1.0233059977919354,0.14855249770475015,1.327308953888532,0.033333333333333215,False,False,0.8626121813251062,0.14087379843638942,0.03969595543255546,0.6607706854245619,-0.1384885199368,-0.002764842540598298,False,0.03333333333333333,False,False,-0.00027430875113687917,other,True,success_unloaded
S,pid_feedforward,0,SS5,82,1159581122,success,dwell_complete,0.27946624030545797,5.033333333333333,False,5.033333333333333,True,151,0,0,0,0,15,0,0,0,0,0,-0.22762428224086761,0,0,120,-0.6703581795096397,-0.242163749209153,-0.7880424471303067,-0.48888289377744504,False,0.289768675654619,-0.9870193341999723,1.0668250380519244,False,0.0,1.0821717853818857,1.373744820909348,2.264832815399862,0.05833333333333357,False,False,0.5113104647866534,1.7159034267706736,0.1747847869699177,0.6284109969795861,-0.6854365020990372,0.01234856377540205,True,0.0,False,False,0.004613207977180925,other,False,
S,pid_feedforward,0,SS5,106,158713044,success,dwell_complete,0.17544896582157768,4.658333333333333,False,4.658333333333333,True,140,0,0,0,0,15,0,0,0,0,0,-0.32402942329645157,0,0,122,-0.21459084749221802,-0.20772368687034254,-0.3127454510400671,-0.11690225662095546,False,0.19606260813155538,-0.041783800052829737,0.9646704306974268,False,0.0,0.7265748078106481,-0.18820117923873303,1.4060669462406097,0.008333333333333748,True,False,0.9646704306974268,-0.20098457371688225,0.0038991378926159473,0.7396292667920783,-0.3270748481154442,0.0034298810739402078,True,0.0,False,False,0.0010389969175159093,impact,False,
S,pid_feedforward,0,SS5,108,1149126053,success,dwell_complete,0.17557915819403266,4.479166666666667,False,4.479166666666667,True,136,0,0,0,0,14,0,0,0,0,0,-0.19726258143782616,0,0,125,-0.10693051293492317,-0.1995883350822374,-0.08477252185266876,0.10292891524038393,False,0.1880052536762113,-0.2951949082049437,0.9861057115930504,False,0.0,0.9749609116304202,-0.21553899146597116,0.8326322110852756,0.04999999999999982,False,False,0.9415265117425293,-0.2624028194660563,0.008135064635454917,0.4719626110087388,-0.10055647417902946,-0.0023409430121097696,False,0.025,False,False,-0.0006465969792628755,other,True,success_unloaded
S,pid_feedforward,0,SS5,110,808532272,success,dwell_complete,0.20454816253246158,3.7125,False,3.7125,True,113,0,0,0,0,14,0,0,0,0,0,-0.18993290327489376,0,0,125,-0.3040812939405441,-0.21448603184710982,-0.29323717460060816,-0.06959085917891585,False,0.22512878285889376,-0.31451789558958765,1.0237946257456643,False,0.0,1.0102690381253727,0.2815091100683746,1.1756361905153274,0.033333333333333215,False,False,0.9696922752644984,0.2937649051530108,0.01475951285399241,0.5764836433588622,-0.27613314986228943,0.0002505741189068021,True,0.0,False,False,0.003977243232489296,other,False,
S,pid_feedforward,0,SS5,120,1581704015,success,dwell_complete,0.16860815452107997,5.158333333333333,False,5.158333333333333,True,156,0,0,0,0,14,0,0,0,0,0,-0.28654199838638306,0,0,122,-0.10927916839718818,-0.19976580865327181,-0.16109821759302823,0.019991729770192826,False,0.18155808097864762,-0.13347022766911912,0.9613952995096136,False,0.0,0.939043364865533,-0.3779337547428885,1.3363059248938676,0.025000000000000355,True,False,0.9256322040790845,-0.3796420459756047,0.00926968067511753,0.7534387639341596,-0.188925102353096,-0.00011722161265731085,False,0.008333333333333333,False,False,-0.00020580871641800674,impact,True,success_unloaded
S,pid_feedforward,0,SS5,122,1975348375,success,dwell_complete,0.19922706748915328,3.6291666666666664,False,3.6291666666666664,True,109,0,0,0,0,15,0,0,0,0,0,-0.21254096925258636,0,0,121,-0.2774281561374664,-0.2124719885925135,-0.3250023428163052,-0.11578492152843939,False,0.2088911271677289,-0.6354593800073255,0.9822962313053277,False,0.0,0.9465915579718287,0.09380268431533934,1.0797429781491883,0.029166666666666785,True,False,0.9346900001939958,0.14619395408863384,0.02123344994737399,0.5403743991938034,-0.3321877643465996,0.0063098318139469395,True,0.0,False,False,0.0010289608173095332,impact,False,
S,pid_feedforward,0,SS5,127,1555871774,success,dwell_complete,0.07746571519963283,4.408333333333333,False,4.4125,True,133,0,0,0,0,15,0,0,0,0,0,-0.3858943283557892,0,0,126,0.24524260222387967,-0.17297637114682843,0.23697946303929998,0.32147946392134874,True,0.08734194140967787,-0.1325945078361189,0.84520575231823,False,0.0,0.8342886628663966,-1.784830302972968,2.9238306827686813,0.47916666666666696,False,False,0.6003218564951932,-0.1015025614835953,0.10289157519975967,2.0105029240231116,-0.59596748650074,-0.008623256152365606,False,0.029166666666666667,False,False,0.0387623021086743,other,True,success_unloaded
S,pid_feedforward,0,SS5,140,403445731,success,dwell_complete,0.1768189143367038,3.3,False,3.3,True,99,0,0,0,0,15,0,0,0,0,0,-0.19399213045835495,0,0,120,-0.21828516870737075,-0.20800284639503025,-0.20924822983013472,-0.0020339481374482674,False,0.20741086160652142,-0.22287453963139678,1.0048574160937593,False,0.0,0.9549068181784637,0.058835093223320235,1.1661268984645279,0.02083333333333348,True,False,0.9477710184762785,0.05942761075555038,0.015434008152335683,0.5253681535819661,-0.20936255156993866,0.0004741515786399028,True,0.0,False,False,-2.201056467287449e-05,impact,False,
S,pid_feedforward,0,SS5,144,210388185,success,dwell_complete,0.15787388874616998,3.4416666666666664,False,3.4416666666666664,True,104,0,0,0,0,15,0,0,0,0,0,-0.35190991312265396,0,0,126,-0.12175075728446245,-0.20070822635617508,-0.2204716596187526,-0.052765177566094106,False,0.16474721285184932,-0.5889070151070451,0.9279516033747688,False,0.0,0.9126180309742009,-0.6075696973169131,1.2156124412845424,0.029166666666666785,True,False,0.8052830241702259,-0.5903231210454746,0.035449223764519845,0.6690255265380816,-0.2807241976261139,0.0023912285950823875,True,0.0,False,False,0.0008183160065271782,impact,False,
S,pid_feedforward,0,SS5,150,408507921,success,dwell_complete,0.20979844838899356,3.8958333333333335,False,3.8958333333333335,True,117,0,0,0,0,15,0,0,0,0,0,-0.18570354580879211,0,0,121,-0.21117423176765443,-0.20746551516240488,-0.20705175145585789,0.0017687964373815806,False,0.21108406761994283,-0.4899537287235509,1.0054487551157496,False,0.0,0.9846028014415067,0.07011165151412552,1.389595238743419,0.020833333333333037,True,False,0.9776541502167589,0.07123877474312286,0.007684216459142873,0.6428631043876579,-0.20494278520345688,0.00034671208607472655,True,0.0,False,False,-1.1690659115693488e-05,impact,False,
S,pid_feedforward,0,SS5,153,1116331160,success,dwell_complete,0.2225069594115931,4.233333333333333,False,4.233333333333333,True,127,0,0,0,0,15,0,0,0,0,0,-0.16034803166985512,0,0,120,-0.33718092292547225,-0.2169872039830353,-0.2479906914121618,-0.014880500066247216,False,0.2418957287085547,-0.7635863845117123,1.0525999424905912,False,0.0,1.0220961723525044,0.391759535454794,3.137677533294295,0.41666666666666696,False,False,0.5772496192152204,-0.1367445489567289,0.10737484260800839,0.5110078221569111,-0.16039448976516724,-0.002970329339714928,False,0.004166666666666667,False,False,0.027973711879179877,other,True,success_unloaded
S,pid_feedforward,0,SS5,167,1682937791,success,dwell_complete,0.22366969610531548,3.808333333333333,False,3.808333333333333,True,115,0,0,0,0,15,0,0,0,0,0,-0.1962832510471344,0,0,126,-0.33606714457273484,-0.21690303568905098,-0.2555873107334686,-0.022145725280538042,False,0.23306686027588866,-0.7075724852040521,1.045866004615763,False,0.0,0.9857213128093514,0.3628569293911886,1.428876033892749,0.02083333333333348,True,False,1.045866004615763,0.3530332939536422,-0.0025931988883184727,0.7381054524727028,-0.23465153574943542,-0.002777433368315155,False,0.029166666666666667,False,False,-3.565992809113657e-05,impact,True,success_unloaded
S,pid_feedforward,0,SS5,174,1515200011,success,dwell_complete,0.1679224737309208,3.808333333333333,False,3.8041666666666667,True,115,0,0,0,0,15,0,0,0,0,0,-0.12596382200717926,0,0,126,-0.12091734744608403,-0.20064524846476492,-0.06699272067933193,0.129760256164019,False,0.19376604889081572,0.005522996446198263,1.0038472731444683,False,0.0,0.9591695859692322,-0.052757255419856125,1.5466491630925754,0.025000000000000355,True,False,1.0038472731444683,-0.0691777482122611,-0.0037099429457677735,0.9388944552844523,-0.06658859364688396,-0.0037099429457677735,False,0.029166666666666667,False,False,-0.0007803515487533908,impact,True,success_unloaded
S,pid_feedforward,0,SS5,177,2018449764,success,dwell_complete,0.19918536137934398,5.258333333333333,False,5.258333333333333,True,158,0,0,0,0,15,0,0,0,0,0,-0.20081283152103424,0,0,122,-0.27154440581798556,-0.21202738145722547,-0.34920942158822504,-0.13039046191653544,False,0.21872242884352575,-0.14534337902294106,0.9976340684223304,False,0.0,0.9580264535940999,0.2730628755709964,1.5287268428597725,0.016666666666667496,True,False,0.9342618846971613,0.2807426988426011,0.02499335339672321,0.7379807179250313,-0.34608426690101624,0.006661630017011333,True,0.0,False,False,0.0009015969106606855,impact,False,
S,pid_feedforward,0,SS5,179,1906148524,success,dwell_complete,0.26266071869839436,3.8916666666666666,False,3.8916666666666666,True,118,0,0,0,0,14,0,0,0,0,0,-0.05544748529791832,0,0,122,-0.5296101406216621,-0.23152811176047353,-0.3810818803601415,-0.09896660002516798,False,0.28060290669726695,-0.5246985130775919,1.1221782409091665,False,0.0,1.0877813078482013,1.1307412387069067,2.4220519606734836,0.03750000000000009,False,False,1.0671431480116225,1.1124726095653281,0.011978235323338098,1.295328708850827,-0.3039684444665909,-0.0011656910622842994,False,0.0125,False,False,0.00031840615206463934,other,True,success_unloaded
S,pid_feedforward,0,SS5,193,2065900127,success,dwell_complete,0.1803109236723566,5.704166666666667,False,5.704166666666667,True,172,0,0,0,0,15,0,0,0,0,0,-0.3418751433491707,0,0,127,-0.2601191565394402,-0.21116403576889103,-0.4039398068941734,-0.20100326961418916,False,0.2036525079214497,-0.04838691235428199,0.9676441346757353,False,0.0,0.9676441346757353,-0.10466079041975504,1.283157883949193,0.012500000000000178,True,False,0.9676441346757353,-0.11284930250731508,0.0054937727374654785,0.5876369817955831,-0.42382264137268066,0.004152950141401958,True,0.0,False,False,0.0015635710642581137,impact,False,
S,pid_feedforward,0,SS6,35,55155601,success,dwell_complete,0.1643875005074103,4.304166666666666,False,4.304166666666666,True,131,0,0,0,0,14,0,0,0,0,0,-0.2283693328499794,0,0,127,-0.16774878427386283,-0.2041840681821638,-0.13984488808200807,0.045835713784644676,False,0.18830062144764848,-0.13071991374006525,0.9743361279033146,False,0.0,0.9743361279033146,-0.32230638774028075,2.9779223283857976,0.42916666666666714,False,False,0.6098615926336525,0.16103874483102754,0.10579464763045568,0.21978312549791623,-0.266414076089859,-0.0062204534128279905,False,0.03333333333333333,False,False,0.020318866886872223,other,True,success_unloaded
S,pid_feedforward,0,SS6,37,1167900726,success,dwell_complete,0.17534418570761826,5.15,False,5.15,True,155,0,0,0,0,15,0,0,0,0,0,-0.3568922057747841,0,0,124,-0.1450037222355604,-0.20246533658613952,-0.23246964810276136,-0.05866444183987634,False,0.1777291658361309,-0.528601968910148,0.9388579903020712,False,0.0,0.9184870568424074,-0.570362715340218,1.3096475676900576,0.033333333333333215,False,False,0.8845355010763014,-0.5669911409019351,0.013702299607540951,0.672480014912669,-0.28099143505096436,-0.0008896718254362712,False,0.020833333333333332,False,False,0.0015502068878043664,other,True,success_unloaded
S,pid_feedforward,0,SS6,39,305654731,success,dwell_complete,0.19731355915739668,5.345833333333333,False,5.345833333333333,True,161,0,0,0,0,15,0,0,0,0,0,0.0031748784240335226,0,0,125,-0.10066489081364124,-0.19911487132872707,0.06688412000080385,0.27525183028134026,True,0.20965057674665805,-0.6455178717578045,1.0528431773084517,False,0.0,1.0181098706709804,0.18688992086984696,1.2010501062345913,0.025000000000000355,True,False,0.9139099507585665,0.13985418593615562,0.026552792225038712,0.5537552210180379,0.09525914490222931,-0.009689644240329077,False,0.025,False,False,-0.002002090712587644,impact,True,success_unloaded
S,pid_feedforward,0,SS6,47,1541273511,success,dwell_complete,0.1745648860760948,4.85,False,4.85,True,146,0,0,0,0,15,0,0,0,0,0,-0.1754872128367424,0,0,124,-0.10970784313976764,-0.1997982025557194,-0.14356763898971583,0.04820236612532618,False,0.1920172991754714,-0.14657771690577562,0.9823667094668548,False,0.0,0.8577914799404788,-0.11112222954308612,1.0520938265746624,0.020833333333333925,True,False,0.6501660973965188,-0.10786766358262774,0.08953150364449985,0.5316598843250288,-0.1570814922451973,0.0014201190458274645,True,0.0,False,False,-0.0004527273145481684,impact,False,
S,pid_feedforward,0,SS6,59,160775593,success,dwell_complete,0.1877075378166888,5.404166666666667,False,5.404166666666667,True,163,0,0,0,0,15,0,0,0,0,0,-0.2212192341685295,0,0,127,-0.28552254661917686,-0.21308363888363888,-0.3886670164885605,-0.17194986550353175,False,0.2155720239228236,-0.1937477465861023,0.9949141390111376,False,0.0,0.9949141390111376,0.22645461972541522,1.626564201745764,0.020833333333333037,True,False,0.9949141390111376,0.25543326228345503,0.00817749838093451,0.8210859064453656,-0.393841490149498,0.00573456649336855,True,0.0,False,False,0.0007079265234817441,impact,False,
S,pid_feedforward,0,SS6,63,190453351,success,dwell_complete,0.18741825359956948,4.441666666666666,False,4.441666666666666,True,134,0,0,0,0,15,0,0,0,0,0,-0.23804819583892822,0,0,126,-0.26980971097946166,-0.21189629868995055,-0.2693791266454414,-0.05762216035846222,False,0.21158805235275321,-0.02694297491080535,1.0059588842358704,False,0.0,0.9522985515713762,0.07441282191595783,1.6620608444368759,0.020833333333333925,True,False,1.0059588842358704,0.0768306546523705,0.00046078619146641925,0.9544163945847599,-0.27009978890419006,0.000297877428879923,True,0.0,False,False,0.00022474229901896562,impact,False,
S,pid_feedforward,0,SS6,73,722815722,success,dwell_complete,0.15883820152291492,4.245833333333334,False,4.241666666666666,True,129,0,0,0,0,14,0,0,0,0,0,-0.43066544830799103,0,0,125,-0.2176449045073241,-0.20795446568485895,-0.40346418330374734,-0.22383190813809817,False,0.1808646026444301,-0.008686177507259508,0.9202005334924629,False,0.0,0.9109010422139004,-0.4659948419996286,1.0176827197771448,0.041666666666666075,False,False,0.8830025683782128,-0.3522019113320447,0.02035410596248967,0.6217074232967963,-0.46022817492485046,0.006768336093798238,True,0.0,False,False,0.0018434140514712314,other,False,
S,pid_feedforward,0,SS6,78,1532668767,success,dwell_complete,0.27625209335229467,5.120833333333334,False,5.120833333333334,True,154,0,0,0,0,15,0,0,0,0,0,-0.13659944012761116,0,0,123,-0.5433962509036064,-0.23256986503113714,-0.6014428952578795,-0.3070961638126114,False,0.2895101655943738,-0.87751782225609,1.1000372378515884,False,0.0,0.8322968685802528,1.3282200004747973,1.455808470010585,0.00833333333333286,True,False,1.1000372378515884,1.3028042613407484,0.00844614088744146,0.6348097404787804,-0.5667588114738464,0.007430125020960238,True,0.0,False,False,0.0008936074616942601,impact,False,
S,pid_feedforward,0,SS6,83,160799111,success,dwell_complete,0.14874999613117862,4.533333333333333,False,4.533333333333333,True,136,0,0,0,0,15,0,0,0,0,0,-0.27077315747737885,0,0,120,-0.06694784287828952,-0.19656704335534203,-0.03796009039226627,0.1224306887657457,True,0.15364645421949716,-0.3315512170129385,0.9507599658137595,False,0.0,0.9285276944085007,-0.7090308056192067,3.1228799807029946,0.39583333333333304,False,False,0.5900931878757139,-0.09613771448756113,0.10204377360613634,2.906821504248579,-0.3375929743051529,-0.004602906603903022,False,0.016666666666666666,False,False,0.05070532993389755,other,True,success_unloaded
S,pid_feedforward,0,SS6,94,537732710,success,dwell_complete,0.18022127339229238,5.170833333333333,False,5.170833333333333,True,156,0,0,0,0,15,0,0,0,0,0,-0.18539132550358772,0,0,127,-0.18112198440358043,-0.2051946082689712,-0.02412928845197563,0.1650618958464587,True,0.19145861317391752,-0.48302969971697807,0.9991224145364151,False,0.0,0.9991224145364151,-0.32185711846542264,1.4156358472267334,0.024999999999999467,True,False,0.9991224145364151,-0.36605321426098875,-0.009838598662700636,0.8948773290419593,-0.02748838160187006,-0.010281474452837286,False,0.03333333333333333,False,False,-0.00043183265036874757,impact,True,success_unloaded
S,pid_feedforward,0,SS6,98,228857887,success,dwell_complete,0.23775254304056148,5.345833333333333,False,5.345833333333333,True,161,0,0,0,0,15,0,0,0,0,0,0.001372917671687901,0,0,125,-0.33446736037731173,-0.2167821567277171,-0.2257077686998045,0.041091871898377874,False,0.258140746985376,-0.43678877975396846,1.1080446605587133,False,0.0,1.0541986796661114,0.9909363450422426,1.6541237035125278,0.025000000000000355,True,False,0.8926607369883055,0.9788706898906421,0.053623272205136296,0.7836449500809652,-0.14016761630773544,-0.003226722567640897,False,0.025,False,False,-0.0015905031678653389,impact,True,success_unloaded
S,pid_feedforward,0,SS6,104,1013111488,success,dwell_complete,0.23453968720890866,4.170833333333333,False,4.170833333333333,True,128,0,0,0,0,13,0,0,0,0,0,0.09052794054150581,0,0,127,-0.2800385426729918,-0.21266924255599676,-0.13984535194219336,0.1190842261308366,False,0.24862536575223163,-0.5132135533619042,1.112278525229236,False,0.0,1.112278525229236,0.9818462407221142,2.464113698506618,0.3291666666666666,False,False,0.6660970466479516,-0.2758938390808233,0.0803307066898662,0.4718945026642947,0.11068260669708252,-0.007800301909460346,False,0.03333333333333333,False,False,0.011524183324670308,other,True,success_unloaded
S,pid_feedforward,0,SS6,115,2081510509,success,dwell_complete,0.23013941215772807,4.091666666666667,False,4.091666666666667,True,123,0,0,0,0,15,0,0,0,0,0,-0.0996132418513298,0,0,122,-0.4871844455599785,-0.2283222162957608,-0.3769010900858754,-0.11350736647633686,False,0.2676204569126975,-0.16075835736220462,1.0839345639984534,False,0.0,1.0404252869819142,0.8508168923226825,2.370607466819747,0.3583333333333334,False,False,0.7346375014158867,0.6470990086970472,0.07791893070435263,0.30908534416317224,-0.015805388800799847,-0.02889332333759821,False,0.13333333333333333,True,False,0.0011037879693921915,other,True,success_unloaded
S,pid_feedforward,0,SS6,132,1308035592,success,dwell_complete,0.17074166786864867,4.620833333333334,False,4.620833333333334,True,139,0,0,0,0,15,0,0,0,0,0,-0.17106230556964874,0,0,123,-0.15202717259526252,-0.2029960619883914,-0.1316079660389454,0.06905682448001589,False,0.20138248686482446,-0.002221350571170894,1.005785709682857,False,0.0,0.9675058854134754,-0.02761500912135389,1.4695236520424562,0.024999999999999467,True,False,0.9292260611440936,-0.03904672726872829,0.017564144932746002,0.8397422863625077,-0.13271034881472588,-0.0023192751227518104,False,0.016666666666666666,False,False,-0.00047901027988102085,impact,True,success_unloaded
S,pid_feedforward,0,SS6,136,813667634,success,dwell_complete,0.21579683969652425,3.4458333333333333,False,3.4458333333333333,True,105,0,0,0,0,14,0,0,0,0,0,-0.33435116708278656,0,0,125,-0.38183611783897503,-0.22036157363021705,-0.613373761338632,-0.3890416220995168,False,0.22418361381491012,-0.815417834955304,0.9702537578480926,False,0.0,0.960149471712088,0.23865835926034534,1.1863156948536109,0.029166666666666785,True,False,0.9298366133040732,0.3491121687315569,0.02796524854613724,0.5586563604154635,-0.6233109086751938,0.012013384197327713,True,0.0,False,False,0.0027596828342260006,impact,False,
S,pid_feedforward,0,SS6,155,842395533,success,dwell_complete,0.2013211344296212,4.7,False,4.7,True,141,0,0,0,0,15,0,0,0,0,0,0.039205907844007015,0,0,120,-0.23934282728005202,-0.20959408322296852,0.04563478170647495,0.2799535255429286,True,0.2325917740216707,-0.2308038915940282,1.1121702233820023,False,0.0,1.0515948677796958,0.49811119898438394,1.7003964305261754,0.04583333333333339,False,False,1.0180953877732668,0.2783406518218183,0.0008761940448136193,1.0048554796014253,0.11325811967253685,-0.013513396893812372,False,0.016666666666666666,False,False,-0.003338931242306552,other,True,success_unloaded
S,pid_feedforward,0,SS6,159,1370568126,bounce,release,0.19461860867188374,5.104166666666667,False,5.104166666666667,True,154,0,0,0,0,13,0,0,0,0,0,-0.20239245146512985,0,0,111,-0.28349381387233735,-0.2129303409675862,-0.26324554230596825,-0.04470234176842829,False,0.22060484415760184,-0.43406567042472205,1.0175564289742398,False,0.0,1.0175564289742398,0.18486844857424423,2.9071930209895624,0.22916666666666607,False,False,0.6644558618256204,0.23264396749713293,0.08972946161007452,1.9209314672569895,-0.21084529906511307,-0.031726355313231445,False,0.03333333333333333,False,False,0.03618434872327116,other,True,bounce_after_pushoff
S,pid_feedforward,0,SS6,165,1742164241,success,dwell_complete,0.2808393592765593,6.2625,False,6.2625,True,188,0,0,0,0,15,0,0,0,0,0,-0.03586291987448931,0,0,121,-0.42403017431497575,-0.22354997882097394,-0.39305655236098097,-0.08310128775322194,False,0.3100314663786442,-0.6396554410935456,1.1558666555062858,False,0.0,1.1092683923683215,1.8103077264132696,2.2932304805854953,0.020833333333333037,True,False,1.0937356379890002,1.8212963741210857,0.024442503792611738,1.2935523464613288,-0.2889895811676979,0.007299861898542545,True,0.0,False,False,-0.004147634459629139,impact,False,
S,pid_feedforward,0,SS6,166,778428015,success,dwell_complete,0.19222342231257408,4.083333333333333,False,4.083333333333333,True,123,0,0,0,0,15,0,0,0,0,0,-0.21725164353847504,0,0,124,-0.27930631041526793,-0.21261391560156065,-0.26735413247338485,-0.05306284781133948,False,0.21290037986219598,-0.21917596030011668,1.0044489432612937,False,0.0,0.8480531843190269,0.08770393304115973,1.5098505789624712,0.012500000000000178,True,False,1.0044489432612937,0.08649435516519334,0.0010029133627834706,0.7221118873271476,-0.26596592366695404,0.0008468730606557906,True,0.0,False,False,0.0007791630790348883,impact,False,
S,pid_feedforward,0,SS6,170,1893555025,success,dwell_complete,0.22321221247745296,3.9875,False,3.9875,True,121,0,0,0,0,14,0,0,0,0,0,-0.2138473056256771,0,0,123,-0.3736447647213936,-0.2197425978955025,-0.27538148904149845,-0.028239707559440788,False,0.24797190809009137,-0.2600615040521353,1.073336728083158,False,0.0,1.04280269326781,0.5185601751862481,0.9974311410696937,0.029166666666666785,True,False,1.0122686584524623,0.4702583465837923,0.009100751080644011,0.5809213191867654,-0.23030957579612732,-0.005479073867721108,False,0.016666666666666666,False,False,0.009307891316435946,impact,True,success_unloaded
S,pid_feedforward,0,SS6,176,200621214,success,dwell_complete,0.1817147716241443,5.079166666666667,False,5.079166666666667,True,153,0,0,0,0,15,0,0,0,0,0,-0.010539080249145627,0,0,125,-0.12824854236096145,-0.20119923381292576,-0.03164412412681045,0.17464633467614865,True,0.20473882539951802,-0.13303424924208496,1.0309630434724657,False,0.0,1.015131979126904,0.14657572887252684,3.0075459607353605,0.3916666666666666,False,False,0.9429752097384805,-0.23961891336259655,0.007126430743496987,3.2536593147797315,0.15804750099778175,-0.009846262075419348,False,0.025,False,False,0.011725999641035507,other,True,success_unloaded
S,pid_feedforward,0,SS6,184,1680960645,success,dwell_complete,0.22505171921743095,3.7291666666666665,False,3.7291666666666665,True,112,0,0,0,0,15,0,0,0,0,0,-0.15261483192443848,0,0,121,-0.27826629132032393,-0.21253532069230463,-0.21215829310975806,0.012896818897987418,False,0.2268327077282583,-0.7137688765969836,1.0391685023487756,False,0.0,1.0044862154550964,0.2971528323600467,1.6660487168750875,0.02499999999999991,True,False,0.9929254531572036,0.2901498763878522,0.009680089547780813,0.9429194473968757,-0.19183487445116043,-0.0020112970602403648,False,0.008333333333333333,False,False,0.00020936645778679347,impact,True,success_unloaded
S,pid_feedforward,0,SS6,188,505357842,success,dwell_complete,0.1977396022199336,4.5875,False,4.5875,True,138,0,0,0,0,15,0,0,0,0,0,-0.02785702608525753,0,0,123,-0.17355255372822284,-0.2046226267926027,-0.10109169328283657,0.11266173809193565,False,0.21600617292807087,-0.13783934795983335,1.0323903410895579,False,0.0,0.831003935394501,0.3034068238262108,1.225905035384382,0.01249999999999929,True,False,1.0323903410895579,0.3029376650968127,-0.0006415398471979332,0.6182595640000239,-0.09194549359381199,-0.0007137877279822213,False,0.016666666666666666,False,False,-0.0015064787867110434,impact,True,success_unloaded
S,pid_feedforward,0,SS6,191,1002338391,success,dwell_complete,0.19006825573014507,4.5125,False,4.5125,True,136,0,0,0,0,15,0,0,0,0,0,-0.48780106008052826,0,0,125,-0.2765231198631227,-0.21240359411913304,-0.6214149753605055,-0.4300963249508728,False,0.18720729178397968,-0.6686541759766081,0.907731442524039,False,0.0,0.9032888825382621,-0.2375640562993984,1.4363909498247802,0.04999999999999982,False,False,0.8899612025809308,0.086577112302288,0.03063621911009301,0.7701909811934935,-0.6786733120679855,0.015098267142642764,True,0.0,False,False,0.0027588396914008857,other,False,
S,pid_feedforward,0,SS6,199,2042228284,success,dwell_complete,0.2004440701041575,3.6708333333333334,False,3.6708333333333334,True,112,0,0,0,0,14,0,0,0,0,0,-0.030347714200615883,0,0,127,-0.247358837723732,-0.2101997953831168,-0.17469884755840498,0.05625551261496325,False,0.22613985309448778,-0.0837405822689325,1.0551978752868416,False,0.0,1.0551978752868416,0.5179523386898353,1.1499025686353335,0.058333333333333126,False,False,1.0007367270229632,0.5126072940345325,0.012411889329777425,0.6119525382663069,-0.1298670843243599,-0.0015805393971015129,False,0.020833333333333332,False,False,-0.0008461761518628059,other,True,success_unloaded
T,pid_feedforward_lowvz_cut,0,SS5,128,1604951221,success,dwell_complete,0.03667223962884364,7.3,False,7.3,True,219,0,0,0,0,15,6,0,0,0,0,-1.4768794476985931,15,120,120,-0.10287694889120758,-0.11184759028329837,-0.22584175513273086,-0.15232069610359655,False,0.04915010140117821,-0.04540749172758039,0.9413427775187726,False,0.875,0.4901769404760899,-0.4463145820120921,5.141104645989826,0.4833333333333334,False,True,0.42572467804142095,0.46803797816906445,0.16310634746117553,1.0773204195331059,-1.4791367948055267,0.0015938643048711914,True,0.0,False,False,0.10093884998071274,post_contact_idle,False,
T,pid_feedforward_lowvz_cut,0,SS6,60,699142286,success,dwell_complete,0.12066349068131366,6.4624999999999995,False,6.4624999999999995,True,194,0,0,0,0,15,0,0,0,0,0,-1.3355627059936523,3,120,121,-0.16015028227120637,-0.10913025970193636,-0.0480930213306687,0.09789627902806847,True,0.13335344231205473,-0.4197060112686906,1.0613934897381454,False,0.75,0.584641880965602,0.5741521843186054,5.239699460240513,0.10416666666666696,False,True,0.42572467804142095,0.5195309664901105,0.15713019265544576,2.939322636534578,-1.4331479966640472,0.0014525360336787394,True,0.0,False,False,0.07418861341724854,post_contact_idle,False,
T,pid_feedforward_lowvz_cut,0,SS6,83,160799111,hard_landing,dwell_complete,0.12008264387333321,7.5874999999999995,False,7.5874999999999995,True,229,0,0,0,0,14,5,0,0,0,0,-1.4269407391548157,10,112,123,-0.04958597263321281,-0.11437598030305703,-0.0745797648930298,0.03485582595734123,False,0.12822502944271127,-0.33787799114086997,0.998371008452005,False,0.0,0.9826915351022499,0.0428085580033476,5.397511534643501,0.49166666666666625,False,True,0.42572467804142095,-0.16672198271123942,0.14218818998979407,0.27464980235640135,-1.4279448688030243,-0.0021127257768748706,False,0.016666666666666666,False,False,0.0928750547638156,post_contact_idle,False,
T,pid_feedforward_lowvz_cut,0,SS6,102,1905388242,hard_landing,dwell_complete,0.13949805662985,10.125,False,10.125,True,304,0,0,0,0,15,1,0,0,0,0,-1.426822543144226,8,120,122,-0.12958202864974738,-0.11058057055372258,-0.027717972733702335,0.11283038027642292,True,0.14833049006838916,-0.30070049720211056,1.045363841812944,False,0.625,0.6580893644557421,0.32314885606997173,6.314831051311353,0.1083333333333325,False,True,0.42572467804142095,0.1734668318728039,0.145065630025125,3.797073489843969,-1.4126160442829132,-0.006477176687697323,False,0.0125,False,False,0.09258368160097921,post_contact_idle,False,
T,pid_feedforward_lowvz_cut,0,SS6,113,2142884549,success,dwell_complete,0.07452415749610583,9.333333333333334,False,9.333333333333334,True,280,0,0,0,0,15,6,0,0,0,0,-1.4373623612630422,10,120,120,0.08085470730438829,-0.1205647370831811,0.03137915366113268,0.11788509788284406,True,0.08229271901910644,-0.017195509474976757,0.9551616324806883,False,0.875,0.49190429734632934,-0.6046478286910655,5.422254021390735,0.09999999999999964,False,True,0.42572467804142095,-0.6789699806727896,0.12703556014278786,3.5050861219856477,-1.4658671021461487,-0.0025489040110019895,False,0.004166666666666667,False,False,0.07092311999991434,post_contact_idle,True,success_unloaded
T,pid_feedforward_lowvz_cut,0,SS6,145,1131326001,hard_landing,dwell_complete,0.1473356612057061,9.183333333333334,False,9.183333333333334,True,276,0,0,0,0,15,0,0,0,0,0,-1.1966532468795776,0,120,124,-0.0004820804111659527,-0.11670571222679275,0.14791851869814315,0.3003254423690591,True,0.172946425874858,-0.29162251694164376,1.056937598274093,False,0.375,0.820232753186841,0.3471043419013272,5.598475924610319,0.1374999999999993,False,True,0.42572467804142095,0.09122356479809014,0.12904883932878733,2.094228012220176,-1.1412320137023926,-0.009137454439256756,False,0.020833333333333332,False,False,0.09561342458592015,post_contact_idle,False,
