vessel,ss,hs_m,tp_s,heading_deg,speed_kn,pad,n_seeds,lam,sample_rate_full_hz,x_pad_full_m,x_pad_model_m,z_std_model_m,vz_std_model_m_s,vz_rms_model_m_s,vz_p95_model_m_s,vz_p99_model_m_s,az_p99_model_m_s2,roll_std_deg,pitch_std_deg,pitch_rate_std_dps,pitch_rate_std_model_dps,te_peak_full_s,te_peak_model_s,vz_p99_model_m_s_seed_min,vz_p99_model_m_s_seed_max,tilt_p99_deg,tilt_p99_over_15deg,corr_pitch_heave,vz_rms_ratio_pad_over_cg,vz_p99_abs_at_corpus_fs_m_s,python,numpy,torch,sb3,gymnasium,pybullet,dmf_sha,gpd_sha,physics_freq_model_hz,corpus_fs_full_hz,duration_full_s,spinup_full_s,episode_seed,omp_num_threads,cpu_count,host,timestamp_utc
frigate,SS3,1.0,7.5,180.0,0.0,aft,40,0.04,48.0,-49.6,-1.9840000000000002,0.0194788792513209,0.08379756115138907,0.08379756119511718,0.1643920954536199,0.21063806736747043,0.9290850434932222,0.020657730744138143,0.6738706440449683,0.5704333528897323,2.8521667644486612,7.5,1.5,0.18027627547498584,0.2574289222754074,1.7037396277955108,False,0.8168153016443622,4.3472728880662554,0.21069108515290721,3.12.3,2.5.2,2.13.0,2.9.0,1.3.0,3.2.7,e9fa15cc35312a5c1ecf0c42668a690b5061c090,7ebad1ecabd28a7000add2d05f888aa2e837c2cc,240.0,10.0,600.0,120.0,0,1,36,DATTA-BASAK,2026-09-22T00:39:10+00:00
frigate,SS3,1.0,7.5,180.0,0.0,cg,40,0.04,48.0,0.0,0.0,0.004978879870921656,0.019275889906007097,0.019275891657307906,0.03776525757338261,0.04907203165311017,0.19477476867954377,0.020657730744138143,0.6738706440449683,0.5704333528897323,2.8521667644486612,7.5,1.5,0.0417928857265187,0.058689543089771715,1.7037396277955108,False,0.8168153016443622,1.0,0.049104010635015946,3.12.3,2.5.2,2.13.0,2.9.0,1.3.0,3.2.7,e9fa15cc35312a5c1ecf0c42668a690b5061c090,7ebad1ecabd28a7000add2d05f888aa2e837c2cc,240.0,10.0,600.0,120.0,0,1,36,DATTA-BASAK,2026-09-22T00:39:10+00:00
frigate,SS3,1.0,7.5,180.0,6.0,aft,40,0.04,48.0,-49.6,-1.9840000000000002,0.014759685284517968,0.07782056652603216,0.0778205786966236,0.15207779574294616,0.19782830441260782,1.0769980280090563,0.009608110871728717,0.5021882318519314,0.5212939456631727,2.6064697283158633,5.935018057548873,1.1870036115097746,0.1682384461931363,0.22100470882566098,1.2831820300508192,False,0.8174883563126841,5.009904510930431,0.19791106686147655,3.12.3,2.5.2,2.13.0,2.9.0,1.3.0,3.2.7,e9fa15cc35312a5c1ecf0c42668a690b5061c090,7ebad1ecabd28a7000add2d05f888aa2e837c2cc,240.0,10.0,600.0,120.0,0,1,36,DATTA-BASAK,2026-09-22T00:39:10+00:00
frigate,SS3,1.0,7.5,180.0,6.0,cg,40,0.04,48.0,0.0,0.0,0.0033731661863531438,0.015533341794690566,0.015533345700868634,0.030583811763628288,0.03997232397618776,0.19157878377573825,0.009608110871728717,0.5021882318519314,0.5212939456631727,2.6064697283158633,5.935018057548873,1.1870036115097746,0.03151558430942407,0.045824700712652267,1.2831820300508192,False,0.8174883563126841,1.0,0.03998849502354193,3.12.3,2.5.2,2.13.0,2.9.0,1.3.0,3.2.7,e9fa15cc35312a5c1ecf0c42668a690b5061c090,7ebad1ecabd28a7000add2d05f888aa2e837c2cc,240.0,10.0,600.0,120.0,0,1,36,DATTA-BASAK,2026-09-22T00:39:10+00:00
frigate,SS3,1.0,7.5,180.0,12.0,aft,40,0.04,48.0,-49.6,-1.9840000000000002,0.01043715385530466,0.06444078092492853,0.06444078405282944,0.12630783971003176,0.16612286893086844,1.0661576152434473,0.005915842875728358,0.3566084848769626,0.43296191657137945,2.1648095828568974,4.910394274826381,0.9820788549652764,0.14726246079481878,0.17945725908879703,0.9197937439576085,False,0.8498731873588132,5.181470258474807,0.1661627961676861,3.12.3,2.5.2,2.13.0,2.9.0,1.3.0,3.2.7,e9fa15cc35312a5c1ecf0c42668a690b5061c090,7ebad1ecabd28a7000add2d05f888aa2e837c2cc,240.0,10.0,600.0,120.0,0,1,36,DATTA-BASAK,2026-09-22T00:39:10+00:00
frigate,SS3,1.0,7.5,180.0,12.0,cg,40,0.04,48.0,0.0,0.0,0.0023341704939881134,0.012436774924631753,0.012436775825824758,0.024362040074382346,0.03191301185982292,0.1808667995848211,0.005915842875728358,0.3566084848769626,0.43296191657137945,2.1648095828568974,4.910394274826381,0.9820788549652764,0.02805995844391869,0.03760432218647028,0.9197937439576085,False,0.8498731873588132,1.0,0.03189932906767396,3.12.3,2.5.2,2.13.0,2.9.0,1.3.0,3.2.7,e9fa15cc35312a5c1ecf0c42668a690b5061c090,7ebad1ecabd28a7000add2d05f888aa2e837c2cc,240.0,10.0,600.0,120.0,0,1,36,DATTA-BASAK,2026-09-22T00:39:10+00:00
frigate,SS3,1.0,7.5,135.0,0.0,aft,40,0.04,48.0,-49.6,-1.9840000000000002,0.0125209589395596,0.05448299017940167,0.05448301657300418,0.10645838464148678,0.13987940191249126,0.6220570927813455,0.2852968084580751,0.46628929254166546,0.39635970901564255,1.9817985450782127,7.5,1.5,0.10832165452284935,0.17780116217867714,1.244759037277952,False,0.8159344203540793,2.9094300998159364,0.13993652020223618,3.12.3,2.5.2,2.13.0,2.9.0,1.3.0,3.2.7,e9fa15cc35312a5c1ecf0c42668a690b5061c090,7ebad1ecabd28a7000add2d05f888aa2e837c2cc,240.0,10.0,600.0,120.0,0,1,36,DATTA-BASAK,2026-09-22T00:39:10+00:00
frigate,SS3,1.0,7.5,135.0,0.0,cg,40,0.04,48.0,0.0,0.0,0.004828925926218334,0.018726352010690464,0.01872635351385518,0.036613108501707195,0.048393521575905,0.19202314743761656,0.2852968084580751,0.46628929254166546,0.39635970901564255,1.9817985450782127,7.5,1.5,0.03772257111893435,0.05961601406939549,1.244759037277952,False,0.8159344203540793,1.0,0.04838304956412275,3.12.3,2.5.2,2.13.0,2.9.0,1.3.0,3.2.7,e9fa15cc35312a5c1ecf0c42668a690b5061c090,7ebad1ecabd28a7000add2d05f888aa2e837c2cc,240.0,10.0,600.0,120.0,0,1,36,DATTA-BASAK,2026-09-22T00:39:10+00:00
frigate,SS3,1.0,7.5,135.0,6.0,aft,40,0.04,48.0,-49.6,-1.9840000000000002,0.01071988087860104,0.053838016599522545,0.05383801822973199,0.10537047151102223,0.1373908084519975,0.7098289495164719,0.16301845650667054,0.3915677754850401,0.3849497289342158,1.924748644671079,6.321356256679271,1.2642712513358543,0.11307502560076528,0.16729311416071355,1.0204576394665823,False,0.8132324488831243,3.243684384050254,0.13741708015521298,3.12.3,2.5.2,2.13.0,2.9.0,1.3.0,3.2.7,e9fa15cc35312a5c1ecf0c42668a690b5061c090,7ebad1ecabd28a7000add2d05f888aa2e837c2cc,240.0,10.0,600.0,120.0,0,1,36,DATTA-BASAK,2026-09-22T00:39:10+00:00
frigate,SS3,1.0,7.5,135.0,6.0,cg,40,0.04,48.0,0.0,0.0,0.0037696709028371173,0.016597793487352006,0.016597798014647374,0.032549344006440634,0.04271385183262696,0.1953720522357237,0.16301845650667054,0.3915677754850401,0.3849497289342158,1.924748644671079,6.321356256679271,1.2642712513358543,0.03511692517304659,0.0485225693328469,1.0204576394665823,False,0.8132324488831243,1.0,0.042713911292365014,3.12.3,2.5.2,2.13.0,2.9.0,1.3.0,3.2.7,e9fa15cc35312a5c1ecf0c42668a690b5061c090,7ebad1ecabd28a7000add2d05f888aa2e837c2cc,240.0,10.0,600.0,120.0,0,1,36,DATTA-BASAK,2026-09-22T00:39:10+00:00
frigate,SS3,1.0,7.5,135.0,12.0,aft,40,0.04,48.0,-49.6,-1.9840000000000002,0.008504460677958755,0.04827000706866511,0.04827001765099859,0.09480865060499644,0.12468377621014835,0.7303328418522933,0.11006884134794052,0.3108454711194136,0.34510870344789857,1.7255435172394928,5.462854949148294,1.092570989829659,0.10638173203006807,0.14953718887930312,0.8223634678741418,False,0.8301643084079051,3.387167573658013,0.1246895160305942,3.12.3,2.5.2,2.13.0,2.9.0,1.3.0,3.2.7,e9fa15cc35312a5c1ecf0c42668a690b5061c090,7ebad1ecabd28a7000add2d05f888aa2e837c2cc,240.0,10.0,600.0,120.0,0,1,36,DATTA-BASAK,2026-09-22T00:39:10+00:00
frigate,SS3,1.0,7.5,135.0,12.0,cg,40,0.04,48.0,0.0,0.0,0.002909353861968202,0.014250846393335449,0.01425085018715764,0.02786273875672008,0.03687879501139963,0.19097631750646327,0.11006884134794052,0.3108454711194136,0.34510870344789857,1.7255435172394928,5.462854949148294,1.092570989829659,0.030882088203060137,0.044143448658960666,0.8223634678741418,False,0.8301643084079051,1.0,0.03684255980411019,3.12.3,2.5.2,2.13.0,2.9.0,1.3.0,3.2.7,e9fa15cc35312a5c1ecf0c42668a690b5061c090,7ebad1ecabd28a7000add2d05f888aa2e837c2cc,240.0,10.0,600.0,120.0,0,1,36,DATTA-BASAK,2026-09-22T00:39:10+00:00
frigate,SS3,1.0,7.5,90.0,0.0,aft,40,0.04,48.0,-49.6,-1.9840000000000002,0.0039449642836850915,0.014994984918669352,0.014994984919566304,0.029393107728544542,0.03832767251602091,0.15068838691984673,0.40316937337858966,0.03277340221199489,0.027865536462270146,0.13932768231135073,7.5,1.5,0.03111121282017786,0.053190514956129996,1.0271491833662634,False,0.8154106622920245,0.8038694576682295,0.03831110577098851,3.12.3,2.5.2,2.13.0,2.9.0,1.3.0,3.2.7,e9fa15cc35312a5c1ecf0c42668a690b5061c090,7ebad1ecabd28a7000add2d05f888aa2e837c2cc,240.0,10.0,600.0,120.0,0,1,36,DATTA-BASAK,2026-09-22T00:39:10+00:00
frigate,SS3,1.0,7.5,90.0,0.0,cg,40,0.04,48.0,0.0,0.0,0.00481525255063829,0.018653507247904468,0.018653507452642874,0.03658279516995204,0.04793504735067149,0.19173331309523084,0.40316937337858966,0.03277340221199489,0.027865536462270146,0.13932768231135073,7.5,1.5,0.037956918908145294,0.06663940096197506,1.0271491833662634,False,0.8154106622920245,1.0,0.04795575549035359,3.12.3,2.5.2,2.13.0,2.9.0,1.3.0,3.2.7,e9fa15cc35312a5c1ecf0c42668a690b5061c090,7ebad1ecabd28a7000add2d05f888aa2e837c2cc,240.0,10.0,600.0,120.0,0,1,36,DATTA-BASAK,2026-09-22T00:39:10+00:00
frigate,SS3,1.0,7.5,90.0,6.0,aft,40,0.04,48.0,-49.6,-1.9840000000000002,0.004036002997782053,0.015353182396965554,0.015353182716296324,0.030287663191612045,0.039077146074452625,0.15258192794022424,0.4108845598836202,0.033440523706751116,0.028375743677141834,0.14187871838570917,7.5,1.5,0.029965531119289956,0.0525889354383444,1.042023054406566,False,0.8174360268723945,0.8040055783303839,0.03906740545908106,3.12.3,2.5.2,2.13.0,2.9.0,1.3.0,3.2.7,e9fa15cc35312a5c1ecf0c42668a690b5061c090,7ebad1ecabd28a7000add2d05f888aa2e837c2cc,240.0,10.0,600.0,120.0,0,1,36,DATTA-BASAK,2026-09-22T00:39:10+00:00
frigate,SS3,1.0,7.5,90.0,6.0,cg,40,0.04,48.0,0.0,0.0,0.004927060447210948,0.01909586584246267,0.01909586591199913,0.03755845888074121,0.048711460791386635,0.19376176963287553,0.4108845598836202,0.033440523706751116,0.028375743677141834,0.14187871838570917,7.5,1.5,0.03764699449045346,0.06660468388037635,1.042023054406566,False,0.8174360268723945,1.0,0.04871999599933939,3.12.3,2.5.2,2.13.0,2.9.0,1.3.0,3.2.7,e9fa15cc35312a5c1ecf0c42668a690b5061c090,7ebad1ecabd28a7000add2d05f888aa2e837c2cc,240.0,10.0,600.0,120.0,0,1,36,DATTA-BASAK,2026-09-22T00:39:10+00:00
frigate,SS3,1.0,7.5,90.0,12.0,aft,40,0.04,48.0,-49.6,-1.9840000000000002,0.004023275501599212,0.015294059043730584,0.015294061715667011,0.030135376442537703,0.03890237037820944,0.15134677055107634,0.40824152807702546,0.03326785976634849,0.028231626009141135,0.14115813004570568,7.5,1.5,0.03152359948507472,0.05102052917820959,1.0348598582213202,False,0.8162107209673178,0.8046099730746806,0.038904741919617854,3.12.3,2.5.2,2.13.0,2.9.0,1.3.0,3.2.7,e9fa15cc35312a5c1ecf0c42668a690b5061c090,7ebad1ecabd28a7000add2d05f888aa2e837c2cc,240.0,10.0,600.0,120.0,0,1,36,DATTA-BASAK,2026-09-22T00:39:10+00:00
frigate,SS3,1.0,7.5,90.0,12.0,cg,40,0.04,48.0,0.0,0.0,0.004908098757215726,0.0190080404719243,0.019008043931177422,0.03739910177946687,0.04823497479614922,0.1921000375973331,0.40824152807702546,0.03326785976634849,0.028231626009141135,0.14115813004570568,7.5,1.5,0.039915483039231106,0.06276732456847318,1.0348598582213202,False,0.8162107209673178,1.0,0.04821020146832585,3.12.3,2.5.2,2.13.0,2.9.0,1.3.0,3.2.7,e9fa15cc35312a5c1ecf0c42668a690b5061c090,7ebad1ecabd28a7000add2d05f888aa2e837c2cc,240.0,10.0,600.0,120.0,0,1,36,DATTA-BASAK,2026-09-22T00:39:10+00:00
frigate,SS3,1.0,7.5,45.0,0.0,aft,40,0.04,48.0,-49.6,-1.9840000000000002,0.012465028237618145,0.054104727063414716,0.05410472855442639,0.10679133888906717,0.13870030888865792,0.6171320995950897,0.2892201978911225,0.46601078534224283,0.39480222569903584,1.9740111284951791,7.5,1.5,0.1140392568094296,0.18572764755412355,1.2566031330956906,False,0.816048898577162,2.861745045746875,0.13864628195325665,3.12.3,2.5.2,2.13.0,2.9.0,1.3.0,3.2.7,e9fa15cc35312a5c1ecf0c42668a690b5061c090,7ebad1ecabd28a7000add2d05f888aa2e837c2cc,240.0,10.0,600.0,120.0,0,1,36,DATTA-BASAK,2026-09-22T00:39:10+00:00
frigate,SS3,1.0,7.5,45.0,0.0,cg,40,0.04,48.0,0.0,0.0,0.004897795617250394,0.01890619886018723,0.018906201527224387,0.03686734946620629,0.048792351212608484,0.1934308636894339,0.2892201978911225,0.46601078534224283,0.39480222569903584,1.9740111284951791,7.5,1.5,0.03905404835118573,0.07482684065111658,1.2566031330956906,False,0.816048898577162,1.0,0.048811199397442086,3.12.3,2.5.2,2.13.0,2.9.0,1.3.0,3.2.7,e9fa15cc35312a5c1ecf0c42668a690b5061c090,7ebad1ecabd28a7000add2d05f888aa2e837c2cc,240.0,10.0,600.0,120.0,0,1,36,DATTA-BASAK,2026-09-22T00:39:10+00:00
frigate,SS3,1.0,7.5,45.0,6.0,aft,40,0.04,48.0,-49.6,-1.9840000000000002,0.012660262951039667,0.04511330033974801,0.045113304329485626,0.0890449533378031,0.11566675452019101,0.4205023663110214,0.6934573808697098,0.5021743754321775,0.34987133194895614,1.7493566597447807,9.218903798713894,1.8437807597427789,0.08458667028110231,0.14521465353650312,1.9278642776795512,False,0.8783407620666047,2.4008753174815443,0.11566403655656232,3.12.3,2.5.2,2.13.0,2.9.0,1.3.0,3.2.7,e9fa15cc35312a5c1ecf0c42668a690b5061c090,7ebad1ecabd28a7000add2d05f888aa2e837c2cc,240.0,10.0,600.0,120.0,0,1,36,DATTA-BASAK,2026-09-22T00:39:10+00:00
frigate,SS3,1.0,7.5,45.0,6.0,cg,40,0.04,48.0,0.0,0.0,0.005723541671704928,0.018790356701025027,0.018790357000632713,0.03681269054616399,0.048194599330075256,0.16094816338728224,0.6934573808697098,0.5021743754321775,0.34987133194895614,1.7493566597447807,9.218903798713894,1.8437807597427789,0.03286076940218305,0.06291949983550209,1.9278642776795512,False,0.8783407620666047,1.0,0.04819192988431637,3.12.3,2.5.2,2.13.0,2.9.0,1.3.0,3.2.7,e9fa15cc35312a5c1ecf0c42668a690b5061c090,7ebad1ecabd28a7000add2d05f888aa2e837c2cc,240.0,10.0,600.0,120.0,0,1,36,DATTA-BASAK,2026-09-22T00:39:10+00:00
frigate,SS3,1.0,7.5,45.0,12.0,aft,40,0.04,48.0,-49.6,-1.9840000000000002,0.01087014338685261,0.02896927417696147,0.028969277149163197,0.05637679923608762,0.0722150186468001,0.19227440464080306,2.636370265283919,0.45370714582150834,0.23918051721174238,1.195902586058712,11.959977153636089,2.391995430727218,0.039478297501192375,0.09379306476763456,6.733823612039624,False,0.9416172164596335,2.134304224658656,0.07219267930762757,3.12.3,2.5.2,2.13.0,2.9.0,1.3.0,3.2.7,e9fa15cc35312a5c1ecf0c42668a690b5061c090,7ebad1ecabd28a7000add2d05f888aa2e837c2cc,240.0,10.0,600.0,120.0,0,1,36,DATTA-BASAK,2026-09-22T00:39:10+00:00
frigate,SS3,1.0,7.5,45.0,12.0,cg,40,0.04,48.0,0.0,0.0,0.005296559447786604,0.013573166544247381,0.013573171441290813,0.026607222614251243,0.03478785714427438,0.08951036943153204,2.636370265283919,0.45370714582150834,0.23918051721174238,1.195902586058712,11.959977153636089,2.391995430727218,0.021506562062241587,0.04553621013575616,6.733823612039624,False,0.9416172164596335,1.0,0.034781131073277245,3.12.3,2.5.2,2.13.0,2.9.0,1.3.0,3.2.7,e9fa15cc35312a5c1ecf0c42668a690b5061c090,7ebad1ecabd28a7000add2d05f888aa2e837c2cc,240.0,10.0,600.0,120.0,0,1,36,DATTA-BASAK,2026-09-22T00:39:10+00:00
frigate,SS4,1.9,8.8,180.0,0.0,aft,40,0.04,48.0,-49.6,-1.9840000000000002,0.03417577626581469,0.1361776872584969,0.13617769375694683,0.26682471092879123,0.35009080832204537,1.4520244331033956,0.07152555609849685,1.3109316590753415,1.007642237619727,5.038211188098635,8.8,1.7600000000000002,0.2936783967358253,0.43692669642616977,3.3699654459570776,False,0.8456395305127403,2.7477647440463864,0.35005047522616695,3.12.3,2.5.2,2.13.0,2.9.0,1.3.0,3.2.7,e9fa15cc35312a5c1ecf0c42668a690b5061c090,7ebad1ecabd28a7000add2d05f888aa2e837c2cc,240.0,10.0,600.0,120.0,0,1,36,DATTA-BASAK,2026-09-22T00:39:10+00:00
frigate,SS4,1.9,8.8,180.0,0.0,cg,40,0.04,48.0,0.0,0.0,0.014268252769543908,0.049559443434088,0.04955944429085663,0.09819737469639511,0.126799926676415,0.4528704569482823,0.07152555609849685,1.3109316590753415,1.007642237619727,5.038211188098635,8.8,1.7600000000000002,0.1066760668671449,0.15632212014279645,3.3699654459570776,False,0.8456395305127403,1.0,0.1267931968809878,3.12.3,2.5.2,2.13.0,2.9.0,1.3.0,3.2.7,e9fa15cc35312a5c1ecf0c42668a690b5061c090,7ebad1ecabd28a7000add2d05f888aa2e837c2cc,240.0,10.0,600.0,120.0,0,1,36,DATTA-BASAK,2026-09-22T00:39:10+00:00
frigate,SS4,1.9,8.8,180.0,6.0,aft,40,0.04,48.0,-49.6,-1.9840000000000002,0.030867973178951708,0.1453780878334405,0.14537808786940382,0.2864682108047696,0.37853535659428905,1.8560636259393462,0.03127545260100554,1.1378722510398525,1.0415381771132837,5.207690885566418,7.185242508920537,1.4370485017841075,0.28940107221907774,0.4621765875854215,2.977123737916972,False,0.8120453864579271,3.1409495575931787,0.3787752184822363,3.12.3,2.5.2,2.13.0,2.9.0,1.3.0,3.2.7,e9fa15cc35312a5c1ecf0c42668a690b5061c090,7ebad1ecabd28a7000add2d05f888aa2e837c2cc,240.0,10.0,600.0,120.0,0,1,36,DATTA-BASAK,2026-09-22T00:39:10+00:00
frigate,SS4,1.9,8.8,180.0,6.0,cg,40,0.04,48.0,0.0,0.0,0.011390630074984805,0.04628475392530168,0.046284757269646495,0.09116873757180402,0.12167425231771968,0.51351997706721,0.03127545260100554,1.1378722510398525,1.0415381771132837,5.207690885566418,7.185242508920537,1.4370485017841075,0.08946795479070407,0.16333657815566424,2.977123737916972,False,0.8120453864579271,1.0,0.12169767102911486,3.12.3,2.5.2,2.13.0,2.9.0,1.3.0,3.2.7,e9fa15cc35312a5c1ecf0c42668a690b5061c090,7ebad1ecabd28a7000add2d05f888aa2e837c2cc,240.0,10.0,600.0,120.0,0,1,36,DATTA-BASAK,2026-09-22T00:39:10+00:00
frigate,SS4,1.9,8.8,180.0,12.0,aft,40,0.04,48.0,-49.6,-1.9840000000000002,0.025280103778968405,0.1358463016526665,0.13584630404239925,0.26600294089571075,0.3512162002185694,1.9746103575687606,0.018120476986557856,0.9230806891046337,0.9680872040120159,4.840436020060079,6.071205607298983,1.2142411214597966,0.28655775269618455,0.415099291537497,2.390420710363606,False,0.824634294040113,3.3840685338938146,0.3510780406736142,3.12.3,2.5.2,2.13.0,2.9.0,1.3.0,3.2.7,e9fa15cc35312a5c1ecf0c42668a690b5061c090,7ebad1ecabd28a7000add2d05f888aa2e837c2cc,240.0,10.0,600.0,120.0,0,1,36,DATTA-BASAK,2026-09-22T00:39:10+00:00
frigate,SS4,1.9,8.8,180.0,12.0,cg,40,0.04,48.0,0.0,0.0,0.008684379593038841,0.04014289388106402,0.040142893881079375,0.0789500507502232,0.10371394366744013,0.5048298466453858,0.018120476986557856,0.9230806891046337,0.9680872040120159,4.840436020060079,6.071205607298983,1.2142411214597966,0.08628582648591133,0.12074479192304417,2.390420710363606,False,0.824634294040113,1.0,0.10367602822666275,3.12.3,2.5.2,2.13.0,2.9.0,1.3.0,3.2.7,e9fa15cc35312a5c1ecf0c42668a690b5061c090,7ebad1ecabd28a7000add2d05f888aa2e837c2cc,240.0,10.0,600.0,120.0,0,1,36,DATTA-BASAK,2026-09-22T00:39:10+00:00
frigate,SS4,1.9,8.8,135.0,0.0,aft,40,0.04,48.0,-49.6,-1.9840000000000002,0.022058953454810303,0.08899457924261961,0.08899457968657282,0.17373378463682038,0.2268705733137803,0.9543463049617563,1.0228226343676448,0.9520916815336742,0.7308788655407901,3.65439432770395,8.8,1.7600000000000002,0.19025233669458766,0.28687579897472565,3.0101343269031458,False,0.8465203168794673,1.7565387310864027,0.226916822559289,3.12.3,2.5.2,2.13.0,2.9.0,1.3.0,3.2.7,e9fa15cc35312a5c1ecf0c42668a690b5061c090,7ebad1ecabd28a7000add2d05f888aa2e837c2cc,240.0,10.0,600.0,120.0,0,1,36,DATTA-BASAK,2026-09-22T00:39:10+00:00
frigate,SS4,1.9,8.8,135.0,0.0,cg,40,0.04,48.0,0.0,0.0,0.014538771699813756,0.050664740877429525,0.05066474089730461,0.09979830801458534,0.12834632202938404,0.45970896386822074,1.0228226343676448,0.9520916815336742,0.7308788655407901,3.65439432770395,8.8,1.7600000000000002,0.104347325104845,0.1515182384372234,3.0101343269031458,False,0.8465203168794673,1.0,0.1283386260522385,3.12.3,2.5.2,2.13.0,2.9.0,1.3.0,3.2.7,e9fa15cc35312a5c1ecf0c42668a690b5061c090,7ebad1ecabd28a7000add2d05f888aa2e837c2cc,240.0,10.0,600.0,120.0,0,1,36,DATTA-BASAK,2026-09-22T00:39:10+00:00
frigate,SS4,1.9,8.8,135.0,6.0,aft,40,0.04,48.0,-49.6,-1.9840000000000002,0.02122165752231457,0.09634030940307758,0.09634030997964549,0.18835085178424762,0.24533788845799534,1.1747802000157719,0.5590843740971173,0.8736639435639248,0.7621369462218078,3.8106847311090393,7.593342854197399,1.5186685708394798,0.22274307732050663,0.28391834504380453,2.277845559538506,False,0.8180466131656989,1.9564533606855319,0.24537717832804964,3.12.3,2.5.2,2.13.0,2.9.0,1.3.0,3.2.7,e9fa15cc35312a5c1ecf0c42668a690b5061c090,7ebad1ecabd28a7000add2d05f888aa2e837c2cc,240.0,10.0,600.0,120.0,0,1,36,DATTA-BASAK,2026-09-22T00:39:10+00:00
frigate,SS4,1.9,8.8,135.0,6.0,cg,40,0.04,48.0,0.0,0.0,0.012593347714530934,0.049242323838334955,0.04924232384762206,0.0957719553541651,0.12283935716654223,0.4962379016812169,0.5590843740971173,0.8736639435639248,0.7621369462218078,3.8106847311090393,7.593342854197399,1.5186685708394798,0.09979273633276263,0.1427200983626784,2.277845559538506,False,0.8180466131656989,1.0,0.12278655082094704,3.12.3,2.5.2,2.13.0,2.9.0,1.3.0,3.2.7,e9fa15cc35312a5c1ecf0c42668a690b5061c090,7ebad1ecabd28a7000add2d05f888aa2e837c2cc,240.0,10.0,600.0,120.0,0,1,36,DATTA-BASAK,2026-09-22T00:39:10+00:00
frigate,SS4,1.9,8.8,135.0,12.0,aft,40,0.04,48.0,-49.6,-1.9840000000000002,0.018477048577464777,0.09273922033713622,0.0927392211179401,0.1815634291746665,0.2369235457288269,1.2519300358599081,0.3483313622443347,0.7479256437279054,0.7243434703370417,3.6217173516852084,6.677696271922944,1.3355392543845888,0.21392818328432198,0.3619766980618555,1.9219277979664517,False,0.8139543587333048,2.0911325174936466,0.236819435685426,3.12.3,2.5.2,2.13.0,2.9.0,1.3.0,3.2.7,e9fa15cc35312a5c1ecf0c42668a690b5061c090,7ebad1ecabd28a7000add2d05f888aa2e837c2cc,240.0,10.0,600.0,120.0,0,1,36,DATTA-BASAK,2026-09-22T00:39:10+00:00
frigate,SS4,1.9,8.8,135.0,12.0,cg,40,0.04,48.0,0.0,0.0,0.010351038131193497,0.044348801537284106,0.044348801590582056,0.08650293450206058,0.1132732908321111,0.5012865770332039,0.3483313622443347,0.7479256437279054,0.7243434703370417,3.6217173516852084,6.677696271922944,1.3355392543845888,0.09281759818340127,0.16177073397306346,1.9219277979664517,False,0.8139543587333048,1.0,0.11324057213336966,3.12.3,2.5.2,2.13.0,2.9.0,1.3.0,3.2.7,e9fa15cc35312a5c1ecf0c42668a690b5061c090,7ebad1ecabd28a7000add2d05f888aa2e837c2cc,240.0,10.0,600.0,120.0,0,1,36,DATTA-BASAK,2026-09-22T00:39:10+00:00
frigate,SS4,1.9,8.8,90.0,0.0,aft,40,0.04,48.0,-49.6,-1.9840000000000002,0.012394486221476615,0.0426069517728011,0.04260696160354739,0.08296625432631188,0.10663256292875195,0.3729164034712964,1.4420773594755596,0.06573092120249145,0.050542689077136965,0.25271344538568485,8.8,1.7600000000000002,0.08270697409018968,0.13557616887723825,3.697798053421469,False,0.8446003869085327,0.8594154694701631,0.10662086630697828,3.12.3,2.5.2,2.13.0,2.9.0,1.3.0,3.2.7,e9fa15cc35312a5c1ecf0c42668a690b5061c090,7ebad1ecabd28a7000add2d05f888aa2e837c2cc,240.0,10.0,600.0,120.0,0,1,36,DATTA-BASAK,2026-09-22T00:39:10+00:00
frigate,SS4,1.9,8.8,90.0,0.0,cg,40,0.04,48.0,0.0,0.0,0.014256816989280538,0.049576666282803744,0.04957667521369489,0.09666738290036239,0.12404065210869246,0.4405717333437982,1.4420773594755596,0.06573092120249145,0.050542689077136965,0.25271344538568485,8.8,1.7600000000000002,0.09898200541492874,0.15835257959172777,3.697798053421469,False,0.8446003869085327,1.0,0.12404957769280126,3.12.3,2.5.2,2.13.0,2.9.0,1.3.0,3.2.7,e9fa15cc35312a5c1ecf0c42668a690b5061c090,7ebad1ecabd28a7000add2d05f888aa2e837c2cc,240.0,10.0,600.0,120.0,0,1,36,DATTA-BASAK,2026-09-22T00:39:10+00:00
frigate,SS4,1.9,8.8,90.0,6.0,aft,40,0.04,48.0,-49.6,-1.9840000000000002,0.012359237717475016,0.0425251442694488,0.04252516333974092,0.08306115288636218,0.11029860655527866,0.38746267487722585,1.4246523690854902,0.06573342062544146,0.050636865286633116,0.2531843264331656,8.8,1.7600000000000002,0.08784317210640391,0.14884062570251552,3.6355242223911395,False,0.8435056154255488,0.8593236896140206,0.11029673996589842,3.12.3,2.5.2,2.13.0,2.9.0,1.3.0,3.2.7,e9fa15cc35312a5c1ecf0c42668a690b5061c090,7ebad1ecabd28a7000add2d05f888aa2e837c2cc,240.0,10.0,600.0,120.0,0,1,36,DATTA-BASAK,2026-09-22T00:39:10+00:00
frigate,SS4,1.9,8.8,90.0,6.0,cg,40,0.04,48.0,0.0,0.0,0.014218583695581726,0.04948676010619533,0.04948678112067619,0.09667740339280267,0.12797710558782377,0.4555228612846157,1.4246523690854902,0.06573342062544146,0.050636865286633116,0.2531843264331656,8.8,1.7600000000000002,0.1005993579566013,0.1722593077913709,3.6355242223911395,False,0.8435056154255488,1.0,0.12798961273357518,3.12.3,2.5.2,2.13.0,2.9.0,1.3.0,3.2.7,e9fa15cc35312a5c1ecf0c42668a690b5061c090,7ebad1ecabd28a7000add2d05f888aa2e837c2cc,240.0,10.0,600.0,120.0,0,1,36,DATTA-BASAK,2026-09-22T00:39:10+00:00
frigate,SS4,1.9,8.8,90.0,12.0,aft,40,0.04,48.0,-49.6,-1.9840000000000002,0.012320855222344586,0.042307332198486355,0.04230733219854296,0.08203956412708606,0.10619910359214794,0.37156093721250794,1.4158123289440172,0.06512092852240968,0.05009639063155625,0.25048195315778127,8.8,1.7600000000000002,0.08965711834585254,0.13474281939251057,3.645861023812222,False,0.8439924430604818,0.859926124392646,0.1062077358849724,3.12.3,2.5.2,2.13.0,2.9.0,1.3.0,3.2.7,e9fa15cc35312a5c1ecf0c42668a690b5061c090,7ebad1ecabd28a7000add2d05f888aa2e837c2cc,240.0,10.0,600.0,120.0,0,1,36,DATTA-BASAK,2026-09-22T00:39:10+00:00
frigate,SS4,1.9,8.8,90.0,12.0,cg,40,0.04,48.0,0.0,0.0,0.014164520402508434,0.04919879845264838,0.04919879859263963,0.09547167715003024,0.12338407993336056,0.43692299163499243,1.4158123289440172,0.06512092852240968,0.05009639063155625,0.25048195315778127,8.8,1.7600000000000002,0.10449662412707807,0.15560522104863686,3.645861023812222,False,0.8439924430604818,1.0,0.1233048012375019,3.12.3,2.5.2,2.13.0,2.9.0,1.3.0,3.2.7,e9fa15cc35312a5c1ecf0c42668a690b5061c090,7ebad1ecabd28a7000add2d05f888aa2e837c2cc,240.0,10.0,600.0,120.0,0,1,36,DATTA-BASAK,2026-09-22T00:39:10+00:00
frigate,SS4,1.9,8.8,45.0,0.0,aft,40,0.04,48.0,-49.6,-1.9840000000000002,0.021789028280300313,0.08820540373174728,0.0882054125908094,0.1733175893746396,0.22448605521614742,0.9448307453783952,1.0001204509012898,0.9358473499842463,0.7207335752061271,3.6036678760306358,8.8,1.7600000000000002,0.19348346629172603,0.2762477227868997,2.9227850253209793,False,0.8442728297072062,1.781009113447795,0.22446274519305867,3.12.3,2.5.2,2.13.0,2.9.0,1.3.0,3.2.7,e9fa15cc35312a5c1ecf0c42668a690b5061c090,7ebad1ecabd28a7000add2d05f888aa2e837c2cc,240.0,10.0,600.0,120.0,0,1,36,DATTA-BASAK,2026-09-22T00:39:10+00:00
frigate,SS4,1.9,8.8,45.0,0.0,cg,40,0.04,48.0,0.0,0.0,0.014193916847367746,0.04952551920325909,0.04952552568361401,0.09784566615122962,0.12585314348578858,0.4519714912585509,1.0001204509012898,0.9358473499842463,0.7207335752061271,3.6036678760306358,8.8,1.7600000000000002,0.09423174043225879,0.14981237370803888,2.9227850253209793,False,0.8442728297072062,1.0,0.1258096812265936,3.12.3,2.5.2,2.13.0,2.9.0,1.3.0,3.2.7,e9fa15cc35312a5c1ecf0c42668a690b5061c090,7ebad1ecabd28a7000add2d05f888aa2e837c2cc,240.0,10.0,600.0,120.0,0,1,36,DATTA-BASAK,2026-09-22T00:39:10+00:00
frigate,SS4,1.9,8.8,45.0,6.0,aft,40,0.04,48.0,-49.6,-1.9840000000000002,0.02063340546890677,0.07026316192214839,0.07026316535031435,0.13782744044807646,0.18053272567052056,0.6365217977357784,2.3607814504396254,0.956055344918253,0.6165000621051706,3.082500310525853,10.462612404600653,2.0925224809201306,0.13232775618844517,0.2289819874888404,6.105701064654339,False,0.8962094036545867,1.555267327718759,0.18056974240177417,3.12.3,2.5.2,2.13.0,2.9.0,1.3.0,3.2.7,e9fa15cc35312a5c1ecf0c42668a690b5061c090,7ebad1ecabd28a7000add2d05f888aa2e837c2cc,240.0,10.0,600.0,120.0,0,1,36,DATTA-BASAK,2026-09-22T00:39:10+00:00
frigate,SS4,1.9,8.8,45.0,6.0,cg,40,0.04,48.0,0.0,0.0,0.015170746446854982,0.04517754861407023,0.045177548642634464,0.08904607660996375,0.11681597311075846,0.35333549502898387,2.3607814504396254,0.956055344918253,0.6165000621051706,3.082500310525853,10.462612404600653,2.0925224809201306,0.09164513558868433,0.16174586624687814,6.105701064654339,False,0.8962094036545867,1.0,0.11681520753791036,3.12.3,2.5.2,2.13.0,2.9.0,1.3.0,3.2.7,e9fa15cc35312a5c1ecf0c42668a690b5061c090,7ebad1ecabd28a7000add2d05f888aa2e837c2cc,240.0,10.0,600.0,120.0,0,1,36,DATTA-BASAK,2026-09-22T00:39:10+00:00
frigate,SS4,1.9,8.8,45.0,12.0,aft,40,0.04,48.0,-49.6,-1.9840000000000002,0.018229847744747524,0.04713419634089475,0.047134200013485644,0.0922523645687165,0.12398362059436609,0.3227581868956894,4.6176265857354535,0.8799365692058077,0.4429895626495122,2.2149478132475613,12.89981634454507,2.579963268909014,0.08154741129743023,0.172115290466988,12.16378465534085,False,0.9371837979017476,1.419906247091879,0.1239571133174186,3.12.3,2.5.2,2.13.0,2.9.0,1.3.0,3.2.7,e9fa15cc35312a5c1ecf0c42668a690b5061c090,7ebad1ecabd28a7000add2d05f888aa2e837c2cc,240.0,10.0,600.0,120.0,0,1,36,DATTA-BASAK,2026-09-22T00:39:10+00:00
frigate,SS4,1.9,8.8,45.0,12.0,cg,40,0.04,48.0,0.0,0.0,0.0137409574209817,0.03319528981361701,0.033195290259495344,0.06537247593843554,0.08628170100982685,0.20923663175250437,4.6176265857354535,0.8799365692058077,0.4429895626495122,2.2149478132475613,12.89981634454507,2.579963268909014,0.0497357979282283,0.1115415859202499,12.16378465534085,False,0.9371837979017476,1.0,0.08628444168525592,3.12.3,2.5.2,2.13.0,2.9.0,1.3.0,3.2.7,e9fa15cc35312a5c1ecf0c42668a690b5061c090,7ebad1ecabd28a7000add2d05f888aa2e837c2cc,240.0,10.0,600.0,120.0,0,1,36,DATTA-BASAK,2026-09-22T00:39:10+00:00
frigate,SS5,3.3,9.7,180.0,0.0,aft,40,0.04,48.0,-49.6,-1.9840000000000002,0.05227192305099045,0.20251672003879223,0.2025167652777951,0.3988121418712668,0.5175276012771913,2.121315055714444,0.17356146515180007,2.165427686298229,1.580725291100638,7.90362645550319,9.7,1.94,0.4355472449473624,0.612336441645254,5.501822663766242,False,0.8591296860061213,2.16912268472868,0.517530214056106,3.12.3,2.5.2,2.13.0,2.9.0,1.3.0,3.2.7,e9fa15cc35312a5c1ecf0c42668a690b5061c090,7ebad1ecabd28a7000add2d05f888aa2e837c2cc,240.0,10.0,600.0,120.0,0,1,36,DATTA-BASAK,2026-09-22T00:39:10+00:00
frigate,SS5,3.3,9.7,180.0,0.0,cg,40,0.04,48.0,0.0,0.0,0.028852173876716812,0.09336344435593105,0.09336344444856813,0.18370588023788212,0.2356635671552514,0.7883934308913083,0.17356146515180007,2.165427686298229,1.580725291100638,7.90362645550319,9.7,1.94,0.17481862344380886,0.2852901540832364,5.501822663766242,False,0.8591296860061213,1.0,0.23573181656981657,3.12.3,2.5.2,2.13.0,2.9.0,1.3.0,3.2.7,e9fa15cc35312a5c1ecf0c42668a690b5061c090,7ebad1ecabd28a7000add2d05f888aa2e837c2cc,240.0,10.0,600.0,120.0,0,1,36,DATTA-BASAK,2026-09-22T00:39:10+00:00
frigate,SS5,3.3,9.7,180.0,6.0,aft,40,0.04,48.0,-49.6,-1.9840000000000002,0.05073007995740773,0.22658753969278286,0.22658754467814415,0.44334439692102573,0.5790351885233266,2.7430061783606137,0.07982683107669927,2.0188913007310676,1.7217772793495782,8.608886396747891,8.057274574669062,1.6114549149338124,0.4883083056816443,0.7104123945887147,5.184759978239508,False,0.822540997597524,2.323053800913034,0.5790575997249064,3.12.3,2.5.2,2.13.0,2.9.0,1.3.0,3.2.7,e9fa15cc35312a5c1ecf0c42668a690b5061c090,7ebad1ecabd28a7000add2d05f888aa2e837c2cc,240.0,10.0,600.0,120.0,0,1,36,DATTA-BASAK,2026-09-22T00:39:10+00:00
frigate,SS5,3.3,9.7,180.0,6.0,cg,40,0.04,48.0,0.0,0.0,0.02592630962018541,0.0975386439423793,0.09753865562178889,0.18982217852914654,0.2506242411586323,0.980371485090059,0.07982683107669927,2.0188913007310676,1.7217772793495782,8.608886396747891,8.057274574669062,1.6114549149338124,0.20155152045459165,0.30888176980259074,5.184759978239508,False,0.822540997597524,1.0,0.2506601877842838,3.12.3,2.5.2,2.13.0,2.9.0,1.3.0,3.2.7,e9fa15cc35312a5c1ecf0c42668a690b5061c090,7ebad1ecabd28a7000add2d05f888aa2e837c2cc,240.0,10.0,600.0,120.0,0,1,36,DATTA-BASAK,2026-09-22T00:39:10+00:00
frigate,SS5,3.3,9.7,180.0,12.0,aft,40,0.04,48.0,-49.6,-1.9840000000000002,0.044304676515870126,0.2214873418381932,0.2214873418755546,0.4332414505936613,0.5746479415522043,3.0642440818217973,0.04355722567450225,1.7252021618296902,1.661842888118808,8.30921444059404,6.89036897602673,1.3780737952053461,0.49368970594512684,0.6687889519328636,4.449558629380604,False,0.8144682631876421,2.497472748576884,0.5743346289682728,3.12.3,2.5.2,2.13.0,2.9.0,1.3.0,3.2.7,e9fa15cc35312a5c1ecf0c42668a690b5061c090,7ebad1ecabd28a7000add2d05f888aa2e837c2cc,240.0,10.0,600.0,120.0,0,1,36,DATTA-BASAK,2026-09-22T00:39:10+00:00
frigate,SS5,3.3,9.7,180.0,12.0,cg,40,0.04,48.0,0.0,0.0,0.021018386377913614,0.08868458579345048,0.08868458805076573,0.17355944332045029,0.22861488027776936,1.0105683607072997,0.04355722567450225,1.7252021618296902,1.661842888118808,8.30921444059404,6.89036897602673,1.3780737952053461,0.1928149209716141,0.2800378797021894,4.449558629380604,False,0.8144682631876421,1.0,0.2286732384842311,3.12.3,2.5.2,2.13.0,2.9.0,1.3.0,3.2.7,e9fa15cc35312a5c1ecf0c42668a690b5061c090,7ebad1ecabd28a7000add2d05f888aa2e837c2cc,240.0,10.0,600.0,120.0,0,1,36,DATTA-BASAK,2026-09-22T00:39:10+00:00
frigate,SS5,3.3,9.7,135.0,0.0,aft,40,0.04,48.0,-49.6,-1.9840000000000002,0.03206871150958103,0.12726303572695064,0.12726306122244344,0.24946972129169223,0.32491314492533757,1.356861664066527,2.431677896806326,1.5369282396090447,1.1217627583041478,5.608813791520739,9.7,1.94,0.28978683221130613,0.3668969906522156,6.563781127787239,False,0.8587725969439027,1.3619643500691103,0.3249783983459251,3.12.3,2.5.2,2.13.0,2.9.0,1.3.0,3.2.7,e9fa15cc35312a5c1ecf0c42668a690b5061c090,7ebad1ecabd28a7000add2d05f888aa2e837c2cc,240.0,10.0,600.0,120.0,0,1,36,DATTA-BASAK,2026-09-22T00:39:10+00:00
frigate,SS5,3.3,9.7,135.0,0.0,cg,40,0.04,48.0,0.0,0.0,0.02879355592189049,0.09344078751062768,0.09344081672621292,0.18161217749275427,0.2393741624546043,0.7986935583951588,2.431677896806326,1.5369282396090447,1.1217627583041478,5.608813791520739,9.7,1.94,0.18478998611334618,0.29600987448125504,6.563781127787239,False,0.8587725969439027,1.0,0.23938037925795103,3.12.3,2.5.2,2.13.0,2.9.0,1.3.0,3.2.7,e9fa15cc35312a5c1ecf0c42668a690b5061c090,7ebad1ecabd28a7000add2d05f888aa2e837c2cc,240.0,10.0,600.0,120.0,0,1,36,DATTA-BASAK,2026-09-22T00:39:10+00:00
frigate,SS5,3.3,9.7,135.0,6.0,aft,40,0.04,48.0,-49.6,-1.9840000000000002,0.03179284877655691,0.1397665143595345,0.1397665152901289,0.27127000782095373,0.3554307047821072,1.6598188866380155,1.3592089309142201,1.446804894317569,1.187696381554262,5.93848190777131,8.477793346786754,1.695558669357351,0.3136007212625233,0.4211204443655234,4.384303636593131,False,0.829055115465894,1.457821562296857,0.35549499832722,3.12.3,2.5.2,2.13.0,2.9.0,1.3.0,3.2.7,e9fa15cc35312a5c1ecf0c42668a690b5061c090,7ebad1ecabd28a7000add2d05f888aa2e837c2cc,240.0,10.0,600.0,120.0,0,1,36,DATTA-BASAK,2026-09-22T00:39:10+00:00
frigate,SS5,3.3,9.7,135.0,6.0,cg,40,0.04,48.0,0.0,0.0,0.02647085146998851,0.09587353871871689,0.0958735409770734,0.18702068792431004,0.2525295962419799,0.9392730406295325,1.3592089309142201,1.446804894317569,1.187696381554262,5.93848190777131,8.477793346786754,1.695558669357351,0.2056892522429266,0.2983757136035841,4.384303636593131,False,0.829055115465894,1.0,0.2526518752889334,3.12.3,2.5.2,2.13.0,2.9.0,1.3.0,3.2.7,e9fa15cc35312a5c1ecf0c42668a690b5061c090,7ebad1ecabd28a7000add2d05f888aa2e837c2cc,240.0,10.0,600.0,120.0,0,1,36,DATTA-BASAK,2026-09-22T00:39:10+00:00
frigate,SS5,3.3,9.7,135.0,12.0,aft,40,0.04,48.0,-49.6,-1.9840000000000002,0.030498245267684833,0.1451174946891936,0.14511749554258818,0.2833891019153774,0.3717945599914406,1.8962067158428064,0.8495855167394709,1.3441197822532036,1.2118895205803781,6.059447602901891,7.529119167475065,1.505823833495013,0.3283129031712175,0.4386678567065525,3.5380135830918786,False,0.8154842457091099,1.5483449059454348,0.3717903102942095,3.12.3,2.5.2,2.13.0,2.9.0,1.3.0,3.2.7,e9fa15cc35312a5c1ecf0c42668a690b5061c090,7ebad1ecabd28a7000add2d05f888aa2e837c2cc,240.0,10.0,600.0,120.0,0,1,36,DATTA-BASAK,2026-09-22T00:39:10+00:00
frigate,SS5,3.3,9.7,135.0,12.0,cg,40,0.04,48.0,0.0,0.0,0.02363233287959177,0.09372426603640449,0.0937242696929842,0.18378838916648157,0.23815661592416587,0.9807838762940787,0.8495855167394709,1.3441197822532036,1.2118895205803781,6.059447602901891,7.529119167475065,1.505823833495013,0.18870229667241228,0.2842085934732078,3.5380135830918786,False,0.8154842457091099,1.0,0.23804755361617363,3.12.3,2.5.2,2.13.0,2.9.0,1.3.0,3.2.7,e9fa15cc35312a5c1ecf0c42668a690b5061c090,7ebad1ecabd28a7000add2d05f888aa2e837c2cc,240.0,10.0,600.0,120.0,0,1,36,DATTA-BASAK,2026-09-22T00:39:10+00:00
frigate,SS5,3.3,9.7,90.0,0.0,aft,40,0.04,48.0,-49.6,-1.9840000000000002,0.026075550343195985,0.0835835739958077,0.08358358305288342,0.16286018867458807,0.2135239692562745,0.7037071699240495,3.511853694511527,0.10968742760387269,0.08006887429786223,0.4003443714893112,9.7,1.94,0.16896302113431447,0.2741291785373588,9.004328219317815,False,0.858787114275748,0.8820053611358399,0.21357249129794592,3.12.3,2.5.2,2.13.0,2.9.0,1.3.0,3.2.7,e9fa15cc35312a5c1ecf0c42668a690b5061c090,7ebad1ecabd28a7000add2d05f888aa2e837c2cc,240.0,10.0,600.0,120.0,0,1,36,DATTA-BASAK,2026-09-22T00:39:10+00:00
frigate,SS5,3.3,9.7,90.0,0.0,cg,40,0.04,48.0,0.0,0.0,0.02926466466212848,0.09476538271123332,0.09476539115957879,0.18495868503976987,0.24215694636297957,0.8092874983593886,3.511853694511527,0.10968742760387269,0.08006887429786223,0.4003443714893112,9.7,1.94,0.19540435955836305,0.3108707973127199,9.004328219317815,False,0.858787114275748,1.0,0.24212055259810383,3.12.3,2.5.2,2.13.0,2.9.0,1.3.0,3.2.7,e9fa15cc35312a5c1ecf0c42668a690b5061c090,7ebad1ecabd28a7000add2d05f888aa2e837c2cc,240.0,10.0,600.0,120.0,0,1,36,DATTA-BASAK,2026-09-22T00:39:10+00:00
frigate,SS5,3.3,9.7,90.0,6.0,aft,40,0.04,48.0,-49.6,-1.9840000000000002,0.026044330803906772,0.08356777929810257,0.08356778068111533,0.16343099660799454,0.21254765575994236,0.7044146131592771,3.524273884764233,0.10978617056354509,0.08005821316366495,0.40029106581832474,9.7,1.94,0.17072059953419538,0.27596919504262757,8.806097509783854,False,0.8598754668666612,0.88174322012115,0.2125809364584605,3.12.3,2.5.2,2.13.0,2.9.0,1.3.0,3.2.7,e9fa15cc35312a5c1ecf0c42668a690b5061c090,7ebad1ecabd28a7000add2d05f888aa2e837c2cc,240.0,10.0,600.0,120.0,0,1,36,DATTA-BASAK,2026-09-22T00:39:10+00:00
frigate,SS5,3.3,9.7,90.0,6.0,cg,40,0.04,48.0,0.0,0.0,0.029240820691799115,0.09477563990367595,0.09477564303770122,0.1857539295018791,0.24147545329502487,0.8133242844145426,3.524273884764233,0.10978617056354509,0.08005821316366495,0.40029106581832474,9.7,1.94,0.1996043640197198,0.31332347791229764,8.806097509783854,False,0.8598754668666612,1.0,0.24145653663337738,3.12.3,2.5.2,2.13.0,2.9.0,1.3.0,3.2.7,e9fa15cc35312a5c1ecf0c42668a690b5061c090,7ebad1ecabd28a7000add2d05f888aa2e837c2cc,240.0,10.0,600.0,120.0,0,1,36,DATTA-BASAK,2026-09-22T00:39:10+00:00
frigate,SS5,3.3,9.7,90.0,12.0,aft,40,0.04,48.0,-49.6,-1.9840000000000002,0.02572632284917386,0.08258582871902576,0.08258585975494837,0.16251294941374075,0.21170604256106168,0.6970118287958056,3.4900254707680585,0.10870450520896896,0.07935024726229566,0.3967512363114783,9.7,1.94,0.16474689236657022,0.24775223754914538,8.86161844364914,False,0.8591088136542114,0.8814803099614799,0.2117050011940123,3.12.3,2.5.2,2.13.0,2.9.0,1.3.0,3.2.7,e9fa15cc35312a5c1ecf0c42668a690b5061c090,7ebad1ecabd28a7000add2d05f888aa2e837c2cc,240.0,10.0,600.0,120.0,0,1,36,DATTA-BASAK,2026-09-22T00:39:10+00:00
frigate,SS5,3.3,9.7,90.0,12.0,cg,40,0.04,48.0,0.0,0.0,0.028887898273494587,0.09368993826171482,0.09368996541574175,0.1844517453841558,0.24015705274036475,0.7992321364322063,3.4900254707680585,0.10870450520896896,0.07935024726229566,0.3967512363114783,9.7,1.94,0.18625765897127675,0.2781822652872086,8.86161844364914,False,0.8591088136542114,1.0,0.24018353371513324,3.12.3,2.5.2,2.13.0,2.9.0,1.3.0,3.2.7,e9fa15cc35312a5c1ecf0c42668a690b5061c090,7ebad1ecabd28a7000add2d05f888aa2e837c2cc,240.0,10.0,600.0,120.0,0,1,36,DATTA-BASAK,2026-09-22T00:39:10+00:00
frigate,SS5,3.3,9.7,45.0,0.0,aft,40,0.04,48.0,-49.6,-1.9840000000000002,0.031992478573941815,0.12749648358431245,0.12749648922491585,0.24924869499282137,0.325202715413194,1.3526610086645443,2.4990226970055223,1.5383178826514374,1.1233913940861078,5.616956970430539,9.7,1.94,0.2850840936638849,0.39524242228300366,6.721700756182053,False,0.858902042433523,1.3586810695996607,0.3252924803517016,3.12.3,2.5.2,2.13.0,2.9.0,1.3.0,3.2.7,e9fa15cc35312a5c1ecf0c42668a690b5061c090,7ebad1ecabd28a7000add2d05f888aa2e837c2cc,240.0,10.0,600.0,120.0,0,1,36,DATTA-BASAK,2026-09-22T00:39:10+00:00
frigate,SS5,3.3,9.7,45.0,0.0,cg,40,0.04,48.0,0.0,0.0,0.029006774778772303,0.09383841112527903,0.09383842321618793,0.186406645599958,0.24177002127080757,0.8070171429433443,2.4990226970055223,1.5383178826514374,1.1233913940861078,5.616956970430539,9.7,1.94,0.2009921868527938,0.29253224858247123,6.721700756182053,False,0.858902042433523,1.0,0.2418216329287306,3.12.3,2.5.2,2.13.0,2.9.0,1.3.0,3.2.7,e9fa15cc35312a5c1ecf0c42668a690b5061c090,7ebad1ecabd28a7000add2d05f888aa2e837c2cc,240.0,10.0,600.0,120.0,0,1,36,DATTA-BASAK,2026-09-22T00:39:10+00:00
frigate,SS5,3.3,9.7,45.0,6.0,aft,40,0.04,48.0,-49.6,-1.9840000000000002,0.030351486785663545,0.10215179340083959,0.10215183231087946,0.20211990819094822,0.26689353117065673,0.9301087694614636,5.387315464931726,1.5520719049636398,0.9599021619625093,4.7995108098125465,11.33396911054335,2.2667938221086703,0.22590038451161182,0.3312475887010227,13.97138798220799,False,0.8983593407224824,1.2488017717308884,0.26678932645935555,3.12.3,2.5.2,2.13.0,2.9.0,1.3.0,3.2.7,e9fa15cc35312a5c1ecf0c42668a690b5061c090,7ebad1ecabd28a7000add2d05f888aa2e837c2cc,240.0,10.0,600.0,120.0,0,1,36,DATTA-BASAK,2026-09-22T00:39:10+00:00
frigate,SS5,3.3,9.7,45.0,6.0,cg,40,0.04,48.0,0.0,0.0,0.029177285109284936,0.08179986679987747,0.08179987778948536,0.15938026166856317,0.21196928307301127,0.609817969818912,5.387315464931726,1.5520719049636398,0.9599021619625093,4.7995108098125465,11.33396911054335,2.2667938221086703,0.1632540728092231,0.2517181861187462,13.97138798220799,False,0.8983593407224824,1.0,0.21196265820031376,3.12.3,2.5.2,2.13.0,2.9.0,1.3.0,3.2.7,e9fa15cc35312a5c1ecf0c42668a690b5061c090,7ebad1ecabd28a7000add2d05f888aa2e837c2cc,240.0,10.0,600.0,120.0,0,1,36,DATTA-BASAK,2026-09-22T00:39:10+00:00
frigate,SS5,3.3,9.7,45.0,12.0,aft,40,0.04,48.0,-49.6,-1.9840000000000002,0.027373993244346525,0.07024254288815866,0.07024256666319009,0.13582328340067662,0.1730323876888159,0.44453173800072826,6.761422284714724,1.450680498154397,0.7104081735785546,3.5520408678927726,13.629937930931519,2.725987586186304,0.12227963402215843,0.22922933447578953,17.606822121494982,True,0.9278723658803765,1.1407846675291633,0.17304580531211744,3.12.3,2.5.2,2.13.0,2.9.0,1.3.0,3.2.7,e9fa15cc35312a5c1ecf0c42668a690b5061c090,7ebad1ecabd28a7000add2d05f888aa2e837c2cc,240.0,10.0,600.0,120.0,0,1,36,DATTA-BASAK,2026-09-22T00:39:10+00:00
frigate,SS5,3.3,9.7,45.0,12.0,cg,40,0.04,48.0,0.0,0.0,0.0266285963776081,0.06157379401208325,0.061573904929252916,0.12165602995105924,0.16073696757810232,0.37436043077877235,6.761422284714724,1.450680498154397,0.7104081735785546,3.5520408678927726,13.629937930931519,2.725987586186304,0.08871010608645626,0.22875182350984147,17.606822121494982,True,0.9278723658803765,1.0,0.160715650964978,3.12.3,2.5.2,2.13.0,2.9.0,1.3.0,3.2.7,e9fa15cc35312a5c1ecf0c42668a690b5061c090,7ebad1ecabd28a7000add2d05f888aa2e837c2cc,240.0,10.0,600.0,120.0,0,1,36,DATTA-BASAK,2026-09-22T00:39:10+00:00
frigate,SS6,5.0,12.4,180.0,0.0,aft,40,0.04,48.0,-49.6,-1.9840000000000002,0.053863495706230446,0.2063620703062526,0.20636218074825954,0.40571809210408966,0.5301878753424496,2.1587370165207416,0.46750775753002727,2.6531347564640426,1.7589250650436943,8.79462532521847,12.399999999999999,2.48,0.4698614828431213,0.5926396116789867,6.830752027181352,False,0.8591967417606563,1.4492487960944127,0.5303616010922846,3.12.3,2.5.2,2.13.0,2.9.0,1.3.0,3.2.7,e9fa15cc35312a5c1ecf0c42668a690b5061c090,7ebad1ecabd28a7000add2d05f888aa2e837c2cc,240.0,10.0,600.0,120.0,0,1,36,DATTA-BASAK,2026-09-22T00:39:10+00:00
frigate,SS6,5.0,12.4,180.0,0.0,cg,40,0.04,48.0,0.0,0.0,0.05246197316336392,0.14239248959769213,0.14239251487003884,0.2758081659654549,0.3656357421590141,1.048451821066044,0.46750775753002727,2.6531347564640426,1.7589250650436943,8.79462532521847,12.399999999999999,2.48,0.30789690494435007,0.4661957868145747,6.830752027181352,False,0.8591967417606563,1.0,0.36559786157741175,3.12.3,2.5.2,2.13.0,2.9.0,1.3.0,3.2.7,e9fa15cc35312a5c1ecf0c42668a690b5061c090,7ebad1ecabd28a7000add2d05f888aa2e837c2cc,240.0,10.0,600.0,120.0,0,1,36,DATTA-BASAK,2026-09-22T00:39:10+00:00
frigate,SS6,5.0,12.4,180.0,6.0,aft,40,0.04,48.0,-49.6,-1.9840000000000002,0.05093855637054524,0.22115178195605775,0.22115179704297755,0.4353837226517422,0.5651617409764905,2.6651901967400837,0.27561966478410527,2.4972341129865696,1.8847877957666117,9.423938978833059,10.694379335518006,2.1388758671036014,0.4992411111260807,0.6264725965368183,6.442983152838559,False,0.8426704931620888,1.3787349709335652,0.5654739678804598,3.12.3,2.5.2,2.13.0,2.9.0,1.3.0,3.2.7,e9fa15cc35312a5c1ecf0c42668a690b5061c090,7ebad1ecabd28a7000add2d05f888aa2e837c2cc,240.0,10.0,600.0,120.0,0,1,36,DATTA-BASAK,2026-09-22T00:39:10+00:00
frigate,SS6,5.0,12.4,180.0,6.0,cg,40,0.04,48.0,0.0,0.0,0.0520393171503626,0.16040195776106236,0.1604019639055299,0.31642974099762006,0.41542665868321366,1.3483568185378636,0.27561966478410527,2.4972341129865696,1.8847877957666117,9.423938978833059,10.694379335518006,2.1388758671036014,0.34620445581429815,0.4954674798786491,6.442983152838559,False,0.8426704931620888,1.0,0.4153434718589588,3.12.3,2.5.2,2.13.0,2.9.0,1.3.0,3.2.7,e9fa15cc35312a5c1ecf0c42668a690b5061c090,7ebad1ecabd28a7000add2d05f888aa2e837c2cc,240.0,10.0,600.0,120.0,0,1,36,DATTA-BASAK,2026-09-22T00:39:10+00:00
frigate,SS6,5.0,12.4,180.0,12.0,aft,40,0.04,48.0,-49.6,-1.9840000000000002,0.048795970443385725,0.2262083099376005,0.2262083306248342,0.4448699921008606,0.5771649520125841,2.9677508406245336,0.16297801520043662,2.3988127619569988,1.9648809125035094,9.824404562517547,9.401238478951623,1.8802476957903247,0.5207782549366767,0.6542086808432668,6.232781808939813,False,0.8353176452479376,1.2753102495667792,0.5770504944569501,3.12.3,2.5.2,2.13.0,2.9.0,1.3.0,3.2.7,e9fa15cc35312a5c1ecf0c42668a690b5061c090,7ebad1ecabd28a7000add2d05f888aa2e837c2cc,240.0,10.0,600.0,120.0,0,1,36,DATTA-BASAK,2026-09-22T00:39:10+00:00
frigate,SS6,5.0,12.4,180.0,12.0,cg,40,0.04,48.0,0.0,0.0,0.05202357986052776,0.1773751295587226,0.17737513730613927,0.3494641762465527,0.46118148196112785,1.652961816959591,0.16297801520043662,2.3988127619569988,1.9648809125035094,9.824404562517547,9.401238478951623,1.8802476957903247,0.3899390370746803,0.5431689370116084,6.232781808939813,False,0.8353176452479376,1.0,0.4611398410981541,3.12.3,2.5.2,2.13.0,2.9.0,1.3.0,3.2.7,e9fa15cc35312a5c1ecf0c42668a690b5061c090,7ebad1ecabd28a7000add2d05f888aa2e837c2cc,240.0,10.0,600.0,120.0,0,1,36,DATTA-BASAK,2026-09-22T00:39:10+00:00
frigate,SS6,5.0,12.4,135.0,0.0,aft,40,0.04,48.0,-49.6,-1.9840000000000002,0.0332305224777316,0.1292153694678559,0.12921539206432014,0.2537581351199687,0.3315584723341789,1.3782455644901987,6.554753239942197,1.877136865341103,1.2407136235865939,6.203568117932969,12.399999999999999,2.48,0.28418056832477157,0.37633778936965584,16.999725909735876,True,0.8605954945757731,0.9037046102609365,0.3316941346960336,3.12.3,2.5.2,2.13.0,2.9.0,1.3.0,3.2.7,e9fa15cc35312a5c1ecf0c42668a690b5061c090,7ebad1ecabd28a7000add2d05f888aa2e837c2cc,240.0,10.0,600.0,120.0,0,1,36,DATTA-BASAK,2026-09-22T00:39:10+00:00
frigate,SS6,5.0,12.4,135.0,0.0,cg,40,0.04,48.0,0.0,0.0,0.05281482664199237,0.14298408364217405,0.142984101881488,0.28179854145066846,0.36186789750013576,1.0346363506475547,6.554753239942197,1.877136865341103,1.2407136235865939,6.203568117932969,12.399999999999999,2.48,0.30954007250781324,0.4450926086420288,16.999725909735876,True,0.8605954945757731,1.0,0.3617808685531773,3.12.3,2.5.2,2.13.0,2.9.0,1.3.0,3.2.7,e9fa15cc35312a5c1ecf0c42668a690b5061c090,7ebad1ecabd28a7000add2d05f888aa2e837c2cc,240.0,10.0,600.0,120.0,0,1,36,DATTA-BASAK,2026-09-22T00:39:10+00:00
frigate,SS6,5.0,12.4,135.0,6.0,aft,40,0.04,48.0,-49.6,-1.9840000000000002,0.03328619813035162,0.1401810014000064,0.14018101733483468,0.2750299445793316,0.36190267270324267,1.6631500158588628,4.916047384902659,1.8349345571954374,1.3317228893319573,6.6586144466597865,11.143315409282884,2.228663081856577,0.31805202592452314,0.4390266246339233,12.656349391564392,False,0.8516329838444603,0.8734576974441524,0.3615598292043935,3.12.3,2.5.2,2.13.0,2.9.0,1.3.0,3.2.7,e9fa15cc35312a5c1ecf0c42668a690b5061c090,7ebad1ecabd28a7000add2d05f888aa2e837c2cc,240.0,10.0,600.0,120.0,0,1,36,DATTA-BASAK,2026-09-22T00:39:10+00:00
frigate,SS6,5.0,12.4,135.0,6.0,cg,40,0.04,48.0,0.0,0.0,0.05398748331573883,0.16048973463006844,0.16048976126150363,0.3152478382056377,0.4084107948853463,1.288375105306978,4.916047384902659,1.8349345571954374,1.3317228893319573,6.6586144466597865,11.143315409282884,2.228663081856577,0.3550016639894569,0.5533022276882651,12.656349391564392,False,0.8516329838444603,1.0,0.4086125011186192,3.12.3,2.5.2,2.13.0,2.9.0,1.3.0,3.2.7,e9fa15cc35312a5c1ecf0c42668a690b5061c090,7ebad1ecabd28a7000add2d05f888aa2e837c2cc,240.0,10.0,600.0,120.0,0,1,36,DATTA-BASAK,2026-09-22T00:39:10+00:00
frigate,SS6,5.0,12.4,135.0,12.0,aft,40,0.04,48.0,-49.6,-1.9840000000000002,0.033345830360744136,0.1473378085567047,0.1473378096494839,0.289242599418236,0.3797169349371921,1.8885631816645236,3.189542545972706,1.783403220304943,1.3933365028333426,6.966682514166713,10.11791040184315,2.0235820803686297,0.32083430667332996,0.4475787121860452,8.470301436499915,False,0.8421017896048572,0.8486311867973136,0.3798869671658299,3.12.3,2.5.2,2.13.0,2.9.0,1.3.0,3.2.7,e9fa15cc35312a5c1ecf0c42668a690b5061c090,7ebad1ecabd28a7000add2d05f888aa2e837c2cc,240.0,10.0,600.0,120.0,0,1,36,DATTA-BASAK,2026-09-22T00:39:10+00:00
frigate,SS6,5.0,12.4,135.0,12.0,cg,40,0.04,48.0,0.0,0.0,0.053924066078952795,0.17361818493338202,0.1736181888454141,0.34184920745711017,0.44080479695199676,1.5008900091873347,3.189542545972706,1.783403220304943,1.3933365028333426,6.966682514166713,10.11791040184315,2.0235820803686297,0.3992447866002661,0.5407902086805529,8.470301436499915,False,0.8421017896048572,1.0,0.4406971345060512,3.12.3,2.5.2,2.13.0,2.9.0,1.3.0,3.2.7,e9fa15cc35312a5c1ecf0c42668a690b5061c090,7ebad1ecabd28a7000add2d05f888aa2e837c2cc,240.0,10.0,600.0,120.0,0,1,36,DATTA-BASAK,2026-09-22T00:39:10+00:00
frigate,SS6,5.0,12.4,90.0,0.0,aft,40,0.04,48.0,-49.6,-1.9840000000000002,0.04961306221673097,0.13249931611290702,0.13249936897580356,0.2587526448845708,0.3440408927291591,0.964267460976973,9.447387050764346,0.13349840002322816,0.08814285614935871,0.44071428074679353,12.399999999999999,2.48,0.26608000762930867,0.4605523917369426,24.49171649358819,True,0.8609528713449944,0.91651465626044,0.34419465894206164,3.12.3,2.5.2,2.13.0,2.9.0,1.3.0,3.2.7,e9fa15cc35312a5c1ecf0c42668a690b5061c090,7ebad1ecabd28a7000add2d05f888aa2e837c2cc,240.0,10.0,600.0,120.0,0,1,36,DATTA-BASAK,2026-09-22T00:39:10+00:00
frigate,SS6,5.0,12.4,90.0,0.0,cg,40,0.04,48.0,0.0,0.0,0.053537215008169825,0.14456868173835377,0.1445687399222038,0.2823570540569794,0.3763437122038494,1.0692901665613068,9.447387050764346,0.13349840002322816,0.08814285614935871,0.44071428074679353,12.399999999999999,2.48,0.29113208820601,0.4983050716149407,24.49171649358819,True,0.8609528713449944,1.0,0.37628184544711973,3.12.3,2.5.2,2.13.0,2.9.0,1.3.0,3.2.7,e9fa15cc35312a5c1ecf0c42668a690b5061c090,7ebad1ecabd28a7000add2d05f888aa2e837c2cc,240.0,10.0,600.0,120.0,0,1,36,DATTA-BASAK,2026-09-22T00:39:10+00:00
frigate,SS6,5.0,12.4,90.0,6.0,aft,40,0.04,48.0,-49.6,-1.9840000000000002,0.04849462202674341,0.12965761156672756,0.12965761276435042,0.25381083760009066,0.3337883837522066,0.9456529649461822,9.217452686136795,0.13057175238070803,0.08609055828454869,0.43045279142274345,12.399999999999999,2.48,0.2421482489188491,0.4021738574126804,22.891224166799336,True,0.8619441242848428,0.9164592614308075,0.33373357987191077,3.12.3,2.5.2,2.13.0,2.9.0,1.3.0,3.2.7,e9fa15cc35312a5c1ecf0c42668a690b5061c090,7ebad1ecabd28a7000add2d05f888aa2e837c2cc,240.0,10.0,600.0,120.0,0,1,36,DATTA-BASAK,2026-09-22T00:39:10+00:00
frigate,SS6,5.0,12.4,90.0,6.0,cg,40,0.04,48.0,0.0,0.0,0.05233755485328762,0.1414766766876835,0.1414766790199976,0.2768207526587521,0.36508869079094475,1.0469611976282536,9.217452686136795,0.13057175238070803,0.08609055828454869,0.43045279142274345,12.399999999999999,2.48,0.26815633302884084,0.4379915139323746,22.891224166799336,True,0.8619441242848428,1.0,0.3650442645027655,3.12.3,2.5.2,2.13.0,2.9.0,1.3.0,3.2.7,e9fa15cc35312a5c1ecf0c42668a690b5061c090,7ebad1ecabd28a7000add2d05f888aa2e837c2cc,240.0,10.0,600.0,120.0,0,1,36,DATTA-BASAK,2026-09-22T00:39:10+00:00
frigate,SS6,5.0,12.4,90.0,12.0,aft,40,0.04,48.0,-49.6,-1.9840000000000002,0.04957372279270656,0.13250173543887964,0.13250173629872572,0.2616518017104604,0.33454854901936487,0.9422553251851431,9.444621916159623,0.13307127988239228,0.08755481558412079,0.43777407792060397,12.399999999999999,2.48,0.2831447329967548,0.41806756079616514,23.162853317874198,True,0.8632510574047079,0.9166905693044557,0.3345175878155135,3.12.3,2.5.2,2.13.0,2.9.0,1.3.0,3.2.7,e9fa15cc35312a5c1ecf0c42668a690b5061c090,7ebad1ecabd28a7000add2d05f888aa2e837c2cc,240.0,10.0,600.0,120.0,0,1,36,DATTA-BASAK,2026-09-22T00:39:10+00:00
frigate,SS6,5.0,12.4,90.0,12.0,cg,40,0.04,48.0,0.0,0.0,0.05349689430784296,0.14454357915280328,0.14454357962825143,0.2850700183020487,0.36544167605276523,1.0469131040777468,9.444621916159623,0.13307127988239228,0.08755481558412079,0.43777407792060397,12.399999999999999,2.48,0.31093317969873385,0.4451909182308577,23.162853317874198,True,0.8632510574047079,1.0,0.36542792991856965,3.12.3,2.5.2,2.13.0,2.9.0,1.3.0,3.2.7,e9fa15cc35312a5c1ecf0c42668a690b5061c090,7ebad1ecabd28a7000add2d05f888aa2e837c2cc,240.0,10.0,600.0,120.0,0,1,36,DATTA-BASAK,2026-09-22T00:39:10+00:00
frigate,SS6,5.0,12.4,45.0,0.0,aft,40,0.04,48.0,-49.6,-1.9840000000000002,0.033137391432162384,0.1293673647699261,0.12936738527426647,0.2556779479107537,0.3362746341897509,1.4066350302071642,6.412245562958339,1.854818333574496,1.2309891694030812,6.154945847015406,12.399999999999999,2.48,0.2792980688153235,0.4224910693485419,15.979750461856677,True,0.8578200757947144,0.9194925324245065,0.33628305082713733,3.12.3,2.5.2,2.13.0,2.9.0,1.3.0,3.2.7,e9fa15cc35312a5c1ecf0c42668a690b5061c090,7ebad1ecabd28a7000add2d05f888aa2e837c2cc,240.0,10.0,600.0,120.0,0,1,36,DATTA-BASAK,2026-09-22T00:39:10+00:00
frigate,SS6,5.0,12.4,45.0,0.0,cg,40,0.04,48.0,0.0,0.0,0.051974772516737586,0.14069425108612924,0.14069432943968796,0.2739406885540658,0.35527512840688336,1.0127662538908055,6.412245562958339,1.854818333574496,1.2309891694030812,6.154945847015406,12.399999999999999,2.48,0.2594389966618329,0.42414766344094973,15.979750461856677,True,0.8578200757947144,1.0,0.3554450269988345,3.12.3,2.5.2,2.13.0,2.9.0,1.3.0,3.2.7,e9fa15cc35312a5c1ecf0c42668a690b5061c090,7ebad1ecabd28a7000add2d05f888aa2e837c2cc,240.0,10.0,600.0,120.0,0,1,36,DATTA-BASAK,2026-09-22T00:39:10+00:00
frigate,SS6,5.0,12.4,45.0,6.0,aft,40,0.04,48.0,-49.6,-1.9840000000000002,0.03004454442065309,0.09927774798949775,0.09927778107952652,0.19452114829371753,0.25965081734206846,0.8996152536804346,6.547341036222361,1.8219991648698992,1.0296414961208027,5.148207480604014,13.976157662894586,2.795231532578917,0.208997938160473,0.34574830955621694,16.853247881009093,True,0.8831958503092388,0.8247210174327994,0.25972652285963976,3.12.3,2.5.2,2.13.0,2.9.0,1.3.0,3.2.7,e9fa15cc35312a5c1ecf0c42668a690b5061c090,7ebad1ecabd28a7000add2d05f888aa2e837c2cc,240.0,10.0,600.0,120.0,0,1,36,DATTA-BASAK,2026-09-22T00:39:10+00:00
frigate,SS6,5.0,12.4,45.0,6.0,cg,40,0.04,48.0,0.0,0.0,0.050401101256166314,0.12037735681966145,0.12037741124696869,0.2364205117876296,0.3068472683731918,0.7674302989043257,6.547341036222361,1.8219991648698992,1.0296414961208027,5.148207480604014,13.976157662894586,2.795231532578917,0.2425286825316096,0.3912305047255295,16.853247881009093,True,0.8831958503092388,1.0,0.3067129091043312,3.12.3,2.5.2,2.13.0,2.9.0,1.3.0,3.2.7,e9fa15cc35312a5c1ecf0c42668a690b5061c090,7ebad1ecabd28a7000add2d05f888aa2e837c2cc,240.0,10.0,600.0,120.0,0,1,36,DATTA-BASAK,2026-09-22T00:39:10+00:00
frigate,SS6,5.0,12.4,45.0,12.0,aft,40,0.04,48.0,-49.6,-1.9840000000000002,0.027099266773088184,0.06811191677873794,0.06811194586772695,0.13214826775295527,0.18165790551826735,0.46313944714937644,6.743363663869186,1.742268965966536,0.7931123545781835,3.9655617728909176,16.011352495941765,3.2022704991883533,0.10398590339017401,0.2711992871364505,17.878039394626224,True,0.8998220338444141,0.6996660639406476,0.18151856813299289,3.12.3,2.5.2,2.13.0,2.9.0,1.3.0,3.2.7,e9fa15cc35312a5c1ecf0c42668a690b5061c090,7ebad1ecabd28a7000add2d05f888aa2e837c2cc,240.0,10.0,600.0,120.0,0,1,36,DATTA-BASAK,2026-09-22T00:39:10+00:00
frigate,SS6,5.0,12.4,45.0,12.0,cg,40,0.04,48.0,0.0,0.0,0.047753715467417156,0.09734922028112962,0.09734922040395669,0.1919480300655111,0.24940086143353254,0.522278944028188,6.743363663869186,1.742268965966536,0.7931123545781835,3.9655617728909176,16.011352495941765,3.2022704991883533,0.1776242432490589,0.32465058474107605,17.878039394626224,True,0.8998220338444141,1.0,0.24933225443028667,3.12.3,2.5.2,2.13.0,2.9.0,1.3.0,3.2.7,e9fa15cc35312a5c1ecf0c42668a690b5061c090,7ebad1ecabd28a7000add2d05f888aa2e837c2cc,240.0,10.0,600.0,120.0,0,1,36,DATTA-BASAK,2026-09-22T00:39:10+00:00
s175,SS3,1.0,7.5,180.0,0.0,aft,8,0.04,48.0,-70.0,-2.8000000000000003,0.017550991956333813,0.07047428465123654,0.07047431298912833,0.1375331434173073,0.17160134101636093,0.7025140509874216,0.007466203332710725,0.4060344304052425,0.3225355584351828,1.612677792175914,7.5,1.5,0.1372106112159166,0.18615335793624085,0.9963640624058425,False,0.8570255305816855,7.136733969712377,0.17173713629035725,3.12.3,2.5.2,2.13.0,2.9.0,1.3.0,3.2.7,e9fa15cc35312a5c1ecf0c42668a690b5061c090,7ebad1ecabd28a7000add2d05f888aa2e837c2cc,240.0,10.0,600.0,120.0,0,1,36,DATTA-BASAK,2026-09-22T00:39:10+00:00
s175,SS3,1.0,7.5,180.0,0.0,cg,8,0.04,48.0,0.0,0.0,0.00273970828956343,0.00987486289062431,0.00987486899304565,0.01915822291262978,0.025342506531794394,0.09201122822313108,0.007466203332710725,0.4060344304052425,0.3225355584351828,1.612677792175914,7.5,1.5,0.02154279664406459,0.02821547185306668,0.9963640624058425,False,0.8570255305816855,1.0,0.025279953808231847,3.12.3,2.5.2,2.13.0,2.9.0,1.3.0,3.2.7,e9fa15cc35312a5c1ecf0c42668a690b5061c090,7ebad1ecabd28a7000add2d05f888aa2e837c2cc,240.0,10.0,600.0,120.0,0,1,36,DATTA-BASAK,2026-09-22T00:39:10+00:00
s175,SS3,1.0,7.5,180.0,6.0,aft,8,0.04,48.0,-70.0,-2.8000000000000003,0.011138147728417043,0.054174459544663864,0.054174460488059996,0.1053631118610482,0.13742857684809867,0.6928380081665915,0.00394667838603639,0.2578744931880122,0.2475524940093438,1.237762470046719,5.935018057548873,1.1870036115097746,0.1174111579156088,0.15063815513930953,0.6455546845981457,False,0.8647512130725513,7.377748153047004,0.13727272781919414,3.12.3,2.5.2,2.13.0,2.9.0,1.3.0,3.2.7,e9fa15cc35312a5c1ecf0c42668a690b5061c090,7ebad1ecabd28a7000add2d05f888aa2e837c2cc,240.0,10.0,600.0,120.0,0,1,36,DATTA-BASAK,2026-09-22T00:39:10+00:00
s175,SS3,1.0,7.5,180.0,6.0,cg,8,0.04,48.0,0.0,0.0,0.0017321495207095845,0.007342953289117044,0.007342953346230176,0.014286422266855638,0.018306105295829884,0.08111560898422587,0.00394667838603639,0.2578744931880122,0.2475524940093438,1.237762470046719,5.935018057548873,1.1870036115097746,0.016155621839960964,0.019469134688987234,0.6455546845981457,False,0.8647512130725513,1.0,0.01830791217764897,3.12.3,2.5.2,2.13.0,2.9.0,1.3.0,3.2.7,e9fa15cc35312a5c1ecf0c42668a690b5061c090,7ebad1ecabd28a7000add2d05f888aa2e837c2cc,240.0,10.0,600.0,120.0,0,1,36,DATTA-BASAK,2026-09-22T00:39:10+00:00
s175,SS3,1.0,7.5,180.0,12.0,aft,8,0.04,48.0,-70.0,-2.8000000000000003,0.007370634519856798,0.041969482150872504,0.04196949556076432,0.08200475682599122,0.10743861216595471,0.6344867168575409,0.0025694832842067202,0.17168597037281413,0.19243711415873432,0.9621855707936716,4.910394274826381,0.9820788549652764,0.1012204373830326,0.11565528947322753,0.43661522897930716,False,0.8847887025550875,7.322384449475439,0.10748735789918924,3.12.3,2.5.2,2.13.0,2.9.0,1.3.0,3.2.7,e9fa15cc35312a5c1ecf0c42668a690b5061c090,7ebad1ecabd28a7000add2d05f888aa2e837c2cc,240.0,10.0,600.0,120.0,0,1,36,DATTA-BASAK,2026-09-22T00:39:10+00:00
s175,SS3,1.0,7.5,180.0,12.0,cg,8,0.04,48.0,0.0,0.0,0.001175266686903418,0.005731669976344358,0.005731670584951454,0.011378928219921274,0.014676891465442687,0.07514711542066912,0.0025694832842067202,0.17168597037281413,0.19243711415873432,0.9621855707936716,4.910394274826381,0.9820788549652764,0.013436180242915895,0.015737702338661057,0.43661522897930716,False,0.8847887025550875,1.0,0.014680523579043935,3.12.3,2.5.2,2.13.0,2.9.0,1.3.0,3.2.7,e9fa15cc35312a5c1ecf0c42668a690b5061c090,7ebad1ecabd28a7000add2d05f888aa2e837c2cc,240.0,10.0,600.0,120.0,0,1,36,DATTA-BASAK,2026-09-22T00:39:10+00:00
s175,SS3,1.0,7.5,135.0,0.0,aft,8,0.04,48.0,-70.0,-2.8000000000000003,0.01098050817122109,0.044353817376945916,0.04435384771700197,0.08809020996391122,0.1143631206426962,0.47190794755563514,0.09937877973542303,0.2679896834815049,0.21289240699209572,1.0644620349604785,7.5,1.5,0.09845207589613993,0.12115914141657415,0.6947690638605535,False,0.8515688027409145,4.796777139466683,0.11440373793089394,3.12.3,2.5.2,2.13.0,2.9.0,1.3.0,3.2.7,e9fa15cc35312a5c1ecf0c42668a690b5061c090,7ebad1ecabd28a7000add2d05f888aa2e837c2cc,240.0,10.0,600.0,120.0,0,1,36,DATTA-BASAK,2026-09-22T00:39:10+00:00
s175,SS3,1.0,7.5,135.0,0.0,cg,8,0.04,48.0,0.0,0.0,0.0025830161536711726,0.009246593371470466,0.009246593374553426,0.018121538004656264,0.022937219263794648,0.0860199029081722,0.09937877973542303,0.2679896834815049,0.21289240699209572,1.0644620349604785,7.5,1.5,0.02082280612351594,0.025415828721679037,0.6947690638605535,False,0.8515688027409145,1.0,0.022898827432316457,3.12.3,2.5.2,2.13.0,2.9.0,1.3.0,3.2.7,e9fa15cc35312a5c1ecf0c42668a690b5061c090,7ebad1ecabd28a7000add2d05f888aa2e837c2cc,240.0,10.0,600.0,120.0,0,1,36,DATTA-BASAK,2026-09-22T00:39:10+00:00
s175,SS3,1.0,7.5,135.0,6.0,aft,8,0.04,48.0,-70.0,-2.8000000000000003,0.008308961058195554,0.03839112096168146,0.038391133685232996,0.07573423797245411,0.10466961811780956,0.4931060317212793,0.06497396181525368,0.20398717458557974,0.18470912967526992,0.9235456483763496,6.321356256679271,1.2642712513358543,0.09160843885914194,0.11278847894516669,0.5610964887035027,False,0.8565850755926201,4.765004335076116,0.10473815450048342,3.12.3,2.5.2,2.13.0,2.9.0,1.3.0,3.2.7,e9fa15cc35312a5c1ecf0c42668a690b5061c090,7ebad1ecabd28a7000add2d05f888aa2e837c2cc,240.0,10.0,600.0,120.0,0,1,36,DATTA-BASAK,2026-09-22T00:39:10+00:00
s175,SS3,1.0,7.5,135.0,6.0,cg,8,0.04,48.0,0.0,0.0,0.0020136815067244183,0.008056884300039539,0.00805689375823406,0.016012801960853678,0.02119255472902527,0.08879013669322484,0.06497396181525368,0.20398717458557974,0.18470912967526992,0.9235456483763496,6.321356256679271,1.2642712513358543,0.01936426693335375,0.025019387900110133,0.5610964887035027,False,0.8565850755926201,1.0,0.02117509494823265,3.12.3,2.5.2,2.13.0,2.9.0,1.3.0,3.2.7,e9fa15cc35312a5c1ecf0c42668a690b5061c090,7ebad1ecabd28a7000add2d05f888aa2e837c2cc,240.0,10.0,600.0,120.0,0,1,36,DATTA-BASAK,2026-09-22T00:39:10+00:00
s175,SS3,1.0,7.5,135.0,12.0,aft,8,0.04,48.0,-70.0,-2.8000000000000003,0.006256754764961894,0.032872243920513175,0.032872276073169365,0.06375237981897772,0.08421991379988839,0.4528488296584745,0.046235360271639735,0.15329034623434512,0.15775102214252607,0.7887551107126303,5.462854949148294,1.092570989829659,0.07172673940977646,0.0963286438716897,0.409999329704178,False,0.872930383605406,4.9964788512839595,0.0842987584441083,3.12.3,2.5.2,2.13.0,2.9.0,1.3.0,3.2.7,e9fa15cc35312a5c1ecf0c42668a690b5061c090,7ebad1ecabd28a7000add2d05f888aa2e837c2cc,240.0,10.0,600.0,120.0,0,1,36,DATTA-BASAK,2026-09-22T00:39:10+00:00
s175,SS3,1.0,7.5,135.0,12.0,cg,8,0.04,48.0,0.0,0.0,0.0014607251156240153,0.006579086390597696,0.006579088404371427,0.012927597386605691,0.017226476950813672,0.08142450019471478,0.046235360271639735,0.15329034623434512,0.15775102214252607,0.7887551107126303,5.462854949148294,1.092570989829659,0.01582227233197802,0.01930889121497454,0.409999329704178,False,0.872930383605406,1.0,0.017200092867736622,3.12.3,2.5.2,2.13.0,2.9.0,1.3.0,3.2.7,e9fa15cc35312a5c1ecf0c42668a690b5061c090,7ebad1ecabd28a7000add2d05f888aa2e837c2cc,240.0,10.0,600.0,120.0,0,1,36,DATTA-BASAK,2026-09-22T00:39:10+00:00
s175,SS3,1.0,7.5,90.0,0.0,aft,8,0.04,48.0,-70.0,-2.8000000000000003,0.0019072476685628107,0.0065922001894132415,0.0065922053323842055,0.012846797302566661,0.01738555361738252,0.061402810019063725,0.14497135739125763,0.019691747499517753,0.01566350357521664,0.07831751787608321,7.5,1.5,0.01439640176576972,0.02003729822236523,0.3820510217523785,False,0.8543325170051421,0.6879566093497658,0.017374695445871894,3.12.3,2.5.2,2.13.0,2.9.0,1.3.0,3.2.7,e9fa15cc35312a5c1ecf0c42668a690b5061c090,7ebad1ecabd28a7000add2d05f888aa2e837c2cc,240.0,10.0,600.0,120.0,0,1,36,DATTA-BASAK,2026-09-22T00:39:10+00:00
s175,SS3,1.0,7.5,90.0,0.0,cg,8,0.04,48.0,0.0,0.0,0.0026626441461871887,0.009582292938476867,0.009582298131585572,0.01874107837994455,0.025465837498814252,0.09363548735963748,0.14497135739125763,0.019691747499517753,0.01566350357521664,0.07831751787608321,7.5,1.5,0.022213983625764988,0.0288389074927268,0.3820510217523785,False,0.8543325170051421,1.0,0.025455101085050506,3.12.3,2.5.2,2.13.0,2.9.0,1.3.0,3.2.7,e9fa15cc35312a5c1ecf0c42668a690b5061c090,7ebad1ecabd28a7000add2d05f888aa2e837c2cc,240.0,10.0,600.0,120.0,0,1,36,DATTA-BASAK,2026-09-22T00:39:10+00:00
s175,SS3,1.0,7.5,90.0,6.0,aft,8,0.04,48.0,-70.0,-2.8000000000000003,0.0018325326590089793,0.006379905958583635,0.006379908388890608,0.012346219433126276,0.015926128553644336,0.0577807383716003,0.14080832206297203,0.019146428080945573,0.015199151484221867,0.07599575742110934,7.5,1.5,0.012908275296853091,0.020755481523360552,0.3571817651478257,False,0.8615770467045839,0.6847489615956821,0.01593035993926447,3.12.3,2.5.2,2.13.0,2.9.0,1.3.0,3.2.7,e9fa15cc35312a5c1ecf0c42668a690b5061c090,7ebad1ecabd28a7000add2d05f888aa2e837c2cc,240.0,10.0,600.0,120.0,0,1,36,DATTA-BASAK,2026-09-22T00:39:10+00:00
s175,SS3,1.0,7.5,90.0,6.0,cg,8,0.04,48.0,0.0,0.0,0.002576061600640161,0.009317142013170132,0.009317149417829565,0.017963617741139675,0.023635639849128188,0.088074119801669,0.14080832206297203,0.019146428080945573,0.015199151484221867,0.07599575742110934,7.5,1.5,0.018722756114585116,0.030177519748012294,0.3571817651478257,False,0.8615770467045839,1.0,0.023651859219208374,3.12.3,2.5.2,2.13.0,2.9.0,1.3.0,3.2.7,e9fa15cc35312a5c1ecf0c42668a690b5061c090,7ebad1ecabd28a7000add2d05f888aa2e837c2cc,240.0,10.0,600.0,120.0,0,1,36,DATTA-BASAK,2026-09-22T00:39:10+00:00
s175,SS3,1.0,7.5,90.0,12.0,aft,8,0.04,48.0,-70.0,-2.8000000000000003,0.001904574975307662,0.006560389245429326,0.0065603906689110526,0.012725515778667505,0.015927080628975514,0.056584486813360604,0.1408095121897942,0.018726923983374288,0.014770811260803813,0.07385405630401906,7.5,1.5,0.014580528282086218,0.017655879745116516,0.3606479043655772,False,0.858258580423409,0.6978384696845731,0.01592382584792619,3.12.3,2.5.2,2.13.0,2.9.0,1.3.0,3.2.7,e9fa15cc35312a5c1ecf0c42668a690b5061c090,7ebad1ecabd28a7000add2d05f888aa2e837c2cc,240.0,10.0,600.0,120.0,0,1,36,DATTA-BASAK,2026-09-22T00:39:10+00:00
s175,SS3,1.0,7.5,90.0,12.0,cg,8,0.04,48.0,0.0,0.0,0.002631205907480395,0.009401011981228774,0.00940101607163673,0.018010925232347316,0.023510018447742323,0.08747343511056159,0.1408095121897942,0.018726923983374288,0.014770811260803813,0.07385405630401906,7.5,1.5,0.021723163384501722,0.027079279515931497,0.3606479043655772,False,0.858258580423409,1.0,0.023504523222370864,3.12.3,2.5.2,2.13.0,2.9.0,1.3.0,3.2.7,e9fa15cc35312a5c1ecf0c42668a690b5061c090,7ebad1ecabd28a7000add2d05f888aa2e837c2cc,240.0,10.0,600.0,120.0,0,1,36,DATTA-BASAK,2026-09-22T00:39:10+00:00
s175,SS3,1.0,7.5,45.0,0.0,aft,8,0.04,48.0,-70.0,-2.8000000000000003,0.011363386104794386,0.04584555745828476,0.045845564575472286,0.0869414184453715,0.10755127898770882,0.4437465076927708,0.10211377943726173,0.2773379682638556,0.22023193364925542,1.101159668246277,7.5,1.5,0.09213882672767822,0.12094158514915292,0.6670253501065649,False,0.857035813006959,4.804432335727937,0.10759939699027558,3.12.3,2.5.2,2.13.0,2.9.0,1.3.0,3.2.7,e9fa15cc35312a5c1ecf0c42668a690b5061c090,7ebad1ecabd28a7000add2d05f888aa2e837c2cc,240.0,10.0,600.0,120.0,0,1,36,DATTA-BASAK,2026-09-22T00:39:10+00:00
s175,SS3,1.0,7.5,45.0,0.0,cg,8,0.04,48.0,0.0,0.0,0.002651199320624697,0.009542344560828983,0.009542347851283882,0.0186360253202339,0.023712663590565775,0.08654003655755611,0.10211377943726173,0.2773379682638556,0.22023193364925542,1.101159668246277,7.5,1.5,0.02061067626548252,0.025924043452598723,0.6670253501065649,False,0.857035813006959,1.0,0.02369282672111317,3.12.3,2.5.2,2.13.0,2.9.0,1.3.0,3.2.7,e9fa15cc35312a5c1ecf0c42668a690b5061c090,7ebad1ecabd28a7000add2d05f888aa2e837c2cc,240.0,10.0,600.0,120.0,0,1,36,DATTA-BASAK,2026-09-22T00:39:10+00:00
s175,SS3,1.0,7.5,45.0,6.0,aft,8,0.04,48.0,-70.0,-2.8000000000000003,0.013710566706696223,0.0460022047596669,0.046002245067051646,0.08710781237950901,0.12440306286776225,0.42285956049112605,0.19963149259859994,0.3404408883082124,0.22568591678764635,1.1284295839382317,9.218903798713894,1.8437807597427789,0.0893451314712287,0.16018850630135018,0.9415758420152762,False,0.8951202386910737,4.38778536485295,0.12425306149351543,3.12.3,2.5.2,2.13.0,2.9.0,1.3.0,3.2.7,e9fa15cc35312a5c1ecf0c42668a690b5061c090,7ebad1ecabd28a7000add2d05f888aa2e837c2cc,240.0,10.0,600.0,120.0,0,1,36,DATTA-BASAK,2026-09-22T00:39:10+00:00
s175,SS3,1.0,7.5,45.0,6.0,cg,8,0.04,48.0,0.0,0.0,0.0033607974764813427,0.010484154417992725,0.01048416028631185,0.02039256076397621,0.026863615752021012,0.08543982844637664,0.19963149259859994,0.3404408883082124,0.22568591678764635,1.1284295839382317,9.218903798713894,1.8437807597427789,0.021382053875823995,0.03730136166256357,0.9415758420152762,False,0.8951202386910737,1.0,0.026880132944372973,3.12.3,2.5.2,2.13.0,2.9.0,1.3.0,3.2.7,e9fa15cc35312a5c1ecf0c42668a690b5061c090,7ebad1ecabd28a7000add2d05f888aa2e837c2cc,240.0,10.0,600.0,120.0,0,1,36,DATTA-BASAK,2026-09-22T00:39:10+00:00
s175,SS3,1.0,7.5,45.0,12.0,aft,8,0.04,48.0,-70.0,-2.8000000000000003,0.013212083249419602,0.03461560458602605,0.03461570682441253,0.06892081460110804,0.08539541196609275,0.22459443928363623,0.6188339441244493,0.32751113959968275,0.1706781272474931,0.8533906362374655,11.959977153636089,2.391995430727218,0.055484839681561045,0.0942642878613761,1.7234504989765052,False,0.9388590262545388,4.546596227894959,0.08540823124614673,3.12.3,2.5.2,2.13.0,2.9.0,1.3.0,3.2.7,e9fa15cc35312a5c1ecf0c42668a690b5061c090,7ebad1ecabd28a7000add2d05f888aa2e837c2cc,240.0,10.0,600.0,120.0,0,1,36,DATTA-BASAK,2026-09-22T00:39:10+00:00
s175,SS3,1.0,7.5,45.0,12.0,cg,8,0.04,48.0,0.0,0.0,0.003018368862397073,0.007613514472032103,0.007613543206681309,0.014930866028553057,0.019452956825150903,0.04928556125352311,0.6188339441244493,0.32751113959968275,0.1706781272474931,0.8533906362374655,11.959977153636089,2.391995430727218,0.012755167992140763,0.022441169671364215,1.7234504989765052,False,0.9388590262545388,1.0,0.019466138173672473,3.12.3,2.5.2,2.13.0,2.9.0,1.3.0,3.2.7,e9fa15cc35312a5c1ecf0c42668a690b5061c090,7ebad1ecabd28a7000add2d05f888aa2e837c2cc,240.0,10.0,600.0,120.0,0,1,36,DATTA-BASAK,2026-09-22T00:39:10+00:00
s175,SS4,1.9,8.8,180.0,0.0,aft,8,0.04,48.0,-70.0,-2.8000000000000003,0.04001400505030318,0.1463109359504696,0.14631124006492194,0.2902858894731883,0.37300365921691664,1.3904993148501317,0.024727021621203108,0.986416254782935,0.7096497865812539,3.5482489329062696,8.8,1.7600000000000002,0.33683326883400844,0.40892499219722395,2.4904362037577457,False,0.8789597933152689,4.609109603659742,0.3729229433242325,3.12.3,2.5.2,2.13.0,2.9.0,1.3.0,3.2.7,e9fa15cc35312a5c1ecf0c42668a690b5061c090,7ebad1ecabd28a7000add2d05f888aa2e837c2cc,240.0,10.0,600.0,120.0,0,1,36,DATTA-BASAK,2026-09-22T00:39:10+00:00
s175,SS4,1.9,8.8,180.0,0.0,cg,8,0.04,48.0,0.0,0.0,0.009611383491700647,0.031743819232606434,0.031743927275833785,0.06136380606109015,0.07919136500580586,0.26855708503809894,0.024727021621203108,0.986416254782935,0.7096497865812539,3.5482489329062696,8.8,1.7600000000000002,0.06868610630222467,0.08651966145103246,2.4904362037577457,False,0.8789597933152689,1.0,0.07920098883404751,3.12.3,2.5.2,2.13.0,2.9.0,1.3.0,3.2.7,e9fa15cc35312a5c1ecf0c42668a690b5061c090,7ebad1ecabd28a7000add2d05f888aa2e837c2cc,240.0,10.0,600.0,120.0,0,1,36,DATTA-BASAK,2026-09-22T00:39:10+00:00
s175,SS4,1.9,8.8,180.0,6.0,aft,8,0.04,48.0,-70.0,-2.8000000000000003,0.03164817030707699,0.13706944551225442,0.1370694537936149,0.26106324831962735,0.3343260777009686,1.5132110620535146,0.013309725914658956,0.7744007743600394,0.6588881494250308,3.294440747125154,7.185242508920537,1.4370485017841075,0.29599347198114695,0.41170352158823553,1.9050974200845576,False,0.8671891881567251,4.867946703092161,0.3344410345006185,3.12.3,2.5.2,2.13.0,2.9.0,1.3.0,3.2.7,e9fa15cc35312a5c1ecf0c42668a690b5061c090,7ebad1ecabd28a7000add2d05f888aa2e837c2cc,240.0,10.0,600.0,120.0,0,1,36,DATTA-BASAK,2026-09-22T00:39:10+00:00
s175,SS4,1.9,8.8,180.0,6.0,cg,8,0.04,48.0,0.0,0.0,0.007388924502521714,0.028157546870025186,0.028157550226781906,0.05452084223890897,0.07071846494916169,0.27459459454703916,0.013309725914658956,0.7744007743600394,0.6588881494250308,3.294440747125154,7.185242508920537,1.4370485017841075,0.0623717377769428,0.07861552498849574,1.9050974200845576,False,0.8671891881567251,1.0,0.07066939022279,3.12.3,2.5.2,2.13.0,2.9.0,1.3.0,3.2.7,e9fa15cc35312a5c1ecf0c42668a690b5061c090,7ebad1ecabd28a7000add2d05f888aa2e837c2cc,240.0,10.0,600.0,120.0,0,1,36,DATTA-BASAK,2026-09-22T00:39:10+00:00
s175,SS4,1.9,8.8,180.0,12.0,aft,8,0.04,48.0,-70.0,-2.8000000000000003,0.022385078912632497,0.11116704104847104,0.1111671260761239,0.2161709166129533,0.2799320819642166,1.4316052347802093,0.008484065963448233,0.5503271745021342,0.535651986094995,2.678259930474975,6.071205607298983,1.2142411214597966,0.26022140255744003,0.29319876242488124,1.3834887870190067,False,0.8767228932873655,4.883322424812115,0.27984406370677584,3.12.3,2.5.2,2.13.0,2.9.0,1.3.0,3.2.7,e9fa15cc35312a5c1ecf0c42668a690b5061c090,7ebad1ecabd28a7000add2d05f888aa2e837c2cc,240.0,10.0,600.0,120.0,0,1,36,DATTA-BASAK,2026-09-22T00:39:10+00:00
s175,SS4,1.9,8.8,180.0,12.0,cg,8,0.04,48.0,0.0,0.0,0.005308294837976865,0.02276464677295655,0.022764650048762863,0.04472316109558204,0.057592687404550896,0.2587726984583259,0.008484065963448233,0.5503271745021342,0.535651986094995,2.678259930474975,6.071205607298983,1.2142411214597966,0.05258451349474612,0.0610177436272631,1.3834887870190067,False,0.8767228932873655,1.0,0.05761902043652083,3.12.3,2.5.2,2.13.0,2.9.0,1.3.0,3.2.7,e9fa15cc35312a5c1ecf0c42668a690b5061c090,7ebad1ecabd28a7000add2d05f888aa2e837c2cc,240.0,10.0,600.0,120.0,0,1,36,DATTA-BASAK,2026-09-22T00:39:10+00:00
s175,SS4,1.9,8.8,135.0,0.0,aft,8,0.04,48.0,-70.0,-2.8000000000000003,0.026254426517012777,0.09599828625371203,0.09599832500147683,0.18571892547092753,0.2563635850549567,0.9555419094954976,0.3503304245750237,0.704917484110266,0.5042408293829088,2.521204146914544,8.8,1.7600000000000002,0.19548694738439612,0.3075895431415242,1.9127219369146458,False,0.8866948973585738,2.996170918193601,0.25651649262049026,3.12.3,2.5.2,2.13.0,2.9.0,1.3.0,3.2.7,e9fa15cc35312a5c1ecf0c42668a690b5061c090,7ebad1ecabd28a7000add2d05f888aa2e837c2cc,240.0,10.0,600.0,120.0,0,1,36,DATTA-BASAK,2026-09-22T00:39:10+00:00
s175,SS4,1.9,8.8,135.0,0.0,cg,8,0.04,48.0,0.0,0.0,0.009671018984025741,0.03204031182731001,0.032040336690589886,0.062174338443153704,0.08142346739236657,0.2809463593676535,0.3503304245750237,0.704917484110266,0.5042408293829088,2.521204146914544,8.8,1.7600000000000002,0.06676819194520346,0.10539683268326754,1.9127219369146458,False,0.8866948973585738,1.0,0.08144421991933144,3.12.3,2.5.2,2.13.0,2.9.0,1.3.0,3.2.7,e9fa15cc35312a5c1ecf0c42668a690b5061c090,7ebad1ecabd28a7000add2d05f888aa2e837c2cc,240.0,10.0,600.0,120.0,0,1,36,DATTA-BASAK,2026-09-22T00:39:10+00:00
s175,SS4,1.9,8.8,135.0,6.0,aft,8,0.04,48.0,-70.0,-2.8000000000000003,0.022742741389082603,0.09421868993443377,0.0942187110042457,0.18652107712013036,0.23845851120940031,1.0246868328105192,0.22065366434567127,0.6035260851751864,0.48822776179492894,2.4411388089746446,7.593342854197399,1.5186685708394798,0.21454247270357255,0.26253867813226456,1.577923005629952,False,0.872805151771326,3.152170496459584,0.23850349595352727,3.12.3,2.5.2,2.13.0,2.9.0,1.3.0,3.2.7,e9fa15cc35312a5c1ecf0c42668a690b5061c090,7ebad1ecabd28a7000add2d05f888aa2e837c2cc,240.0,10.0,600.0,120.0,0,1,36,DATTA-BASAK,2026-09-22T00:39:10+00:00
s175,SS4,1.9,8.8,135.0,6.0,cg,8,0.04,48.0,0.0,0.0,0.008133092041803213,0.029890104022536508,0.02989010623317143,0.05970917914713811,0.07798986607337782,0.29669581911818554,0.22065366434567127,0.6035260851751864,0.48822776179492894,2.4411388089746446,7.593342854197399,1.5186685708394798,0.06763115294113597,0.08776585784109028,1.577923005629952,False,0.872805151771326,1.0,0.07798002309119352,3.12.3,2.5.2,2.13.0,2.9.0,1.3.0,3.2.7,e9fa15cc35312a5c1ecf0c42668a690b5061c090,7ebad1ecabd28a7000add2d05f888aa2e837c2cc,240.0,10.0,600.0,120.0,0,1,36,DATTA-BASAK,2026-09-22T00:39:10+00:00
s175,SS4,1.9,8.8,135.0,12.0,aft,8,0.04,48.0,-70.0,-2.8000000000000003,0.017831450050793885,0.08279850564614269,0.0827985382091305,0.15832529717538582,0.20726755147318937,0.9901811462763116,0.15501163538122256,0.4744599088737657,0.42789938287885815,2.139496914394291,6.677696271922944,1.3355392543845888,0.18773590871261825,0.2226113840883173,1.1965852084546433,False,0.865195459823863,3.1848092301942184,0.2074014778863443,3.12.3,2.5.2,2.13.0,2.9.0,1.3.0,3.2.7,e9fa15cc35312a5c1ecf0c42668a690b5061c090,7ebad1ecabd28a7000add2d05f888aa2e837c2cc,240.0,10.0,600.0,120.0,0,1,36,DATTA-BASAK,2026-09-22T00:39:10+00:00
s175,SS4,1.9,8.8,135.0,12.0,cg,8,0.04,48.0,0.0,0.0,0.006540108498411721,0.025997954104524882,0.025997958503806904,0.05072546018597812,0.06448147518498014,0.2678905865659133,0.15501163538122256,0.4744599088737657,0.42789938287885815,2.139496914394291,6.677696271922944,1.3355392543845888,0.0586959657344226,0.0708341163123346,1.1965852084546433,False,0.865195459823863,1.0,0.06445473312160192,3.12.3,2.5.2,2.13.0,2.9.0,1.3.0,3.2.7,e9fa15cc35312a5c1ecf0c42668a690b5061c090,7ebad1ecabd28a7000add2d05f888aa2e837c2cc,240.0,10.0,600.0,120.0,0,1,36,DATTA-BASAK,2026-09-22T00:39:10+00:00
s175,SS4,1.9,8.8,90.0,0.0,aft,8,0.04,48.0,-70.0,-2.8000000000000003,0.007692403983608113,0.02483624160176784,0.024836255859085762,0.04702796925972957,0.06209728650012604,0.20643136124649514,0.5018146162078791,0.0499862817413707,0.03593371256659563,0.17966856283297816,8.8,1.7600000000000002,0.04917139495194687,0.08308157007073598,1.2607347719788973,False,0.8789709972265717,0.7721935572203171,0.0620768855020295,3.12.3,2.5.2,2.13.0,2.9.0,1.3.0,3.2.7,e9fa15cc35312a5c1ecf0c42668a690b5061c090,7ebad1ecabd28a7000add2d05f888aa2e837c2cc,240.0,10.0,600.0,120.0,0,1,36,DATTA-BASAK,2026-09-22T00:39:10+00:00
s175,SS4,1.9,8.8,90.0,0.0,cg,8,0.04,48.0,0.0,0.0,0.009750829386643662,0.032163228916056615,0.03216325185163342,0.06129775807006391,0.08053395023905276,0.2761360244036251,0.5018146162078791,0.0499862817413707,0.03593371256659563,0.17966856283297816,8.8,1.7600000000000002,0.06837706256308768,0.10704427558790902,1.2607347719788973,False,0.8789709972265717,1.0,0.08048483385396975,3.12.3,2.5.2,2.13.0,2.9.0,1.3.0,3.2.7,e9fa15cc35312a5c1ecf0c42668a690b5061c090,7ebad1ecabd28a7000add2d05f888aa2e837c2cc,240.0,10.0,600.0,120.0,0,1,36,DATTA-BASAK,2026-09-22T00:39:10+00:00
s175,SS4,1.9,8.8,90.0,6.0,aft,8,0.04,48.0,-70.0,-2.8000000000000003,0.007725502811621547,0.025086055565259294,0.025086066391976275,0.05045798639055168,0.06633583465915228,0.2190606096919059,0.5054426550739217,0.05088949684539113,0.03660049391681568,0.1830024695840784,8.8,1.7600000000000002,0.059595387528503886,0.08005770924964516,1.3562631770518263,False,0.8835273619228848,0.7691294421157716,0.06634599197809021,3.12.3,2.5.2,2.13.0,2.9.0,1.3.0,3.2.7,e9fa15cc35312a5c1ecf0c42668a690b5061c090,7ebad1ecabd28a7000add2d05f888aa2e837c2cc,240.0,10.0,600.0,120.0,0,1,36,DATTA-BASAK,2026-09-22T00:39:10+00:00
s175,SS4,1.9,8.8,90.0,6.0,cg,8,0.04,48.0,0.0,0.0,0.009834453339718996,0.03261617669568784,0.032616182684370894,0.06564321637772581,0.08620112023806162,0.2893502862595613,0.5054426550739217,0.05088949684539113,0.03660049391681568,0.1830024695840784,8.8,1.7600000000000002,0.07653889477177335,0.10448120746031288,1.3562631770518263,False,0.8835273619228848,1.0,0.08612294733953196,3.12.3,2.5.2,2.13.0,2.9.0,1.3.0,3.2.7,e9fa15cc35312a5c1ecf0c42668a690b5061c090,7ebad1ecabd28a7000add2d05f888aa2e837c2cc,240.0,10.0,600.0,120.0,0,1,36,DATTA-BASAK,2026-09-22T00:39:10+00:00
s175,SS4,1.9,8.8,90.0,12.0,aft,8,0.04,48.0,-70.0,-2.8000000000000003,0.007731221193695476,0.02489434588314079,0.024894346253630174,0.04810990585012662,0.0610960556616747,0.20317599891156324,0.49812745741504477,0.04958766897535183,0.03548902137172523,0.17744510685862613,8.8,1.7600000000000002,0.056527474606443265,0.0642666165834341,1.2549223651039347,False,0.8800577660221671,0.7742494034568792,0.06105794455211963,3.12.3,2.5.2,2.13.0,2.9.0,1.3.0,3.2.7,e9fa15cc35312a5c1ecf0c42668a690b5061c090,7ebad1ecabd28a7000add2d05f888aa2e837c2cc,240.0,10.0,600.0,120.0,0,1,36,DATTA-BASAK,2026-09-22T00:39:10+00:00
s175,SS4,1.9,8.8,90.0,12.0,cg,8,0.04,48.0,0.0,0.0,0.009777752863995761,0.03215287656942275,0.03215287753853159,0.062108060207479665,0.08007477663596346,0.2707393706146268,0.49812745741504477,0.04958766897535183,0.03548902137172523,0.17744510685862613,8.8,1.7600000000000002,0.07323906073812088,0.08725400013882086,1.2549223651039347,False,0.8800577660221671,1.0,0.08004418973112326,3.12.3,2.5.2,2.13.0,2.9.0,1.3.0,3.2.7,e9fa15cc35312a5c1ecf0c42668a690b5061c090,7ebad1ecabd28a7000add2d05f888aa2e837c2cc,240.0,10.0,600.0,120.0,0,1,36,DATTA-BASAK,2026-09-22T00:39:10+00:00
s175,SS4,1.9,8.8,45.0,0.0,aft,8,0.04,48.0,-70.0,-2.8000000000000003,0.02643750053828738,0.0971475283666244,0.09714753308022393,0.19194161397195164,0.266803876937637,0.998433496904496,0.3566163641481616,0.7097397453099891,0.5093149073821012,2.546574536910506,8.8,1.7600000000000002,0.23685791766447964,0.3065526399000335,1.936347813183423,False,0.8824136681944812,3.0011349043634326,0.26678830780501794,3.12.3,2.5.2,2.13.0,2.9.0,1.3.0,3.2.7,e9fa15cc35312a5c1ecf0c42668a690b5061c090,7ebad1ecabd28a7000add2d05f888aa2e837c2cc,240.0,10.0,600.0,120.0,0,1,36,DATTA-BASAK,2026-09-22T00:39:10+00:00
s175,SS4,1.9,8.8,45.0,0.0,cg,8,0.04,48.0,0.0,0.0,0.009802107064618778,0.03237026495839336,0.03237026530829336,0.0624311976065139,0.08057940924819855,0.2797433328276591,0.3566163641481616,0.7097397453099891,0.5093149073821012,2.546574536910506,8.8,1.7600000000000002,0.06878862582273905,0.09945749814809324,1.936347813183423,False,0.8824136681944812,1.0,0.0805869688133197,3.12.3,2.5.2,2.13.0,2.9.0,1.3.0,3.2.7,e9fa15cc35312a5c1ecf0c42668a690b5061c090,7ebad1ecabd28a7000add2d05f888aa2e837c2cc,240.0,10.0,600.0,120.0,0,1,36,DATTA-BASAK,2026-09-22T00:39:10+00:00
s175,SS4,1.9,8.8,45.0,6.0,aft,8,0.04,48.0,-70.0,-2.8000000000000003,0.02690555922327542,0.08441803711889843,0.08441803803153787,0.1669348029823843,0.2150143762443047,0.6862987314591596,0.7151715339898601,0.7359804768308887,0.45201418819220657,2.260070940961033,10.462612404600653,2.0925224809201306,0.13839421763863716,0.24199700432078824,2.2240816258083416,False,0.9160137833943716,2.862706911002732,0.21517077805934184,3.12.3,2.5.2,2.13.0,2.9.0,1.3.0,3.2.7,e9fa15cc35312a5c1ecf0c42668a690b5061c090,7ebad1ecabd28a7000add2d05f888aa2e837c2cc,240.0,10.0,600.0,120.0,0,1,36,DATTA-BASAK,2026-09-22T00:39:10+00:00
s175,SS4,1.9,8.8,45.0,6.0,cg,8,0.04,48.0,0.0,0.0,0.010232752932463614,0.02948888242293812,0.029488886098356613,0.05814991641567647,0.07391694076172824,0.21722520281987168,0.7151715339898601,0.7359804768308887,0.45201418819220657,2.260070940961033,10.462612404600653,2.0925224809201306,0.06096689873559439,0.08483434265335078,2.2240816258083416,False,0.9160137833943716,1.0,0.07388579645632283,3.12.3,2.5.2,2.13.0,2.9.0,1.3.0,3.2.7,e9fa15cc35312a5c1ecf0c42668a690b5061c090,7ebad1ecabd28a7000add2d05f888aa2e837c2cc,240.0,10.0,600.0,120.0,0,1,36,DATTA-BASAK,2026-09-22T00:39:10+00:00
s175,SS4,1.9,8.8,45.0,12.0,aft,8,0.04,48.0,-70.0,-2.8000000000000003,0.025082160191286753,0.06218301983608583,0.06218303838118254,0.12248298563709228,0.1507452964585972,0.3735655585770124,2.308787579829195,0.7016117142822794,0.3434350757973467,1.7171753789867337,12.89981634454507,2.579963268909014,0.12022426005023769,0.1880298009151927,5.645383005487412,False,0.9482631827599661,2.65888557309169,0.15084435090920162,3.12.3,2.5.2,2.13.0,2.9.0,1.3.0,3.2.7,e9fa15cc35312a5c1ecf0c42668a690b5061c090,7ebad1ecabd28a7000add2d05f888aa2e837c2cc,240.0,10.0,600.0,120.0,0,1,36,DATTA-BASAK,2026-09-22T00:39:10+00:00
s175,SS4,1.9,8.8,45.0,12.0,cg,8,0.04,48.0,0.0,0.0,0.009913874189407935,0.023386879819456034,0.02338688020668658,0.045866875363195204,0.05606383690198937,0.13328544487525001,2.308787579829195,0.7016117142822794,0.3434350757973467,1.7171753789867337,12.89981634454507,2.579963268909014,0.04915318916696711,0.06314949033938412,5.645383005487412,False,0.9482631827599661,1.0,0.0560653218820819,3.12.3,2.5.2,2.13.0,2.9.0,1.3.0,3.2.7,e9fa15cc35312a5c1ecf0c42668a690b5061c090,7ebad1ecabd28a7000add2d05f888aa2e837c2cc,240.0,10.0,600.0,120.0,0,1,36,DATTA-BASAK,2026-09-22T00:39:10+00:00
s175,SS5,3.3,9.7,180.0,0.0,aft,8,0.04,48.0,-70.0,-2.8000000000000003,0.06976956763766655,0.24028464603333413,0.24028490460923213,0.46500122995583304,0.6053684002462345,2.1207221420256603,0.06449144954476857,1.8345647590703436,1.2331415544545532,6.165707772272766,9.7,1.94,0.47669354594114066,0.6765873498811522,4.787724381322377,False,0.9011813725159517,3.403292411198272,0.6053005079022017,3.12.3,2.5.2,2.13.0,2.9.0,1.3.0,3.2.7,e9fa15cc35312a5c1ecf0c42668a690b5061c090,7ebad1ecabd28a7000add2d05f888aa2e837c2cc,240.0,10.0,600.0,120.0,0,1,36,DATTA-BASAK,2026-09-22T00:39:10+00:00
s175,SS5,3.3,9.7,180.0,0.0,cg,8,0.04,48.0,0.0,0.0,0.022796058735099572,0.07060360879684216,0.07060366127182993,0.13714736652364354,0.1843388865943393,0.5880752792895937,0.06449144954476857,1.8345647590703436,1.2331415544545532,6.165707772272766,9.7,1.94,0.12759145921977388,0.20550471543545154,4.787724381322377,False,0.9011813725159517,1.0,0.18417112918860643,3.12.3,2.5.2,2.13.0,2.9.0,1.3.0,3.2.7,e9fa15cc35312a5c1ecf0c42668a690b5061c090,7ebad1ecabd28a7000add2d05f888aa2e837c2cc,240.0,10.0,600.0,120.0,0,1,36,DATTA-BASAK,2026-09-22T00:39:10+00:00
s175,SS5,3.3,9.7,180.0,6.0,aft,8,0.04,48.0,-70.0,-2.8000000000000003,0.05804437970742906,0.23395363367321767,0.2339536927531562,0.4511347863428042,0.5765285420008971,2.4046737291355926,0.030908411890787597,1.499867170507591,1.1798076008384215,5.899038004192107,8.057274574669062,1.6114549149338124,0.4842506245824666,0.6220793434961178,3.720288543963619,False,0.8724345923718783,3.6162093563638256,0.5764761698640711,3.12.3,2.5.2,2.13.0,2.9.0,1.3.0,3.2.7,e9fa15cc35312a5c1ecf0c42668a690b5061c090,7ebad1ecabd28a7000add2d05f888aa2e837c2cc,240.0,10.0,600.0,120.0,0,1,36,DATTA-BASAK,2026-09-22T00:39:10+00:00
s175,SS5,3.3,9.7,180.0,6.0,cg,8,0.04,48.0,0.0,0.0,0.018246869926499983,0.06469582770192889,0.06469583746345968,0.12512176428219307,0.16203361504255287,0.592575157180713,0.030908411890787597,1.499867170507591,1.1798076008384215,5.899038004192107,8.057274574669062,1.6114549149338124,0.13419991765126213,0.188637227879494,3.720288543963619,False,0.8724345923718783,1.0,0.1619781516344731,3.12.3,2.5.2,2.13.0,2.9.0,1.3.0,3.2.7,e9fa15cc35312a5c1ecf0c42668a690b5061c090,7ebad1ecabd28a7000add2d05f888aa2e837c2cc,240.0,10.0,600.0,120.0,0,1,36,DATTA-BASAK,2026-09-22T00:39:10+00:00
s175,SS5,3.3,9.7,180.0,12.0,aft,8,0.04,48.0,-70.0,-2.8000000000000003,0.04590784974384352,0.21119157831550597,0.21119157849414086,0.4095314101727037,0.5135276544966075,2.4703922510932887,0.019555072270560338,1.1804571571991345,1.0591447180951832,5.295723590475916,6.89036897602673,1.3780737952053461,0.456867204097873,0.5531627739376319,2.8933118890841896,False,0.8726474572538069,3.776804105931301,0.5130786308524126,3.12.3,2.5.2,2.13.0,2.9.0,1.3.0,3.2.7,e9fa15cc35312a5c1ecf0c42668a690b5061c090,7ebad1ecabd28a7000add2d05f888aa2e837c2cc,240.0,10.0,600.0,120.0,0,1,36,DATTA-BASAK,2026-09-22T00:39:10+00:00
s175,SS5,3.3,9.7,180.0,12.0,cg,8,0.04,48.0,0.0,0.0,0.014079957099776897,0.055918028179131364,0.05591806526647066,0.1098961113950645,0.14007593503116872,0.5762704946595505,0.019555072270560338,1.1804571571991345,1.0591447180951832,5.295723590475916,6.89036897602673,1.3780737952053461,0.1289508881290501,0.1530453006503658,2.8933118890841896,False,0.8726474572538069,1.0,0.14009206313187264,3.12.3,2.5.2,2.13.0,2.9.0,1.3.0,3.2.7,e9fa15cc35312a5c1ecf0c42668a690b5061c090,7ebad1ecabd28a7000add2d05f888aa2e837c2cc,240.0,10.0,600.0,120.0,0,1,36,DATTA-BASAK,2026-09-22T00:39:10+00:00
s175,SS5,3.3,9.7,135.0,0.0,aft,8,0.04,48.0,-70.0,-2.8000000000000003,0.04208538678588691,0.1482501767761591,0.14825020866019037,0.28451438615742153,0.38173621225912624,1.3732272434870814,0.8736694303695185,1.2341514667373061,0.8348755864161191,4.174377932080596,9.7,1.94,0.3480578906686332,0.45419425126556334,3.408682117380252,False,0.8950137032563991,2.2245462082550236,0.38148370091444744,3.12.3,2.5.2,2.13.0,2.9.0,1.3.0,3.2.7,e9fa15cc35312a5c1ecf0c42668a690b5061c090,7ebad1ecabd28a7000add2d05f888aa2e837c2cc,240.0,10.0,600.0,120.0,0,1,36,DATTA-BASAK,2026-09-22T00:39:10+00:00
s175,SS5,3.3,9.7,135.0,0.0,cg,8,0.04,48.0,0.0,0.0,0.021597448459308322,0.06664287948681019,0.06664289917199817,0.12835450516008046,0.1694160230381009,0.5333719434363189,0.8736694303695185,1.2341514667373061,0.8348755864161191,4.174377932080596,9.7,1.94,0.13896478913550978,0.2223130557308694,3.408682117380252,False,0.8950137032563991,1.0,0.16930153357545877,3.12.3,2.5.2,2.13.0,2.9.0,1.3.0,3.2.7,e9fa15cc35312a5c1ecf0c42668a690b5061c090,7ebad1ecabd28a7000add2d05f888aa2e837c2cc,240.0,10.0,600.0,120.0,0,1,36,DATTA-BASAK,2026-09-22T00:39:10+00:00
s175,SS5,3.3,9.7,135.0,6.0,aft,8,0.04,48.0,-70.0,-2.8000000000000003,0.03988314707918319,0.1563324689225473,0.15633251095682182,0.302544367355711,0.38604527142590894,1.5669044253807387,0.5270252487608451,1.1470770637826269,0.8670773512141646,4.3353867560708235,8.477793346786754,1.695558669357351,0.3495033965977026,0.4166358029613023,2.902957038557004,False,0.8769962281490128,2.3134482253049757,0.3858854282871644,3.12.3,2.5.2,2.13.0,2.9.0,1.3.0,3.2.7,e9fa15cc35312a5c1ecf0c42668a690b5061c090,7ebad1ecabd28a7000add2d05f888aa2e837c2cc,240.0,10.0,600.0,120.0,0,1,36,DATTA-BASAK,2026-09-22T00:39:10+00:00
s175,SS5,3.3,9.7,135.0,6.0,cg,8,0.04,48.0,0.0,0.0,0.01973416809682998,0.0675755383967916,0.06757553907920845,0.13257567430592468,0.16948481537477783,0.5928273502841303,0.5270252487608451,1.1470770637826269,0.8670773512141646,4.3353867560708235,8.477793346786754,1.695558669357351,0.1420798117461982,0.18533100330124538,2.902957038557004,False,0.8769962281490128,1.0,0.16947670356441796,3.12.3,2.5.2,2.13.0,2.9.0,1.3.0,3.2.7,e9fa15cc35312a5c1ecf0c42668a690b5061c090,7ebad1ecabd28a7000add2d05f888aa2e837c2cc,240.0,10.0,600.0,120.0,0,1,36,DATTA-BASAK,2026-09-22T00:39:10+00:00
s175,SS5,3.3,9.7,135.0,12.0,aft,8,0.04,48.0,-70.0,-2.8000000000000003,0.03375605264621654,0.14585000354989333,0.1458500726206943,0.28656158613215976,0.3837259605504964,1.7313581750157196,0.3532971400603642,0.9630507496599262,0.8029660821014815,4.0148304105074075,7.529119167475065,1.505823833495013,0.32018839525767945,0.4298232728618398,2.5149842447197783,False,0.8725506452829326,2.394302756981151,0.3830316511429774,3.12.3,2.5.2,2.13.0,2.9.0,1.3.0,3.2.7,e9fa15cc35312a5c1ecf0c42668a690b5061c090,7ebad1ecabd28a7000add2d05f888aa2e837c2cc,240.0,10.0,600.0,120.0,0,1,36,DATTA-BASAK,2026-09-22T00:39:10+00:00
s175,SS5,3.3,9.7,135.0,12.0,cg,8,0.04,48.0,0.0,0.0,0.016341134614164858,0.06091542376118464,0.06091546785193904,0.11974008506251517,0.1545380329401694,0.6011548430447358,0.3532971400603642,0.9630507496599262,0.8029660821014815,4.0148304105074075,7.529119167475065,1.505823833495013,0.13783903639892325,0.17929974868496665,2.5149842447197783,False,0.8725506452829326,1.0,0.15467874533007378,3.12.3,2.5.2,2.13.0,2.9.0,1.3.0,3.2.7,e9fa15cc35312a5c1ecf0c42668a690b5061c090,7ebad1ecabd28a7000add2d05f888aa2e837c2cc,240.0,10.0,600.0,120.0,0,1,36,DATTA-BASAK,2026-09-22T00:39:10+00:00
s175,SS5,3.3,9.7,90.0,0.0,aft,8,0.04,48.0,-70.0,-2.8000000000000003,0.018290006218223916,0.05622216551739566,0.05622216572330476,0.1088947936174003,0.1433548142530678,0.4501336693982109,1.2487628678898428,0.09112700392656681,0.06161482597904432,0.3080741298952216,9.7,1.94,0.1230576582690277,0.16189191510334835,3.260430665344363,False,0.898319290160075,0.8125715533686405,0.143543060571074,3.12.3,2.5.2,2.13.0,2.9.0,1.3.0,3.2.7,e9fa15cc35312a5c1ecf0c42668a690b5061c090,7ebad1ecabd28a7000add2d05f888aa2e837c2cc,240.0,10.0,600.0,120.0,0,1,36,DATTA-BASAK,2026-09-22T00:39:10+00:00
s175,SS5,3.3,9.7,90.0,0.0,cg,8,0.04,48.0,0.0,0.0,0.02218554296994156,0.06919041574628922,0.06919041835789982,0.1350585826329027,0.17792815156822947,0.5680160051079445,1.2487628678898428,0.09112700392656681,0.06161482597904432,0.3080741298952216,9.7,1.94,0.15145521097869893,0.2007766784566408,3.260430665344363,False,0.898319290160075,1.0,0.17798967539891028,3.12.3,2.5.2,2.13.0,2.9.0,1.3.0,3.2.7,e9fa15cc35312a5c1ecf0c42668a690b5061c090,7ebad1ecabd28a7000add2d05f888aa2e837c2cc,240.0,10.0,600.0,120.0,0,1,36,DATTA-BASAK,2026-09-22T00:39:10+00:00
s175,SS5,3.3,9.7,90.0,6.0,aft,8,0.04,48.0,-70.0,-2.8000000000000003,0.018509902792828242,0.05698377496811045,0.056983805433798884,0.1138250275746685,0.14360661774645592,0.45475180236083385,1.261440125068422,0.09293501370059269,0.06278789042743489,0.31393945213717445,9.7,1.94,0.11006509869962147,0.19892505302570485,3.2709075616623693,False,0.9008825790755554,0.8109939705157976,0.14368500687329225,3.12.3,2.5.2,2.13.0,2.9.0,1.3.0,3.2.7,e9fa15cc35312a5c1ecf0c42668a690b5061c090,7ebad1ecabd28a7000add2d05f888aa2e837c2cc,240.0,10.0,600.0,120.0,0,1,36,DATTA-BASAK,2026-09-22T00:39:10+00:00
s175,SS5,3.3,9.7,90.0,6.0,cg,8,0.04,48.0,0.0,0.0,0.022496123039727048,0.0702641016258719,0.07026415424217865,0.14033076181660367,0.17908797787368724,0.5751299973086097,1.261440125068422,0.09293501370059269,0.06278789042743489,0.31393945213717445,9.7,1.94,0.13513301174709025,0.24744154390456205,3.2709075616623693,False,0.9008825790755554,1.0,0.17914300711567352,3.12.3,2.5.2,2.13.0,2.9.0,1.3.0,3.2.7,e9fa15cc35312a5c1ecf0c42668a690b5061c090,7ebad1ecabd28a7000add2d05f888aa2e837c2cc,240.0,10.0,600.0,120.0,0,1,36,DATTA-BASAK,2026-09-22T00:39:10+00:00
s175,SS5,3.3,9.7,90.0,12.0,aft,8,0.04,48.0,-70.0,-2.8000000000000003,0.017946191397342316,0.05478293023017641,0.05478293238153472,0.10834141958519684,0.14031377567933173,0.4368700320459519,1.2389605427037114,0.0888997010880336,0.060129612138763784,0.30064806069381894,9.7,1.94,0.12052255211791198,0.15765272961087376,3.202179181365576,False,0.8958933758463934,0.8128110748529158,0.14033814864525285,3.12.3,2.5.2,2.13.0,2.9.0,1.3.0,3.2.7,e9fa15cc35312a5c1ecf0c42668a690b5061c090,7ebad1ecabd28a7000add2d05f888aa2e837c2cc,240.0,10.0,600.0,120.0,0,1,36,DATTA-BASAK,2026-09-22T00:39:10+00:00
s175,SS5,3.3,9.7,90.0,12.0,cg,8,0.04,48.0,0.0,0.0,0.021734265648545137,0.06739933890132158,0.06739934294257506,0.13243477804909862,0.17173979695502278,0.5465859968641763,1.2389605427037114,0.0888997010880336,0.060129612138763784,0.30064806069381894,9.7,1.94,0.1493354336728452,0.1992119095084575,3.202179181365576,False,0.8958933758463934,1.0,0.17173987737613555,3.12.3,2.5.2,2.13.0,2.9.0,1.3.0,3.2.7,e9fa15cc35312a5c1ecf0c42668a690b5061c090,7ebad1ecabd28a7000add2d05f888aa2e837c2cc,240.0,10.0,600.0,120.0,0,1,36,DATTA-BASAK,2026-09-22T00:39:10+00:00
s175,SS5,3.3,9.7,45.0,0.0,aft,8,0.04,48.0,-70.0,-2.8000000000000003,0.04310370325085613,0.15160709498558533,0.1516073463345898,0.29554231118228064,0.3771681578679646,1.3783720131975217,0.8986714149725906,1.2574894020902854,0.8513858741963615,4.2569293709818075,9.7,1.94,0.3363878125354688,0.4451426517208815,3.3756832858541435,False,0.8932905571468351,2.2491277744267286,0.3770708747492744,3.12.3,2.5.2,2.13.0,2.9.0,1.3.0,3.2.7,e9fa15cc35312a5c1ecf0c42668a690b5061c090,7ebad1ecabd28a7000add2d05f888aa2e837c2cc,240.0,10.0,600.0,120.0,0,1,36,DATTA-BASAK,2026-09-22T00:39:10+00:00
s175,SS5,3.3,9.7,45.0,0.0,cg,8,0.04,48.0,0.0,0.0,0.021786644841673582,0.0674071654419372,0.06740717359787725,0.13129379076490058,0.1715693690853466,0.5359192186746268,0.8986714149725906,1.2574894020902854,0.8513858741963615,4.2569293709818075,9.7,1.94,0.15334251015851041,0.19010418625001096,3.3756832858541435,False,0.8932905571468351,1.0,0.17173873175915522,3.12.3,2.5.2,2.13.0,2.9.0,1.3.0,3.2.7,e9fa15cc35312a5c1ecf0c42668a690b5061c090,7ebad1ecabd28a7000add2d05f888aa2e837c2cc,240.0,10.0,600.0,120.0,0,1,36,DATTA-BASAK,2026-09-22T00:39:10+00:00
s175,SS5,3.3,9.7,45.0,6.0,aft,8,0.04,48.0,-70.0,-2.8000000000000003,0.042183744050879615,0.12761303516244793,0.12761311407364964,0.24882060549414683,0.3357807117697996,1.0399785965437283,1.7473969326275032,1.2543911648123924,0.7317984009909809,3.6589920049549045,11.33396911054335,2.2667938221086703,0.2719854416302619,0.5086069083822397,5.146313882240009,False,0.9232092606399118,2.183548559673651,0.33585249267543044,3.12.3,2.5.2,2.13.0,2.9.0,1.3.0,3.2.7,e9fa15cc35312a5c1ecf0c42668a690b5061c090,7ebad1ecabd28a7000add2d05f888aa2e837c2cc,240.0,10.0,600.0,120.0,0,1,36,DATTA-BASAK,2026-09-22T00:39:10+00:00
s175,SS5,3.3,9.7,45.0,6.0,cg,8,0.04,48.0,0.0,0.0,0.021580892276731142,0.058442961055682294,0.058442993405524474,0.11765689919280413,0.15966371462911644,0.44140800615948955,1.7473969326275032,1.2543911648123924,0.7317984009909809,3.6589920049549045,11.33396911054335,2.2667938221086703,0.12956399827580484,0.21838051559448288,5.146313882240009,False,0.9232092606399118,1.0,0.1597023369278518,3.12.3,2.5.2,2.13.0,2.9.0,1.3.0,3.2.7,e9fa15cc35312a5c1ecf0c42668a690b5061c090,7ebad1ecabd28a7000add2d05f888aa2e837c2cc,240.0,10.0,600.0,120.0,0,1,36,DATTA-BASAK,2026-09-22T00:39:10+00:00
s175,SS5,3.3,9.7,45.0,12.0,aft,8,0.04,48.0,-70.0,-2.8000000000000003,0.03730279694539755,0.09119058011217868,0.09119073813811879,0.1812078366373838,0.23403099301492403,0.5714239722243909,4.3348618944254795,1.0948875635089426,0.5236894387860757,2.618447193930378,13.629937930931519,2.725987586186304,0.13713230290402617,0.25438252880291845,10.927707060208323,False,0.9323683127131084,2.23863248458465,0.23431028653394606,3.12.3,2.5.2,2.13.0,2.9.0,1.3.0,3.2.7,e9fa15cc35312a5c1ecf0c42668a690b5061c090,7ebad1ecabd28a7000add2d05f888aa2e837c2cc,240.0,10.0,600.0,120.0,0,1,36,DATTA-BASAK,2026-09-22T00:39:10+00:00
s175,SS5,3.3,9.7,45.0,12.0,cg,8,0.04,48.0,0.0,0.0,0.017980499811861943,0.040734859491636286,0.04073501960061036,0.08218857174475978,0.1068470725669448,0.2434918264036998,4.3348618944254795,1.0948875635089426,0.5236894387860757,2.618447193930378,13.629937930931519,2.725987586186304,0.07138986753003562,0.12861453170599427,10.927707060208323,False,0.9323683127131084,1.0,0.10687649570286066,3.12.3,2.5.2,2.13.0,2.9.0,1.3.0,3.2.7,e9fa15cc35312a5c1ecf0c42668a690b5061c090,7ebad1ecabd28a7000add2d05f888aa2e837c2cc,240.0,10.0,600.0,120.0,0,1,36,DATTA-BASAK,2026-09-22T00:39:10+00:00
s175,SS6,5.0,12.4,180.0,0.0,aft,8,0.04,48.0,-70.0,-2.8000000000000003,0.07945456188017559,0.2544456929406929,0.25444646332419923,0.4975704249623176,0.6457964270700765,2.1550876652077764,0.24284995329067874,2.4811442910456054,1.47357196157445,7.36785980787225,12.399999999999999,2.48,0.5749560321651517,0.7635119886020113,6.4952826423642165,False,0.9074275015134977,1.9920612948797731,0.6462753675424939,3.12.3,2.5.2,2.13.0,2.9.0,1.3.0,3.2.7,e9fa15cc35312a5c1ecf0c42668a690b5061c090,7ebad1ecabd28a7000add2d05f888aa2e837c2cc,240.0,10.0,600.0,120.0,0,1,36,DATTA-BASAK,2026-09-22T00:39:10+00:00
s175,SS6,5.0,12.4,180.0,0.0,cg,8,0.04,48.0,0.0,0.0,0.04891660648252273,0.12772967469630464,0.1277302380093459,0.25276718899784406,0.332983211783035,0.9009506881259718,0.24284995329067874,2.4811442910456054,1.47357196157445,7.36785980787225,12.399999999999999,2.48,0.290844402323223,0.3643757597916733,6.4952826423642165,False,0.9074275015134977,1.0,0.3329827295355051,3.12.3,2.5.2,2.13.0,2.9.0,1.3.0,3.2.7,e9fa15cc35312a5c1ecf0c42668a690b5061c090,7ebad1ecabd28a7000add2d05f888aa2e837c2cc,240.0,10.0,600.0,120.0,0,1,36,DATTA-BASAK,2026-09-22T00:39:10+00:00
s175,SS6,5.0,12.4,180.0,6.0,aft,8,0.04,48.0,-70.0,-2.8000000000000003,0.07516257274506595,0.2707099697571804,0.2707099754912325,0.5345425849123386,0.6922340774597523,2.6592185777072936,0.12434497012111538,2.397033698120846,1.60396342970371,8.01981714851855,10.694379335518006,2.1388758671036014,0.6103971905420857,0.7801405406503096,6.101660658362565,False,0.9015950076324639,1.825028575476348,0.6918732399204196,3.12.3,2.5.2,2.13.0,2.9.0,1.3.0,3.2.7,e9fa15cc35312a5c1ecf0c42668a690b5061c090,7ebad1ecabd28a7000add2d05f888aa2e837c2cc,240.0,10.0,600.0,120.0,0,1,36,DATTA-BASAK,2026-09-22T00:39:10+00:00
s175,SS6,5.0,12.4,180.0,6.0,cg,8,0.04,48.0,0.0,0.0,0.04997272539977938,0.14833191059459813,0.14833191059519432,0.29459140041885434,0.37247119217999575,1.1470701187482162,0.12434497012111538,2.397033698120846,1.60396342970371,8.01981714851855,10.694379335518006,2.1388758671036014,0.3567643413316084,0.43704501640136434,6.101660658362565,False,0.9015950076324639,1.0,0.37290087132115657,3.12.3,2.5.2,2.13.0,2.9.0,1.3.0,3.2.7,e9fa15cc35312a5c1ecf0c42668a690b5061c090,7ebad1ecabd28a7000add2d05f888aa2e837c2cc,240.0,10.0,600.0,120.0,0,1,36,DATTA-BASAK,2026-09-22T00:39:10+00:00
s175,SS6,5.0,12.4,180.0,12.0,aft,8,0.04,48.0,-70.0,-2.8000000000000003,0.06838098473235794,0.2704947780222324,0.27049483901079263,0.5269302199478753,0.7001875420637148,2.9385915979911226,0.07031832573821387,2.162662334197325,1.5995541341834265,7.997770670917133,9.401238478951623,1.8802476957903247,0.6219726841965091,0.7865993027960171,5.520428374348433,False,0.8882700081771515,1.8094608354531234,0.6997960621495398,3.12.3,2.5.2,2.13.0,2.9.0,1.3.0,3.2.7,e9fa15cc35312a5c1ecf0c42668a690b5061c090,7ebad1ecabd28a7000add2d05f888aa2e837c2cc,240.0,10.0,600.0,120.0,0,1,36,DATTA-BASAK,2026-09-22T00:39:10+00:00
s175,SS6,5.0,12.4,180.0,12.0,cg,8,0.04,48.0,0.0,0.0,0.04562077519752468,0.14948896148561625,0.1494891924218164,0.2956228514410526,0.37104501229251097,1.2802376079870594,0.07031832573821387,2.162662334197325,1.5995541341834265,7.997770670917133,9.401238478951623,1.8802476957903247,0.34121419733651387,0.4010333476315269,5.520428374348433,False,0.8882700081771515,1.0,0.37131960993664404,3.12.3,2.5.2,2.13.0,2.9.0,1.3.0,3.2.7,e9fa15cc35312a5c1ecf0c42668a690b5061c090,7ebad1ecabd28a7000add2d05f888aa2e837c2cc,240.0,10.0,600.0,120.0,0,1,36,DATTA-BASAK,2026-09-22T00:39:10+00:00
s175,SS6,5.0,12.4,135.0,0.0,aft,8,0.04,48.0,-70.0,-2.8000000000000003,0.04484093824444867,0.1513178246336186,0.151317860844419,0.29367140148651855,0.38890068757504453,1.4207050772269088,3.309309725662454,1.6907657489536154,1.0095313791747036,5.0476568958735175,12.399999999999999,2.48,0.34335871691795855,0.4727661263691765,9.112508519449158,False,0.9036333961580958,1.2322274951860395,0.3888764682806725,3.12.3,2.5.2,2.13.0,2.9.0,1.3.0,3.2.7,e9fa15cc35312a5c1ecf0c42668a690b5061c090,7ebad1ecabd28a7000add2d05f888aa2e837c2cc,240.0,10.0,600.0,120.0,0,1,36,DATTA-BASAK,2026-09-22T00:39:10+00:00
s175,SS6,5.0,12.4,135.0,0.0,cg,8,0.04,48.0,0.0,0.0,0.04707553800961171,0.12280021187110235,0.12280026329194456,0.2396200986890305,0.32074071199277726,0.8611217627394627,3.309309725662454,1.6907657489536154,1.0095313791747036,5.0476568958735175,12.399999999999999,2.48,0.2840419192734345,0.3849461886843832,9.112508519449158,False,0.9036333961580958,1.0,0.32040187331593656,3.12.3,2.5.2,2.13.0,2.9.0,1.3.0,3.2.7,e9fa15cc35312a5c1ecf0c42668a690b5061c090,7ebad1ecabd28a7000add2d05f888aa2e837c2cc,240.0,10.0,600.0,120.0,0,1,36,DATTA-BASAK,2026-09-22T00:39:10+00:00
s175,SS6,5.0,12.4,135.0,6.0,aft,8,0.04,48.0,-70.0,-2.8000000000000003,0.04439192478306514,0.1629660254111392,0.16296607410732183,0.3205272755404417,0.4294994969840017,1.6603191217443651,2.0567562088357345,1.7075908806974975,1.1127193448063406,5.563596724031703,11.143315409282884,2.228663081856577,0.3959825340226025,0.46582246437092406,5.802533844483578,False,0.9013060349873315,1.1486399994283247,0.42941474951181097,3.12.3,2.5.2,2.13.0,2.9.0,1.3.0,3.2.7,e9fa15cc35312a5c1ecf0c42668a690b5061c090,7ebad1ecabd28a7000add2d05f888aa2e837c2cc,240.0,10.0,600.0,120.0,0,1,36,DATTA-BASAK,2026-09-22T00:39:10+00:00
s175,SS6,5.0,12.4,135.0,6.0,cg,8,0.04,48.0,0.0,0.0,0.0493899870273414,0.1418774132908914,0.14187741519399433,0.27672077099894826,0.3672542491113463,1.1040900793518704,2.0567562088357345,1.7075908806974975,1.1127193448063406,5.563596724031703,11.143315409282884,2.228663081856577,0.31619733314617554,0.4556874141267424,5.802533844483578,False,0.9013060349873315,1.0,0.3677421188016532,3.12.3,2.5.2,2.13.0,2.9.0,1.3.0,3.2.7,e9fa15cc35312a5c1ecf0c42668a690b5061c090,7ebad1ecabd28a7000add2d05f888aa2e837c2cc,240.0,10.0,600.0,120.0,0,1,36,DATTA-BASAK,2026-09-22T00:39:10+00:00
s175,SS6,5.0,12.4,135.0,12.0,aft,8,0.04,48.0,-70.0,-2.8000000000000003,0.04184999094932087,0.16344506149302207,0.16344518104651223,0.3222866733146946,0.4211349711945201,1.7820788913677799,1.3667529389657544,1.609070337308212,1.1267275920047874,5.633637960023937,10.11791040184315,2.0235820803686297,0.3817070146422505,0.46473721204928653,4.478506426707676,False,0.8924029922754115,1.104023983683446,0.4212936257877249,3.12.3,2.5.2,2.13.0,2.9.0,1.3.0,3.2.7,e9fa15cc35312a5c1ecf0c42668a690b5061c090,7ebad1ecabd28a7000add2d05f888aa2e837c2cc,240.0,10.0,600.0,120.0,0,1,36,DATTA-BASAK,2026-09-22T00:39:10+00:00
s175,SS6,5.0,12.4,135.0,12.0,cg,8,0.04,48.0,0.0,0.0,0.047934456942674834,0.1480449115857787,0.14804495505722315,0.29016089740388307,0.3766959161810617,1.2265356395396578,1.3667529389657544,1.609070337308212,1.1267275920047874,5.633637960023937,10.11791040184315,2.0235820803686297,0.31890045212807827,0.41937223602391,4.478506426707676,False,0.8924029922754115,1.0,0.3766079310379706,3.12.3,2.5.2,2.13.0,2.9.0,1.3.0,3.2.7,e9fa15cc35312a5c1ecf0c42668a690b5061c090,7ebad1ecabd28a7000add2d05f888aa2e837c2cc,240.0,10.0,600.0,120.0,0,1,36,DATTA-BASAK,2026-09-22T00:39:10+00:00
s175,SS6,5.0,12.4,90.0,0.0,aft,8,0.04,48.0,-70.0,-2.8000000000000003,0.04462466592970304,0.11508789307637582,0.11508793014859853,0.22762457893178648,0.30602557928409896,0.8318445870104986,4.8736345471870814,0.12628323264886335,0.07486907026162579,0.37434535130812896,12.399999999999999,2.48,0.27781016966757643,0.3367162276238515,12.214328670825669,False,0.9082296340555787,0.8795219972224824,0.30617008275884167,3.12.3,2.5.2,2.13.0,2.9.0,1.3.0,3.2.7,e9fa15cc35312a5c1ecf0c42668a690b5061c090,7ebad1ecabd28a7000add2d05f888aa2e837c2cc,240.0,10.0,600.0,120.0,0,1,36,DATTA-BASAK,2026-09-22T00:39:10+00:00
s175,SS6,5.0,12.4,90.0,0.0,cg,8,0.04,48.0,0.0,0.0,0.05015487448774932,0.13085277764047354,0.13085281608878974,0.25952783773368004,0.3519587046358041,0.9610252454172569,4.8736345471870814,0.12628323264886335,0.07486907026162579,0.37434535130812896,12.399999999999999,2.48,0.31211409247778343,0.3918355371139728,12.214328670825669,False,0.9082296340555787,1.0,0.351999455946509,3.12.3,2.5.2,2.13.0,2.9.0,1.3.0,3.2.7,e9fa15cc35312a5c1ecf0c42668a690b5061c090,7ebad1ecabd28a7000add2d05f888aa2e837c2cc,240.0,10.0,600.0,120.0,0,1,36,DATTA-BASAK,2026-09-22T00:39:10+00:00
s175,SS6,5.0,12.4,90.0,6.0,aft,8,0.04,48.0,-70.0,-2.8000000000000003,0.04174058789158551,0.1074042381800527,0.10740424802551857,0.20955775635054608,0.2759914293008578,0.7492796600023057,4.767916347297426,0.11916206375271482,0.07117349967203014,0.3558674983601507,12.399999999999999,2.48,0.23826282001521082,0.32992767560289027,12.185442094800079,False,0.9030419157636732,0.8784663686366383,0.2760262870817867,3.12.3,2.5.2,2.13.0,2.9.0,1.3.0,3.2.7,e9fa15cc35312a5c1ecf0c42668a690b5061c090,7ebad1ecabd28a7000add2d05f888aa2e837c2cc,240.0,10.0,600.0,120.0,0,1,36,DATTA-BASAK,2026-09-22T00:39:10+00:00
s175,SS6,5.0,12.4,90.0,6.0,cg,8,0.04,48.0,0.0,0.0,0.046924290864377084,0.12226334562813358,0.12226335789292395,0.23841348980886456,0.3178434073705679,0.8850162776460464,4.767916347297426,0.11916206375271482,0.07117349967203014,0.3558674983601507,12.399999999999999,2.48,0.2750495429231064,0.37970986365295034,12.185442094800079,False,0.9030419157636732,1.0,0.31785842229320743,3.12.3,2.5.2,2.13.0,2.9.0,1.3.0,3.2.7,e9fa15cc35312a5c1ecf0c42668a690b5061c090,7ebad1ecabd28a7000add2d05f888aa2e837c2cc,240.0,10.0,600.0,120.0,0,1,36,DATTA-BASAK,2026-09-22T00:39:10+00:00
s175,SS6,5.0,12.4,90.0,12.0,aft,8,0.04,48.0,-70.0,-2.8000000000000003,0.042044533108263046,0.10783116383576524,0.10783183509712534,0.20856212829878074,0.26067975644142843,0.6917890000673663,4.80500766120904,0.11867769843571241,0.07079470883193137,0.35397354415965687,12.399999999999999,2.48,0.2277451931805761,0.295262858002343,11.572412861876767,False,0.9020553238085977,0.8797718511615181,0.2605978824804945,3.12.3,2.5.2,2.13.0,2.9.0,1.3.0,3.2.7,e9fa15cc35312a5c1ecf0c42668a690b5061c090,7ebad1ecabd28a7000add2d05f888aa2e837c2cc,240.0,10.0,600.0,120.0,0,1,36,DATTA-BASAK,2026-09-22T00:39:10+00:00
s175,SS6,5.0,12.4,90.0,12.0,cg,8,0.04,48.0,0.0,0.0,0.04720157496295278,0.1225672624152956,0.12256795321964488,0.23920244409747896,0.29539615390628654,0.803110113264863,4.80500766120904,0.11867769843571241,0.07079470883193137,0.35397354415965687,12.399999999999999,2.48,0.2585988441505635,0.33280832555035816,11.572412861876767,False,0.9020553238085977,1.0,0.29553038912698487,3.12.3,2.5.2,2.13.0,2.9.0,1.3.0,3.2.7,e9fa15cc35312a5c1ecf0c42668a690b5061c090,7ebad1ecabd28a7000add2d05f888aa2e837c2cc,240.0,10.0,600.0,120.0,0,1,36,DATTA-BASAK,2026-09-22T00:39:10+00:00
s175,SS6,5.0,12.4,45.0,0.0,aft,8,0.04,48.0,-70.0,-2.8000000000000003,0.04538873575613507,0.1530032529971326,0.15300326448401028,0.3056991572462913,0.4036338132873072,1.441685068309976,3.5341552113007135,1.7030209065160626,1.0167843067644442,5.083921533822221,12.399999999999999,2.48,0.3317605672235723,0.4462444552723933,8.536809578954507,False,0.8998573638573103,1.2378266683395298,0.4036059444834145,3.12.3,2.5.2,2.13.0,2.9.0,1.3.0,3.2.7,e9fa15cc35312a5c1ecf0c42668a690b5061c090,7ebad1ecabd28a7000add2d05f888aa2e837c2cc,240.0,10.0,600.0,120.0,0,1,36,DATTA-BASAK,2026-09-22T00:39:10+00:00
s175,SS6,5.0,12.4,45.0,0.0,cg,8,0.04,48.0,0.0,0.0,0.0475917182839519,0.12360633542404063,0.12360637268322468,0.2435040405254553,0.30418631107916877,0.8371227582631031,3.5341552113007135,1.7030209065160626,1.0167843067644442,5.083921533822221,12.399999999999999,2.48,0.2647447046755478,0.3378128210784956,8.536809578954507,False,0.8998573638573103,1.0,0.3042516398131472,3.12.3,2.5.2,2.13.0,2.9.0,1.3.0,3.2.7,e9fa15cc35312a5c1ecf0c42668a690b5061c090,7ebad1ecabd28a7000add2d05f888aa2e837c2cc,240.0,10.0,600.0,120.0,0,1,36,DATTA-BASAK,2026-09-22T00:39:10+00:00
s175,SS6,5.0,12.4,45.0,6.0,aft,8,0.04,48.0,-70.0,-2.8000000000000003,0.04523473101491955,0.13399165102934554,0.1339916808494943,0.26737059027294063,0.3452239720512939,1.0639963471330138,6.214459764172657,1.6460286974003984,0.871769001706694,4.3588450085334705,13.976157662894586,2.795231532578917,0.31045957200885327,0.3755040117637706,15.407554771399779,True,0.8990544460016756,1.3235931796361908,0.3453050219118984,3.12.3,2.5.2,2.13.0,2.9.0,1.3.0,3.2.7,e9fa15cc35312a5c1ecf0c42668a690b5061c090,7ebad1ecabd28a7000add2d05f888aa2e837c2cc,240.0,10.0,600.0,120.0,0,1,36,DATTA-BASAK,2026-09-22T00:39:10+00:00
s175,SS6,5.0,12.4,45.0,6.0,cg,8,0.04,48.0,0.0,0.0,0.04388663958457311,0.10123327532065934,0.10123328142739743,0.19674176216453818,0.25998735509544874,0.618710431044296,6.214459764172657,1.6460286974003984,0.871769001706694,4.3588450085334705,13.976157662894586,2.795231532578917,0.218187220967822,0.29765608167162216,15.407554771399779,True,0.8990544460016756,1.0,0.26002558493956357,3.12.3,2.5.2,2.13.0,2.9.0,1.3.0,3.2.7,e9fa15cc35312a5c1ecf0c42668a690b5061c090,7ebad1ecabd28a7000add2d05f888aa2e837c2cc,240.0,10.0,600.0,120.0,0,1,36,DATTA-BASAK,2026-09-22T00:39:10+00:00
s175,SS6,5.0,12.4,45.0,12.0,aft,8,0.04,48.0,-70.0,-2.8000000000000003,0.04107770998289134,0.09652138103990242,0.09652138151798569,0.19050550435287344,0.28305851671955784,0.677377242652106,7.15175604211887,1.544719922974487,0.6721943795726049,3.360971897863024,16.011352495941765,3.2022704991883533,0.17364202370786605,0.36371319303761784,18.433393150113805,True,0.9156957212813864,1.1761328074113222,0.2827615928809141,3.12.3,2.5.2,2.13.0,2.9.0,1.3.0,3.2.7,e9fa15cc35312a5c1ecf0c42668a690b5061c090,7ebad1ecabd28a7000add2d05f888aa2e837c2cc,240.0,10.0,600.0,120.0,0,1,36,DATTA-BASAK,2026-09-22T00:39:10+00:00
s175,SS6,5.0,12.4,45.0,12.0,cg,8,0.04,48.0,0.0,0.0,0.04138484648977313,0.08206654015013519,0.08206673677476103,0.1649356271384837,0.2106370189229801,0.43714943203023743,7.15175604211887,1.544719922974487,0.6721943795726049,3.360971897863024,16.011352495941765,3.2022704991883533,0.19711437275380897,0.2683823379108803,18.433393150113805,True,0.9156957212813864,1.0,0.21044606133570692,3.12.3,2.5.2,2.13.0,2.9.0,1.3.0,3.2.7,e9fa15cc35312a5c1ecf0c42668a690b5061c090,7ebad1ecabd28a7000add2d05f888aa2e837c2cc,240.0,10.0,600.0,120.0,0,1,36,DATTA-BASAK,2026-09-22T00:39:10+00:00
