policy,ss,vessel,heading_deg,speed_kn,realization_seed,pad,index,episode_seed,t0_model_s,init_x_m,init_y_m,init_z_m,outcome,termination_reason,steps,episode_return,control_effort,action_jerk,dwell_s,touchdown_contact,touchdown_analytic,detectors_disagree,td_t_episode_s,td_t_episode_analytic_s,rel_vz_normal_m_s,rel_vz_world_z_m_s,closing_speed_normal_m_s,lateral_offset_m,rel_tilt_deg,abs_tilt_deg,deck_tilt_deg,n_contacts,max_penetration_m,tunnelled,contact_events,python,numpy,torch,sb3,gymnasium,pybullet,dmf_sha,gpd_sha,drone_model,pyb_freq_hz,ctrl_freq_hz,episode_len_s,dwell_grace_s,omp_num_threads,cpu_count,host,timestamp_utc
hover,SS3,frigate,45.0,0.0,30,aft,0,328882329,94.60817297351188,-0.023803798768627593,-0.012692484690325634,1.8662170860885925,timeout,time_limit,360,-3.2559374017284526,0.0,0.0,0.0,False,False,False,nan,nan,nan,nan,nan,nan,nan,nan,nan,0,0.0,False,0,3.12.3,2.5.2,2.13.0,2.9.0,1.3.0,3.2.7,e9fa15cc35312a5c1ecf0c42668a690b5061c090,7ebad1ecabd28a7000add2d05f888aa2e837c2cc,cf2x,240,30,12.0,0.5,1,36,DATTA-BASAK,2026-09-22T14:45:40+00:00
hover,SS3,frigate,135.0,12.0,31,aft,1,1377189312,38.90413175320551,-0.0303613010375004,-0.09798868542535047,1.6120747610530024,timeout,time_limit,360,-3.5840243670392513,0.0,0.0,0.0,False,False,False,nan,nan,nan,nan,nan,nan,nan,nan,nan,0,0.0,False,0,3.12.3,2.5.2,2.13.0,2.9.0,1.3.0,3.2.7,e9fa15cc35312a5c1ecf0c42668a690b5061c090,7ebad1ecabd28a7000add2d05f888aa2e837c2cc,cf2x,240,30,12.0,0.5,1,36,DATTA-BASAK,2026-09-22T14:45:40+00:00
hover,SS3,frigate,180.0,0.0,29,aft,2,413196667,82.55961754300297,-0.21216481219224503,0.20277485039913928,1.785455706582594,timeout,time_limit,360,-3.744021069669574,0.0,0.0,0.0,False,False,False,nan,nan,nan,nan,nan,nan,nan,nan,nan,0,0.0,False,0,3.12.3,2.5.2,2.13.0,2.9.0,1.3.0,3.2.7,e9fa15cc35312a5c1ecf0c42668a690b5061c090,7ebad1ecabd28a7000add2d05f888aa2e837c2cc,cf2x,240,30,12.0,0.5,1,36,DATTA-BASAK,2026-09-22T14:45:40+00:00
hover,SS3,frigate,180.0,0.0,28,aft,3,607279498,100.30809302132234,0.0016114026441817475,-0.264504398784672,1.6713724850237717,timeout,time_limit,360,-3.5616218656196446,0.0,0.0,0.0,False,False,False,nan,nan,nan,nan,nan,nan,nan,nan,nan,0,0.0,False,0,3.12.3,2.5.2,2.13.0,2.9.0,1.3.0,3.2.7,e9fa15cc35312a5c1ecf0c42668a690b5061c090,7ebad1ecabd28a7000add2d05f888aa2e837c2cc,cf2x,240,30,12.0,0.5,1,36,DATTA-BASAK,2026-09-22T14:45:40+00:00
hover,SS3,frigate,180.0,12.0,28,aft,4,2035134152,31.19725495121074,-0.09787819882217244,0.1814583161425805,1.6688127137760407,timeout,time_limit,360,-3.7043308103005095,0.0,0.0,0.0,False,False,False,nan,nan,nan,nan,nan,nan,nan,nan,nan,0,0.0,False,0,3.12.3,2.5.2,2.13.0,2.9.0,1.3.0,3.2.7,e9fa15cc35312a5c1ecf0c42668a690b5061c090,7ebad1ecabd28a7000add2d05f888aa2e837c2cc,cf2x,240,30,12.0,0.5,1,36,DATTA-BASAK,2026-09-22T14:45:40+00:00
hover,SS3,frigate,45.0,6.0,30,aft,5,1073289923,86.62952819284902,0.2794896447547281,0.1477100690313975,1.910885280348655,timeout,time_limit,360,-3.459037070504891,0.0,0.0,0.0,False,False,False,nan,nan,nan,nan,nan,nan,nan,nan,nan,0,0.0,False,0,3.12.3,2.5.2,2.13.0,2.9.0,1.3.0,3.2.7,e9fa15cc35312a5c1ecf0c42668a690b5061c090,7ebad1ecabd28a7000add2d05f888aa2e837c2cc,cf2x,240,30,12.0,0.5,1,36,DATTA-BASAK,2026-09-22T14:45:40+00:00
hover,SS3,frigate,135.0,6.0,29,aft,6,1871713630,64.4428969641894,0.07913951855288343,-0.06458741914557459,1.687914877844431,timeout,time_limit,360,-3.658784358730238,0.0,0.0,0.0,False,False,False,nan,nan,nan,nan,nan,nan,nan,nan,nan,0,0.0,False,0,3.12.3,2.5.2,2.13.0,2.9.0,1.3.0,3.2.7,e9fa15cc35312a5c1ecf0c42668a690b5061c090,7ebad1ecabd28a7000add2d05f888aa2e837c2cc,cf2x,240,30,12.0,0.5,1,36,DATTA-BASAK,2026-09-22T14:45:40+00:00
hover,SS3,frigate,45.0,0.0,27,aft,7,396797429,82.07121747965414,0.2678547086204564,0.268669154330398,1.8708178564522107,timeout,time_limit,360,-3.340971985901881,0.0,0.0,0.0,False,False,False,nan,nan,nan,nan,nan,nan,nan,nan,nan,0,0.0,False,0,3.12.3,2.5.2,2.13.0,2.9.0,1.3.0,3.2.7,e9fa15cc35312a5c1ecf0c42668a690b5061c090,7ebad1ecabd28a7000add2d05f888aa2e837c2cc,cf2x,240,30,12.0,0.5,1,36,DATTA-BASAK,2026-09-22T14:45:40+00:00
hover,SS3,frigate,90.0,0.0,27,aft,8,278264592,65.67375474743037,-0.07757929018820184,0.034275944839307404,1.7603877077761636,timeout,time_limit,360,-3.6146567793823223,0.0,0.0,0.0,False,False,False,nan,nan,nan,nan,nan,nan,nan,nan,nan,0,0.0,False,0,3.12.3,2.5.2,2.13.0,2.9.0,1.3.0,3.2.7,e9fa15cc35312a5c1ecf0c42668a690b5061c090,7ebad1ecabd28a7000add2d05f888aa2e837c2cc,cf2x,240,30,12.0,0.5,1,36,DATTA-BASAK,2026-09-22T14:45:40+00:00
hover,SS3,frigate,180.0,0.0,30,aft,9,557726751,71.30508943062985,-0.02137429487317155,-0.2541355374533059,1.9650708887625783,timeout,time_limit,360,-3.8118036190787934,0.0,0.0,0.0,False,False,False,nan,nan,nan,nan,nan,nan,nan,nan,nan,0,0.0,False,0,3.12.3,2.5.2,2.13.0,2.9.0,1.3.0,3.2.7,e9fa15cc35312a5c1ecf0c42668a690b5061c090,7ebad1ecabd28a7000add2d05f888aa2e837c2cc,cf2x,240,30,12.0,0.5,1,36,DATTA-BASAK,2026-09-22T14:45:40+00:00
hover,SS3,frigate,45.0,12.0,27,aft,10,555165706,37.632253495657636,-0.020766671529564684,0.26930935219561986,1.6456852665087207,timeout,time_limit,360,-3.59572988709413,0.0,0.0,0.0,False,False,False,nan,nan,nan,nan,nan,nan,nan,nan,nan,0,0.0,False,0,3.12.3,2.5.2,2.13.0,2.9.0,1.3.0,3.2.7,e9fa15cc35312a5c1ecf0c42668a690b5061c090,7ebad1ecabd28a7000add2d05f888aa2e837c2cc,cf2x,240,30,12.0,0.5,1,36,DATTA-BASAK,2026-09-22T14:45:40+00:00
hover,SS3,frigate,90.0,0.0,29,aft,11,1608433296,56.6934510432168,-0.09405612268969002,0.12242101971357328,1.6347701342195262,timeout,time_limit,360,-3.7013319075578424,0.0,0.0,0.0,False,False,False,nan,nan,nan,nan,nan,nan,nan,nan,nan,0,0.0,False,0,3.12.3,2.5.2,2.13.0,2.9.0,1.3.0,3.2.7,e9fa15cc35312a5c1ecf0c42668a690b5061c090,7ebad1ecabd28a7000add2d05f888aa2e837c2cc,cf2x,240,30,12.0,0.5,1,36,DATTA-BASAK,2026-09-22T14:45:40+00:00
hover,SS3,frigate,90.0,6.0,29,aft,12,1374776518,37.77318659809722,-0.28255650851887015,0.08873721847420674,1.6846726741615663,timeout,time_limit,360,-3.561777452919203,0.0,0.0,0.0,False,False,False,nan,nan,nan,nan,nan,nan,nan,nan,nan,0,0.0,False,0,3.12.3,2.5.2,2.13.0,2.9.0,1.3.0,3.2.7,e9fa15cc35312a5c1ecf0c42668a690b5061c090,7ebad1ecabd28a7000add2d05f888aa2e837c2cc,cf2x,240,30,12.0,0.5,1,36,DATTA-BASAK,2026-09-22T14:45:40+00:00
hover,SS3,frigate,180.0,12.0,31,aft,13,305623694,105.15535685393121,-0.1416932644087958,0.08642053136497518,1.6057440491206039,timeout,time_limit,360,-3.4359361765338496,0.0,0.0,0.0,False,False,False,nan,nan,nan,nan,nan,nan,nan,nan,nan,0,0.0,False,0,3.12.3,2.5.2,2.13.0,2.9.0,1.3.0,3.2.7,e9fa15cc35312a5c1ecf0c42668a690b5061c090,7ebad1ecabd28a7000add2d05f888aa2e837c2cc,cf2x,240,30,12.0,0.5,1,36,DATTA-BASAK,2026-09-22T14:45:40+00:00
hover,SS3,frigate,90.0,6.0,28,aft,14,273538739,30.19150036269336,0.0775882064802566,0.1091869668507861,1.9289407680881476,timeout,time_limit,360,-3.476338985116843,0.0,0.0,0.0,False,False,False,nan,nan,nan,nan,nan,nan,nan,nan,nan,0,0.0,False,0,3.12.3,2.5.2,2.13.0,2.9.0,1.3.0,3.2.7,e9fa15cc35312a5c1ecf0c42668a690b5061c090,7ebad1ecabd28a7000add2d05f888aa2e837c2cc,cf2x,240,30,12.0,0.5,1,36,DATTA-BASAK,2026-09-22T14:45:40+00:00
hover,SS3,frigate,90.0,12.0,30,aft,15,2026841218,63.69456532994561,0.2388239512359442,-0.07315854940464755,1.938873914074852,timeout,time_limit,360,-3.663181382428083,0.0,0.0,0.0,False,False,False,nan,nan,nan,nan,nan,nan,nan,nan,nan,0,0.0,False,0,3.12.3,2.5.2,2.13.0,2.9.0,1.3.0,3.2.7,e9fa15cc35312a5c1ecf0c42668a690b5061c090,7ebad1ecabd28a7000add2d05f888aa2e837c2cc,cf2x,240,30,12.0,0.5,1,36,DATTA-BASAK,2026-09-22T14:45:40+00:00
hover,SS3,frigate,180.0,12.0,28,aft,16,1252376878,49.826918297665614,0.022339424702850552,0.23932572291693693,1.6017422539946304,timeout,time_limit,360,-3.6163114466141835,0.0,0.0,0.0,False,False,False,nan,nan,nan,nan,nan,nan,nan,nan,nan,0,0.0,False,0,3.12.3,2.5.2,2.13.0,2.9.0,1.3.0,3.2.7,e9fa15cc35312a5c1ecf0c42668a690b5061c090,7ebad1ecabd28a7000add2d05f888aa2e837c2cc,cf2x,240,30,12.0,0.5,1,36,DATTA-BASAK,2026-09-22T14:45:40+00:00
hover,SS3,frigate,135.0,12.0,29,aft,17,168585424,97.90169086326135,0.13820980405606553,0.07239313191547453,1.702203896236948,timeout,time_limit,360,-3.6092092038791277,0.0,0.0,0.0,False,False,False,nan,nan,nan,nan,nan,nan,nan,nan,nan,0,0.0,False,0,3.12.3,2.5.2,2.13.0,2.9.0,1.3.0,3.2.7,e9fa15cc35312a5c1ecf0c42668a690b5061c090,7ebad1ecabd28a7000add2d05f888aa2e837c2cc,cf2x,240,30,12.0,0.5,1,36,DATTA-BASAK,2026-09-22T14:45:40+00:00
hover,SS3,frigate,90.0,0.0,29,aft,18,1014615096,78.36115260254964,-0.13918449564295696,0.23437492660205933,1.7181656999188797,timeout,time_limit,360,-3.6835159582943686,0.0,0.0,0.0,False,False,False,nan,nan,nan,nan,nan,nan,nan,nan,nan,0,0.0,False,0,3.12.3,2.5.2,2.13.0,2.9.0,1.3.0,3.2.7,e9fa15cc35312a5c1ecf0c42668a690b5061c090,7ebad1ecabd28a7000add2d05f888aa2e837c2cc,cf2x,240,30,12.0,0.5,1,36,DATTA-BASAK,2026-09-22T14:45:40+00:00
hover,SS3,frigate,45.0,0.0,31,aft,19,525112527,55.740460900082894,-0.20004431533472816,-0.2543120186730972,1.8349627924076581,timeout,time_limit,360,-3.457854222425161,0.0,0.0,0.0,False,False,False,nan,nan,nan,nan,nan,nan,nan,nan,nan,0,0.0,False,0,3.12.3,2.5.2,2.13.0,2.9.0,1.3.0,3.2.7,e9fa15cc35312a5c1ecf0c42668a690b5061c090,7ebad1ecabd28a7000add2d05f888aa2e837c2cc,cf2x,240,30,12.0,0.5,1,36,DATTA-BASAK,2026-09-22T14:45:40+00:00
hover,SS3,frigate,45.0,0.0,30,aft,20,1808891914,9.063377540995402,0.26782584663632497,-0.06056550936151325,1.8033565545557548,timeout,time_limit,360,-3.542113075372041,0.0,0.0,0.0,False,False,False,nan,nan,nan,nan,nan,nan,nan,nan,nan,0,0.0,False,0,3.12.3,2.5.2,2.13.0,2.9.0,1.3.0,3.2.7,e9fa15cc35312a5c1ecf0c42668a690b5061c090,7ebad1ecabd28a7000add2d05f888aa2e837c2cc,cf2x,240,30,12.0,0.5,1,36,DATTA-BASAK,2026-09-22T14:45:40+00:00
hover,SS3,frigate,45.0,12.0,30,aft,21,1286085030,24.31123914725971,-0.19060425078567164,0.09411590500227207,1.776397420556504,timeout,time_limit,360,-3.6809653064227144,0.0,0.0,0.0,False,False,False,nan,nan,nan,nan,nan,nan,nan,nan,nan,0,0.0,False,0,3.12.3,2.5.2,2.13.0,2.9.0,1.3.0,3.2.7,e9fa15cc35312a5c1ecf0c42668a690b5061c090,7ebad1ecabd28a7000add2d05f888aa2e837c2cc,cf2x,240,30,12.0,0.5,1,36,DATTA-BASAK,2026-09-22T14:45:40+00:00
hover,SS3,frigate,135.0,12.0,30,aft,22,1841552676,80.95558713638896,0.2614865500404692,-0.2320558689856127,1.7747174541720359,timeout,time_limit,360,-3.7449817442132263,0.0,0.0,0.0,False,False,False,nan,nan,nan,nan,nan,nan,nan,nan,nan,0,0.0,False,0,3.12.3,2.5.2,2.13.0,2.9.0,1.3.0,3.2.7,e9fa15cc35312a5c1ecf0c42668a690b5061c090,7ebad1ecabd28a7000add2d05f888aa2e837c2cc,cf2x,240,30,12.0,0.5,1,36,DATTA-BASAK,2026-09-22T14:45:40+00:00
hover,SS3,frigate,45.0,0.0,28,aft,23,1301226886,36.43113460601914,-0.05527247516687078,-0.03619197069955993,1.7777781268378958,timeout,time_limit,360,-3.6974566598976653,0.0,0.0,0.0,False,False,False,nan,nan,nan,nan,nan,nan,nan,nan,nan,0,0.0,False,0,3.12.3,2.5.2,2.13.0,2.9.0,1.3.0,3.2.7,e9fa15cc35312a5c1ecf0c42668a690b5061c090,7ebad1ecabd28a7000add2d05f888aa2e837c2cc,cf2x,240,30,12.0,0.5,1,36,DATTA-BASAK,2026-09-22T14:45:40+00:00
hover,SS3,frigate,90.0,6.0,29,aft,24,992279305,53.11194469854464,-0.02872616850012999,-0.1371712153230261,1.9232303010646519,timeout,time_limit,360,-3.5833758139886864,0.0,0.0,0.0,False,False,False,nan,nan,nan,nan,nan,nan,nan,nan,nan,0,0.0,False,0,3.12.3,2.5.2,2.13.0,2.9.0,1.3.0,3.2.7,e9fa15cc35312a5c1ecf0c42668a690b5061c090,7ebad1ecabd28a7000add2d05f888aa2e837c2cc,cf2x,240,30,12.0,0.5,1,36,DATTA-BASAK,2026-09-22T14:45:40+00:00
hover,SS3,frigate,180.0,6.0,30,aft,25,914703746,25.05448162441265,-0.025841597863020982,0.10681582995576633,1.971077982923256,timeout,time_limit,360,-3.808138866130297,0.0,0.0,0.0,False,False,False,nan,nan,nan,nan,nan,nan,nan,nan,nan,0,0.0,False,0,3.12.3,2.5.2,2.13.0,2.9.0,1.3.0,3.2.7,e9fa15cc35312a5c1ecf0c42668a690b5061c090,7ebad1ecabd28a7000add2d05f888aa2e837c2cc,cf2x,240,30,12.0,0.5,1,36,DATTA-BASAK,2026-09-22T14:45:40+00:00
hover,SS3,frigate,45.0,12.0,29,aft,26,747311538,84.3758301060269,-0.018784997703650608,-0.19678639196350486,1.7820769374594367,timeout,time_limit,360,-3.458516148799607,0.0,0.0,0.0,False,False,False,nan,nan,nan,nan,nan,nan,nan,nan,nan,0,0.0,False,0,3.12.3,2.5.2,2.13.0,2.9.0,1.3.0,3.2.7,e9fa15cc35312a5c1ecf0c42668a690b5061c090,7ebad1ecabd28a7000add2d05f888aa2e837c2cc,cf2x,240,30,12.0,0.5,1,36,DATTA-BASAK,2026-09-22T14:45:40+00:00
hover,SS3,frigate,180.0,6.0,28,aft,27,283517439,98.44671390303033,0.22789601069774373,0.20497953002390973,1.901574096004273,timeout,time_limit,360,-3.725268592844603,0.0,0.0,0.0,False,False,False,nan,nan,nan,nan,nan,nan,nan,nan,nan,0,0.0,False,0,3.12.3,2.5.2,2.13.0,2.9.0,1.3.0,3.2.7,e9fa15cc35312a5c1ecf0c42668a690b5061c090,7ebad1ecabd28a7000add2d05f888aa2e837c2cc,cf2x,240,30,12.0,0.5,1,36,DATTA-BASAK,2026-09-22T14:45:40+00:00
hover,SS3,frigate,180.0,12.0,29,aft,28,1056179647,75.11209212577837,0.1847286124981828,-0.03671160864415096,1.8329705602686794,timeout,time_limit,360,-3.702495717777737,0.0,0.0,0.0,False,False,False,nan,nan,nan,nan,nan,nan,nan,nan,nan,0,0.0,False,0,3.12.3,2.5.2,2.13.0,2.9.0,1.3.0,3.2.7,e9fa15cc35312a5c1ecf0c42668a690b5061c090,7ebad1ecabd28a7000add2d05f888aa2e837c2cc,cf2x,240,30,12.0,0.5,1,36,DATTA-BASAK,2026-09-22T14:45:40+00:00
hover,SS3,frigate,180.0,6.0,30,aft,29,528887918,70.53311037860693,0.07583939288268626,-0.039237538810026173,1.681852623490439,timeout,time_limit,360,-3.645901394532599,0.0,0.0,0.0,False,False,False,nan,nan,nan,nan,nan,nan,nan,nan,nan,0,0.0,False,0,3.12.3,2.5.2,2.13.0,2.9.0,1.3.0,3.2.7,e9fa15cc35312a5c1ecf0c42668a690b5061c090,7ebad1ecabd28a7000add2d05f888aa2e837c2cc,cf2x,240,30,12.0,0.5,1,36,DATTA-BASAK,2026-09-22T14:45:40+00:00
hover,SS3,frigate,180.0,6.0,28,aft,30,718681297,79.10694973713048,0.0500465071689391,0.1663947225872207,1.9057678474928808,timeout,time_limit,360,-3.771445080008733,0.0,0.0,0.0,False,False,False,nan,nan,nan,nan,nan,nan,nan,nan,nan,0,0.0,False,0,3.12.3,2.5.2,2.13.0,2.9.0,1.3.0,3.2.7,e9fa15cc35312a5c1ecf0c42668a690b5061c090,7ebad1ecabd28a7000add2d05f888aa2e837c2cc,cf2x,240,30,12.0,0.5,1,36,DATTA-BASAK,2026-09-22T14:45:40+00:00
hover,SS3,frigate,135.0,12.0,28,aft,31,204145320,29.947188456032553,0.1616773397808527,-0.18966039646923155,1.866359525527028,timeout,time_limit,360,-3.4909333607740884,0.0,0.0,0.0,False,False,False,nan,nan,nan,nan,nan,nan,nan,nan,nan,0,0.0,False,0,3.12.3,2.5.2,2.13.0,2.9.0,1.3.0,3.2.7,e9fa15cc35312a5c1ecf0c42668a690b5061c090,7ebad1ecabd28a7000add2d05f888aa2e837c2cc,cf2x,240,30,12.0,0.5,1,36,DATTA-BASAK,2026-09-22T14:45:40+00:00
hover,SS3,frigate,90.0,6.0,31,aft,32,1891934240,8.764648436512822,0.17519203540601647,0.051038898443443725,1.8268692882310948,timeout,time_limit,360,-3.5929810019099926,0.0,0.0,0.0,False,False,False,nan,nan,nan,nan,nan,nan,nan,nan,nan,0,0.0,False,0,3.12.3,2.5.2,2.13.0,2.9.0,1.3.0,3.2.7,e9fa15cc35312a5c1ecf0c42668a690b5061c090,7ebad1ecabd28a7000add2d05f888aa2e837c2cc,cf2x,240,30,12.0,0.5,1,36,DATTA-BASAK,2026-09-22T14:45:40+00:00
hover,SS3,frigate,90.0,6.0,31,aft,33,1171721964,17.21252633266708,0.07281693653229826,0.1211371698779819,1.7632198246434965,timeout,time_limit,360,-3.6503827433669858,0.0,0.0,0.0,False,False,False,nan,nan,nan,nan,nan,nan,nan,nan,nan,0,0.0,False,0,3.12.3,2.5.2,2.13.0,2.9.0,1.3.0,3.2.7,e9fa15cc35312a5c1ecf0c42668a690b5061c090,7ebad1ecabd28a7000add2d05f888aa2e837c2cc,cf2x,240,30,12.0,0.5,1,36,DATTA-BASAK,2026-09-22T14:45:40+00:00
hover,SS3,frigate,180.0,0.0,31,aft,34,1963807817,34.83563712219602,-0.2251178484288293,-0.057484191103336635,1.7992388506071464,timeout,time_limit,360,-3.1379156127889547,0.0,0.0,0.0,False,False,False,nan,nan,nan,nan,nan,nan,nan,nan,nan,0,0.0,False,0,3.12.3,2.5.2,2.13.0,2.9.0,1.3.0,3.2.7,e9fa15cc35312a5c1ecf0c42668a690b5061c090,7ebad1ecabd28a7000add2d05f888aa2e837c2cc,cf2x,240,30,12.0,0.5,1,36,DATTA-BASAK,2026-09-22T14:45:40+00:00
hover,SS3,frigate,180.0,6.0,27,aft,35,375791313,68.16509572761215,0.08973255263726765,-0.12187077351295691,1.820016540380935,timeout,time_limit,360,-3.2869263414779972,0.0,0.0,0.0,False,False,False,nan,nan,nan,nan,nan,nan,nan,nan,nan,0,0.0,False,0,3.12.3,2.5.2,2.13.0,2.9.0,1.3.0,3.2.7,e9fa15cc35312a5c1ecf0c42668a690b5061c090,7ebad1ecabd28a7000add2d05f888aa2e837c2cc,cf2x,240,30,12.0,0.5,1,36,DATTA-BASAK,2026-09-22T14:45:40+00:00
hover,SS3,frigate,45.0,6.0,29,aft,36,785259466,11.67604412557283,0.2536200214010746,-0.014257185141875794,1.9282557215417206,timeout,time_limit,360,-3.721518269463319,0.0,0.0,0.0,False,False,False,nan,nan,nan,nan,nan,nan,nan,nan,nan,0,0.0,False,0,3.12.3,2.5.2,2.13.0,2.9.0,1.3.0,3.2.7,e9fa15cc35312a5c1ecf0c42668a690b5061c090,7ebad1ecabd28a7000add2d05f888aa2e837c2cc,cf2x,240,30,12.0,0.5,1,36,DATTA-BASAK,2026-09-22T14:45:40+00:00
hover,SS3,frigate,180.0,6.0,31,aft,37,744575060,39.854716056138095,-0.19290411971505436,0.1986635705665427,1.9710346638295746,timeout,time_limit,360,-3.3707171713001287,0.0,0.0,0.0,False,False,False,nan,nan,nan,nan,nan,nan,nan,nan,nan,0,0.0,False,0,3.12.3,2.5.2,2.13.0,2.9.0,1.3.0,3.2.7,e9fa15cc35312a5c1ecf0c42668a690b5061c090,7ebad1ecabd28a7000add2d05f888aa2e837c2cc,cf2x,240,30,12.0,0.5,1,36,DATTA-BASAK,2026-09-22T14:45:40+00:00
hover,SS3,frigate,135.0,12.0,27,aft,38,993496588,17.21083118489654,0.15550136838213985,-0.19079404273342687,1.6441019045285599,timeout,time_limit,360,-3.722517368980585,0.0,0.0,0.0,False,False,False,nan,nan,nan,nan,nan,nan,nan,nan,nan,0,0.0,False,0,3.12.3,2.5.2,2.13.0,2.9.0,1.3.0,3.2.7,e9fa15cc35312a5c1ecf0c42668a690b5061c090,7ebad1ecabd28a7000add2d05f888aa2e837c2cc,cf2x,240,30,12.0,0.5,1,36,DATTA-BASAK,2026-09-22T14:45:40+00:00
hover,SS3,frigate,180.0,6.0,31,aft,39,710377609,99.60487588139407,0.014713165366929015,0.29993641496450824,1.9438494515961469,timeout,time_limit,360,-3.761537407605972,0.0,0.0,0.0,False,False,False,nan,nan,nan,nan,nan,nan,nan,nan,nan,0,0.0,False,0,3.12.3,2.5.2,2.13.0,2.9.0,1.3.0,3.2.7,e9fa15cc35312a5c1ecf0c42668a690b5061c090,7ebad1ecabd28a7000add2d05f888aa2e837c2cc,cf2x,240,30,12.0,0.5,1,36,DATTA-BASAK,2026-09-22T14:45:40+00:00
hover,SS3,frigate,45.0,6.0,27,aft,40,1853427146,73.60336755990865,0.04528298787297458,0.06133305452565879,1.8300388090520059,timeout,time_limit,360,-3.4191137389929214,0.0,0.0,0.0,False,False,False,nan,nan,nan,nan,nan,nan,nan,nan,nan,0,0.0,False,0,3.12.3,2.5.2,2.13.0,2.9.0,1.3.0,3.2.7,e9fa15cc35312a5c1ecf0c42668a690b5061c090,7ebad1ecabd28a7000add2d05f888aa2e837c2cc,cf2x,240,30,12.0,0.5,1,36,DATTA-BASAK,2026-09-22T14:45:40+00:00
hover,SS3,frigate,180.0,12.0,31,aft,41,1131763354,89.60940119723529,-0.10597956457370189,-0.24847333542045583,1.8542946321837497,timeout,time_limit,360,-3.5373550414917676,0.0,0.0,0.0,False,False,False,nan,nan,nan,nan,nan,nan,nan,nan,nan,0,0.0,False,0,3.12.3,2.5.2,2.13.0,2.9.0,1.3.0,3.2.7,e9fa15cc35312a5c1ecf0c42668a690b5061c090,7ebad1ecabd28a7000add2d05f888aa2e837c2cc,cf2x,240,30,12.0,0.5,1,36,DATTA-BASAK,2026-09-22T14:45:40+00:00
hover,SS3,frigate,90.0,0.0,30,aft,42,1573540090,32.52510162245966,-0.025346834707456467,-0.24486490414846612,1.717420116035039,timeout,time_limit,360,-3.6492691951968195,0.0,0.0,0.0,False,False,False,nan,nan,nan,nan,nan,nan,nan,nan,nan,0,0.0,False,0,3.12.3,2.5.2,2.13.0,2.9.0,1.3.0,3.2.7,e9fa15cc35312a5c1ecf0c42668a690b5061c090,7ebad1ecabd28a7000add2d05f888aa2e837c2cc,cf2x,240,30,12.0,0.5,1,36,DATTA-BASAK,2026-09-22T14:45:40+00:00
hover,SS3,frigate,135.0,0.0,31,aft,43,1844233930,58.543268772730826,-0.2057574174863917,0.17441194008508676,1.6920452544510403,timeout,time_limit,360,-3.2048743456590083,0.0,0.0,0.0,False,False,False,nan,nan,nan,nan,nan,nan,nan,nan,nan,0,0.0,False,0,3.12.3,2.5.2,2.13.0,2.9.0,1.3.0,3.2.7,e9fa15cc35312a5c1ecf0c42668a690b5061c090,7ebad1ecabd28a7000add2d05f888aa2e837c2cc,cf2x,240,30,12.0,0.5,1,36,DATTA-BASAK,2026-09-22T14:45:40+00:00
hover,SS3,frigate,45.0,12.0,27,aft,44,1019053039,83.91711208406744,0.05466054914156393,0.08515290733265019,1.8290198388040615,timeout,time_limit,360,-3.489279469205406,0.0,0.0,0.0,False,False,False,nan,nan,nan,nan,nan,nan,nan,nan,nan,0,0.0,False,0,3.12.3,2.5.2,2.13.0,2.9.0,1.3.0,3.2.7,e9fa15cc35312a5c1ecf0c42668a690b5061c090,7ebad1ecabd28a7000add2d05f888aa2e837c2cc,cf2x,240,30,12.0,0.5,1,36,DATTA-BASAK,2026-09-22T14:45:40+00:00
hover,SS3,frigate,90.0,12.0,30,aft,45,1464547235,57.82771967276032,0.27441241652860787,-0.1899922549727055,1.8546266770270932,timeout,time_limit,360,-3.6201334055950483,0.0,0.0,0.0,False,False,False,nan,nan,nan,nan,nan,nan,nan,nan,nan,0,0.0,False,0,3.12.3,2.5.2,2.13.0,2.9.0,1.3.0,3.2.7,e9fa15cc35312a5c1ecf0c42668a690b5061c090,7ebad1ecabd28a7000add2d05f888aa2e837c2cc,cf2x,240,30,12.0,0.5,1,36,DATTA-BASAK,2026-09-22T14:45:40+00:00
hover,SS3,frigate,180.0,12.0,29,aft,46,1815468932,18.3880141771576,-7.612110499338742e-05,0.2289228050213244,1.670897138199221,timeout,time_limit,360,-3.6597954155916406,0.0,0.0,0.0,False,False,False,nan,nan,nan,nan,nan,nan,nan,nan,nan,0,0.0,False,0,3.12.3,2.5.2,2.13.0,2.9.0,1.3.0,3.2.7,e9fa15cc35312a5c1ecf0c42668a690b5061c090,7ebad1ecabd28a7000add2d05f888aa2e837c2cc,cf2x,240,30,12.0,0.5,1,36,DATTA-BASAK,2026-09-22T14:45:40+00:00
hover,SS3,frigate,180.0,0.0,29,aft,47,246530982,88.11555017431901,-0.1776798442490502,-0.011727985647871197,1.6791219332850769,timeout,time_limit,360,-3.3548193919183906,0.0,0.0,0.0,False,False,False,nan,nan,nan,nan,nan,nan,nan,nan,nan,0,0.0,False,0,3.12.3,2.5.2,2.13.0,2.9.0,1.3.0,3.2.7,e9fa15cc35312a5c1ecf0c42668a690b5061c090,7ebad1ecabd28a7000add2d05f888aa2e837c2cc,cf2x,240,30,12.0,0.5,1,36,DATTA-BASAK,2026-09-22T14:45:40+00:00
hover,SS3,frigate,180.0,12.0,31,aft,48,914122205,55.869324870301156,0.2060869557122707,0.1964180009107518,1.7983089764522895,timeout,time_limit,360,-3.431760259193632,0.0,0.0,0.0,False,False,False,nan,nan,nan,nan,nan,nan,nan,nan,nan,0,0.0,False,0,3.12.3,2.5.2,2.13.0,2.9.0,1.3.0,3.2.7,e9fa15cc35312a5c1ecf0c42668a690b5061c090,7ebad1ecabd28a7000add2d05f888aa2e837c2cc,cf2x,240,30,12.0,0.5,1,36,DATTA-BASAK,2026-09-22T14:45:40+00:00
hover,SS3,frigate,45.0,0.0,29,aft,49,176208080,60.1815444575412,-0.2654014205278942,-0.15882760859292847,1.6456852823376011,timeout,time_limit,360,-3.696727595955719,0.0,0.0,0.0,False,False,False,nan,nan,nan,nan,nan,nan,nan,nan,nan,0,0.0,False,0,3.12.3,2.5.2,2.13.0,2.9.0,1.3.0,3.2.7,e9fa15cc35312a5c1ecf0c42668a690b5061c090,7ebad1ecabd28a7000add2d05f888aa2e837c2cc,cf2x,240,30,12.0,0.5,1,36,DATTA-BASAK,2026-09-22T14:45:40+00:00
hover,SS3,frigate,135.0,12.0,30,aft,50,985788348,62.64056428029573,0.022101455408405746,-0.2735087668055129,1.966487130837517,timeout,time_limit,360,-3.373724942393714,0.0,0.0,0.0,False,False,False,nan,nan,nan,nan,nan,nan,nan,nan,nan,0,0.0,False,0,3.12.3,2.5.2,2.13.0,2.9.0,1.3.0,3.2.7,e9fa15cc35312a5c1ecf0c42668a690b5061c090,7ebad1ecabd28a7000add2d05f888aa2e837c2cc,cf2x,240,30,12.0,0.5,1,36,DATTA-BASAK,2026-09-22T14:45:40+00:00
hover,SS3,frigate,90.0,6.0,29,aft,51,2043936972,81.64378729850652,0.18351533778274565,-0.033834551281916536,1.6355402038901738,timeout,time_limit,360,-3.6254031707718375,0.0,0.0,0.0,False,False,False,nan,nan,nan,nan,nan,nan,nan,nan,nan,0,0.0,False,0,3.12.3,2.5.2,2.13.0,2.9.0,1.3.0,3.2.7,e9fa15cc35312a5c1ecf0c42668a690b5061c090,7ebad1ecabd28a7000add2d05f888aa2e837c2cc,cf2x,240,30,12.0,0.5,1,36,DATTA-BASAK,2026-09-22T14:45:40+00:00
hover,SS3,frigate,45.0,0.0,30,aft,52,1474061034,82.1899878578756,0.06623369253032008,0.24214024541616136,1.6927794546519708,timeout,time_limit,360,-3.9358558561051473,0.0,0.0,0.0,False,False,False,nan,nan,nan,nan,nan,nan,nan,nan,nan,0,0.0,False,0,3.12.3,2.5.2,2.13.0,2.9.0,1.3.0,3.2.7,e9fa15cc35312a5c1ecf0c42668a690b5061c090,7ebad1ecabd28a7000add2d05f888aa2e837c2cc,cf2x,240,30,12.0,0.5,1,36,DATTA-BASAK,2026-09-22T14:45:40+00:00
hover,SS3,frigate,135.0,12.0,30,aft,53,1081299893,41.198784802180974,-0.08655262170135905,0.21500354476660993,1.6270142928727083,timeout,time_limit,360,-3.5036250370349373,0.0,0.0,0.0,False,False,False,nan,nan,nan,nan,nan,nan,nan,nan,nan,0,0.0,False,0,3.12.3,2.5.2,2.13.0,2.9.0,1.3.0,3.2.7,e9fa15cc35312a5c1ecf0c42668a690b5061c090,7ebad1ecabd28a7000add2d05f888aa2e837c2cc,cf2x,240,30,12.0,0.5,1,36,DATTA-BASAK,2026-09-22T14:45:40+00:00
hover,SS3,frigate,45.0,12.0,29,aft,54,1676372094,94.49207954695675,0.18206359783667436,-0.2617254514053138,1.6979322261864247,timeout,time_limit,360,-3.8517002134060445,0.0,0.0,0.0,False,False,False,nan,nan,nan,nan,nan,nan,nan,nan,nan,0,0.0,False,0,3.12.3,2.5.2,2.13.0,2.9.0,1.3.0,3.2.7,e9fa15cc35312a5c1ecf0c42668a690b5061c090,7ebad1ecabd28a7000add2d05f888aa2e837c2cc,cf2x,240,30,12.0,0.5,1,36,DATTA-BASAK,2026-09-22T14:45:40+00:00
hover,SS3,frigate,45.0,6.0,27,aft,55,1848046218,57.77308418652628,-0.2503600995573571,0.2562922928118732,1.8782324735401588,timeout,time_limit,360,-3.430943701583669,0.0,0.0,0.0,False,False,False,nan,nan,nan,nan,nan,nan,nan,nan,nan,0,0.0,False,0,3.12.3,2.5.2,2.13.0,2.9.0,1.3.0,3.2.7,e9fa15cc35312a5c1ecf0c42668a690b5061c090,7ebad1ecabd28a7000add2d05f888aa2e837c2cc,cf2x,240,30,12.0,0.5,1,36,DATTA-BASAK,2026-09-22T14:45:40+00:00
hover,SS3,frigate,90.0,12.0,30,aft,56,916283657,84.0256318926833,-0.15672457171132637,0.04206521630555965,1.8873383746852865,timeout,time_limit,360,-3.539647401888709,0.0,0.0,0.0,False,False,False,nan,nan,nan,nan,nan,nan,nan,nan,nan,0,0.0,False,0,3.12.3,2.5.2,2.13.0,2.9.0,1.3.0,3.2.7,e9fa15cc35312a5c1ecf0c42668a690b5061c090,7ebad1ecabd28a7000add2d05f888aa2e837c2cc,cf2x,240,30,12.0,0.5,1,36,DATTA-BASAK,2026-09-22T14:45:40+00:00
hover,SS3,frigate,90.0,0.0,27,aft,57,223592590,16.064148175031047,0.09548338157403985,-0.07576805433273273,1.6019670040545386,timeout,time_limit,360,-3.7092272473524424,0.0,0.0,0.0,False,False,False,nan,nan,nan,nan,nan,nan,nan,nan,nan,0,0.0,False,0,3.12.3,2.5.2,2.13.0,2.9.0,1.3.0,3.2.7,e9fa15cc35312a5c1ecf0c42668a690b5061c090,7ebad1ecabd28a7000add2d05f888aa2e837c2cc,cf2x,240,30,12.0,0.5,1,36,DATTA-BASAK,2026-09-22T14:45:40+00:00
hover,SS3,frigate,45.0,12.0,28,aft,58,1814862993,26.013934139262023,0.04641362158297718,-0.04532359262729624,1.8340633177241823,timeout,time_limit,360,-3.676203347053854,0.0,0.0,0.0,False,False,False,nan,nan,nan,nan,nan,nan,nan,nan,nan,0,0.0,False,0,3.12.3,2.5.2,2.13.0,2.9.0,1.3.0,3.2.7,e9fa15cc35312a5c1ecf0c42668a690b5061c090,7ebad1ecabd28a7000add2d05f888aa2e837c2cc,cf2x,240,30,12.0,0.5,1,36,DATTA-BASAK,2026-09-22T14:45:40+00:00
hover,SS3,frigate,180.0,0.0,30,aft,59,237964021,35.48591884161696,-0.1218404208714925,0.20691158913967772,1.985405033842789,timeout,time_limit,360,-3.6046595535644204,0.0,0.0,0.0,False,False,False,nan,nan,nan,nan,nan,nan,nan,nan,nan,0,0.0,False,0,3.12.3,2.5.2,2.13.0,2.9.0,1.3.0,3.2.7,e9fa15cc35312a5c1ecf0c42668a690b5061c090,7ebad1ecabd28a7000add2d05f888aa2e837c2cc,cf2x,240,30,12.0,0.5,1,36,DATTA-BASAK,2026-09-22T14:45:40+00:00
hover,SS3,frigate,135.0,0.0,31,aft,60,1689466775,76.64328551029729,-0.2715933416216942,-0.25731405300566773,1.708701506682778,timeout,time_limit,360,-3.6142322770758986,0.0,0.0,0.0,False,False,False,nan,nan,nan,nan,nan,nan,nan,nan,nan,0,0.0,False,0,3.12.3,2.5.2,2.13.0,2.9.0,1.3.0,3.2.7,e9fa15cc35312a5c1ecf0c42668a690b5061c090,7ebad1ecabd28a7000add2d05f888aa2e837c2cc,cf2x,240,30,12.0,0.5,1,36,DATTA-BASAK,2026-09-22T14:45:40+00:00
hover,SS3,frigate,45.0,12.0,28,aft,61,1342051217,84.60336078188949,-0.0397592825304659,0.2039020573120927,1.8118947682173832,timeout,time_limit,360,-3.7703455958706473,0.0,0.0,0.0,False,False,False,nan,nan,nan,nan,nan,nan,nan,nan,nan,0,0.0,False,0,3.12.3,2.5.2,2.13.0,2.9.0,1.3.0,3.2.7,e9fa15cc35312a5c1ecf0c42668a690b5061c090,7ebad1ecabd28a7000add2d05f888aa2e837c2cc,cf2x,240,30,12.0,0.5,1,36,DATTA-BASAK,2026-09-22T14:45:40+00:00
hover,SS3,frigate,135.0,12.0,30,aft,62,1626408567,93.26358036417817,0.08689035845549758,0.14963416082867637,1.7871790758683161,timeout,time_limit,360,-3.57883938210787,0.0,0.0,0.0,False,False,False,nan,nan,nan,nan,nan,nan,nan,nan,nan,0,0.0,False,0,3.12.3,2.5.2,2.13.0,2.9.0,1.3.0,3.2.7,e9fa15cc35312a5c1ecf0c42668a690b5061c090,7ebad1ecabd28a7000add2d05f888aa2e837c2cc,cf2x,240,30,12.0,0.5,1,36,DATTA-BASAK,2026-09-22T14:45:40+00:00
hover,SS3,frigate,90.0,6.0,29,aft,63,2076022060,58.35867262874081,-0.22139881925331403,0.13075373078911534,1.9121768281935896,timeout,time_limit,360,-3.620893121929494,0.0,0.0,0.0,False,False,False,nan,nan,nan,nan,nan,nan,nan,nan,nan,0,0.0,False,0,3.12.3,2.5.2,2.13.0,2.9.0,1.3.0,3.2.7,e9fa15cc35312a5c1ecf0c42668a690b5061c090,7ebad1ecabd28a7000add2d05f888aa2e837c2cc,cf2x,240,30,12.0,0.5,1,36,DATTA-BASAK,2026-09-22T14:45:40+00:00
hover,SS3,frigate,180.0,6.0,29,aft,64,638281161,61.10482878389651,0.24472577939157597,0.16875183955800233,1.6463491025093453,timeout,time_limit,360,-3.7857575114680184,0.0,0.0,0.0,False,False,False,nan,nan,nan,nan,nan,nan,nan,nan,nan,0,0.0,False,0,3.12.3,2.5.2,2.13.0,2.9.0,1.3.0,3.2.7,e9fa15cc35312a5c1ecf0c42668a690b5061c090,7ebad1ecabd28a7000add2d05f888aa2e837c2cc,cf2x,240,30,12.0,0.5,1,36,DATTA-BASAK,2026-09-22T14:45:40+00:00
hover,SS3,frigate,135.0,6.0,30,aft,65,1913871587,59.06533555166508,0.2565834766137181,-0.2325451650899294,1.8718792030480964,timeout,time_limit,360,-3.712955914808476,0.0,0.0,0.0,False,False,False,nan,nan,nan,nan,nan,nan,nan,nan,nan,0,0.0,False,0,3.12.3,2.5.2,2.13.0,2.9.0,1.3.0,3.2.7,e9fa15cc35312a5c1ecf0c42668a690b5061c090,7ebad1ecabd28a7000add2d05f888aa2e837c2cc,cf2x,240,30,12.0,0.5,1,36,DATTA-BASAK,2026-09-22T14:45:40+00:00
hover,SS3,frigate,180.0,0.0,28,aft,66,391108402,69.3903967399093,-0.25619816084440006,0.12942674129402898,1.7606063042384075,timeout,time_limit,360,-3.9706231713439673,0.0,0.0,0.0,False,False,False,nan,nan,nan,nan,nan,nan,nan,nan,nan,0,0.0,False,0,3.12.3,2.5.2,2.13.0,2.9.0,1.3.0,3.2.7,e9fa15cc35312a5c1ecf0c42668a690b5061c090,7ebad1ecabd28a7000add2d05f888aa2e837c2cc,cf2x,240,30,12.0,0.5,1,36,DATTA-BASAK,2026-09-22T14:45:40+00:00
hover,SS3,frigate,135.0,0.0,31,aft,67,571981288,58.07382305790024,0.17871171955821047,0.2833745165805667,1.7454193858995501,timeout,time_limit,360,-3.734205940200234,0.0,0.0,0.0,False,False,False,nan,nan,nan,nan,nan,nan,nan,nan,nan,0,0.0,False,0,3.12.3,2.5.2,2.13.0,2.9.0,1.3.0,3.2.7,e9fa15cc35312a5c1ecf0c42668a690b5061c090,7ebad1ecabd28a7000add2d05f888aa2e837c2cc,cf2x,240,30,12.0,0.5,1,36,DATTA-BASAK,2026-09-22T14:45:40+00:00
hover,SS3,frigate,90.0,0.0,30,aft,68,1933719545,21.660135043812584,0.21061297453312694,0.13446146248517876,1.7011218163231265,timeout,time_limit,360,-3.6679706154816976,0.0,0.0,0.0,False,False,False,nan,nan,nan,nan,nan,nan,nan,nan,nan,0,0.0,False,0,3.12.3,2.5.2,2.13.0,2.9.0,1.3.0,3.2.7,e9fa15cc35312a5c1ecf0c42668a690b5061c090,7ebad1ecabd28a7000add2d05f888aa2e837c2cc,cf2x,240,30,12.0,0.5,1,36,DATTA-BASAK,2026-09-22T14:45:40+00:00
hover,SS3,frigate,90.0,0.0,28,aft,69,530662769,104.85684149923061,-0.20698124125323036,-0.038052117436455535,1.7158161993891698,timeout,time_limit,360,-3.608215355140089,0.0,0.0,0.0,False,False,False,nan,nan,nan,nan,nan,nan,nan,nan,nan,0,0.0,False,0,3.12.3,2.5.2,2.13.0,2.9.0,1.3.0,3.2.7,e9fa15cc35312a5c1ecf0c42668a690b5061c090,7ebad1ecabd28a7000add2d05f888aa2e837c2cc,cf2x,240,30,12.0,0.5,1,36,DATTA-BASAK,2026-09-22T14:45:40+00:00
hover,SS3,frigate,180.0,0.0,28,aft,70,1803325934,41.08981309369503,-0.2985417623949744,-0.28949587415879385,1.7531502859709278,timeout,time_limit,360,-3.7313204445671886,0.0,0.0,0.0,False,False,False,nan,nan,nan,nan,nan,nan,nan,nan,nan,0,0.0,False,0,3.12.3,2.5.2,2.13.0,2.9.0,1.3.0,3.2.7,e9fa15cc35312a5c1ecf0c42668a690b5061c090,7ebad1ecabd28a7000add2d05f888aa2e837c2cc,cf2x,240,30,12.0,0.5,1,36,DATTA-BASAK,2026-09-22T14:45:40+00:00
hover,SS3,frigate,135.0,6.0,27,aft,71,1024053213,29.166139785700835,0.11322236688151766,-0.06850356985297396,1.6215354538757119,timeout,time_limit,360,-3.4671954869283965,0.0,0.0,0.0,False,False,False,nan,nan,nan,nan,nan,nan,nan,nan,nan,0,0.0,False,0,3.12.3,2.5.2,2.13.0,2.9.0,1.3.0,3.2.7,e9fa15cc35312a5c1ecf0c42668a690b5061c090,7ebad1ecabd28a7000add2d05f888aa2e837c2cc,cf2x,240,30,12.0,0.5,1,36,DATTA-BASAK,2026-09-22T14:45:40+00:00
hover,SS3,frigate,135.0,0.0,31,aft,72,1448413602,38.63235019401104,0.2566514802460074,0.07529846437804522,1.73707379696129,timeout,time_limit,360,-3.7692758859402633,0.0,0.0,0.0,False,False,False,nan,nan,nan,nan,nan,nan,nan,nan,nan,0,0.0,False,0,3.12.3,2.5.2,2.13.0,2.9.0,1.3.0,3.2.7,e9fa15cc35312a5c1ecf0c42668a690b5061c090,7ebad1ecabd28a7000add2d05f888aa2e837c2cc,cf2x,240,30,12.0,0.5,1,36,DATTA-BASAK,2026-09-22T14:45:40+00:00
hover,SS3,frigate,135.0,0.0,31,aft,73,525597350,47.20474593056415,-0.025179493786276208,0.047591803587440806,1.9661483540607236,timeout,time_limit,360,-3.5489580836045644,0.0,0.0,0.0,False,False,False,nan,nan,nan,nan,nan,nan,nan,nan,nan,0,0.0,False,0,3.12.3,2.5.2,2.13.0,2.9.0,1.3.0,3.2.7,e9fa15cc35312a5c1ecf0c42668a690b5061c090,7ebad1ecabd28a7000add2d05f888aa2e837c2cc,cf2x,240,30,12.0,0.5,1,36,DATTA-BASAK,2026-09-22T14:45:40+00:00
hover,SS3,frigate,135.0,0.0,28,aft,74,66788216,100.35901564756584,0.23311779727045862,-0.29680865563466824,1.8538605065860552,timeout,time_limit,360,-3.6861694598994013,0.0,0.0,0.0,False,False,False,nan,nan,nan,nan,nan,nan,nan,nan,nan,0,0.0,False,0,3.12.3,2.5.2,2.13.0,2.9.0,1.3.0,3.2.7,e9fa15cc35312a5c1ecf0c42668a690b5061c090,7ebad1ecabd28a7000add2d05f888aa2e837c2cc,cf2x,240,30,12.0,0.5,1,36,DATTA-BASAK,2026-09-22T14:45:40+00:00
hover,SS3,frigate,135.0,0.0,29,aft,75,982397301,24.89045547704974,0.28174545013606894,0.2604267918545385,1.7453890958340148,timeout,time_limit,360,-3.7172311275465173,0.0,0.0,0.0,False,False,False,nan,nan,nan,nan,nan,nan,nan,nan,nan,0,0.0,False,0,3.12.3,2.5.2,2.13.0,2.9.0,1.3.0,3.2.7,e9fa15cc35312a5c1ecf0c42668a690b5061c090,7ebad1ecabd28a7000add2d05f888aa2e837c2cc,cf2x,240,30,12.0,0.5,1,36,DATTA-BASAK,2026-09-22T14:45:40+00:00
hover,SS3,frigate,90.0,12.0,28,aft,76,934873078,79.34945788098912,0.22412606525018935,-0.03737389781560757,1.7386547547483717,timeout,time_limit,360,-3.5628889242463435,0.0,0.0,0.0,False,False,False,nan,nan,nan,nan,nan,nan,nan,nan,nan,0,0.0,False,0,3.12.3,2.5.2,2.13.0,2.9.0,1.3.0,3.2.7,e9fa15cc35312a5c1ecf0c42668a690b5061c090,7ebad1ecabd28a7000add2d05f888aa2e837c2cc,cf2x,240,30,12.0,0.5,1,36,DATTA-BASAK,2026-09-22T14:45:40+00:00
hover,SS3,frigate,180.0,6.0,30,aft,77,36923240,28.035995225016293,-0.10510007792473128,-0.03868452248472237,1.6533506823202537,timeout,time_limit,360,-3.686260109845328,0.0,0.0,0.0,False,False,False,nan,nan,nan,nan,nan,nan,nan,nan,nan,0,0.0,False,0,3.12.3,2.5.2,2.13.0,2.9.0,1.3.0,3.2.7,e9fa15cc35312a5c1ecf0c42668a690b5061c090,7ebad1ecabd28a7000add2d05f888aa2e837c2cc,cf2x,240,30,12.0,0.5,1,36,DATTA-BASAK,2026-09-22T14:45:40+00:00
hover,SS3,frigate,135.0,6.0,29,aft,78,624480539,36.29381086399057,0.2502784633205449,-0.11217470090001394,1.7112969415375983,timeout,time_limit,360,-3.798032350015422,0.0,0.0,0.0,False,False,False,nan,nan,nan,nan,nan,nan,nan,nan,nan,0,0.0,False,0,3.12.3,2.5.2,2.13.0,2.9.0,1.3.0,3.2.7,e9fa15cc35312a5c1ecf0c42668a690b5061c090,7ebad1ecabd28a7000add2d05f888aa2e837c2cc,cf2x,240,30,12.0,0.5,1,36,DATTA-BASAK,2026-09-22T14:45:40+00:00
hover,SS3,frigate,135.0,12.0,27,aft,79,1909577832,93.08398652619232,0.23144603670848868,0.020884668871830825,1.6814034567264615,timeout,time_limit,360,-3.5962069099270586,0.0,0.0,0.0,False,False,False,nan,nan,nan,nan,nan,nan,nan,nan,nan,0,0.0,False,0,3.12.3,2.5.2,2.13.0,2.9.0,1.3.0,3.2.7,e9fa15cc35312a5c1ecf0c42668a690b5061c090,7ebad1ecabd28a7000add2d05f888aa2e837c2cc,cf2x,240,30,12.0,0.5,1,36,DATTA-BASAK,2026-09-22T14:45:40+00:00
hover,SS3,frigate,90.0,12.0,29,aft,80,1636734214,96.0799694909785,-0.0347841015245523,0.16437263276339548,1.6495982966420981,timeout,time_limit,360,-3.5958031322821364,0.0,0.0,0.0,False,False,False,nan,nan,nan,nan,nan,nan,nan,nan,nan,0,0.0,False,0,3.12.3,2.5.2,2.13.0,2.9.0,1.3.0,3.2.7,e9fa15cc35312a5c1ecf0c42668a690b5061c090,7ebad1ecabd28a7000add2d05f888aa2e837c2cc,cf2x,240,30,12.0,0.5,1,36,DATTA-BASAK,2026-09-22T14:45:40+00:00
hover,SS3,frigate,45.0,0.0,28,aft,81,60915364,26.805012407543593,0.19270915561194663,-0.2052678175525341,1.667197922366391,timeout,time_limit,360,-3.384389734289292,0.0,0.0,0.0,False,False,False,nan,nan,nan,nan,nan,nan,nan,nan,nan,0,0.0,False,0,3.12.3,2.5.2,2.13.0,2.9.0,1.3.0,3.2.7,e9fa15cc35312a5c1ecf0c42668a690b5061c090,7ebad1ecabd28a7000add2d05f888aa2e837c2cc,cf2x,240,30,12.0,0.5,1,36,DATTA-BASAK,2026-09-22T14:45:40+00:00
hover,SS3,frigate,90.0,12.0,31,aft,82,1363281547,100.48420143783538,0.2320095656130831,0.25004402976429,1.8684853661070169,timeout,time_limit,360,-3.5725398128798878,0.0,0.0,0.0,False,False,False,nan,nan,nan,nan,nan,nan,nan,nan,nan,0,0.0,False,0,3.12.3,2.5.2,2.13.0,2.9.0,1.3.0,3.2.7,e9fa15cc35312a5c1ecf0c42668a690b5061c090,7ebad1ecabd28a7000add2d05f888aa2e837c2cc,cf2x,240,30,12.0,0.5,1,36,DATTA-BASAK,2026-09-22T14:45:40+00:00
hover,SS3,frigate,180.0,0.0,27,aft,83,2114950000,45.38854145721599,-0.08312466645626795,0.13994911098129337,1.8671436418926866,timeout,time_limit,360,-3.680687003205809,0.0,0.0,0.0,False,False,False,nan,nan,nan,nan,nan,nan,nan,nan,nan,0,0.0,False,0,3.12.3,2.5.2,2.13.0,2.9.0,1.3.0,3.2.7,e9fa15cc35312a5c1ecf0c42668a690b5061c090,7ebad1ecabd28a7000add2d05f888aa2e837c2cc,cf2x,240,30,12.0,0.5,1,36,DATTA-BASAK,2026-09-22T14:45:40+00:00
hover,SS3,frigate,135.0,6.0,30,aft,84,1016651687,11.161867799881165,0.029911746610382706,-0.02240398836505103,1.7648455471544082,timeout,time_limit,360,-3.8866370829399375,0.0,0.0,0.0,False,False,False,nan,nan,nan,nan,nan,nan,nan,nan,nan,0,0.0,False,0,3.12.3,2.5.2,2.13.0,2.9.0,1.3.0,3.2.7,e9fa15cc35312a5c1ecf0c42668a690b5061c090,7ebad1ecabd28a7000add2d05f888aa2e837c2cc,cf2x,240,30,12.0,0.5,1,36,DATTA-BASAK,2026-09-22T14:45:40+00:00
hover,SS3,frigate,180.0,0.0,28,aft,85,1170160718,30.84163280740562,-0.24285090796426112,0.09870281142233478,1.8362183337090092,timeout,time_limit,360,-3.3130541315316826,0.0,0.0,0.0,False,False,False,nan,nan,nan,nan,nan,nan,nan,nan,nan,0,0.0,False,0,3.12.3,2.5.2,2.13.0,2.9.0,1.3.0,3.2.7,e9fa15cc35312a5c1ecf0c42668a690b5061c090,7ebad1ecabd28a7000add2d05f888aa2e837c2cc,cf2x,240,30,12.0,0.5,1,36,DATTA-BASAK,2026-09-22T14:45:40+00:00
hover,SS3,frigate,180.0,12.0,31,aft,86,654322667,72.52225112185515,0.2746777961055585,0.004651248283230325,1.7575019032756607,timeout,time_limit,360,-3.54510015794627,0.0,0.0,0.0,False,False,False,nan,nan,nan,nan,nan,nan,nan,nan,nan,0,0.0,False,0,3.12.3,2.5.2,2.13.0,2.9.0,1.3.0,3.2.7,e9fa15cc35312a5c1ecf0c42668a690b5061c090,7ebad1ecabd28a7000add2d05f888aa2e837c2cc,cf2x,240,30,12.0,0.5,1,36,DATTA-BASAK,2026-09-22T14:45:40+00:00
hover,SS3,frigate,90.0,0.0,27,aft,87,297007660,97.02478702406533,-0.09529335238640038,0.2229601808266763,1.776677650705687,timeout,time_limit,360,-3.6040004800886996,0.0,0.0,0.0,False,False,False,nan,nan,nan,nan,nan,nan,nan,nan,nan,0,0.0,False,0,3.12.3,2.5.2,2.13.0,2.9.0,1.3.0,3.2.7,e9fa15cc35312a5c1ecf0c42668a690b5061c090,7ebad1ecabd28a7000add2d05f888aa2e837c2cc,cf2x,240,30,12.0,0.5,1,36,DATTA-BASAK,2026-09-22T14:45:40+00:00
hover,SS3,frigate,135.0,0.0,30,aft,88,719306971,89.39819482512901,-0.22914132691645334,-0.24595421461704592,1.845762477207007,timeout,time_limit,360,-3.532769984459638,0.0,0.0,0.0,False,False,False,nan,nan,nan,nan,nan,nan,nan,nan,nan,0,0.0,False,0,3.12.3,2.5.2,2.13.0,2.9.0,1.3.0,3.2.7,e9fa15cc35312a5c1ecf0c42668a690b5061c090,7ebad1ecabd28a7000add2d05f888aa2e837c2cc,cf2x,240,30,12.0,0.5,1,36,DATTA-BASAK,2026-09-22T14:45:40+00:00
hover,SS3,frigate,135.0,12.0,31,aft,89,218417968,17.878414368239163,0.28368972092891204,-0.27880058329519086,1.6905372282725526,timeout,time_limit,360,-3.5366347017819084,0.0,0.0,0.0,False,False,False,nan,nan,nan,nan,nan,nan,nan,nan,nan,0,0.0,False,0,3.12.3,2.5.2,2.13.0,2.9.0,1.3.0,3.2.7,e9fa15cc35312a5c1ecf0c42668a690b5061c090,7ebad1ecabd28a7000add2d05f888aa2e837c2cc,cf2x,240,30,12.0,0.5,1,36,DATTA-BASAK,2026-09-22T14:45:40+00:00
hover,SS3,frigate,135.0,0.0,30,aft,90,1490475847,58.45274444525838,-0.24494323504552046,-0.25637434338606935,1.7397707332732335,timeout,time_limit,360,-3.406326990342189,0.0,0.0,0.0,False,False,False,nan,nan,nan,nan,nan,nan,nan,nan,nan,0,0.0,False,0,3.12.3,2.5.2,2.13.0,2.9.0,1.3.0,3.2.7,e9fa15cc35312a5c1ecf0c42668a690b5061c090,7ebad1ecabd28a7000add2d05f888aa2e837c2cc,cf2x,240,30,12.0,0.5,1,36,DATTA-BASAK,2026-09-22T14:45:40+00:00
hover,SS3,frigate,135.0,0.0,28,aft,91,1314540747,83.16496046674918,-0.2923414126783413,-0.11476281549348563,1.8484673363564106,timeout,time_limit,360,-3.734290836137891,0.0,0.0,0.0,False,False,False,nan,nan,nan,nan,nan,nan,nan,nan,nan,0,0.0,False,0,3.12.3,2.5.2,2.13.0,2.9.0,1.3.0,3.2.7,e9fa15cc35312a5c1ecf0c42668a690b5061c090,7ebad1ecabd28a7000add2d05f888aa2e837c2cc,cf2x,240,30,12.0,0.5,1,36,DATTA-BASAK,2026-09-22T14:45:40+00:00
hover,SS3,frigate,180.0,6.0,27,aft,92,1324633910,48.655937713861164,0.043205325887631874,0.24543158877772248,1.683358436092436,timeout,time_limit,360,-3.423626340714347,0.0,0.0,0.0,False,False,False,nan,nan,nan,nan,nan,nan,nan,nan,nan,0,0.0,False,0,3.12.3,2.5.2,2.13.0,2.9.0,1.3.0,3.2.7,e9fa15cc35312a5c1ecf0c42668a690b5061c090,7ebad1ecabd28a7000add2d05f888aa2e837c2cc,cf2x,240,30,12.0,0.5,1,36,DATTA-BASAK,2026-09-22T14:45:40+00:00
hover,SS3,frigate,135.0,12.0,27,aft,93,1282571761,103.39766432193706,0.0619363979511387,-0.1278270237415066,1.924338768960021,timeout,time_limit,360,-3.731785812210494,0.0,0.0,0.0,False,False,False,nan,nan,nan,nan,nan,nan,nan,nan,nan,0,0.0,False,0,3.12.3,2.5.2,2.13.0,2.9.0,1.3.0,3.2.7,e9fa15cc35312a5c1ecf0c42668a690b5061c090,7ebad1ecabd28a7000add2d05f888aa2e837c2cc,cf2x,240,30,12.0,0.5,1,36,DATTA-BASAK,2026-09-22T14:45:40+00:00
hover,SS3,frigate,45.0,6.0,30,aft,94,260876832,98.8085100410959,-0.10108542519475563,0.17536956308783608,1.9341281934369663,timeout,time_limit,360,-3.7381520698593955,0.0,0.0,0.0,False,False,False,nan,nan,nan,nan,nan,nan,nan,nan,nan,0,0.0,False,0,3.12.3,2.5.2,2.13.0,2.9.0,1.3.0,3.2.7,e9fa15cc35312a5c1ecf0c42668a690b5061c090,7ebad1ecabd28a7000add2d05f888aa2e837c2cc,cf2x,240,30,12.0,0.5,1,36,DATTA-BASAK,2026-09-22T14:45:40+00:00
hover,SS3,frigate,135.0,12.0,27,aft,95,2072764770,34.62478132359374,0.14976365719148527,-0.2483425943142785,1.846659631354179,timeout,time_limit,360,-3.5953487813054914,0.0,0.0,0.0,False,False,False,nan,nan,nan,nan,nan,nan,nan,nan,nan,0,0.0,False,0,3.12.3,2.5.2,2.13.0,2.9.0,1.3.0,3.2.7,e9fa15cc35312a5c1ecf0c42668a690b5061c090,7ebad1ecabd28a7000add2d05f888aa2e837c2cc,cf2x,240,30,12.0,0.5,1,36,DATTA-BASAK,2026-09-22T14:45:40+00:00
hover,SS3,frigate,135.0,6.0,27,aft,96,710912281,94.44186180264496,0.06417163152173166,0.12139001156115348,1.697601891165569,timeout,time_limit,360,-3.665557657926964,0.0,0.0,0.0,False,False,False,nan,nan,nan,nan,nan,nan,nan,nan,nan,0,0.0,False,0,3.12.3,2.5.2,2.13.0,2.9.0,1.3.0,3.2.7,e9fa15cc35312a5c1ecf0c42668a690b5061c090,7ebad1ecabd28a7000add2d05f888aa2e837c2cc,cf2x,240,30,12.0,0.5,1,36,DATTA-BASAK,2026-09-22T14:45:40+00:00
hover,SS3,frigate,90.0,6.0,30,aft,97,508696096,12.659693362193783,-0.28604907037984506,-0.039929799773611385,1.8947193208013346,timeout,time_limit,360,-3.6034493700188364,0.0,0.0,0.0,False,False,False,nan,nan,nan,nan,nan,nan,nan,nan,nan,0,0.0,False,0,3.12.3,2.5.2,2.13.0,2.9.0,1.3.0,3.2.7,e9fa15cc35312a5c1ecf0c42668a690b5061c090,7ebad1ecabd28a7000add2d05f888aa2e837c2cc,cf2x,240,30,12.0,0.5,1,36,DATTA-BASAK,2026-09-22T14:45:40+00:00
hover,SS3,frigate,90.0,0.0,27,aft,98,32248523,77.64389064983725,0.10461833624046518,-0.029648955655670606,1.8928944862535202,timeout,time_limit,360,-3.601522033367419,0.0,0.0,0.0,False,False,False,nan,nan,nan,nan,nan,nan,nan,nan,nan,0,0.0,False,0,3.12.3,2.5.2,2.13.0,2.9.0,1.3.0,3.2.7,e9fa15cc35312a5c1ecf0c42668a690b5061c090,7ebad1ecabd28a7000add2d05f888aa2e837c2cc,cf2x,240,30,12.0,0.5,1,36,DATTA-BASAK,2026-09-22T14:45:40+00:00
hover,SS3,frigate,135.0,6.0,27,aft,99,1346916698,64.84202879674096,-0.1268416059047853,0.2915812553208173,1.891346849536565,timeout,time_limit,360,-3.5924897394422186,0.0,0.0,0.0,False,False,False,nan,nan,nan,nan,nan,nan,nan,nan,nan,0,0.0,False,0,3.12.3,2.5.2,2.13.0,2.9.0,1.3.0,3.2.7,e9fa15cc35312a5c1ecf0c42668a690b5061c090,7ebad1ecabd28a7000add2d05f888aa2e837c2cc,cf2x,240,30,12.0,0.5,1,36,DATTA-BASAK,2026-09-22T14:45:40+00:00
hover,SS3,frigate,180.0,0.0,27,aft,100,1316029742,18.939869353699855,-0.27309199084268737,0.06812464698026177,1.6573826634731175,timeout,time_limit,360,-4.126992828514075,0.0,0.0,0.0,False,False,False,nan,nan,nan,nan,nan,nan,nan,nan,nan,0,0.0,False,0,3.12.3,2.5.2,2.13.0,2.9.0,1.3.0,3.2.7,e9fa15cc35312a5c1ecf0c42668a690b5061c090,7ebad1ecabd28a7000add2d05f888aa2e837c2cc,cf2x,240,30,12.0,0.5,1,36,DATTA-BASAK,2026-09-22T14:45:40+00:00
hover,SS3,frigate,90.0,12.0,29,aft,101,1145844193,5.376241586635484,0.056751493498461314,-0.18066914818263785,1.843742566819199,timeout,time_limit,360,-3.580422625288529,0.0,0.0,0.0,False,False,False,nan,nan,nan,nan,nan,nan,nan,nan,nan,0,0.0,False,0,3.12.3,2.5.2,2.13.0,2.9.0,1.3.0,3.2.7,e9fa15cc35312a5c1ecf0c42668a690b5061c090,7ebad1ecabd28a7000add2d05f888aa2e837c2cc,cf2x,240,30,12.0,0.5,1,36,DATTA-BASAK,2026-09-22T14:45:40+00:00
hover,SS3,frigate,180.0,0.0,31,aft,102,2144238339,104.29895487499726,-0.1550654371223344,0.28229890977183186,1.7176875048179217,timeout,time_limit,360,-3.4725712053638924,0.0,0.0,0.0,False,False,False,nan,nan,nan,nan,nan,nan,nan,nan,nan,0,0.0,False,0,3.12.3,2.5.2,2.13.0,2.9.0,1.3.0,3.2.7,e9fa15cc35312a5c1ecf0c42668a690b5061c090,7ebad1ecabd28a7000add2d05f888aa2e837c2cc,cf2x,240,30,12.0,0.5,1,36,DATTA-BASAK,2026-09-22T14:45:40+00:00
hover,SS3,frigate,90.0,12.0,30,aft,103,93216004,18.681481485278148,0.06089158827970553,0.16562958677123918,1.8571001677736236,timeout,time_limit,360,-3.642577294331667,0.0,0.0,0.0,False,False,False,nan,nan,nan,nan,nan,nan,nan,nan,nan,0,0.0,False,0,3.12.3,2.5.2,2.13.0,2.9.0,1.3.0,3.2.7,e9fa15cc35312a5c1ecf0c42668a690b5061c090,7ebad1ecabd28a7000add2d05f888aa2e837c2cc,cf2x,240,30,12.0,0.5,1,36,DATTA-BASAK,2026-09-22T14:45:40+00:00
hover,SS3,frigate,90.0,6.0,30,aft,104,1529983317,86.63569909471079,-0.055925380058640284,0.12610982141922433,1.9485791900925171,timeout,time_limit,360,-3.6729327065317268,0.0,0.0,0.0,False,False,False,nan,nan,nan,nan,nan,nan,nan,nan,nan,0,0.0,False,0,3.12.3,2.5.2,2.13.0,2.9.0,1.3.0,3.2.7,e9fa15cc35312a5c1ecf0c42668a690b5061c090,7ebad1ecabd28a7000add2d05f888aa2e837c2cc,cf2x,240,30,12.0,0.5,1,36,DATTA-BASAK,2026-09-22T14:45:40+00:00
hover,SS3,frigate,90.0,6.0,28,aft,105,1032700448,64.83625749258715,0.23207908216351975,-0.06859972410956974,1.9319832508227015,timeout,time_limit,360,-3.6138740412076067,0.0,0.0,0.0,False,False,False,nan,nan,nan,nan,nan,nan,nan,nan,nan,0,0.0,False,0,3.12.3,2.5.2,2.13.0,2.9.0,1.3.0,3.2.7,e9fa15cc35312a5c1ecf0c42668a690b5061c090,7ebad1ecabd28a7000add2d05f888aa2e837c2cc,cf2x,240,30,12.0,0.5,1,36,DATTA-BASAK,2026-09-22T14:45:40+00:00
hover,SS3,frigate,180.0,0.0,31,aft,106,166481833,45.6632247413068,-0.0030849103250584764,0.04248432107289546,1.8843457031859758,timeout,time_limit,360,-3.7135931985434545,0.0,0.0,0.0,False,False,False,nan,nan,nan,nan,nan,nan,nan,nan,nan,0,0.0,False,0,3.12.3,2.5.2,2.13.0,2.9.0,1.3.0,3.2.7,e9fa15cc35312a5c1ecf0c42668a690b5061c090,7ebad1ecabd28a7000add2d05f888aa2e837c2cc,cf2x,240,30,12.0,0.5,1,36,DATTA-BASAK,2026-09-22T14:45:40+00:00
hover,SS3,frigate,90.0,6.0,30,aft,107,1602668060,92.6890451731348,0.17949889468467173,-0.25367911977448904,1.7057451560032006,timeout,time_limit,360,-3.580328925715249,0.0,0.0,0.0,False,False,False,nan,nan,nan,nan,nan,nan,nan,nan,nan,0,0.0,False,0,3.12.3,2.5.2,2.13.0,2.9.0,1.3.0,3.2.7,e9fa15cc35312a5c1ecf0c42668a690b5061c090,7ebad1ecabd28a7000add2d05f888aa2e837c2cc,cf2x,240,30,12.0,0.5,1,36,DATTA-BASAK,2026-09-22T14:45:40+00:00
hover,SS3,frigate,135.0,12.0,27,aft,108,156784467,97.14711671770253,-0.25731707936042275,-0.1528550941829335,1.8456891956747363,timeout,time_limit,360,-3.6587554674345144,0.0,0.0,0.0,False,False,False,nan,nan,nan,nan,nan,nan,nan,nan,nan,0,0.0,False,0,3.12.3,2.5.2,2.13.0,2.9.0,1.3.0,3.2.7,e9fa15cc35312a5c1ecf0c42668a690b5061c090,7ebad1ecabd28a7000add2d05f888aa2e837c2cc,cf2x,240,30,12.0,0.5,1,36,DATTA-BASAK,2026-09-22T14:45:40+00:00
hover,SS3,frigate,180.0,12.0,29,aft,109,1844400069,104.94033628517751,-0.05287730939066537,-0.028131359152462065,1.891206279664056,timeout,time_limit,360,-3.6524463709036663,0.0,0.0,0.0,False,False,False,nan,nan,nan,nan,nan,nan,nan,nan,nan,0,0.0,False,0,3.12.3,2.5.2,2.13.0,2.9.0,1.3.0,3.2.7,e9fa15cc35312a5c1ecf0c42668a690b5061c090,7ebad1ecabd28a7000add2d05f888aa2e837c2cc,cf2x,240,30,12.0,0.5,1,36,DATTA-BASAK,2026-09-22T14:45:40+00:00
hover,SS3,frigate,45.0,12.0,29,aft,110,1190798808,26.274444352494783,-0.22649348271787673,-0.2604024570535903,1.7246962498254672,timeout,time_limit,360,-3.5458245614273483,0.0,0.0,0.0,False,False,False,nan,nan,nan,nan,nan,nan,nan,nan,nan,0,0.0,False,0,3.12.3,2.5.2,2.13.0,2.9.0,1.3.0,3.2.7,e9fa15cc35312a5c1ecf0c42668a690b5061c090,7ebad1ecabd28a7000add2d05f888aa2e837c2cc,cf2x,240,30,12.0,0.5,1,36,DATTA-BASAK,2026-09-22T14:45:40+00:00
hover,SS3,frigate,45.0,0.0,27,aft,111,1827058352,40.05466888077417,0.2557485492771015,-0.2923462740345026,1.822203373450376,timeout,time_limit,360,-3.5139441811553485,0.0,0.0,0.0,False,False,False,nan,nan,nan,nan,nan,nan,nan,nan,nan,0,0.0,False,0,3.12.3,2.5.2,2.13.0,2.9.0,1.3.0,3.2.7,e9fa15cc35312a5c1ecf0c42668a690b5061c090,7ebad1ecabd28a7000add2d05f888aa2e837c2cc,cf2x,240,30,12.0,0.5,1,36,DATTA-BASAK,2026-09-22T14:45:40+00:00
hover,SS3,frigate,90.0,12.0,30,aft,112,274925064,57.540226662004684,-0.09139809150849076,0.21278146305899476,1.6242047405525473,timeout,time_limit,360,-3.6285635533624343,0.0,0.0,0.0,False,False,False,nan,nan,nan,nan,nan,nan,nan,nan,nan,0,0.0,False,0,3.12.3,2.5.2,2.13.0,2.9.0,1.3.0,3.2.7,e9fa15cc35312a5c1ecf0c42668a690b5061c090,7ebad1ecabd28a7000add2d05f888aa2e837c2cc,cf2x,240,30,12.0,0.5,1,36,DATTA-BASAK,2026-09-22T14:45:40+00:00
hover,SS3,frigate,180.0,0.0,29,aft,113,384268257,13.394867249017791,-0.2215923200605006,0.0471865374082418,1.7884058999298298,timeout,time_limit,360,-3.423326884427514,0.0,0.0,0.0,False,False,False,nan,nan,nan,nan,nan,nan,nan,nan,nan,0,0.0,False,0,3.12.3,2.5.2,2.13.0,2.9.0,1.3.0,3.2.7,e9fa15cc35312a5c1ecf0c42668a690b5061c090,7ebad1ecabd28a7000add2d05f888aa2e837c2cc,cf2x,240,30,12.0,0.5,1,36,DATTA-BASAK,2026-09-22T14:45:40+00:00
hover,SS3,frigate,45.0,6.0,27,aft,114,1762777293,50.20835601936843,-0.11345666649124905,-0.04331193127484573,1.9643137687796353,timeout,time_limit,360,-3.5114371895544796,0.0,0.0,0.0,False,False,False,nan,nan,nan,nan,nan,nan,nan,nan,nan,0,0.0,False,0,3.12.3,2.5.2,2.13.0,2.9.0,1.3.0,3.2.7,e9fa15cc35312a5c1ecf0c42668a690b5061c090,7ebad1ecabd28a7000add2d05f888aa2e837c2cc,cf2x,240,30,12.0,0.5,1,36,DATTA-BASAK,2026-09-22T14:45:40+00:00
hover,SS3,frigate,180.0,0.0,29,aft,115,808372680,89.06160989104619,0.13229934246605202,0.18606105268225076,1.8534062843795402,timeout,time_limit,360,-3.8208577727634854,0.0,0.0,0.0,False,False,False,nan,nan,nan,nan,nan,nan,nan,nan,nan,0,0.0,False,0,3.12.3,2.5.2,2.13.0,2.9.0,1.3.0,3.2.7,e9fa15cc35312a5c1ecf0c42668a690b5061c090,7ebad1ecabd28a7000add2d05f888aa2e837c2cc,cf2x,240,30,12.0,0.5,1,36,DATTA-BASAK,2026-09-22T14:45:40+00:00
hover,SS3,frigate,135.0,6.0,27,aft,116,2113066814,66.5298012383081,-0.19704595886225304,0.2623471334132654,1.8041466359513472,timeout,time_limit,360,-3.6758488045377793,0.0,0.0,0.0,False,False,False,nan,nan,nan,nan,nan,nan,nan,nan,nan,0,0.0,False,0,3.12.3,2.5.2,2.13.0,2.9.0,1.3.0,3.2.7,e9fa15cc35312a5c1ecf0c42668a690b5061c090,7ebad1ecabd28a7000add2d05f888aa2e837c2cc,cf2x,240,30,12.0,0.5,1,36,DATTA-BASAK,2026-09-22T14:45:40+00:00
hover,SS3,frigate,180.0,6.0,27,aft,117,1542009130,55.102550613936096,-0.16793922757163107,-0.21987188325273432,1.948492557004395,timeout,time_limit,360,-3.8286291166133695,0.0,0.0,0.0,False,False,False,nan,nan,nan,nan,nan,nan,nan,nan,nan,0,0.0,False,0,3.12.3,2.5.2,2.13.0,2.9.0,1.3.0,3.2.7,e9fa15cc35312a5c1ecf0c42668a690b5061c090,7ebad1ecabd28a7000add2d05f888aa2e837c2cc,cf2x,240,30,12.0,0.5,1,36,DATTA-BASAK,2026-09-22T14:45:40+00:00
hover,SS3,frigate,45.0,12.0,30,aft,118,841618487,84.98004600599171,-0.20118210773643008,0.17826654686950927,1.8714177833112238,timeout,time_limit,360,-3.7880460160482508,0.0,0.0,0.0,False,False,False,nan,nan,nan,nan,nan,nan,nan,nan,nan,0,0.0,False,0,3.12.3,2.5.2,2.13.0,2.9.0,1.3.0,3.2.7,e9fa15cc35312a5c1ecf0c42668a690b5061c090,7ebad1ecabd28a7000add2d05f888aa2e837c2cc,cf2x,240,30,12.0,0.5,1,36,DATTA-BASAK,2026-09-22T14:45:40+00:00
hover,SS3,frigate,180.0,0.0,30,aft,119,1959964948,21.17792060699928,0.10043471430932072,0.09804963370753661,1.9638765610721074,timeout,time_limit,360,-3.7886932787222483,0.0,0.0,0.0,False,False,False,nan,nan,nan,nan,nan,nan,nan,nan,nan,0,0.0,False,0,3.12.3,2.5.2,2.13.0,2.9.0,1.3.0,3.2.7,e9fa15cc35312a5c1ecf0c42668a690b5061c090,7ebad1ecabd28a7000add2d05f888aa2e837c2cc,cf2x,240,30,12.0,0.5,1,36,DATTA-BASAK,2026-09-22T14:45:40+00:00
hover,SS3,frigate,135.0,12.0,28,aft,120,1548398087,38.73095386594409,0.14852970326892545,0.21720214990349912,1.7429898953445953,timeout,time_limit,360,-3.5977479021307412,0.0,0.0,0.0,False,False,False,nan,nan,nan,nan,nan,nan,nan,nan,nan,0,0.0,False,0,3.12.3,2.5.2,2.13.0,2.9.0,1.3.0,3.2.7,e9fa15cc35312a5c1ecf0c42668a690b5061c090,7ebad1ecabd28a7000add2d05f888aa2e837c2cc,cf2x,240,30,12.0,0.5,1,36,DATTA-BASAK,2026-09-22T14:45:40+00:00
hover,SS3,frigate,45.0,12.0,29,aft,121,1940587062,84.07969294270552,0.2530934003971292,-0.07556107204874724,1.8901580955580786,timeout,time_limit,360,-3.4835983669074495,0.0,0.0,0.0,False,False,False,nan,nan,nan,nan,nan,nan,nan,nan,nan,0,0.0,False,0,3.12.3,2.5.2,2.13.0,2.9.0,1.3.0,3.2.7,e9fa15cc35312a5c1ecf0c42668a690b5061c090,7ebad1ecabd28a7000add2d05f888aa2e837c2cc,cf2x,240,30,12.0,0.5,1,36,DATTA-BASAK,2026-09-22T14:45:40+00:00
hover,SS3,frigate,180.0,12.0,27,aft,122,1208411664,52.03583620459786,-0.20955798137149456,0.21627942967850805,1.8570905274218785,timeout,time_limit,360,-3.7990303440880684,0.0,0.0,0.0,False,False,False,nan,nan,nan,nan,nan,nan,nan,nan,nan,0,0.0,False,0,3.12.3,2.5.2,2.13.0,2.9.0,1.3.0,3.2.7,e9fa15cc35312a5c1ecf0c42668a690b5061c090,7ebad1ecabd28a7000add2d05f888aa2e837c2cc,cf2x,240,30,12.0,0.5,1,36,DATTA-BASAK,2026-09-22T14:45:40+00:00
hover,SS3,frigate,135.0,12.0,27,aft,123,109947667,66.63513661606925,0.06190638463468168,-0.061668799404390406,1.8606182008103256,timeout,time_limit,360,-3.616495270588236,0.0,0.0,0.0,False,False,False,nan,nan,nan,nan,nan,nan,nan,nan,nan,0,0.0,False,0,3.12.3,2.5.2,2.13.0,2.9.0,1.3.0,3.2.7,e9fa15cc35312a5c1ecf0c42668a690b5061c090,7ebad1ecabd28a7000add2d05f888aa2e837c2cc,cf2x,240,30,12.0,0.5,1,36,DATTA-BASAK,2026-09-22T14:45:40+00:00
hover,SS3,frigate,135.0,0.0,28,aft,124,1341527712,38.79857169739639,0.14853640450204614,-0.26320440208492296,1.7544602896347299,timeout,time_limit,360,-3.7338651060078023,0.0,0.0,0.0,False,False,False,nan,nan,nan,nan,nan,nan,nan,nan,nan,0,0.0,False,0,3.12.3,2.5.2,2.13.0,2.9.0,1.3.0,3.2.7,e9fa15cc35312a5c1ecf0c42668a690b5061c090,7ebad1ecabd28a7000add2d05f888aa2e837c2cc,cf2x,240,30,12.0,0.5,1,36,DATTA-BASAK,2026-09-22T14:45:40+00:00
hover,SS3,frigate,180.0,12.0,27,aft,125,2001023696,9.371680838877943,-0.05520099170449605,0.06664268690334413,1.8289127918172983,timeout,time_limit,360,-3.4831050434063564,0.0,0.0,0.0,False,False,False,nan,nan,nan,nan,nan,nan,nan,nan,nan,0,0.0,False,0,3.12.3,2.5.2,2.13.0,2.9.0,1.3.0,3.2.7,e9fa15cc35312a5c1ecf0c42668a690b5061c090,7ebad1ecabd28a7000add2d05f888aa2e837c2cc,cf2x,240,30,12.0,0.5,1,36,DATTA-BASAK,2026-09-22T14:45:40+00:00
hover,SS3,frigate,45.0,0.0,31,aft,126,393087452,88.27384877880972,0.24691644319587386,0.04963312021893762,1.9667095023320385,timeout,time_limit,360,-3.8038701402492907,0.0,0.0,0.0,False,False,False,nan,nan,nan,nan,nan,nan,nan,nan,nan,0,0.0,False,0,3.12.3,2.5.2,2.13.0,2.9.0,1.3.0,3.2.7,e9fa15cc35312a5c1ecf0c42668a690b5061c090,7ebad1ecabd28a7000add2d05f888aa2e837c2cc,cf2x,240,30,12.0,0.5,1,36,DATTA-BASAK,2026-09-22T14:45:40+00:00
hover,SS3,frigate,135.0,0.0,31,aft,127,1763930736,87.59693163947595,-0.08590958256497919,-0.04855335037318648,1.6247410060310425,timeout,time_limit,360,-3.471825256660282,0.0,0.0,0.0,False,False,False,nan,nan,nan,nan,nan,nan,nan,nan,nan,0,0.0,False,0,3.12.3,2.5.2,2.13.0,2.9.0,1.3.0,3.2.7,e9fa15cc35312a5c1ecf0c42668a690b5061c090,7ebad1ecabd28a7000add2d05f888aa2e837c2cc,cf2x,240,30,12.0,0.5,1,36,DATTA-BASAK,2026-09-22T14:45:40+00:00
hover,SS3,frigate,45.0,12.0,27,aft,128,1080773507,104.48047212576701,-0.11983880282494316,0.1919017635561397,1.632519451109813,timeout,time_limit,360,-3.5507781312107265,0.0,0.0,0.0,False,False,False,nan,nan,nan,nan,nan,nan,nan,nan,nan,0,0.0,False,0,3.12.3,2.5.2,2.13.0,2.9.0,1.3.0,3.2.7,e9fa15cc35312a5c1ecf0c42668a690b5061c090,7ebad1ecabd28a7000add2d05f888aa2e837c2cc,cf2x,240,30,12.0,0.5,1,36,DATTA-BASAK,2026-09-22T14:45:40+00:00
hover,SS3,frigate,180.0,6.0,31,aft,129,122508647,102.19719901630567,0.08286455558179379,0.0995114558323753,1.9464543234192224,timeout,time_limit,360,-3.355563836244804,0.0,0.0,0.0,False,False,False,nan,nan,nan,nan,nan,nan,nan,nan,nan,0,0.0,False,0,3.12.3,2.5.2,2.13.0,2.9.0,1.3.0,3.2.7,e9fa15cc35312a5c1ecf0c42668a690b5061c090,7ebad1ecabd28a7000add2d05f888aa2e837c2cc,cf2x,240,30,12.0,0.5,1,36,DATTA-BASAK,2026-09-22T14:45:40+00:00
hover,SS3,frigate,90.0,0.0,29,aft,130,53075918,20.532541691571815,-0.24396466431548328,0.08499124014190507,1.7360574600771606,timeout,time_limit,360,-3.6130581483542774,0.0,0.0,0.0,False,False,False,nan,nan,nan,nan,nan,nan,nan,nan,nan,0,0.0,False,0,3.12.3,2.5.2,2.13.0,2.9.0,1.3.0,3.2.7,e9fa15cc35312a5c1ecf0c42668a690b5061c090,7ebad1ecabd28a7000add2d05f888aa2e837c2cc,cf2x,240,30,12.0,0.5,1,36,DATTA-BASAK,2026-09-22T14:45:40+00:00
hover,SS3,frigate,90.0,0.0,30,aft,131,1652279995,104.85191300659632,0.2836545543221238,0.21874542148538006,1.9639266368517125,timeout,time_limit,360,-3.5986562528473156,0.0,0.0,0.0,False,False,False,nan,nan,nan,nan,nan,nan,nan,nan,nan,0,0.0,False,0,3.12.3,2.5.2,2.13.0,2.9.0,1.3.0,3.2.7,e9fa15cc35312a5c1ecf0c42668a690b5061c090,7ebad1ecabd28a7000add2d05f888aa2e837c2cc,cf2x,240,30,12.0,0.5,1,36,DATTA-BASAK,2026-09-22T14:45:40+00:00
hover,SS3,frigate,90.0,12.0,27,aft,132,1182012273,66.00837252873973,0.0651393958508899,0.15005281930183084,1.7563089433085566,timeout,time_limit,360,-3.5712598335787167,0.0,0.0,0.0,False,False,False,nan,nan,nan,nan,nan,nan,nan,nan,nan,0,0.0,False,0,3.12.3,2.5.2,2.13.0,2.9.0,1.3.0,3.2.7,e9fa15cc35312a5c1ecf0c42668a690b5061c090,7ebad1ecabd28a7000add2d05f888aa2e837c2cc,cf2x,240,30,12.0,0.5,1,36,DATTA-BASAK,2026-09-22T14:45:40+00:00
hover,SS3,frigate,180.0,6.0,27,aft,133,42247785,74.96359457371267,-0.20094469156852707,0.08473704131532955,1.9577390231501304,timeout,time_limit,360,-3.5523233771276868,0.0,0.0,0.0,False,False,False,nan,nan,nan,nan,nan,nan,nan,nan,nan,0,0.0,False,0,3.12.3,2.5.2,2.13.0,2.9.0,1.3.0,3.2.7,e9fa15cc35312a5c1ecf0c42668a690b5061c090,7ebad1ecabd28a7000add2d05f888aa2e837c2cc,cf2x,240,30,12.0,0.5,1,36,DATTA-BASAK,2026-09-22T14:45:40+00:00
hover,SS3,frigate,45.0,0.0,28,aft,134,2034405389,93.22559728372181,-0.18851969896374082,0.24154206921982108,1.8884769079336348,timeout,time_limit,360,-3.5495946318285427,0.0,0.0,0.0,False,False,False,nan,nan,nan,nan,nan,nan,nan,nan,nan,0,0.0,False,0,3.12.3,2.5.2,2.13.0,2.9.0,1.3.0,3.2.7,e9fa15cc35312a5c1ecf0c42668a690b5061c090,7ebad1ecabd28a7000add2d05f888aa2e837c2cc,cf2x,240,30,12.0,0.5,1,36,DATTA-BASAK,2026-09-22T14:45:40+00:00
hover,SS3,frigate,135.0,12.0,29,aft,135,1850177410,9.21422123491503,-0.26700777137579645,0.23149716612128463,1.6293116345533187,timeout,time_limit,360,-3.6170212696016364,0.0,0.0,0.0,False,False,False,nan,nan,nan,nan,nan,nan,nan,nan,nan,0,0.0,False,0,3.12.3,2.5.2,2.13.0,2.9.0,1.3.0,3.2.7,e9fa15cc35312a5c1ecf0c42668a690b5061c090,7ebad1ecabd28a7000add2d05f888aa2e837c2cc,cf2x,240,30,12.0,0.5,1,36,DATTA-BASAK,2026-09-22T14:45:40+00:00
hover,SS3,frigate,45.0,6.0,30,aft,136,2092600561,86.25744216843755,-0.14987612690975963,0.22622721220588365,1.7956707653080908,timeout,time_limit,360,-3.481418159183852,0.0,0.0,0.0,False,False,False,nan,nan,nan,nan,nan,nan,nan,nan,nan,0,0.0,False,0,3.12.3,2.5.2,2.13.0,2.9.0,1.3.0,3.2.7,e9fa15cc35312a5c1ecf0c42668a690b5061c090,7ebad1ecabd28a7000add2d05f888aa2e837c2cc,cf2x,240,30,12.0,0.5,1,36,DATTA-BASAK,2026-09-22T14:45:40+00:00
hover,SS3,frigate,135.0,12.0,29,aft,137,529660943,39.94637076891266,-0.2509668319437181,-0.14387427301784197,1.7281850119413564,timeout,time_limit,360,-3.6233097121760944,0.0,0.0,0.0,False,False,False,nan,nan,nan,nan,nan,nan,nan,nan,nan,0,0.0,False,0,3.12.3,2.5.2,2.13.0,2.9.0,1.3.0,3.2.7,e9fa15cc35312a5c1ecf0c42668a690b5061c090,7ebad1ecabd28a7000add2d05f888aa2e837c2cc,cf2x,240,30,12.0,0.5,1,36,DATTA-BASAK,2026-09-22T14:45:40+00:00
hover,SS3,frigate,135.0,6.0,30,aft,138,1091244866,61.063792990416076,0.2105081317650201,0.20773878354084768,1.6149400215942804,timeout,time_limit,360,-3.399049130974752,0.0,0.0,0.0,False,False,False,nan,nan,nan,nan,nan,nan,nan,nan,nan,0,0.0,False,0,3.12.3,2.5.2,2.13.0,2.9.0,1.3.0,3.2.7,e9fa15cc35312a5c1ecf0c42668a690b5061c090,7ebad1ecabd28a7000add2d05f888aa2e837c2cc,cf2x,240,30,12.0,0.5,1,36,DATTA-BASAK,2026-09-22T14:45:40+00:00
hover,SS3,frigate,180.0,6.0,27,aft,139,1010538722,104.32634775886811,-0.16470568255549406,-0.09879972711506094,1.6212506851635564,timeout,time_limit,360,-3.4650361555680944,0.0,0.0,0.0,False,False,False,nan,nan,nan,nan,nan,nan,nan,nan,nan,0,0.0,False,0,3.12.3,2.5.2,2.13.0,2.9.0,1.3.0,3.2.7,e9fa15cc35312a5c1ecf0c42668a690b5061c090,7ebad1ecabd28a7000add2d05f888aa2e837c2cc,cf2x,240,30,12.0,0.5,1,36,DATTA-BASAK,2026-09-22T14:45:40+00:00
hover,SS3,frigate,180.0,12.0,31,aft,140,1868440445,57.515708156026285,0.13513834079811005,-0.01476849245391898,1.6874628491829347,timeout,time_limit,360,-3.8675503414831605,0.0,0.0,0.0,False,False,False,nan,nan,nan,nan,nan,nan,nan,nan,nan,0,0.0,False,0,3.12.3,2.5.2,2.13.0,2.9.0,1.3.0,3.2.7,e9fa15cc35312a5c1ecf0c42668a690b5061c090,7ebad1ecabd28a7000add2d05f888aa2e837c2cc,cf2x,240,30,12.0,0.5,1,36,DATTA-BASAK,2026-09-22T14:45:40+00:00
hover,SS3,frigate,180.0,6.0,27,aft,141,464824536,94.54897582290154,0.03083634185533979,-0.20226676189269888,1.6065061381990642,timeout,time_limit,360,-3.5049643675620334,0.0,0.0,0.0,False,False,False,nan,nan,nan,nan,nan,nan,nan,nan,nan,0,0.0,False,0,3.12.3,2.5.2,2.13.0,2.9.0,1.3.0,3.2.7,e9fa15cc35312a5c1ecf0c42668a690b5061c090,7ebad1ecabd28a7000add2d05f888aa2e837c2cc,cf2x,240,30,12.0,0.5,1,36,DATTA-BASAK,2026-09-22T14:45:40+00:00
hover,SS3,frigate,135.0,6.0,29,aft,142,1351087740,14.990800455710438,-0.1994053557097365,0.17679619447005668,1.9147820735223482,timeout,time_limit,360,-3.6324408586115466,0.0,0.0,0.0,False,False,False,nan,nan,nan,nan,nan,nan,nan,nan,nan,0,0.0,False,0,3.12.3,2.5.2,2.13.0,2.9.0,1.3.0,3.2.7,e9fa15cc35312a5c1ecf0c42668a690b5061c090,7ebad1ecabd28a7000add2d05f888aa2e837c2cc,cf2x,240,30,12.0,0.5,1,36,DATTA-BASAK,2026-09-22T14:45:40+00:00
hover,SS3,frigate,135.0,0.0,28,aft,143,1350646296,20.713311268832488,-0.26096750076447717,-0.11252262661223397,1.8886691765759096,timeout,time_limit,360,-3.7731744922527244,0.0,0.0,0.0,False,False,False,nan,nan,nan,nan,nan,nan,nan,nan,nan,0,0.0,False,0,3.12.3,2.5.2,2.13.0,2.9.0,1.3.0,3.2.7,e9fa15cc35312a5c1ecf0c42668a690b5061c090,7ebad1ecabd28a7000add2d05f888aa2e837c2cc,cf2x,240,30,12.0,0.5,1,36,DATTA-BASAK,2026-09-22T14:45:40+00:00
hover,SS3,frigate,180.0,6.0,30,aft,144,2024195437,63.02899282554413,0.2886935945451538,0.03535770610576372,1.7384503628697463,timeout,time_limit,360,-3.847957197385389,0.0,0.0,0.0,False,False,False,nan,nan,nan,nan,nan,nan,nan,nan,nan,0,0.0,False,0,3.12.3,2.5.2,2.13.0,2.9.0,1.3.0,3.2.7,e9fa15cc35312a5c1ecf0c42668a690b5061c090,7ebad1ecabd28a7000add2d05f888aa2e837c2cc,cf2x,240,30,12.0,0.5,1,36,DATTA-BASAK,2026-09-22T14:45:40+00:00
hover,SS3,frigate,135.0,6.0,27,aft,145,823258197,12.958492556560294,-0.2524315431492658,0.03146507591311054,1.9958314141883078,timeout,time_limit,360,-3.482182881924668,0.0,0.0,0.0,False,False,False,nan,nan,nan,nan,nan,nan,nan,nan,nan,0,0.0,False,0,3.12.3,2.5.2,2.13.0,2.9.0,1.3.0,3.2.7,e9fa15cc35312a5c1ecf0c42668a690b5061c090,7ebad1ecabd28a7000add2d05f888aa2e837c2cc,cf2x,240,30,12.0,0.5,1,36,DATTA-BASAK,2026-09-22T14:45:40+00:00
hover,SS3,frigate,45.0,0.0,29,aft,146,1626690145,94.19269584507279,-0.04024174324077395,-0.1976612089186361,1.9961811811318602,timeout,time_limit,360,-3.7069900541993084,0.0,0.0,0.0,False,False,False,nan,nan,nan,nan,nan,nan,nan,nan,nan,0,0.0,False,0,3.12.3,2.5.2,2.13.0,2.9.0,1.3.0,3.2.7,e9fa15cc35312a5c1ecf0c42668a690b5061c090,7ebad1ecabd28a7000add2d05f888aa2e837c2cc,cf2x,240,30,12.0,0.5,1,36,DATTA-BASAK,2026-09-22T14:45:40+00:00
hover,SS3,frigate,180.0,6.0,31,aft,147,82672198,65.4843902967734,-0.2471552270408431,0.065181280379348,1.7015634543785465,timeout,time_limit,360,-3.9000552148026713,0.0,0.0,0.0,False,False,False,nan,nan,nan,nan,nan,nan,nan,nan,nan,0,0.0,False,0,3.12.3,2.5.2,2.13.0,2.9.0,1.3.0,3.2.7,e9fa15cc35312a5c1ecf0c42668a690b5061c090,7ebad1ecabd28a7000add2d05f888aa2e837c2cc,cf2x,240,30,12.0,0.5,1,36,DATTA-BASAK,2026-09-22T14:45:40+00:00
hover,SS3,frigate,180.0,12.0,31,aft,148,105818554,95.06155979107147,0.05458548131291047,-0.04971678400950774,1.665044403504107,timeout,time_limit,360,-3.643689107175499,0.0,0.0,0.0,False,False,False,nan,nan,nan,nan,nan,nan,nan,nan,nan,0,0.0,False,0,3.12.3,2.5.2,2.13.0,2.9.0,1.3.0,3.2.7,e9fa15cc35312a5c1ecf0c42668a690b5061c090,7ebad1ecabd28a7000add2d05f888aa2e837c2cc,cf2x,240,30,12.0,0.5,1,36,DATTA-BASAK,2026-09-22T14:45:40+00:00
hover,SS3,frigate,180.0,0.0,29,aft,149,2002297058,42.9432608998278,-0.2464141815961436,-0.07787390395737592,1.775324010480707,timeout,time_limit,360,-3.6494020888255383,0.0,0.0,0.0,False,False,False,nan,nan,nan,nan,nan,nan,nan,nan,nan,0,0.0,False,0,3.12.3,2.5.2,2.13.0,2.9.0,1.3.0,3.2.7,e9fa15cc35312a5c1ecf0c42668a690b5061c090,7ebad1ecabd28a7000add2d05f888aa2e837c2cc,cf2x,240,30,12.0,0.5,1,36,DATTA-BASAK,2026-09-22T14:45:40+00:00
hover,SS3,frigate,45.0,12.0,27,aft,150,908121872,105.14876995782559,0.2148159958460522,-0.09447455401214302,1.901171491279888,timeout,time_limit,360,-3.4166820638065447,0.0,0.0,0.0,False,False,False,nan,nan,nan,nan,nan,nan,nan,nan,nan,0,0.0,False,0,3.12.3,2.5.2,2.13.0,2.9.0,1.3.0,3.2.7,e9fa15cc35312a5c1ecf0c42668a690b5061c090,7ebad1ecabd28a7000add2d05f888aa2e837c2cc,cf2x,240,30,12.0,0.5,1,36,DATTA-BASAK,2026-09-22T14:45:40+00:00
hover,SS3,frigate,135.0,12.0,28,aft,151,286229723,63.453975577310814,-0.09705298086633393,0.18046599898177446,1.999884514875374,timeout,time_limit,360,-3.46485804023794,0.0,0.0,0.0,False,False,False,nan,nan,nan,nan,nan,nan,nan,nan,nan,0,0.0,False,0,3.12.3,2.5.2,2.13.0,2.9.0,1.3.0,3.2.7,e9fa15cc35312a5c1ecf0c42668a690b5061c090,7ebad1ecabd28a7000add2d05f888aa2e837c2cc,cf2x,240,30,12.0,0.5,1,36,DATTA-BASAK,2026-09-22T14:45:40+00:00
hover,SS3,frigate,90.0,0.0,29,aft,152,1850992774,51.74418210045511,0.01946182047998496,0.11575927796597973,1.6672823103351402,timeout,time_limit,360,-3.6535601132399167,0.0,0.0,0.0,False,False,False,nan,nan,nan,nan,nan,nan,nan,nan,nan,0,0.0,False,0,3.12.3,2.5.2,2.13.0,2.9.0,1.3.0,3.2.7,e9fa15cc35312a5c1ecf0c42668a690b5061c090,7ebad1ecabd28a7000add2d05f888aa2e837c2cc,cf2x,240,30,12.0,0.5,1,36,DATTA-BASAK,2026-09-22T14:45:40+00:00
hover,SS3,frigate,90.0,0.0,30,aft,153,270856845,65.68465497443455,-0.18023870721413376,0.299238948848853,1.9248005783369486,timeout,time_limit,360,-3.5318263055906742,0.0,0.0,0.0,False,False,False,nan,nan,nan,nan,nan,nan,nan,nan,nan,0,0.0,False,0,3.12.3,2.5.2,2.13.0,2.9.0,1.3.0,3.2.7,e9fa15cc35312a5c1ecf0c42668a690b5061c090,7ebad1ecabd28a7000add2d05f888aa2e837c2cc,cf2x,240,30,12.0,0.5,1,36,DATTA-BASAK,2026-09-22T14:45:40+00:00
hover,SS3,frigate,45.0,12.0,27,aft,154,446132292,57.84764009791147,0.019182685027820112,0.2695337717608958,1.6087803846689384,timeout,time_limit,360,-3.562505028536507,0.0,0.0,0.0,False,False,False,nan,nan,nan,nan,nan,nan,nan,nan,nan,0,0.0,False,0,3.12.3,2.5.2,2.13.0,2.9.0,1.3.0,3.2.7,e9fa15cc35312a5c1ecf0c42668a690b5061c090,7ebad1ecabd28a7000add2d05f888aa2e837c2cc,cf2x,240,30,12.0,0.5,1,36,DATTA-BASAK,2026-09-22T14:45:40+00:00
hover,SS3,frigate,135.0,0.0,31,aft,155,2126797070,79.36924298591647,0.09226452256275341,0.24988721520760754,1.8068752390527223,timeout,time_limit,360,-3.5798037383039776,0.0,0.0,0.0,False,False,False,nan,nan,nan,nan,nan,nan,nan,nan,nan,0,0.0,False,0,3.12.3,2.5.2,2.13.0,2.9.0,1.3.0,3.2.7,e9fa15cc35312a5c1ecf0c42668a690b5061c090,7ebad1ecabd28a7000add2d05f888aa2e837c2cc,cf2x,240,30,12.0,0.5,1,36,DATTA-BASAK,2026-09-22T14:45:40+00:00
hover,SS3,frigate,180.0,12.0,28,aft,156,1500890854,10.325709974784207,0.04092590445079525,0.2482127243179691,1.881188508952516,timeout,time_limit,360,-3.3042866146795693,0.0,0.0,0.0,False,False,False,nan,nan,nan,nan,nan,nan,nan,nan,nan,0,0.0,False,0,3.12.3,2.5.2,2.13.0,2.9.0,1.3.0,3.2.7,e9fa15cc35312a5c1ecf0c42668a690b5061c090,7ebad1ecabd28a7000add2d05f888aa2e837c2cc,cf2x,240,30,12.0,0.5,1,36,DATTA-BASAK,2026-09-22T14:45:40+00:00
hover,SS3,frigate,45.0,6.0,27,aft,157,292835787,71.6207102441664,-0.06197610123686009,0.1629746863025383,1.7371623955186988,timeout,time_limit,360,-3.39746872595681,0.0,0.0,0.0,False,False,False,nan,nan,nan,nan,nan,nan,nan,nan,nan,0,0.0,False,0,3.12.3,2.5.2,2.13.0,2.9.0,1.3.0,3.2.7,e9fa15cc35312a5c1ecf0c42668a690b5061c090,7ebad1ecabd28a7000add2d05f888aa2e837c2cc,cf2x,240,30,12.0,0.5,1,36,DATTA-BASAK,2026-09-22T14:45:40+00:00
hover,SS3,frigate,180.0,12.0,27,aft,158,451869554,67.77280928340812,-0.2159353330218859,0.11065752692168795,1.6231898840435521,timeout,time_limit,360,-3.689441023151341,0.0,0.0,0.0,False,False,False,nan,nan,nan,nan,nan,nan,nan,nan,nan,0,0.0,False,0,3.12.3,2.5.2,2.13.0,2.9.0,1.3.0,3.2.7,e9fa15cc35312a5c1ecf0c42668a690b5061c090,7ebad1ecabd28a7000add2d05f888aa2e837c2cc,cf2x,240,30,12.0,0.5,1,36,DATTA-BASAK,2026-09-22T14:45:40+00:00
hover,SS3,frigate,135.0,0.0,27,aft,159,959414873,77.45624197685895,0.20997934781017974,-0.2577520755047929,1.9536097955232115,timeout,time_limit,360,-3.3491691992052672,0.0,0.0,0.0,False,False,False,nan,nan,nan,nan,nan,nan,nan,nan,nan,0,0.0,False,0,3.12.3,2.5.2,2.13.0,2.9.0,1.3.0,3.2.7,e9fa15cc35312a5c1ecf0c42668a690b5061c090,7ebad1ecabd28a7000add2d05f888aa2e837c2cc,cf2x,240,30,12.0,0.5,1,36,DATTA-BASAK,2026-09-22T14:45:40+00:00
hover,SS3,frigate,45.0,12.0,28,aft,160,2146046839,104.1026934510374,0.17597209304856565,-0.29149417601155303,1.7680500515392987,timeout,time_limit,360,-3.4240971453217193,0.0,0.0,0.0,False,False,False,nan,nan,nan,nan,nan,nan,nan,nan,nan,0,0.0,False,0,3.12.3,2.5.2,2.13.0,2.9.0,1.3.0,3.2.7,e9fa15cc35312a5c1ecf0c42668a690b5061c090,7ebad1ecabd28a7000add2d05f888aa2e837c2cc,cf2x,240,30,12.0,0.5,1,36,DATTA-BASAK,2026-09-22T14:45:40+00:00
hover,SS3,frigate,45.0,0.0,30,aft,161,1997814010,23.874763925875992,0.17613495121909312,-0.06097185345217321,1.7622067701292348,timeout,time_limit,360,-3.5793021023001472,0.0,0.0,0.0,False,False,False,nan,nan,nan,nan,nan,nan,nan,nan,nan,0,0.0,False,0,3.12.3,2.5.2,2.13.0,2.9.0,1.3.0,3.2.7,e9fa15cc35312a5c1ecf0c42668a690b5061c090,7ebad1ecabd28a7000add2d05f888aa2e837c2cc,cf2x,240,30,12.0,0.5,1,36,DATTA-BASAK,2026-09-22T14:45:40+00:00
hover,SS3,frigate,135.0,6.0,31,aft,162,932396925,25.75979004667906,-0.16338480496916874,0.18367929626325286,1.8497427540493891,timeout,time_limit,360,-3.699546303817027,0.0,0.0,0.0,False,False,False,nan,nan,nan,nan,nan,nan,nan,nan,nan,0,0.0,False,0,3.12.3,2.5.2,2.13.0,2.9.0,1.3.0,3.2.7,e9fa15cc35312a5c1ecf0c42668a690b5061c090,7ebad1ecabd28a7000add2d05f888aa2e837c2cc,cf2x,240,30,12.0,0.5,1,36,DATTA-BASAK,2026-09-22T14:45:40+00:00
hover,SS3,frigate,180.0,0.0,27,aft,163,374057424,39.160999801156095,-0.1753349870626214,-0.2004053621064154,1.715189844433007,timeout,time_limit,360,-4.141284643493749,0.0,0.0,0.0,False,False,False,nan,nan,nan,nan,nan,nan,nan,nan,nan,0,0.0,False,0,3.12.3,2.5.2,2.13.0,2.9.0,1.3.0,3.2.7,e9fa15cc35312a5c1ecf0c42668a690b5061c090,7ebad1ecabd28a7000add2d05f888aa2e837c2cc,cf2x,240,30,12.0,0.5,1,36,DATTA-BASAK,2026-09-22T14:45:40+00:00
hover,SS3,frigate,90.0,6.0,28,aft,164,369738303,8.338965502416144,0.04880339175397136,-0.2535111517341336,1.7486700901858216,timeout,time_limit,360,-3.6118536258279095,0.0,0.0,0.0,False,False,False,nan,nan,nan,nan,nan,nan,nan,nan,nan,0,0.0,False,0,3.12.3,2.5.2,2.13.0,2.9.0,1.3.0,3.2.7,e9fa15cc35312a5c1ecf0c42668a690b5061c090,7ebad1ecabd28a7000add2d05f888aa2e837c2cc,cf2x,240,30,12.0,0.5,1,36,DATTA-BASAK,2026-09-22T14:45:40+00:00
hover,SS3,frigate,45.0,12.0,27,aft,165,207618240,107.43557149496797,0.24651286350405693,-0.26039768567083427,1.9300582923519958,timeout,time_limit,360,-3.4029189395404353,0.0,0.0,0.0,False,False,False,nan,nan,nan,nan,nan,nan,nan,nan,nan,0,0.0,False,0,3.12.3,2.5.2,2.13.0,2.9.0,1.3.0,3.2.7,e9fa15cc35312a5c1ecf0c42668a690b5061c090,7ebad1ecabd28a7000add2d05f888aa2e837c2cc,cf2x,240,30,12.0,0.5,1,36,DATTA-BASAK,2026-09-22T14:45:40+00:00
hover,SS3,frigate,45.0,12.0,30,aft,166,1921005564,68.94308170276435,0.22904057123771832,-0.02154430835201948,1.8687773366335685,timeout,time_limit,360,-3.725442590102751,0.0,0.0,0.0,False,False,False,nan,nan,nan,nan,nan,nan,nan,nan,nan,0,0.0,False,0,3.12.3,2.5.2,2.13.0,2.9.0,1.3.0,3.2.7,e9fa15cc35312a5c1ecf0c42668a690b5061c090,7ebad1ecabd28a7000add2d05f888aa2e837c2cc,cf2x,240,30,12.0,0.5,1,36,DATTA-BASAK,2026-09-22T14:45:40+00:00
hover,SS3,frigate,90.0,6.0,29,aft,167,563088687,80.32552036661318,-0.19323530750795676,0.17376663312876034,1.8469886960379922,timeout,time_limit,360,-3.639925644872766,0.0,0.0,0.0,False,False,False,nan,nan,nan,nan,nan,nan,nan,nan,nan,0,0.0,False,0,3.12.3,2.5.2,2.13.0,2.9.0,1.3.0,3.2.7,e9fa15cc35312a5c1ecf0c42668a690b5061c090,7ebad1ecabd28a7000add2d05f888aa2e837c2cc,cf2x,240,30,12.0,0.5,1,36,DATTA-BASAK,2026-09-22T14:45:40+00:00
hover,SS3,frigate,135.0,6.0,27,aft,168,1334716289,46.07632141143698,0.28293519061137123,0.2640756751889393,1.9480784502891977,timeout,time_limit,360,-3.1479532927421516,0.0,0.0,0.0,False,False,False,nan,nan,nan,nan,nan,nan,nan,nan,nan,0,0.0,False,0,3.12.3,2.5.2,2.13.0,2.9.0,1.3.0,3.2.7,e9fa15cc35312a5c1ecf0c42668a690b5061c090,7ebad1ecabd28a7000add2d05f888aa2e837c2cc,cf2x,240,30,12.0,0.5,1,36,DATTA-BASAK,2026-09-22T14:45:40+00:00
hover,SS3,frigate,45.0,6.0,27,aft,169,831546797,56.65183089331767,-0.2102806017048537,0.02974078921036616,1.6919195284816353,timeout,time_limit,360,-3.8440487574029802,0.0,0.0,0.0,False,False,False,nan,nan,nan,nan,nan,nan,nan,nan,nan,0,0.0,False,0,3.12.3,2.5.2,2.13.0,2.9.0,1.3.0,3.2.7,e9fa15cc35312a5c1ecf0c42668a690b5061c090,7ebad1ecabd28a7000add2d05f888aa2e837c2cc,cf2x,240,30,12.0,0.5,1,36,DATTA-BASAK,2026-09-22T14:45:40+00:00
hover,SS3,frigate,45.0,0.0,27,aft,170,1378262435,11.705170158127613,0.13253889041046746,-0.2614319123487086,1.6096879389267158,timeout,time_limit,360,-3.7655153003793056,0.0,0.0,0.0,False,False,False,nan,nan,nan,nan,nan,nan,nan,nan,nan,0,0.0,False,0,3.12.3,2.5.2,2.13.0,2.9.0,1.3.0,3.2.7,e9fa15cc35312a5c1ecf0c42668a690b5061c090,7ebad1ecabd28a7000add2d05f888aa2e837c2cc,cf2x,240,30,12.0,0.5,1,36,DATTA-BASAK,2026-09-22T14:45:40+00:00
hover,SS3,frigate,90.0,0.0,27,aft,171,98563384,13.533886595108726,-0.23927891071395446,0.0789994247090795,1.931368929230355,timeout,time_limit,360,-3.5578301899841227,0.0,0.0,0.0,False,False,False,nan,nan,nan,nan,nan,nan,nan,nan,nan,0,0.0,False,0,3.12.3,2.5.2,2.13.0,2.9.0,1.3.0,3.2.7,e9fa15cc35312a5c1ecf0c42668a690b5061c090,7ebad1ecabd28a7000add2d05f888aa2e837c2cc,cf2x,240,30,12.0,0.5,1,36,DATTA-BASAK,2026-09-22T14:45:40+00:00
hover,SS3,frigate,135.0,0.0,28,aft,172,500720072,22.481107978401262,0.18014927276093118,-0.2417423149807383,1.928985104445711,timeout,time_limit,360,-3.543856301471304,0.0,0.0,0.0,False,False,False,nan,nan,nan,nan,nan,nan,nan,nan,nan,0,0.0,False,0,3.12.3,2.5.2,2.13.0,2.9.0,1.3.0,3.2.7,e9fa15cc35312a5c1ecf0c42668a690b5061c090,7ebad1ecabd28a7000add2d05f888aa2e837c2cc,cf2x,240,30,12.0,0.5,1,36,DATTA-BASAK,2026-09-22T14:45:40+00:00
hover,SS3,frigate,180.0,6.0,30,aft,173,313780042,66.28129013047129,-0.10596337637412093,-0.060388083102650814,1.7905874308969443,timeout,time_limit,360,-3.554010062193415,0.0,0.0,0.0,False,False,False,nan,nan,nan,nan,nan,nan,nan,nan,nan,0,0.0,False,0,3.12.3,2.5.2,2.13.0,2.9.0,1.3.0,3.2.7,e9fa15cc35312a5c1ecf0c42668a690b5061c090,7ebad1ecabd28a7000add2d05f888aa2e837c2cc,cf2x,240,30,12.0,0.5,1,36,DATTA-BASAK,2026-09-22T14:45:40+00:00
hover,SS3,frigate,180.0,0.0,27,aft,174,1828839811,30.961097789541405,-0.08396505163358364,0.1745775712238435,1.9681035096550865,timeout,time_limit,360,-3.34222952948268,0.0,0.0,0.0,False,False,False,nan,nan,nan,nan,nan,nan,nan,nan,nan,0,0.0,False,0,3.12.3,2.5.2,2.13.0,2.9.0,1.3.0,3.2.7,e9fa15cc35312a5c1ecf0c42668a690b5061c090,7ebad1ecabd28a7000add2d05f888aa2e837c2cc,cf2x,240,30,12.0,0.5,1,36,DATTA-BASAK,2026-09-22T14:45:40+00:00
hover,SS3,frigate,45.0,0.0,31,aft,175,742114022,59.66953989172953,-0.24694556182082966,-0.04696478906387391,1.730512637904982,timeout,time_limit,360,-3.664288260339977,0.0,0.0,0.0,False,False,False,nan,nan,nan,nan,nan,nan,nan,nan,nan,0,0.0,False,0,3.12.3,2.5.2,2.13.0,2.9.0,1.3.0,3.2.7,e9fa15cc35312a5c1ecf0c42668a690b5061c090,7ebad1ecabd28a7000add2d05f888aa2e837c2cc,cf2x,240,30,12.0,0.5,1,36,DATTA-BASAK,2026-09-22T14:45:40+00:00
hover,SS3,frigate,135.0,12.0,27,aft,176,1210861597,54.52545552450014,-0.07519274745395424,-0.03739203392063151,1.661515795959116,timeout,time_limit,360,-3.549904120943027,0.0,0.0,0.0,False,False,False,nan,nan,nan,nan,nan,nan,nan,nan,nan,0,0.0,False,0,3.12.3,2.5.2,2.13.0,2.9.0,1.3.0,3.2.7,e9fa15cc35312a5c1ecf0c42668a690b5061c090,7ebad1ecabd28a7000add2d05f888aa2e837c2cc,cf2x,240,30,12.0,0.5,1,36,DATTA-BASAK,2026-09-22T14:45:40+00:00
hover,SS3,frigate,90.0,12.0,29,aft,177,390563776,15.985630543149707,0.2538824543585915,0.07033943681849641,1.7386481625468766,timeout,time_limit,360,-3.636246093929968,0.0,0.0,0.0,False,False,False,nan,nan,nan,nan,nan,nan,nan,nan,nan,0,0.0,False,0,3.12.3,2.5.2,2.13.0,2.9.0,1.3.0,3.2.7,e9fa15cc35312a5c1ecf0c42668a690b5061c090,7ebad1ecabd28a7000add2d05f888aa2e837c2cc,cf2x,240,30,12.0,0.5,1,36,DATTA-BASAK,2026-09-22T14:45:40+00:00
hover,SS3,frigate,90.0,0.0,30,aft,178,1301128886,101.02688194224088,-0.18588184319473175,-0.21409874819430064,1.7556677688213154,timeout,time_limit,360,-3.5974199006982013,0.0,0.0,0.0,False,False,False,nan,nan,nan,nan,nan,nan,nan,nan,nan,0,0.0,False,0,3.12.3,2.5.2,2.13.0,2.9.0,1.3.0,3.2.7,e9fa15cc35312a5c1ecf0c42668a690b5061c090,7ebad1ecabd28a7000add2d05f888aa2e837c2cc,cf2x,240,30,12.0,0.5,1,36,DATTA-BASAK,2026-09-22T14:45:40+00:00
hover,SS3,frigate,45.0,6.0,29,aft,179,1460445697,97.79666743782589,0.1554048673436067,0.07844458391397424,1.6257761862040483,timeout,time_limit,360,-3.4359387136850885,0.0,0.0,0.0,False,False,False,nan,nan,nan,nan,nan,nan,nan,nan,nan,0,0.0,False,0,3.12.3,2.5.2,2.13.0,2.9.0,1.3.0,3.2.7,e9fa15cc35312a5c1ecf0c42668a690b5061c090,7ebad1ecabd28a7000add2d05f888aa2e837c2cc,cf2x,240,30,12.0,0.5,1,36,DATTA-BASAK,2026-09-22T14:45:40+00:00
hover,SS3,frigate,45.0,0.0,28,aft,180,5447079,41.51664984517494,0.13060008266416873,0.08394183428521834,1.8428983863643036,timeout,time_limit,360,-3.7503922839559576,0.0,0.0,0.0,False,False,False,nan,nan,nan,nan,nan,nan,nan,nan,nan,0,0.0,False,0,3.12.3,2.5.2,2.13.0,2.9.0,1.3.0,3.2.7,e9fa15cc35312a5c1ecf0c42668a690b5061c090,7ebad1ecabd28a7000add2d05f888aa2e837c2cc,cf2x,240,30,12.0,0.5,1,36,DATTA-BASAK,2026-09-22T14:45:40+00:00
hover,SS3,frigate,45.0,0.0,28,aft,181,1101022567,22.630486441453737,0.18599983067114206,0.008458250594063021,1.724941367565906,timeout,time_limit,360,-3.381394794260947,0.0,0.0,0.0,False,False,False,nan,nan,nan,nan,nan,nan,nan,nan,nan,0,0.0,False,0,3.12.3,2.5.2,2.13.0,2.9.0,1.3.0,3.2.7,e9fa15cc35312a5c1ecf0c42668a690b5061c090,7ebad1ecabd28a7000add2d05f888aa2e837c2cc,cf2x,240,30,12.0,0.5,1,36,DATTA-BASAK,2026-09-22T14:45:40+00:00
hover,SS3,frigate,45.0,6.0,31,aft,182,26932913,80.63386660136989,0.2403463614923938,-0.0669517889041008,1.9881887176440647,timeout,time_limit,360,-3.4008145208679736,0.0,0.0,0.0,False,False,False,nan,nan,nan,nan,nan,nan,nan,nan,nan,0,0.0,False,0,3.12.3,2.5.2,2.13.0,2.9.0,1.3.0,3.2.7,e9fa15cc35312a5c1ecf0c42668a690b5061c090,7ebad1ecabd28a7000add2d05f888aa2e837c2cc,cf2x,240,30,12.0,0.5,1,36,DATTA-BASAK,2026-09-22T14:45:40+00:00
hover,SS3,frigate,90.0,0.0,29,aft,183,846777732,105.30019991546052,-0.2290679889123372,0.03648412605734275,1.926706806915379,timeout,time_limit,360,-3.6481317734875125,0.0,0.0,0.0,False,False,False,nan,nan,nan,nan,nan,nan,nan,nan,nan,0,0.0,False,0,3.12.3,2.5.2,2.13.0,2.9.0,1.3.0,3.2.7,e9fa15cc35312a5c1ecf0c42668a690b5061c090,7ebad1ecabd28a7000add2d05f888aa2e837c2cc,cf2x,240,30,12.0,0.5,1,36,DATTA-BASAK,2026-09-22T14:45:40+00:00
hover,SS3,frigate,180.0,6.0,29,aft,184,1536055012,88.84838070601903,-0.1568485022742235,0.13836732300940707,1.726620029236211,timeout,time_limit,360,-3.472134692368285,0.0,0.0,0.0,False,False,False,nan,nan,nan,nan,nan,nan,nan,nan,nan,0,0.0,False,0,3.12.3,2.5.2,2.13.0,2.9.0,1.3.0,3.2.7,e9fa15cc35312a5c1ecf0c42668a690b5061c090,7ebad1ecabd28a7000add2d05f888aa2e837c2cc,cf2x,240,30,12.0,0.5,1,36,DATTA-BASAK,2026-09-22T14:45:40+00:00
hover,SS3,frigate,45.0,0.0,27,aft,185,934702625,5.103562806007092,-0.04037193073733458,-0.23416115541795152,1.6801838012238033,timeout,time_limit,360,-3.4333358855100498,0.0,0.0,0.0,False,False,False,nan,nan,nan,nan,nan,nan,nan,nan,nan,0,0.0,False,0,3.12.3,2.5.2,2.13.0,2.9.0,1.3.0,3.2.7,e9fa15cc35312a5c1ecf0c42668a690b5061c090,7ebad1ecabd28a7000add2d05f888aa2e837c2cc,cf2x,240,30,12.0,0.5,1,36,DATTA-BASAK,2026-09-22T14:45:40+00:00
hover,SS3,frigate,180.0,0.0,28,aft,186,476184564,9.885828284390644,0.0871668026487834,-0.21532305066697588,1.830846142542354,timeout,time_limit,360,-3.927206424416285,0.0,0.0,0.0,False,False,False,nan,nan,nan,nan,nan,nan,nan,nan,nan,0,0.0,False,0,3.12.3,2.5.2,2.13.0,2.9.0,1.3.0,3.2.7,e9fa15cc35312a5c1ecf0c42668a690b5061c090,7ebad1ecabd28a7000add2d05f888aa2e837c2cc,cf2x,240,30,12.0,0.5,1,36,DATTA-BASAK,2026-09-22T14:45:40+00:00
hover,SS3,frigate,135.0,12.0,30,aft,187,1159250441,24.113924193866342,-0.03247249264391139,-0.005065295485716159,1.7713912344055935,timeout,time_limit,360,-3.5402423411224833,0.0,0.0,0.0,False,False,False,nan,nan,nan,nan,nan,nan,nan,nan,nan,0,0.0,False,0,3.12.3,2.5.2,2.13.0,2.9.0,1.3.0,3.2.7,e9fa15cc35312a5c1ecf0c42668a690b5061c090,7ebad1ecabd28a7000add2d05f888aa2e837c2cc,cf2x,240,30,12.0,0.5,1,36,DATTA-BASAK,2026-09-22T14:45:40+00:00
hover,SS3,frigate,90.0,6.0,30,aft,188,2039666869,35.039423774059664,-0.0030532978773686326,-0.2058126656548966,1.6690030375185048,timeout,time_limit,360,-3.629564476687704,0.0,0.0,0.0,False,False,False,nan,nan,nan,nan,nan,nan,nan,nan,nan,0,0.0,False,0,3.12.3,2.5.2,2.13.0,2.9.0,1.3.0,3.2.7,e9fa15cc35312a5c1ecf0c42668a690b5061c090,7ebad1ecabd28a7000add2d05f888aa2e837c2cc,cf2x,240,30,12.0,0.5,1,36,DATTA-BASAK,2026-09-22T14:45:40+00:00
hover,SS3,frigate,90.0,0.0,31,aft,189,1676945323,51.087975950657174,0.20936561531141223,-0.12412626457706435,1.7983607873945417,timeout,time_limit,360,-3.617933799143518,0.0,0.0,0.0,False,False,False,nan,nan,nan,nan,nan,nan,nan,nan,nan,0,0.0,False,0,3.12.3,2.5.2,2.13.0,2.9.0,1.3.0,3.2.7,e9fa15cc35312a5c1ecf0c42668a690b5061c090,7ebad1ecabd28a7000add2d05f888aa2e837c2cc,cf2x,240,30,12.0,0.5,1,36,DATTA-BASAK,2026-09-22T14:45:40+00:00
hover,SS3,frigate,90.0,6.0,30,aft,190,1400204435,69.55525159595587,0.014068918373103756,-0.2578161724929482,1.8781848133479961,timeout,time_limit,360,-3.6452957780303037,0.0,0.0,0.0,False,False,False,nan,nan,nan,nan,nan,nan,nan,nan,nan,0,0.0,False,0,3.12.3,2.5.2,2.13.0,2.9.0,1.3.0,3.2.7,e9fa15cc35312a5c1ecf0c42668a690b5061c090,7ebad1ecabd28a7000add2d05f888aa2e837c2cc,cf2x,240,30,12.0,0.5,1,36,DATTA-BASAK,2026-09-22T14:45:40+00:00
hover,SS3,frigate,135.0,0.0,29,aft,191,836548395,95.2618928913294,-0.11919997259062742,-0.1637669451521959,1.8646026856724864,timeout,time_limit,360,-3.453248191311168,0.0,0.0,0.0,False,False,False,nan,nan,nan,nan,nan,nan,nan,nan,nan,0,0.0,False,0,3.12.3,2.5.2,2.13.0,2.9.0,1.3.0,3.2.7,e9fa15cc35312a5c1ecf0c42668a690b5061c090,7ebad1ecabd28a7000add2d05f888aa2e837c2cc,cf2x,240,30,12.0,0.5,1,36,DATTA-BASAK,2026-09-22T14:45:40+00:00
hover,SS3,frigate,90.0,0.0,27,aft,192,1313338791,104.25430398199745,0.09269038870470703,-0.2857611987428109,1.8338572454206774,timeout,time_limit,360,-3.643359958241104,0.0,0.0,0.0,False,False,False,nan,nan,nan,nan,nan,nan,nan,nan,nan,0,0.0,False,0,3.12.3,2.5.2,2.13.0,2.9.0,1.3.0,3.2.7,e9fa15cc35312a5c1ecf0c42668a690b5061c090,7ebad1ecabd28a7000add2d05f888aa2e837c2cc,cf2x,240,30,12.0,0.5,1,36,DATTA-BASAK,2026-09-22T14:45:40+00:00
hover,SS3,frigate,135.0,12.0,30,aft,193,1282293028,60.54528857981815,0.15923195664003892,0.06686266115712475,1.8224975442891123,timeout,time_limit,360,-3.3942968327422367,0.0,0.0,0.0,False,False,False,nan,nan,nan,nan,nan,nan,nan,nan,nan,0,0.0,False,0,3.12.3,2.5.2,2.13.0,2.9.0,1.3.0,3.2.7,e9fa15cc35312a5c1ecf0c42668a690b5061c090,7ebad1ecabd28a7000add2d05f888aa2e837c2cc,cf2x,240,30,12.0,0.5,1,36,DATTA-BASAK,2026-09-22T14:45:40+00:00
hover,SS3,frigate,45.0,0.0,29,aft,194,1415457642,42.378728903982974,-0.07192716785586545,-0.11660308845676134,1.634943465827362,timeout,time_limit,360,-3.85785117622831,0.0,0.0,0.0,False,False,False,nan,nan,nan,nan,nan,nan,nan,nan,nan,0,0.0,False,0,3.12.3,2.5.2,2.13.0,2.9.0,1.3.0,3.2.7,e9fa15cc35312a5c1ecf0c42668a690b5061c090,7ebad1ecabd28a7000add2d05f888aa2e837c2cc,cf2x,240,30,12.0,0.5,1,36,DATTA-BASAK,2026-09-22T14:45:40+00:00
hover,SS3,frigate,180.0,6.0,30,aft,195,122560831,48.976847846704246,-0.1138369541488872,0.24558567355420607,1.905041504686475,timeout,time_limit,360,-3.5696787629734152,0.0,0.0,0.0,False,False,False,nan,nan,nan,nan,nan,nan,nan,nan,nan,0,0.0,False,0,3.12.3,2.5.2,2.13.0,2.9.0,1.3.0,3.2.7,e9fa15cc35312a5c1ecf0c42668a690b5061c090,7ebad1ecabd28a7000add2d05f888aa2e837c2cc,cf2x,240,30,12.0,0.5,1,36,DATTA-BASAK,2026-09-22T14:45:40+00:00
hover,SS3,frigate,135.0,0.0,30,aft,196,1124304072,72.72671859619149,-0.27830487380068414,0.013963088841707716,1.640224833737775,timeout,time_limit,360,-3.6668992613971496,0.0,0.0,0.0,False,False,False,nan,nan,nan,nan,nan,nan,nan,nan,nan,0,0.0,False,0,3.12.3,2.5.2,2.13.0,2.9.0,1.3.0,3.2.7,e9fa15cc35312a5c1ecf0c42668a690b5061c090,7ebad1ecabd28a7000add2d05f888aa2e837c2cc,cf2x,240,30,12.0,0.5,1,36,DATTA-BASAK,2026-09-22T14:45:40+00:00
hover,SS3,frigate,180.0,6.0,30,aft,197,2048591777,71.00427033632778,-0.29805315476866007,-0.18827091066729582,1.7423617141323071,timeout,time_limit,360,-3.6217066174164816,0.0,0.0,0.0,False,False,False,nan,nan,nan,nan,nan,nan,nan,nan,nan,0,0.0,False,0,3.12.3,2.5.2,2.13.0,2.9.0,1.3.0,3.2.7,e9fa15cc35312a5c1ecf0c42668a690b5061c090,7ebad1ecabd28a7000add2d05f888aa2e837c2cc,cf2x,240,30,12.0,0.5,1,36,DATTA-BASAK,2026-09-22T14:45:40+00:00
hover,SS3,frigate,90.0,6.0,27,aft,198,1790460071,42.38358302060039,0.2374380177676318,0.18599328905425905,1.9354348157614867,timeout,time_limit,360,-3.7065870149327034,0.0,0.0,0.0,False,False,False,nan,nan,nan,nan,nan,nan,nan,nan,nan,0,0.0,False,0,3.12.3,2.5.2,2.13.0,2.9.0,1.3.0,3.2.7,e9fa15cc35312a5c1ecf0c42668a690b5061c090,7ebad1ecabd28a7000add2d05f888aa2e837c2cc,cf2x,240,30,12.0,0.5,1,36,DATTA-BASAK,2026-09-22T14:45:40+00:00
hover,SS3,frigate,180.0,12.0,29,aft,199,1926527201,47.45018511026049,-0.21661702054558868,0.04333895005765742,1.9557069752449687,timeout,time_limit,360,-3.3732374295800978,0.0,0.0,0.0,False,False,False,nan,nan,nan,nan,nan,nan,nan,nan,nan,0,0.0,False,0,3.12.3,2.5.2,2.13.0,2.9.0,1.3.0,3.2.7,e9fa15cc35312a5c1ecf0c42668a690b5061c090,7ebad1ecabd28a7000add2d05f888aa2e837c2cc,cf2x,240,30,12.0,0.5,1,36,DATTA-BASAK,2026-09-22T14:45:40+00:00
hover,SS5,frigate,135.0,12.0,31,aft,0,901421852,44.31321859853031,0.13132840602915774,0.029322009873784416,1.7784905833437492,timeout,time_limit,360,-3.2166920577448272,0.0,0.0,0.0,False,False,False,nan,nan,nan,nan,nan,nan,nan,nan,nan,0,0.0,False,0,3.12.3,2.5.2,2.13.0,2.9.0,1.3.0,3.2.7,e9fa15cc35312a5c1ecf0c42668a690b5061c090,7ebad1ecabd28a7000add2d05f888aa2e837c2cc,cf2x,240,30,12.0,0.5,1,36,DATTA-BASAK,2026-09-22T14:45:40+00:00
hover,SS5,frigate,180.0,6.0,28,aft,1,1517583404,36.14818093384017,-0.15777557026152011,0.13970803626150657,1.6348348677086078,timeout,time_limit,360,-2.2897321901419345,0.0,0.0,0.0,False,False,False,nan,nan,nan,nan,nan,nan,nan,nan,nan,0,0.0,False,0,3.12.3,2.5.2,2.13.0,2.9.0,1.3.0,3.2.7,e9fa15cc35312a5c1ecf0c42668a690b5061c090,7ebad1ecabd28a7000add2d05f888aa2e837c2cc,cf2x,240,30,12.0,0.5,1,36,DATTA-BASAK,2026-09-22T14:45:40+00:00
hover,SS5,frigate,135.0,6.0,27,aft,2,1588966049,68.03349030915432,-0.06259297197599614,0.05750669879629994,1.8387163776748772,timeout,time_limit,360,-3.484617628801388,0.0,0.0,0.0,False,False,False,nan,nan,nan,nan,nan,nan,nan,nan,nan,0,0.0,False,0,3.12.3,2.5.2,2.13.0,2.9.0,1.3.0,3.2.7,e9fa15cc35312a5c1ecf0c42668a690b5061c090,7ebad1ecabd28a7000add2d05f888aa2e837c2cc,cf2x,240,30,12.0,0.5,1,36,DATTA-BASAK,2026-09-22T14:45:40+00:00
hover,SS5,frigate,135.0,6.0,27,aft,3,1467066091,25.499586578149888,-0.1076738009383422,-0.11004388115734651,1.7807019903800843,timeout,time_limit,360,-3.1645303808494085,0.0,0.0,0.0,False,False,False,nan,nan,nan,nan,nan,nan,nan,nan,nan,0,0.0,False,0,3.12.3,2.5.2,2.13.0,2.9.0,1.3.0,3.2.7,e9fa15cc35312a5c1ecf0c42668a690b5061c090,7ebad1ecabd28a7000add2d05f888aa2e837c2cc,cf2x,240,30,12.0,0.5,1,36,DATTA-BASAK,2026-09-22T14:45:40+00:00
hover,SS5,frigate,90.0,6.0,27,aft,4,1464650960,32.8503265374562,-0.09059293629313364,-0.21707552750775866,1.6207298903450655,timeout,time_limit,360,-3.3802713975180714,0.0,0.0,0.0,False,False,False,nan,nan,nan,nan,nan,nan,nan,nan,nan,0,0.0,False,0,3.12.3,2.5.2,2.13.0,2.9.0,1.3.0,3.2.7,e9fa15cc35312a5c1ecf0c42668a690b5061c090,7ebad1ecabd28a7000add2d05f888aa2e837c2cc,cf2x,240,30,12.0,0.5,1,36,DATTA-BASAK,2026-09-22T14:45:40+00:00
hover,SS5,frigate,180.0,0.0,29,aft,5,1530628213,57.31011510401643,0.19803472601280048,0.20627523781394813,1.7845762830634349,timeout,time_limit,360,-3.6724210445557226,0.0,0.0,0.0,False,False,False,nan,nan,nan,nan,nan,nan,nan,nan,nan,0,0.0,False,0,3.12.3,2.5.2,2.13.0,2.9.0,1.3.0,3.2.7,e9fa15cc35312a5c1ecf0c42668a690b5061c090,7ebad1ecabd28a7000add2d05f888aa2e837c2cc,cf2x,240,30,12.0,0.5,1,36,DATTA-BASAK,2026-09-22T14:45:40+00:00
hover,SS5,frigate,90.0,6.0,30,aft,6,504842210,80.55126505927548,0.004539913247210814,0.1571917776907239,1.6809247553391335,timeout,time_limit,360,-3.297338286629683,0.0,0.0,0.0,False,False,False,nan,nan,nan,nan,nan,nan,nan,nan,nan,0,0.0,False,0,3.12.3,2.5.2,2.13.0,2.9.0,1.3.0,3.2.7,e9fa15cc35312a5c1ecf0c42668a690b5061c090,7ebad1ecabd28a7000add2d05f888aa2e837c2cc,cf2x,240,30,12.0,0.5,1,36,DATTA-BASAK,2026-09-22T14:45:40+00:00
hover,SS5,frigate,135.0,6.0,27,aft,7,1721554711,104.9302612361922,-0.1952864365923922,-0.03932212820881609,1.9141947714773129,timeout,time_limit,360,-3.704464606686193,0.0,0.0,0.0,False,False,False,nan,nan,nan,nan,nan,nan,nan,nan,nan,0,0.0,False,0,3.12.3,2.5.2,2.13.0,2.9.0,1.3.0,3.2.7,e9fa15cc35312a5c1ecf0c42668a690b5061c090,7ebad1ecabd28a7000add2d05f888aa2e837c2cc,cf2x,240,30,12.0,0.5,1,36,DATTA-BASAK,2026-09-22T14:45:40+00:00
hover,SS5,frigate,90.0,0.0,30,aft,8,1729048299,98.72776602073738,-0.23815620005796403,0.25030600070620684,1.7149292510310588,timeout,time_limit,360,-3.9238563305869683,0.0,0.0,0.0,False,False,False,nan,nan,nan,nan,nan,nan,nan,nan,nan,0,0.0,False,0,3.12.3,2.5.2,2.13.0,2.9.0,1.3.0,3.2.7,e9fa15cc35312a5c1ecf0c42668a690b5061c090,7ebad1ecabd28a7000add2d05f888aa2e837c2cc,cf2x,240,30,12.0,0.5,1,36,DATTA-BASAK,2026-09-22T14:45:40+00:00
hover,SS5,frigate,45.0,6.0,31,aft,9,1364808024,79.98335946989165,-0.2174218421586478,-0.20528232140512503,1.8285440475780774,timeout,time_limit,360,-3.95138722716942,0.0,0.0,0.0,False,False,False,nan,nan,nan,nan,nan,nan,nan,nan,nan,0,0.0,False,0,3.12.3,2.5.2,2.13.0,2.9.0,1.3.0,3.2.7,e9fa15cc35312a5c1ecf0c42668a690b5061c090,7ebad1ecabd28a7000add2d05f888aa2e837c2cc,cf2x,240,30,12.0,0.5,1,36,DATTA-BASAK,2026-09-22T14:45:40+00:00
hover,SS5,frigate,45.0,0.0,31,aft,10,248931482,34.94747563835533,-0.048069372997358584,0.0963899203192422,1.8242669909054752,timeout,time_limit,360,-3.5816294446169303,0.0,0.0,0.0,False,False,False,nan,nan,nan,nan,nan,nan,nan,nan,nan,0,0.0,False,0,3.12.3,2.5.2,2.13.0,2.9.0,1.3.0,3.2.7,e9fa15cc35312a5c1ecf0c42668a690b5061c090,7ebad1ecabd28a7000add2d05f888aa2e837c2cc,cf2x,240,30,12.0,0.5,1,36,DATTA-BASAK,2026-09-22T14:45:40+00:00
hover,SS5,frigate,45.0,6.0,29,aft,11,100855326,13.850193538368128,-0.13159614948557985,-0.20625028565902936,1.6209467428388757,timeout,time_limit,360,-3.6851248655860513,0.0,0.0,0.0,False,False,False,nan,nan,nan,nan,nan,nan,nan,nan,nan,0,0.0,False,0,3.12.3,2.5.2,2.13.0,2.9.0,1.3.0,3.2.7,e9fa15cc35312a5c1ecf0c42668a690b5061c090,7ebad1ecabd28a7000add2d05f888aa2e837c2cc,cf2x,240,30,12.0,0.5,1,36,DATTA-BASAK,2026-09-22T14:45:40+00:00
hover,SS5,frigate,45.0,12.0,27,aft,12,163176333,56.455733313013546,0.2846090991447941,0.02975638587656082,1.917575173350221,timeout,time_limit,360,-3.7860344505513774,0.0,0.0,0.0,False,False,False,nan,nan,nan,nan,nan,nan,nan,nan,nan,0,0.0,False,0,3.12.3,2.5.2,2.13.0,2.9.0,1.3.0,3.2.7,e9fa15cc35312a5c1ecf0c42668a690b5061c090,7ebad1ecabd28a7000add2d05f888aa2e837c2cc,cf2x,240,30,12.0,0.5,1,36,DATTA-BASAK,2026-09-22T14:45:40+00:00
hover,SS5,frigate,180.0,12.0,27,aft,13,1712496251,17.50185677657258,0.1487789674066054,-0.11016360623797941,1.6240153805425614,timeout,time_limit,360,-2.7758832294666607,0.0,0.0,0.0,False,False,False,nan,nan,nan,nan,nan,nan,nan,nan,nan,0,0.0,False,0,3.12.3,2.5.2,2.13.0,2.9.0,1.3.0,3.2.7,e9fa15cc35312a5c1ecf0c42668a690b5061c090,7ebad1ecabd28a7000add2d05f888aa2e837c2cc,cf2x,240,30,12.0,0.5,1,36,DATTA-BASAK,2026-09-22T14:45:40+00:00
hover,SS5,frigate,180.0,0.0,28,aft,14,504903817,65.07107911087101,0.07130700132106832,-0.27176870966216093,1.9201433485476267,timeout,time_limit,360,-3.7509899036983296,0.0,0.0,0.0,False,False,False,nan,nan,nan,nan,nan,nan,nan,nan,nan,0,0.0,False,0,3.12.3,2.5.2,2.13.0,2.9.0,1.3.0,3.2.7,e9fa15cc35312a5c1ecf0c42668a690b5061c090,7ebad1ecabd28a7000add2d05f888aa2e837c2cc,cf2x,240,30,12.0,0.5,1,36,DATTA-BASAK,2026-09-22T14:45:40+00:00
hover,SS5,frigate,180.0,0.0,28,aft,15,998736816,28.31236183656108,-0.0012244459814246822,-0.009986608658323404,1.8587408398852734,timeout,time_limit,360,-3.6016469099331414,0.0,0.0,0.0,False,False,False,nan,nan,nan,nan,nan,nan,nan,nan,nan,0,0.0,False,0,3.12.3,2.5.2,2.13.0,2.9.0,1.3.0,3.2.7,e9fa15cc35312a5c1ecf0c42668a690b5061c090,7ebad1ecabd28a7000add2d05f888aa2e837c2cc,cf2x,240,30,12.0,0.5,1,36,DATTA-BASAK,2026-09-22T14:45:40+00:00
hover,SS5,frigate,90.0,0.0,28,aft,16,1416600748,8.299388775116228,-0.1829335379035167,-0.23306970867980933,1.757670363660887,timeout,time_limit,360,-3.227119768511326,0.0,0.0,0.0,False,False,False,nan,nan,nan,nan,nan,nan,nan,nan,nan,0,0.0,False,0,3.12.3,2.5.2,2.13.0,2.9.0,1.3.0,3.2.7,e9fa15cc35312a5c1ecf0c42668a690b5061c090,7ebad1ecabd28a7000add2d05f888aa2e837c2cc,cf2x,240,30,12.0,0.5,1,36,DATTA-BASAK,2026-09-22T14:45:40+00:00
hover,SS5,frigate,90.0,6.0,31,aft,17,143607078,96.42897816102656,-0.07275929399654629,-0.19159989821144283,1.6896837338784019,timeout,time_limit,360,-3.508795232641607,0.0,0.0,0.0,False,False,False,nan,nan,nan,nan,nan,nan,nan,nan,nan,0,0.0,False,0,3.12.3,2.5.2,2.13.0,2.9.0,1.3.0,3.2.7,e9fa15cc35312a5c1ecf0c42668a690b5061c090,7ebad1ecabd28a7000add2d05f888aa2e837c2cc,cf2x,240,30,12.0,0.5,1,36,DATTA-BASAK,2026-09-22T14:45:40+00:00
hover,SS5,frigate,45.0,6.0,30,aft,18,1692864728,99.80956211660782,0.19983243662043465,0.09893351594667554,1.9490911544912002,timeout,time_limit,360,-3.327768911343862,0.0,0.0,0.0,False,False,False,nan,nan,nan,nan,nan,nan,nan,nan,nan,0,0.0,False,0,3.12.3,2.5.2,2.13.0,2.9.0,1.3.0,3.2.7,e9fa15cc35312a5c1ecf0c42668a690b5061c090,7ebad1ecabd28a7000add2d05f888aa2e837c2cc,cf2x,240,30,12.0,0.5,1,36,DATTA-BASAK,2026-09-22T14:45:40+00:00
hover,SS5,frigate,135.0,12.0,27,aft,19,427390581,74.84651358299442,-0.20742833688552648,-0.28878786628091885,1.7312891127884162,timeout,time_limit,360,-3.6768592558608044,0.0,0.0,0.0,False,False,False,nan,nan,nan,nan,nan,nan,nan,nan,nan,0,0.0,False,0,3.12.3,2.5.2,2.13.0,2.9.0,1.3.0,3.2.7,e9fa15cc35312a5c1ecf0c42668a690b5061c090,7ebad1ecabd28a7000add2d05f888aa2e837c2cc,cf2x,240,30,12.0,0.5,1,36,DATTA-BASAK,2026-09-22T14:45:40+00:00
hover,SS5,frigate,135.0,0.0,28,aft,20,1838347881,45.24711097744162,0.22551459165086268,0.05202809491743465,1.7894848670064332,timeout,time_limit,360,-3.545699025994521,0.0,0.0,0.0,False,False,False,nan,nan,nan,nan,nan,nan,nan,nan,nan,0,0.0,False,0,3.12.3,2.5.2,2.13.0,2.9.0,1.3.0,3.2.7,e9fa15cc35312a5c1ecf0c42668a690b5061c090,7ebad1ecabd28a7000add2d05f888aa2e837c2cc,cf2x,240,30,12.0,0.5,1,36,DATTA-BASAK,2026-09-22T14:45:40+00:00
hover,SS5,frigate,90.0,12.0,31,aft,21,897941482,9.286853061039036,-0.18323825130003762,0.02075451970179515,1.8650363390921973,timeout,time_limit,360,-3.3941681829874657,0.0,0.0,0.0,False,False,False,nan,nan,nan,nan,nan,nan,nan,nan,nan,0,0.0,False,0,3.12.3,2.5.2,2.13.0,2.9.0,1.3.0,3.2.7,e9fa15cc35312a5c1ecf0c42668a690b5061c090,7ebad1ecabd28a7000add2d05f888aa2e837c2cc,cf2x,240,30,12.0,0.5,1,36,DATTA-BASAK,2026-09-22T14:45:40+00:00
hover,SS5,frigate,180.0,12.0,28,aft,22,1593041178,37.816563961852204,0.014133923739607812,0.2499971021431881,1.8427753870409815,timeout,time_limit,360,-3.251266549469745,0.0,0.0,0.0,False,False,False,nan,nan,nan,nan,nan,nan,nan,nan,nan,0,0.0,False,0,3.12.3,2.5.2,2.13.0,2.9.0,1.3.0,3.2.7,e9fa15cc35312a5c1ecf0c42668a690b5061c090,7ebad1ecabd28a7000add2d05f888aa2e837c2cc,cf2x,240,30,12.0,0.5,1,36,DATTA-BASAK,2026-09-22T14:45:40+00:00
hover,SS5,frigate,45.0,0.0,29,aft,23,1416530768,46.53007228555494,0.1456004415325542,-0.1901681693392373,1.6952667636567897,timeout,time_limit,360,-4.044642436336812,0.0,0.0,0.0,False,False,False,nan,nan,nan,nan,nan,nan,nan,nan,nan,0,0.0,False,0,3.12.3,2.5.2,2.13.0,2.9.0,1.3.0,3.2.7,e9fa15cc35312a5c1ecf0c42668a690b5061c090,7ebad1ecabd28a7000add2d05f888aa2e837c2cc,cf2x,240,30,12.0,0.5,1,36,DATTA-BASAK,2026-09-22T14:45:40+00:00
hover,SS5,frigate,180.0,0.0,30,aft,24,768660893,62.78705438550983,-0.08599393767345542,-0.2237571018350798,1.8177807326412083,timeout,time_limit,360,-2.912048337000049,0.0,0.0,0.0,False,False,False,nan,nan,nan,nan,nan,nan,nan,nan,nan,0,0.0,False,0,3.12.3,2.5.2,2.13.0,2.9.0,1.3.0,3.2.7,e9fa15cc35312a5c1ecf0c42668a690b5061c090,7ebad1ecabd28a7000add2d05f888aa2e837c2cc,cf2x,240,30,12.0,0.5,1,36,DATTA-BASAK,2026-09-22T14:45:40+00:00
hover,SS5,frigate,135.0,6.0,29,aft,25,2128296670,44.423256304506324,0.18641720640797932,-0.02923380855620572,1.7686336487924996,timeout,time_limit,360,-3.087382924763063,0.0,0.0,0.0,False,False,False,nan,nan,nan,nan,nan,nan,nan,nan,nan,0,0.0,False,0,3.12.3,2.5.2,2.13.0,2.9.0,1.3.0,3.2.7,e9fa15cc35312a5c1ecf0c42668a690b5061c090,7ebad1ecabd28a7000add2d05f888aa2e837c2cc,cf2x,240,30,12.0,0.5,1,36,DATTA-BASAK,2026-09-22T14:45:40+00:00
hover,SS5,frigate,135.0,12.0,31,aft,26,951911732,64.64903774017489,-0.21231849031344902,0.09715156418796267,1.773583410236519,timeout,time_limit,360,-3.2501851739161247,0.0,0.0,0.0,False,False,False,nan,nan,nan,nan,nan,nan,nan,nan,nan,0,0.0,False,0,3.12.3,2.5.2,2.13.0,2.9.0,1.3.0,3.2.7,e9fa15cc35312a5c1ecf0c42668a690b5061c090,7ebad1ecabd28a7000add2d05f888aa2e837c2cc,cf2x,240,30,12.0,0.5,1,36,DATTA-BASAK,2026-09-22T14:45:40+00:00
hover,SS5,frigate,45.0,6.0,31,aft,27,1621437779,6.177295892135065,0.29383453394723485,0.1976796680852455,1.8378796193481286,timeout,time_limit,360,-3.835583598900128,0.0,0.0,0.0,False,False,False,nan,nan,nan,nan,nan,nan,nan,nan,nan,0,0.0,False,0,3.12.3,2.5.2,2.13.0,2.9.0,1.3.0,3.2.7,e9fa15cc35312a5c1ecf0c42668a690b5061c090,7ebad1ecabd28a7000add2d05f888aa2e837c2cc,cf2x,240,30,12.0,0.5,1,36,DATTA-BASAK,2026-09-22T14:45:40+00:00
hover,SS5,frigate,135.0,0.0,30,aft,28,1323081974,70.30434065195114,0.01096565062424415,-0.04278951565036804,1.7452565463167784,timeout,time_limit,360,-3.2828665490046087,0.0,0.0,0.0,False,False,False,nan,nan,nan,nan,nan,nan,nan,nan,nan,0,0.0,False,0,3.12.3,2.5.2,2.13.0,2.9.0,1.3.0,3.2.7,e9fa15cc35312a5c1ecf0c42668a690b5061c090,7ebad1ecabd28a7000add2d05f888aa2e837c2cc,cf2x,240,30,12.0,0.5,1,36,DATTA-BASAK,2026-09-22T14:45:40+00:00
hover,SS5,frigate,180.0,0.0,30,aft,29,320815516,95.23208207425945,0.16245599420665852,0.2685248705118031,1.8896525665003172,timeout,time_limit,360,-3.774796843787647,0.0,0.0,0.0,False,False,False,nan,nan,nan,nan,nan,nan,nan,nan,nan,0,0.0,False,0,3.12.3,2.5.2,2.13.0,2.9.0,1.3.0,3.2.7,e9fa15cc35312a5c1ecf0c42668a690b5061c090,7ebad1ecabd28a7000add2d05f888aa2e837c2cc,cf2x,240,30,12.0,0.5,1,36,DATTA-BASAK,2026-09-22T14:45:40+00:00
hover,SS5,frigate,180.0,12.0,30,aft,30,653247881,14.85883005095199,0.015220442933484124,0.17131554653459447,1.9598511874906652,timeout,time_limit,360,-2.7993260167524654,0.0,0.0,0.0,False,False,False,nan,nan,nan,nan,nan,nan,nan,nan,nan,0,0.0,False,0,3.12.3,2.5.2,2.13.0,2.9.0,1.3.0,3.2.7,e9fa15cc35312a5c1ecf0c42668a690b5061c090,7ebad1ecabd28a7000add2d05f888aa2e837c2cc,cf2x,240,30,12.0,0.5,1,36,DATTA-BASAK,2026-09-22T14:45:40+00:00
hover,SS5,frigate,180.0,0.0,27,aft,31,1671915161,101.21372492331153,-0.07631829170734605,0.17451502993751516,1.7317545621384256,timeout,time_limit,360,-2.266558219045315,0.0,0.0,0.0,False,False,False,nan,nan,nan,nan,nan,nan,nan,nan,nan,0,0.0,False,0,3.12.3,2.5.2,2.13.0,2.9.0,1.3.0,3.2.7,e9fa15cc35312a5c1ecf0c42668a690b5061c090,7ebad1ecabd28a7000add2d05f888aa2e837c2cc,cf2x,240,30,12.0,0.5,1,36,DATTA-BASAK,2026-09-22T14:45:40+00:00
hover,SS5,frigate,180.0,6.0,30,aft,32,112676880,60.600838790803046,0.0998851417870667,-0.04855201511801355,1.836363620005956,timeout,time_limit,360,-4.217357807910504,0.0,0.0,0.0,False,False,False,nan,nan,nan,nan,nan,nan,nan,nan,nan,0,0.0,False,0,3.12.3,2.5.2,2.13.0,2.9.0,1.3.0,3.2.7,e9fa15cc35312a5c1ecf0c42668a690b5061c090,7ebad1ecabd28a7000add2d05f888aa2e837c2cc,cf2x,240,30,12.0,0.5,1,36,DATTA-BASAK,2026-09-22T14:45:40+00:00
hover,SS5,frigate,180.0,0.0,28,aft,33,1563197784,28.370194483616896,-0.09680774376828985,0.033039218113919355,1.6718441019119576,timeout,time_limit,360,-3.658893150643149,0.0,0.0,0.0,False,False,False,nan,nan,nan,nan,nan,nan,nan,nan,nan,0,0.0,False,0,3.12.3,2.5.2,2.13.0,2.9.0,1.3.0,3.2.7,e9fa15cc35312a5c1ecf0c42668a690b5061c090,7ebad1ecabd28a7000add2d05f888aa2e837c2cc,cf2x,240,30,12.0,0.5,1,36,DATTA-BASAK,2026-09-22T14:45:40+00:00
hover,SS5,frigate,45.0,6.0,27,aft,34,485118894,90.03731371207019,0.022582425644713022,0.15842897335937695,1.9550264361434195,timeout,time_limit,360,-3.8381102744500466,0.0,0.0,0.0,False,False,False,nan,nan,nan,nan,nan,nan,nan,nan,nan,0,0.0,False,0,3.12.3,2.5.2,2.13.0,2.9.0,1.3.0,3.2.7,e9fa15cc35312a5c1ecf0c42668a690b5061c090,7ebad1ecabd28a7000add2d05f888aa2e837c2cc,cf2x,240,30,12.0,0.5,1,36,DATTA-BASAK,2026-09-22T14:45:40+00:00
hover,SS5,frigate,45.0,0.0,29,aft,35,1826212086,75.72244625935537,0.02109906762982383,-0.0029426709623781577,1.7419072270822826,timeout,time_limit,360,-3.8660049605598767,0.0,0.0,0.0,False,False,False,nan,nan,nan,nan,nan,nan,nan,nan,nan,0,0.0,False,0,3.12.3,2.5.2,2.13.0,2.9.0,1.3.0,3.2.7,e9fa15cc35312a5c1ecf0c42668a690b5061c090,7ebad1ecabd28a7000add2d05f888aa2e837c2cc,cf2x,240,30,12.0,0.5,1,36,DATTA-BASAK,2026-09-22T14:45:40+00:00
hover,SS5,frigate,45.0,12.0,31,aft,36,1674510019,10.167436892442002,-0.2608965166230168,-0.21416615259399252,1.666592533022769,timeout,time_limit,360,-3.3666669977165484,0.0,0.0,0.0,False,False,False,nan,nan,nan,nan,nan,nan,nan,nan,nan,0,0.0,False,0,3.12.3,2.5.2,2.13.0,2.9.0,1.3.0,3.2.7,e9fa15cc35312a5c1ecf0c42668a690b5061c090,7ebad1ecabd28a7000add2d05f888aa2e837c2cc,cf2x,240,30,12.0,0.5,1,36,DATTA-BASAK,2026-09-22T14:45:40+00:00
hover,SS5,frigate,45.0,12.0,29,aft,37,994318137,20.560752622653805,0.1483883407266764,0.2071918300575784,1.7125033742031424,timeout,time_limit,360,-3.2999423065668854,0.0,0.0,0.0,False,False,False,nan,nan,nan,nan,nan,nan,nan,nan,nan,0,0.0,False,0,3.12.3,2.5.2,2.13.0,2.9.0,1.3.0,3.2.7,e9fa15cc35312a5c1ecf0c42668a690b5061c090,7ebad1ecabd28a7000add2d05f888aa2e837c2cc,cf2x,240,30,12.0,0.5,1,36,DATTA-BASAK,2026-09-22T14:45:40+00:00
hover,SS5,frigate,45.0,12.0,31,aft,38,1474200332,92.4942003437017,-0.2348474830156005,-0.2602510530501012,1.6371832765627916,timeout,time_limit,360,-3.7463023007852536,0.0,0.0,0.0,False,False,False,nan,nan,nan,nan,nan,nan,nan,nan,nan,0,0.0,False,0,3.12.3,2.5.2,2.13.0,2.9.0,1.3.0,3.2.7,e9fa15cc35312a5c1ecf0c42668a690b5061c090,7ebad1ecabd28a7000add2d05f888aa2e837c2cc,cf2x,240,30,12.0,0.5,1,36,DATTA-BASAK,2026-09-22T14:45:40+00:00
hover,SS5,frigate,180.0,6.0,28,aft,39,965557791,37.259834531361314,0.15280369138756006,0.18682468778261774,1.7535810711020474,timeout,time_limit,360,-2.772510882017749,0.0,0.0,0.0,False,False,False,nan,nan,nan,nan,nan,nan,nan,nan,nan,0,0.0,False,0,3.12.3,2.5.2,2.13.0,2.9.0,1.3.0,3.2.7,e9fa15cc35312a5c1ecf0c42668a690b5061c090,7ebad1ecabd28a7000add2d05f888aa2e837c2cc,cf2x,240,30,12.0,0.5,1,36,DATTA-BASAK,2026-09-22T14:45:40+00:00
hover,SS5,frigate,45.0,12.0,28,aft,40,1711803455,20.094599050553143,0.061547331511943304,-0.14763334572241896,1.7005218686948318,timeout,time_limit,360,-3.333855274227694,0.0,0.0,0.0,False,False,False,nan,nan,nan,nan,nan,nan,nan,nan,nan,0,0.0,False,0,3.12.3,2.5.2,2.13.0,2.9.0,1.3.0,3.2.7,e9fa15cc35312a5c1ecf0c42668a690b5061c090,7ebad1ecabd28a7000add2d05f888aa2e837c2cc,cf2x,240,30,12.0,0.5,1,36,DATTA-BASAK,2026-09-22T14:45:40+00:00
hover,SS5,frigate,135.0,6.0,27,aft,41,473218386,60.71505628051492,-0.2809177818156523,-0.2734838203255911,1.7152733787687031,timeout,time_limit,360,-4.00209807525166,0.0,0.0,0.0,False,False,False,nan,nan,nan,nan,nan,nan,nan,nan,nan,0,0.0,False,0,3.12.3,2.5.2,2.13.0,2.9.0,1.3.0,3.2.7,e9fa15cc35312a5c1ecf0c42668a690b5061c090,7ebad1ecabd28a7000add2d05f888aa2e837c2cc,cf2x,240,30,12.0,0.5,1,36,DATTA-BASAK,2026-09-22T14:45:40+00:00
hover,SS5,frigate,135.0,12.0,28,aft,42,1029341881,11.567746562335135,-0.29160572733101303,-0.014650331623800694,1.836139603011589,timeout,time_limit,360,-3.843715820068285,0.0,0.0,0.0,False,False,False,nan,nan,nan,nan,nan,nan,nan,nan,nan,0,0.0,False,0,3.12.3,2.5.2,2.13.0,2.9.0,1.3.0,3.2.7,e9fa15cc35312a5c1ecf0c42668a690b5061c090,7ebad1ecabd28a7000add2d05f888aa2e837c2cc,cf2x,240,30,12.0,0.5,1,36,DATTA-BASAK,2026-09-22T14:45:40+00:00
hover,SS5,frigate,180.0,0.0,28,aft,43,333649601,19.3214372822601,-0.0707116048017333,-0.21329295369015333,1.6607818175570892,timeout,time_limit,360,-3.3126986117901196,0.0,0.0,0.0,False,False,False,nan,nan,nan,nan,nan,nan,nan,nan,nan,0,0.0,False,0,3.12.3,2.5.2,2.13.0,2.9.0,1.3.0,3.2.7,e9fa15cc35312a5c1ecf0c42668a690b5061c090,7ebad1ecabd28a7000add2d05f888aa2e837c2cc,cf2x,240,30,12.0,0.5,1,36,DATTA-BASAK,2026-09-22T14:45:40+00:00
hover,SS5,frigate,135.0,6.0,29,aft,44,247003208,20.709534909032374,0.10630698935425176,0.2541574954185231,1.6363229967240727,timeout,time_limit,360,-3.884751153130722,0.0,0.0,0.0,False,False,False,nan,nan,nan,nan,nan,nan,nan,nan,nan,0,0.0,False,0,3.12.3,2.5.2,2.13.0,2.9.0,1.3.0,3.2.7,e9fa15cc35312a5c1ecf0c42668a690b5061c090,7ebad1ecabd28a7000add2d05f888aa2e837c2cc,cf2x,240,30,12.0,0.5,1,36,DATTA-BASAK,2026-09-22T14:45:40+00:00
hover,SS5,frigate,90.0,0.0,31,aft,45,276041036,71.58096589760568,0.044914556569097375,-0.12572700252967892,1.961005557273769,timeout,time_limit,360,-3.5123880786557566,0.0,0.0,0.0,False,False,False,nan,nan,nan,nan,nan,nan,nan,nan,nan,0,0.0,False,0,3.12.3,2.5.2,2.13.0,2.9.0,1.3.0,3.2.7,e9fa15cc35312a5c1ecf0c42668a690b5061c090,7ebad1ecabd28a7000add2d05f888aa2e837c2cc,cf2x,240,30,12.0,0.5,1,36,DATTA-BASAK,2026-09-22T14:45:40+00:00
hover,SS5,frigate,45.0,6.0,30,aft,46,557266732,96.94205871861767,-0.2550241693350352,-0.23596709054432613,1.8485363998026558,timeout,time_limit,360,-3.6305846885438022,0.0,0.0,0.0,False,False,False,nan,nan,nan,nan,nan,nan,nan,nan,nan,0,0.0,False,0,3.12.3,2.5.2,2.13.0,2.9.0,1.3.0,3.2.7,e9fa15cc35312a5c1ecf0c42668a690b5061c090,7ebad1ecabd28a7000add2d05f888aa2e837c2cc,cf2x,240,30,12.0,0.5,1,36,DATTA-BASAK,2026-09-22T14:45:40+00:00
hover,SS5,frigate,45.0,6.0,28,aft,47,1095616072,64.139252579415,-0.2571178093318604,-0.09414651244897138,1.96596983273841,timeout,time_limit,360,-3.8303983860555078,0.0,0.0,0.0,False,False,False,nan,nan,nan,nan,nan,nan,nan,nan,nan,0,0.0,False,0,3.12.3,2.5.2,2.13.0,2.9.0,1.3.0,3.2.7,e9fa15cc35312a5c1ecf0c42668a690b5061c090,7ebad1ecabd28a7000add2d05f888aa2e837c2cc,cf2x,240,30,12.0,0.5,1,36,DATTA-BASAK,2026-09-22T14:45:40+00:00
hover,SS5,frigate,180.0,12.0,30,aft,48,213510788,5.308250051362216,0.018664100914129567,-0.1391119338143533,1.7377597833614884,timeout,time_limit,360,-4.700998846953453,0.0,0.0,0.0,False,False,False,nan,nan,nan,nan,nan,nan,nan,nan,nan,0,0.0,False,0,3.12.3,2.5.2,2.13.0,2.9.0,1.3.0,3.2.7,e9fa15cc35312a5c1ecf0c42668a690b5061c090,7ebad1ecabd28a7000add2d05f888aa2e837c2cc,cf2x,240,30,12.0,0.5,1,36,DATTA-BASAK,2026-09-22T14:45:40+00:00
hover,SS5,frigate,135.0,0.0,29,aft,49,992918670,88.48695900780781,0.04033100958027852,0.07259158259812454,1.7208105428368983,timeout,time_limit,360,-4.106433218365994,0.0,0.0,0.0,False,False,False,nan,nan,nan,nan,nan,nan,nan,nan,nan,0,0.0,False,0,3.12.3,2.5.2,2.13.0,2.9.0,1.3.0,3.2.7,e9fa15cc35312a5c1ecf0c42668a690b5061c090,7ebad1ecabd28a7000add2d05f888aa2e837c2cc,cf2x,240,30,12.0,0.5,1,36,DATTA-BASAK,2026-09-22T14:45:40+00:00
hover,SS5,frigate,90.0,0.0,27,aft,50,1532085710,22.873606495302205,-0.20380978813475753,-0.17054822096473823,1.7674787361418889,timeout,time_limit,360,-3.3536577351607013,0.0,0.0,0.0,False,False,False,nan,nan,nan,nan,nan,nan,nan,nan,nan,0,0.0,False,0,3.12.3,2.5.2,2.13.0,2.9.0,1.3.0,3.2.7,e9fa15cc35312a5c1ecf0c42668a690b5061c090,7ebad1ecabd28a7000add2d05f888aa2e837c2cc,cf2x,240,30,12.0,0.5,1,36,DATTA-BASAK,2026-09-22T14:45:40+00:00
hover,SS5,frigate,90.0,6.0,30,aft,51,1578703365,48.37903867693752,-0.08851695331831558,0.17132575341032752,1.9976379694039332,timeout,time_limit,360,-3.0024319225184106,0.0,0.0,0.0,False,False,False,nan,nan,nan,nan,nan,nan,nan,nan,nan,0,0.0,False,0,3.12.3,2.5.2,2.13.0,2.9.0,1.3.0,3.2.7,e9fa15cc35312a5c1ecf0c42668a690b5061c090,7ebad1ecabd28a7000add2d05f888aa2e837c2cc,cf2x,240,30,12.0,0.5,1,36,DATTA-BASAK,2026-09-22T14:45:40+00:00
hover,SS5,frigate,180.0,0.0,31,aft,52,1347680154,58.58659240704032,-0.2888351906417432,-0.2864809085851279,1.61063371304453,timeout,time_limit,360,-2.847085039757571,0.0,0.0,0.0,False,False,False,nan,nan,nan,nan,nan,nan,nan,nan,nan,0,0.0,False,0,3.12.3,2.5.2,2.13.0,2.9.0,1.3.0,3.2.7,e9fa15cc35312a5c1ecf0c42668a690b5061c090,7ebad1ecabd28a7000add2d05f888aa2e837c2cc,cf2x,240,30,12.0,0.5,1,36,DATTA-BASAK,2026-09-22T14:45:40+00:00
hover,SS5,frigate,135.0,12.0,31,aft,53,1118146043,95.59557336531674,0.2632456278331224,-0.009455881261379084,1.8285777453142333,timeout,time_limit,360,-3.3279088571552133,0.0,0.0,0.0,False,False,False,nan,nan,nan,nan,nan,nan,nan,nan,nan,0,0.0,False,0,3.12.3,2.5.2,2.13.0,2.9.0,1.3.0,3.2.7,e9fa15cc35312a5c1ecf0c42668a690b5061c090,7ebad1ecabd28a7000add2d05f888aa2e837c2cc,cf2x,240,30,12.0,0.5,1,36,DATTA-BASAK,2026-09-22T14:45:40+00:00
hover,SS5,frigate,180.0,12.0,30,aft,54,1944306871,38.65818513131185,-0.20708222985235558,-0.13442061144149142,1.988321785391335,timeout,time_limit,360,-2.721228913338123,0.0,0.0,0.0,False,False,False,nan,nan,nan,nan,nan,nan,nan,nan,nan,0,0.0,False,0,3.12.3,2.5.2,2.13.0,2.9.0,1.3.0,3.2.7,e9fa15cc35312a5c1ecf0c42668a690b5061c090,7ebad1ecabd28a7000add2d05f888aa2e837c2cc,cf2x,240,30,12.0,0.5,1,36,DATTA-BASAK,2026-09-22T14:45:40+00:00
hover,SS5,frigate,45.0,0.0,31,aft,55,303483411,72.2330064267834,-0.1396422250628944,0.159086551288601,1.6577566860856519,timeout,time_limit,360,-3.333724123830439,0.0,0.0,0.0,False,False,False,nan,nan,nan,nan,nan,nan,nan,nan,nan,0,0.0,False,0,3.12.3,2.5.2,2.13.0,2.9.0,1.3.0,3.2.7,e9fa15cc35312a5c1ecf0c42668a690b5061c090,7ebad1ecabd28a7000add2d05f888aa2e837c2cc,cf2x,240,30,12.0,0.5,1,36,DATTA-BASAK,2026-09-22T14:45:40+00:00
hover,SS5,frigate,90.0,0.0,29,aft,56,730620080,101.1544237985373,0.18849655808058968,-0.2498648921078987,1.712027920463881,timeout,time_limit,360,-3.3576763966517618,0.0,0.0,0.0,False,False,False,nan,nan,nan,nan,nan,nan,nan,nan,nan,0,0.0,False,0,3.12.3,2.5.2,2.13.0,2.9.0,1.3.0,3.2.7,e9fa15cc35312a5c1ecf0c42668a690b5061c090,7ebad1ecabd28a7000add2d05f888aa2e837c2cc,cf2x,240,30,12.0,0.5,1,36,DATTA-BASAK,2026-09-22T14:45:40+00:00
hover,SS5,frigate,135.0,12.0,31,aft,57,655547238,45.92413743900773,-0.21127565785766989,-0.06264091236796582,1.7157592781841386,timeout,time_limit,360,-3.5030443658826296,0.0,0.0,0.0,False,False,False,nan,nan,nan,nan,nan,nan,nan,nan,nan,0,0.0,False,0,3.12.3,2.5.2,2.13.0,2.9.0,1.3.0,3.2.7,e9fa15cc35312a5c1ecf0c42668a690b5061c090,7ebad1ecabd28a7000add2d05f888aa2e837c2cc,cf2x,240,30,12.0,0.5,1,36,DATTA-BASAK,2026-09-22T14:45:40+00:00
hover,SS5,frigate,45.0,0.0,29,aft,58,2086556467,18.019758512145227,-0.05041276135870881,0.15281311810089404,1.655851268220622,timeout,time_limit,360,-2.8223561484255137,0.0,0.0,0.0,False,False,False,nan,nan,nan,nan,nan,nan,nan,nan,nan,0,0.0,False,0,3.12.3,2.5.2,2.13.0,2.9.0,1.3.0,3.2.7,e9fa15cc35312a5c1ecf0c42668a690b5061c090,7ebad1ecabd28a7000add2d05f888aa2e837c2cc,cf2x,240,30,12.0,0.5,1,36,DATTA-BASAK,2026-09-22T14:45:40+00:00
hover,SS5,frigate,45.0,6.0,31,aft,59,1882804042,82.88016823744172,0.24225790115569085,-0.061486736997223845,1.9771156816379407,timeout,time_limit,360,-3.5800979987003942,0.0,0.0,0.0,False,False,False,nan,nan,nan,nan,nan,nan,nan,nan,nan,0,0.0,False,0,3.12.3,2.5.2,2.13.0,2.9.0,1.3.0,3.2.7,e9fa15cc35312a5c1ecf0c42668a690b5061c090,7ebad1ecabd28a7000add2d05f888aa2e837c2cc,cf2x,240,30,12.0,0.5,1,36,DATTA-BASAK,2026-09-22T14:45:40+00:00
hover,SS5,frigate,135.0,0.0,27,aft,60,1428952224,40.070998397683375,-0.12051394101407706,0.14096156608128485,1.8282309823397356,timeout,time_limit,360,-3.1178507220516924,0.0,0.0,0.0,False,False,False,nan,nan,nan,nan,nan,nan,nan,nan,nan,0,0.0,False,0,3.12.3,2.5.2,2.13.0,2.9.0,1.3.0,3.2.7,e9fa15cc35312a5c1ecf0c42668a690b5061c090,7ebad1ecabd28a7000add2d05f888aa2e837c2cc,cf2x,240,30,12.0,0.5,1,36,DATTA-BASAK,2026-09-22T14:45:40+00:00
hover,SS5,frigate,90.0,0.0,29,aft,61,2055580566,11.208152269768142,-0.08861116685850279,-0.15564468501836662,1.8364110161783005,timeout,time_limit,360,-3.995672768785302,0.0,0.0,0.0,False,False,False,nan,nan,nan,nan,nan,nan,nan,nan,nan,0,0.0,False,0,3.12.3,2.5.2,2.13.0,2.9.0,1.3.0,3.2.7,e9fa15cc35312a5c1ecf0c42668a690b5061c090,7ebad1ecabd28a7000add2d05f888aa2e837c2cc,cf2x,240,30,12.0,0.5,1,36,DATTA-BASAK,2026-09-22T14:45:40+00:00
hover,SS5,frigate,135.0,12.0,30,aft,62,1151556527,47.16064033289806,0.1222532669258381,0.20431785517964324,1.6874956308929057,timeout,time_limit,360,-3.5213348674851273,0.0,0.0,0.0,False,False,False,nan,nan,nan,nan,nan,nan,nan,nan,nan,0,0.0,False,0,3.12.3,2.5.2,2.13.0,2.9.0,1.3.0,3.2.7,e9fa15cc35312a5c1ecf0c42668a690b5061c090,7ebad1ecabd28a7000add2d05f888aa2e837c2cc,cf2x,240,30,12.0,0.5,1,36,DATTA-BASAK,2026-09-22T14:45:40+00:00
hover,SS5,frigate,135.0,6.0,29,aft,63,726783660,31.527535194014007,0.10192380636432458,0.09311135679018845,1.9377163693328656,timeout,time_limit,360,-3.164880939729028,0.0,0.0,0.0,False,False,False,nan,nan,nan,nan,nan,nan,nan,nan,nan,0,0.0,False,0,3.12.3,2.5.2,2.13.0,2.9.0,1.3.0,3.2.7,e9fa15cc35312a5c1ecf0c42668a690b5061c090,7ebad1ecabd28a7000add2d05f888aa2e837c2cc,cf2x,240,30,12.0,0.5,1,36,DATTA-BASAK,2026-09-22T14:45:40+00:00
hover,SS5,frigate,180.0,6.0,28,aft,64,160878240,102.68233426701231,0.29523586759242687,0.2377805756720927,1.8576807077354904,timeout,time_limit,360,-3.2246114649214737,0.0,0.0,0.0,False,False,False,nan,nan,nan,nan,nan,nan,nan,nan,nan,0,0.0,False,0,3.12.3,2.5.2,2.13.0,2.9.0,1.3.0,3.2.7,e9fa15cc35312a5c1ecf0c42668a690b5061c090,7ebad1ecabd28a7000add2d05f888aa2e837c2cc,cf2x,240,30,12.0,0.5,1,36,DATTA-BASAK,2026-09-22T14:45:40+00:00
hover,SS5,frigate,45.0,6.0,28,aft,65,1084161878,35.68036668500474,-0.03743531011132245,0.17593030811434762,1.6442020323650042,timeout,time_limit,360,-3.8988006841336884,0.0,0.0,0.0,False,False,False,nan,nan,nan,nan,nan,nan,nan,nan,nan,0,0.0,False,0,3.12.3,2.5.2,2.13.0,2.9.0,1.3.0,3.2.7,e9fa15cc35312a5c1ecf0c42668a690b5061c090,7ebad1ecabd28a7000add2d05f888aa2e837c2cc,cf2x,240,30,12.0,0.5,1,36,DATTA-BASAK,2026-09-22T14:45:40+00:00
hover,SS5,frigate,90.0,0.0,28,aft,66,989231904,96.90896501949351,0.23788905052771286,0.028552261022858128,1.7199328292241116,timeout,time_limit,360,-3.531602272196445,0.0,0.0,0.0,False,False,False,nan,nan,nan,nan,nan,nan,nan,nan,nan,0,0.0,False,0,3.12.3,2.5.2,2.13.0,2.9.0,1.3.0,3.2.7,e9fa15cc35312a5c1ecf0c42668a690b5061c090,7ebad1ecabd28a7000add2d05f888aa2e837c2cc,cf2x,240,30,12.0,0.5,1,36,DATTA-BASAK,2026-09-22T14:45:40+00:00
hover,SS5,frigate,180.0,12.0,29,aft,67,2090764682,30.593948157104055,-0.05188692824272953,0.03632991083653864,1.8334479485169504,timeout,time_limit,360,-3.7835076638007124,0.0,0.0,0.0,False,False,False,nan,nan,nan,nan,nan,nan,nan,nan,nan,0,0.0,False,0,3.12.3,2.5.2,2.13.0,2.9.0,1.3.0,3.2.7,e9fa15cc35312a5c1ecf0c42668a690b5061c090,7ebad1ecabd28a7000add2d05f888aa2e837c2cc,cf2x,240,30,12.0,0.5,1,36,DATTA-BASAK,2026-09-22T14:45:40+00:00
hover,SS5,frigate,90.0,0.0,31,aft,68,1392348553,54.8276784017558,0.21082657103895747,-0.032133672232327215,1.6130565441267715,timeout,time_limit,360,-3.32234535694183,0.0,0.0,0.0,False,False,False,nan,nan,nan,nan,nan,nan,nan,nan,nan,0,0.0,False,0,3.12.3,2.5.2,2.13.0,2.9.0,1.3.0,3.2.7,e9fa15cc35312a5c1ecf0c42668a690b5061c090,7ebad1ecabd28a7000add2d05f888aa2e837c2cc,cf2x,240,30,12.0,0.5,1,36,DATTA-BASAK,2026-09-22T14:45:40+00:00
hover,SS5,frigate,135.0,6.0,27,aft,69,642446148,81.7134146680848,-0.24044369678640953,-0.2741393812339918,1.915233934062916,timeout,time_limit,360,-3.7744446572828214,0.0,0.0,0.0,False,False,False,nan,nan,nan,nan,nan,nan,nan,nan,nan,0,0.0,False,0,3.12.3,2.5.2,2.13.0,2.9.0,1.3.0,3.2.7,e9fa15cc35312a5c1ecf0c42668a690b5061c090,7ebad1ecabd28a7000add2d05f888aa2e837c2cc,cf2x,240,30,12.0,0.5,1,36,DATTA-BASAK,2026-09-22T14:45:40+00:00
hover,SS5,frigate,135.0,6.0,29,aft,70,1032154018,59.236350800732424,0.1161682798082676,0.035691581204472134,1.9085164591981965,timeout,time_limit,360,-3.295184123482503,0.0,0.0,0.0,False,False,False,nan,nan,nan,nan,nan,nan,nan,nan,nan,0,0.0,False,0,3.12.3,2.5.2,2.13.0,2.9.0,1.3.0,3.2.7,e9fa15cc35312a5c1ecf0c42668a690b5061c090,7ebad1ecabd28a7000add2d05f888aa2e837c2cc,cf2x,240,30,12.0,0.5,1,36,DATTA-BASAK,2026-09-22T14:45:40+00:00
hover,SS5,frigate,45.0,0.0,31,aft,71,279734953,49.97983736958483,-0.2992467838603678,0.26423861200030413,1.7087309163611222,timeout,time_limit,360,-3.6103972259716492,0.0,0.0,0.0,False,False,False,nan,nan,nan,nan,nan,nan,nan,nan,nan,0,0.0,False,0,3.12.3,2.5.2,2.13.0,2.9.0,1.3.0,3.2.7,e9fa15cc35312a5c1ecf0c42668a690b5061c090,7ebad1ecabd28a7000add2d05f888aa2e837c2cc,cf2x,240,30,12.0,0.5,1,36,DATTA-BASAK,2026-09-22T14:45:40+00:00
hover,SS5,frigate,180.0,6.0,31,aft,72,811627585,104.98853352900805,0.13189195308543777,-0.05085532121815903,1.6643702682280854,timeout,time_limit,360,-3.622733403802247,0.0,0.0,0.0,False,False,False,nan,nan,nan,nan,nan,nan,nan,nan,nan,0,0.0,False,0,3.12.3,2.5.2,2.13.0,2.9.0,1.3.0,3.2.7,e9fa15cc35312a5c1ecf0c42668a690b5061c090,7ebad1ecabd28a7000add2d05f888aa2e837c2cc,cf2x,240,30,12.0,0.5,1,36,DATTA-BASAK,2026-09-22T14:45:40+00:00
hover,SS5,frigate,135.0,6.0,27,aft,73,474734206,86.11136655835163,-0.11051544360573393,-0.09387386003262718,1.8237133411391246,timeout,time_limit,360,-3.9001231659520994,0.0,0.0,0.0,False,False,False,nan,nan,nan,nan,nan,nan,nan,nan,nan,0,0.0,False,0,3.12.3,2.5.2,2.13.0,2.9.0,1.3.0,3.2.7,e9fa15cc35312a5c1ecf0c42668a690b5061c090,7ebad1ecabd28a7000add2d05f888aa2e837c2cc,cf2x,240,30,12.0,0.5,1,36,DATTA-BASAK,2026-09-22T14:45:40+00:00
hover,SS5,frigate,180.0,6.0,31,aft,74,2130730736,34.10084010229831,-0.11774241038971697,-0.04860355171722486,1.9204986919988345,timeout,time_limit,360,-2.9920373199437966,0.0,0.0,0.0,False,False,False,nan,nan,nan,nan,nan,nan,nan,nan,nan,0,0.0,False,0,3.12.3,2.5.2,2.13.0,2.9.0,1.3.0,3.2.7,e9fa15cc35312a5c1ecf0c42668a690b5061c090,7ebad1ecabd28a7000add2d05f888aa2e837c2cc,cf2x,240,30,12.0,0.5,1,36,DATTA-BASAK,2026-09-22T14:45:40+00:00
hover,SS5,frigate,180.0,6.0,27,aft,75,494569696,75.23723912533518,0.01859251467114026,0.19007632656405193,1.6033121353240953,timeout,time_limit,360,-3.7480072628360945,0.0,0.0,0.0,False,False,False,nan,nan,nan,nan,nan,nan,nan,nan,nan,0,0.0,False,0,3.12.3,2.5.2,2.13.0,2.9.0,1.3.0,3.2.7,e9fa15cc35312a5c1ecf0c42668a690b5061c090,7ebad1ecabd28a7000add2d05f888aa2e837c2cc,cf2x,240,30,12.0,0.5,1,36,DATTA-BASAK,2026-09-22T14:45:40+00:00
hover,SS5,frigate,45.0,12.0,27,aft,76,567820924,22.274452564781726,-0.1196261253723177,-0.2829851142468187,1.6338603483497776,timeout,time_limit,360,-4.196256881573814,0.0,0.0,0.0,False,False,False,nan,nan,nan,nan,nan,nan,nan,nan,nan,0,0.0,False,0,3.12.3,2.5.2,2.13.0,2.9.0,1.3.0,3.2.7,e9fa15cc35312a5c1ecf0c42668a690b5061c090,7ebad1ecabd28a7000add2d05f888aa2e837c2cc,cf2x,240,30,12.0,0.5,1,36,DATTA-BASAK,2026-09-22T14:45:40+00:00
hover,SS5,frigate,180.0,0.0,28,aft,77,686624909,38.178453456443535,-0.12058391241876867,-0.13175717540038287,1.8727755957269767,timeout,time_limit,360,-3.8521677663812026,0.0,0.0,0.0,False,False,False,nan,nan,nan,nan,nan,nan,nan,nan,nan,0,0.0,False,0,3.12.3,2.5.2,2.13.0,2.9.0,1.3.0,3.2.7,e9fa15cc35312a5c1ecf0c42668a690b5061c090,7ebad1ecabd28a7000add2d05f888aa2e837c2cc,cf2x,240,30,12.0,0.5,1,36,DATTA-BASAK,2026-09-22T14:45:40+00:00
hover,SS5,frigate,45.0,0.0,31,aft,78,894028507,61.523331301465674,-0.25739178715967287,0.17265462637861095,1.7080510938403322,timeout,time_limit,360,-3.705057332899197,0.0,0.0,0.0,False,False,False,nan,nan,nan,nan,nan,nan,nan,nan,nan,0,0.0,False,0,3.12.3,2.5.2,2.13.0,2.9.0,1.3.0,3.2.7,e9fa15cc35312a5c1ecf0c42668a690b5061c090,7ebad1ecabd28a7000add2d05f888aa2e837c2cc,cf2x,240,30,12.0,0.5,1,36,DATTA-BASAK,2026-09-22T14:45:40+00:00
hover,SS5,frigate,135.0,12.0,29,aft,79,931234652,103.80315021507138,0.15138635329183642,0.01965369496394298,1.6573794285296706,timeout,time_limit,360,-4.166555135047221,0.0,0.0,0.0,False,False,False,nan,nan,nan,nan,nan,nan,nan,nan,nan,0,0.0,False,0,3.12.3,2.5.2,2.13.0,2.9.0,1.3.0,3.2.7,e9fa15cc35312a5c1ecf0c42668a690b5061c090,7ebad1ecabd28a7000add2d05f888aa2e837c2cc,cf2x,240,30,12.0,0.5,1,36,DATTA-BASAK,2026-09-22T14:45:40+00:00
hover,SS5,frigate,135.0,0.0,31,aft,80,1638694269,18.815652809789274,-0.019884486821835634,0.2704122362168592,1.8119749526775848,timeout,time_limit,360,-4.175553380871479,0.0,0.0,0.0,False,False,False,nan,nan,nan,nan,nan,nan,nan,nan,nan,0,0.0,False,0,3.12.3,2.5.2,2.13.0,2.9.0,1.3.0,3.2.7,e9fa15cc35312a5c1ecf0c42668a690b5061c090,7ebad1ecabd28a7000add2d05f888aa2e837c2cc,cf2x,240,30,12.0,0.5,1,36,DATTA-BASAK,2026-09-22T14:45:40+00:00
hover,SS5,frigate,135.0,0.0,31,aft,81,2025707365,30.66224670219467,-0.23556070759548758,0.08780017496991366,1.8626700247220307,timeout,time_limit,360,-3.288004924732368,0.0,0.0,0.0,False,False,False,nan,nan,nan,nan,nan,nan,nan,nan,nan,0,0.0,False,0,3.12.3,2.5.2,2.13.0,2.9.0,1.3.0,3.2.7,e9fa15cc35312a5c1ecf0c42668a690b5061c090,7ebad1ecabd28a7000add2d05f888aa2e837c2cc,cf2x,240,30,12.0,0.5,1,36,DATTA-BASAK,2026-09-22T14:45:40+00:00
hover,SS5,frigate,135.0,12.0,29,aft,82,778371713,34.83852356356458,0.2023716541326383,0.01697336713708536,1.8674150561907807,timeout,time_limit,360,-3.480728872407255,0.0,0.0,0.0,False,False,False,nan,nan,nan,nan,nan,nan,nan,nan,nan,0,0.0,False,0,3.12.3,2.5.2,2.13.0,2.9.0,1.3.0,3.2.7,e9fa15cc35312a5c1ecf0c42668a690b5061c090,7ebad1ecabd28a7000add2d05f888aa2e837c2cc,cf2x,240,30,12.0,0.5,1,36,DATTA-BASAK,2026-09-22T14:45:40+00:00
hover,SS5,frigate,45.0,12.0,27,aft,83,860745989,9.315708288448302,-0.23021686861715868,-0.250490532082729,1.9389977526123405,timeout,time_limit,360,-3.896067628302022,0.0,0.0,0.0,False,False,False,nan,nan,nan,nan,nan,nan,nan,nan,nan,0,0.0,False,0,3.12.3,2.5.2,2.13.0,2.9.0,1.3.0,3.2.7,e9fa15cc35312a5c1ecf0c42668a690b5061c090,7ebad1ecabd28a7000add2d05f888aa2e837c2cc,cf2x,240,30,12.0,0.5,1,36,DATTA-BASAK,2026-09-22T14:45:40+00:00
hover,SS5,frigate,45.0,12.0,31,aft,84,1067796441,10.090405002817185,-0.17253434927350805,0.15474037326468543,1.8332282166748437,timeout,time_limit,360,-3.398545596109577,0.0,0.0,0.0,False,False,False,nan,nan,nan,nan,nan,nan,nan,nan,nan,0,0.0,False,0,3.12.3,2.5.2,2.13.0,2.9.0,1.3.0,3.2.7,e9fa15cc35312a5c1ecf0c42668a690b5061c090,7ebad1ecabd28a7000add2d05f888aa2e837c2cc,cf2x,240,30,12.0,0.5,1,36,DATTA-BASAK,2026-09-22T14:45:40+00:00
hover,SS5,frigate,90.0,6.0,28,aft,85,499107860,64.03725470639512,0.0951122263695226,0.20889484408043207,1.73947936767041,timeout,time_limit,360,-3.469715876309781,0.0,0.0,0.0,False,False,False,nan,nan,nan,nan,nan,nan,nan,nan,nan,0,0.0,False,0,3.12.3,2.5.2,2.13.0,2.9.0,1.3.0,3.2.7,e9fa15cc35312a5c1ecf0c42668a690b5061c090,7ebad1ecabd28a7000add2d05f888aa2e837c2cc,cf2x,240,30,12.0,0.5,1,36,DATTA-BASAK,2026-09-22T14:45:40+00:00
hover,SS5,frigate,180.0,0.0,27,aft,86,1682881696,84.08078404636528,0.07824680101913362,-0.14524184978435514,1.7622327034606293,timeout,time_limit,360,-4.201369927763436,0.0,0.0,0.0,False,False,False,nan,nan,nan,nan,nan,nan,nan,nan,nan,0,0.0,False,0,3.12.3,2.5.2,2.13.0,2.9.0,1.3.0,3.2.7,e9fa15cc35312a5c1ecf0c42668a690b5061c090,7ebad1ecabd28a7000add2d05f888aa2e837c2cc,cf2x,240,30,12.0,0.5,1,36,DATTA-BASAK,2026-09-22T14:45:40+00:00
hover,SS5,frigate,135.0,6.0,31,aft,87,1494596292,7.859792120540934,-0.17742941045800703,-0.10303123174559356,1.6185878270118574,timeout,time_limit,360,-4.37007361060931,0.0,0.0,0.0,False,False,False,nan,nan,nan,nan,nan,nan,nan,nan,nan,0,0.0,False,0,3.12.3,2.5.2,2.13.0,2.9.0,1.3.0,3.2.7,e9fa15cc35312a5c1ecf0c42668a690b5061c090,7ebad1ecabd28a7000add2d05f888aa2e837c2cc,cf2x,240,30,12.0,0.5,1,36,DATTA-BASAK,2026-09-22T14:45:40+00:00
hover,SS5,frigate,135.0,6.0,29,aft,88,1029960580,26.780122618740098,0.12290521430507523,0.049334436853305574,1.7300075602875884,timeout,time_limit,360,-3.8071013467395165,0.0,0.0,0.0,False,False,False,nan,nan,nan,nan,nan,nan,nan,nan,nan,0,0.0,False,0,3.12.3,2.5.2,2.13.0,2.9.0,1.3.0,3.2.7,e9fa15cc35312a5c1ecf0c42668a690b5061c090,7ebad1ecabd28a7000add2d05f888aa2e837c2cc,cf2x,240,30,12.0,0.5,1,36,DATTA-BASAK,2026-09-22T14:45:40+00:00
hover,SS5,frigate,90.0,6.0,29,aft,89,592465384,82.76764730230107,-0.22287759277796787,-0.047972608178750265,1.948482952739941,timeout,time_limit,360,-3.580269555373673,0.0,0.0,0.0,False,False,False,nan,nan,nan,nan,nan,nan,nan,nan,nan,0,0.0,False,0,3.12.3,2.5.2,2.13.0,2.9.0,1.3.0,3.2.7,e9fa15cc35312a5c1ecf0c42668a690b5061c090,7ebad1ecabd28a7000add2d05f888aa2e837c2cc,cf2x,240,30,12.0,0.5,1,36,DATTA-BASAK,2026-09-22T14:45:40+00:00
hover,SS5,frigate,90.0,0.0,29,aft,90,823938099,77.7739331546976,0.22976416880515999,-0.15355437466877084,1.8954500138947503,timeout,time_limit,360,-3.3973652022255614,0.0,0.0,0.0,False,False,False,nan,nan,nan,nan,nan,nan,nan,nan,nan,0,0.0,False,0,3.12.3,2.5.2,2.13.0,2.9.0,1.3.0,3.2.7,e9fa15cc35312a5c1ecf0c42668a690b5061c090,7ebad1ecabd28a7000add2d05f888aa2e837c2cc,cf2x,240,30,12.0,0.5,1,36,DATTA-BASAK,2026-09-22T14:45:40+00:00
hover,SS5,frigate,180.0,6.0,30,aft,91,815888103,7.027743327319303,-0.11397507333504278,0.2989306851744758,1.644026396359389,timeout,time_limit,360,-3.0729672568943203,0.0,0.0,0.0,False,False,False,nan,nan,nan,nan,nan,nan,nan,nan,nan,0,0.0,False,0,3.12.3,2.5.2,2.13.0,2.9.0,1.3.0,3.2.7,e9fa15cc35312a5c1ecf0c42668a690b5061c090,7ebad1ecabd28a7000add2d05f888aa2e837c2cc,cf2x,240,30,12.0,0.5,1,36,DATTA-BASAK,2026-09-22T14:45:40+00:00
hover,SS5,frigate,90.0,0.0,28,aft,92,835080352,40.9935762473277,0.012470646083632464,-0.0537633727049015,1.7677253203627994,timeout,time_limit,360,-2.8738235133129697,0.0,0.0,0.0,False,False,False,nan,nan,nan,nan,nan,nan,nan,nan,nan,0,0.0,False,0,3.12.3,2.5.2,2.13.0,2.9.0,1.3.0,3.2.7,e9fa15cc35312a5c1ecf0c42668a690b5061c090,7ebad1ecabd28a7000add2d05f888aa2e837c2cc,cf2x,240,30,12.0,0.5,1,36,DATTA-BASAK,2026-09-22T14:45:40+00:00
hover,SS5,frigate,45.0,6.0,27,aft,93,2083865114,52.20203895608252,-0.11050308693812327,-0.15487965972885712,1.9311326929978363,timeout,time_limit,360,-3.54090940228218,0.0,0.0,0.0,False,False,False,nan,nan,nan,nan,nan,nan,nan,nan,nan,0,0.0,False,0,3.12.3,2.5.2,2.13.0,2.9.0,1.3.0,3.2.7,e9fa15cc35312a5c1ecf0c42668a690b5061c090,7ebad1ecabd28a7000add2d05f888aa2e837c2cc,cf2x,240,30,12.0,0.5,1,36,DATTA-BASAK,2026-09-22T14:45:40+00:00
hover,SS5,frigate,180.0,0.0,31,aft,94,915915278,100.30543872717419,0.2287657142197102,-0.21188934643266685,1.9836399440965775,timeout,time_limit,360,-3.0058616893391275,0.0,0.0,0.0,False,False,False,nan,nan,nan,nan,nan,nan,nan,nan,nan,0,0.0,False,0,3.12.3,2.5.2,2.13.0,2.9.0,1.3.0,3.2.7,e9fa15cc35312a5c1ecf0c42668a690b5061c090,7ebad1ecabd28a7000add2d05f888aa2e837c2cc,cf2x,240,30,12.0,0.5,1,36,DATTA-BASAK,2026-09-22T14:45:40+00:00
hover,SS5,frigate,180.0,6.0,28,aft,95,1025081821,92.79651452034102,0.10599620472820237,0.030678968384675653,1.873395100282199,timeout,time_limit,360,-5.424138787602023,0.0,0.0,0.0,False,False,False,nan,nan,nan,nan,nan,nan,nan,nan,nan,0,0.0,False,0,3.12.3,2.5.2,2.13.0,2.9.0,1.3.0,3.2.7,e9fa15cc35312a5c1ecf0c42668a690b5061c090,7ebad1ecabd28a7000add2d05f888aa2e837c2cc,cf2x,240,30,12.0,0.5,1,36,DATTA-BASAK,2026-09-22T14:45:40+00:00
hover,SS5,frigate,45.0,12.0,30,aft,96,2133148202,107.34946080916316,-0.1626151215665496,-0.2511638234974913,1.7238752959261525,timeout,time_limit,360,-3.3515401289150377,0.0,0.0,0.0,False,False,False,nan,nan,nan,nan,nan,nan,nan,nan,nan,0,0.0,False,0,3.12.3,2.5.2,2.13.0,2.9.0,1.3.0,3.2.7,e9fa15cc35312a5c1ecf0c42668a690b5061c090,7ebad1ecabd28a7000add2d05f888aa2e837c2cc,cf2x,240,30,12.0,0.5,1,36,DATTA-BASAK,2026-09-22T14:45:40+00:00
hover,SS5,frigate,135.0,12.0,31,aft,97,665757222,50.01924047239597,0.2257137246044882,0.1836482807642813,1.808618173227793,timeout,time_limit,360,-3.2175710234798305,0.0,0.0,0.0,False,False,False,nan,nan,nan,nan,nan,nan,nan,nan,nan,0,0.0,False,0,3.12.3,2.5.2,2.13.0,2.9.0,1.3.0,3.2.7,e9fa15cc35312a5c1ecf0c42668a690b5061c090,7ebad1ecabd28a7000add2d05f888aa2e837c2cc,cf2x,240,30,12.0,0.5,1,36,DATTA-BASAK,2026-09-22T14:45:40+00:00
hover,SS5,frigate,180.0,0.0,27,aft,98,1536581217,20.54019037257015,0.023432860068091754,-0.2905464723146273,1.62249172390995,timeout,time_limit,360,-3.7697850666404182,0.0,0.0,0.0,False,False,False,nan,nan,nan,nan,nan,nan,nan,nan,nan,0,0.0,False,0,3.12.3,2.5.2,2.13.0,2.9.0,1.3.0,3.2.7,e9fa15cc35312a5c1ecf0c42668a690b5061c090,7ebad1ecabd28a7000add2d05f888aa2e837c2cc,cf2x,240,30,12.0,0.5,1,36,DATTA-BASAK,2026-09-22T14:45:40+00:00
hover,SS5,frigate,45.0,6.0,31,aft,99,217543124,50.28520356688154,-0.2565258600219777,0.08948606353613098,1.9450116118060383,timeout,time_limit,360,-4.1046184174962415,0.0,0.0,0.0,False,False,False,nan,nan,nan,nan,nan,nan,nan,nan,nan,0,0.0,False,0,3.12.3,2.5.2,2.13.0,2.9.0,1.3.0,3.2.7,e9fa15cc35312a5c1ecf0c42668a690b5061c090,7ebad1ecabd28a7000add2d05f888aa2e837c2cc,cf2x,240,30,12.0,0.5,1,36,DATTA-BASAK,2026-09-22T14:45:40+00:00
hover,SS5,frigate,180.0,12.0,27,aft,100,491234026,103.47522703420312,0.22827423111978468,0.03725824008482603,1.8225677528463402,timeout,time_limit,360,-3.0276163336903945,0.0,0.0,0.0,False,False,False,nan,nan,nan,nan,nan,nan,nan,nan,nan,0,0.0,False,0,3.12.3,2.5.2,2.13.0,2.9.0,1.3.0,3.2.7,e9fa15cc35312a5c1ecf0c42668a690b5061c090,7ebad1ecabd28a7000add2d05f888aa2e837c2cc,cf2x,240,30,12.0,0.5,1,36,DATTA-BASAK,2026-09-22T14:45:40+00:00
hover,SS5,frigate,90.0,0.0,27,aft,101,2060666370,38.00477208207259,-0.2055943434913324,-0.1509498652810449,1.7436072798508189,timeout,time_limit,360,-2.857008605917255,0.0,0.0,0.0,False,False,False,nan,nan,nan,nan,nan,nan,nan,nan,nan,0,0.0,False,0,3.12.3,2.5.2,2.13.0,2.9.0,1.3.0,3.2.7,e9fa15cc35312a5c1ecf0c42668a690b5061c090,7ebad1ecabd28a7000add2d05f888aa2e837c2cc,cf2x,240,30,12.0,0.5,1,36,DATTA-BASAK,2026-09-22T14:45:40+00:00
hover,SS5,frigate,135.0,12.0,29,aft,102,634908189,53.187578203164534,-0.2419570091641664,0.23511688568383776,1.8963283276926908,timeout,time_limit,360,-3.066608093358198,0.0,0.0,0.0,False,False,False,nan,nan,nan,nan,nan,nan,nan,nan,nan,0,0.0,False,0,3.12.3,2.5.2,2.13.0,2.9.0,1.3.0,3.2.7,e9fa15cc35312a5c1ecf0c42668a690b5061c090,7ebad1ecabd28a7000add2d05f888aa2e837c2cc,cf2x,240,30,12.0,0.5,1,36,DATTA-BASAK,2026-09-22T14:45:40+00:00
hover,SS5,frigate,180.0,0.0,27,aft,103,895776381,71.20829174989638,0.06943822084493295,0.04549557194025572,1.9298937056794365,timeout,time_limit,360,-3.2462286890326832,0.0,0.0,0.0,False,False,False,nan,nan,nan,nan,nan,nan,nan,nan,nan,0,0.0,False,0,3.12.3,2.5.2,2.13.0,2.9.0,1.3.0,3.2.7,e9fa15cc35312a5c1ecf0c42668a690b5061c090,7ebad1ecabd28a7000add2d05f888aa2e837c2cc,cf2x,240,30,12.0,0.5,1,36,DATTA-BASAK,2026-09-22T14:45:40+00:00
hover,SS5,frigate,45.0,12.0,29,aft,104,1868492902,79.3223302426075,0.25407248411929434,0.02204585703673706,1.9324761433611324,timeout,time_limit,360,-3.5161724058899098,0.0,0.0,0.0,False,False,False,nan,nan,nan,nan,nan,nan,nan,nan,nan,0,0.0,False,0,3.12.3,2.5.2,2.13.0,2.9.0,1.3.0,3.2.7,e9fa15cc35312a5c1ecf0c42668a690b5061c090,7ebad1ecabd28a7000add2d05f888aa2e837c2cc,cf2x,240,30,12.0,0.5,1,36,DATTA-BASAK,2026-09-22T14:45:40+00:00
hover,SS5,frigate,180.0,6.0,31,aft,105,344565113,94.56152924733074,-0.14488109219281967,-0.008650118942548912,1.835342576361087,timeout,time_limit,360,-3.202711818258381,0.0,0.0,0.0,False,False,False,nan,nan,nan,nan,nan,nan,nan,nan,nan,0,0.0,False,0,3.12.3,2.5.2,2.13.0,2.9.0,1.3.0,3.2.7,e9fa15cc35312a5c1ecf0c42668a690b5061c090,7ebad1ecabd28a7000add2d05f888aa2e837c2cc,cf2x,240,30,12.0,0.5,1,36,DATTA-BASAK,2026-09-22T14:45:40+00:00
hover,SS5,frigate,90.0,6.0,27,aft,106,1256883453,43.91481230134756,0.019894748425739794,0.142388880218504,1.9002939386627533,timeout,time_limit,360,-3.8967622215826214,0.0,0.0,0.0,False,False,False,nan,nan,nan,nan,nan,nan,nan,nan,nan,0,0.0,False,0,3.12.3,2.5.2,2.13.0,2.9.0,1.3.0,3.2.7,e9fa15cc35312a5c1ecf0c42668a690b5061c090,7ebad1ecabd28a7000add2d05f888aa2e837c2cc,cf2x,240,30,12.0,0.5,1,36,DATTA-BASAK,2026-09-22T14:45:40+00:00
hover,SS5,frigate,45.0,0.0,28,aft,107,682405208,101.29546126748124,-0.07276727985675807,0.2997935358782749,1.8185809450727182,timeout,time_limit,360,-3.366677826228871,0.0,0.0,0.0,False,False,False,nan,nan,nan,nan,nan,nan,nan,nan,nan,0,0.0,False,0,3.12.3,2.5.2,2.13.0,2.9.0,1.3.0,3.2.7,e9fa15cc35312a5c1ecf0c42668a690b5061c090,7ebad1ecabd28a7000add2d05f888aa2e837c2cc,cf2x,240,30,12.0,0.5,1,36,DATTA-BASAK,2026-09-22T14:45:40+00:00
hover,SS5,frigate,90.0,6.0,29,aft,108,987834555,101.39333880976736,-0.27109245106872665,-0.23875331727588026,1.9642828856390644,timeout,time_limit,360,-3.257340194774144,0.0,0.0,0.0,False,False,False,nan,nan,nan,nan,nan,nan,nan,nan,nan,0,0.0,False,0,3.12.3,2.5.2,2.13.0,2.9.0,1.3.0,3.2.7,e9fa15cc35312a5c1ecf0c42668a690b5061c090,7ebad1ecabd28a7000add2d05f888aa2e837c2cc,cf2x,240,30,12.0,0.5,1,36,DATTA-BASAK,2026-09-22T14:45:40+00:00
hover,SS5,frigate,90.0,0.0,30,aft,109,745312982,5.395230876316879,-0.23601966993143259,0.23525036770782276,1.7881460366852038,timeout,time_limit,360,-4.114109531264477,0.0,0.0,0.0,False,False,False,nan,nan,nan,nan,nan,nan,nan,nan,nan,0,0.0,False,0,3.12.3,2.5.2,2.13.0,2.9.0,1.3.0,3.2.7,e9fa15cc35312a5c1ecf0c42668a690b5061c090,7ebad1ecabd28a7000add2d05f888aa2e837c2cc,cf2x,240,30,12.0,0.5,1,36,DATTA-BASAK,2026-09-22T14:45:40+00:00
hover,SS5,frigate,45.0,12.0,29,aft,110,92492738,64.36424136373897,-0.2386301752727742,0.28541220915909377,1.9355850697254207,timeout,time_limit,360,-3.857581899858574,0.0,0.0,0.0,False,False,False,nan,nan,nan,nan,nan,nan,nan,nan,nan,0,0.0,False,0,3.12.3,2.5.2,2.13.0,2.9.0,1.3.0,3.2.7,e9fa15cc35312a5c1ecf0c42668a690b5061c090,7ebad1ecabd28a7000add2d05f888aa2e837c2cc,cf2x,240,30,12.0,0.5,1,36,DATTA-BASAK,2026-09-22T14:45:40+00:00
hover,SS5,frigate,90.0,6.0,31,aft,111,1489362672,67.71257699261383,0.10698532320328596,-0.10992490369226326,1.6163722697456697,timeout,time_limit,360,-3.320855212564647,0.0,0.0,0.0,False,False,False,nan,nan,nan,nan,nan,nan,nan,nan,nan,0,0.0,False,0,3.12.3,2.5.2,2.13.0,2.9.0,1.3.0,3.2.7,e9fa15cc35312a5c1ecf0c42668a690b5061c090,7ebad1ecabd28a7000add2d05f888aa2e837c2cc,cf2x,240,30,12.0,0.5,1,36,DATTA-BASAK,2026-09-22T14:45:40+00:00
hover,SS5,frigate,90.0,12.0,28,aft,112,1347522779,14.459376480233225,-0.2591418527726835,0.003183631700905798,1.9564012142633533,timeout,time_limit,360,-3.5980262395737808,0.0,0.0,0.0,False,False,False,nan,nan,nan,nan,nan,nan,nan,nan,nan,0,0.0,False,0,3.12.3,2.5.2,2.13.0,2.9.0,1.3.0,3.2.7,e9fa15cc35312a5c1ecf0c42668a690b5061c090,7ebad1ecabd28a7000add2d05f888aa2e837c2cc,cf2x,240,30,12.0,0.5,1,36,DATTA-BASAK,2026-09-22T14:45:40+00:00
hover,SS5,frigate,45.0,12.0,31,aft,113,1540532480,93.79781931707873,-0.1875757100063789,0.18531489014907765,1.6436523365463964,timeout,time_limit,360,-3.3361205263714644,0.0,0.0,0.0,False,False,False,nan,nan,nan,nan,nan,nan,nan,nan,nan,0,0.0,False,0,3.12.3,2.5.2,2.13.0,2.9.0,1.3.0,3.2.7,e9fa15cc35312a5c1ecf0c42668a690b5061c090,7ebad1ecabd28a7000add2d05f888aa2e837c2cc,cf2x,240,30,12.0,0.5,1,36,DATTA-BASAK,2026-09-22T14:45:40+00:00
hover,SS5,frigate,180.0,6.0,28,aft,114,1767664997,34.96820201347424,-0.10151866679421476,-0.11428361631896722,1.7023802123108163,timeout,time_limit,360,-4.056877266536972,0.0,0.0,0.0,False,False,False,nan,nan,nan,nan,nan,nan,nan,nan,nan,0,0.0,False,0,3.12.3,2.5.2,2.13.0,2.9.0,1.3.0,3.2.7,e9fa15cc35312a5c1ecf0c42668a690b5061c090,7ebad1ecabd28a7000add2d05f888aa2e837c2cc,cf2x,240,30,12.0,0.5,1,36,DATTA-BASAK,2026-09-22T14:45:40+00:00
hover,SS5,frigate,180.0,12.0,28,aft,115,1467985966,92.59921001243697,0.240249241576104,-0.1325338057971857,1.902628530075084,timeout,time_limit,360,-4.293468802587879,0.0,0.0,0.0,False,False,False,nan,nan,nan,nan,nan,nan,nan,nan,nan,0,0.0,False,0,3.12.3,2.5.2,2.13.0,2.9.0,1.3.0,3.2.7,e9fa15cc35312a5c1ecf0c42668a690b5061c090,7ebad1ecabd28a7000add2d05f888aa2e837c2cc,cf2x,240,30,12.0,0.5,1,36,DATTA-BASAK,2026-09-22T14:45:40+00:00
hover,SS5,frigate,90.0,6.0,28,aft,116,1956682547,30.723195758498417,0.2323124217143186,0.2921934427513883,1.7072459947187628,timeout,time_limit,360,-3.883162439861456,0.0,0.0,0.0,False,False,False,nan,nan,nan,nan,nan,nan,nan,nan,nan,0,0.0,False,0,3.12.3,2.5.2,2.13.0,2.9.0,1.3.0,3.2.7,e9fa15cc35312a5c1ecf0c42668a690b5061c090,7ebad1ecabd28a7000add2d05f888aa2e837c2cc,cf2x,240,30,12.0,0.5,1,36,DATTA-BASAK,2026-09-22T14:45:40+00:00
hover,SS5,frigate,45.0,6.0,31,aft,117,1863286996,36.58449856379388,-0.17354914888962336,-0.12015154884779625,1.809625508702647,timeout,time_limit,360,-3.6320246891829253,0.0,0.0,0.0,False,False,False,nan,nan,nan,nan,nan,nan,nan,nan,nan,0,0.0,False,0,3.12.3,2.5.2,2.13.0,2.9.0,1.3.0,3.2.7,e9fa15cc35312a5c1ecf0c42668a690b5061c090,7ebad1ecabd28a7000add2d05f888aa2e837c2cc,cf2x,240,30,12.0,0.5,1,36,DATTA-BASAK,2026-09-22T14:45:40+00:00
hover,SS5,frigate,135.0,0.0,30,aft,118,742323932,31.358141172597378,0.16138915734705972,0.28254614270820283,1.6070780573137466,timeout,time_limit,360,-3.2194269249631766,0.0,0.0,0.0,False,False,False,nan,nan,nan,nan,nan,nan,nan,nan,nan,0,0.0,False,0,3.12.3,2.5.2,2.13.0,2.9.0,1.3.0,3.2.7,e9fa15cc35312a5c1ecf0c42668a690b5061c090,7ebad1ecabd28a7000add2d05f888aa2e837c2cc,cf2x,240,30,12.0,0.5,1,36,DATTA-BASAK,2026-09-22T14:45:40+00:00
hover,SS5,frigate,180.0,0.0,30,aft,119,487268450,96.50212941223151,-0.042765213684720194,0.10092908383979637,1.9588753861620873,timeout,time_limit,360,-5.078647528216573,0.0,0.0,0.0,False,False,False,nan,nan,nan,nan,nan,nan,nan,nan,nan,0,0.0,False,0,3.12.3,2.5.2,2.13.0,2.9.0,1.3.0,3.2.7,e9fa15cc35312a5c1ecf0c42668a690b5061c090,7ebad1ecabd28a7000add2d05f888aa2e837c2cc,cf2x,240,30,12.0,0.5,1,36,DATTA-BASAK,2026-09-22T14:45:40+00:00
hover,SS5,frigate,180.0,0.0,31,aft,120,512644905,40.741236243554155,-0.14674831984367667,0.2598568491335949,1.803914404578166,timeout,time_limit,360,-3.0875415996632958,0.0,0.0,0.0,False,False,False,nan,nan,nan,nan,nan,nan,nan,nan,nan,0,0.0,False,0,3.12.3,2.5.2,2.13.0,2.9.0,1.3.0,3.2.7,e9fa15cc35312a5c1ecf0c42668a690b5061c090,7ebad1ecabd28a7000add2d05f888aa2e837c2cc,cf2x,240,30,12.0,0.5,1,36,DATTA-BASAK,2026-09-22T14:45:40+00:00
hover,SS5,frigate,135.0,12.0,31,aft,121,947590769,22.780037079635516,-0.08542517327874602,-0.1778315609741829,1.7881962147644486,timeout,time_limit,360,-3.7825082545877726,0.0,0.0,0.0,False,False,False,nan,nan,nan,nan,nan,nan,nan,nan,nan,0,0.0,False,0,3.12.3,2.5.2,2.13.0,2.9.0,1.3.0,3.2.7,e9fa15cc35312a5c1ecf0c42668a690b5061c090,7ebad1ecabd28a7000add2d05f888aa2e837c2cc,cf2x,240,30,12.0,0.5,1,36,DATTA-BASAK,2026-09-22T14:45:40+00:00
hover,SS5,frigate,45.0,6.0,31,aft,122,1599915032,32.61887286062084,-0.14572515226045255,-0.07897430647364578,1.8208471031930484,timeout,time_limit,360,-3.235424511504919,0.0,0.0,0.0,False,False,False,nan,nan,nan,nan,nan,nan,nan,nan,nan,0,0.0,False,0,3.12.3,2.5.2,2.13.0,2.9.0,1.3.0,3.2.7,e9fa15cc35312a5c1ecf0c42668a690b5061c090,7ebad1ecabd28a7000add2d05f888aa2e837c2cc,cf2x,240,30,12.0,0.5,1,36,DATTA-BASAK,2026-09-22T14:45:40+00:00
hover,SS5,frigate,45.0,0.0,27,aft,123,486758782,66.63415240428812,0.21518923090343972,0.29986042284025277,1.898183748066382,timeout,time_limit,360,-2.731442861904737,0.0,0.0,0.0,False,False,False,nan,nan,nan,nan,nan,nan,nan,nan,nan,0,0.0,False,0,3.12.3,2.5.2,2.13.0,2.9.0,1.3.0,3.2.7,e9fa15cc35312a5c1ecf0c42668a690b5061c090,7ebad1ecabd28a7000add2d05f888aa2e837c2cc,cf2x,240,30,12.0,0.5,1,36,DATTA-BASAK,2026-09-22T14:45:40+00:00
hover,SS5,frigate,135.0,0.0,27,aft,124,653569198,82.71786422510206,0.22531831102804228,-0.16697163919536998,1.7681970002994394,timeout,time_limit,360,-3.939836989698705,0.0,0.0,0.0,False,False,False,nan,nan,nan,nan,nan,nan,nan,nan,nan,0,0.0,False,0,3.12.3,2.5.2,2.13.0,2.9.0,1.3.0,3.2.7,e9fa15cc35312a5c1ecf0c42668a690b5061c090,7ebad1ecabd28a7000add2d05f888aa2e837c2cc,cf2x,240,30,12.0,0.5,1,36,DATTA-BASAK,2026-09-22T14:45:40+00:00
hover,SS5,frigate,90.0,12.0,28,aft,125,1305375765,81.14471129167553,-0.033345912851921455,0.1831374682897518,1.8532814039670988,timeout,time_limit,360,-3.4023030728165202,0.0,0.0,0.0,False,False,False,nan,nan,nan,nan,nan,nan,nan,nan,nan,0,0.0,False,0,3.12.3,2.5.2,2.13.0,2.9.0,1.3.0,3.2.7,e9fa15cc35312a5c1ecf0c42668a690b5061c090,7ebad1ecabd28a7000add2d05f888aa2e837c2cc,cf2x,240,30,12.0,0.5,1,36,DATTA-BASAK,2026-09-22T14:45:40+00:00
hover,SS5,frigate,90.0,6.0,29,aft,126,989609118,96.28420005068499,0.2483253389486894,-0.035206120339783153,1.671473476906498,timeout,time_limit,360,-3.5476618762864294,0.0,0.0,0.0,False,False,False,nan,nan,nan,nan,nan,nan,nan,nan,nan,0,0.0,False,0,3.12.3,2.5.2,2.13.0,2.9.0,1.3.0,3.2.7,e9fa15cc35312a5c1ecf0c42668a690b5061c090,7ebad1ecabd28a7000add2d05f888aa2e837c2cc,cf2x,240,30,12.0,0.5,1,36,DATTA-BASAK,2026-09-22T14:45:40+00:00
hover,SS5,frigate,180.0,0.0,30,aft,127,168358391,55.61173215336141,0.032958840163221204,-0.23749959619198524,1.7578741197087187,timeout,time_limit,360,-3.510152956246124,0.0,0.0,0.0,False,False,False,nan,nan,nan,nan,nan,nan,nan,nan,nan,0,0.0,False,0,3.12.3,2.5.2,2.13.0,2.9.0,1.3.0,3.2.7,e9fa15cc35312a5c1ecf0c42668a690b5061c090,7ebad1ecabd28a7000add2d05f888aa2e837c2cc,cf2x,240,30,12.0,0.5,1,36,DATTA-BASAK,2026-09-22T14:45:40+00:00
hover,SS5,frigate,180.0,12.0,30,aft,128,282317180,104.65795057912361,-0.23817529977305268,-0.04025121634141243,1.6044332297742465,timeout,time_limit,360,-3.7819882770147437,0.0,0.0,0.0,False,False,False,nan,nan,nan,nan,nan,nan,nan,nan,nan,0,0.0,False,0,3.12.3,2.5.2,2.13.0,2.9.0,1.3.0,3.2.7,e9fa15cc35312a5c1ecf0c42668a690b5061c090,7ebad1ecabd28a7000add2d05f888aa2e837c2cc,cf2x,240,30,12.0,0.5,1,36,DATTA-BASAK,2026-09-22T14:45:40+00:00
hover,SS5,frigate,45.0,6.0,31,aft,129,1834815370,102.91675285259272,-0.21909379299965126,0.19454351577614154,1.7398532202665382,timeout,time_limit,360,-3.7553616821904674,0.0,0.0,0.0,False,False,False,nan,nan,nan,nan,nan,nan,nan,nan,nan,0,0.0,False,0,3.12.3,2.5.2,2.13.0,2.9.0,1.3.0,3.2.7,e9fa15cc35312a5c1ecf0c42668a690b5061c090,7ebad1ecabd28a7000add2d05f888aa2e837c2cc,cf2x,240,30,12.0,0.5,1,36,DATTA-BASAK,2026-09-22T14:45:40+00:00
hover,SS5,frigate,45.0,6.0,30,aft,130,1937868372,49.988144151865825,0.16295375809665485,0.2657050104226733,1.6911668359529908,timeout,time_limit,360,-2.9850739510219317,0.0,0.0,0.0,False,False,False,nan,nan,nan,nan,nan,nan,nan,nan,nan,0,0.0,False,0,3.12.3,2.5.2,2.13.0,2.9.0,1.3.0,3.2.7,e9fa15cc35312a5c1ecf0c42668a690b5061c090,7ebad1ecabd28a7000add2d05f888aa2e837c2cc,cf2x,240,30,12.0,0.5,1,36,DATTA-BASAK,2026-09-22T14:45:40+00:00
hover,SS5,frigate,45.0,0.0,31,aft,131,1521100021,79.78882756827512,-0.17780615700074798,-0.21831733465601316,1.9100004005539881,timeout,time_limit,360,-3.9392386658797762,0.0,0.0,0.0,False,False,False,nan,nan,nan,nan,nan,nan,nan,nan,nan,0,0.0,False,0,3.12.3,2.5.2,2.13.0,2.9.0,1.3.0,3.2.7,e9fa15cc35312a5c1ecf0c42668a690b5061c090,7ebad1ecabd28a7000add2d05f888aa2e837c2cc,cf2x,240,30,12.0,0.5,1,36,DATTA-BASAK,2026-09-22T14:45:40+00:00
hover,SS5,frigate,180.0,6.0,30,aft,132,1470304690,43.640948969701675,-0.04671644477530962,0.2498209984414304,1.8957882940408581,timeout,time_limit,360,-2.995057781822709,0.0,0.0,0.0,False,False,False,nan,nan,nan,nan,nan,nan,nan,nan,nan,0,0.0,False,0,3.12.3,2.5.2,2.13.0,2.9.0,1.3.0,3.2.7,e9fa15cc35312a5c1ecf0c42668a690b5061c090,7ebad1ecabd28a7000add2d05f888aa2e837c2cc,cf2x,240,30,12.0,0.5,1,36,DATTA-BASAK,2026-09-22T14:45:40+00:00
hover,SS5,frigate,45.0,0.0,31,aft,133,1203339883,91.70456462761467,0.14619103079682294,-0.19413141689946395,1.9396501939173145,timeout,time_limit,360,-3.419426505663459,0.0,0.0,0.0,False,False,False,nan,nan,nan,nan,nan,nan,nan,nan,nan,0,0.0,False,0,3.12.3,2.5.2,2.13.0,2.9.0,1.3.0,3.2.7,e9fa15cc35312a5c1ecf0c42668a690b5061c090,7ebad1ecabd28a7000add2d05f888aa2e837c2cc,cf2x,240,30,12.0,0.5,1,36,DATTA-BASAK,2026-09-22T14:45:40+00:00
hover,SS5,frigate,90.0,12.0,29,aft,134,1200072659,50.69311026347212,0.10853376796878361,0.15038437332873344,1.9306410388231168,timeout,time_limit,360,-3.804414698460048,0.0,0.0,0.0,False,False,False,nan,nan,nan,nan,nan,nan,nan,nan,nan,0,0.0,False,0,3.12.3,2.5.2,2.13.0,2.9.0,1.3.0,3.2.7,e9fa15cc35312a5c1ecf0c42668a690b5061c090,7ebad1ecabd28a7000add2d05f888aa2e837c2cc,cf2x,240,30,12.0,0.5,1,36,DATTA-BASAK,2026-09-22T14:45:40+00:00
hover,SS5,frigate,180.0,6.0,29,aft,135,1231499785,28.58241752814897,0.07462523524493225,-0.09486791247001286,1.800205392354615,timeout,time_limit,360,-2.5682749574810746,0.0,0.0,0.0,False,False,False,nan,nan,nan,nan,nan,nan,nan,nan,nan,0,0.0,False,0,3.12.3,2.5.2,2.13.0,2.9.0,1.3.0,3.2.7,e9fa15cc35312a5c1ecf0c42668a690b5061c090,7ebad1ecabd28a7000add2d05f888aa2e837c2cc,cf2x,240,30,12.0,0.5,1,36,DATTA-BASAK,2026-09-22T14:45:40+00:00
hover,SS5,frigate,180.0,0.0,29,aft,136,865289234,44.50924640498937,0.06675978700756657,-0.1124182365108008,1.8998850266195575,timeout,time_limit,360,-5.059170737253792,0.0,0.0,0.0,False,False,False,nan,nan,nan,nan,nan,nan,nan,nan,nan,0,0.0,False,0,3.12.3,2.5.2,2.13.0,2.9.0,1.3.0,3.2.7,e9fa15cc35312a5c1ecf0c42668a690b5061c090,7ebad1ecabd28a7000add2d05f888aa2e837c2cc,cf2x,240,30,12.0,0.5,1,36,DATTA-BASAK,2026-09-22T14:45:40+00:00
hover,SS5,frigate,45.0,6.0,29,aft,137,2003732843,44.21348496171804,0.01119529755842208,0.21478152609468232,1.997026989658784,timeout,time_limit,360,-4.073153983691438,0.0,0.0,0.0,False,False,False,nan,nan,nan,nan,nan,nan,nan,nan,nan,0,0.0,False,0,3.12.3,2.5.2,2.13.0,2.9.0,1.3.0,3.2.7,e9fa15cc35312a5c1ecf0c42668a690b5061c090,7ebad1ecabd28a7000add2d05f888aa2e837c2cc,cf2x,240,30,12.0,0.5,1,36,DATTA-BASAK,2026-09-22T14:45:40+00:00
hover,SS5,frigate,180.0,6.0,30,aft,138,1241934183,15.342869232814737,0.01926012662268206,-0.22412333596434753,1.821722863778296,timeout,time_limit,360,-4.401358151485149,0.0,0.0,0.0,False,False,False,nan,nan,nan,nan,nan,nan,nan,nan,nan,0,0.0,False,0,3.12.3,2.5.2,2.13.0,2.9.0,1.3.0,3.2.7,e9fa15cc35312a5c1ecf0c42668a690b5061c090,7ebad1ecabd28a7000add2d05f888aa2e837c2cc,cf2x,240,30,12.0,0.5,1,36,DATTA-BASAK,2026-09-22T14:45:40+00:00
hover,SS5,frigate,45.0,0.0,27,aft,139,233794206,33.46918234056327,-0.2529295478559603,0.002049188602464669,1.8773917221191503,timeout,time_limit,360,-3.7472659106584483,0.0,0.0,0.0,False,False,False,nan,nan,nan,nan,nan,nan,nan,nan,nan,0,0.0,False,0,3.12.3,2.5.2,2.13.0,2.9.0,1.3.0,3.2.7,e9fa15cc35312a5c1ecf0c42668a690b5061c090,7ebad1ecabd28a7000add2d05f888aa2e837c2cc,cf2x,240,30,12.0,0.5,1,36,DATTA-BASAK,2026-09-22T14:45:40+00:00
hover,SS5,frigate,180.0,12.0,27,aft,140,1017948226,106.482784485363,0.03105233383539624,0.047859066527101535,1.8885714499698594,timeout,time_limit,360,-2.739758225536305,0.0,0.0,0.0,False,False,False,nan,nan,nan,nan,nan,nan,nan,nan,nan,0,0.0,False,0,3.12.3,2.5.2,2.13.0,2.9.0,1.3.0,3.2.7,e9fa15cc35312a5c1ecf0c42668a690b5061c090,7ebad1ecabd28a7000add2d05f888aa2e837c2cc,cf2x,240,30,12.0,0.5,1,36,DATTA-BASAK,2026-09-22T14:45:40+00:00
hover,SS5,frigate,45.0,6.0,28,aft,141,1152166329,47.98802575531092,0.20877635209905449,-0.0770764464918082,1.9799627474833994,timeout,time_limit,360,-3.19603182865954,0.0,0.0,0.0,False,False,False,nan,nan,nan,nan,nan,nan,nan,nan,nan,0,0.0,False,0,3.12.3,2.5.2,2.13.0,2.9.0,1.3.0,3.2.7,e9fa15cc35312a5c1ecf0c42668a690b5061c090,7ebad1ecabd28a7000add2d05f888aa2e837c2cc,cf2x,240,30,12.0,0.5,1,36,DATTA-BASAK,2026-09-22T14:45:40+00:00
hover,SS5,frigate,90.0,12.0,30,aft,142,1881787033,25.659037002382078,-0.06981503675153375,0.19508300119771183,1.6040447140812248,timeout,time_limit,360,-3.486446974121319,0.0,0.0,0.0,False,False,False,nan,nan,nan,nan,nan,nan,nan,nan,nan,0,0.0,False,0,3.12.3,2.5.2,2.13.0,2.9.0,1.3.0,3.2.7,e9fa15cc35312a5c1ecf0c42668a690b5061c090,7ebad1ecabd28a7000add2d05f888aa2e837c2cc,cf2x,240,30,12.0,0.5,1,36,DATTA-BASAK,2026-09-22T14:45:40+00:00
hover,SS5,frigate,90.0,6.0,28,aft,143,548158912,46.642311358817544,0.18874370078683061,0.20819025639463457,1.9156724179303755,timeout,time_limit,360,-3.6443589237902962,0.0,0.0,0.0,False,False,False,nan,nan,nan,nan,nan,nan,nan,nan,nan,0,0.0,False,0,3.12.3,2.5.2,2.13.0,2.9.0,1.3.0,3.2.7,e9fa15cc35312a5c1ecf0c42668a690b5061c090,7ebad1ecabd28a7000add2d05f888aa2e837c2cc,cf2x,240,30,12.0,0.5,1,36,DATTA-BASAK,2026-09-22T14:45:40+00:00
hover,SS5,frigate,45.0,12.0,29,aft,144,1027317852,53.048484941955415,-0.1938830284452575,-0.07273737235704436,1.7800310737095042,timeout,time_limit,360,-3.5703493703421003,0.0,0.0,0.0,False,False,False,nan,nan,nan,nan,nan,nan,nan,nan,nan,0,0.0,False,0,3.12.3,2.5.2,2.13.0,2.9.0,1.3.0,3.2.7,e9fa15cc35312a5c1ecf0c42668a690b5061c090,7ebad1ecabd28a7000add2d05f888aa2e837c2cc,cf2x,240,30,12.0,0.5,1,36,DATTA-BASAK,2026-09-22T14:45:40+00:00
hover,SS5,frigate,180.0,12.0,31,aft,145,1666648311,75.37942567950226,-0.260301267991315,0.12701892345079308,1.6145131173789995,timeout,time_limit,360,-2.5018832908117337,0.0,0.0,0.0,False,False,False,nan,nan,nan,nan,nan,nan,nan,nan,nan,0,0.0,False,0,3.12.3,2.5.2,2.13.0,2.9.0,1.3.0,3.2.7,e9fa15cc35312a5c1ecf0c42668a690b5061c090,7ebad1ecabd28a7000add2d05f888aa2e837c2cc,cf2x,240,30,12.0,0.5,1,36,DATTA-BASAK,2026-09-22T14:45:40+00:00
hover,SS5,frigate,135.0,0.0,31,aft,146,626503476,26.926641022761817,0.04051722956301185,-0.1530209167249179,1.758547223165767,timeout,time_limit,360,-3.705197086472225,0.0,0.0,0.0,False,False,False,nan,nan,nan,nan,nan,nan,nan,nan,nan,0,0.0,False,0,3.12.3,2.5.2,2.13.0,2.9.0,1.3.0,3.2.7,e9fa15cc35312a5c1ecf0c42668a690b5061c090,7ebad1ecabd28a7000add2d05f888aa2e837c2cc,cf2x,240,30,12.0,0.5,1,36,DATTA-BASAK,2026-09-22T14:45:40+00:00
hover,SS5,frigate,45.0,6.0,29,aft,147,600614722,21.451898604634433,-0.1229494675157844,0.08788689884494155,1.741413502014451,timeout,time_limit,360,-3.343951218919494,0.0,0.0,0.0,False,False,False,nan,nan,nan,nan,nan,nan,nan,nan,nan,0,0.0,False,0,3.12.3,2.5.2,2.13.0,2.9.0,1.3.0,3.2.7,e9fa15cc35312a5c1ecf0c42668a690b5061c090,7ebad1ecabd28a7000add2d05f888aa2e837c2cc,cf2x,240,30,12.0,0.5,1,36,DATTA-BASAK,2026-09-22T14:45:40+00:00
hover,SS5,frigate,180.0,12.0,29,aft,148,2084574890,56.446187821145514,-0.06844155442238858,-0.21864163102275164,1.6531272965255688,timeout,time_limit,360,-3.2003954310261964,0.0,0.0,0.0,False,False,False,nan,nan,nan,nan,nan,nan,nan,nan,nan,0,0.0,False,0,3.12.3,2.5.2,2.13.0,2.9.0,1.3.0,3.2.7,e9fa15cc35312a5c1ecf0c42668a690b5061c090,7ebad1ecabd28a7000add2d05f888aa2e837c2cc,cf2x,240,30,12.0,0.5,1,36,DATTA-BASAK,2026-09-22T14:45:40+00:00
hover,SS5,frigate,135.0,12.0,30,aft,149,706516122,18.5197510104042,-0.16376897718839953,-0.06148270270880152,1.7495612847131878,timeout,time_limit,360,-3.639520469989552,0.0,0.0,0.0,False,False,False,nan,nan,nan,nan,nan,nan,nan,nan,nan,0,0.0,False,0,3.12.3,2.5.2,2.13.0,2.9.0,1.3.0,3.2.7,e9fa15cc35312a5c1ecf0c42668a690b5061c090,7ebad1ecabd28a7000add2d05f888aa2e837c2cc,cf2x,240,30,12.0,0.5,1,36,DATTA-BASAK,2026-09-22T14:45:40+00:00
hover,SS5,frigate,135.0,6.0,29,aft,150,1325388330,83.22195315878587,0.0819740429215357,-0.0718388324877865,1.9971102129290128,timeout,time_limit,360,-2.8540884481323934,0.0,0.0,0.0,False,False,False,nan,nan,nan,nan,nan,nan,nan,nan,nan,0,0.0,False,0,3.12.3,2.5.2,2.13.0,2.9.0,1.3.0,3.2.7,e9fa15cc35312a5c1ecf0c42668a690b5061c090,7ebad1ecabd28a7000add2d05f888aa2e837c2cc,cf2x,240,30,12.0,0.5,1,36,DATTA-BASAK,2026-09-22T14:45:40+00:00
hover,SS5,frigate,90.0,12.0,27,aft,151,1019073666,53.14096214919402,0.03343638789336145,-0.006652885386458973,1.7537344327211979,timeout,time_limit,360,-3.939212669918319,0.0,0.0,0.0,False,False,False,nan,nan,nan,nan,nan,nan,nan,nan,nan,0,0.0,False,0,3.12.3,2.5.2,2.13.0,2.9.0,1.3.0,3.2.7,e9fa15cc35312a5c1ecf0c42668a690b5061c090,7ebad1ecabd28a7000add2d05f888aa2e837c2cc,cf2x,240,30,12.0,0.5,1,36,DATTA-BASAK,2026-09-22T14:45:40+00:00
hover,SS5,frigate,45.0,12.0,30,aft,152,223534517,106.97457386257139,-0.23717720066027098,-0.2883931922267154,1.8370299627378937,timeout,time_limit,360,-3.2002044186466527,0.0,0.0,0.0,False,False,False,nan,nan,nan,nan,nan,nan,nan,nan,nan,0,0.0,False,0,3.12.3,2.5.2,2.13.0,2.9.0,1.3.0,3.2.7,e9fa15cc35312a5c1ecf0c42668a690b5061c090,7ebad1ecabd28a7000add2d05f888aa2e837c2cc,cf2x,240,30,12.0,0.5,1,36,DATTA-BASAK,2026-09-22T14:45:40+00:00
hover,SS5,frigate,90.0,6.0,27,aft,153,845926113,53.725916333955425,0.0956636551003725,-0.22878376564491731,1.6083080658037185,timeout,time_limit,360,-3.434070851713863,0.0,0.0,0.0,False,False,False,nan,nan,nan,nan,nan,nan,nan,nan,nan,0,0.0,False,0,3.12.3,2.5.2,2.13.0,2.9.0,1.3.0,3.2.7,e9fa15cc35312a5c1ecf0c42668a690b5061c090,7ebad1ecabd28a7000add2d05f888aa2e837c2cc,cf2x,240,30,12.0,0.5,1,36,DATTA-BASAK,2026-09-22T14:45:40+00:00
hover,SS5,frigate,45.0,0.0,29,aft,154,1424446632,52.08874846190386,-0.24394329327204084,-0.03268522124051815,1.6286777747810346,timeout,time_limit,360,-3.8843573406469227,0.0,0.0,0.0,False,False,False,nan,nan,nan,nan,nan,nan,nan,nan,nan,0,0.0,False,0,3.12.3,2.5.2,2.13.0,2.9.0,1.3.0,3.2.7,e9fa15cc35312a5c1ecf0c42668a690b5061c090,7ebad1ecabd28a7000add2d05f888aa2e837c2cc,cf2x,240,30,12.0,0.5,1,36,DATTA-BASAK,2026-09-22T14:45:40+00:00
hover,SS5,frigate,135.0,6.0,30,aft,155,533827676,34.7836388907924,-0.26648731492350475,0.09473142261335399,1.6527940499119027,timeout,time_limit,360,-3.7024704942432014,0.0,0.0,0.0,False,False,False,nan,nan,nan,nan,nan,nan,nan,nan,nan,0,0.0,False,0,3.12.3,2.5.2,2.13.0,2.9.0,1.3.0,3.2.7,e9fa15cc35312a5c1ecf0c42668a690b5061c090,7ebad1ecabd28a7000add2d05f888aa2e837c2cc,cf2x,240,30,12.0,0.5,1,36,DATTA-BASAK,2026-09-22T14:45:40+00:00
hover,SS5,frigate,135.0,0.0,28,aft,156,1206712862,85.55129753933593,-0.07502517612700593,0.01954935197048835,1.7844009467012254,timeout,time_limit,360,-3.520892496550717,0.0,0.0,0.0,False,False,False,nan,nan,nan,nan,nan,nan,nan,nan,nan,0,0.0,False,0,3.12.3,2.5.2,2.13.0,2.9.0,1.3.0,3.2.7,e9fa15cc35312a5c1ecf0c42668a690b5061c090,7ebad1ecabd28a7000add2d05f888aa2e837c2cc,cf2x,240,30,12.0,0.5,1,36,DATTA-BASAK,2026-09-22T14:45:40+00:00
hover,SS5,frigate,90.0,6.0,27,aft,157,1104153021,88.90267434976757,0.11174318105576869,-0.2777790739758099,1.6567411513967807,timeout,time_limit,360,-3.561022191037197,0.0,0.0,0.0,False,False,False,nan,nan,nan,nan,nan,nan,nan,nan,nan,0,0.0,False,0,3.12.3,2.5.2,2.13.0,2.9.0,1.3.0,3.2.7,e9fa15cc35312a5c1ecf0c42668a690b5061c090,7ebad1ecabd28a7000add2d05f888aa2e837c2cc,cf2x,240,30,12.0,0.5,1,36,DATTA-BASAK,2026-09-22T14:45:40+00:00
hover,SS5,frigate,180.0,6.0,27,aft,158,656974122,63.77244854306695,-0.05916883784971533,-0.1441967639594336,1.8378922642983895,timeout,time_limit,360,-4.380189498279343,0.0,0.0,0.0,False,False,False,nan,nan,nan,nan,nan,nan,nan,nan,nan,0,0.0,False,0,3.12.3,2.5.2,2.13.0,2.9.0,1.3.0,3.2.7,e9fa15cc35312a5c1ecf0c42668a690b5061c090,7ebad1ecabd28a7000add2d05f888aa2e837c2cc,cf2x,240,30,12.0,0.5,1,36,DATTA-BASAK,2026-09-22T14:45:40+00:00
hover,SS5,frigate,135.0,0.0,27,aft,159,1267644085,75.30108974008839,-0.13276578691426213,-0.1549423763151812,1.606818020998282,timeout,time_limit,360,-3.8005099304070655,0.0,0.0,0.0,False,False,False,nan,nan,nan,nan,nan,nan,nan,nan,nan,0,0.0,False,0,3.12.3,2.5.2,2.13.0,2.9.0,1.3.0,3.2.7,e9fa15cc35312a5c1ecf0c42668a690b5061c090,7ebad1ecabd28a7000add2d05f888aa2e837c2cc,cf2x,240,30,12.0,0.5,1,36,DATTA-BASAK,2026-09-22T14:45:40+00:00
hover,SS5,frigate,45.0,12.0,28,aft,160,606642547,42.15305476471295,-0.18053077017782082,-0.0901418054371124,1.655339339813331,timeout,time_limit,360,-3.251191146521752,0.0,0.0,0.0,False,False,False,nan,nan,nan,nan,nan,nan,nan,nan,nan,0,0.0,False,0,3.12.3,2.5.2,2.13.0,2.9.0,1.3.0,3.2.7,e9fa15cc35312a5c1ecf0c42668a690b5061c090,7ebad1ecabd28a7000add2d05f888aa2e837c2cc,cf2x,240,30,12.0,0.5,1,36,DATTA-BASAK,2026-09-22T14:45:40+00:00
hover,SS5,frigate,180.0,0.0,28,aft,161,1033014752,71.69030291074883,0.2850414744189295,-0.04965032001683917,1.9418224910457607,timeout,time_limit,360,-5.291687899031544,0.0,0.0,0.0,False,False,False,nan,nan,nan,nan,nan,nan,nan,nan,nan,0,0.0,False,0,3.12.3,2.5.2,2.13.0,2.9.0,1.3.0,3.2.7,e9fa15cc35312a5c1ecf0c42668a690b5061c090,7ebad1ecabd28a7000add2d05f888aa2e837c2cc,cf2x,240,30,12.0,0.5,1,36,DATTA-BASAK,2026-09-22T14:45:40+00:00
hover,SS5,frigate,135.0,12.0,27,aft,162,904875637,38.55313923621869,0.18612055625162532,-0.24244820279775736,1.6361494668621388,timeout,time_limit,360,-3.504014226640866,0.0,0.0,0.0,False,False,False,nan,nan,nan,nan,nan,nan,nan,nan,nan,0,0.0,False,0,3.12.3,2.5.2,2.13.0,2.9.0,1.3.0,3.2.7,e9fa15cc35312a5c1ecf0c42668a690b5061c090,7ebad1ecabd28a7000add2d05f888aa2e837c2cc,cf2x,240,30,12.0,0.5,1,36,DATTA-BASAK,2026-09-22T14:45:40+00:00
hover,SS5,frigate,135.0,6.0,28,aft,163,876958966,17.220394109967238,-0.06420527926497177,0.16943291208961198,1.9085367867124587,timeout,time_limit,360,-3.99718337023247,0.0,0.0,0.0,False,False,False,nan,nan,nan,nan,nan,nan,nan,nan,nan,0,0.0,False,0,3.12.3,2.5.2,2.13.0,2.9.0,1.3.0,3.2.7,e9fa15cc35312a5c1ecf0c42668a690b5061c090,7ebad1ecabd28a7000add2d05f888aa2e837c2cc,cf2x,240,30,12.0,0.5,1,36,DATTA-BASAK,2026-09-22T14:45:40+00:00
hover,SS5,frigate,135.0,12.0,27,aft,164,1498040355,94.99396398828895,-0.20367037759259032,0.25150169755401613,1.8681795531666188,timeout,time_limit,360,-3.875884946038495,0.0,0.0,0.0,False,False,False,nan,nan,nan,nan,nan,nan,nan,nan,nan,0,0.0,False,0,3.12.3,2.5.2,2.13.0,2.9.0,1.3.0,3.2.7,e9fa15cc35312a5c1ecf0c42668a690b5061c090,7ebad1ecabd28a7000add2d05f888aa2e837c2cc,cf2x,240,30,12.0,0.5,1,36,DATTA-BASAK,2026-09-22T14:45:40+00:00
hover,SS5,frigate,90.0,12.0,30,aft,165,428160417,49.12801067617697,-0.252933450655108,0.09227956987664238,1.6217072568629423,timeout,time_limit,360,-3.3298772277407482,0.0,0.0,0.0,False,False,False,nan,nan,nan,nan,nan,nan,nan,nan,nan,0,0.0,False,0,3.12.3,2.5.2,2.13.0,2.9.0,1.3.0,3.2.7,e9fa15cc35312a5c1ecf0c42668a690b5061c090,7ebad1ecabd28a7000add2d05f888aa2e837c2cc,cf2x,240,30,12.0,0.5,1,36,DATTA-BASAK,2026-09-22T14:45:40+00:00
hover,SS5,frigate,135.0,6.0,30,aft,166,952856961,67.10547475977255,-0.27151504023009543,0.1728290791151334,1.8479559382898951,timeout,time_limit,360,-3.3052135516145857,0.0,0.0,0.0,False,False,False,nan,nan,nan,nan,nan,nan,nan,nan,nan,0,0.0,False,0,3.12.3,2.5.2,2.13.0,2.9.0,1.3.0,3.2.7,e9fa15cc35312a5c1ecf0c42668a690b5061c090,7ebad1ecabd28a7000add2d05f888aa2e837c2cc,cf2x,240,30,12.0,0.5,1,36,DATTA-BASAK,2026-09-22T14:45:40+00:00
hover,SS5,frigate,45.0,0.0,29,aft,167,366090068,37.80647618412581,-0.2063089877199769,0.12547489917277482,1.7063761692493573,timeout,time_limit,360,-3.4202242300112604,0.0,0.0,0.0,False,False,False,nan,nan,nan,nan,nan,nan,nan,nan,nan,0,0.0,False,0,3.12.3,2.5.2,2.13.0,2.9.0,1.3.0,3.2.7,e9fa15cc35312a5c1ecf0c42668a690b5061c090,7ebad1ecabd28a7000add2d05f888aa2e837c2cc,cf2x,240,30,12.0,0.5,1,36,DATTA-BASAK,2026-09-22T14:45:40+00:00
hover,SS5,frigate,90.0,0.0,31,aft,168,882246619,32.32714862287446,0.08434254657342322,0.1788295597343802,1.6316937318488662,timeout,time_limit,360,-3.2433712727796604,0.0,0.0,0.0,False,False,False,nan,nan,nan,nan,nan,nan,nan,nan,nan,0,0.0,False,0,3.12.3,2.5.2,2.13.0,2.9.0,1.3.0,3.2.7,e9fa15cc35312a5c1ecf0c42668a690b5061c090,7ebad1ecabd28a7000add2d05f888aa2e837c2cc,cf2x,240,30,12.0,0.5,1,36,DATTA-BASAK,2026-09-22T14:45:40+00:00
hover,SS5,frigate,135.0,0.0,28,aft,169,42781179,86.60747736129612,0.16309350524213162,-0.18508241469523085,1.6356532233144438,timeout,time_limit,360,-3.5337304430584853,0.0,0.0,0.0,False,False,False,nan,nan,nan,nan,nan,nan,nan,nan,nan,0,0.0,False,0,3.12.3,2.5.2,2.13.0,2.9.0,1.3.0,3.2.7,e9fa15cc35312a5c1ecf0c42668a690b5061c090,7ebad1ecabd28a7000add2d05f888aa2e837c2cc,cf2x,240,30,12.0,0.5,1,36,DATTA-BASAK,2026-09-22T14:45:40+00:00
hover,SS5,frigate,90.0,12.0,29,aft,170,1644290474,43.58033890550781,0.23557159427713698,0.2738196670728184,1.6566932691958471,timeout,time_limit,360,-3.8455288389105045,0.0,0.0,0.0,False,False,False,nan,nan,nan,nan,nan,nan,nan,nan,nan,0,0.0,False,0,3.12.3,2.5.2,2.13.0,2.9.0,1.3.0,3.2.7,e9fa15cc35312a5c1ecf0c42668a690b5061c090,7ebad1ecabd28a7000add2d05f888aa2e837c2cc,cf2x,240,30,12.0,0.5,1,36,DATTA-BASAK,2026-09-22T14:45:40+00:00
hover,SS5,frigate,180.0,12.0,27,aft,171,1222175258,46.982089014310155,0.2845167102504123,0.28855121683395796,1.9643556125383306,timeout,time_limit,360,-3.718402009855118,0.0,0.0,0.0,False,False,False,nan,nan,nan,nan,nan,nan,nan,nan,nan,0,0.0,False,0,3.12.3,2.5.2,2.13.0,2.9.0,1.3.0,3.2.7,e9fa15cc35312a5c1ecf0c42668a690b5061c090,7ebad1ecabd28a7000add2d05f888aa2e837c2cc,cf2x,240,30,12.0,0.5,1,36,DATTA-BASAK,2026-09-22T14:45:40+00:00
hover,SS5,frigate,135.0,6.0,31,aft,172,712155552,97.51474432450138,-0.07844687409617096,-0.01756815526016131,1.9445635801486638,timeout,time_limit,360,-3.218535165370539,0.0,0.0,0.0,False,False,False,nan,nan,nan,nan,nan,nan,nan,nan,nan,0,0.0,False,0,3.12.3,2.5.2,2.13.0,2.9.0,1.3.0,3.2.7,e9fa15cc35312a5c1ecf0c42668a690b5061c090,7ebad1ecabd28a7000add2d05f888aa2e837c2cc,cf2x,240,30,12.0,0.5,1,36,DATTA-BASAK,2026-09-22T14:45:40+00:00
hover,SS5,frigate,180.0,6.0,31,aft,173,250351926,77.52162272480537,0.2916973860883321,0.06290748855370515,1.623645379754799,timeout,time_limit,360,-4.26651030790034,0.0,0.0,0.0,False,False,False,nan,nan,nan,nan,nan,nan,nan,nan,nan,0,0.0,False,0,3.12.3,2.5.2,2.13.0,2.9.0,1.3.0,3.2.7,e9fa15cc35312a5c1ecf0c42668a690b5061c090,7ebad1ecabd28a7000add2d05f888aa2e837c2cc,cf2x,240,30,12.0,0.5,1,36,DATTA-BASAK,2026-09-22T14:45:40+00:00
hover,SS5,frigate,180.0,6.0,28,aft,174,1130624014,61.08293024401925,-0.2104757303822844,0.10466309659695472,1.608307898825846,timeout,time_limit,360,-2.5229754545124012,0.0,0.0,0.0,False,False,False,nan,nan,nan,nan,nan,nan,nan,nan,nan,0,0.0,False,0,3.12.3,2.5.2,2.13.0,2.9.0,1.3.0,3.2.7,e9fa15cc35312a5c1ecf0c42668a690b5061c090,7ebad1ecabd28a7000add2d05f888aa2e837c2cc,cf2x,240,30,12.0,0.5,1,36,DATTA-BASAK,2026-09-22T14:45:40+00:00
hover,SS5,frigate,180.0,12.0,30,aft,175,410712295,87.74796857574012,0.06186039795076359,0.13427191193497096,1.9980249012616107,timeout,time_limit,360,-4.333005458359051,0.0,0.0,0.0,False,False,False,nan,nan,nan,nan,nan,nan,nan,nan,nan,0,0.0,False,0,3.12.3,2.5.2,2.13.0,2.9.0,1.3.0,3.2.7,e9fa15cc35312a5c1ecf0c42668a690b5061c090,7ebad1ecabd28a7000add2d05f888aa2e837c2cc,cf2x,240,30,12.0,0.5,1,36,DATTA-BASAK,2026-09-22T14:45:40+00:00
hover,SS5,frigate,90.0,6.0,27,aft,176,310843044,66.89559998744792,0.17301785579633072,-0.04979598275289393,1.8646135202041836,timeout,time_limit,360,-3.0588457616442395,0.0,0.0,0.0,False,False,False,nan,nan,nan,nan,nan,nan,nan,nan,nan,0,0.0,False,0,3.12.3,2.5.2,2.13.0,2.9.0,1.3.0,3.2.7,e9fa15cc35312a5c1ecf0c42668a690b5061c090,7ebad1ecabd28a7000add2d05f888aa2e837c2cc,cf2x,240,30,12.0,0.5,1,36,DATTA-BASAK,2026-09-22T14:45:40+00:00
hover,SS5,frigate,135.0,12.0,29,aft,177,2131924939,60.411449587971944,0.15471867199089068,-0.10967942384934878,1.7226973685796176,timeout,time_limit,360,-3.4337753920932497,0.0,0.0,0.0,False,False,False,nan,nan,nan,nan,nan,nan,nan,nan,nan,0,0.0,False,0,3.12.3,2.5.2,2.13.0,2.9.0,1.3.0,3.2.7,e9fa15cc35312a5c1ecf0c42668a690b5061c090,7ebad1ecabd28a7000add2d05f888aa2e837c2cc,cf2x,240,30,12.0,0.5,1,36,DATTA-BASAK,2026-09-22T14:45:40+00:00
hover,SS5,frigate,135.0,0.0,29,aft,178,1459265535,32.1293332391052,-0.14458493798738598,0.03296000347646333,1.7963406846953593,timeout,time_limit,360,-3.9659492983972258,0.0,0.0,0.0,False,False,False,nan,nan,nan,nan,nan,nan,nan,nan,nan,0,0.0,False,0,3.12.3,2.5.2,2.13.0,2.9.0,1.3.0,3.2.7,e9fa15cc35312a5c1ecf0c42668a690b5061c090,7ebad1ecabd28a7000add2d05f888aa2e837c2cc,cf2x,240,30,12.0,0.5,1,36,DATTA-BASAK,2026-09-22T14:45:40+00:00
hover,SS5,frigate,180.0,6.0,28,aft,179,1492006867,18.105374700343646,0.11129426767930656,0.270389968981876,1.6619860808918059,timeout,time_limit,360,-4.015077760811353,0.0,0.0,0.0,False,False,False,nan,nan,nan,nan,nan,nan,nan,nan,nan,0,0.0,False,0,3.12.3,2.5.2,2.13.0,2.9.0,1.3.0,3.2.7,e9fa15cc35312a5c1ecf0c42668a690b5061c090,7ebad1ecabd28a7000add2d05f888aa2e837c2cc,cf2x,240,30,12.0,0.5,1,36,DATTA-BASAK,2026-09-22T14:45:40+00:00
hover,SS5,frigate,90.0,0.0,29,aft,180,821398835,106.05768344348682,0.1271480913510915,-0.038648547715818105,1.8310342573373428,timeout,time_limit,360,-3.771379441597754,0.0,0.0,0.0,False,False,False,nan,nan,nan,nan,nan,nan,nan,nan,nan,0,0.0,False,0,3.12.3,2.5.2,2.13.0,2.9.0,1.3.0,3.2.7,e9fa15cc35312a5c1ecf0c42668a690b5061c090,7ebad1ecabd28a7000add2d05f888aa2e837c2cc,cf2x,240,30,12.0,0.5,1,36,DATTA-BASAK,2026-09-22T14:45:40+00:00
hover,SS5,frigate,135.0,12.0,29,aft,181,1406330122,96.29945295764446,-0.24420010315124197,0.11979933370559093,1.7243268143150328,timeout,time_limit,360,-4.158463335569447,0.0,0.0,0.0,False,False,False,nan,nan,nan,nan,nan,nan,nan,nan,nan,0,0.0,False,0,3.12.3,2.5.2,2.13.0,2.9.0,1.3.0,3.2.7,e9fa15cc35312a5c1ecf0c42668a690b5061c090,7ebad1ecabd28a7000add2d05f888aa2e837c2cc,cf2x,240,30,12.0,0.5,1,36,DATTA-BASAK,2026-09-22T14:45:40+00:00
hover,SS5,frigate,180.0,12.0,27,aft,182,1889174561,10.640205000023801,-0.017528290405645075,-0.029909344798472515,1.9712317801770682,timeout,time_limit,360,-2.7873935717431992,0.0,0.0,0.0,False,False,False,nan,nan,nan,nan,nan,nan,nan,nan,nan,0,0.0,False,0,3.12.3,2.5.2,2.13.0,2.9.0,1.3.0,3.2.7,e9fa15cc35312a5c1ecf0c42668a690b5061c090,7ebad1ecabd28a7000add2d05f888aa2e837c2cc,cf2x,240,30,12.0,0.5,1,36,DATTA-BASAK,2026-09-22T14:45:40+00:00
hover,SS5,frigate,45.0,6.0,30,aft,183,1271345188,70.8531491453382,0.10554716936598718,-0.05185223703788808,1.8128286967522655,timeout,time_limit,360,-3.811233650971282,0.0,0.0,0.0,False,False,False,nan,nan,nan,nan,nan,nan,nan,nan,nan,0,0.0,False,0,3.12.3,2.5.2,2.13.0,2.9.0,1.3.0,3.2.7,e9fa15cc35312a5c1ecf0c42668a690b5061c090,7ebad1ecabd28a7000add2d05f888aa2e837c2cc,cf2x,240,30,12.0,0.5,1,36,DATTA-BASAK,2026-09-22T14:45:40+00:00
hover,SS5,frigate,90.0,6.0,28,aft,184,1994517816,94.08947342664027,0.10039985120487743,0.14190103839126078,1.6974863995165386,timeout,time_limit,360,-3.5995009664247277,0.0,0.0,0.0,False,False,False,nan,nan,nan,nan,nan,nan,nan,nan,nan,0,0.0,False,0,3.12.3,2.5.2,2.13.0,2.9.0,1.3.0,3.2.7,e9fa15cc35312a5c1ecf0c42668a690b5061c090,7ebad1ecabd28a7000add2d05f888aa2e837c2cc,cf2x,240,30,12.0,0.5,1,36,DATTA-BASAK,2026-09-22T14:45:40+00:00
hover,SS5,frigate,135.0,6.0,30,aft,185,823874546,9.432490012086266,0.018395627155077365,0.14465740946124767,1.8738718678513755,timeout,time_limit,360,-3.552394875887661,0.0,0.0,0.0,False,False,False,nan,nan,nan,nan,nan,nan,nan,nan,nan,0,0.0,False,0,3.12.3,2.5.2,2.13.0,2.9.0,1.3.0,3.2.7,e9fa15cc35312a5c1ecf0c42668a690b5061c090,7ebad1ecabd28a7000add2d05f888aa2e837c2cc,cf2x,240,30,12.0,0.5,1,36,DATTA-BASAK,2026-09-22T14:45:40+00:00
hover,SS5,frigate,180.0,12.0,31,aft,186,395133474,66.32143762985945,0.17643889726057355,-0.29540889904952045,1.6078666004648112,timeout,time_limit,360,-3.307808356057851,0.0,0.0,0.0,False,False,False,nan,nan,nan,nan,nan,nan,nan,nan,nan,0,0.0,False,0,3.12.3,2.5.2,2.13.0,2.9.0,1.3.0,3.2.7,e9fa15cc35312a5c1ecf0c42668a690b5061c090,7ebad1ecabd28a7000add2d05f888aa2e837c2cc,cf2x,240,30,12.0,0.5,1,36,DATTA-BASAK,2026-09-22T14:45:40+00:00
hover,SS5,frigate,135.0,0.0,30,aft,187,125469659,39.737543112436335,0.24480516029029448,-0.2564213045238598,1.6553331732965524,timeout,time_limit,360,-4.351955696354546,0.0,0.0,0.0,False,False,False,nan,nan,nan,nan,nan,nan,nan,nan,nan,0,0.0,False,0,3.12.3,2.5.2,2.13.0,2.9.0,1.3.0,3.2.7,e9fa15cc35312a5c1ecf0c42668a690b5061c090,7ebad1ecabd28a7000add2d05f888aa2e837c2cc,cf2x,240,30,12.0,0.5,1,36,DATTA-BASAK,2026-09-22T14:45:40+00:00
hover,SS5,frigate,135.0,0.0,28,aft,188,1817979866,58.11101969315775,0.18489152676366105,-0.24034248845484374,1.9269940256383653,timeout,time_limit,360,-3.3154537785933726,0.0,0.0,0.0,False,False,False,nan,nan,nan,nan,nan,nan,nan,nan,nan,0,0.0,False,0,3.12.3,2.5.2,2.13.0,2.9.0,1.3.0,3.2.7,e9fa15cc35312a5c1ecf0c42668a690b5061c090,7ebad1ecabd28a7000add2d05f888aa2e837c2cc,cf2x,240,30,12.0,0.5,1,36,DATTA-BASAK,2026-09-22T14:45:40+00:00
hover,SS5,frigate,45.0,6.0,31,aft,189,1785244127,78.90496922872414,0.24823933573841866,-0.20926366814834507,1.7760000359754649,timeout,time_limit,360,-3.0078341406027636,0.0,0.0,0.0,False,False,False,nan,nan,nan,nan,nan,nan,nan,nan,nan,0,0.0,False,0,3.12.3,2.5.2,2.13.0,2.9.0,1.3.0,3.2.7,e9fa15cc35312a5c1ecf0c42668a690b5061c090,7ebad1ecabd28a7000add2d05f888aa2e837c2cc,cf2x,240,30,12.0,0.5,1,36,DATTA-BASAK,2026-09-22T14:45:40+00:00
hover,SS5,frigate,135.0,6.0,30,aft,190,747043549,57.13262978509274,-0.08659108860716994,-0.1705745416272111,1.876575001641773,timeout,time_limit,360,-4.022143311192705,0.0,0.0,0.0,False,False,False,nan,nan,nan,nan,nan,nan,nan,nan,nan,0,0.0,False,0,3.12.3,2.5.2,2.13.0,2.9.0,1.3.0,3.2.7,e9fa15cc35312a5c1ecf0c42668a690b5061c090,7ebad1ecabd28a7000add2d05f888aa2e837c2cc,cf2x,240,30,12.0,0.5,1,36,DATTA-BASAK,2026-09-22T14:45:40+00:00
hover,SS5,frigate,135.0,12.0,30,aft,191,644793309,7.411561158128023,0.22201421833670715,0.25299142714718953,1.6064986402085069,timeout,time_limit,360,-4.376238873769743,0.0,0.0,0.0,False,False,False,nan,nan,nan,nan,nan,nan,nan,nan,nan,0,0.0,False,0,3.12.3,2.5.2,2.13.0,2.9.0,1.3.0,3.2.7,e9fa15cc35312a5c1ecf0c42668a690b5061c090,7ebad1ecabd28a7000add2d05f888aa2e837c2cc,cf2x,240,30,12.0,0.5,1,36,DATTA-BASAK,2026-09-22T14:45:40+00:00
hover,SS5,frigate,180.0,12.0,27,aft,192,1528953123,4.030977937630847,-0.01755567959159704,0.08509692297709254,1.6911460749029252,timeout,time_limit,360,-4.130665765179023,0.0,0.0,0.0,False,False,False,nan,nan,nan,nan,nan,nan,nan,nan,nan,0,0.0,False,0,3.12.3,2.5.2,2.13.0,2.9.0,1.3.0,3.2.7,e9fa15cc35312a5c1ecf0c42668a690b5061c090,7ebad1ecabd28a7000add2d05f888aa2e837c2cc,cf2x,240,30,12.0,0.5,1,36,DATTA-BASAK,2026-09-22T14:45:40+00:00
hover,SS5,frigate,45.0,12.0,27,aft,193,201830457,64.97294881041287,0.16880689683086608,-0.03828482287597057,1.7928982755645204,timeout,time_limit,360,-3.337060775034163,0.0,0.0,0.0,False,False,False,nan,nan,nan,nan,nan,nan,nan,nan,nan,0,0.0,False,0,3.12.3,2.5.2,2.13.0,2.9.0,1.3.0,3.2.7,e9fa15cc35312a5c1ecf0c42668a690b5061c090,7ebad1ecabd28a7000add2d05f888aa2e837c2cc,cf2x,240,30,12.0,0.5,1,36,DATTA-BASAK,2026-09-22T14:45:40+00:00
hover,SS5,frigate,90.0,12.0,27,aft,194,1410923522,64.7643657832646,-0.10579290292898128,-0.23303247028227436,1.7765465664598539,timeout,time_limit,360,-2.8435264804789093,0.0,0.0,0.0,False,False,False,nan,nan,nan,nan,nan,nan,nan,nan,nan,0,0.0,False,0,3.12.3,2.5.2,2.13.0,2.9.0,1.3.0,3.2.7,e9fa15cc35312a5c1ecf0c42668a690b5061c090,7ebad1ecabd28a7000add2d05f888aa2e837c2cc,cf2x,240,30,12.0,0.5,1,36,DATTA-BASAK,2026-09-22T14:45:40+00:00
hover,SS5,frigate,180.0,12.0,31,aft,195,11829117,64.60762514554845,0.003543911418503576,0.06285384277510098,1.7672889335492417,timeout,time_limit,360,-4.647478482546871,0.0,0.0,0.0,False,False,False,nan,nan,nan,nan,nan,nan,nan,nan,nan,0,0.0,False,0,3.12.3,2.5.2,2.13.0,2.9.0,1.3.0,3.2.7,e9fa15cc35312a5c1ecf0c42668a690b5061c090,7ebad1ecabd28a7000add2d05f888aa2e837c2cc,cf2x,240,30,12.0,0.5,1,36,DATTA-BASAK,2026-09-22T14:45:40+00:00
hover,SS5,frigate,45.0,12.0,28,aft,196,1625890357,94.47081817506407,0.06139506755714652,-0.29314246658235227,1.98936422516713,timeout,time_limit,360,-4.130411639051375,0.0,0.0,0.0,False,False,False,nan,nan,nan,nan,nan,nan,nan,nan,nan,0,0.0,False,0,3.12.3,2.5.2,2.13.0,2.9.0,1.3.0,3.2.7,e9fa15cc35312a5c1ecf0c42668a690b5061c090,7ebad1ecabd28a7000add2d05f888aa2e837c2cc,cf2x,240,30,12.0,0.5,1,36,DATTA-BASAK,2026-09-22T14:45:40+00:00
hover,SS5,frigate,90.0,0.0,28,aft,197,369956358,50.40914127085437,-0.028548972996578437,0.2576739735355646,1.7089284344027713,timeout,time_limit,360,-3.0142719277587258,0.0,0.0,0.0,False,False,False,nan,nan,nan,nan,nan,nan,nan,nan,nan,0,0.0,False,0,3.12.3,2.5.2,2.13.0,2.9.0,1.3.0,3.2.7,e9fa15cc35312a5c1ecf0c42668a690b5061c090,7ebad1ecabd28a7000add2d05f888aa2e837c2cc,cf2x,240,30,12.0,0.5,1,36,DATTA-BASAK,2026-09-22T14:45:40+00:00
hover,SS5,frigate,135.0,6.0,29,aft,198,1501950799,105.0492699115474,0.10001517728485598,0.0455067594383014,1.9781740270367723,timeout,time_limit,360,-3.4988254432823904,0.0,0.0,0.0,False,False,False,nan,nan,nan,nan,nan,nan,nan,nan,nan,0,0.0,False,0,3.12.3,2.5.2,2.13.0,2.9.0,1.3.0,3.2.7,e9fa15cc35312a5c1ecf0c42668a690b5061c090,7ebad1ecabd28a7000add2d05f888aa2e837c2cc,cf2x,240,30,12.0,0.5,1,36,DATTA-BASAK,2026-09-22T14:45:40+00:00
hover,SS5,frigate,180.0,6.0,30,aft,199,1815681832,104.497077310334,-0.18580764369731229,-0.2972571403715108,1.6868541630544718,timeout,time_limit,360,-3.9871880751763813,0.0,0.0,0.0,False,False,False,nan,nan,nan,nan,nan,nan,nan,nan,nan,0,0.0,False,0,3.12.3,2.5.2,2.13.0,2.9.0,1.3.0,3.2.7,e9fa15cc35312a5c1ecf0c42668a690b5061c090,7ebad1ecabd28a7000add2d05f888aa2e837c2cc,cf2x,240,30,12.0,0.5,1,36,DATTA-BASAK,2026-09-22T14:45:40+00:00
random,SS3,frigate,45.0,0.0,30,aft,0,328882329,94.60817297351188,-0.023803798768627593,-0.012692484690325634,1.8662170860885925,crash,tilt_gt_crash,43,-30.628366236088457,38.0513849191545,55.294013952027555,0.0,False,False,False,nan,nan,nan,nan,nan,nan,nan,nan,nan,0,0.0,False,0,3.12.3,2.5.2,2.13.0,2.9.0,1.3.0,3.2.7,e9fa15cc35312a5c1ecf0c42668a690b5061c090,7ebad1ecabd28a7000add2d05f888aa2e837c2cc,cf2x,240,30,12.0,0.5,1,36,DATTA-BASAK,2026-09-22T14:45:40+00:00
random,SS3,frigate,135.0,12.0,31,aft,1,1377189312,38.90413175320551,-0.0303613010375004,-0.09798868542535047,1.6120747610530024,crash,tilt_gt_crash,36,-32.868118028879124,35.137600292873394,45.62541828612443,0.0,False,False,False,nan,nan,nan,nan,nan,nan,nan,nan,nan,0,0.0,False,0,3.12.3,2.5.2,2.13.0,2.9.0,1.3.0,3.2.7,e9fa15cc35312a5c1ecf0c42668a690b5061c090,7ebad1ecabd28a7000add2d05f888aa2e837c2cc,cf2x,240,30,12.0,0.5,1,36,DATTA-BASAK,2026-09-22T14:45:40+00:00
random,SS3,frigate,180.0,0.0,29,aft,2,413196667,82.55961754300297,-0.21216481219224503,0.20277485039913928,1.785455706582594,crash,tilt_gt_crash,40,-33.8949234622691,40.04995404888111,51.828765734455196,0.0,False,False,False,nan,nan,nan,nan,nan,nan,nan,nan,nan,0,0.0,False,0,3.12.3,2.5.2,2.13.0,2.9.0,1.3.0,3.2.7,e9fa15cc35312a5c1ecf0c42668a690b5061c090,7ebad1ecabd28a7000add2d05f888aa2e837c2cc,cf2x,240,30,12.0,0.5,1,36,DATTA-BASAK,2026-09-22T14:45:40+00:00
random,SS3,frigate,180.0,0.0,28,aft,3,607279498,100.30809302132234,0.0016114026441817475,-0.264504398784672,1.6713724850237717,crash,tilt_gt_crash,77,-37.683268673294904,69.170267040243,96.73261775266039,0.0,False,False,False,nan,nan,nan,nan,nan,nan,nan,nan,nan,0,0.0,False,0,3.12.3,2.5.2,2.13.0,2.9.0,1.3.0,3.2.7,e9fa15cc35312a5c1ecf0c42668a690b5061c090,7ebad1ecabd28a7000add2d05f888aa2e837c2cc,cf2x,240,30,12.0,0.5,1,36,DATTA-BASAK,2026-09-22T14:45:40+00:00
random,SS3,frigate,180.0,12.0,28,aft,4,2035134152,31.19725495121074,-0.09787819882217244,0.1814583161425805,1.6688127137760407,crash,tilt_gt_crash,48,-35.27231593939357,46.34700697961876,57.688999266872166,0.0,False,False,False,nan,nan,nan,nan,nan,nan,nan,nan,nan,0,0.0,False,0,3.12.3,2.5.2,2.13.0,2.9.0,1.3.0,3.2.7,e9fa15cc35312a5c1ecf0c42668a690b5061c090,7ebad1ecabd28a7000add2d05f888aa2e837c2cc,cf2x,240,30,12.0,0.5,1,36,DATTA-BASAK,2026-09-22T14:45:40+00:00
random,SS3,frigate,45.0,6.0,30,aft,5,1073289923,86.62952819284902,0.2794896447547281,0.1477100690313975,1.910885280348655,crash,tilt_gt_crash,53,-60.280581699532064,50.73256190014074,64.39866749616176,0.0,False,False,False,nan,nan,nan,nan,nan,nan,nan,nan,nan,0,0.0,False,0,3.12.3,2.5.2,2.13.0,2.9.0,1.3.0,3.2.7,e9fa15cc35312a5c1ecf0c42668a690b5061c090,7ebad1ecabd28a7000add2d05f888aa2e837c2cc,cf2x,240,30,12.0,0.5,1,36,DATTA-BASAK,2026-09-22T14:45:40+00:00
random,SS3,frigate,135.0,6.0,29,aft,6,1871713630,64.4428969641894,0.07913951855288343,-0.06458741914557459,1.687914877844431,crash,tilt_gt_crash,54,-37.85629842843857,52.285414495670075,69.56663489069243,0.0,False,False,False,nan,nan,nan,nan,nan,nan,nan,nan,nan,0,0.0,False,0,3.12.3,2.5.2,2.13.0,2.9.0,1.3.0,3.2.7,e9fa15cc35312a5c1ecf0c42668a690b5061c090,7ebad1ecabd28a7000add2d05f888aa2e837c2cc,cf2x,240,30,12.0,0.5,1,36,DATTA-BASAK,2026-09-22T14:45:40+00:00
random,SS3,frigate,45.0,0.0,27,aft,7,396797429,82.07121747965414,0.2678547086204564,0.268669154330398,1.8708178564522107,crash,tilt_gt_crash,62,-36.886375310168376,58.000848575736214,79.04716859349216,0.0,False,False,False,nan,nan,nan,nan,nan,nan,nan,nan,nan,0,0.0,False,0,3.12.3,2.5.2,2.13.0,2.9.0,1.3.0,3.2.7,e9fa15cc35312a5c1ecf0c42668a690b5061c090,7ebad1ecabd28a7000add2d05f888aa2e837c2cc,cf2x,240,30,12.0,0.5,1,36,DATTA-BASAK,2026-09-22T14:45:40+00:00
random,SS3,frigate,90.0,0.0,27,aft,8,278264592,65.67375474743037,-0.07757929018820184,0.034275944839307404,1.7603877077761636,crash,tilt_gt_crash,27,-30.764246456468666,25.783288430498697,36.060817947644146,0.0,False,False,False,nan,nan,nan,nan,nan,nan,nan,nan,nan,0,0.0,False,0,3.12.3,2.5.2,2.13.0,2.9.0,1.3.0,3.2.7,e9fa15cc35312a5c1ecf0c42668a690b5061c090,7ebad1ecabd28a7000add2d05f888aa2e837c2cc,cf2x,240,30,12.0,0.5,1,36,DATTA-BASAK,2026-09-22T14:45:40+00:00
random,SS3,frigate,180.0,0.0,30,aft,9,557726751,71.30508943062985,-0.02137429487317155,-0.2541355374533059,1.9650708887625783,crash,tilt_gt_crash,44,-33.13604697962,41.94793336029679,56.04186820205764,0.0,False,False,False,nan,nan,nan,nan,nan,nan,nan,nan,nan,0,0.0,False,0,3.12.3,2.5.2,2.13.0,2.9.0,1.3.0,3.2.7,e9fa15cc35312a5c1ecf0c42668a690b5061c090,7ebad1ecabd28a7000add2d05f888aa2e837c2cc,cf2x,240,30,12.0,0.5,1,36,DATTA-BASAK,2026-09-22T14:45:40+00:00
random,SS3,frigate,45.0,12.0,27,aft,10,555165706,37.632253495657636,-0.020766671529564684,0.26930935219561986,1.6456852665087207,crash,tilt_gt_crash,54,-48.92660228961462,51.28882758765092,70.4369436680889,0.0,False,False,False,nan,nan,nan,nan,nan,nan,nan,nan,nan,0,0.0,False,0,3.12.3,2.5.2,2.13.0,2.9.0,1.3.0,3.2.7,e9fa15cc35312a5c1ecf0c42668a690b5061c090,7ebad1ecabd28a7000add2d05f888aa2e837c2cc,cf2x,240,30,12.0,0.5,1,36,DATTA-BASAK,2026-09-22T14:45:40+00:00
random,SS3,frigate,90.0,0.0,29,aft,11,1608433296,56.6934510432168,-0.09405612268969002,0.12242101971357328,1.6347701342195262,crash,tilt_gt_crash,37,-39.709275962441275,32.84306714182793,42.02966645826138,0.0,False,False,False,nan,nan,nan,nan,nan,nan,nan,nan,nan,0,0.0,False,0,3.12.3,2.5.2,2.13.0,2.9.0,1.3.0,3.2.7,e9fa15cc35312a5c1ecf0c42668a690b5061c090,7ebad1ecabd28a7000add2d05f888aa2e837c2cc,cf2x,240,30,12.0,0.5,1,36,DATTA-BASAK,2026-09-22T14:45:40+00:00
random,SS3,frigate,90.0,6.0,29,aft,12,1374776518,37.77318659809722,-0.28255650851887015,0.08873721847420674,1.6846726741615663,crash,tilt_gt_crash,66,-44.073821585677734,63.22572227398304,83.1278448484425,0.0,False,False,False,nan,nan,nan,nan,nan,nan,nan,nan,nan,0,0.0,False,0,3.12.3,2.5.2,2.13.0,2.9.0,1.3.0,3.2.7,e9fa15cc35312a5c1ecf0c42668a690b5061c090,7ebad1ecabd28a7000add2d05f888aa2e837c2cc,cf2x,240,30,12.0,0.5,1,36,DATTA-BASAK,2026-09-22T14:45:40+00:00
random,SS3,frigate,180.0,12.0,31,aft,13,305623694,105.15535685393121,-0.1416932644087958,0.08642053136497518,1.6057440491206039,crash,tilt_gt_crash,79,-56.58068136731012,75.11493137056021,106.79903066464252,0.0,False,False,False,nan,nan,nan,nan,nan,nan,nan,nan,nan,0,0.0,False,0,3.12.3,2.5.2,2.13.0,2.9.0,1.3.0,3.2.7,e9fa15cc35312a5c1ecf0c42668a690b5061c090,7ebad1ecabd28a7000add2d05f888aa2e837c2cc,cf2x,240,30,12.0,0.5,1,36,DATTA-BASAK,2026-09-22T14:45:40+00:00
random,SS3,frigate,90.0,6.0,28,aft,14,273538739,30.19150036269336,0.0775882064802566,0.1091869668507861,1.9289407680881476,crash,tilt_gt_crash,34,-34.71399846544873,35.142356917145385,48.08185081264015,0.0,False,False,False,nan,nan,nan,nan,nan,nan,nan,nan,nan,0,0.0,False,0,3.12.3,2.5.2,2.13.0,2.9.0,1.3.0,3.2.7,e9fa15cc35312a5c1ecf0c42668a690b5061c090,7ebad1ecabd28a7000add2d05f888aa2e837c2cc,cf2x,240,30,12.0,0.5,1,36,DATTA-BASAK,2026-09-22T14:45:40+00:00
random,SS3,frigate,90.0,12.0,30,aft,15,2026841218,63.69456532994561,0.2388239512359442,-0.07315854940464755,1.938873914074852,crash,tilt_gt_crash,33,-40.48642056638862,33.040030309903024,49.0736954807457,0.0,False,False,False,nan,nan,nan,nan,nan,nan,nan,nan,nan,0,0.0,False,0,3.12.3,2.5.2,2.13.0,2.9.0,1.3.0,3.2.7,e9fa15cc35312a5c1ecf0c42668a690b5061c090,7ebad1ecabd28a7000add2d05f888aa2e837c2cc,cf2x,240,30,12.0,0.5,1,36,DATTA-BASAK,2026-09-22T14:45:40+00:00
random,SS3,frigate,180.0,12.0,28,aft,16,1252376878,49.826918297665614,0.022339424702850552,0.23932572291693693,1.6017422539946304,crash,tilt_gt_crash,30,-29.378321005066937,28.97299795761225,40.26200238171221,0.0,False,False,False,nan,nan,nan,nan,nan,nan,nan,nan,nan,0,0.0,False,0,3.12.3,2.5.2,2.13.0,2.9.0,1.3.0,3.2.7,e9fa15cc35312a5c1ecf0c42668a690b5061c090,7ebad1ecabd28a7000add2d05f888aa2e837c2cc,cf2x,240,30,12.0,0.5,1,36,DATTA-BASAK,2026-09-22T14:45:40+00:00
random,SS3,frigate,135.0,12.0,29,aft,17,168585424,97.90169086326135,0.13820980405606553,0.07239313191547453,1.702203896236948,crash,tilt_gt_crash,32,-34.08919167624753,30.933676941136326,44.5894002554954,0.0,False,False,False,nan,nan,nan,nan,nan,nan,nan,nan,nan,0,0.0,False,0,3.12.3,2.5.2,2.13.0,2.9.0,1.3.0,3.2.7,e9fa15cc35312a5c1ecf0c42668a690b5061c090,7ebad1ecabd28a7000add2d05f888aa2e837c2cc,cf2x,240,30,12.0,0.5,1,36,DATTA-BASAK,2026-09-22T14:45:40+00:00
random,SS3,frigate,90.0,0.0,29,aft,18,1014615096,78.36115260254964,-0.13918449564295696,0.23437492660205933,1.7181656999188797,crash,tilt_gt_crash,31,-30.776625678448745,31.961013384330233,45.88676156453963,0.0,False,False,False,nan,nan,nan,nan,nan,nan,nan,nan,nan,0,0.0,False,0,3.12.3,2.5.2,2.13.0,2.9.0,1.3.0,3.2.7,e9fa15cc35312a5c1ecf0c42668a690b5061c090,7ebad1ecabd28a7000add2d05f888aa2e837c2cc,cf2x,240,30,12.0,0.5,1,36,DATTA-BASAK,2026-09-22T14:45:40+00:00
random,SS3,frigate,45.0,0.0,31,aft,19,525112527,55.740460900082894,-0.20004431533472816,-0.2543120186730972,1.8349627924076581,crash,tilt_gt_crash,56,-41.6400617646009,52.422311613075976,71.36063816663825,0.0,False,False,False,nan,nan,nan,nan,nan,nan,nan,nan,nan,0,0.0,False,0,3.12.3,2.5.2,2.13.0,2.9.0,1.3.0,3.2.7,e9fa15cc35312a5c1ecf0c42668a690b5061c090,7ebad1ecabd28a7000add2d05f888aa2e837c2cc,cf2x,240,30,12.0,0.5,1,36,DATTA-BASAK,2026-09-22T14:45:40+00:00
random,SS3,frigate,45.0,0.0,30,aft,20,1808891914,9.063377540995402,0.26782584663632497,-0.06056550936151325,1.8033565545557548,crash,tilt_gt_crash,88,-69.11564657020767,88.4224575188275,117.18021075453044,0.0,False,False,False,nan,nan,nan,nan,nan,nan,nan,nan,nan,0,0.0,False,0,3.12.3,2.5.2,2.13.0,2.9.0,1.3.0,3.2.7,e9fa15cc35312a5c1ecf0c42668a690b5061c090,7ebad1ecabd28a7000add2d05f888aa2e837c2cc,cf2x,240,30,12.0,0.5,1,36,DATTA-BASAK,2026-09-22T14:45:40+00:00
random,SS3,frigate,45.0,12.0,30,aft,21,1286085030,24.31123914725971,-0.19060425078567164,0.09411590500227207,1.776397420556504,crash,tilt_gt_crash,29,-36.125458793036955,30.450102940840825,40.26099451502927,0.0,False,False,False,nan,nan,nan,nan,nan,nan,nan,nan,nan,0,0.0,False,0,3.12.3,2.5.2,2.13.0,2.9.0,1.3.0,3.2.7,e9fa15cc35312a5c1ecf0c42668a690b5061c090,7ebad1ecabd28a7000add2d05f888aa2e837c2cc,cf2x,240,30,12.0,0.5,1,36,DATTA-BASAK,2026-09-22T14:45:40+00:00
random,SS3,frigate,135.0,12.0,30,aft,22,1841552676,80.95558713638896,0.2614865500404692,-0.2320558689856127,1.7747174541720359,crash,tilt_gt_crash,57,-33.345815701751796,53.92640915708976,74.32233290289132,0.0,False,False,False,nan,nan,nan,nan,nan,nan,nan,nan,nan,0,0.0,False,0,3.12.3,2.5.2,2.13.0,2.9.0,1.3.0,3.2.7,e9fa15cc35312a5c1ecf0c42668a690b5061c090,7ebad1ecabd28a7000add2d05f888aa2e837c2cc,cf2x,240,30,12.0,0.5,1,36,DATTA-BASAK,2026-09-22T14:45:40+00:00
random,SS3,frigate,45.0,0.0,28,aft,23,1301226886,36.43113460601914,-0.05527247516687078,-0.03619197069955993,1.7777781268378958,crash,tilt_gt_crash,44,-39.16009108185994,42.47218136530337,56.31070395008581,0.0,False,False,False,nan,nan,nan,nan,nan,nan,nan,nan,nan,0,0.0,False,0,3.12.3,2.5.2,2.13.0,2.9.0,1.3.0,3.2.7,e9fa15cc35312a5c1ecf0c42668a690b5061c090,7ebad1ecabd28a7000add2d05f888aa2e837c2cc,cf2x,240,30,12.0,0.5,1,36,DATTA-BASAK,2026-09-22T14:45:40+00:00
random,SS3,frigate,90.0,6.0,29,aft,24,992279305,53.11194469854464,-0.02872616850012999,-0.1371712153230261,1.9232303010646519,crash,tilt_gt_crash,43,-33.57932279280233,37.4075467380585,54.535020987604874,0.0,False,False,False,nan,nan,nan,nan,nan,nan,nan,nan,nan,0,0.0,False,0,3.12.3,2.5.2,2.13.0,2.9.0,1.3.0,3.2.7,e9fa15cc35312a5c1ecf0c42668a690b5061c090,7ebad1ecabd28a7000add2d05f888aa2e837c2cc,cf2x,240,30,12.0,0.5,1,36,DATTA-BASAK,2026-09-22T14:45:40+00:00
random,SS3,frigate,180.0,6.0,30,aft,25,914703746,25.05448162441265,-0.025841597863020982,0.10681582995576633,1.971077982923256,crash,tilt_gt_crash,44,-35.66251515891395,44.020732192471264,62.027232359700264,0.0,False,False,False,nan,nan,nan,nan,nan,nan,nan,nan,nan,0,0.0,False,0,3.12.3,2.5.2,2.13.0,2.9.0,1.3.0,3.2.7,e9fa15cc35312a5c1ecf0c42668a690b5061c090,7ebad1ecabd28a7000add2d05f888aa2e837c2cc,cf2x,240,30,12.0,0.5,1,36,DATTA-BASAK,2026-09-22T14:45:40+00:00
random,SS3,frigate,45.0,12.0,29,aft,26,747311538,84.3758301060269,-0.018784997703650608,-0.19678639196350486,1.7820769374594367,crash,tilt_gt_crash,63,-34.244754130852726,61.54603007218519,79.67728475141881,0.0,False,False,False,nan,nan,nan,nan,nan,nan,nan,nan,nan,0,0.0,False,0,3.12.3,2.5.2,2.13.0,2.9.0,1.3.0,3.2.7,e9fa15cc35312a5c1ecf0c42668a690b5061c090,7ebad1ecabd28a7000add2d05f888aa2e837c2cc,cf2x,240,30,12.0,0.5,1,36,DATTA-BASAK,2026-09-22T14:45:40+00:00
random,SS3,frigate,180.0,6.0,28,aft,27,283517439,98.44671390303033,0.22789601069774373,0.20497953002390973,1.901574096004273,crash,tilt_gt_crash,36,-28.604742907020608,33.993137409125175,45.658425053651044,0.0,False,False,False,nan,nan,nan,nan,nan,nan,nan,nan,nan,0,0.0,False,0,3.12.3,2.5.2,2.13.0,2.9.0,1.3.0,3.2.7,e9fa15cc35312a5c1ecf0c42668a690b5061c090,7ebad1ecabd28a7000add2d05f888aa2e837c2cc,cf2x,240,30,12.0,0.5,1,36,DATTA-BASAK,2026-09-22T14:45:40+00:00
random,SS3,frigate,180.0,12.0,29,aft,28,1056179647,75.11209212577837,0.1847286124981828,-0.03671160864415096,1.8329705602686794,crash,tilt_gt_crash,71,-39.893921414635436,67.42973343610214,90.14264024374661,0.0,False,False,False,nan,nan,nan,nan,nan,nan,nan,nan,nan,0,0.0,False,0,3.12.3,2.5.2,2.13.0,2.9.0,1.3.0,3.2.7,e9fa15cc35312a5c1ecf0c42668a690b5061c090,7ebad1ecabd28a7000add2d05f888aa2e837c2cc,cf2x,240,30,12.0,0.5,1,36,DATTA-BASAK,2026-09-22T14:45:40+00:00
random,SS3,frigate,180.0,6.0,30,aft,29,528887918,70.53311037860693,0.07583939288268626,-0.039237538810026173,1.681852623490439,crash,tilt_gt_crash,72,-45.86973464073368,69.51452901323452,98.75806198487132,0.0,False,False,False,nan,nan,nan,nan,nan,nan,nan,nan,nan,0,0.0,False,0,3.12.3,2.5.2,2.13.0,2.9.0,1.3.0,3.2.7,e9fa15cc35312a5c1ecf0c42668a690b5061c090,7ebad1ecabd28a7000add2d05f888aa2e837c2cc,cf2x,240,30,12.0,0.5,1,36,DATTA-BASAK,2026-09-22T14:45:40+00:00
random,SS3,frigate,180.0,6.0,28,aft,30,718681297,79.10694973713048,0.0500465071689391,0.1663947225872207,1.9057678474928808,crash,tilt_gt_crash,60,-53.46699960880384,57.47374212306257,79.21192285688292,0.0,False,False,False,nan,nan,nan,nan,nan,nan,nan,nan,nan,0,0.0,False,0,3.12.3,2.5.2,2.13.0,2.9.0,1.3.0,3.2.7,e9fa15cc35312a5c1ecf0c42668a690b5061c090,7ebad1ecabd28a7000add2d05f888aa2e837c2cc,cf2x,240,30,12.0,0.5,1,36,DATTA-BASAK,2026-09-22T14:45:40+00:00
random,SS3,frigate,135.0,12.0,28,aft,31,204145320,29.947188456032553,0.1616773397808527,-0.18966039646923155,1.866359525527028,crash,tilt_gt_crash,46,-37.006987632361266,45.56189846538237,61.831785275153784,0.0,False,False,False,nan,nan,nan,nan,nan,nan,nan,nan,nan,0,0.0,False,0,3.12.3,2.5.2,2.13.0,2.9.0,1.3.0,3.2.7,e9fa15cc35312a5c1ecf0c42668a690b5061c090,7ebad1ecabd28a7000add2d05f888aa2e837c2cc,cf2x,240,30,12.0,0.5,1,36,DATTA-BASAK,2026-09-22T14:45:40+00:00
random,SS3,frigate,90.0,6.0,31,aft,32,1891934240,8.764648436512822,0.17519203540601647,0.051038898443443725,1.8268692882310948,crash,tilt_gt_crash,33,-32.883366939956,30.00303336970063,43.24052786053144,0.0,False,False,False,nan,nan,nan,nan,nan,nan,nan,nan,nan,0,0.0,False,0,3.12.3,2.5.2,2.13.0,2.9.0,1.3.0,3.2.7,e9fa15cc35312a5c1ecf0c42668a690b5061c090,7ebad1ecabd28a7000add2d05f888aa2e837c2cc,cf2x,240,30,12.0,0.5,1,36,DATTA-BASAK,2026-09-22T14:45:40+00:00
random,SS3,frigate,90.0,6.0,31,aft,33,1171721964,17.21252633266708,0.07281693653229826,0.1211371698779819,1.7632198246434965,crash,tilt_gt_crash,23,-32.2850969456817,22.759326808974915,29.879757082477976,0.0,False,False,False,nan,nan,nan,nan,nan,nan,nan,nan,nan,0,0.0,False,0,3.12.3,2.5.2,2.13.0,2.9.0,1.3.0,3.2.7,e9fa15cc35312a5c1ecf0c42668a690b5061c090,7ebad1ecabd28a7000add2d05f888aa2e837c2cc,cf2x,240,30,12.0,0.5,1,36,DATTA-BASAK,2026-09-22T14:45:40+00:00
random,SS3,frigate,180.0,0.0,31,aft,34,1963807817,34.83563712219602,-0.2251178484288293,-0.057484191103336635,1.7992388506071464,crash,tilt_gt_crash,53,-33.875854730565024,48.705989789070216,70.10612848229496,0.0,False,False,False,nan,nan,nan,nan,nan,nan,nan,nan,nan,0,0.0,False,0,3.12.3,2.5.2,2.13.0,2.9.0,1.3.0,3.2.7,e9fa15cc35312a5c1ecf0c42668a690b5061c090,7ebad1ecabd28a7000add2d05f888aa2e837c2cc,cf2x,240,30,12.0,0.5,1,36,DATTA-BASAK,2026-09-22T14:45:40+00:00
random,SS3,frigate,180.0,6.0,27,aft,35,375791313,68.16509572761215,0.08973255263726765,-0.12187077351295691,1.820016540380935,crash,tilt_gt_crash,51,-34.6957814907511,49.55726227819325,66.83309052901687,0.0,False,False,False,nan,nan,nan,nan,nan,nan,nan,nan,nan,0,0.0,False,0,3.12.3,2.5.2,2.13.0,2.9.0,1.3.0,3.2.7,e9fa15cc35312a5c1ecf0c42668a690b5061c090,7ebad1ecabd28a7000add2d05f888aa2e837c2cc,cf2x,240,30,12.0,0.5,1,36,DATTA-BASAK,2026-09-22T14:45:40+00:00
random,SS3,frigate,45.0,6.0,29,aft,36,785259466,11.67604412557283,0.2536200214010746,-0.014257185141875794,1.9282557215417206,crash,tilt_gt_crash,32,-30.187138170333554,28.93614828900842,38.50418181986812,0.0,False,False,False,nan,nan,nan,nan,nan,nan,nan,nan,nan,0,0.0,False,0,3.12.3,2.5.2,2.13.0,2.9.0,1.3.0,3.2.7,e9fa15cc35312a5c1ecf0c42668a690b5061c090,7ebad1ecabd28a7000add2d05f888aa2e837c2cc,cf2x,240,30,12.0,0.5,1,36,DATTA-BASAK,2026-09-22T14:45:40+00:00
random,SS3,frigate,180.0,6.0,31,aft,37,744575060,39.854716056138095,-0.19290411971505436,0.1986635705665427,1.9710346638295746,crash,tilt_gt_crash,86,-40.22245242512441,81.58623006751014,116.65484345800745,0.0,False,False,False,nan,nan,nan,nan,nan,nan,nan,nan,nan,0,0.0,False,0,3.12.3,2.5.2,2.13.0,2.9.0,1.3.0,3.2.7,e9fa15cc35312a5c1ecf0c42668a690b5061c090,7ebad1ecabd28a7000add2d05f888aa2e837c2cc,cf2x,240,30,12.0,0.5,1,36,DATTA-BASAK,2026-09-22T14:45:40+00:00
random,SS3,frigate,135.0,12.0,27,aft,38,993496588,17.21083118489654,0.15550136838213985,-0.19079404273342687,1.6441019045285599,crash,tilt_gt_crash,59,-35.48970405641022,55.45927030721794,76.79417310380505,0.0,False,False,False,nan,nan,nan,nan,nan,nan,nan,nan,nan,0,0.0,False,0,3.12.3,2.5.2,2.13.0,2.9.0,1.3.0,3.2.7,e9fa15cc35312a5c1ecf0c42668a690b5061c090,7ebad1ecabd28a7000add2d05f888aa2e837c2cc,cf2x,240,30,12.0,0.5,1,36,DATTA-BASAK,2026-09-22T14:45:40+00:00
random,SS3,frigate,180.0,6.0,31,aft,39,710377609,99.60487588139407,0.014713165366929015,0.29993641496450824,1.9438494515961469,crash,tilt_gt_crash,83,-52.151718913667224,79.26609657980708,115.25239930234258,0.0,False,False,False,nan,nan,nan,nan,nan,nan,nan,nan,nan,0,0.0,False,0,3.12.3,2.5.2,2.13.0,2.9.0,1.3.0,3.2.7,e9fa15cc35312a5c1ecf0c42668a690b5061c090,7ebad1ecabd28a7000add2d05f888aa2e837c2cc,cf2x,240,30,12.0,0.5,1,36,DATTA-BASAK,2026-09-22T14:45:40+00:00
random,SS3,frigate,45.0,6.0,27,aft,40,1853427146,73.60336755990865,0.04528298787297458,0.06133305452565879,1.8300388090520059,crash,tilt_gt_crash,49,-35.41136572213517,48.184664959724344,66.03824229739418,0.0,False,False,False,nan,nan,nan,nan,nan,nan,nan,nan,nan,0,0.0,False,0,3.12.3,2.5.2,2.13.0,2.9.0,1.3.0,3.2.7,e9fa15cc35312a5c1ecf0c42668a690b5061c090,7ebad1ecabd28a7000add2d05f888aa2e837c2cc,cf2x,240,30,12.0,0.5,1,36,DATTA-BASAK,2026-09-22T14:45:40+00:00
random,SS3,frigate,180.0,12.0,31,aft,41,1131763354,89.60940119723529,-0.10597956457370189,-0.24847333542045583,1.8542946321837497,crash,tilt_gt_crash,67,-40.43318880814766,68.19526669761265,98.81574493774764,0.0,False,False,False,nan,nan,nan,nan,nan,nan,nan,nan,nan,0,0.0,False,0,3.12.3,2.5.2,2.13.0,2.9.0,1.3.0,3.2.7,e9fa15cc35312a5c1ecf0c42668a690b5061c090,7ebad1ecabd28a7000add2d05f888aa2e837c2cc,cf2x,240,30,12.0,0.5,1,36,DATTA-BASAK,2026-09-22T14:45:40+00:00
random,SS3,frigate,90.0,0.0,30,aft,42,1573540090,32.52510162245966,-0.025346834707456467,-0.24486490414846612,1.717420116035039,crash,tilt_gt_crash,58,-40.74284328321515,55.50656771587719,81.51579580547177,0.0,False,False,False,nan,nan,nan,nan,nan,nan,nan,nan,nan,0,0.0,False,0,3.12.3,2.5.2,2.13.0,2.9.0,1.3.0,3.2.7,e9fa15cc35312a5c1ecf0c42668a690b5061c090,7ebad1ecabd28a7000add2d05f888aa2e837c2cc,cf2x,240,30,12.0,0.5,1,36,DATTA-BASAK,2026-09-22T14:45:40+00:00
random,SS3,frigate,135.0,0.0,31,aft,43,1844233930,58.543268772730826,-0.2057574174863917,0.17441194008508676,1.6920452544510403,crash,tilt_gt_crash,64,-36.27680992922923,63.41778770912441,90.69432937141573,0.0,False,False,False,nan,nan,nan,nan,nan,nan,nan,nan,nan,0,0.0,False,0,3.12.3,2.5.2,2.13.0,2.9.0,1.3.0,3.2.7,e9fa15cc35312a5c1ecf0c42668a690b5061c090,7ebad1ecabd28a7000add2d05f888aa2e837c2cc,cf2x,240,30,12.0,0.5,1,36,DATTA-BASAK,2026-09-22T14:45:40+00:00
random,SS3,frigate,45.0,12.0,27,aft,44,1019053039,83.91711208406744,0.05466054914156393,0.08515290733265019,1.8290198388040615,crash,tilt_gt_crash,64,-38.47514648719639,64.84919832089066,88.945332936119,0.0,False,False,False,nan,nan,nan,nan,nan,nan,nan,nan,nan,0,0.0,False,0,3.12.3,2.5.2,2.13.0,2.9.0,1.3.0,3.2.7,e9fa15cc35312a5c1ecf0c42668a690b5061c090,7ebad1ecabd28a7000add2d05f888aa2e837c2cc,cf2x,240,30,12.0,0.5,1,36,DATTA-BASAK,2026-09-22T14:45:40+00:00
random,SS3,frigate,90.0,12.0,30,aft,45,1464547235,57.82771967276032,0.27441241652860787,-0.1899922549727055,1.8546266770270932,crash,tilt_gt_crash,24,-30.33397486875309,23.142028457081114,29.79242195878724,0.0,False,False,False,nan,nan,nan,nan,nan,nan,nan,nan,nan,0,0.0,False,0,3.12.3,2.5.2,2.13.0,2.9.0,1.3.0,3.2.7,e9fa15cc35312a5c1ecf0c42668a690b5061c090,7ebad1ecabd28a7000add2d05f888aa2e837c2cc,cf2x,240,30,12.0,0.5,1,36,DATTA-BASAK,2026-09-22T14:45:40+00:00
random,SS3,frigate,180.0,12.0,29,aft,46,1815468932,18.3880141771576,-7.612110499338742e-05,0.2289228050213244,1.670897138199221,crash,tilt_gt_crash,24,-30.039179248214086,22.590201450900413,30.909779942511626,0.0,False,False,False,nan,nan,nan,nan,nan,nan,nan,nan,nan,0,0.0,False,0,3.12.3,2.5.2,2.13.0,2.9.0,1.3.0,3.2.7,e9fa15cc35312a5c1ecf0c42668a690b5061c090,7ebad1ecabd28a7000add2d05f888aa2e837c2cc,cf2x,240,30,12.0,0.5,1,36,DATTA-BASAK,2026-09-22T14:45:40+00:00
random,SS3,frigate,180.0,0.0,29,aft,47,246530982,88.11555017431901,-0.1776798442490502,-0.011727985647871197,1.6791219332850769,crash,tilt_gt_crash,55,-29.52399412233289,55.9455711443891,77.98798961771743,0.0,False,False,False,nan,nan,nan,nan,nan,nan,nan,nan,nan,0,0.0,False,0,3.12.3,2.5.2,2.13.0,2.9.0,1.3.0,3.2.7,e9fa15cc35312a5c1ecf0c42668a690b5061c090,7ebad1ecabd28a7000add2d05f888aa2e837c2cc,cf2x,240,30,12.0,0.5,1,36,DATTA-BASAK,2026-09-22T14:45:40+00:00
random,SS3,frigate,180.0,12.0,31,aft,48,914122205,55.869324870301156,0.2060869557122707,0.1964180009107518,1.7983089764522895,crash,tilt_gt_crash,37,-40.353639605013164,36.41109695526896,50.20651000759755,0.0,False,False,False,nan,nan,nan,nan,nan,nan,nan,nan,nan,0,0.0,False,0,3.12.3,2.5.2,2.13.0,2.9.0,1.3.0,3.2.7,e9fa15cc35312a5c1ecf0c42668a690b5061c090,7ebad1ecabd28a7000add2d05f888aa2e837c2cc,cf2x,240,30,12.0,0.5,1,36,DATTA-BASAK,2026-09-22T14:45:40+00:00
random,SS3,frigate,45.0,0.0,29,aft,49,176208080,60.1815444575412,-0.2654014205278942,-0.15882760859292847,1.6456852823376011,crash,tilt_gt_crash,22,-29.83505112216695,22.0965426163858,28.809118897186647,0.0,False,False,False,nan,nan,nan,nan,nan,nan,nan,nan,nan,0,0.0,False,0,3.12.3,2.5.2,2.13.0,2.9.0,1.3.0,3.2.7,e9fa15cc35312a5c1ecf0c42668a690b5061c090,7ebad1ecabd28a7000add2d05f888aa2e837c2cc,cf2x,240,30,12.0,0.5,1,36,DATTA-BASAK,2026-09-22T14:45:40+00:00
random,SS3,frigate,135.0,12.0,30,aft,50,985788348,62.64056428029573,0.022101455408405746,-0.2735087668055129,1.966487130837517,crash,tilt_gt_crash,70,-44.65185926002215,66.39332646855095,92.06682825947001,0.0,False,False,False,nan,nan,nan,nan,nan,nan,nan,nan,nan,0,0.0,False,0,3.12.3,2.5.2,2.13.0,2.9.0,1.3.0,3.2.7,e9fa15cc35312a5c1ecf0c42668a690b5061c090,7ebad1ecabd28a7000add2d05f888aa2e837c2cc,cf2x,240,30,12.0,0.5,1,36,DATTA-BASAK,2026-09-22T14:45:40+00:00
random,SS3,frigate,90.0,6.0,29,aft,51,2043936972,81.64378729850652,0.18351533778274565,-0.033834551281916536,1.6355402038901738,crash,tilt_gt_crash,29,-50.348887513637976,28.590770101040125,37.70692731790133,0.0,False,False,False,nan,nan,nan,nan,nan,nan,nan,nan,nan,0,0.0,False,0,3.12.3,2.5.2,2.13.0,2.9.0,1.3.0,3.2.7,e9fa15cc35312a5c1ecf0c42668a690b5061c090,7ebad1ecabd28a7000add2d05f888aa2e837c2cc,cf2x,240,30,12.0,0.5,1,36,DATTA-BASAK,2026-09-22T14:45:40+00:00
random,SS3,frigate,45.0,0.0,30,aft,52,1474061034,82.1899878578756,0.06623369253032008,0.24214024541616136,1.6927794546519708,crash,tilt_gt_crash,47,-40.88729452034263,44.14881740895949,59.54305429280773,0.0,False,False,False,nan,nan,nan,nan,nan,nan,nan,nan,nan,0,0.0,False,0,3.12.3,2.5.2,2.13.0,2.9.0,1.3.0,3.2.7,e9fa15cc35312a5c1ecf0c42668a690b5061c090,7ebad1ecabd28a7000add2d05f888aa2e837c2cc,cf2x,240,30,12.0,0.5,1,36,DATTA-BASAK,2026-09-22T14:45:40+00:00
random,SS3,frigate,135.0,12.0,30,aft,53,1081299893,41.198784802180974,-0.08655262170135905,0.21500354476660993,1.6270142928727083,crash,tilt_gt_crash,44,-35.189850818244715,44.101654848941784,60.354226035309836,0.0,False,False,False,nan,nan,nan,nan,nan,nan,nan,nan,nan,0,0.0,False,0,3.12.3,2.5.2,2.13.0,2.9.0,1.3.0,3.2.7,e9fa15cc35312a5c1ecf0c42668a690b5061c090,7ebad1ecabd28a7000add2d05f888aa2e837c2cc,cf2x,240,30,12.0,0.5,1,36,DATTA-BASAK,2026-09-22T14:45:40+00:00
random,SS3,frigate,45.0,12.0,29,aft,54,1676372094,94.49207954695675,0.18206359783667436,-0.2617254514053138,1.6979322261864247,crash,tilt_gt_crash,50,-34.382766441864476,45.09586658760552,59.751324240260296,0.0,False,False,False,nan,nan,nan,nan,nan,nan,nan,nan,nan,0,0.0,False,0,3.12.3,2.5.2,2.13.0,2.9.0,1.3.0,3.2.7,e9fa15cc35312a5c1ecf0c42668a690b5061c090,7ebad1ecabd28a7000add2d05f888aa2e837c2cc,cf2x,240,30,12.0,0.5,1,36,DATTA-BASAK,2026-09-22T14:45:40+00:00
random,SS3,frigate,45.0,6.0,27,aft,55,1848046218,57.77308418652628,-0.2503600995573571,0.2562922928118732,1.8782324735401588,crash,tilt_gt_crash,27,-34.3660897838771,26.243089186755974,33.198890313603094,0.0,False,False,False,nan,nan,nan,nan,nan,nan,nan,nan,nan,0,0.0,False,0,3.12.3,2.5.2,2.13.0,2.9.0,1.3.0,3.2.7,e9fa15cc35312a5c1ecf0c42668a690b5061c090,7ebad1ecabd28a7000add2d05f888aa2e837c2cc,cf2x,240,30,12.0,0.5,1,36,DATTA-BASAK,2026-09-22T14:45:40+00:00
random,SS3,frigate,90.0,12.0,30,aft,56,916283657,84.0256318926833,-0.15672457171132637,0.04206521630555965,1.8873383746852865,crash,tilt_gt_crash,35,-29.739597831258468,33.999513068975794,47.159415035919174,0.0,False,False,False,nan,nan,nan,nan,nan,nan,nan,nan,nan,0,0.0,False,0,3.12.3,2.5.2,2.13.0,2.9.0,1.3.0,3.2.7,e9fa15cc35312a5c1ecf0c42668a690b5061c090,7ebad1ecabd28a7000add2d05f888aa2e837c2cc,cf2x,240,30,12.0,0.5,1,36,DATTA-BASAK,2026-09-22T14:45:40+00:00
random,SS3,frigate,90.0,0.0,27,aft,57,223592590,16.064148175031047,0.09548338157403985,-0.07576805433273273,1.6019670040545386,crash,tilt_gt_crash,100,-43.2379350383996,95.95986962106194,130.6265087485586,0.0,False,False,False,nan,nan,nan,nan,nan,nan,nan,nan,nan,0,0.0,False,0,3.12.3,2.5.2,2.13.0,2.9.0,1.3.0,3.2.7,e9fa15cc35312a5c1ecf0c42668a690b5061c090,7ebad1ecabd28a7000add2d05f888aa2e837c2cc,cf2x,240,30,12.0,0.5,1,36,DATTA-BASAK,2026-09-22T14:45:40+00:00
random,SS3,frigate,45.0,12.0,28,aft,58,1814862993,26.013934139262023,0.04641362158297718,-0.04532359262729624,1.8340633177241823,crash,tilt_gt_crash,31,-34.619103307055596,31.778559421010797,46.13884115252068,0.0,False,False,False,nan,nan,nan,nan,nan,nan,nan,nan,nan,0,0.0,False,0,3.12.3,2.5.2,2.13.0,2.9.0,1.3.0,3.2.7,e9fa15cc35312a5c1ecf0c42668a690b5061c090,7ebad1ecabd28a7000add2d05f888aa2e837c2cc,cf2x,240,30,12.0,0.5,1,36,DATTA-BASAK,2026-09-22T14:45:40+00:00
random,SS3,frigate,180.0,0.0,30,aft,59,237964021,35.48591884161696,-0.1218404208714925,0.20691158913967772,1.985405033842789,crash,tilt_gt_crash,59,-38.09912797831204,60.26792559788461,80.95217543761002,0.0,False,False,False,nan,nan,nan,nan,nan,nan,nan,nan,nan,0,0.0,False,0,3.12.3,2.5.2,2.13.0,2.9.0,1.3.0,3.2.7,e9fa15cc35312a5c1ecf0c42668a690b5061c090,7ebad1ecabd28a7000add2d05f888aa2e837c2cc,cf2x,240,30,12.0,0.5,1,36,DATTA-BASAK,2026-09-22T14:45:40+00:00
random,SS3,frigate,135.0,0.0,31,aft,60,1689466775,76.64328551029729,-0.2715933416216942,-0.25731405300566773,1.708701506682778,crash,tilt_gt_crash,54,-33.179013310832644,51.58742144948306,69.9700021046906,0.0,False,False,False,nan,nan,nan,nan,nan,nan,nan,nan,nan,0,0.0,False,0,3.12.3,2.5.2,2.13.0,2.9.0,1.3.0,3.2.7,e9fa15cc35312a5c1ecf0c42668a690b5061c090,7ebad1ecabd28a7000add2d05f888aa2e837c2cc,cf2x,240,30,12.0,0.5,1,36,DATTA-BASAK,2026-09-22T14:45:40+00:00
random,SS3,frigate,45.0,12.0,28,aft,61,1342051217,84.60336078188949,-0.0397592825304659,0.2039020573120927,1.8118947682173832,crash,tilt_gt_crash,50,-32.76172892041305,48.17515670964888,61.08547575244215,0.0,False,False,False,nan,nan,nan,nan,nan,nan,nan,nan,nan,0,0.0,False,0,3.12.3,2.5.2,2.13.0,2.9.0,1.3.0,3.2.7,e9fa15cc35312a5c1ecf0c42668a690b5061c090,7ebad1ecabd28a7000add2d05f888aa2e837c2cc,cf2x,240,30,12.0,0.5,1,36,DATTA-BASAK,2026-09-22T14:45:40+00:00
random,SS3,frigate,135.0,12.0,30,aft,62,1626408567,93.26358036417817,0.08689035845549758,0.14963416082867637,1.7871790758683161,crash,tilt_gt_crash,77,-36.349712389233964,75.38517412864584,100.23243876424944,0.0,False,False,False,nan,nan,nan,nan,nan,nan,nan,nan,nan,0,0.0,False,0,3.12.3,2.5.2,2.13.0,2.9.0,1.3.0,3.2.7,e9fa15cc35312a5c1ecf0c42668a690b5061c090,7ebad1ecabd28a7000add2d05f888aa2e837c2cc,cf2x,240,30,12.0,0.5,1,36,DATTA-BASAK,2026-09-22T14:45:40+00:00
random,SS3,frigate,90.0,6.0,29,aft,63,2076022060,58.35867262874081,-0.22139881925331403,0.13075373078911534,1.9121768281935896,crash,tilt_gt_crash,53,-39.31473086796763,48.47814205753045,68.13652075758628,0.0,False,False,False,nan,nan,nan,nan,nan,nan,nan,nan,nan,0,0.0,False,0,3.12.3,2.5.2,2.13.0,2.9.0,1.3.0,3.2.7,e9fa15cc35312a5c1ecf0c42668a690b5061c090,7ebad1ecabd28a7000add2d05f888aa2e837c2cc,cf2x,240,30,12.0,0.5,1,36,DATTA-BASAK,2026-09-22T14:45:40+00:00
random,SS3,frigate,180.0,6.0,29,aft,64,638281161,61.10482878389651,0.24472577939157597,0.16875183955800233,1.6463491025093453,crash,tilt_gt_crash,45,-37.41570119492342,44.85166910595182,65.79247423185602,0.0,False,False,False,nan,nan,nan,nan,nan,nan,nan,nan,nan,0,0.0,False,0,3.12.3,2.5.2,2.13.0,2.9.0,1.3.0,3.2.7,e9fa15cc35312a5c1ecf0c42668a690b5061c090,7ebad1ecabd28a7000add2d05f888aa2e837c2cc,cf2x,240,30,12.0,0.5,1,36,DATTA-BASAK,2026-09-22T14:45:40+00:00
random,SS3,frigate,135.0,6.0,30,aft,65,1913871587,59.06533555166508,0.2565834766137181,-0.2325451650899294,1.8718792030480964,crash,tilt_gt_crash,27,-31.637711033107994,24.124768505438904,31.62350170999962,0.0,False,False,False,nan,nan,nan,nan,nan,nan,nan,nan,nan,0,0.0,False,0,3.12.3,2.5.2,2.13.0,2.9.0,1.3.0,3.2.7,e9fa15cc35312a5c1ecf0c42668a690b5061c090,7ebad1ecabd28a7000add2d05f888aa2e837c2cc,cf2x,240,30,12.0,0.5,1,36,DATTA-BASAK,2026-09-22T14:45:40+00:00
random,SS3,frigate,180.0,0.0,28,aft,66,391108402,69.3903967399093,-0.25619816084440006,0.12942674129402898,1.7606063042384075,crash,tilt_gt_crash,40,-33.2363816024537,39.45766356559669,48.43056322957441,0.0,False,False,False,nan,nan,nan,nan,nan,nan,nan,nan,nan,0,0.0,False,0,3.12.3,2.5.2,2.13.0,2.9.0,1.3.0,3.2.7,e9fa15cc35312a5c1ecf0c42668a690b5061c090,7ebad1ecabd28a7000add2d05f888aa2e837c2cc,cf2x,240,30,12.0,0.5,1,36,DATTA-BASAK,2026-09-22T14:45:40+00:00
random,SS3,frigate,135.0,0.0,31,aft,67,571981288,58.07382305790024,0.17871171955821047,0.2833745165805667,1.7454193858995501,crash,tilt_gt_crash,80,-38.96247955969781,78.1826281540911,103.74679933172307,0.0,False,False,False,nan,nan,nan,nan,nan,nan,nan,nan,nan,0,0.0,False,0,3.12.3,2.5.2,2.13.0,2.9.0,1.3.0,3.2.7,e9fa15cc35312a5c1ecf0c42668a690b5061c090,7ebad1ecabd28a7000add2d05f888aa2e837c2cc,cf2x,240,30,12.0,0.5,1,36,DATTA-BASAK,2026-09-22T14:45:40+00:00
random,SS3,frigate,90.0,0.0,30,aft,68,1933719545,21.660135043812584,0.21061297453312694,0.13446146248517876,1.7011218163231265,crash,tilt_gt_crash,37,-41.66001881279584,36.37645288411995,52.72877683067741,0.0,False,False,False,nan,nan,nan,nan,nan,nan,nan,nan,nan,0,0.0,False,0,3.12.3,2.5.2,2.13.0,2.9.0,1.3.0,3.2.7,e9fa15cc35312a5c1ecf0c42668a690b5061c090,7ebad1ecabd28a7000add2d05f888aa2e837c2cc,cf2x,240,30,12.0,0.5,1,36,DATTA-BASAK,2026-09-22T14:45:40+00:00
random,SS3,frigate,90.0,0.0,28,aft,69,530662769,104.85684149923061,-0.20698124125323036,-0.038052117436455535,1.7158161993891698,crash,tilt_gt_crash,26,-30.112172824576163,22.79228366440127,33.05307937400497,0.0,False,False,False,nan,nan,nan,nan,nan,nan,nan,nan,nan,0,0.0,False,0,3.12.3,2.5.2,2.13.0,2.9.0,1.3.0,3.2.7,e9fa15cc35312a5c1ecf0c42668a690b5061c090,7ebad1ecabd28a7000add2d05f888aa2e837c2cc,cf2x,240,30,12.0,0.5,1,36,DATTA-BASAK,2026-09-22T14:45:40+00:00
random,SS3,frigate,180.0,0.0,28,aft,70,1803325934,41.08981309369503,-0.2985417623949744,-0.28949587415879385,1.7531502859709278,crash,tilt_gt_crash,44,-33.65546299994496,44.7463307983668,67.51730665148288,0.0,False,False,False,nan,nan,nan,nan,nan,nan,nan,nan,nan,0,0.0,False,0,3.12.3,2.5.2,2.13.0,2.9.0,1.3.0,3.2.7,e9fa15cc35312a5c1ecf0c42668a690b5061c090,7ebad1ecabd28a7000add2d05f888aa2e837c2cc,cf2x,240,30,12.0,0.5,1,36,DATTA-BASAK,2026-09-22T14:45:40+00:00
random,SS3,frigate,135.0,6.0,27,aft,71,1024053213,29.166139785700835,0.11322236688151766,-0.06850356985297396,1.6215354538757119,crash,tilt_gt_crash,53,-36.04635671536566,49.92070370748016,66.49980183562931,0.0,False,False,False,nan,nan,nan,nan,nan,nan,nan,nan,nan,0,0.0,False,0,3.12.3,2.5.2,2.13.0,2.9.0,1.3.0,3.2.7,e9fa15cc35312a5c1ecf0c42668a690b5061c090,7ebad1ecabd28a7000add2d05f888aa2e837c2cc,cf2x,240,30,12.0,0.5,1,36,DATTA-BASAK,2026-09-22T14:45:40+00:00
random,SS3,frigate,135.0,0.0,31,aft,72,1448413602,38.63235019401104,0.2566514802460074,0.07529846437804522,1.73707379696129,crash,tilt_gt_crash,49,-53.260545664596194,48.88918245368906,64.9115980661772,0.0,False,False,False,nan,nan,nan,nan,nan,nan,nan,nan,nan,0,0.0,False,0,3.12.3,2.5.2,2.13.0,2.9.0,1.3.0,3.2.7,e9fa15cc35312a5c1ecf0c42668a690b5061c090,7ebad1ecabd28a7000add2d05f888aa2e837c2cc,cf2x,240,30,12.0,0.5,1,36,DATTA-BASAK,2026-09-22T14:45:40+00:00
random,SS3,frigate,135.0,0.0,31,aft,73,525597350,47.20474593056415,-0.025179493786276208,0.047591803587440806,1.9661483540607236,crash,tilt_gt_crash,69,-41.721684526483244,67.99095507756176,92.72500633452329,0.0,False,False,False,nan,nan,nan,nan,nan,nan,nan,nan,nan,0,0.0,False,0,3.12.3,2.5.2,2.13.0,2.9.0,1.3.0,3.2.7,e9fa15cc35312a5c1ecf0c42668a690b5061c090,7ebad1ecabd28a7000add2d05f888aa2e837c2cc,cf2x,240,30,12.0,0.5,1,36,DATTA-BASAK,2026-09-22T14:45:40+00:00
random,SS3,frigate,135.0,0.0,28,aft,74,66788216,100.35901564756584,0.23311779727045862,-0.29680865563466824,1.8538605065860552,crash,tilt_gt_crash,117,-46.04198770468352,111.67490151005057,153.77911143662314,0.0,False,False,False,nan,nan,nan,nan,nan,nan,nan,nan,nan,0,0.0,False,0,3.12.3,2.5.2,2.13.0,2.9.0,1.3.0,3.2.7,e9fa15cc35312a5c1ecf0c42668a690b5061c090,7ebad1ecabd28a7000add2d05f888aa2e837c2cc,cf2x,240,30,12.0,0.5,1,36,DATTA-BASAK,2026-09-22T14:45:40+00:00
random,SS3,frigate,135.0,0.0,29,aft,75,982397301,24.89045547704974,0.28174545013606894,0.2604267918545385,1.7453890958340148,crash,tilt_gt_crash,34,-33.247543005821605,33.3662458489689,41.43276567963355,0.0,False,False,False,nan,nan,nan,nan,nan,nan,nan,nan,nan,0,0.0,False,0,3.12.3,2.5.2,2.13.0,2.9.0,1.3.0,3.2.7,e9fa15cc35312a5c1ecf0c42668a690b5061c090,7ebad1ecabd28a7000add2d05f888aa2e837c2cc,cf2x,240,30,12.0,0.5,1,36,DATTA-BASAK,2026-09-22T14:45:40+00:00
random,SS3,frigate,90.0,12.0,28,aft,76,934873078,79.34945788098912,0.22412606525018935,-0.03737389781560757,1.7386547547483717,crash,tilt_gt_crash,57,-36.65755245702355,54.93919505275856,76.0650954070059,0.0,False,False,False,nan,nan,nan,nan,nan,nan,nan,nan,nan,0,0.0,False,0,3.12.3,2.5.2,2.13.0,2.9.0,1.3.0,3.2.7,e9fa15cc35312a5c1ecf0c42668a690b5061c090,7ebad1ecabd28a7000add2d05f888aa2e837c2cc,cf2x,240,30,12.0,0.5,1,36,DATTA-BASAK,2026-09-22T14:45:40+00:00
random,SS3,frigate,180.0,6.0,30,aft,77,36923240,28.035995225016293,-0.10510007792473128,-0.03868452248472237,1.6533506823202537,crash,tilt_gt_crash,43,-40.792279869327764,41.48408419337831,60.06010492048008,0.0,False,False,False,nan,nan,nan,nan,nan,nan,nan,nan,nan,0,0.0,False,0,3.12.3,2.5.2,2.13.0,2.9.0,1.3.0,3.2.7,e9fa15cc35312a5c1ecf0c42668a690b5061c090,7ebad1ecabd28a7000add2d05f888aa2e837c2cc,cf2x,240,30,12.0,0.5,1,36,DATTA-BASAK,2026-09-22T14:45:40+00:00
random,SS3,frigate,135.0,6.0,29,aft,78,624480539,36.29381086399057,0.2502784633205449,-0.11217470090001394,1.7112969415375983,crash,tilt_gt_crash,26,-29.871101427344527,21.558802083188553,28.91366727747423,0.0,False,False,False,nan,nan,nan,nan,nan,nan,nan,nan,nan,0,0.0,False,0,3.12.3,2.5.2,2.13.0,2.9.0,1.3.0,3.2.7,e9fa15cc35312a5c1ecf0c42668a690b5061c090,7ebad1ecabd28a7000add2d05f888aa2e837c2cc,cf2x,240,30,12.0,0.5,1,36,DATTA-BASAK,2026-09-22T14:45:40+00:00
random,SS3,frigate,135.0,12.0,27,aft,79,1909577832,93.08398652619232,0.23144603670848868,0.020884668871830825,1.6814034567264615,crash,tilt_gt_crash,53,-38.94093046942653,52.55648626081991,77.06313867497127,0.0,False,False,False,nan,nan,nan,nan,nan,nan,nan,nan,nan,0,0.0,False,0,3.12.3,2.5.2,2.13.0,2.9.0,1.3.0,3.2.7,e9fa15cc35312a5c1ecf0c42668a690b5061c090,7ebad1ecabd28a7000add2d05f888aa2e837c2cc,cf2x,240,30,12.0,0.5,1,36,DATTA-BASAK,2026-09-22T14:45:40+00:00
random,SS3,frigate,90.0,12.0,29,aft,80,1636734214,96.0799694909785,-0.0347841015245523,0.16437263276339548,1.6495982966420981,crash,tilt_gt_crash,71,-58.62657029414968,69.76239065900212,101.02050475999003,0.0,False,False,False,nan,nan,nan,nan,nan,nan,nan,nan,nan,0,0.0,False,0,3.12.3,2.5.2,2.13.0,2.9.0,1.3.0,3.2.7,e9fa15cc35312a5c1ecf0c42668a690b5061c090,7ebad1ecabd28a7000add2d05f888aa2e837c2cc,cf2x,240,30,12.0,0.5,1,36,DATTA-BASAK,2026-09-22T14:45:40+00:00
random,SS3,frigate,45.0,0.0,28,aft,81,60915364,26.805012407543593,0.19270915561194663,-0.2052678175525341,1.667197922366391,crash,tilt_gt_crash,26,-31.305813624506946,26.223055654221,38.855818491637336,0.0,False,False,False,nan,nan,nan,nan,nan,nan,nan,nan,nan,0,0.0,False,0,3.12.3,2.5.2,2.13.0,2.9.0,1.3.0,3.2.7,e9fa15cc35312a5c1ecf0c42668a690b5061c090,7ebad1ecabd28a7000add2d05f888aa2e837c2cc,cf2x,240,30,12.0,0.5,1,36,DATTA-BASAK,2026-09-22T14:45:40+00:00
random,SS3,frigate,90.0,12.0,31,aft,82,1363281547,100.48420143783538,0.2320095656130831,0.25004402976429,1.8684853661070169,crash,tilt_gt_crash,29,-27.614649945170886,26.966612585735692,36.938947845385314,0.0,False,False,False,nan,nan,nan,nan,nan,nan,nan,nan,nan,0,0.0,False,0,3.12.3,2.5.2,2.13.0,2.9.0,1.3.0,3.2.7,e9fa15cc35312a5c1ecf0c42668a690b5061c090,7ebad1ecabd28a7000add2d05f888aa2e837c2cc,cf2x,240,30,12.0,0.5,1,36,DATTA-BASAK,2026-09-22T14:45:40+00:00
random,SS3,frigate,180.0,0.0,27,aft,83,2114950000,45.38854145721599,-0.08312466645626795,0.13994911098129337,1.8671436418926866,crash,tilt_gt_crash,37,-35.36612175013155,35.219776347046164,49.85747529399385,0.0,False,False,False,nan,nan,nan,nan,nan,nan,nan,nan,nan,0,0.0,False,0,3.12.3,2.5.2,2.13.0,2.9.0,1.3.0,3.2.7,e9fa15cc35312a5c1ecf0c42668a690b5061c090,7ebad1ecabd28a7000add2d05f888aa2e837c2cc,cf2x,240,30,12.0,0.5,1,36,DATTA-BASAK,2026-09-22T14:45:40+00:00
random,SS3,frigate,135.0,6.0,30,aft,84,1016651687,11.161867799881165,0.029911746610382706,-0.02240398836505103,1.7648455471544082,crash,tilt_gt_crash,52,-35.96110794052946,50.236965189871995,64.83446917621852,0.0,False,False,False,nan,nan,nan,nan,nan,nan,nan,nan,nan,0,0.0,False,0,3.12.3,2.5.2,2.13.0,2.9.0,1.3.0,3.2.7,e9fa15cc35312a5c1ecf0c42668a690b5061c090,7ebad1ecabd28a7000add2d05f888aa2e837c2cc,cf2x,240,30,12.0,0.5,1,36,DATTA-BASAK,2026-09-22T14:45:40+00:00
random,SS3,frigate,180.0,0.0,28,aft,85,1170160718,30.84163280740562,-0.24285090796426112,0.09870281142233478,1.8362183337090092,crash,tilt_gt_crash,42,-34.84922331681398,38.9467354580932,57.89696569181538,0.0,False,False,False,nan,nan,nan,nan,nan,nan,nan,nan,nan,0,0.0,False,0,3.12.3,2.5.2,2.13.0,2.9.0,1.3.0,3.2.7,e9fa15cc35312a5c1ecf0c42668a690b5061c090,7ebad1ecabd28a7000add2d05f888aa2e837c2cc,cf2x,240,30,12.0,0.5,1,36,DATTA-BASAK,2026-09-22T14:45:40+00:00
random,SS3,frigate,180.0,12.0,31,aft,86,654322667,72.52225112185515,0.2746777961055585,0.004651248283230325,1.7575019032756607,crash,tilt_gt_crash,41,-36.9080282908393,40.04457266203812,53.757811713104466,0.0,False,False,False,nan,nan,nan,nan,nan,nan,nan,nan,nan,0,0.0,False,0,3.12.3,2.5.2,2.13.0,2.9.0,1.3.0,3.2.7,e9fa15cc35312a5c1ecf0c42668a690b5061c090,7ebad1ecabd28a7000add2d05f888aa2e837c2cc,cf2x,240,30,12.0,0.5,1,36,DATTA-BASAK,2026-09-22T14:45:40+00:00
random,SS3,frigate,90.0,0.0,27,aft,87,297007660,97.02478702406533,-0.09529335238640038,0.2229601808266763,1.776677650705687,crash,tilt_gt_crash,38,-33.286738499986754,36.462883458491405,50.91723894279576,0.0,False,False,False,nan,nan,nan,nan,nan,nan,nan,nan,nan,0,0.0,False,0,3.12.3,2.5.2,2.13.0,2.9.0,1.3.0,3.2.7,e9fa15cc35312a5c1ecf0c42668a690b5061c090,7ebad1ecabd28a7000add2d05f888aa2e837c2cc,cf2x,240,30,12.0,0.5,1,36,DATTA-BASAK,2026-09-22T14:45:40+00:00
random,SS3,frigate,135.0,0.0,30,aft,88,719306971,89.39819482512901,-0.22914132691645334,-0.24595421461704592,1.845762477207007,crash,tilt_gt_crash,29,-32.73156371739915,29.639056838652714,41.553885489549465,0.0,False,False,False,nan,nan,nan,nan,nan,nan,nan,nan,nan,0,0.0,False,0,3.12.3,2.5.2,2.13.0,2.9.0,1.3.0,3.2.7,e9fa15cc35312a5c1ecf0c42668a690b5061c090,7ebad1ecabd28a7000add2d05f888aa2e837c2cc,cf2x,240,30,12.0,0.5,1,36,DATTA-BASAK,2026-09-22T14:45:40+00:00
random,SS3,frigate,135.0,12.0,31,aft,89,218417968,17.878414368239163,0.28368972092891204,-0.27880058329519086,1.6905372282725526,crash,tilt_gt_crash,36,-44.014048692827345,33.01996774334106,43.915619901121715,0.0,False,False,False,nan,nan,nan,nan,nan,nan,nan,nan,nan,0,0.0,False,0,3.12.3,2.5.2,2.13.0,2.9.0,1.3.0,3.2.7,e9fa15cc35312a5c1ecf0c42668a690b5061c090,7ebad1ecabd28a7000add2d05f888aa2e837c2cc,cf2x,240,30,12.0,0.5,1,36,DATTA-BASAK,2026-09-22T14:45:40+00:00
random,SS3,frigate,135.0,0.0,30,aft,90,1490475847,58.45274444525838,-0.24494323504552046,-0.25637434338606935,1.7397707332732335,crash,tilt_gt_crash,30,-28.63018431105124,30.95312318153641,40.21767072410069,0.0,False,False,False,nan,nan,nan,nan,nan,nan,nan,nan,nan,0,0.0,False,0,3.12.3,2.5.2,2.13.0,2.9.0,1.3.0,3.2.7,e9fa15cc35312a5c1ecf0c42668a690b5061c090,7ebad1ecabd28a7000add2d05f888aa2e837c2cc,cf2x,240,30,12.0,0.5,1,36,DATTA-BASAK,2026-09-22T14:45:40+00:00
random,SS3,frigate,135.0,0.0,28,aft,91,1314540747,83.16496046674918,-0.2923414126783413,-0.11476281549348563,1.8484673363564106,crash,tilt_gt_crash,31,-30.660501632028918,30.255054010628356,43.726971368119955,0.0,False,False,False,nan,nan,nan,nan,nan,nan,nan,nan,nan,0,0.0,False,0,3.12.3,2.5.2,2.13.0,2.9.0,1.3.0,3.2.7,e9fa15cc35312a5c1ecf0c42668a690b5061c090,7ebad1ecabd28a7000add2d05f888aa2e837c2cc,cf2x,240,30,12.0,0.5,1,36,DATTA-BASAK,2026-09-22T14:45:40+00:00
random,SS3,frigate,180.0,6.0,27,aft,92,1324633910,48.655937713861164,0.043205325887631874,0.24543158877772248,1.683358436092436,crash,tilt_gt_crash,39,-35.64863133547327,38.59740273363586,51.90161739132051,0.0,False,False,False,nan,nan,nan,nan,nan,nan,nan,nan,nan,0,0.0,False,0,3.12.3,2.5.2,2.13.0,2.9.0,1.3.0,3.2.7,e9fa15cc35312a5c1ecf0c42668a690b5061c090,7ebad1ecabd28a7000add2d05f888aa2e837c2cc,cf2x,240,30,12.0,0.5,1,36,DATTA-BASAK,2026-09-22T14:45:40+00:00
random,SS3,frigate,135.0,12.0,27,aft,93,1282571761,103.39766432193706,0.0619363979511387,-0.1278270237415066,1.924338768960021,crash,out_of_bounds,88,-80.14050800443374,83.34919648984788,114.83527761577712,0.0,False,False,False,nan,nan,nan,nan,nan,nan,nan,nan,nan,0,0.0,False,0,3.12.3,2.5.2,2.13.0,2.9.0,1.3.0,3.2.7,e9fa15cc35312a5c1ecf0c42668a690b5061c090,7ebad1ecabd28a7000add2d05f888aa2e837c2cc,cf2x,240,30,12.0,0.5,1,36,DATTA-BASAK,2026-09-22T14:45:40+00:00
random,SS3,frigate,45.0,6.0,30,aft,94,260876832,98.8085100410959,-0.10108542519475563,0.17536956308783608,1.9341281934369663,crash,tilt_gt_crash,47,-30.498260311570625,44.34920258051242,61.08161817934143,0.0,False,False,False,nan,nan,nan,nan,nan,nan,nan,nan,nan,0,0.0,False,0,3.12.3,2.5.2,2.13.0,2.9.0,1.3.0,3.2.7,e9fa15cc35312a5c1ecf0c42668a690b5061c090,7ebad1ecabd28a7000add2d05f888aa2e837c2cc,cf2x,240,30,12.0,0.5,1,36,DATTA-BASAK,2026-09-22T14:45:40+00:00
random,SS3,frigate,135.0,12.0,27,aft,95,2072764770,34.62478132359374,0.14976365719148527,-0.2483425943142785,1.846659631354179,crash,tilt_gt_crash,51,-35.28167111352745,48.22491867323848,65.66244682235691,0.0,False,False,False,nan,nan,nan,nan,nan,nan,nan,nan,nan,0,0.0,False,0,3.12.3,2.5.2,2.13.0,2.9.0,1.3.0,3.2.7,e9fa15cc35312a5c1ecf0c42668a690b5061c090,7ebad1ecabd28a7000add2d05f888aa2e837c2cc,cf2x,240,30,12.0,0.5,1,36,DATTA-BASAK,2026-09-22T14:45:40+00:00
random,SS3,frigate,135.0,6.0,27,aft,96,710912281,94.44186180264496,0.06417163152173166,0.12139001156115348,1.697601891165569,crash,tilt_gt_crash,52,-30.002546995901554,51.58186769764096,65.56451714152497,0.0,False,False,False,nan,nan,nan,nan,nan,nan,nan,nan,nan,0,0.0,False,0,3.12.3,2.5.2,2.13.0,2.9.0,1.3.0,3.2.7,e9fa15cc35312a5c1ecf0c42668a690b5061c090,7ebad1ecabd28a7000add2d05f888aa2e837c2cc,cf2x,240,30,12.0,0.5,1,36,DATTA-BASAK,2026-09-22T14:45:40+00:00
random,SS3,frigate,90.0,6.0,30,aft,97,508696096,12.659693362193783,-0.28604907037984506,-0.039929799773611385,1.8947193208013346,crash,tilt_gt_crash,29,-30.27392058743445,29.041167861440588,37.154528581703815,0.0,False,False,False,nan,nan,nan,nan,nan,nan,nan,nan,nan,0,0.0,False,0,3.12.3,2.5.2,2.13.0,2.9.0,1.3.0,3.2.7,e9fa15cc35312a5c1ecf0c42668a690b5061c090,7ebad1ecabd28a7000add2d05f888aa2e837c2cc,cf2x,240,30,12.0,0.5,1,36,DATTA-BASAK,2026-09-22T14:45:40+00:00
random,SS3,frigate,90.0,0.0,27,aft,98,32248523,77.64389064983725,0.10461833624046518,-0.029648955655670606,1.8928944862535202,crash,tilt_gt_crash,38,-34.57807269647565,37.24939237759012,50.375875463767514,0.0,False,False,False,nan,nan,nan,nan,nan,nan,nan,nan,nan,0,0.0,False,0,3.12.3,2.5.2,2.13.0,2.9.0,1.3.0,3.2.7,e9fa15cc35312a5c1ecf0c42668a690b5061c090,7ebad1ecabd28a7000add2d05f888aa2e837c2cc,cf2x,240,30,12.0,0.5,1,36,DATTA-BASAK,2026-09-22T14:45:40+00:00
random,SS3,frigate,135.0,6.0,27,aft,99,1346916698,64.84202879674096,-0.1268416059047853,0.2915812553208173,1.891346849536565,crash,tilt_gt_crash,47,-32.27789210174081,44.1647193482288,57.05880551971022,0.0,False,False,False,nan,nan,nan,nan,nan,nan,nan,nan,nan,0,0.0,False,0,3.12.3,2.5.2,2.13.0,2.9.0,1.3.0,3.2.7,e9fa15cc35312a5c1ecf0c42668a690b5061c090,7ebad1ecabd28a7000add2d05f888aa2e837c2cc,cf2x,240,30,12.0,0.5,1,36,DATTA-BASAK,2026-09-22T14:45:40+00:00
random,SS3,frigate,180.0,0.0,27,aft,100,1316029742,18.939869353699855,-0.27309199084268737,0.06812464698026177,1.6573826634731175,crash,tilt_gt_crash,51,-37.06807829686055,47.649049487174935,68.64224734299547,0.0,False,False,False,nan,nan,nan,nan,nan,nan,nan,nan,nan,0,0.0,False,0,3.12.3,2.5.2,2.13.0,2.9.0,1.3.0,3.2.7,e9fa15cc35312a5c1ecf0c42668a690b5061c090,7ebad1ecabd28a7000add2d05f888aa2e837c2cc,cf2x,240,30,12.0,0.5,1,36,DATTA-BASAK,2026-09-22T14:45:40+00:00
random,SS3,frigate,90.0,12.0,29,aft,101,1145844193,5.376241586635484,0.056751493498461314,-0.18066914818263785,1.843742566819199,crash,tilt_gt_crash,39,-36.845552695643754,33.82030636791883,45.81711356400366,0.0,False,False,False,nan,nan,nan,nan,nan,nan,nan,nan,nan,0,0.0,False,0,3.12.3,2.5.2,2.13.0,2.9.0,1.3.0,3.2.7,e9fa15cc35312a5c1ecf0c42668a690b5061c090,7ebad1ecabd28a7000add2d05f888aa2e837c2cc,cf2x,240,30,12.0,0.5,1,36,DATTA-BASAK,2026-09-22T14:45:40+00:00
random,SS3,frigate,180.0,0.0,31,aft,102,2144238339,104.29895487499726,-0.1550654371223344,0.28229890977183186,1.7176875048179217,crash,tilt_gt_crash,21,-28.67989649337904,19.46549057505518,28.801920976998517,0.0,False,False,False,nan,nan,nan,nan,nan,nan,nan,nan,nan,0,0.0,False,0,3.12.3,2.5.2,2.13.0,2.9.0,1.3.0,3.2.7,e9fa15cc35312a5c1ecf0c42668a690b5061c090,7ebad1ecabd28a7000add2d05f888aa2e837c2cc,cf2x,240,30,12.0,0.5,1,36,DATTA-BASAK,2026-09-22T14:45:40+00:00
random,SS3,frigate,90.0,12.0,30,aft,103,93216004,18.681481485278148,0.06089158827970553,0.16562958677123918,1.8571001677736236,crash,tilt_gt_crash,36,-29.658150425497315,35.67408940978296,44.46114100810304,0.0,False,False,False,nan,nan,nan,nan,nan,nan,nan,nan,nan,0,0.0,False,0,3.12.3,2.5.2,2.13.0,2.9.0,1.3.0,3.2.7,e9fa15cc35312a5c1ecf0c42668a690b5061c090,7ebad1ecabd28a7000add2d05f888aa2e837c2cc,cf2x,240,30,12.0,0.5,1,36,DATTA-BASAK,2026-09-22T14:45:40+00:00
random,SS3,frigate,90.0,6.0,30,aft,104,1529983317,86.63569909471079,-0.055925380058640284,0.12610982141922433,1.9485791900925171,crash,tilt_gt_crash,64,-43.21495517205122,63.42160308475548,84.33585369839089,0.0,False,False,False,nan,nan,nan,nan,nan,nan,nan,nan,nan,0,0.0,False,0,3.12.3,2.5.2,2.13.0,2.9.0,1.3.0,3.2.7,e9fa15cc35312a5c1ecf0c42668a690b5061c090,7ebad1ecabd28a7000add2d05f888aa2e837c2cc,cf2x,240,30,12.0,0.5,1,36,DATTA-BASAK,2026-09-22T14:45:40+00:00
random,SS3,frigate,90.0,6.0,28,aft,105,1032700448,64.83625749258715,0.23207908216351975,-0.06859972410956974,1.9319832508227015,crash,tilt_gt_crash,43,-33.242729682529315,39.61450868424873,54.75313188213243,0.0,False,False,False,nan,nan,nan,nan,nan,nan,nan,nan,nan,0,0.0,False,0,3.12.3,2.5.2,2.13.0,2.9.0,1.3.0,3.2.7,e9fa15cc35312a5c1ecf0c42668a690b5061c090,7ebad1ecabd28a7000add2d05f888aa2e837c2cc,cf2x,240,30,12.0,0.5,1,36,DATTA-BASAK,2026-09-22T14:45:40+00:00
random,SS3,frigate,180.0,0.0,31,aft,106,166481833,45.6632247413068,-0.0030849103250584764,0.04248432107289546,1.8843457031859758,crash,tilt_gt_crash,23,-29.615315998940936,24.05558765067427,37.05233745709313,0.0,False,False,False,nan,nan,nan,nan,nan,nan,nan,nan,nan,0,0.0,False,0,3.12.3,2.5.2,2.13.0,2.9.0,1.3.0,3.2.7,e9fa15cc35312a5c1ecf0c42668a690b5061c090,7ebad1ecabd28a7000add2d05f888aa2e837c2cc,cf2x,240,30,12.0,0.5,1,36,DATTA-BASAK,2026-09-22T14:45:40+00:00
random,SS3,frigate,90.0,6.0,30,aft,107,1602668060,92.6890451731348,0.17949889468467173,-0.25367911977448904,1.7057451560032006,crash,tilt_gt_crash,61,-44.98759072520947,58.916607798874594,81.7218453172727,0.0,False,False,False,nan,nan,nan,nan,nan,nan,nan,nan,nan,0,0.0,False,0,3.12.3,2.5.2,2.13.0,2.9.0,1.3.0,3.2.7,e9fa15cc35312a5c1ecf0c42668a690b5061c090,7ebad1ecabd28a7000add2d05f888aa2e837c2cc,cf2x,240,30,12.0,0.5,1,36,DATTA-BASAK,2026-09-22T14:45:40+00:00
random,SS3,frigate,135.0,12.0,27,aft,108,156784467,97.14711671770253,-0.25731707936042275,-0.1528550941829335,1.8456891956747363,crash,tilt_gt_crash,97,-49.610013067709275,95.24676799453866,132.83157271688134,0.0,False,False,False,nan,nan,nan,nan,nan,nan,nan,nan,nan,0,0.0,False,0,3.12.3,2.5.2,2.13.0,2.9.0,1.3.0,3.2.7,e9fa15cc35312a5c1ecf0c42668a690b5061c090,7ebad1ecabd28a7000add2d05f888aa2e837c2cc,cf2x,240,30,12.0,0.5,1,36,DATTA-BASAK,2026-09-22T14:45:40+00:00
random,SS3,frigate,180.0,12.0,29,aft,109,1844400069,104.94033628517751,-0.05287730939066537,-0.028131359152462065,1.891206279664056,crash,tilt_gt_crash,28,-33.23556396886037,28.345883565149652,35.29604078957451,0.0,False,False,False,nan,nan,nan,nan,nan,nan,nan,nan,nan,0,0.0,False,0,3.12.3,2.5.2,2.13.0,2.9.0,1.3.0,3.2.7,e9fa15cc35312a5c1ecf0c42668a690b5061c090,7ebad1ecabd28a7000add2d05f888aa2e837c2cc,cf2x,240,30,12.0,0.5,1,36,DATTA-BASAK,2026-09-22T14:45:40+00:00
random,SS3,frigate,45.0,12.0,29,aft,110,1190798808,26.274444352494783,-0.22649348271787673,-0.2604024570535903,1.7246962498254672,crash,tilt_gt_crash,46,-31.180728620279517,44.17102050139812,63.12243282441592,0.0,False,False,False,nan,nan,nan,nan,nan,nan,nan,nan,nan,0,0.0,False,0,3.12.3,2.5.2,2.13.0,2.9.0,1.3.0,3.2.7,e9fa15cc35312a5c1ecf0c42668a690b5061c090,7ebad1ecabd28a7000add2d05f888aa2e837c2cc,cf2x,240,30,12.0,0.5,1,36,DATTA-BASAK,2026-09-22T14:45:40+00:00
random,SS3,frigate,45.0,0.0,27,aft,111,1827058352,40.05466888077417,0.2557485492771015,-0.2923462740345026,1.822203373450376,crash,tilt_gt_crash,44,-36.25755675059107,38.76171088929671,53.45728945231599,0.0,False,False,False,nan,nan,nan,nan,nan,nan,nan,nan,nan,0,0.0,False,0,3.12.3,2.5.2,2.13.0,2.9.0,1.3.0,3.2.7,e9fa15cc35312a5c1ecf0c42668a690b5061c090,7ebad1ecabd28a7000add2d05f888aa2e837c2cc,cf2x,240,30,12.0,0.5,1,36,DATTA-BASAK,2026-09-22T14:45:40+00:00
random,SS3,frigate,90.0,12.0,30,aft,112,274925064,57.540226662004684,-0.09139809150849076,0.21278146305899476,1.6242047405525473,crash,tilt_gt_crash,29,-37.56625896763804,28.830366093628186,41.36420346591416,0.0,False,False,False,nan,nan,nan,nan,nan,nan,nan,nan,nan,0,0.0,False,0,3.12.3,2.5.2,2.13.0,2.9.0,1.3.0,3.2.7,e9fa15cc35312a5c1ecf0c42668a690b5061c090,7ebad1ecabd28a7000add2d05f888aa2e837c2cc,cf2x,240,30,12.0,0.5,1,36,DATTA-BASAK,2026-09-22T14:45:40+00:00
random,SS3,frigate,180.0,0.0,29,aft,113,384268257,13.394867249017791,-0.2215923200605006,0.0471865374082418,1.7884058999298298,crash,tilt_gt_crash,42,-38.0982842972942,38.312283879210625,53.99257636048133,0.0,False,False,False,nan,nan,nan,nan,nan,nan,nan,nan,nan,0,0.0,False,0,3.12.3,2.5.2,2.13.0,2.9.0,1.3.0,3.2.7,e9fa15cc35312a5c1ecf0c42668a690b5061c090,7ebad1ecabd28a7000add2d05f888aa2e837c2cc,cf2x,240,30,12.0,0.5,1,36,DATTA-BASAK,2026-09-22T14:45:40+00:00
random,SS3,frigate,45.0,6.0,27,aft,114,1762777293,50.20835601936843,-0.11345666649124905,-0.04331193127484573,1.9643137687796353,crash,tilt_gt_crash,38,-32.17681761438253,34.39330957330928,44.53052931407285,0.0,False,False,False,nan,nan,nan,nan,nan,nan,nan,nan,nan,0,0.0,False,0,3.12.3,2.5.2,2.13.0,2.9.0,1.3.0,3.2.7,e9fa15cc35312a5c1ecf0c42668a690b5061c090,7ebad1ecabd28a7000add2d05f888aa2e837c2cc,cf2x,240,30,12.0,0.5,1,36,DATTA-BASAK,2026-09-22T14:45:40+00:00
random,SS3,frigate,180.0,0.0,29,aft,115,808372680,89.06160989104619,0.13229934246605202,0.18606105268225076,1.8534062843795402,crash,tilt_gt_crash,24,-30.304094175074674,24.18574748286807,31.304998686022543,0.0,False,False,False,nan,nan,nan,nan,nan,nan,nan,nan,nan,0,0.0,False,0,3.12.3,2.5.2,2.13.0,2.9.0,1.3.0,3.2.7,e9fa15cc35312a5c1ecf0c42668a690b5061c090,7ebad1ecabd28a7000add2d05f888aa2e837c2cc,cf2x,240,30,12.0,0.5,1,36,DATTA-BASAK,2026-09-22T14:45:40+00:00
random,SS3,frigate,135.0,6.0,27,aft,116,2113066814,66.5298012383081,-0.19704595886225304,0.2623471334132654,1.8041466359513472,crash,tilt_gt_crash,41,-36.194764853507266,41.13182009105277,60.449574069170446,0.0,False,False,False,nan,nan,nan,nan,nan,nan,nan,nan,nan,0,0.0,False,0,3.12.3,2.5.2,2.13.0,2.9.0,1.3.0,3.2.7,e9fa15cc35312a5c1ecf0c42668a690b5061c090,7ebad1ecabd28a7000add2d05f888aa2e837c2cc,cf2x,240,30,12.0,0.5,1,36,DATTA-BASAK,2026-09-22T14:45:40+00:00
random,SS3,frigate,180.0,6.0,27,aft,117,1542009130,55.102550613936096,-0.16793922757163107,-0.21987188325273432,1.948492557004395,crash,tilt_gt_crash,46,-34.56458875486351,44.83232421834133,55.60123817216615,0.0,False,False,False,nan,nan,nan,nan,nan,nan,nan,nan,nan,0,0.0,False,0,3.12.3,2.5.2,2.13.0,2.9.0,1.3.0,3.2.7,e9fa15cc35312a5c1ecf0c42668a690b5061c090,7ebad1ecabd28a7000add2d05f888aa2e837c2cc,cf2x,240,30,12.0,0.5,1,36,DATTA-BASAK,2026-09-22T14:45:40+00:00
random,SS3,frigate,45.0,12.0,30,aft,118,841618487,84.98004600599171,-0.20118210773643008,0.17826654686950927,1.8714177833112238,crash,tilt_gt_crash,39,-34.78340952237721,36.79365392412013,50.54514263911688,0.0,False,False,False,nan,nan,nan,nan,nan,nan,nan,nan,nan,0,0.0,False,0,3.12.3,2.5.2,2.13.0,2.9.0,1.3.0,3.2.7,e9fa15cc35312a5c1ecf0c42668a690b5061c090,7ebad1ecabd28a7000add2d05f888aa2e837c2cc,cf2x,240,30,12.0,0.5,1,36,DATTA-BASAK,2026-09-22T14:45:40+00:00
random,SS3,frigate,180.0,0.0,30,aft,119,1959964948,21.17792060699928,0.10043471430932072,0.09804963370753661,1.9638765610721074,crash,tilt_gt_crash,48,-35.39827309003233,44.85170780154296,57.8147045716353,0.0,False,False,False,nan,nan,nan,nan,nan,nan,nan,nan,nan,0,0.0,False,0,3.12.3,2.5.2,2.13.0,2.9.0,1.3.0,3.2.7,e9fa15cc35312a5c1ecf0c42668a690b5061c090,7ebad1ecabd28a7000add2d05f888aa2e837c2cc,cf2x,240,30,12.0,0.5,1,36,DATTA-BASAK,2026-09-22T14:45:40+00:00
random,SS3,frigate,135.0,12.0,28,aft,120,1548398087,38.73095386594409,0.14852970326892545,0.21720214990349912,1.7429898953445953,crash,tilt_gt_crash,43,-33.5489302595646,43.01893030068575,61.574885975289284,0.0,False,False,False,nan,nan,nan,nan,nan,nan,nan,nan,nan,0,0.0,False,0,3.12.3,2.5.2,2.13.0,2.9.0,1.3.0,3.2.7,e9fa15cc35312a5c1ecf0c42668a690b5061c090,7ebad1ecabd28a7000add2d05f888aa2e837c2cc,cf2x,240,30,12.0,0.5,1,36,DATTA-BASAK,2026-09-22T14:45:40+00:00
random,SS3,frigate,45.0,12.0,29,aft,121,1940587062,84.07969294270552,0.2530934003971292,-0.07556107204874724,1.8901580955580786,crash,tilt_gt_crash,26,-33.312195587922076,26.339444146847576,35.0287690686997,0.0,False,False,False,nan,nan,nan,nan,nan,nan,nan,nan,nan,0,0.0,False,0,3.12.3,2.5.2,2.13.0,2.9.0,1.3.0,3.2.7,e9fa15cc35312a5c1ecf0c42668a690b5061c090,7ebad1ecabd28a7000add2d05f888aa2e837c2cc,cf2x,240,30,12.0,0.5,1,36,DATTA-BASAK,2026-09-22T14:45:40+00:00
random,SS3,frigate,180.0,12.0,27,aft,122,1208411664,52.03583620459786,-0.20955798137149456,0.21627942967850805,1.8570905274218785,crash,tilt_gt_crash,46,-43.91466815753378,43.959909923898785,58.28736170208811,0.0,False,False,False,nan,nan,nan,nan,nan,nan,nan,nan,nan,0,0.0,False,0,3.12.3,2.5.2,2.13.0,2.9.0,1.3.0,3.2.7,e9fa15cc35312a5c1ecf0c42668a690b5061c090,7ebad1ecabd28a7000add2d05f888aa2e837c2cc,cf2x,240,30,12.0,0.5,1,36,DATTA-BASAK,2026-09-22T14:45:40+00:00
random,SS3,frigate,135.0,12.0,27,aft,123,109947667,66.63513661606925,0.06190638463468168,-0.061668799404390406,1.8606182008103256,crash,tilt_gt_crash,50,-42.17236620759419,50.54139881282922,68.48109266591119,0.0,False,False,False,nan,nan,nan,nan,nan,nan,nan,nan,nan,0,0.0,False,0,3.12.3,2.5.2,2.13.0,2.9.0,1.3.0,3.2.7,e9fa15cc35312a5c1ecf0c42668a690b5061c090,7ebad1ecabd28a7000add2d05f888aa2e837c2cc,cf2x,240,30,12.0,0.5,1,36,DATTA-BASAK,2026-09-22T14:45:40+00:00
random,SS3,frigate,135.0,0.0,28,aft,124,1341527712,38.79857169739639,0.14853640450204614,-0.26320440208492296,1.7544602896347299,crash,tilt_gt_crash,37,-41.233840116818754,33.780722435313685,46.906605947205115,0.0,False,False,False,nan,nan,nan,nan,nan,nan,nan,nan,nan,0,0.0,False,0,3.12.3,2.5.2,2.13.0,2.9.0,1.3.0,3.2.7,e9fa15cc35312a5c1ecf0c42668a690b5061c090,7ebad1ecabd28a7000add2d05f888aa2e837c2cc,cf2x,240,30,12.0,0.5,1,36,DATTA-BASAK,2026-09-22T14:45:40+00:00
random,SS3,frigate,180.0,12.0,27,aft,125,2001023696,9.371680838877943,-0.05520099170449605,0.06664268690334413,1.8289127918172983,crash,tilt_gt_crash,52,-34.20641053286998,46.285595623108485,62.959581463324355,0.0,False,False,False,nan,nan,nan,nan,nan,nan,nan,nan,nan,0,0.0,False,0,3.12.3,2.5.2,2.13.0,2.9.0,1.3.0,3.2.7,e9fa15cc35312a5c1ecf0c42668a690b5061c090,7ebad1ecabd28a7000add2d05f888aa2e837c2cc,cf2x,240,30,12.0,0.5,1,36,DATTA-BASAK,2026-09-22T14:45:40+00:00
random,SS3,frigate,45.0,0.0,31,aft,126,393087452,88.27384877880972,0.24691644319587386,0.04963312021893762,1.9667095023320385,crash,tilt_gt_crash,26,-29.221175895046528,25.209673081374376,32.59961989431924,0.0,False,False,False,nan,nan,nan,nan,nan,nan,nan,nan,nan,0,0.0,False,0,3.12.3,2.5.2,2.13.0,2.9.0,1.3.0,3.2.7,e9fa15cc35312a5c1ecf0c42668a690b5061c090,7ebad1ecabd28a7000add2d05f888aa2e837c2cc,cf2x,240,30,12.0,0.5,1,36,DATTA-BASAK,2026-09-22T14:45:40+00:00
random,SS3,frigate,135.0,0.0,31,aft,127,1763930736,87.59693163947595,-0.08590958256497919,-0.04855335037318648,1.6247410060310425,crash,tilt_gt_crash,41,-31.324637467591742,37.97346978460471,47.04034127816406,0.0,False,False,False,nan,nan,nan,nan,nan,nan,nan,nan,nan,0,0.0,False,0,3.12.3,2.5.2,2.13.0,2.9.0,1.3.0,3.2.7,e9fa15cc35312a5c1ecf0c42668a690b5061c090,7ebad1ecabd28a7000add2d05f888aa2e837c2cc,cf2x,240,30,12.0,0.5,1,36,DATTA-BASAK,2026-09-22T14:45:40+00:00
random,SS3,frigate,45.0,12.0,27,aft,128,1080773507,104.48047212576701,-0.11983880282494316,0.1919017635561397,1.632519451109813,crash,tilt_gt_crash,28,-31.612349283977274,27.631211849255116,39.27678181399171,0.0,False,False,False,nan,nan,nan,nan,nan,nan,nan,nan,nan,0,0.0,False,0,3.12.3,2.5.2,2.13.0,2.9.0,1.3.0,3.2.7,e9fa15cc35312a5c1ecf0c42668a690b5061c090,7ebad1ecabd28a7000add2d05f888aa2e837c2cc,cf2x,240,30,12.0,0.5,1,36,DATTA-BASAK,2026-09-22T14:45:40+00:00
random,SS3,frigate,180.0,6.0,31,aft,129,122508647,102.19719901630567,0.08286455558179379,0.0995114558323753,1.9464543234192224,crash,tilt_gt_crash,69,-40.36155436357314,65.0179313565834,86.47130572957519,0.0,False,False,False,nan,nan,nan,nan,nan,nan,nan,nan,nan,0,0.0,False,0,3.12.3,2.5.2,2.13.0,2.9.0,1.3.0,3.2.7,e9fa15cc35312a5c1ecf0c42668a690b5061c090,7ebad1ecabd28a7000add2d05f888aa2e837c2cc,cf2x,240,30,12.0,0.5,1,36,DATTA-BASAK,2026-09-22T14:45:40+00:00
random,SS3,frigate,90.0,0.0,29,aft,130,53075918,20.532541691571815,-0.24396466431548328,0.08499124014190507,1.7360574600771606,crash,tilt_gt_crash,33,-40.268198243569586,32.595026959473365,47.27819609595031,0.0,False,False,False,nan,nan,nan,nan,nan,nan,nan,nan,nan,0,0.0,False,0,3.12.3,2.5.2,2.13.0,2.9.0,1.3.0,3.2.7,e9fa15cc35312a5c1ecf0c42668a690b5061c090,7ebad1ecabd28a7000add2d05f888aa2e837c2cc,cf2x,240,30,12.0,0.5,1,36,DATTA-BASAK,2026-09-22T14:45:40+00:00
random,SS3,frigate,90.0,0.0,30,aft,131,1652279995,104.85191300659632,0.2836545543221238,0.21874542148538006,1.9639266368517125,crash,tilt_gt_crash,69,-39.24079485381985,63.75554950504335,93.61494771356483,0.0,False,False,False,nan,nan,nan,nan,nan,nan,nan,nan,nan,0,0.0,False,0,3.12.3,2.5.2,2.13.0,2.9.0,1.3.0,3.2.7,e9fa15cc35312a5c1ecf0c42668a690b5061c090,7ebad1ecabd28a7000add2d05f888aa2e837c2cc,cf2x,240,30,12.0,0.5,1,36,DATTA-BASAK,2026-09-22T14:45:40+00:00
random,SS3,frigate,90.0,12.0,27,aft,132,1182012273,66.00837252873973,0.0651393958508899,0.15005281930183084,1.7563089433085566,crash,tilt_gt_crash,28,-35.498029920766626,26.160116684859858,32.631331540474505,0.0,False,False,False,nan,nan,nan,nan,nan,nan,nan,nan,nan,0,0.0,False,0,3.12.3,2.5.2,2.13.0,2.9.0,1.3.0,3.2.7,e9fa15cc35312a5c1ecf0c42668a690b5061c090,7ebad1ecabd28a7000add2d05f888aa2e837c2cc,cf2x,240,30,12.0,0.5,1,36,DATTA-BASAK,2026-09-22T14:45:40+00:00
random,SS3,frigate,180.0,6.0,27,aft,133,42247785,74.96359457371267,-0.20094469156852707,0.08473704131532955,1.9577390231501304,crash,tilt_gt_crash,29,-31.39006811815497,29.005942256249863,41.76990903927431,0.0,False,False,False,nan,nan,nan,nan,nan,nan,nan,nan,nan,0,0.0,False,0,3.12.3,2.5.2,2.13.0,2.9.0,1.3.0,3.2.7,e9fa15cc35312a5c1ecf0c42668a690b5061c090,7ebad1ecabd28a7000add2d05f888aa2e837c2cc,cf2x,240,30,12.0,0.5,1,36,DATTA-BASAK,2026-09-22T14:45:40+00:00
random,SS3,frigate,45.0,0.0,28,aft,134,2034405389,93.22559728372181,-0.18851969896374082,0.24154206921982108,1.8884769079336348,crash,tilt_gt_crash,40,-38.14652659884507,37.25009090634056,50.63885527094333,0.0,False,False,False,nan,nan,nan,nan,nan,nan,nan,nan,nan,0,0.0,False,0,3.12.3,2.5.2,2.13.0,2.9.0,1.3.0,3.2.7,e9fa15cc35312a5c1ecf0c42668a690b5061c090,7ebad1ecabd28a7000add2d05f888aa2e837c2cc,cf2x,240,30,12.0,0.5,1,36,DATTA-BASAK,2026-09-22T14:45:40+00:00
random,SS3,frigate,135.0,12.0,29,aft,135,1850177410,9.21422123491503,-0.26700777137579645,0.23149716612128463,1.6293116345533187,crash,tilt_gt_crash,46,-33.88044729846101,43.27605230181771,55.70883968495165,0.0,False,False,False,nan,nan,nan,nan,nan,nan,nan,nan,nan,0,0.0,False,0,3.12.3,2.5.2,2.13.0,2.9.0,1.3.0,3.2.7,e9fa15cc35312a5c1ecf0c42668a690b5061c090,7ebad1ecabd28a7000add2d05f888aa2e837c2cc,cf2x,240,30,12.0,0.5,1,36,DATTA-BASAK,2026-09-22T14:45:40+00:00
random,SS3,frigate,45.0,6.0,30,aft,136,2092600561,86.25744216843755,-0.14987612690975963,0.22622721220588365,1.7956707653080908,crash,tilt_gt_crash,36,-40.68886147120824,33.49855992008556,48.4863323675822,0.0,False,False,False,nan,nan,nan,nan,nan,nan,nan,nan,nan,0,0.0,False,0,3.12.3,2.5.2,2.13.0,2.9.0,1.3.0,3.2.7,e9fa15cc35312a5c1ecf0c42668a690b5061c090,7ebad1ecabd28a7000add2d05f888aa2e837c2cc,cf2x,240,30,12.0,0.5,1,36,DATTA-BASAK,2026-09-22T14:45:40+00:00
random,SS3,frigate,135.0,12.0,29,aft,137,529660943,39.94637076891266,-0.2509668319437181,-0.14387427301784197,1.7281850119413564,crash,tilt_gt_crash,36,-40.53723083770478,33.423613894522454,51.3649554077309,0.0,False,False,False,nan,nan,nan,nan,nan,nan,nan,nan,nan,0,0.0,False,0,3.12.3,2.5.2,2.13.0,2.9.0,1.3.0,3.2.7,e9fa15cc35312a5c1ecf0c42668a690b5061c090,7ebad1ecabd28a7000add2d05f888aa2e837c2cc,cf2x,240,30,12.0,0.5,1,36,DATTA-BASAK,2026-09-22T14:45:40+00:00
random,SS3,frigate,135.0,6.0,30,aft,138,1091244866,61.063792990416076,0.2105081317650201,0.20773878354084768,1.6149400215942804,crash,tilt_gt_crash,22,-26.509792619009925,20.385741904296722,26.4850410212598,0.0,False,False,False,nan,nan,nan,nan,nan,nan,nan,nan,nan,0,0.0,False,0,3.12.3,2.5.2,2.13.0,2.9.0,1.3.0,3.2.7,e9fa15cc35312a5c1ecf0c42668a690b5061c090,7ebad1ecabd28a7000add2d05f888aa2e837c2cc,cf2x,240,30,12.0,0.5,1,36,DATTA-BASAK,2026-09-22T14:45:40+00:00
random,SS3,frigate,180.0,6.0,27,aft,139,1010538722,104.32634775886811,-0.16470568255549406,-0.09879972711506094,1.6212506851635564,crash,tilt_gt_crash,41,-52.26104594733263,35.17122568032167,49.87952270912543,0.0,False,False,False,nan,nan,nan,nan,nan,nan,nan,nan,nan,0,0.0,False,0,3.12.3,2.5.2,2.13.0,2.9.0,1.3.0,3.2.7,e9fa15cc35312a5c1ecf0c42668a690b5061c090,7ebad1ecabd28a7000add2d05f888aa2e837c2cc,cf2x,240,30,12.0,0.5,1,36,DATTA-BASAK,2026-09-22T14:45:40+00:00
random,SS3,frigate,180.0,12.0,31,aft,140,1868440445,57.515708156026285,0.13513834079811005,-0.01476849245391898,1.6874628491829347,crash,tilt_gt_crash,44,-40.120646090071546,45.02461975335447,59.647092033043045,0.0,False,False,False,nan,nan,nan,nan,nan,nan,nan,nan,nan,0,0.0,False,0,3.12.3,2.5.2,2.13.0,2.9.0,1.3.0,3.2.7,e9fa15cc35312a5c1ecf0c42668a690b5061c090,7ebad1ecabd28a7000add2d05f888aa2e837c2cc,cf2x,240,30,12.0,0.5,1,36,DATTA-BASAK,2026-09-22T14:45:40+00:00
random,SS3,frigate,180.0,6.0,27,aft,141,464824536,94.54897582290154,0.03083634185533979,-0.20226676189269888,1.6065061381990642,crash,tilt_gt_crash,50,-60.8489611656924,49.24859584065939,63.75088664320211,0.0,False,False,False,nan,nan,nan,nan,nan,nan,nan,nan,nan,0,0.0,False,0,3.12.3,2.5.2,2.13.0,2.9.0,1.3.0,3.2.7,e9fa15cc35312a5c1ecf0c42668a690b5061c090,7ebad1ecabd28a7000add2d05f888aa2e837c2cc,cf2x,240,30,12.0,0.5,1,36,DATTA-BASAK,2026-09-22T14:45:40+00:00
random,SS3,frigate,135.0,6.0,29,aft,142,1351087740,14.990800455710438,-0.1994053557097365,0.17679619447005668,1.9147820735223482,crash,tilt_gt_crash,59,-34.84847272427259,59.27969908881333,80.64264709148395,0.0,False,False,False,nan,nan,nan,nan,nan,nan,nan,nan,nan,0,0.0,False,0,3.12.3,2.5.2,2.13.0,2.9.0,1.3.0,3.2.7,e9fa15cc35312a5c1ecf0c42668a690b5061c090,7ebad1ecabd28a7000add2d05f888aa2e837c2cc,cf2x,240,30,12.0,0.5,1,36,DATTA-BASAK,2026-09-22T14:45:40+00:00
random,SS3,frigate,135.0,0.0,28,aft,143,1350646296,20.713311268832488,-0.26096750076447717,-0.11252262661223397,1.8886691765759096,crash,tilt_gt_crash,72,-39.479604644761736,71.51976301157266,102.03586946520907,0.0,False,False,False,nan,nan,nan,nan,nan,nan,nan,nan,nan,0,0.0,False,0,3.12.3,2.5.2,2.13.0,2.9.0,1.3.0,3.2.7,e9fa15cc35312a5c1ecf0c42668a690b5061c090,7ebad1ecabd28a7000add2d05f888aa2e837c2cc,cf2x,240,30,12.0,0.5,1,36,DATTA-BASAK,2026-09-22T14:45:40+00:00
random,SS3,frigate,180.0,6.0,30,aft,144,2024195437,63.02899282554413,0.2886935945451538,0.03535770610576372,1.7384503628697463,crash,tilt_gt_crash,64,-33.5364193955201,60.869007212966196,83.28787640699422,0.0,False,False,False,nan,nan,nan,nan,nan,nan,nan,nan,nan,0,0.0,False,0,3.12.3,2.5.2,2.13.0,2.9.0,1.3.0,3.2.7,e9fa15cc35312a5c1ecf0c42668a690b5061c090,7ebad1ecabd28a7000add2d05f888aa2e837c2cc,cf2x,240,30,12.0,0.5,1,36,DATTA-BASAK,2026-09-22T14:45:40+00:00
random,SS3,frigate,135.0,6.0,27,aft,145,823258197,12.958492556560294,-0.2524315431492658,0.03146507591311054,1.9958314141883078,crash,tilt_gt_crash,48,-28.430202324766064,48.18436530277079,64.56621263787576,0.0,False,False,False,nan,nan,nan,nan,nan,nan,nan,nan,nan,0,0.0,False,0,3.12.3,2.5.2,2.13.0,2.9.0,1.3.0,3.2.7,e9fa15cc35312a5c1ecf0c42668a690b5061c090,7ebad1ecabd28a7000add2d05f888aa2e837c2cc,cf2x,240,30,12.0,0.5,1,36,DATTA-BASAK,2026-09-22T14:45:40+00:00
random,SS3,frigate,45.0,0.0,29,aft,146,1626690145,94.19269584507279,-0.04024174324077395,-0.1976612089186361,1.9961811811318602,crash,tilt_gt_crash,45,-32.56683028993894,42.63321258665641,60.108349750454046,0.0,False,False,False,nan,nan,nan,nan,nan,nan,nan,nan,nan,0,0.0,False,0,3.12.3,2.5.2,2.13.0,2.9.0,1.3.0,3.2.7,e9fa15cc35312a5c1ecf0c42668a690b5061c090,7ebad1ecabd28a7000add2d05f888aa2e837c2cc,cf2x,240,30,12.0,0.5,1,36,DATTA-BASAK,2026-09-22T14:45:40+00:00
random,SS3,frigate,180.0,6.0,31,aft,147,82672198,65.4843902967734,-0.2471552270408431,0.065181280379348,1.7015634543785465,crash,tilt_gt_crash,30,-39.144111444566796,29.955158312213864,45.670852096841905,0.0,False,False,False,nan,nan,nan,nan,nan,nan,nan,nan,nan,0,0.0,False,0,3.12.3,2.5.2,2.13.0,2.9.0,1.3.0,3.2.7,e9fa15cc35312a5c1ecf0c42668a690b5061c090,7ebad1ecabd28a7000add2d05f888aa2e837c2cc,cf2x,240,30,12.0,0.5,1,36,DATTA-BASAK,2026-09-22T14:45:40+00:00
random,SS3,frigate,180.0,12.0,31,aft,148,105818554,95.06155979107147,0.05458548131291047,-0.04971678400950774,1.665044403504107,crash,tilt_gt_crash,36,-54.69575873136431,31.247485693572028,44.571054574027215,0.0,False,False,False,nan,nan,nan,nan,nan,nan,nan,nan,nan,0,0.0,False,0,3.12.3,2.5.2,2.13.0,2.9.0,1.3.0,3.2.7,e9fa15cc35312a5c1ecf0c42668a690b5061c090,7ebad1ecabd28a7000add2d05f888aa2e837c2cc,cf2x,240,30,12.0,0.5,1,36,DATTA-BASAK,2026-09-22T14:45:40+00:00
random,SS3,frigate,180.0,0.0,29,aft,149,2002297058,42.9432608998278,-0.2464141815961436,-0.07787390395737592,1.775324010480707,crash,tilt_gt_crash,33,-33.06622732733854,31.59660669171188,37.37993349028915,0.0,False,False,False,nan,nan,nan,nan,nan,nan,nan,nan,nan,0,0.0,False,0,3.12.3,2.5.2,2.13.0,2.9.0,1.3.0,3.2.7,e9fa15cc35312a5c1ecf0c42668a690b5061c090,7ebad1ecabd28a7000add2d05f888aa2e837c2cc,cf2x,240,30,12.0,0.5,1,36,DATTA-BASAK,2026-09-22T14:45:40+00:00
random,SS3,frigate,45.0,12.0,27,aft,150,908121872,105.14876995782559,0.2148159958460522,-0.09447455401214302,1.901171491279888,crash,tilt_gt_crash,23,-28.03969855468355,20.97546430484139,27.99680453401026,0.0,False,False,False,nan,nan,nan,nan,nan,nan,nan,nan,nan,0,0.0,False,0,3.12.3,2.5.2,2.13.0,2.9.0,1.3.0,3.2.7,e9fa15cc35312a5c1ecf0c42668a690b5061c090,7ebad1ecabd28a7000add2d05f888aa2e837c2cc,cf2x,240,30,12.0,0.5,1,36,DATTA-BASAK,2026-09-22T14:45:40+00:00
random,SS3,frigate,135.0,12.0,28,aft,151,286229723,63.453975577310814,-0.09705298086633393,0.18046599898177446,1.999884514875374,crash,tilt_gt_crash,19,-28.357357264952935,18.44778637765235,27.592773753843503,0.0,False,False,False,nan,nan,nan,nan,nan,nan,nan,nan,nan,0,0.0,False,0,3.12.3,2.5.2,2.13.0,2.9.0,1.3.0,3.2.7,e9fa15cc35312a5c1ecf0c42668a690b5061c090,7ebad1ecabd28a7000add2d05f888aa2e837c2cc,cf2x,240,30,12.0,0.5,1,36,DATTA-BASAK,2026-09-22T14:45:40+00:00
random,SS3,frigate,90.0,0.0,29,aft,152,1850992774,51.74418210045511,0.01946182047998496,0.11575927796597973,1.6672823103351402,crash,tilt_gt_crash,47,-37.092336078765406,47.622785839265255,71.04691558600629,0.0,False,False,False,nan,nan,nan,nan,nan,nan,nan,nan,nan,0,0.0,False,0,3.12.3,2.5.2,2.13.0,2.9.0,1.3.0,3.2.7,e9fa15cc35312a5c1ecf0c42668a690b5061c090,7ebad1ecabd28a7000add2d05f888aa2e837c2cc,cf2x,240,30,12.0,0.5,1,36,DATTA-BASAK,2026-09-22T14:45:40+00:00
random,SS3,frigate,90.0,0.0,30,aft,153,270856845,65.68465497443455,-0.18023870721413376,0.299238948848853,1.9248005783369486,crash,tilt_gt_crash,36,-36.262052010858014,33.58257467975079,43.613735606758055,0.0,False,False,False,nan,nan,nan,nan,nan,nan,nan,nan,nan,0,0.0,False,0,3.12.3,2.5.2,2.13.0,2.9.0,1.3.0,3.2.7,e9fa15cc35312a5c1ecf0c42668a690b5061c090,7ebad1ecabd28a7000add2d05f888aa2e837c2cc,cf2x,240,30,12.0,0.5,1,36,DATTA-BASAK,2026-09-22T14:45:40+00:00
random,SS3,frigate,45.0,12.0,27,aft,154,446132292,57.84764009791147,0.019182685027820112,0.2695337717608958,1.6087803846689384,crash,tilt_gt_crash,48,-40.97984587721055,46.59692806218719,64.45095253628482,0.0,False,False,False,nan,nan,nan,nan,nan,nan,nan,nan,nan,0,0.0,False,0,3.12.3,2.5.2,2.13.0,2.9.0,1.3.0,3.2.7,e9fa15cc35312a5c1ecf0c42668a690b5061c090,7ebad1ecabd28a7000add2d05f888aa2e837c2cc,cf2x,240,30,12.0,0.5,1,36,DATTA-BASAK,2026-09-22T14:45:40+00:00
random,SS3,frigate,135.0,0.0,31,aft,155,2126797070,79.36924298591647,0.09226452256275341,0.24988721520760754,1.8068752390527223,crash,tilt_gt_crash,59,-36.857861504255965,59.2612198702679,76.04488725080415,0.0,False,False,False,nan,nan,nan,nan,nan,nan,nan,nan,nan,0,0.0,False,0,3.12.3,2.5.2,2.13.0,2.9.0,1.3.0,3.2.7,e9fa15cc35312a5c1ecf0c42668a690b5061c090,7ebad1ecabd28a7000add2d05f888aa2e837c2cc,cf2x,240,30,12.0,0.5,1,36,DATTA-BASAK,2026-09-22T14:45:40+00:00
random,SS3,frigate,180.0,12.0,28,aft,156,1500890854,10.325709974784207,0.04092590445079525,0.2482127243179691,1.881188508952516,crash,tilt_gt_crash,31,-32.85938550018516,26.589744177481585,37.54357608835728,0.0,False,False,False,nan,nan,nan,nan,nan,nan,nan,nan,nan,0,0.0,False,0,3.12.3,2.5.2,2.13.0,2.9.0,1.3.0,3.2.7,e9fa15cc35312a5c1ecf0c42668a690b5061c090,7ebad1ecabd28a7000add2d05f888aa2e837c2cc,cf2x,240,30,12.0,0.5,1,36,DATTA-BASAK,2026-09-22T14:45:40+00:00
random,SS3,frigate,45.0,6.0,27,aft,157,292835787,71.6207102441664,-0.06197610123686009,0.1629746863025383,1.7371623955186988,crash,tilt_gt_crash,47,-37.69615771223158,44.9694384574733,61.9358951379682,0.0,False,False,False,nan,nan,nan,nan,nan,nan,nan,nan,nan,0,0.0,False,0,3.12.3,2.5.2,2.13.0,2.9.0,1.3.0,3.2.7,e9fa15cc35312a5c1ecf0c42668a690b5061c090,7ebad1ecabd28a7000add2d05f888aa2e837c2cc,cf2x,240,30,12.0,0.5,1,36,DATTA-BASAK,2026-09-22T14:45:40+00:00
random,SS3,frigate,180.0,12.0,27,aft,158,451869554,67.77280928340812,-0.2159353330218859,0.11065752692168795,1.6231898840435521,crash,tilt_gt_crash,41,-33.09813874011712,39.95540730456734,52.22635653216618,0.0,False,False,False,nan,nan,nan,nan,nan,nan,nan,nan,nan,0,0.0,False,0,3.12.3,2.5.2,2.13.0,2.9.0,1.3.0,3.2.7,e9fa15cc35312a5c1ecf0c42668a690b5061c090,7ebad1ecabd28a7000add2d05f888aa2e837c2cc,cf2x,240,30,12.0,0.5,1,36,DATTA-BASAK,2026-09-22T14:45:40+00:00
random,SS3,frigate,135.0,0.0,27,aft,159,959414873,77.45624197685895,0.20997934781017974,-0.2577520755047929,1.9536097955232115,crash,tilt_gt_crash,43,-31.545185710461503,39.71196418838074,56.57543634646326,0.0,False,False,False,nan,nan,nan,nan,nan,nan,nan,nan,nan,0,0.0,False,0,3.12.3,2.5.2,2.13.0,2.9.0,1.3.0,3.2.7,e9fa15cc35312a5c1ecf0c42668a690b5061c090,7ebad1ecabd28a7000add2d05f888aa2e837c2cc,cf2x,240,30,12.0,0.5,1,36,DATTA-BASAK,2026-09-22T14:45:40+00:00
random,SS3,frigate,45.0,12.0,28,aft,160,2146046839,104.1026934510374,0.17597209304856565,-0.29149417601155303,1.7680500515392987,crash,tilt_gt_crash,51,-31.434484989520655,48.21429013951684,64.46547825565376,0.0,False,False,False,nan,nan,nan,nan,nan,nan,nan,nan,nan,0,0.0,False,0,3.12.3,2.5.2,2.13.0,2.9.0,1.3.0,3.2.7,e9fa15cc35312a5c1ecf0c42668a690b5061c090,7ebad1ecabd28a7000add2d05f888aa2e837c2cc,cf2x,240,30,12.0,0.5,1,36,DATTA-BASAK,2026-09-22T14:45:40+00:00
random,SS3,frigate,45.0,0.0,30,aft,161,1997814010,23.874763925875992,0.17613495121909312,-0.06097185345217321,1.7622067701292348,crash,tilt_gt_crash,27,-30.94958404062786,26.339517094873965,39.55074886943422,0.0,False,False,False,nan,nan,nan,nan,nan,nan,nan,nan,nan,0,0.0,False,0,3.12.3,2.5.2,2.13.0,2.9.0,1.3.0,3.2.7,e9fa15cc35312a5c1ecf0c42668a690b5061c090,7ebad1ecabd28a7000add2d05f888aa2e837c2cc,cf2x,240,30,12.0,0.5,1,36,DATTA-BASAK,2026-09-22T14:45:40+00:00
random,SS3,frigate,135.0,6.0,31,aft,162,932396925,25.75979004667906,-0.16338480496916874,0.18367929626325286,1.8497427540493891,crash,tilt_gt_crash,44,-41.30323654990951,41.42196693557532,56.41208991750868,0.0,False,False,False,nan,nan,nan,nan,nan,nan,nan,nan,nan,0,0.0,False,0,3.12.3,2.5.2,2.13.0,2.9.0,1.3.0,3.2.7,e9fa15cc35312a5c1ecf0c42668a690b5061c090,7ebad1ecabd28a7000add2d05f888aa2e837c2cc,cf2x,240,30,12.0,0.5,1,36,DATTA-BASAK,2026-09-22T14:45:40+00:00
random,SS3,frigate,180.0,0.0,27,aft,163,374057424,39.160999801156095,-0.1753349870626214,-0.2004053621064154,1.715189844433007,crash,tilt_gt_crash,88,-37.66319055331654,85.04705673478514,118.74437680376677,0.0,False,False,False,nan,nan,nan,nan,nan,nan,nan,nan,nan,0,0.0,False,0,3.12.3,2.5.2,2.13.0,2.9.0,1.3.0,3.2.7,e9fa15cc35312a5c1ecf0c42668a690b5061c090,7ebad1ecabd28a7000add2d05f888aa2e837c2cc,cf2x,240,30,12.0,0.5,1,36,DATTA-BASAK,2026-09-22T14:45:40+00:00
random,SS3,frigate,90.0,6.0,28,aft,164,369738303,8.338965502416144,0.04880339175397136,-0.2535111517341336,1.7486700901858216,crash,tilt_gt_crash,48,-35.12977691143749,47.23211944474486,67.17322675858601,0.0,False,False,False,nan,nan,nan,nan,nan,nan,nan,nan,nan,0,0.0,False,0,3.12.3,2.5.2,2.13.0,2.9.0,1.3.0,3.2.7,e9fa15cc35312a5c1ecf0c42668a690b5061c090,7ebad1ecabd28a7000add2d05f888aa2e837c2cc,cf2x,240,30,12.0,0.5,1,36,DATTA-BASAK,2026-09-22T14:45:40+00:00
random,SS3,frigate,45.0,12.0,27,aft,165,207618240,107.43557149496797,0.24651286350405693,-0.26039768567083427,1.9300582923519958,crash,tilt_gt_crash,43,-27.19529118528957,41.76482105424894,52.71750534589266,0.0,False,False,False,nan,nan,nan,nan,nan,nan,nan,nan,nan,0,0.0,False,0,3.12.3,2.5.2,2.13.0,2.9.0,1.3.0,3.2.7,e9fa15cc35312a5c1ecf0c42668a690b5061c090,7ebad1ecabd28a7000add2d05f888aa2e837c2cc,cf2x,240,30,12.0,0.5,1,36,DATTA-BASAK,2026-09-22T14:45:40+00:00
random,SS3,frigate,45.0,12.0,30,aft,166,1921005564,68.94308170276435,0.22904057123771832,-0.02154430835201948,1.8687773366335685,crash,tilt_gt_crash,16,-28.03039258863483,16.406839968721666,23.39497354804785,0.0,False,False,False,nan,nan,nan,nan,nan,nan,nan,nan,nan,0,0.0,False,0,3.12.3,2.5.2,2.13.0,2.9.0,1.3.0,3.2.7,e9fa15cc35312a5c1ecf0c42668a690b5061c090,7ebad1ecabd28a7000add2d05f888aa2e837c2cc,cf2x,240,30,12.0,0.5,1,36,DATTA-BASAK,2026-09-22T14:45:40+00:00
random,SS3,frigate,90.0,6.0,29,aft,167,563088687,80.32552036661318,-0.19323530750795676,0.17376663312876034,1.8469886960379922,crash,tilt_gt_crash,53,-41.293843452491224,54.80499146490376,76.29735559331915,0.0,False,False,False,nan,nan,nan,nan,nan,nan,nan,nan,nan,0,0.0,False,0,3.12.3,2.5.2,2.13.0,2.9.0,1.3.0,3.2.7,e9fa15cc35312a5c1ecf0c42668a690b5061c090,7ebad1ecabd28a7000add2d05f888aa2e837c2cc,cf2x,240,30,12.0,0.5,1,36,DATTA-BASAK,2026-09-22T14:45:40+00:00
random,SS3,frigate,135.0,6.0,27,aft,168,1334716289,46.07632141143698,0.28293519061137123,0.2640756751889393,1.9480784502891977,crash,tilt_gt_crash,46,-42.339520893444416,46.45601287158053,63.031191376427,0.0,False,False,False,nan,nan,nan,nan,nan,nan,nan,nan,nan,0,0.0,False,0,3.12.3,2.5.2,2.13.0,2.9.0,1.3.0,3.2.7,e9fa15cc35312a5c1ecf0c42668a690b5061c090,7ebad1ecabd28a7000add2d05f888aa2e837c2cc,cf2x,240,30,12.0,0.5,1,36,DATTA-BASAK,2026-09-22T14:45:40+00:00
random,SS3,frigate,45.0,6.0,27,aft,169,831546797,56.65183089331767,-0.2102806017048537,0.02974078921036616,1.6919195284816353,crash,tilt_gt_crash,46,-28.47019499743594,47.15667245462002,66.949273001045,0.0,False,False,False,nan,nan,nan,nan,nan,nan,nan,nan,nan,0,0.0,False,0,3.12.3,2.5.2,2.13.0,2.9.0,1.3.0,3.2.7,e9fa15cc35312a5c1ecf0c42668a690b5061c090,7ebad1ecabd28a7000add2d05f888aa2e837c2cc,cf2x,240,30,12.0,0.5,1,36,DATTA-BASAK,2026-09-22T14:45:40+00:00
random,SS3,frigate,45.0,0.0,27,aft,170,1378262435,11.705170158127613,0.13253889041046746,-0.2614319123487086,1.6096879389267158,crash,tilt_gt_crash,58,-40.2414284847898,56.57915135346195,72.3864596605576,0.0,False,False,False,nan,nan,nan,nan,nan,nan,nan,nan,nan,0,0.0,False,0,3.12.3,2.5.2,2.13.0,2.9.0,1.3.0,3.2.7,e9fa15cc35312a5c1ecf0c42668a690b5061c090,7ebad1ecabd28a7000add2d05f888aa2e837c2cc,cf2x,240,30,12.0,0.5,1,36,DATTA-BASAK,2026-09-22T14:45:40+00:00
random,SS3,frigate,90.0,0.0,27,aft,171,98563384,13.533886595108726,-0.23927891071395446,0.0789994247090795,1.931368929230355,crash,tilt_gt_crash,41,-34.02509061199503,39.84350575534218,51.1986752343352,0.0,False,False,False,nan,nan,nan,nan,nan,nan,nan,nan,nan,0,0.0,False,0,3.12.3,2.5.2,2.13.0,2.9.0,1.3.0,3.2.7,e9fa15cc35312a5c1ecf0c42668a690b5061c090,7ebad1ecabd28a7000add2d05f888aa2e837c2cc,cf2x,240,30,12.0,0.5,1,36,DATTA-BASAK,2026-09-22T14:45:40+00:00
random,SS3,frigate,135.0,0.0,28,aft,172,500720072,22.481107978401262,0.18014927276093118,-0.2417423149807383,1.928985104445711,crash,tilt_gt_crash,43,-40.27696783546598,41.61810370830191,55.81801052944849,0.0,False,False,False,nan,nan,nan,nan,nan,nan,nan,nan,nan,0,0.0,False,0,3.12.3,2.5.2,2.13.0,2.9.0,1.3.0,3.2.7,e9fa15cc35312a5c1ecf0c42668a690b5061c090,7ebad1ecabd28a7000add2d05f888aa2e837c2cc,cf2x,240,30,12.0,0.5,1,36,DATTA-BASAK,2026-09-22T14:45:40+00:00
random,SS3,frigate,180.0,6.0,30,aft,173,313780042,66.28129013047129,-0.10596337637412093,-0.060388083102650814,1.7905874308969443,crash,tilt_gt_crash,42,-29.47405467810944,38.65162435049218,54.359723698939355,0.0,False,False,False,nan,nan,nan,nan,nan,nan,nan,nan,nan,0,0.0,False,0,3.12.3,2.5.2,2.13.0,2.9.0,1.3.0,3.2.7,e9fa15cc35312a5c1ecf0c42668a690b5061c090,7ebad1ecabd28a7000add2d05f888aa2e837c2cc,cf2x,240,30,12.0,0.5,1,36,DATTA-BASAK,2026-09-22T14:45:40+00:00
random,SS3,frigate,180.0,0.0,27,aft,174,1828839811,30.961097789541405,-0.08396505163358364,0.1745775712238435,1.9681035096550865,crash,tilt_gt_crash,69,-32.04571814306552,70.65078193300593,89.5546405038379,0.0,False,False,False,nan,nan,nan,nan,nan,nan,nan,nan,nan,0,0.0,False,0,3.12.3,2.5.2,2.13.0,2.9.0,1.3.0,3.2.7,e9fa15cc35312a5c1ecf0c42668a690b5061c090,7ebad1ecabd28a7000add2d05f888aa2e837c2cc,cf2x,240,30,12.0,0.5,1,36,DATTA-BASAK,2026-09-22T14:45:40+00:00
random,SS3,frigate,45.0,0.0,31,aft,175,742114022,59.66953989172953,-0.24694556182082966,-0.04696478906387391,1.730512637904982,crash,tilt_gt_crash,69,-43.15925039419331,66.21442034484176,93.28769608447568,0.0,False,False,False,nan,nan,nan,nan,nan,nan,nan,nan,nan,0,0.0,False,0,3.12.3,2.5.2,2.13.0,2.9.0,1.3.0,3.2.7,e9fa15cc35312a5c1ecf0c42668a690b5061c090,7ebad1ecabd28a7000add2d05f888aa2e837c2cc,cf2x,240,30,12.0,0.5,1,36,DATTA-BASAK,2026-09-22T14:45:40+00:00
random,SS3,frigate,135.0,12.0,27,aft,176,1210861597,54.52545552450014,-0.07519274745395424,-0.03739203392063151,1.661515795959116,crash,tilt_gt_crash,34,-34.020885035541454,32.849127479077026,47.31763905036462,0.0,False,False,False,nan,nan,nan,nan,nan,nan,nan,nan,nan,0,0.0,False,0,3.12.3,2.5.2,2.13.0,2.9.0,1.3.0,3.2.7,e9fa15cc35312a5c1ecf0c42668a690b5061c090,7ebad1ecabd28a7000add2d05f888aa2e837c2cc,cf2x,240,30,12.0,0.5,1,36,DATTA-BASAK,2026-09-22T14:45:40+00:00
random,SS3,frigate,90.0,12.0,29,aft,177,390563776,15.985630543149707,0.2538824543585915,0.07033943681849641,1.7386481625468766,crash,tilt_gt_crash,91,-45.89062630391839,88.78846376328067,122.91284898903584,0.0,False,False,False,nan,nan,nan,nan,nan,nan,nan,nan,nan,0,0.0,False,0,3.12.3,2.5.2,2.13.0,2.9.0,1.3.0,3.2.7,e9fa15cc35312a5c1ecf0c42668a690b5061c090,7ebad1ecabd28a7000add2d05f888aa2e837c2cc,cf2x,240,30,12.0,0.5,1,36,DATTA-BASAK,2026-09-22T14:45:40+00:00
random,SS3,frigate,90.0,0.0,30,aft,178,1301128886,101.02688194224088,-0.18588184319473175,-0.21409874819430064,1.7556677688213154,crash,tilt_gt_crash,27,-31.19752020126169,25.76929418420991,34.86387629392311,0.0,False,False,False,nan,nan,nan,nan,nan,nan,nan,nan,nan,0,0.0,False,0,3.12.3,2.5.2,2.13.0,2.9.0,1.3.0,3.2.7,e9fa15cc35312a5c1ecf0c42668a690b5061c090,7ebad1ecabd28a7000add2d05f888aa2e837c2cc,cf2x,240,30,12.0,0.5,1,36,DATTA-BASAK,2026-09-22T14:45:40+00:00
random,SS3,frigate,45.0,6.0,29,aft,179,1460445697,97.79666743782589,0.1554048673436067,0.07844458391397424,1.6257761862040483,crash,tilt_gt_crash,22,-29.703216810497196,18.911299996575355,29.0318548028151,0.0,False,False,False,nan,nan,nan,nan,nan,nan,nan,nan,nan,0,0.0,False,0,3.12.3,2.5.2,2.13.0,2.9.0,1.3.0,3.2.7,e9fa15cc35312a5c1ecf0c42668a690b5061c090,7ebad1ecabd28a7000add2d05f888aa2e837c2cc,cf2x,240,30,12.0,0.5,1,36,DATTA-BASAK,2026-09-22T14:45:40+00:00
random,SS3,frigate,45.0,0.0,28,aft,180,5447079,41.51664984517494,0.13060008266416873,0.08394183428521834,1.8428983863643036,crash,tilt_gt_crash,62,-34.02840177888596,60.088411137127395,82.15434475023986,0.0,False,False,False,nan,nan,nan,nan,nan,nan,nan,nan,nan,0,0.0,False,0,3.12.3,2.5.2,2.13.0,2.9.0,1.3.0,3.2.7,e9fa15cc35312a5c1ecf0c42668a690b5061c090,7ebad1ecabd28a7000add2d05f888aa2e837c2cc,cf2x,240,30,12.0,0.5,1,36,DATTA-BASAK,2026-09-22T14:45:40+00:00
random,SS3,frigate,45.0,0.0,28,aft,181,1101022567,22.630486441453737,0.18599983067114206,0.008458250594063021,1.724941367565906,crash,tilt_gt_crash,62,-54.44480481391554,55.932261150522926,80.6487176116376,0.0,False,False,False,nan,nan,nan,nan,nan,nan,nan,nan,nan,0,0.0,False,0,3.12.3,2.5.2,2.13.0,2.9.0,1.3.0,3.2.7,e9fa15cc35312a5c1ecf0c42668a690b5061c090,7ebad1ecabd28a7000add2d05f888aa2e837c2cc,cf2x,240,30,12.0,0.5,1,36,DATTA-BASAK,2026-09-22T14:45:40+00:00
random,SS3,frigate,45.0,6.0,31,aft,182,26932913,80.63386660136989,0.2403463614923938,-0.0669517889041008,1.9881887176440647,crash,tilt_gt_crash,32,-35.309910327920576,30.76442160190502,47.55734314524657,0.0,False,False,False,nan,nan,nan,nan,nan,nan,nan,nan,nan,0,0.0,False,0,3.12.3,2.5.2,2.13.0,2.9.0,1.3.0,3.2.7,e9fa15cc35312a5c1ecf0c42668a690b5061c090,7ebad1ecabd28a7000add2d05f888aa2e837c2cc,cf2x,240,30,12.0,0.5,1,36,DATTA-BASAK,2026-09-22T14:45:40+00:00
random,SS3,frigate,90.0,0.0,29,aft,183,846777732,105.30019991546052,-0.2290679889123372,0.03648412605734275,1.926706806915379,crash,tilt_gt_crash,29,-33.184333505334074,27.673377945618867,38.08752552446777,0.0,False,False,False,nan,nan,nan,nan,nan,nan,nan,nan,nan,0,0.0,False,0,3.12.3,2.5.2,2.13.0,2.9.0,1.3.0,3.2.7,e9fa15cc35312a5c1ecf0c42668a690b5061c090,7ebad1ecabd28a7000add2d05f888aa2e837c2cc,cf2x,240,30,12.0,0.5,1,36,DATTA-BASAK,2026-09-22T14:45:40+00:00
random,SS3,frigate,180.0,6.0,29,aft,184,1536055012,88.84838070601903,-0.1568485022742235,0.13836732300940707,1.726620029236211,crash,tilt_gt_crash,38,-39.561747378277005,36.19017638877278,53.715328604790116,0.0,False,False,False,nan,nan,nan,nan,nan,nan,nan,nan,nan,0,0.0,False,0,3.12.3,2.5.2,2.13.0,2.9.0,1.3.0,3.2.7,e9fa15cc35312a5c1ecf0c42668a690b5061c090,7ebad1ecabd28a7000add2d05f888aa2e837c2cc,cf2x,240,30,12.0,0.5,1,36,DATTA-BASAK,2026-09-22T14:45:40+00:00
random,SS3,frigate,45.0,0.0,27,aft,185,934702625,5.103562806007092,-0.04037193073733458,-0.23416115541795152,1.6801838012238033,crash,tilt_gt_crash,53,-36.42012184445951,49.405640044286514,65.4864912616296,0.0,False,False,False,nan,nan,nan,nan,nan,nan,nan,nan,nan,0,0.0,False,0,3.12.3,2.5.2,2.13.0,2.9.0,1.3.0,3.2.7,e9fa15cc35312a5c1ecf0c42668a690b5061c090,7ebad1ecabd28a7000add2d05f888aa2e837c2cc,cf2x,240,30,12.0,0.5,1,36,DATTA-BASAK,2026-09-22T14:45:40+00:00
random,SS3,frigate,180.0,0.0,28,aft,186,476184564,9.885828284390644,0.0871668026487834,-0.21532305066697588,1.830846142542354,crash,tilt_gt_crash,29,-30.494502387678644,28.68191581918194,39.476112697558015,0.0,False,False,False,nan,nan,nan,nan,nan,nan,nan,nan,nan,0,0.0,False,0,3.12.3,2.5.2,2.13.0,2.9.0,1.3.0,3.2.7,e9fa15cc35312a5c1ecf0c42668a690b5061c090,7ebad1ecabd28a7000add2d05f888aa2e837c2cc,cf2x,240,30,12.0,0.5,1,36,DATTA-BASAK,2026-09-22T14:45:40+00:00
random,SS3,frigate,135.0,12.0,30,aft,187,1159250441,24.113924193866342,-0.03247249264391139,-0.005065295485716159,1.7713912344055935,crash,tilt_gt_crash,41,-46.39599570945349,40.47620209743436,51.41869009003885,0.0,False,False,False,nan,nan,nan,nan,nan,nan,nan,nan,nan,0,0.0,False,0,3.12.3,2.5.2,2.13.0,2.9.0,1.3.0,3.2.7,e9fa15cc35312a5c1ecf0c42668a690b5061c090,7ebad1ecabd28a7000add2d05f888aa2e837c2cc,cf2x,240,30,12.0,0.5,1,36,DATTA-BASAK,2026-09-22T14:45:40+00:00
random,SS3,frigate,90.0,6.0,30,aft,188,2039666869,35.039423774059664,-0.0030532978773686326,-0.2058126656548966,1.6690030375185048,crash,tilt_gt_crash,76,-37.808124048550745,73.7853522765143,96.47051235016674,0.0,False,False,False,nan,nan,nan,nan,nan,nan,nan,nan,nan,0,0.0,False,0,3.12.3,2.5.2,2.13.0,2.9.0,1.3.0,3.2.7,e9fa15cc35312a5c1ecf0c42668a690b5061c090,7ebad1ecabd28a7000add2d05f888aa2e837c2cc,cf2x,240,30,12.0,0.5,1,36,DATTA-BASAK,2026-09-22T14:45:40+00:00
random,SS3,frigate,90.0,0.0,31,aft,189,1676945323,51.087975950657174,0.20936561531141223,-0.12412626457706435,1.7983607873945417,crash,tilt_gt_crash,50,-28.86399434647161,48.3326181406612,66.2716201662063,0.0,False,False,False,nan,nan,nan,nan,nan,nan,nan,nan,nan,0,0.0,False,0,3.12.3,2.5.2,2.13.0,2.9.0,1.3.0,3.2.7,e9fa15cc35312a5c1ecf0c42668a690b5061c090,7ebad1ecabd28a7000add2d05f888aa2e837c2cc,cf2x,240,30,12.0,0.5,1,36,DATTA-BASAK,2026-09-22T14:45:40+00:00
random,SS3,frigate,90.0,6.0,30,aft,190,1400204435,69.55525159595587,0.014068918373103756,-0.2578161724929482,1.8781848133479961,crash,tilt_gt_crash,48,-37.287415564867004,45.03277791901134,60.08280625957679,0.0,False,False,False,nan,nan,nan,nan,nan,nan,nan,nan,nan,0,0.0,False,0,3.12.3,2.5.2,2.13.0,2.9.0,1.3.0,3.2.7,e9fa15cc35312a5c1ecf0c42668a690b5061c090,7ebad1ecabd28a7000add2d05f888aa2e837c2cc,cf2x,240,30,12.0,0.5,1,36,DATTA-BASAK,2026-09-22T14:45:40+00:00
random,SS3,frigate,135.0,0.0,29,aft,191,836548395,95.2618928913294,-0.11919997259062742,-0.1637669451521959,1.8646026856724864,crash,tilt_gt_crash,52,-33.41260751872015,52.58740119779256,69.19136368332101,0.0,False,False,False,nan,nan,nan,nan,nan,nan,nan,nan,nan,0,0.0,False,0,3.12.3,2.5.2,2.13.0,2.9.0,1.3.0,3.2.7,e9fa15cc35312a5c1ecf0c42668a690b5061c090,7ebad1ecabd28a7000add2d05f888aa2e837c2cc,cf2x,240,30,12.0,0.5,1,36,DATTA-BASAK,2026-09-22T14:45:40+00:00
random,SS3,frigate,90.0,0.0,27,aft,192,1313338791,104.25430398199745,0.09269038870470703,-0.2857611987428109,1.8338572454206774,crash,tilt_gt_crash,35,-44.14802562774096,33.262801621915735,47.05576008655711,0.0,False,False,False,nan,nan,nan,nan,nan,nan,nan,nan,nan,0,0.0,False,0,3.12.3,2.5.2,2.13.0,2.9.0,1.3.0,3.2.7,e9fa15cc35312a5c1ecf0c42668a690b5061c090,7ebad1ecabd28a7000add2d05f888aa2e837c2cc,cf2x,240,30,12.0,0.5,1,36,DATTA-BASAK,2026-09-22T14:45:40+00:00
random,SS3,frigate,135.0,12.0,30,aft,193,1282293028,60.54528857981815,0.15923195664003892,0.06686266115712475,1.8224975442891123,crash,tilt_gt_crash,43,-35.294847086007394,41.054168937971774,55.57743098330023,0.0,False,False,False,nan,nan,nan,nan,nan,nan,nan,nan,nan,0,0.0,False,0,3.12.3,2.5.2,2.13.0,2.9.0,1.3.0,3.2.7,e9fa15cc35312a5c1ecf0c42668a690b5061c090,7ebad1ecabd28a7000add2d05f888aa2e837c2cc,cf2x,240,30,12.0,0.5,1,36,DATTA-BASAK,2026-09-22T14:45:40+00:00
random,SS3,frigate,45.0,0.0,29,aft,194,1415457642,42.378728903982974,-0.07192716785586545,-0.11660308845676134,1.634943465827362,crash,tilt_gt_crash,47,-55.635070869993655,45.36311550397509,66.39055576289222,0.0,False,False,False,nan,nan,nan,nan,nan,nan,nan,nan,nan,0,0.0,False,0,3.12.3,2.5.2,2.13.0,2.9.0,1.3.0,3.2.7,e9fa15cc35312a5c1ecf0c42668a690b5061c090,7ebad1ecabd28a7000add2d05f888aa2e837c2cc,cf2x,240,30,12.0,0.5,1,36,DATTA-BASAK,2026-09-22T14:45:40+00:00
random,SS3,frigate,180.0,6.0,30,aft,195,122560831,48.976847846704246,-0.1138369541488872,0.24558567355420607,1.905041504686475,crash,tilt_gt_crash,48,-42.569782500197064,47.42754519695481,69.01860530193949,0.0,False,False,False,nan,nan,nan,nan,nan,nan,nan,nan,nan,0,0.0,False,0,3.12.3,2.5.2,2.13.0,2.9.0,1.3.0,3.2.7,e9fa15cc35312a5c1ecf0c42668a690b5061c090,7ebad1ecabd28a7000add2d05f888aa2e837c2cc,cf2x,240,30,12.0,0.5,1,36,DATTA-BASAK,2026-09-22T14:45:40+00:00
random,SS3,frigate,135.0,0.0,30,aft,196,1124304072,72.72671859619149,-0.27830487380068414,0.013963088841707716,1.640224833737775,crash,tilt_gt_crash,56,-47.97135580841353,53.51680702399307,75.72197593514932,0.0,False,False,False,nan,nan,nan,nan,nan,nan,nan,nan,nan,0,0.0,False,0,3.12.3,2.5.2,2.13.0,2.9.0,1.3.0,3.2.7,e9fa15cc35312a5c1ecf0c42668a690b5061c090,7ebad1ecabd28a7000add2d05f888aa2e837c2cc,cf2x,240,30,12.0,0.5,1,36,DATTA-BASAK,2026-09-22T14:45:40+00:00
random,SS3,frigate,180.0,6.0,30,aft,197,2048591777,71.00427033632778,-0.29805315476866007,-0.18827091066729582,1.7423617141323071,crash,tilt_gt_crash,42,-34.21790880309585,37.456699916028924,54.0947598485907,0.0,False,False,False,nan,nan,nan,nan,nan,nan,nan,nan,nan,0,0.0,False,0,3.12.3,2.5.2,2.13.0,2.9.0,1.3.0,3.2.7,e9fa15cc35312a5c1ecf0c42668a690b5061c090,7ebad1ecabd28a7000add2d05f888aa2e837c2cc,cf2x,240,30,12.0,0.5,1,36,DATTA-BASAK,2026-09-22T14:45:40+00:00
random,SS3,frigate,90.0,6.0,27,aft,198,1790460071,42.38358302060039,0.2374380177676318,0.18599328905425905,1.9354348157614867,crash,tilt_gt_crash,41,-31.18776454994358,40.11420911694213,53.741064550090215,0.0,False,False,False,nan,nan,nan,nan,nan,nan,nan,nan,nan,0,0.0,False,0,3.12.3,2.5.2,2.13.0,2.9.0,1.3.0,3.2.7,e9fa15cc35312a5c1ecf0c42668a690b5061c090,7ebad1ecabd28a7000add2d05f888aa2e837c2cc,cf2x,240,30,12.0,0.5,1,36,DATTA-BASAK,2026-09-22T14:45:40+00:00
random,SS3,frigate,180.0,12.0,29,aft,199,1926527201,47.45018511026049,-0.21661702054558868,0.04333895005765742,1.9557069752449687,crash,tilt_gt_crash,50,-35.75805618964321,49.297319417499544,66.63128614229471,0.0,False,False,False,nan,nan,nan,nan,nan,nan,nan,nan,nan,0,0.0,False,0,3.12.3,2.5.2,2.13.0,2.9.0,1.3.0,3.2.7,e9fa15cc35312a5c1ecf0c42668a690b5061c090,7ebad1ecabd28a7000add2d05f888aa2e837c2cc,cf2x,240,30,12.0,0.5,1,36,DATTA-BASAK,2026-09-22T14:45:40+00:00
random,SS5,frigate,135.0,12.0,31,aft,0,901421852,44.31321859853031,0.13132840602915774,0.029322009873784416,1.7784905833437492,crash,tilt_gt_crash,31,-38.53505321399147,31.489841380376067,40.00197947022592,0.0,False,False,False,nan,nan,nan,nan,nan,nan,nan,nan,nan,0,0.0,False,0,3.12.3,2.5.2,2.13.0,2.9.0,1.3.0,3.2.7,e9fa15cc35312a5c1ecf0c42668a690b5061c090,7ebad1ecabd28a7000add2d05f888aa2e837c2cc,cf2x,240,30,12.0,0.5,1,36,DATTA-BASAK,2026-09-22T14:45:40+00:00
random,SS5,frigate,180.0,6.0,28,aft,1,1517583404,36.14818093384017,-0.15777557026152011,0.13970803626150657,1.6348348677086078,crash,tilt_gt_crash,49,-37.330477102114685,51.08509497714624,70.93246887003785,0.0,False,False,False,nan,nan,nan,nan,nan,nan,nan,nan,nan,0,0.0,False,0,3.12.3,2.5.2,2.13.0,2.9.0,1.3.0,3.2.7,e9fa15cc35312a5c1ecf0c42668a690b5061c090,7ebad1ecabd28a7000add2d05f888aa2e837c2cc,cf2x,240,30,12.0,0.5,1,36,DATTA-BASAK,2026-09-22T14:45:40+00:00
random,SS5,frigate,135.0,6.0,27,aft,2,1588966049,68.03349030915432,-0.06259297197599614,0.05750669879629994,1.8387163776748772,crash,tilt_gt_crash,20,-30.29044281486884,17.955719178559832,25.079083055241753,0.0,False,False,False,nan,nan,nan,nan,nan,nan,nan,nan,nan,0,0.0,False,0,3.12.3,2.5.2,2.13.0,2.9.0,1.3.0,3.2.7,e9fa15cc35312a5c1ecf0c42668a690b5061c090,7ebad1ecabd28a7000add2d05f888aa2e837c2cc,cf2x,240,30,12.0,0.5,1,36,DATTA-BASAK,2026-09-22T14:45:40+00:00
random,SS5,frigate,135.0,6.0,27,aft,3,1467066091,25.499586578149888,-0.1076738009383422,-0.11004388115734651,1.7807019903800843,crash,tilt_gt_crash,26,-28.70077840617622,24.666537792907953,33.835856039062,0.0,False,False,False,nan,nan,nan,nan,nan,nan,nan,nan,nan,0,0.0,False,0,3.12.3,2.5.2,2.13.0,2.9.0,1.3.0,3.2.7,e9fa15cc35312a5c1ecf0c42668a690b5061c090,7ebad1ecabd28a7000add2d05f888aa2e837c2cc,cf2x,240,30,12.0,0.5,1,36,DATTA-BASAK,2026-09-22T14:45:40+00:00
random,SS5,frigate,90.0,6.0,27,aft,4,1464650960,32.8503265374562,-0.09059293629313364,-0.21707552750775866,1.6207298903450655,crash,tilt_gt_crash,66,-52.41234466780784,62.59000061542292,87.80145660643763,0.0,False,False,False,nan,nan,nan,nan,nan,nan,nan,nan,nan,0,0.0,False,0,3.12.3,2.5.2,2.13.0,2.9.0,1.3.0,3.2.7,e9fa15cc35312a5c1ecf0c42668a690b5061c090,7ebad1ecabd28a7000add2d05f888aa2e837c2cc,cf2x,240,30,12.0,0.5,1,36,DATTA-BASAK,2026-09-22T14:45:40+00:00
random,SS5,frigate,180.0,0.0,29,aft,5,1530628213,57.31011510401643,0.19803472601280048,0.20627523781394813,1.7845762830634349,crash,tilt_gt_crash,38,-32.20414493627023,37.41683721402828,58.78810923841458,0.0,False,False,False,nan,nan,nan,nan,nan,nan,nan,nan,nan,0,0.0,False,0,3.12.3,2.5.2,2.13.0,2.9.0,1.3.0,3.2.7,e9fa15cc35312a5c1ecf0c42668a690b5061c090,7ebad1ecabd28a7000add2d05f888aa2e837c2cc,cf2x,240,30,12.0,0.5,1,36,DATTA-BASAK,2026-09-22T14:45:40+00:00
random,SS5,frigate,90.0,6.0,30,aft,6,504842210,80.55126505927548,0.004539913247210814,0.1571917776907239,1.6809247553391335,crash,below_deck,27,-72.13697081666567,26.05583713207623,34.817754651503044,0.0,False,False,False,nan,nan,nan,nan,nan,nan,nan,nan,nan,0,0.0,False,0,3.12.3,2.5.2,2.13.0,2.9.0,1.3.0,3.2.7,e9fa15cc35312a5c1ecf0c42668a690b5061c090,7ebad1ecabd28a7000add2d05f888aa2e837c2cc,cf2x,240,30,12.0,0.5,1,36,DATTA-BASAK,2026-09-22T14:45:40+00:00
random,SS5,frigate,135.0,6.0,27,aft,7,1721554711,104.9302612361922,-0.1952864365923922,-0.03932212820881609,1.9141947714773129,crash,tilt_gt_crash,28,-30.956269585736123,27.519251633489787,33.95818855132969,0.0,False,False,False,nan,nan,nan,nan,nan,nan,nan,nan,nan,0,0.0,False,0,3.12.3,2.5.2,2.13.0,2.9.0,1.3.0,3.2.7,e9fa15cc35312a5c1ecf0c42668a690b5061c090,7ebad1ecabd28a7000add2d05f888aa2e837c2cc,cf2x,240,30,12.0,0.5,1,36,DATTA-BASAK,2026-09-22T14:45:40+00:00
random,SS5,frigate,90.0,0.0,30,aft,8,1729048299,98.72776602073738,-0.23815620005796403,0.25030600070620684,1.7149292510310588,crash,tilt_gt_crash,27,-28.878350184125278,24.897497493712034,32.35941978406201,0.0,False,False,False,nan,nan,nan,nan,nan,nan,nan,nan,nan,0,0.0,False,0,3.12.3,2.5.2,2.13.0,2.9.0,1.3.0,3.2.7,e9fa15cc35312a5c1ecf0c42668a690b5061c090,7ebad1ecabd28a7000add2d05f888aa2e837c2cc,cf2x,240,30,12.0,0.5,1,36,DATTA-BASAK,2026-09-22T14:45:40+00:00
random,SS5,frigate,45.0,6.0,31,aft,9,1364808024,79.98335946989165,-0.2174218421586478,-0.20528232140512503,1.8285440475780774,crash,tilt_gt_crash,27,-33.43489048343688,24.233373422833154,34.451001258039604,0.0,False,False,False,nan,nan,nan,nan,nan,nan,nan,nan,nan,0,0.0,False,0,3.12.3,2.5.2,2.13.0,2.9.0,1.3.0,3.2.7,e9fa15cc35312a5c1ecf0c42668a690b5061c090,7ebad1ecabd28a7000add2d05f888aa2e837c2cc,cf2x,240,30,12.0,0.5,1,36,DATTA-BASAK,2026-09-22T14:45:40+00:00
random,SS5,frigate,45.0,0.0,31,aft,10,248931482,34.94747563835533,-0.048069372997358584,0.0963899203192422,1.8242669909054752,crash,tilt_gt_crash,53,-40.79291444658148,48.17545419433644,63.919411145555806,0.0,False,False,False,nan,nan,nan,nan,nan,nan,nan,nan,nan,0,0.0,False,0,3.12.3,2.5.2,2.13.0,2.9.0,1.3.0,3.2.7,e9fa15cc35312a5c1ecf0c42668a690b5061c090,7ebad1ecabd28a7000add2d05f888aa2e837c2cc,cf2x,240,30,12.0,0.5,1,36,DATTA-BASAK,2026-09-22T14:45:40+00:00
random,SS5,frigate,45.0,6.0,29,aft,11,100855326,13.850193538368128,-0.13159614948557985,-0.20625028565902936,1.6209467428388757,crash,tilt_gt_crash,20,-28.29374930527592,15.48313958441324,22.371314066217323,0.0,False,False,False,nan,nan,nan,nan,nan,nan,nan,nan,nan,0,0.0,False,0,3.12.3,2.5.2,2.13.0,2.9.0,1.3.0,3.2.7,e9fa15cc35312a5c1ecf0c42668a690b5061c090,7ebad1ecabd28a7000add2d05f888aa2e837c2cc,cf2x,240,30,12.0,0.5,1,36,DATTA-BASAK,2026-09-22T14:45:40+00:00
random,SS5,frigate,45.0,12.0,27,aft,12,163176333,56.455733313013546,0.2846090991447941,0.02975638587656082,1.917575173350221,crash,tilt_gt_crash,58,-35.88450541864004,55.38552151107192,78.73356640022803,0.0,False,False,False,nan,nan,nan,nan,nan,nan,nan,nan,nan,0,0.0,False,0,3.12.3,2.5.2,2.13.0,2.9.0,1.3.0,3.2.7,e9fa15cc35312a5c1ecf0c42668a690b5061c090,7ebad1ecabd28a7000add2d05f888aa2e837c2cc,cf2x,240,30,12.0,0.5,1,36,DATTA-BASAK,2026-09-22T14:45:40+00:00
random,SS5,frigate,180.0,12.0,27,aft,13,1712496251,17.50185677657258,0.1487789674066054,-0.11016360623797941,1.6240153805425614,crash,tilt_gt_crash,81,-36.46496800878206,76.21331571401436,106.13998044347049,0.0,False,False,False,nan,nan,nan,nan,nan,nan,nan,nan,nan,0,0.0,False,0,3.12.3,2.5.2,2.13.0,2.9.0,1.3.0,3.2.7,e9fa15cc35312a5c1ecf0c42668a690b5061c090,7ebad1ecabd28a7000add2d05f888aa2e837c2cc,cf2x,240,30,12.0,0.5,1,36,DATTA-BASAK,2026-09-22T14:45:40+00:00
random,SS5,frigate,180.0,0.0,28,aft,14,504903817,65.07107911087101,0.07130700132106832,-0.27176870966216093,1.9201433485476267,crash,tilt_gt_crash,48,-29.953078912473444,43.96471986488209,54.00039430640366,0.0,False,False,False,nan,nan,nan,nan,nan,nan,nan,nan,nan,0,0.0,False,0,3.12.3,2.5.2,2.13.0,2.9.0,1.3.0,3.2.7,e9fa15cc35312a5c1ecf0c42668a690b5061c090,7ebad1ecabd28a7000add2d05f888aa2e837c2cc,cf2x,240,30,12.0,0.5,1,36,DATTA-BASAK,2026-09-22T14:45:40+00:00
random,SS5,frigate,180.0,0.0,28,aft,15,998736816,28.31236183656108,-0.0012244459814246822,-0.009986608658323404,1.8587408398852734,crash,tilt_gt_crash,40,-36.11525146529891,40.41434133593315,57.23789188714201,0.0,False,False,False,nan,nan,nan,nan,nan,nan,nan,nan,nan,0,0.0,False,0,3.12.3,2.5.2,2.13.0,2.9.0,1.3.0,3.2.7,e9fa15cc35312a5c1ecf0c42668a690b5061c090,7ebad1ecabd28a7000add2d05f888aa2e837c2cc,cf2x,240,30,12.0,0.5,1,36,DATTA-BASAK,2026-09-22T14:45:40+00:00
random,SS5,frigate,90.0,0.0,28,aft,16,1416600748,8.299388775116228,-0.1829335379035167,-0.23306970867980933,1.757670363660887,crash,tilt_gt_crash,34,-30.090146957291566,33.88465284450068,45.17975032333137,0.0,False,False,False,nan,nan,nan,nan,nan,nan,nan,nan,nan,0,0.0,False,0,3.12.3,2.5.2,2.13.0,2.9.0,1.3.0,3.2.7,e9fa15cc35312a5c1ecf0c42668a690b5061c090,7ebad1ecabd28a7000add2d05f888aa2e837c2cc,cf2x,240,30,12.0,0.5,1,36,DATTA-BASAK,2026-09-22T14:45:40+00:00
random,SS5,frigate,90.0,6.0,31,aft,17,143607078,96.42897816102656,-0.07275929399654629,-0.19159989821144283,1.6896837338784019,crash,tilt_gt_crash,67,-36.75747896491883,63.789728615612646,88.57694775936406,0.0,False,False,False,nan,nan,nan,nan,nan,nan,nan,nan,nan,0,0.0,False,0,3.12.3,2.5.2,2.13.0,2.9.0,1.3.0,3.2.7,e9fa15cc35312a5c1ecf0c42668a690b5061c090,7ebad1ecabd28a7000add2d05f888aa2e837c2cc,cf2x,240,30,12.0,0.5,1,36,DATTA-BASAK,2026-09-22T14:45:40+00:00
random,SS5,frigate,45.0,6.0,30,aft,18,1692864728,99.80956211660782,0.19983243662043465,0.09893351594667554,1.9490911544912002,crash,tilt_gt_crash,39,-36.13574814845325,38.28122728220942,52.70342879416722,0.0,False,False,False,nan,nan,nan,nan,nan,nan,nan,nan,nan,0,0.0,False,0,3.12.3,2.5.2,2.13.0,2.9.0,1.3.0,3.2.7,e9fa15cc35312a5c1ecf0c42668a690b5061c090,7ebad1ecabd28a7000add2d05f888aa2e837c2cc,cf2x,240,30,12.0,0.5,1,36,DATTA-BASAK,2026-09-22T14:45:40+00:00
random,SS5,frigate,135.0,12.0,27,aft,19,427390581,74.84651358299442,-0.20742833688552648,-0.28878786628091885,1.7312891127884162,crash,tilt_gt_crash,25,-31.040678772259117,22.742655305660012,28.807193957657738,0.0,False,False,False,nan,nan,nan,nan,nan,nan,nan,nan,nan,0,0.0,False,0,3.12.3,2.5.2,2.13.0,2.9.0,1.3.0,3.2.7,e9fa15cc35312a5c1ecf0c42668a690b5061c090,7ebad1ecabd28a7000add2d05f888aa2e837c2cc,cf2x,240,30,12.0,0.5,1,36,DATTA-BASAK,2026-09-22T14:45:40+00:00
random,SS5,frigate,135.0,0.0,28,aft,20,1838347881,45.24711097744162,0.22551459165086268,0.05202809491743465,1.7894848670064332,crash,tilt_gt_crash,23,-27.62905323414996,21.02589744366781,28.950018300943213,0.0,False,False,False,nan,nan,nan,nan,nan,nan,nan,nan,nan,0,0.0,False,0,3.12.3,2.5.2,2.13.0,2.9.0,1.3.0,3.2.7,e9fa15cc35312a5c1ecf0c42668a690b5061c090,7ebad1ecabd28a7000add2d05f888aa2e837c2cc,cf2x,240,30,12.0,0.5,1,36,DATTA-BASAK,2026-09-22T14:45:40+00:00
random,SS5,frigate,90.0,12.0,31,aft,21,897941482,9.286853061039036,-0.18323825130003762,0.02075451970179515,1.8650363390921973,crash,tilt_gt_crash,38,-32.606341964734106,34.650297486421856,48.194485370771375,0.0,False,False,False,nan,nan,nan,nan,nan,nan,nan,nan,nan,0,0.0,False,0,3.12.3,2.5.2,2.13.0,2.9.0,1.3.0,3.2.7,e9fa15cc35312a5c1ecf0c42668a690b5061c090,7ebad1ecabd28a7000add2d05f888aa2e837c2cc,cf2x,240,30,12.0,0.5,1,36,DATTA-BASAK,2026-09-22T14:45:40+00:00
random,SS5,frigate,180.0,12.0,28,aft,22,1593041178,37.816563961852204,0.014133923739607812,0.2499971021431881,1.8427753870409815,crash,tilt_gt_crash,17,-25.39659517340273,15.533093967329126,21.37968835059996,0.0,False,False,False,nan,nan,nan,nan,nan,nan,nan,nan,nan,0,0.0,False,0,3.12.3,2.5.2,2.13.0,2.9.0,1.3.0,3.2.7,e9fa15cc35312a5c1ecf0c42668a690b5061c090,7ebad1ecabd28a7000add2d05f888aa2e837c2cc,cf2x,240,30,12.0,0.5,1,36,DATTA-BASAK,2026-09-22T14:45:40+00:00
random,SS5,frigate,45.0,0.0,29,aft,23,1416530768,46.53007228555494,0.1456004415325542,-0.1901681693392373,1.6952667636567897,crash,tilt_gt_crash,54,-35.79942128906727,53.03953398738311,70.72748859452737,0.0,False,False,False,nan,nan,nan,nan,nan,nan,nan,nan,nan,0,0.0,False,0,3.12.3,2.5.2,2.13.0,2.9.0,1.3.0,3.2.7,e9fa15cc35312a5c1ecf0c42668a690b5061c090,7ebad1ecabd28a7000add2d05f888aa2e837c2cc,cf2x,240,30,12.0,0.5,1,36,DATTA-BASAK,2026-09-22T14:45:40+00:00
random,SS5,frigate,180.0,0.0,30,aft,24,768660893,62.78705438550983,-0.08599393767345542,-0.2237571018350798,1.8177807326412083,crash,tilt_gt_crash,43,-33.64657149929169,41.83464564419046,53.58444625537934,0.0,False,False,False,nan,nan,nan,nan,nan,nan,nan,nan,nan,0,0.0,False,0,3.12.3,2.5.2,2.13.0,2.9.0,1.3.0,3.2.7,e9fa15cc35312a5c1ecf0c42668a690b5061c090,7ebad1ecabd28a7000add2d05f888aa2e837c2cc,cf2x,240,30,12.0,0.5,1,36,DATTA-BASAK,2026-09-22T14:45:40+00:00
random,SS5,frigate,135.0,6.0,29,aft,25,2128296670,44.423256304506324,0.18641720640797932,-0.02923380855620572,1.7686336487924996,crash,tilt_gt_crash,36,-36.078154702402344,32.59916419778399,41.24904961906627,0.0,False,False,False,nan,nan,nan,nan,nan,nan,nan,nan,nan,0,0.0,False,0,3.12.3,2.5.2,2.13.0,2.9.0,1.3.0,3.2.7,e9fa15cc35312a5c1ecf0c42668a690b5061c090,7ebad1ecabd28a7000add2d05f888aa2e837c2cc,cf2x,240,30,12.0,0.5,1,36,DATTA-BASAK,2026-09-22T14:45:40+00:00
random,SS5,frigate,135.0,12.0,31,aft,26,951911732,64.64903774017489,-0.21231849031344902,0.09715156418796267,1.773583410236519,crash,tilt_gt_crash,72,-60.8710952695445,70.17825109493825,96.5473800651864,0.0,False,False,False,nan,nan,nan,nan,nan,nan,nan,nan,nan,0,0.0,False,0,3.12.3,2.5.2,2.13.0,2.9.0,1.3.0,3.2.7,e9fa15cc35312a5c1ecf0c42668a690b5061c090,7ebad1ecabd28a7000add2d05f888aa2e837c2cc,cf2x,240,30,12.0,0.5,1,36,DATTA-BASAK,2026-09-22T14:45:40+00:00
random,SS5,frigate,45.0,6.0,31,aft,27,1621437779,6.177295892135065,0.29383453394723485,0.1976796680852455,1.8378796193481286,crash,tilt_gt_crash,58,-30.720403578961953,56.78330881030445,79.14690625125661,0.0,False,False,False,nan,nan,nan,nan,nan,nan,nan,nan,nan,0,0.0,False,0,3.12.3,2.5.2,2.13.0,2.9.0,1.3.0,3.2.7,e9fa15cc35312a5c1ecf0c42668a690b5061c090,7ebad1ecabd28a7000add2d05f888aa2e837c2cc,cf2x,240,30,12.0,0.5,1,36,DATTA-BASAK,2026-09-22T14:45:40+00:00
random,SS5,frigate,135.0,0.0,30,aft,28,1323081974,70.30434065195114,0.01096565062424415,-0.04278951565036804,1.7452565463167784,crash,tilt_gt_crash,122,-62.60000921065367,121.86692018821513,173.96615369299857,0.0,False,False,False,nan,nan,nan,nan,nan,nan,nan,nan,nan,0,0.0,False,0,3.12.3,2.5.2,2.13.0,2.9.0,1.3.0,3.2.7,e9fa15cc35312a5c1ecf0c42668a690b5061c090,7ebad1ecabd28a7000add2d05f888aa2e837c2cc,cf2x,240,30,12.0,0.5,1,36,DATTA-BASAK,2026-09-22T14:45:40+00:00
random,SS5,frigate,180.0,0.0,30,aft,29,320815516,95.23208207425945,0.16245599420665852,0.2685248705118031,1.8896525665003172,crash,tilt_gt_crash,27,-30.184597230518502,23.4427908667472,33.68314395701869,0.0,False,False,False,nan,nan,nan,nan,nan,nan,nan,nan,nan,0,0.0,False,0,3.12.3,2.5.2,2.13.0,2.9.0,1.3.0,3.2.7,e9fa15cc35312a5c1ecf0c42668a690b5061c090,7ebad1ecabd28a7000add2d05f888aa2e837c2cc,cf2x,240,30,12.0,0.5,1,36,DATTA-BASAK,2026-09-22T14:45:40+00:00
random,SS5,frigate,180.0,12.0,30,aft,30,653247881,14.85883005095199,0.015220442933484124,0.17131554653459447,1.9598511874906652,crash,tilt_gt_crash,62,-36.29391949604437,57.06159308653102,75.92963757505748,0.0,False,False,False,nan,nan,nan,nan,nan,nan,nan,nan,nan,0,0.0,False,0,3.12.3,2.5.2,2.13.0,2.9.0,1.3.0,3.2.7,e9fa15cc35312a5c1ecf0c42668a690b5061c090,7ebad1ecabd28a7000add2d05f888aa2e837c2cc,cf2x,240,30,12.0,0.5,1,36,DATTA-BASAK,2026-09-22T14:45:40+00:00
random,SS5,frigate,180.0,0.0,27,aft,31,1671915161,101.21372492331153,-0.07631829170734605,0.17451502993751516,1.7317545621384256,crash,tilt_gt_crash,31,-33.81426500119194,28.26216901555352,40.138080960277655,0.0,False,False,False,nan,nan,nan,nan,nan,nan,nan,nan,nan,0,0.0,False,0,3.12.3,2.5.2,2.13.0,2.9.0,1.3.0,3.2.7,e9fa15cc35312a5c1ecf0c42668a690b5061c090,7ebad1ecabd28a7000add2d05f888aa2e837c2cc,cf2x,240,30,12.0,0.5,1,36,DATTA-BASAK,2026-09-22T14:45:40+00:00
random,SS5,frigate,180.0,6.0,30,aft,32,112676880,60.600838790803046,0.0998851417870667,-0.04855201511801355,1.836363620005956,crash,tilt_gt_crash,39,-55.6261217454405,35.695125980853014,48.888395568996785,0.0,False,False,False,nan,nan,nan,nan,nan,nan,nan,nan,nan,0,0.0,False,0,3.12.3,2.5.2,2.13.0,2.9.0,1.3.0,3.2.7,e9fa15cc35312a5c1ecf0c42668a690b5061c090,7ebad1ecabd28a7000add2d05f888aa2e837c2cc,cf2x,240,30,12.0,0.5,1,36,DATTA-BASAK,2026-09-22T14:45:40+00:00
random,SS5,frigate,180.0,0.0,28,aft,33,1563197784,28.370194483616896,-0.09680774376828985,0.033039218113919355,1.6718441019119576,crash,tilt_gt_crash,33,-39.198148015170105,30.149766470900648,44.69707760892077,0.0,False,False,False,nan,nan,nan,nan,nan,nan,nan,nan,nan,0,0.0,False,0,3.12.3,2.5.2,2.13.0,2.9.0,1.3.0,3.2.7,e9fa15cc35312a5c1ecf0c42668a690b5061c090,7ebad1ecabd28a7000add2d05f888aa2e837c2cc,cf2x,240,30,12.0,0.5,1,36,DATTA-BASAK,2026-09-22T14:45:40+00:00
random,SS5,frigate,45.0,6.0,27,aft,34,485118894,90.03731371207019,0.022582425644713022,0.15842897335937695,1.9550264361434195,crash,tilt_gt_crash,38,-39.28795977532192,37.14694927388557,50.25086527926646,0.0,False,False,False,nan,nan,nan,nan,nan,nan,nan,nan,nan,0,0.0,False,0,3.12.3,2.5.2,2.13.0,2.9.0,1.3.0,3.2.7,e9fa15cc35312a5c1ecf0c42668a690b5061c090,7ebad1ecabd28a7000add2d05f888aa2e837c2cc,cf2x,240,30,12.0,0.5,1,36,DATTA-BASAK,2026-09-22T14:45:40+00:00
random,SS5,frigate,45.0,0.0,29,aft,35,1826212086,75.72244625935537,0.02109906762982383,-0.0029426709623781577,1.7419072270822826,crash,tilt_gt_crash,31,-35.68134489880028,28.553219712631808,36.36648417600697,0.0,False,False,False,nan,nan,nan,nan,nan,nan,nan,nan,nan,0,0.0,False,0,3.12.3,2.5.2,2.13.0,2.9.0,1.3.0,3.2.7,e9fa15cc35312a5c1ecf0c42668a690b5061c090,7ebad1ecabd28a7000add2d05f888aa2e837c2cc,cf2x,240,30,12.0,0.5,1,36,DATTA-BASAK,2026-09-22T14:45:40+00:00
random,SS5,frigate,45.0,12.0,31,aft,36,1674510019,10.167436892442002,-0.2608965166230168,-0.21416615259399252,1.666592533022769,crash,tilt_gt_crash,42,-34.48054933612425,43.480065629133506,61.873465439731916,0.0,False,False,False,nan,nan,nan,nan,nan,nan,nan,nan,nan,0,0.0,False,0,3.12.3,2.5.2,2.13.0,2.9.0,1.3.0,3.2.7,e9fa15cc35312a5c1ecf0c42668a690b5061c090,7ebad1ecabd28a7000add2d05f888aa2e837c2cc,cf2x,240,30,12.0,0.5,1,36,DATTA-BASAK,2026-09-22T14:45:40+00:00
random,SS5,frigate,45.0,12.0,29,aft,37,994318137,20.560752622653805,0.1483883407266764,0.2071918300575784,1.7125033742031424,crash,tilt_gt_crash,36,-36.96098131520016,33.53789670671421,46.32063047862399,0.0,False,False,False,nan,nan,nan,nan,nan,nan,nan,nan,nan,0,0.0,False,0,3.12.3,2.5.2,2.13.0,2.9.0,1.3.0,3.2.7,e9fa15cc35312a5c1ecf0c42668a690b5061c090,7ebad1ecabd28a7000add2d05f888aa2e837c2cc,cf2x,240,30,12.0,0.5,1,36,DATTA-BASAK,2026-09-22T14:45:40+00:00
random,SS5,frigate,45.0,12.0,31,aft,38,1474200332,92.4942003437017,-0.2348474830156005,-0.2602510530501012,1.6371832765627916,crash,tilt_gt_crash,24,-31.73345300258062,24.472225962498474,32.37429678776594,0.0,False,False,False,nan,nan,nan,nan,nan,nan,nan,nan,nan,0,0.0,False,0,3.12.3,2.5.2,2.13.0,2.9.0,1.3.0,3.2.7,e9fa15cc35312a5c1ecf0c42668a690b5061c090,7ebad1ecabd28a7000add2d05f888aa2e837c2cc,cf2x,240,30,12.0,0.5,1,36,DATTA-BASAK,2026-09-22T14:45:40+00:00
random,SS5,frigate,180.0,6.0,28,aft,39,965557791,37.259834531361314,0.15280369138756006,0.18682468778261774,1.7535810711020474,crash,tilt_gt_crash,51,-27.861836685336474,47.85502703269607,66.8351726359483,0.0,False,False,False,nan,nan,nan,nan,nan,nan,nan,nan,nan,0,0.0,False,0,3.12.3,2.5.2,2.13.0,2.9.0,1.3.0,3.2.7,e9fa15cc35312a5c1ecf0c42668a690b5061c090,7ebad1ecabd28a7000add2d05f888aa2e837c2cc,cf2x,240,30,12.0,0.5,1,36,DATTA-BASAK,2026-09-22T14:45:40+00:00
random,SS5,frigate,45.0,12.0,28,aft,40,1711803455,20.094599050553143,0.061547331511943304,-0.14763334572241896,1.7005218686948318,crash,tilt_gt_crash,27,-32.18557112983174,23.770099364127347,32.75182402815656,0.0,False,False,False,nan,nan,nan,nan,nan,nan,nan,nan,nan,0,0.0,False,0,3.12.3,2.5.2,2.13.0,2.9.0,1.3.0,3.2.7,e9fa15cc35312a5c1ecf0c42668a690b5061c090,7ebad1ecabd28a7000add2d05f888aa2e837c2cc,cf2x,240,30,12.0,0.5,1,36,DATTA-BASAK,2026-09-22T14:45:40+00:00
random,SS5,frigate,135.0,6.0,27,aft,41,473218386,60.71505628051492,-0.2809177818156523,-0.2734838203255911,1.7152733787687031,crash,tilt_gt_crash,28,-33.44648375569511,27.50644220240223,35.41456267827801,0.0,False,False,False,nan,nan,nan,nan,nan,nan,nan,nan,nan,0,0.0,False,0,3.12.3,2.5.2,2.13.0,2.9.0,1.3.0,3.2.7,e9fa15cc35312a5c1ecf0c42668a690b5061c090,7ebad1ecabd28a7000add2d05f888aa2e837c2cc,cf2x,240,30,12.0,0.5,1,36,DATTA-BASAK,2026-09-22T14:45:40+00:00
random,SS5,frigate,135.0,12.0,28,aft,42,1029341881,11.567746562335135,-0.29160572733101303,-0.014650331623800694,1.836139603011589,crash,tilt_gt_crash,43,-34.753029675451366,41.84513952005928,56.997060253103456,0.0,False,False,False,nan,nan,nan,nan,nan,nan,nan,nan,nan,0,0.0,False,0,3.12.3,2.5.2,2.13.0,2.9.0,1.3.0,3.2.7,e9fa15cc35312a5c1ecf0c42668a690b5061c090,7ebad1ecabd28a7000add2d05f888aa2e837c2cc,cf2x,240,30,12.0,0.5,1,36,DATTA-BASAK,2026-09-22T14:45:40+00:00
random,SS5,frigate,180.0,0.0,28,aft,43,333649601,19.3214372822601,-0.0707116048017333,-0.21329295369015333,1.6607818175570892,crash,tilt_gt_crash,79,-46.6625452059161,77.10530261763904,100.97414284492157,0.0,False,False,False,nan,nan,nan,nan,nan,nan,nan,nan,nan,0,0.0,False,0,3.12.3,2.5.2,2.13.0,2.9.0,1.3.0,3.2.7,e9fa15cc35312a5c1ecf0c42668a690b5061c090,7ebad1ecabd28a7000add2d05f888aa2e837c2cc,cf2x,240,30,12.0,0.5,1,36,DATTA-BASAK,2026-09-22T14:45:40+00:00
random,SS5,frigate,135.0,6.0,29,aft,44,247003208,20.709534909032374,0.10630698935425176,0.2541574954185231,1.6363229967240727,crash,tilt_gt_crash,26,-30.314356177981068,27.4403777774284,40.86921292940027,0.0,False,False,False,nan,nan,nan,nan,nan,nan,nan,nan,nan,0,0.0,False,0,3.12.3,2.5.2,2.13.0,2.9.0,1.3.0,3.2.7,e9fa15cc35312a5c1ecf0c42668a690b5061c090,7ebad1ecabd28a7000add2d05f888aa2e837c2cc,cf2x,240,30,12.0,0.5,1,36,DATTA-BASAK,2026-09-22T14:45:40+00:00
random,SS5,frigate,90.0,0.0,31,aft,45,276041036,71.58096589760568,0.044914556569097375,-0.12572700252967892,1.961005557273769,crash,tilt_gt_crash,35,-33.84637615443275,33.158358082454804,43.245355694553695,0.0,False,False,False,nan,nan,nan,nan,nan,nan,nan,nan,nan,0,0.0,False,0,3.12.3,2.5.2,2.13.0,2.9.0,1.3.0,3.2.7,e9fa15cc35312a5c1ecf0c42668a690b5061c090,7ebad1ecabd28a7000add2d05f888aa2e837c2cc,cf2x,240,30,12.0,0.5,1,36,DATTA-BASAK,2026-09-22T14:45:40+00:00
random,SS5,frigate,45.0,6.0,30,aft,46,557266732,96.94205871861767,-0.2550241693350352,-0.23596709054432613,1.8485363998026558,crash,tilt_gt_crash,34,-42.92746192592149,34.37837914900012,46.17087208243701,0.0,False,False,False,nan,nan,nan,nan,nan,nan,nan,nan,nan,0,0.0,False,0,3.12.3,2.5.2,2.13.0,2.9.0,1.3.0,3.2.7,e9fa15cc35312a5c1ecf0c42668a690b5061c090,7ebad1ecabd28a7000add2d05f888aa2e837c2cc,cf2x,240,30,12.0,0.5,1,36,DATTA-BASAK,2026-09-22T14:45:40+00:00
random,SS5,frigate,45.0,6.0,28,aft,47,1095616072,64.139252579415,-0.2571178093318604,-0.09414651244897138,1.96596983273841,crash,tilt_gt_crash,43,-51.340597053760774,44.088525040354064,59.69976334453987,0.0,False,False,False,nan,nan,nan,nan,nan,nan,nan,nan,nan,0,0.0,False,0,3.12.3,2.5.2,2.13.0,2.9.0,1.3.0,3.2.7,e9fa15cc35312a5c1ecf0c42668a690b5061c090,7ebad1ecabd28a7000add2d05f888aa2e837c2cc,cf2x,240,30,12.0,0.5,1,36,DATTA-BASAK,2026-09-22T14:45:40+00:00
random,SS5,frigate,180.0,12.0,30,aft,48,213510788,5.308250051362216,0.018664100914129567,-0.1391119338143533,1.7377597833614884,crash,tilt_gt_crash,63,-34.88829972643294,58.48493134134512,82.54937208073709,0.0,False,False,False,nan,nan,nan,nan,nan,nan,nan,nan,nan,0,0.0,False,0,3.12.3,2.5.2,2.13.0,2.9.0,1.3.0,3.2.7,e9fa15cc35312a5c1ecf0c42668a690b5061c090,7ebad1ecabd28a7000add2d05f888aa2e837c2cc,cf2x,240,30,12.0,0.5,1,36,DATTA-BASAK,2026-09-22T14:45:40+00:00
random,SS5,frigate,135.0,0.0,29,aft,49,992918670,88.48695900780781,0.04033100958027852,0.07259158259812454,1.7208105428368983,crash,tilt_gt_crash,60,-39.47604094844662,58.85877491952925,81.20616509367991,0.0,False,False,False,nan,nan,nan,nan,nan,nan,nan,nan,nan,0,0.0,False,0,3.12.3,2.5.2,2.13.0,2.9.0,1.3.0,3.2.7,e9fa15cc35312a5c1ecf0c42668a690b5061c090,7ebad1ecabd28a7000add2d05f888aa2e837c2cc,cf2x,240,30,12.0,0.5,1,36,DATTA-BASAK,2026-09-22T14:45:40+00:00
random,SS5,frigate,90.0,0.0,27,aft,50,1532085710,22.873606495302205,-0.20380978813475753,-0.17054822096473823,1.7674787361418889,crash,tilt_gt_crash,48,-31.163227835797052,47.498994981607446,57.51481822598761,0.0,False,False,False,nan,nan,nan,nan,nan,nan,nan,nan,nan,0,0.0,False,0,3.12.3,2.5.2,2.13.0,2.9.0,1.3.0,3.2.7,e9fa15cc35312a5c1ecf0c42668a690b5061c090,7ebad1ecabd28a7000add2d05f888aa2e837c2cc,cf2x,240,30,12.0,0.5,1,36,DATTA-BASAK,2026-09-22T14:45:40+00:00
random,SS5,frigate,90.0,6.0,30,aft,51,1578703365,48.37903867693752,-0.08851695331831558,0.17132575341032752,1.9976379694039332,crash,tilt_gt_crash,29,-33.443136137965226,28.37582741367023,37.94992280196558,0.0,False,False,False,nan,nan,nan,nan,nan,nan,nan,nan,nan,0,0.0,False,0,3.12.3,2.5.2,2.13.0,2.9.0,1.3.0,3.2.7,e9fa15cc35312a5c1ecf0c42668a690b5061c090,7ebad1ecabd28a7000add2d05f888aa2e837c2cc,cf2x,240,30,12.0,0.5,1,36,DATTA-BASAK,2026-09-22T14:45:40+00:00
random,SS5,frigate,180.0,0.0,31,aft,52,1347680154,58.58659240704032,-0.2888351906417432,-0.2864809085851279,1.61063371304453,crash,tilt_gt_crash,43,-36.535686225197786,39.591118104544755,54.184340289409,0.0,False,False,False,nan,nan,nan,nan,nan,nan,nan,nan,nan,0,0.0,False,0,3.12.3,2.5.2,2.13.0,2.9.0,1.3.0,3.2.7,e9fa15cc35312a5c1ecf0c42668a690b5061c090,7ebad1ecabd28a7000add2d05f888aa2e837c2cc,cf2x,240,30,12.0,0.5,1,36,DATTA-BASAK,2026-09-22T14:45:40+00:00
random,SS5,frigate,135.0,12.0,31,aft,53,1118146043,95.59557336531674,0.2632456278331224,-0.009455881261379084,1.8285777453142333,crash,tilt_gt_crash,16,-25.192154069950114,14.211090554290047,18.043602773467928,0.0,False,False,False,nan,nan,nan,nan,nan,nan,nan,nan,nan,0,0.0,False,0,3.12.3,2.5.2,2.13.0,2.9.0,1.3.0,3.2.7,e9fa15cc35312a5c1ecf0c42668a690b5061c090,7ebad1ecabd28a7000add2d05f888aa2e837c2cc,cf2x,240,30,12.0,0.5,1,36,DATTA-BASAK,2026-09-22T14:45:40+00:00
random,SS5,frigate,180.0,12.0,30,aft,54,1944306871,38.65818513131185,-0.20708222985235558,-0.13442061144149142,1.988321785391335,crash,tilt_gt_crash,37,-31.35105859266946,40.657353675431196,50.859874899073276,0.0,False,False,False,nan,nan,nan,nan,nan,nan,nan,nan,nan,0,0.0,False,0,3.12.3,2.5.2,2.13.0,2.9.0,1.3.0,3.2.7,e9fa15cc35312a5c1ecf0c42668a690b5061c090,7ebad1ecabd28a7000add2d05f888aa2e837c2cc,cf2x,240,30,12.0,0.5,1,36,DATTA-BASAK,2026-09-22T14:45:40+00:00
random,SS5,frigate,45.0,0.0,31,aft,55,303483411,72.2330064267834,-0.1396422250628944,0.159086551288601,1.6577566860856519,crash,tilt_gt_crash,36,-61.524500795511074,33.791020232106035,45.03673872051965,0.0,False,False,False,nan,nan,nan,nan,nan,nan,nan,nan,nan,0,0.0,False,0,3.12.3,2.5.2,2.13.0,2.9.0,1.3.0,3.2.7,e9fa15cc35312a5c1ecf0c42668a690b5061c090,7ebad1ecabd28a7000add2d05f888aa2e837c2cc,cf2x,240,30,12.0,0.5,1,36,DATTA-BASAK,2026-09-22T14:45:40+00:00
random,SS5,frigate,90.0,0.0,29,aft,56,730620080,101.1544237985373,0.18849655808058968,-0.2498648921078987,1.712027920463881,crash,tilt_gt_crash,85,-46.48992941025993,85.90064241022094,123.18720022329815,0.0,False,False,False,nan,nan,nan,nan,nan,nan,nan,nan,nan,0,0.0,False,0,3.12.3,2.5.2,2.13.0,2.9.0,1.3.0,3.2.7,e9fa15cc35312a5c1ecf0c42668a690b5061c090,7ebad1ecabd28a7000add2d05f888aa2e837c2cc,cf2x,240,30,12.0,0.5,1,36,DATTA-BASAK,2026-09-22T14:45:40+00:00
random,SS5,frigate,135.0,12.0,31,aft,57,655547238,45.92413743900773,-0.21127565785766989,-0.06264091236796582,1.7157592781841386,crash,tilt_gt_crash,24,-29.647364973266487,21.59163328600787,29.629161292245566,0.0,False,False,False,nan,nan,nan,nan,nan,nan,nan,nan,nan,0,0.0,False,0,3.12.3,2.5.2,2.13.0,2.9.0,1.3.0,3.2.7,e9fa15cc35312a5c1ecf0c42668a690b5061c090,7ebad1ecabd28a7000add2d05f888aa2e837c2cc,cf2x,240,30,12.0,0.5,1,36,DATTA-BASAK,2026-09-22T14:45:40+00:00
random,SS5,frigate,45.0,0.0,29,aft,58,2086556467,18.019758512145227,-0.05041276135870881,0.15281311810089404,1.655851268220622,crash,tilt_gt_crash,12,-26.018602696788243,11.162626596550162,17.172114063255115,0.0,False,False,False,nan,nan,nan,nan,nan,nan,nan,nan,nan,0,0.0,False,0,3.12.3,2.5.2,2.13.0,2.9.0,1.3.0,3.2.7,e9fa15cc35312a5c1ecf0c42668a690b5061c090,7ebad1ecabd28a7000add2d05f888aa2e837c2cc,cf2x,240,30,12.0,0.5,1,36,DATTA-BASAK,2026-09-22T14:45:40+00:00
random,SS5,frigate,45.0,6.0,31,aft,59,1882804042,82.88016823744172,0.24225790115569085,-0.061486736997223845,1.9771156816379407,crash,tilt_gt_crash,38,-31.747156387594764,35.27399275648104,48.64569775356757,0.0,False,False,False,nan,nan,nan,nan,nan,nan,nan,nan,nan,0,0.0,False,0,3.12.3,2.5.2,2.13.0,2.9.0,1.3.0,3.2.7,e9fa15cc35312a5c1ecf0c42668a690b5061c090,7ebad1ecabd28a7000add2d05f888aa2e837c2cc,cf2x,240,30,12.0,0.5,1,36,DATTA-BASAK,2026-09-22T14:45:40+00:00
random,SS5,frigate,135.0,0.0,27,aft,60,1428952224,40.070998397683375,-0.12051394101407706,0.14096156608128485,1.8282309823397356,crash,tilt_gt_crash,26,-29.59724446088827,26.706991837270568,35.055362056996756,0.0,False,False,False,nan,nan,nan,nan,nan,nan,nan,nan,nan,0,0.0,False,0,3.12.3,2.5.2,2.13.0,2.9.0,1.3.0,3.2.7,e9fa15cc35312a5c1ecf0c42668a690b5061c090,7ebad1ecabd28a7000add2d05f888aa2e837c2cc,cf2x,240,30,12.0,0.5,1,36,DATTA-BASAK,2026-09-22T14:45:40+00:00
random,SS5,frigate,90.0,0.0,29,aft,61,2055580566,11.208152269768142,-0.08861116685850279,-0.15564468501836662,1.8364110161783005,crash,tilt_gt_crash,26,-34.19144753225217,24.323354261308204,33.43440156235747,0.0,False,False,False,nan,nan,nan,nan,nan,nan,nan,nan,nan,0,0.0,False,0,3.12.3,2.5.2,2.13.0,2.9.0,1.3.0,3.2.7,e9fa15cc35312a5c1ecf0c42668a690b5061c090,7ebad1ecabd28a7000add2d05f888aa2e837c2cc,cf2x,240,30,12.0,0.5,1,36,DATTA-BASAK,2026-09-22T14:45:40+00:00
random,SS5,frigate,135.0,12.0,30,aft,62,1151556527,47.16064033289806,0.1222532669258381,0.20431785517964324,1.6874956308929057,crash,tilt_gt_crash,75,-38.24935215353112,67.42341452833881,91.7212935559923,0.0,False,False,False,nan,nan,nan,nan,nan,nan,nan,nan,nan,0,0.0,False,0,3.12.3,2.5.2,2.13.0,2.9.0,1.3.0,3.2.7,e9fa15cc35312a5c1ecf0c42668a690b5061c090,7ebad1ecabd28a7000add2d05f888aa2e837c2cc,cf2x,240,30,12.0,0.5,1,36,DATTA-BASAK,2026-09-22T14:45:40+00:00
random,SS5,frigate,135.0,6.0,29,aft,63,726783660,31.527535194014007,0.10192380636432458,0.09311135679018845,1.9377163693328656,crash,tilt_gt_crash,64,-66.95907603167481,57.87295452184066,75.80487719790821,0.0,False,False,False,nan,nan,nan,nan,nan,nan,nan,nan,nan,0,0.0,False,0,3.12.3,2.5.2,2.13.0,2.9.0,1.3.0,3.2.7,e9fa15cc35312a5c1ecf0c42668a690b5061c090,7ebad1ecabd28a7000add2d05f888aa2e837c2cc,cf2x,240,30,12.0,0.5,1,36,DATTA-BASAK,2026-09-22T14:45:40+00:00
random,SS5,frigate,180.0,6.0,28,aft,64,160878240,102.68233426701231,0.29523586759242687,0.2377805756720927,1.8576807077354904,crash,tilt_gt_crash,37,-38.32660004333899,33.36244999093456,48.78974308907797,0.0,False,False,False,nan,nan,nan,nan,nan,nan,nan,nan,nan,0,0.0,False,0,3.12.3,2.5.2,2.13.0,2.9.0,1.3.0,3.2.7,e9fa15cc35312a5c1ecf0c42668a690b5061c090,7ebad1ecabd28a7000add2d05f888aa2e837c2cc,cf2x,240,30,12.0,0.5,1,36,DATTA-BASAK,2026-09-22T14:45:40+00:00
random,SS5,frigate,45.0,6.0,28,aft,65,1084161878,35.68036668500474,-0.03743531011132245,0.17593030811434762,1.6442020323650042,crash,tilt_gt_crash,33,-31.51278375019387,32.79633133128909,45.04600127005591,0.0,False,False,False,nan,nan,nan,nan,nan,nan,nan,nan,nan,0,0.0,False,0,3.12.3,2.5.2,2.13.0,2.9.0,1.3.0,3.2.7,e9fa15cc35312a5c1ecf0c42668a690b5061c090,7ebad1ecabd28a7000add2d05f888aa2e837c2cc,cf2x,240,30,12.0,0.5,1,36,DATTA-BASAK,2026-09-22T14:45:40+00:00
random,SS5,frigate,90.0,0.0,28,aft,66,989231904,96.90896501949351,0.23788905052771286,0.028552261022858128,1.7199328292241116,crash,tilt_gt_crash,94,-59.90979869213298,89.21896463523507,127.59066171844607,0.0,False,False,False,nan,nan,nan,nan,nan,nan,nan,nan,nan,0,0.0,False,0,3.12.3,2.5.2,2.13.0,2.9.0,1.3.0,3.2.7,e9fa15cc35312a5c1ecf0c42668a690b5061c090,7ebad1ecabd28a7000add2d05f888aa2e837c2cc,cf2x,240,30,12.0,0.5,1,36,DATTA-BASAK,2026-09-22T14:45:40+00:00
random,SS5,frigate,180.0,12.0,29,aft,67,2090764682,30.593948157104055,-0.05188692824272953,0.03632991083653864,1.8334479485169504,crash,tilt_gt_crash,41,-31.999634039385892,40.57564198404841,54.88889272805937,0.0,False,False,False,nan,nan,nan,nan,nan,nan,nan,nan,nan,0,0.0,False,0,3.12.3,2.5.2,2.13.0,2.9.0,1.3.0,3.2.7,e9fa15cc35312a5c1ecf0c42668a690b5061c090,7ebad1ecabd28a7000add2d05f888aa2e837c2cc,cf2x,240,30,12.0,0.5,1,36,DATTA-BASAK,2026-09-22T14:45:40+00:00
random,SS5,frigate,90.0,0.0,31,aft,68,1392348553,54.8276784017558,0.21082657103895747,-0.032133672232327215,1.6130565441267715,crash,tilt_gt_crash,20,-28.884569670075606,18.6253481940799,23.908476308266742,0.0,False,False,False,nan,nan,nan,nan,nan,nan,nan,nan,nan,0,0.0,False,0,3.12.3,2.5.2,2.13.0,2.9.0,1.3.0,3.2.7,e9fa15cc35312a5c1ecf0c42668a690b5061c090,7ebad1ecabd28a7000add2d05f888aa2e837c2cc,cf2x,240,30,12.0,0.5,1,36,DATTA-BASAK,2026-09-22T14:45:40+00:00
random,SS5,frigate,135.0,6.0,27,aft,69,642446148,81.7134146680848,-0.24044369678640953,-0.2741393812339918,1.915233934062916,crash,tilt_gt_crash,77,-44.41553309304359,74.41771415387986,107.16664707435474,0.0,False,False,False,nan,nan,nan,nan,nan,nan,nan,nan,nan,0,0.0,False,0,3.12.3,2.5.2,2.13.0,2.9.0,1.3.0,3.2.7,e9fa15cc35312a5c1ecf0c42668a690b5061c090,7ebad1ecabd28a7000add2d05f888aa2e837c2cc,cf2x,240,30,12.0,0.5,1,36,DATTA-BASAK,2026-09-22T14:45:40+00:00
random,SS5,frigate,135.0,6.0,29,aft,70,1032154018,59.236350800732424,0.1161682798082676,0.035691581204472134,1.9085164591981965,crash,tilt_gt_crash,87,-44.58400878450837,79.46344422320124,103.93795489195399,0.0,False,False,False,nan,nan,nan,nan,nan,nan,nan,nan,nan,0,0.0,False,0,3.12.3,2.5.2,2.13.0,2.9.0,1.3.0,3.2.7,e9fa15cc35312a5c1ecf0c42668a690b5061c090,7ebad1ecabd28a7000add2d05f888aa2e837c2cc,cf2x,240,30,12.0,0.5,1,36,DATTA-BASAK,2026-09-22T14:45:40+00:00
random,SS5,frigate,45.0,0.0,31,aft,71,279734953,49.97983736958483,-0.2992467838603678,0.26423861200030413,1.7087309163611222,crash,below_deck,35,-72.17549484970996,34.65152067074182,43.49094118481482,0.0,False,False,False,nan,nan,nan,nan,nan,nan,nan,nan,nan,0,0.0,False,0,3.12.3,2.5.2,2.13.0,2.9.0,1.3.0,3.2.7,e9fa15cc35312a5c1ecf0c42668a690b5061c090,7ebad1ecabd28a7000add2d05f888aa2e837c2cc,cf2x,240,30,12.0,0.5,1,36,DATTA-BASAK,2026-09-22T14:45:40+00:00
random,SS5,frigate,180.0,6.0,31,aft,72,811627585,104.98853352900805,0.13189195308543777,-0.05085532121815903,1.6643702682280854,crash,tilt_gt_crash,88,-47.05946296803851,86.2134734380179,119.1401049021044,0.0,False,False,False,nan,nan,nan,nan,nan,nan,nan,nan,nan,0,0.0,False,0,3.12.3,2.5.2,2.13.0,2.9.0,1.3.0,3.2.7,e9fa15cc35312a5c1ecf0c42668a690b5061c090,7ebad1ecabd28a7000add2d05f888aa2e837c2cc,cf2x,240,30,12.0,0.5,1,36,DATTA-BASAK,2026-09-22T14:45:40+00:00
random,SS5,frigate,135.0,6.0,27,aft,73,474734206,86.11136655835163,-0.11051544360573393,-0.09387386003262718,1.8237133411391246,crash,tilt_gt_crash,49,-48.866155385318486,49.778957493508024,63.70545646594821,0.0,False,False,False,nan,nan,nan,nan,nan,nan,nan,nan,nan,0,0.0,False,0,3.12.3,2.5.2,2.13.0,2.9.0,1.3.0,3.2.7,e9fa15cc35312a5c1ecf0c42668a690b5061c090,7ebad1ecabd28a7000add2d05f888aa2e837c2cc,cf2x,240,30,12.0,0.5,1,36,DATTA-BASAK,2026-09-22T14:45:40+00:00
random,SS5,frigate,180.0,6.0,31,aft,74,2130730736,34.10084010229831,-0.11774241038971697,-0.04860355171722486,1.9204986919988345,crash,tilt_gt_crash,24,-30.067238193359678,26.246158512460156,36.85668004811913,0.0,False,False,False,nan,nan,nan,nan,nan,nan,nan,nan,nan,0,0.0,False,0,3.12.3,2.5.2,2.13.0,2.9.0,1.3.0,3.2.7,e9fa15cc35312a5c1ecf0c42668a690b5061c090,7ebad1ecabd28a7000add2d05f888aa2e837c2cc,cf2x,240,30,12.0,0.5,1,36,DATTA-BASAK,2026-09-22T14:45:40+00:00
random,SS5,frigate,180.0,6.0,27,aft,75,494569696,75.23723912533518,0.01859251467114026,0.19007632656405193,1.6033121353240953,crash,tilt_gt_crash,70,-67.49104378422176,67.68309457443881,96.82806742128213,0.0,False,False,False,nan,nan,nan,nan,nan,nan,nan,nan,nan,0,0.0,False,0,3.12.3,2.5.2,2.13.0,2.9.0,1.3.0,3.2.7,e9fa15cc35312a5c1ecf0c42668a690b5061c090,7ebad1ecabd28a7000add2d05f888aa2e837c2cc,cf2x,240,30,12.0,0.5,1,36,DATTA-BASAK,2026-09-22T14:45:40+00:00
random,SS5,frigate,45.0,12.0,27,aft,76,567820924,22.274452564781726,-0.1196261253723177,-0.2829851142468187,1.6338603483497776,crash,tilt_gt_crash,53,-34.81195328728547,50.66837127784643,69.30690846952427,0.0,False,False,False,nan,nan,nan,nan,nan,nan,nan,nan,nan,0,0.0,False,0,3.12.3,2.5.2,2.13.0,2.9.0,1.3.0,3.2.7,e9fa15cc35312a5c1ecf0c42668a690b5061c090,7ebad1ecabd28a7000add2d05f888aa2e837c2cc,cf2x,240,30,12.0,0.5,1,36,DATTA-BASAK,2026-09-22T14:45:40+00:00
random,SS5,frigate,180.0,0.0,28,aft,77,686624909,38.178453456443535,-0.12058391241876867,-0.13175717540038287,1.8727755957269767,crash,tilt_gt_crash,19,-28.619745855040946,16.381287097698742,23.25311037824718,0.0,False,False,False,nan,nan,nan,nan,nan,nan,nan,nan,nan,0,0.0,False,0,3.12.3,2.5.2,2.13.0,2.9.0,1.3.0,3.2.7,e9fa15cc35312a5c1ecf0c42668a690b5061c090,7ebad1ecabd28a7000add2d05f888aa2e837c2cc,cf2x,240,30,12.0,0.5,1,36,DATTA-BASAK,2026-09-22T14:45:40+00:00
random,SS5,frigate,45.0,0.0,31,aft,78,894028507,61.523331301465674,-0.25739178715967287,0.17265462637861095,1.7080510938403322,crash,tilt_gt_crash,45,-76.63947989521675,45.496085521259545,59.746786321894746,0.0,False,False,False,nan,nan,nan,nan,nan,nan,nan,nan,nan,0,0.0,False,0,3.12.3,2.5.2,2.13.0,2.9.0,1.3.0,3.2.7,e9fa15cc35312a5c1ecf0c42668a690b5061c090,7ebad1ecabd28a7000add2d05f888aa2e837c2cc,cf2x,240,30,12.0,0.5,1,36,DATTA-BASAK,2026-09-22T14:45:40+00:00
random,SS5,frigate,135.0,12.0,29,aft,79,931234652,103.80315021507138,0.15138635329183642,0.01965369496394298,1.6573794285296706,crash,tilt_gt_crash,54,-32.32237342703503,49.54023036449511,66.62366598857292,0.0,False,False,False,nan,nan,nan,nan,nan,nan,nan,nan,nan,0,0.0,False,0,3.12.3,2.5.2,2.13.0,2.9.0,1.3.0,3.2.7,e9fa15cc35312a5c1ecf0c42668a690b5061c090,7ebad1ecabd28a7000add2d05f888aa2e837c2cc,cf2x,240,30,12.0,0.5,1,36,DATTA-BASAK,2026-09-22T14:45:40+00:00
random,SS5,frigate,135.0,0.0,31,aft,80,1638694269,18.815652809789274,-0.019884486821835634,0.2704122362168592,1.8119749526775848,crash,tilt_gt_crash,83,-38.22291630940107,80.89505524830281,109.66351618839145,0.0,False,False,False,nan,nan,nan,nan,nan,nan,nan,nan,nan,0,0.0,False,0,3.12.3,2.5.2,2.13.0,2.9.0,1.3.0,3.2.7,e9fa15cc35312a5c1ecf0c42668a690b5061c090,7ebad1ecabd28a7000add2d05f888aa2e837c2cc,cf2x,240,30,12.0,0.5,1,36,DATTA-BASAK,2026-09-22T14:45:40+00:00
random,SS5,frigate,135.0,0.0,31,aft,81,2025707365,30.66224670219467,-0.23556070759548758,0.08780017496991366,1.8626700247220307,crash,tilt_gt_crash,36,-28.28034564053022,31.57610273649655,41.72768375358283,0.0,False,False,False,nan,nan,nan,nan,nan,nan,nan,nan,nan,0,0.0,False,0,3.12.3,2.5.2,2.13.0,2.9.0,1.3.0,3.2.7,e9fa15cc35312a5c1ecf0c42668a690b5061c090,7ebad1ecabd28a7000add2d05f888aa2e837c2cc,cf2x,240,30,12.0,0.5,1,36,DATTA-BASAK,2026-09-22T14:45:40+00:00
random,SS5,frigate,135.0,12.0,29,aft,82,778371713,34.83852356356458,0.2023716541326383,0.01697336713708536,1.8674150561907807,crash,tilt_gt_crash,75,-34.06857193093033,72.5901762590583,103.50420257816857,0.0,False,False,False,nan,nan,nan,nan,nan,nan,nan,nan,nan,0,0.0,False,0,3.12.3,2.5.2,2.13.0,2.9.0,1.3.0,3.2.7,e9fa15cc35312a5c1ecf0c42668a690b5061c090,7ebad1ecabd28a7000add2d05f888aa2e837c2cc,cf2x,240,30,12.0,0.5,1,36,DATTA-BASAK,2026-09-22T14:45:40+00:00
random,SS5,frigate,45.0,12.0,27,aft,83,860745989,9.315708288448302,-0.23021686861715868,-0.250490532082729,1.9389977526123405,crash,tilt_gt_crash,43,-29.782921363888377,39.11386955433705,56.30122205385302,0.0,False,False,False,nan,nan,nan,nan,nan,nan,nan,nan,nan,0,0.0,False,0,3.12.3,2.5.2,2.13.0,2.9.0,1.3.0,3.2.7,e9fa15cc35312a5c1ecf0c42668a690b5061c090,7ebad1ecabd28a7000add2d05f888aa2e837c2cc,cf2x,240,30,12.0,0.5,1,36,DATTA-BASAK,2026-09-22T14:45:40+00:00
random,SS5,frigate,45.0,12.0,31,aft,84,1067796441,10.090405002817185,-0.17253434927350805,0.15474037326468543,1.8332282166748437,crash,tilt_gt_crash,47,-36.2232014783562,46.95999414168499,63.48194700962022,0.0,False,False,False,nan,nan,nan,nan,nan,nan,nan,nan,nan,0,0.0,False,0,3.12.3,2.5.2,2.13.0,2.9.0,1.3.0,3.2.7,e9fa15cc35312a5c1ecf0c42668a690b5061c090,7ebad1ecabd28a7000add2d05f888aa2e837c2cc,cf2x,240,30,12.0,0.5,1,36,DATTA-BASAK,2026-09-22T14:45:40+00:00
random,SS5,frigate,90.0,6.0,28,aft,85,499107860,64.03725470639512,0.0951122263695226,0.20889484408043207,1.73947936767041,crash,tilt_gt_crash,37,-30.600439453822506,33.206971025244876,46.23659235881338,0.0,False,False,False,nan,nan,nan,nan,nan,nan,nan,nan,nan,0,0.0,False,0,3.12.3,2.5.2,2.13.0,2.9.0,1.3.0,3.2.7,e9fa15cc35312a5c1ecf0c42668a690b5061c090,7ebad1ecabd28a7000add2d05f888aa2e837c2cc,cf2x,240,30,12.0,0.5,1,36,DATTA-BASAK,2026-09-22T14:45:40+00:00
random,SS5,frigate,180.0,0.0,27,aft,86,1682881696,84.08078404636528,0.07824680101913362,-0.14524184978435514,1.7622327034606293,crash,tilt_gt_crash,34,-37.54504505211486,34.37635753084859,46.044416821226555,0.0,False,False,False,nan,nan,nan,nan,nan,nan,nan,nan,nan,0,0.0,False,0,3.12.3,2.5.2,2.13.0,2.9.0,1.3.0,3.2.7,e9fa15cc35312a5c1ecf0c42668a690b5061c090,7ebad1ecabd28a7000add2d05f888aa2e837c2cc,cf2x,240,30,12.0,0.5,1,36,DATTA-BASAK,2026-09-22T14:45:40+00:00
random,SS5,frigate,135.0,6.0,31,aft,87,1494596292,7.859792120540934,-0.17742941045800703,-0.10303123174559356,1.6185878270118574,crash,tilt_gt_crash,51,-38.506585313380484,49.731918449920094,65.18696811109639,0.0,False,False,False,nan,nan,nan,nan,nan,nan,nan,nan,nan,0,0.0,False,0,3.12.3,2.5.2,2.13.0,2.9.0,1.3.0,3.2.7,e9fa15cc35312a5c1ecf0c42668a690b5061c090,7ebad1ecabd28a7000add2d05f888aa2e837c2cc,cf2x,240,30,12.0,0.5,1,36,DATTA-BASAK,2026-09-22T14:45:40+00:00
random,SS5,frigate,135.0,6.0,29,aft,88,1029960580,26.780122618740098,0.12290521430507523,0.049334436853305574,1.7300075602875884,crash,tilt_gt_crash,33,-36.2870379862708,33.966354125332714,47.34727302849426,0.0,False,False,False,nan,nan,nan,nan,nan,nan,nan,nan,nan,0,0.0,False,0,3.12.3,2.5.2,2.13.0,2.9.0,1.3.0,3.2.7,e9fa15cc35312a5c1ecf0c42668a690b5061c090,7ebad1ecabd28a7000add2d05f888aa2e837c2cc,cf2x,240,30,12.0,0.5,1,36,DATTA-BASAK,2026-09-22T14:45:40+00:00
random,SS5,frigate,90.0,6.0,29,aft,89,592465384,82.76764730230107,-0.22287759277796787,-0.047972608178750265,1.948482952739941,crash,tilt_gt_crash,42,-30.647676518266767,40.76559811363115,56.1458491178161,0.0,False,False,False,nan,nan,nan,nan,nan,nan,nan,nan,nan,0,0.0,False,0,3.12.3,2.5.2,2.13.0,2.9.0,1.3.0,3.2.7,e9fa15cc35312a5c1ecf0c42668a690b5061c090,7ebad1ecabd28a7000add2d05f888aa2e837c2cc,cf2x,240,30,12.0,0.5,1,36,DATTA-BASAK,2026-09-22T14:45:40+00:00
random,SS5,frigate,90.0,0.0,29,aft,90,823938099,77.7739331546976,0.22976416880515999,-0.15355437466877084,1.8954500138947503,crash,tilt_gt_crash,31,-33.04366653869944,30.142963418006655,42.60729835342563,0.0,False,False,False,nan,nan,nan,nan,nan,nan,nan,nan,nan,0,0.0,False,0,3.12.3,2.5.2,2.13.0,2.9.0,1.3.0,3.2.7,e9fa15cc35312a5c1ecf0c42668a690b5061c090,7ebad1ecabd28a7000add2d05f888aa2e837c2cc,cf2x,240,30,12.0,0.5,1,36,DATTA-BASAK,2026-09-22T14:45:40+00:00
random,SS5,frigate,180.0,6.0,30,aft,91,815888103,7.027743327319303,-0.11397507333504278,0.2989306851744758,1.644026396359389,crash,tilt_gt_crash,47,-36.455281984802454,41.57296626911207,55.71940494190618,0.0,False,False,False,nan,nan,nan,nan,nan,nan,nan,nan,nan,0,0.0,False,0,3.12.3,2.5.2,2.13.0,2.9.0,1.3.0,3.2.7,e9fa15cc35312a5c1ecf0c42668a690b5061c090,7ebad1ecabd28a7000add2d05f888aa2e837c2cc,cf2x,240,30,12.0,0.5,1,36,DATTA-BASAK,2026-09-22T14:45:40+00:00
random,SS5,frigate,90.0,0.0,28,aft,92,835080352,40.9935762473277,0.012470646083632464,-0.0537633727049015,1.7677253203627994,crash,tilt_gt_crash,79,-78.10224597088231,73.0807169644314,95.99351926072457,0.0,False,False,False,nan,nan,nan,nan,nan,nan,nan,nan,nan,0,0.0,False,0,3.12.3,2.5.2,2.13.0,2.9.0,1.3.0,3.2.7,e9fa15cc35312a5c1ecf0c42668a690b5061c090,7ebad1ecabd28a7000add2d05f888aa2e837c2cc,cf2x,240,30,12.0,0.5,1,36,DATTA-BASAK,2026-09-22T14:45:40+00:00
random,SS5,frigate,45.0,6.0,27,aft,93,2083865114,52.20203895608252,-0.11050308693812327,-0.15487965972885712,1.9311326929978363,crash,tilt_gt_crash,43,-29.664454744661555,41.00124833066005,52.394480258218984,0.0,False,False,False,nan,nan,nan,nan,nan,nan,nan,nan,nan,0,0.0,False,0,3.12.3,2.5.2,2.13.0,2.9.0,1.3.0,3.2.7,e9fa15cc35312a5c1ecf0c42668a690b5061c090,7ebad1ecabd28a7000add2d05f888aa2e837c2cc,cf2x,240,30,12.0,0.5,1,36,DATTA-BASAK,2026-09-22T14:45:40+00:00
random,SS5,frigate,180.0,0.0,31,aft,94,915915278,100.30543872717419,0.2287657142197102,-0.21188934643266685,1.9836399440965775,crash,tilt_gt_crash,12,-27.227457237986112,11.308897904316835,11.324388847195838,0.0,False,False,False,nan,nan,nan,nan,nan,nan,nan,nan,nan,0,0.0,False,0,3.12.3,2.5.2,2.13.0,2.9.0,1.3.0,3.2.7,e9fa15cc35312a5c1ecf0c42668a690b5061c090,7ebad1ecabd28a7000add2d05f888aa2e837c2cc,cf2x,240,30,12.0,0.5,1,36,DATTA-BASAK,2026-09-22T14:45:40+00:00
random,SS5,frigate,180.0,6.0,28,aft,95,1025081821,92.79651452034102,0.10599620472820237,0.030678968384675653,1.873395100282199,crash,tilt_gt_crash,32,-32.76063321829329,31.98063736384379,39.44528777889149,0.0,False,False,False,nan,nan,nan,nan,nan,nan,nan,nan,nan,0,0.0,False,0,3.12.3,2.5.2,2.13.0,2.9.0,1.3.0,3.2.7,e9fa15cc35312a5c1ecf0c42668a690b5061c090,7ebad1ecabd28a7000add2d05f888aa2e837c2cc,cf2x,240,30,12.0,0.5,1,36,DATTA-BASAK,2026-09-22T14:45:40+00:00
random,SS5,frigate,45.0,12.0,30,aft,96,2133148202,107.34946080916316,-0.1626151215665496,-0.2511638234974913,1.7238752959261525,crash,tilt_gt_crash,35,-34.84456716658222,35.66583254367656,49.38686691774645,0.0,False,False,False,nan,nan,nan,nan,nan,nan,nan,nan,nan,0,0.0,False,0,3.12.3,2.5.2,2.13.0,2.9.0,1.3.0,3.2.7,e9fa15cc35312a5c1ecf0c42668a690b5061c090,7ebad1ecabd28a7000add2d05f888aa2e837c2cc,cf2x,240,30,12.0,0.5,1,36,DATTA-BASAK,2026-09-22T14:45:40+00:00
random,SS5,frigate,135.0,12.0,31,aft,97,665757222,50.01924047239597,0.2257137246044882,0.1836482807642813,1.808618173227793,crash,tilt_gt_crash,40,-35.2179409702694,36.41147194405745,50.37057462738494,0.0,False,False,False,nan,nan,nan,nan,nan,nan,nan,nan,nan,0,0.0,False,0,3.12.3,2.5.2,2.13.0,2.9.0,1.3.0,3.2.7,e9fa15cc35312a5c1ecf0c42668a690b5061c090,7ebad1ecabd28a7000add2d05f888aa2e837c2cc,cf2x,240,30,12.0,0.5,1,36,DATTA-BASAK,2026-09-22T14:45:40+00:00
random,SS5,frigate,180.0,0.0,27,aft,98,1536581217,20.54019037257015,0.023432860068091754,-0.2905464723146273,1.62249172390995,crash,tilt_gt_crash,40,-44.14547336581825,39.874941383513814,52.950428837015956,0.0,False,False,False,nan,nan,nan,nan,nan,nan,nan,nan,nan,0,0.0,False,0,3.12.3,2.5.2,2.13.0,2.9.0,1.3.0,3.2.7,e9fa15cc35312a5c1ecf0c42668a690b5061c090,7ebad1ecabd28a7000add2d05f888aa2e837c2cc,cf2x,240,30,12.0,0.5,1,36,DATTA-BASAK,2026-09-22T14:45:40+00:00
random,SS5,frigate,45.0,6.0,31,aft,99,217543124,50.28520356688154,-0.2565258600219777,0.08948606353613098,1.9450116118060383,crash,tilt_gt_crash,31,-38.56802112725555,31.46226484467933,44.04404446383935,0.0,False,False,False,nan,nan,nan,nan,nan,nan,nan,nan,nan,0,0.0,False,0,3.12.3,2.5.2,2.13.0,2.9.0,1.3.0,3.2.7,e9fa15cc35312a5c1ecf0c42668a690b5061c090,7ebad1ecabd28a7000add2d05f888aa2e837c2cc,cf2x,240,30,12.0,0.5,1,36,DATTA-BASAK,2026-09-22T14:45:40+00:00
random,SS5,frigate,180.0,12.0,27,aft,100,491234026,103.47522703420312,0.22827423111978468,0.03725824008482603,1.8225677528463402,crash,out_of_bounds,41,-62.000051717291825,39.739257860144775,59.44747367840262,0.0,False,False,False,nan,nan,nan,nan,nan,nan,nan,nan,nan,0,0.0,False,0,3.12.3,2.5.2,2.13.0,2.9.0,1.3.0,3.2.7,e9fa15cc35312a5c1ecf0c42668a690b5061c090,7ebad1ecabd28a7000add2d05f888aa2e837c2cc,cf2x,240,30,12.0,0.5,1,36,DATTA-BASAK,2026-09-22T14:45:40+00:00
random,SS5,frigate,90.0,0.0,27,aft,101,2060666370,38.00477208207259,-0.2055943434913324,-0.1509498652810449,1.7436072798508189,crash,tilt_gt_crash,48,-31.93075622798949,44.01873203512161,59.464542823202905,0.0,False,False,False,nan,nan,nan,nan,nan,nan,nan,nan,nan,0,0.0,False,0,3.12.3,2.5.2,2.13.0,2.9.0,1.3.0,3.2.7,e9fa15cc35312a5c1ecf0c42668a690b5061c090,7ebad1ecabd28a7000add2d05f888aa2e837c2cc,cf2x,240,30,12.0,0.5,1,36,DATTA-BASAK,2026-09-22T14:45:40+00:00
random,SS5,frigate,135.0,12.0,29,aft,102,634908189,53.187578203164534,-0.2419570091641664,0.23511688568383776,1.8963283276926908,crash,tilt_gt_crash,24,-24.74645571482937,21.588782833236213,31.800350756584116,0.0,False,False,False,nan,nan,nan,nan,nan,nan,nan,nan,nan,0,0.0,False,0,3.12.3,2.5.2,2.13.0,2.9.0,1.3.0,3.2.7,e9fa15cc35312a5c1ecf0c42668a690b5061c090,7ebad1ecabd28a7000add2d05f888aa2e837c2cc,cf2x,240,30,12.0,0.5,1,36,DATTA-BASAK,2026-09-22T14:45:40+00:00
random,SS5,frigate,180.0,0.0,27,aft,103,895776381,71.20829174989638,0.06943822084493295,0.04549557194025572,1.9298937056794365,crash,tilt_gt_crash,38,-36.252795836800374,38.5545498102655,50.38623069963238,0.0,False,False,False,nan,nan,nan,nan,nan,nan,nan,nan,nan,0,0.0,False,0,3.12.3,2.5.2,2.13.0,2.9.0,1.3.0,3.2.7,e9fa15cc35312a5c1ecf0c42668a690b5061c090,7ebad1ecabd28a7000add2d05f888aa2e837c2cc,cf2x,240,30,12.0,0.5,1,36,DATTA-BASAK,2026-09-22T14:45:40+00:00
random,SS5,frigate,45.0,12.0,29,aft,104,1868492902,79.3223302426075,0.25407248411929434,0.02204585703673706,1.9324761433611324,crash,tilt_gt_crash,23,-27.509330711016055,17.939731627636945,25.406133280801598,0.0,False,False,False,nan,nan,nan,nan,nan,nan,nan,nan,nan,0,0.0,False,0,3.12.3,2.5.2,2.13.0,2.9.0,1.3.0,3.2.7,e9fa15cc35312a5c1ecf0c42668a690b5061c090,7ebad1ecabd28a7000add2d05f888aa2e837c2cc,cf2x,240,30,12.0,0.5,1,36,DATTA-BASAK,2026-09-22T14:45:40+00:00
random,SS5,frigate,180.0,6.0,31,aft,105,344565113,94.56152924733074,-0.14488109219281967,-0.008650118942548912,1.835342576361087,crash,tilt_gt_crash,58,-32.21175810636634,56.4393291515663,78.41361530570121,0.0,False,False,False,nan,nan,nan,nan,nan,nan,nan,nan,nan,0,0.0,False,0,3.12.3,2.5.2,2.13.0,2.9.0,1.3.0,3.2.7,e9fa15cc35312a5c1ecf0c42668a690b5061c090,7ebad1ecabd28a7000add2d05f888aa2e837c2cc,cf2x,240,30,12.0,0.5,1,36,DATTA-BASAK,2026-09-22T14:45:40+00:00
random,SS5,frigate,90.0,6.0,27,aft,106,1256883453,43.91481230134756,0.019894748425739794,0.142388880218504,1.9002939386627533,crash,tilt_gt_crash,31,-32.93856729847831,29.39037730893254,43.4437881403213,0.0,False,False,False,nan,nan,nan,nan,nan,nan,nan,nan,nan,0,0.0,False,0,3.12.3,2.5.2,2.13.0,2.9.0,1.3.0,3.2.7,e9fa15cc35312a5c1ecf0c42668a690b5061c090,7ebad1ecabd28a7000add2d05f888aa2e837c2cc,cf2x,240,30,12.0,0.5,1,36,DATTA-BASAK,2026-09-22T14:45:40+00:00
random,SS5,frigate,45.0,0.0,28,aft,107,682405208,101.29546126748124,-0.07276727985675807,0.2997935358782749,1.8185809450727182,crash,tilt_gt_crash,27,-34.119981531378635,27.572871919082086,35.50825449500602,0.0,False,False,False,nan,nan,nan,nan,nan,nan,nan,nan,nan,0,0.0,False,0,3.12.3,2.5.2,2.13.0,2.9.0,1.3.0,3.2.7,e9fa15cc35312a5c1ecf0c42668a690b5061c090,7ebad1ecabd28a7000add2d05f888aa2e837c2cc,cf2x,240,30,12.0,0.5,1,36,DATTA-BASAK,2026-09-22T14:45:40+00:00
random,SS5,frigate,90.0,6.0,29,aft,108,987834555,101.39333880976736,-0.27109245106872665,-0.23875331727588026,1.9642828856390644,crash,tilt_gt_crash,47,-32.9428661828071,45.922883667629314,69.10006599492166,0.0,False,False,False,nan,nan,nan,nan,nan,nan,nan,nan,nan,0,0.0,False,0,3.12.3,2.5.2,2.13.0,2.9.0,1.3.0,3.2.7,e9fa15cc35312a5c1ecf0c42668a690b5061c090,7ebad1ecabd28a7000add2d05f888aa2e837c2cc,cf2x,240,30,12.0,0.5,1,36,DATTA-BASAK,2026-09-22T14:45:40+00:00
random,SS5,frigate,90.0,0.0,30,aft,109,745312982,5.395230876316879,-0.23601966993143259,0.23525036770782276,1.7881460366852038,crash,tilt_gt_crash,49,-40.53915896916376,48.466633961160454,67.46671610674974,0.0,False,False,False,nan,nan,nan,nan,nan,nan,nan,nan,nan,0,0.0,False,0,3.12.3,2.5.2,2.13.0,2.9.0,1.3.0,3.2.7,e9fa15cc35312a5c1ecf0c42668a690b5061c090,7ebad1ecabd28a7000add2d05f888aa2e837c2cc,cf2x,240,30,12.0,0.5,1,36,DATTA-BASAK,2026-09-22T14:45:40+00:00
random,SS5,frigate,45.0,12.0,29,aft,110,92492738,64.36424136373897,-0.2386301752727742,0.28541220915909377,1.9355850697254207,crash,tilt_gt_crash,49,-35.966368889583514,46.852060305129434,64.60818566353707,0.0,False,False,False,nan,nan,nan,nan,nan,nan,nan,nan,nan,0,0.0,False,0,3.12.3,2.5.2,2.13.0,2.9.0,1.3.0,3.2.7,e9fa15cc35312a5c1ecf0c42668a690b5061c090,7ebad1ecabd28a7000add2d05f888aa2e837c2cc,cf2x,240,30,12.0,0.5,1,36,DATTA-BASAK,2026-09-22T14:45:40+00:00
random,SS5,frigate,90.0,6.0,31,aft,111,1489362672,67.71257699261383,0.10698532320328596,-0.10992490369226326,1.6163722697456697,crash,tilt_gt_crash,47,-37.90800377919167,47.61008106906633,71.96001346497346,0.0,False,False,False,nan,nan,nan,nan,nan,nan,nan,nan,nan,0,0.0,False,0,3.12.3,2.5.2,2.13.0,2.9.0,1.3.0,3.2.7,e9fa15cc35312a5c1ecf0c42668a690b5061c090,7ebad1ecabd28a7000add2d05f888aa2e837c2cc,cf2x,240,30,12.0,0.5,1,36,DATTA-BASAK,2026-09-22T14:45:40+00:00
random,SS5,frigate,90.0,12.0,28,aft,112,1347522779,14.459376480233225,-0.2591418527726835,0.003183631700905798,1.9564012142633533,crash,tilt_gt_crash,62,-39.4779777082,61.00733755835675,79.34153622526871,0.0,False,False,False,nan,nan,nan,nan,nan,nan,nan,nan,nan,0,0.0,False,0,3.12.3,2.5.2,2.13.0,2.9.0,1.3.0,3.2.7,e9fa15cc35312a5c1ecf0c42668a690b5061c090,7ebad1ecabd28a7000add2d05f888aa2e837c2cc,cf2x,240,30,12.0,0.5,1,36,DATTA-BASAK,2026-09-22T14:45:40+00:00
random,SS5,frigate,45.0,12.0,31,aft,113,1540532480,93.79781931707873,-0.1875757100063789,0.18531489014907765,1.6436523365463964,crash,tilt_gt_crash,45,-31.86768692514555,40.4475596675992,55.24474980728044,0.0,False,False,False,nan,nan,nan,nan,nan,nan,nan,nan,nan,0,0.0,False,0,3.12.3,2.5.2,2.13.0,2.9.0,1.3.0,3.2.7,e9fa15cc35312a5c1ecf0c42668a690b5061c090,7ebad1ecabd28a7000add2d05f888aa2e837c2cc,cf2x,240,30,12.0,0.5,1,36,DATTA-BASAK,2026-09-22T14:45:40+00:00
random,SS5,frigate,180.0,6.0,28,aft,114,1767664997,34.96820201347424,-0.10151866679421476,-0.11428361631896722,1.7023802123108163,crash,tilt_gt_crash,43,-68.15952871419603,42.69880141442305,63.40624437732808,0.0,False,False,False,nan,nan,nan,nan,nan,nan,nan,nan,nan,0,0.0,False,0,3.12.3,2.5.2,2.13.0,2.9.0,1.3.0,3.2.7,e9fa15cc35312a5c1ecf0c42668a690b5061c090,7ebad1ecabd28a7000add2d05f888aa2e837c2cc,cf2x,240,30,12.0,0.5,1,36,DATTA-BASAK,2026-09-22T14:45:40+00:00
random,SS5,frigate,180.0,12.0,28,aft,115,1467985966,92.59921001243697,0.240249241576104,-0.1325338057971857,1.902628530075084,crash,tilt_gt_crash,54,-28.499579869381723,51.76886937020345,71.4906262902207,0.0,False,False,False,nan,nan,nan,nan,nan,nan,nan,nan,nan,0,0.0,False,0,3.12.3,2.5.2,2.13.0,2.9.0,1.3.0,3.2.7,e9fa15cc35312a5c1ecf0c42668a690b5061c090,7ebad1ecabd28a7000add2d05f888aa2e837c2cc,cf2x,240,30,12.0,0.5,1,36,DATTA-BASAK,2026-09-22T14:45:40+00:00
random,SS5,frigate,90.0,6.0,28,aft,116,1956682547,30.723195758498417,0.2323124217143186,0.2921934427513883,1.7072459947187628,crash,tilt_gt_crash,35,-30.82815526633909,33.6349366640355,42.59379168978986,0.0,False,False,False,nan,nan,nan,nan,nan,nan,nan,nan,nan,0,0.0,False,0,3.12.3,2.5.2,2.13.0,2.9.0,1.3.0,3.2.7,e9fa15cc35312a5c1ecf0c42668a690b5061c090,7ebad1ecabd28a7000add2d05f888aa2e837c2cc,cf2x,240,30,12.0,0.5,1,36,DATTA-BASAK,2026-09-22T14:45:40+00:00
random,SS5,frigate,45.0,6.0,31,aft,117,1863286996,36.58449856379388,-0.17354914888962336,-0.12015154884779625,1.809625508702647,crash,tilt_gt_crash,38,-36.74534975252203,36.15229526515948,47.93234985574348,0.0,False,False,False,nan,nan,nan,nan,nan,nan,nan,nan,nan,0,0.0,False,0,3.12.3,2.5.2,2.13.0,2.9.0,1.3.0,3.2.7,e9fa15cc35312a5c1ecf0c42668a690b5061c090,7ebad1ecabd28a7000add2d05f888aa2e837c2cc,cf2x,240,30,12.0,0.5,1,36,DATTA-BASAK,2026-09-22T14:45:40+00:00
random,SS5,frigate,135.0,0.0,30,aft,118,742323932,31.358141172597378,0.16138915734705972,0.28254614270820283,1.6070780573137466,crash,tilt_gt_crash,49,-37.45034332160174,50.88406655049192,67.98747630017998,0.0,False,False,False,nan,nan,nan,nan,nan,nan,nan,nan,nan,0,0.0,False,0,3.12.3,2.5.2,2.13.0,2.9.0,1.3.0,3.2.7,e9fa15cc35312a5c1ecf0c42668a690b5061c090,7ebad1ecabd28a7000add2d05f888aa2e837c2cc,cf2x,240,30,12.0,0.5,1,36,DATTA-BASAK,2026-09-22T14:45:40+00:00
random,SS5,frigate,180.0,0.0,30,aft,119,487268450,96.50212941223151,-0.042765213684720194,0.10092908383979637,1.9588753861620873,crash,tilt_gt_crash,52,-37.63803516327434,46.621849499058165,64.6682389929825,0.0,False,False,False,nan,nan,nan,nan,nan,nan,nan,nan,nan,0,0.0,False,0,3.12.3,2.5.2,2.13.0,2.9.0,1.3.0,3.2.7,e9fa15cc35312a5c1ecf0c42668a690b5061c090,7ebad1ecabd28a7000add2d05f888aa2e837c2cc,cf2x,240,30,12.0,0.5,1,36,DATTA-BASAK,2026-09-22T14:45:40+00:00
random,SS5,frigate,180.0,0.0,31,aft,120,512644905,40.741236243554155,-0.14674831984367667,0.2598568491335949,1.803914404578166,crash,tilt_gt_crash,38,-33.00096552329638,36.353312500355074,52.50733259596153,0.0,False,False,False,nan,nan,nan,nan,nan,nan,nan,nan,nan,0,0.0,False,0,3.12.3,2.5.2,2.13.0,2.9.0,1.3.0,3.2.7,e9fa15cc35312a5c1ecf0c42668a690b5061c090,7ebad1ecabd28a7000add2d05f888aa2e837c2cc,cf2x,240,30,12.0,0.5,1,36,DATTA-BASAK,2026-09-22T14:45:40+00:00
random,SS5,frigate,135.0,12.0,31,aft,121,947590769,22.780037079635516,-0.08542517327874602,-0.1778315609741829,1.7881962147644486,crash,tilt_gt_crash,29,-33.05193605240525,26.773647999002996,36.22112377287824,0.0,False,False,False,nan,nan,nan,nan,nan,nan,nan,nan,nan,0,0.0,False,0,3.12.3,2.5.2,2.13.0,2.9.0,1.3.0,3.2.7,e9fa15cc35312a5c1ecf0c42668a690b5061c090,7ebad1ecabd28a7000add2d05f888aa2e837c2cc,cf2x,240,30,12.0,0.5,1,36,DATTA-BASAK,2026-09-22T14:45:40+00:00
random,SS5,frigate,45.0,6.0,31,aft,122,1599915032,32.61887286062084,-0.14572515226045255,-0.07897430647364578,1.8208471031930484,crash,tilt_gt_crash,26,-33.8420086573021,27.78612807984911,37.66340544982571,0.0,False,False,False,nan,nan,nan,nan,nan,nan,nan,nan,nan,0,0.0,False,0,3.12.3,2.5.2,2.13.0,2.9.0,1.3.0,3.2.7,e9fa15cc35312a5c1ecf0c42668a690b5061c090,7ebad1ecabd28a7000add2d05f888aa2e837c2cc,cf2x,240,30,12.0,0.5,1,36,DATTA-BASAK,2026-09-22T14:45:40+00:00
random,SS5,frigate,45.0,0.0,27,aft,123,486758782,66.63415240428812,0.21518923090343972,0.29986042284025277,1.898183748066382,crash,tilt_gt_crash,58,-35.65715433310021,56.177144471128315,73.95475192219801,0.0,False,False,False,nan,nan,nan,nan,nan,nan,nan,nan,nan,0,0.0,False,0,3.12.3,2.5.2,2.13.0,2.9.0,1.3.0,3.2.7,e9fa15cc35312a5c1ecf0c42668a690b5061c090,7ebad1ecabd28a7000add2d05f888aa2e837c2cc,cf2x,240,30,12.0,0.5,1,36,DATTA-BASAK,2026-09-22T14:45:40+00:00
random,SS5,frigate,135.0,0.0,27,aft,124,653569198,82.71786422510206,0.22531831102804228,-0.16697163919536998,1.7681970002994394,crash,tilt_gt_crash,50,-40.51583075098405,48.086013351792744,66.95525975449841,0.0,False,False,False,nan,nan,nan,nan,nan,nan,nan,nan,nan,0,0.0,False,0,3.12.3,2.5.2,2.13.0,2.9.0,1.3.0,3.2.7,e9fa15cc35312a5c1ecf0c42668a690b5061c090,7ebad1ecabd28a7000add2d05f888aa2e837c2cc,cf2x,240,30,12.0,0.5,1,36,DATTA-BASAK,2026-09-22T14:45:40+00:00
random,SS5,frigate,90.0,12.0,28,aft,125,1305375765,81.14471129167553,-0.033345912851921455,0.1831374682897518,1.8532814039670988,crash,tilt_gt_crash,109,-54.77600936022347,104.3876662623867,152.16400079023245,0.0,False,False,False,nan,nan,nan,nan,nan,nan,nan,nan,nan,0,0.0,False,0,3.12.3,2.5.2,2.13.0,2.9.0,1.3.0,3.2.7,e9fa15cc35312a5c1ecf0c42668a690b5061c090,7ebad1ecabd28a7000add2d05f888aa2e837c2cc,cf2x,240,30,12.0,0.5,1,36,DATTA-BASAK,2026-09-22T14:45:40+00:00
random,SS5,frigate,90.0,6.0,29,aft,126,989609118,96.28420005068499,0.2483253389486894,-0.035206120339783153,1.671473476906498,crash,off_plate_strike,46,-44.707114453503564,44.71884057979511,65.25969220929603,0.0,True,True,False,1.5041666666666667,1.5,-0.8340397032348903,-0.8437847994724523,0.8340397032348903,0.45306033699671455,14.556932773494726,18.420884805889102,4.052433388905855,1,-0.007864283018473838,True,1,3.12.3,2.5.2,2.13.0,2.9.0,1.3.0,3.2.7,e9fa15cc35312a5c1ecf0c42668a690b5061c090,7ebad1ecabd28a7000add2d05f888aa2e837c2cc,cf2x,240,30,12.0,0.5,1,36,DATTA-BASAK,2026-09-22T14:45:40+00:00
random,SS5,frigate,180.0,0.0,30,aft,127,168358391,55.61173215336141,0.032958840163221204,-0.23749959619198524,1.7578741197087187,crash,tilt_gt_crash,42,-34.73041991699749,40.25696252994324,56.676549708345576,0.0,False,False,False,nan,nan,nan,nan,nan,nan,nan,nan,nan,0,0.0,False,0,3.12.3,2.5.2,2.13.0,2.9.0,1.3.0,3.2.7,e9fa15cc35312a5c1ecf0c42668a690b5061c090,7ebad1ecabd28a7000add2d05f888aa2e837c2cc,cf2x,240,30,12.0,0.5,1,36,DATTA-BASAK,2026-09-22T14:45:40+00:00
random,SS5,frigate,180.0,12.0,30,aft,128,282317180,104.65795057912361,-0.23817529977305268,-0.04025121634141243,1.6044332297742465,crash,tilt_gt_crash,44,-33.479968350189395,42.58188978417847,57.77788649368593,0.0,False,False,False,nan,nan,nan,nan,nan,nan,nan,nan,nan,0,0.0,False,0,3.12.3,2.5.2,2.13.0,2.9.0,1.3.0,3.2.7,e9fa15cc35312a5c1ecf0c42668a690b5061c090,7ebad1ecabd28a7000add2d05f888aa2e837c2cc,cf2x,240,30,12.0,0.5,1,36,DATTA-BASAK,2026-09-22T14:45:40+00:00
random,SS5,frigate,45.0,6.0,31,aft,129,1834815370,102.91675285259272,-0.21909379299965126,0.19454351577614154,1.7398532202665382,crash,tilt_gt_crash,27,-31.23435312068465,27.534961328273937,35.97599835403505,0.0,False,False,False,nan,nan,nan,nan,nan,nan,nan,nan,nan,0,0.0,False,0,3.12.3,2.5.2,2.13.0,2.9.0,1.3.0,3.2.7,e9fa15cc35312a5c1ecf0c42668a690b5061c090,7ebad1ecabd28a7000add2d05f888aa2e837c2cc,cf2x,240,30,12.0,0.5,1,36,DATTA-BASAK,2026-09-22T14:45:40+00:00
random,SS5,frigate,45.0,6.0,30,aft,130,1937868372,49.988144151865825,0.16295375809665485,0.2657050104226733,1.6911668359529908,crash,tilt_gt_crash,49,-43.09587553722224,47.224519470621686,63.05034291130468,0.0,False,False,False,nan,nan,nan,nan,nan,nan,nan,nan,nan,0,0.0,False,0,3.12.3,2.5.2,2.13.0,2.9.0,1.3.0,3.2.7,e9fa15cc35312a5c1ecf0c42668a690b5061c090,7ebad1ecabd28a7000add2d05f888aa2e837c2cc,cf2x,240,30,12.0,0.5,1,36,DATTA-BASAK,2026-09-22T14:45:40+00:00
random,SS5,frigate,45.0,0.0,31,aft,131,1521100021,79.78882756827512,-0.17780615700074798,-0.21831733465601316,1.9100004005539881,crash,tilt_gt_crash,51,-33.192994047443506,47.05590257133259,67.2825715980885,0.0,False,False,False,nan,nan,nan,nan,nan,nan,nan,nan,nan,0,0.0,False,0,3.12.3,2.5.2,2.13.0,2.9.0,1.3.0,3.2.7,e9fa15cc35312a5c1ecf0c42668a690b5061c090,7ebad1ecabd28a7000add2d05f888aa2e837c2cc,cf2x,240,30,12.0,0.5,1,36,DATTA-BASAK,2026-09-22T14:45:40+00:00
random,SS5,frigate,180.0,6.0,30,aft,132,1470304690,43.640948969701675,-0.04671644477530962,0.2498209984414304,1.8957882940408581,crash,tilt_gt_crash,30,-35.85311043969118,28.982258507774304,39.86107555159668,0.0,False,False,False,nan,nan,nan,nan,nan,nan,nan,nan,nan,0,0.0,False,0,3.12.3,2.5.2,2.13.0,2.9.0,1.3.0,3.2.7,e9fa15cc35312a5c1ecf0c42668a690b5061c090,7ebad1ecabd28a7000add2d05f888aa2e837c2cc,cf2x,240,30,12.0,0.5,1,36,DATTA-BASAK,2026-09-22T14:45:40+00:00
random,SS5,frigate,45.0,0.0,31,aft,133,1203339883,91.70456462761467,0.14619103079682294,-0.19413141689946395,1.9396501939173145,crash,tilt_gt_crash,50,-32.22395167903853,45.29594722122577,61.859391458155244,0.0,False,False,False,nan,nan,nan,nan,nan,nan,nan,nan,nan,0,0.0,False,0,3.12.3,2.5.2,2.13.0,2.9.0,1.3.0,3.2.7,e9fa15cc35312a5c1ecf0c42668a690b5061c090,7ebad1ecabd28a7000add2d05f888aa2e837c2cc,cf2x,240,30,12.0,0.5,1,36,DATTA-BASAK,2026-09-22T14:45:40+00:00
random,SS5,frigate,90.0,12.0,29,aft,134,1200072659,50.69311026347212,0.10853376796878361,0.15038437332873344,1.9306410388231168,crash,tilt_gt_crash,37,-28.338329098106254,38.82572539742439,52.091896769450834,0.0,False,False,False,nan,nan,nan,nan,nan,nan,nan,nan,nan,0,0.0,False,0,3.12.3,2.5.2,2.13.0,2.9.0,1.3.0,3.2.7,e9fa15cc35312a5c1ecf0c42668a690b5061c090,7ebad1ecabd28a7000add2d05f888aa2e837c2cc,cf2x,240,30,12.0,0.5,1,36,DATTA-BASAK,2026-09-22T14:45:40+00:00
random,SS5,frigate,180.0,6.0,29,aft,135,1231499785,28.58241752814897,0.07462523524493225,-0.09486791247001286,1.800205392354615,crash,tilt_gt_crash,28,-31.822218671143126,25.555470133210594,35.59407366118096,0.0,False,False,False,nan,nan,nan,nan,nan,nan,nan,nan,nan,0,0.0,False,0,3.12.3,2.5.2,2.13.0,2.9.0,1.3.0,3.2.7,e9fa15cc35312a5c1ecf0c42668a690b5061c090,7ebad1ecabd28a7000add2d05f888aa2e837c2cc,cf2x,240,30,12.0,0.5,1,36,DATTA-BASAK,2026-09-22T14:45:40+00:00
random,SS5,frigate,180.0,0.0,29,aft,136,865289234,44.50924640498937,0.06675978700756657,-0.1124182365108008,1.8998850266195575,crash,tilt_gt_crash,56,-46.18691116871352,55.01760228006665,70.72169901816025,0.0,False,False,False,nan,nan,nan,nan,nan,nan,nan,nan,nan,0,0.0,False,0,3.12.3,2.5.2,2.13.0,2.9.0,1.3.0,3.2.7,e9fa15cc35312a5c1ecf0c42668a690b5061c090,7ebad1ecabd28a7000add2d05f888aa2e837c2cc,cf2x,240,30,12.0,0.5,1,36,DATTA-BASAK,2026-09-22T14:45:40+00:00
random,SS5,frigate,45.0,6.0,29,aft,137,2003732843,44.21348496171804,0.01119529755842208,0.21478152609468232,1.997026989658784,crash,tilt_gt_crash,45,-32.83849961259386,40.746605205419975,58.04456553832111,0.0,False,False,False,nan,nan,nan,nan,nan,nan,nan,nan,nan,0,0.0,False,0,3.12.3,2.5.2,2.13.0,2.9.0,1.3.0,3.2.7,e9fa15cc35312a5c1ecf0c42668a690b5061c090,7ebad1ecabd28a7000add2d05f888aa2e837c2cc,cf2x,240,30,12.0,0.5,1,36,DATTA-BASAK,2026-09-22T14:45:40+00:00
random,SS5,frigate,180.0,6.0,30,aft,138,1241934183,15.342869232814737,0.01926012662268206,-0.22412333596434753,1.821722863778296,crash,tilt_gt_crash,30,-31.35410052042937,27.868102406103066,36.84416857517794,0.0,False,False,False,nan,nan,nan,nan,nan,nan,nan,nan,nan,0,0.0,False,0,3.12.3,2.5.2,2.13.0,2.9.0,1.3.0,3.2.7,e9fa15cc35312a5c1ecf0c42668a690b5061c090,7ebad1ecabd28a7000add2d05f888aa2e837c2cc,cf2x,240,30,12.0,0.5,1,36,DATTA-BASAK,2026-09-22T14:45:40+00:00
random,SS5,frigate,45.0,0.0,27,aft,139,233794206,33.46918234056327,-0.2529295478559603,0.002049188602464669,1.8773917221191503,crash,tilt_gt_crash,30,-33.445139886381384,28.541655769181713,38.872858404939045,0.0,False,False,False,nan,nan,nan,nan,nan,nan,nan,nan,nan,0,0.0,False,0,3.12.3,2.5.2,2.13.0,2.9.0,1.3.0,3.2.7,e9fa15cc35312a5c1ecf0c42668a690b5061c090,7ebad1ecabd28a7000add2d05f888aa2e837c2cc,cf2x,240,30,12.0,0.5,1,36,DATTA-BASAK,2026-09-22T14:45:40+00:00
random,SS5,frigate,180.0,12.0,27,aft,140,1017948226,106.482784485363,0.03105233383539624,0.047859066527101535,1.8885714499698594,crash,tilt_gt_crash,28,-31.215724362562355,24.84827822370881,35.97976899541773,0.0,False,False,False,nan,nan,nan,nan,nan,nan,nan,nan,nan,0,0.0,False,0,3.12.3,2.5.2,2.13.0,2.9.0,1.3.0,3.2.7,e9fa15cc35312a5c1ecf0c42668a690b5061c090,7ebad1ecabd28a7000add2d05f888aa2e837c2cc,cf2x,240,30,12.0,0.5,1,36,DATTA-BASAK,2026-09-22T14:45:40+00:00
random,SS5,frigate,45.0,6.0,28,aft,141,1152166329,47.98802575531092,0.20877635209905449,-0.0770764464918082,1.9799627474833994,crash,tilt_gt_crash,48,-30.885711504812946,45.13402592761678,54.382913446589086,0.0,False,False,False,nan,nan,nan,nan,nan,nan,nan,nan,nan,0,0.0,False,0,3.12.3,2.5.2,2.13.0,2.9.0,1.3.0,3.2.7,e9fa15cc35312a5c1ecf0c42668a690b5061c090,7ebad1ecabd28a7000add2d05f888aa2e837c2cc,cf2x,240,30,12.0,0.5,1,36,DATTA-BASAK,2026-09-22T14:45:40+00:00
random,SS5,frigate,90.0,12.0,30,aft,142,1881787033,25.659037002382078,-0.06981503675153375,0.19508300119771183,1.6040447140812248,crash,tilt_gt_crash,39,-35.09227335355234,35.933317492774385,51.91727984284164,0.0,False,False,False,nan,nan,nan,nan,nan,nan,nan,nan,nan,0,0.0,False,0,3.12.3,2.5.2,2.13.0,2.9.0,1.3.0,3.2.7,e9fa15cc35312a5c1ecf0c42668a690b5061c090,7ebad1ecabd28a7000add2d05f888aa2e837c2cc,cf2x,240,30,12.0,0.5,1,36,DATTA-BASAK,2026-09-22T14:45:40+00:00
random,SS5,frigate,90.0,6.0,28,aft,143,548158912,46.642311358817544,0.18874370078683061,0.20819025639463457,1.9156724179303755,crash,tilt_gt_crash,32,-32.105714581247504,33.256966308836326,46.153711435882755,0.0,False,False,False,nan,nan,nan,nan,nan,nan,nan,nan,nan,0,0.0,False,0,3.12.3,2.5.2,2.13.0,2.9.0,1.3.0,3.2.7,e9fa15cc35312a5c1ecf0c42668a690b5061c090,7ebad1ecabd28a7000add2d05f888aa2e837c2cc,cf2x,240,30,12.0,0.5,1,36,DATTA-BASAK,2026-09-22T14:45:40+00:00
random,SS5,frigate,45.0,12.0,29,aft,144,1027317852,53.048484941955415,-0.1938830284452575,-0.07273737235704436,1.7800310737095042,crash,tilt_gt_crash,92,-37.34506257673273,86.30015741655326,114.87844478649656,0.0,False,False,False,nan,nan,nan,nan,nan,nan,nan,nan,nan,0,0.0,False,0,3.12.3,2.5.2,2.13.0,2.9.0,1.3.0,3.2.7,e9fa15cc35312a5c1ecf0c42668a690b5061c090,7ebad1ecabd28a7000add2d05f888aa2e837c2cc,cf2x,240,30,12.0,0.5,1,36,DATTA-BASAK,2026-09-22T14:45:40+00:00
random,SS5,frigate,180.0,12.0,31,aft,145,1666648311,75.37942567950226,-0.260301267991315,0.12701892345079308,1.6145131173789995,crash,tilt_gt_crash,54,-31.561968863539725,48.32202389890925,66.27311842655348,0.0,False,False,False,nan,nan,nan,nan,nan,nan,nan,nan,nan,0,0.0,False,0,3.12.3,2.5.2,2.13.0,2.9.0,1.3.0,3.2.7,e9fa15cc35312a5c1ecf0c42668a690b5061c090,7ebad1ecabd28a7000add2d05f888aa2e837c2cc,cf2x,240,30,12.0,0.5,1,36,DATTA-BASAK,2026-09-22T14:45:40+00:00
random,SS5,frigate,135.0,0.0,31,aft,146,626503476,26.926641022761817,0.04051722956301185,-0.1530209167249179,1.758547223165767,crash,tilt_gt_crash,56,-37.738424866028296,54.99285247537758,77.28930948329966,0.0,False,False,False,nan,nan,nan,nan,nan,nan,nan,nan,nan,0,0.0,False,0,3.12.3,2.5.2,2.13.0,2.9.0,1.3.0,3.2.7,e9fa15cc35312a5c1ecf0c42668a690b5061c090,7ebad1ecabd28a7000add2d05f888aa2e837c2cc,cf2x,240,30,12.0,0.5,1,36,DATTA-BASAK,2026-09-22T14:45:40+00:00
random,SS5,frigate,45.0,6.0,29,aft,147,600614722,21.451898604634433,-0.1229494675157844,0.08788689884494155,1.741413502014451,crash,tilt_gt_crash,82,-47.55048825487523,78.61320478883849,106.18609668191053,0.0,False,False,False,nan,nan,nan,nan,nan,nan,nan,nan,nan,0,0.0,False,0,3.12.3,2.5.2,2.13.0,2.9.0,1.3.0,3.2.7,e9fa15cc35312a5c1ecf0c42668a690b5061c090,7ebad1ecabd28a7000add2d05f888aa2e837c2cc,cf2x,240,30,12.0,0.5,1,36,DATTA-BASAK,2026-09-22T14:45:40+00:00
random,SS5,frigate,180.0,12.0,29,aft,148,2084574890,56.446187821145514,-0.06844155442238858,-0.21864163102275164,1.6531272965255688,crash,tilt_gt_crash,36,-33.28777139066802,33.92823403574985,43.24528370507057,0.0,False,False,False,nan,nan,nan,nan,nan,nan,nan,nan,nan,0,0.0,False,0,3.12.3,2.5.2,2.13.0,2.9.0,1.3.0,3.2.7,e9fa15cc35312a5c1ecf0c42668a690b5061c090,7ebad1ecabd28a7000add2d05f888aa2e837c2cc,cf2x,240,30,12.0,0.5,1,36,DATTA-BASAK,2026-09-22T14:45:40+00:00
random,SS5,frigate,135.0,12.0,30,aft,149,706516122,18.5197510104042,-0.16376897718839953,-0.06148270270880152,1.7495612847131878,crash,tilt_gt_crash,26,-30.42515114923051,26.675070079126858,32.700307414550316,0.0,False,False,False,nan,nan,nan,nan,nan,nan,nan,nan,nan,0,0.0,False,0,3.12.3,2.5.2,2.13.0,2.9.0,1.3.0,3.2.7,e9fa15cc35312a5c1ecf0c42668a690b5061c090,7ebad1ecabd28a7000add2d05f888aa2e837c2cc,cf2x,240,30,12.0,0.5,1,36,DATTA-BASAK,2026-09-22T14:45:40+00:00
random,SS5,frigate,135.0,6.0,29,aft,150,1325388330,83.22195315878587,0.0819740429215357,-0.0718388324877865,1.9971102129290128,crash,tilt_gt_crash,60,-38.83016759219023,60.19193255570277,86.36505538341522,0.0,False,False,False,nan,nan,nan,nan,nan,nan,nan,nan,nan,0,0.0,False,0,3.12.3,2.5.2,2.13.0,2.9.0,1.3.0,3.2.7,e9fa15cc35312a5c1ecf0c42668a690b5061c090,7ebad1ecabd28a7000add2d05f888aa2e837c2cc,cf2x,240,30,12.0,0.5,1,36,DATTA-BASAK,2026-09-22T14:45:40+00:00
random,SS5,frigate,90.0,12.0,27,aft,151,1019073666,53.14096214919402,0.03343638789336145,-0.006652885386458973,1.7537344327211979,crash,tilt_gt_crash,33,-34.66201772558861,31.637025392648372,40.38783217131469,0.0,False,False,False,nan,nan,nan,nan,nan,nan,nan,nan,nan,0,0.0,False,0,3.12.3,2.5.2,2.13.0,2.9.0,1.3.0,3.2.7,e9fa15cc35312a5c1ecf0c42668a690b5061c090,7ebad1ecabd28a7000add2d05f888aa2e837c2cc,cf2x,240,30,12.0,0.5,1,36,DATTA-BASAK,2026-09-22T14:45:40+00:00
random,SS5,frigate,45.0,12.0,30,aft,152,223534517,106.97457386257139,-0.23717720066027098,-0.2883931922267154,1.8370299627378937,crash,tilt_gt_crash,51,-39.28117578797183,46.402439773426394,70.88107773716276,0.0,False,False,False,nan,nan,nan,nan,nan,nan,nan,nan,nan,0,0.0,False,0,3.12.3,2.5.2,2.13.0,2.9.0,1.3.0,3.2.7,e9fa15cc35312a5c1ecf0c42668a690b5061c090,7ebad1ecabd28a7000add2d05f888aa2e837c2cc,cf2x,240,30,12.0,0.5,1,36,DATTA-BASAK,2026-09-22T14:45:40+00:00
random,SS5,frigate,90.0,6.0,27,aft,153,845926113,53.725916333955425,0.0956636551003725,-0.22878376564491731,1.6083080658037185,crash,tilt_gt_crash,28,-32.29237281538304,26.63697457651928,39.616906328914425,0.0,False,False,False,nan,nan,nan,nan,nan,nan,nan,nan,nan,0,0.0,False,0,3.12.3,2.5.2,2.13.0,2.9.0,1.3.0,3.2.7,e9fa15cc35312a5c1ecf0c42668a690b5061c090,7ebad1ecabd28a7000add2d05f888aa2e837c2cc,cf2x,240,30,12.0,0.5,1,36,DATTA-BASAK,2026-09-22T14:45:40+00:00
random,SS5,frigate,45.0,0.0,29,aft,154,1424446632,52.08874846190386,-0.24394329327204084,-0.03268522124051815,1.6286777747810346,crash,tilt_gt_crash,60,-38.39561063908393,56.77632696071116,77.05493398636878,0.0,False,False,False,nan,nan,nan,nan,nan,nan,nan,nan,nan,0,0.0,False,0,3.12.3,2.5.2,2.13.0,2.9.0,1.3.0,3.2.7,e9fa15cc35312a5c1ecf0c42668a690b5061c090,7ebad1ecabd28a7000add2d05f888aa2e837c2cc,cf2x,240,30,12.0,0.5,1,36,DATTA-BASAK,2026-09-22T14:45:40+00:00
random,SS5,frigate,135.0,6.0,30,aft,155,533827676,34.7836388907924,-0.26648731492350475,0.09473142261335399,1.6527940499119027,crash,tilt_gt_crash,47,-36.68142309054513,43.60041263098176,56.024079632776804,0.0,False,False,False,nan,nan,nan,nan,nan,nan,nan,nan,nan,0,0.0,False,0,3.12.3,2.5.2,2.13.0,2.9.0,1.3.0,3.2.7,e9fa15cc35312a5c1ecf0c42668a690b5061c090,7ebad1ecabd28a7000add2d05f888aa2e837c2cc,cf2x,240,30,12.0,0.5,1,36,DATTA-BASAK,2026-09-22T14:45:40+00:00
random,SS5,frigate,135.0,0.0,28,aft,156,1206712862,85.55129753933593,-0.07502517612700593,0.01954935197048835,1.7844009467012254,crash,tilt_gt_crash,44,-43.28668534677348,43.82127286889673,58.41351347316731,0.0,False,False,False,nan,nan,nan,nan,nan,nan,nan,nan,nan,0,0.0,False,0,3.12.3,2.5.2,2.13.0,2.9.0,1.3.0,3.2.7,e9fa15cc35312a5c1ecf0c42668a690b5061c090,7ebad1ecabd28a7000add2d05f888aa2e837c2cc,cf2x,240,30,12.0,0.5,1,36,DATTA-BASAK,2026-09-22T14:45:40+00:00
random,SS5,frigate,90.0,6.0,27,aft,157,1104153021,88.90267434976757,0.11174318105576869,-0.2777790739758099,1.6567411513967807,crash,tilt_gt_crash,39,-62.40592482838822,35.469260703291354,44.81352178095896,0.0,False,False,False,nan,nan,nan,nan,nan,nan,nan,nan,nan,0,0.0,False,0,3.12.3,2.5.2,2.13.0,2.9.0,1.3.0,3.2.7,e9fa15cc35312a5c1ecf0c42668a690b5061c090,7ebad1ecabd28a7000add2d05f888aa2e837c2cc,cf2x,240,30,12.0,0.5,1,36,DATTA-BASAK,2026-09-22T14:45:40+00:00
random,SS5,frigate,180.0,6.0,27,aft,158,656974122,63.77244854306695,-0.05916883784971533,-0.1441967639594336,1.8378922642983895,crash,tilt_gt_crash,43,-29.159983971251712,40.94135259620985,54.38486576711524,0.0,False,False,False,nan,nan,nan,nan,nan,nan,nan,nan,nan,0,0.0,False,0,3.12.3,2.5.2,2.13.0,2.9.0,1.3.0,3.2.7,e9fa15cc35312a5c1ecf0c42668a690b5061c090,7ebad1ecabd28a7000add2d05f888aa2e837c2cc,cf2x,240,30,12.0,0.5,1,36,DATTA-BASAK,2026-09-22T14:45:40+00:00
random,SS5,frigate,135.0,0.0,27,aft,159,1267644085,75.30108974008839,-0.13276578691426213,-0.1549423763151812,1.606818020998282,crash,tilt_gt_crash,26,-31.6124847624576,22.073562680656817,34.325016578592574,0.0,False,False,False,nan,nan,nan,nan,nan,nan,nan,nan,nan,0,0.0,False,0,3.12.3,2.5.2,2.13.0,2.9.0,1.3.0,3.2.7,e9fa15cc35312a5c1ecf0c42668a690b5061c090,7ebad1ecabd28a7000add2d05f888aa2e837c2cc,cf2x,240,30,12.0,0.5,1,36,DATTA-BASAK,2026-09-22T14:45:40+00:00
random,SS5,frigate,45.0,12.0,28,aft,160,606642547,42.15305476471295,-0.18053077017782082,-0.0901418054371124,1.655339339813331,crash,tilt_gt_crash,66,-38.912866119741324,61.496231994660064,86.19190308694883,0.0,False,False,False,nan,nan,nan,nan,nan,nan,nan,nan,nan,0,0.0,False,0,3.12.3,2.5.2,2.13.0,2.9.0,1.3.0,3.2.7,e9fa15cc35312a5c1ecf0c42668a690b5061c090,7ebad1ecabd28a7000add2d05f888aa2e837c2cc,cf2x,240,30,12.0,0.5,1,36,DATTA-BASAK,2026-09-22T14:45:40+00:00
random,SS5,frigate,180.0,0.0,28,aft,161,1033014752,71.69030291074883,0.2850414744189295,-0.04965032001683917,1.9418224910457607,crash,tilt_gt_crash,31,-32.20992091762468,29.857001767569866,36.29956374496488,0.0,False,False,False,nan,nan,nan,nan,nan,nan,nan,nan,nan,0,0.0,False,0,3.12.3,2.5.2,2.13.0,2.9.0,1.3.0,3.2.7,e9fa15cc35312a5c1ecf0c42668a690b5061c090,7ebad1ecabd28a7000add2d05f888aa2e837c2cc,cf2x,240,30,12.0,0.5,1,36,DATTA-BASAK,2026-09-22T14:45:40+00:00
random,SS5,frigate,135.0,12.0,27,aft,162,904875637,38.55313923621869,0.18612055625162532,-0.24244820279775736,1.6361494668621388,crash,tilt_gt_crash,37,-41.410349979325524,35.370803488238366,49.52782471799834,0.0,False,False,False,nan,nan,nan,nan,nan,nan,nan,nan,nan,0,0.0,False,0,3.12.3,2.5.2,2.13.0,2.9.0,1.3.0,3.2.7,e9fa15cc35312a5c1ecf0c42668a690b5061c090,7ebad1ecabd28a7000add2d05f888aa2e837c2cc,cf2x,240,30,12.0,0.5,1,36,DATTA-BASAK,2026-09-22T14:45:40+00:00
random,SS5,frigate,135.0,6.0,28,aft,163,876958966,17.220394109967238,-0.06420527926497177,0.16943291208961198,1.9085367867124587,crash,tilt_gt_crash,47,-37.26877302398852,45.610769877616484,63.14863174187712,0.0,False,False,False,nan,nan,nan,nan,nan,nan,nan,nan,nan,0,0.0,False,0,3.12.3,2.5.2,2.13.0,2.9.0,1.3.0,3.2.7,e9fa15cc35312a5c1ecf0c42668a690b5061c090,7ebad1ecabd28a7000add2d05f888aa2e837c2cc,cf2x,240,30,12.0,0.5,1,36,DATTA-BASAK,2026-09-22T14:45:40+00:00
random,SS5,frigate,135.0,12.0,27,aft,164,1498040355,94.99396398828895,-0.20367037759259032,0.25150169755401613,1.8681795531666188,crash,tilt_gt_crash,32,-30.487182483115802,32.11020476946481,48.88614841969884,0.0,False,False,False,nan,nan,nan,nan,nan,nan,nan,nan,nan,0,0.0,False,0,3.12.3,2.5.2,2.13.0,2.9.0,1.3.0,3.2.7,e9fa15cc35312a5c1ecf0c42668a690b5061c090,7ebad1ecabd28a7000add2d05f888aa2e837c2cc,cf2x,240,30,12.0,0.5,1,36,DATTA-BASAK,2026-09-22T14:45:40+00:00
random,SS5,frigate,90.0,12.0,30,aft,165,428160417,49.12801067617697,-0.252933450655108,0.09227956987664238,1.6217072568629423,crash,tilt_gt_crash,22,-29.990265237174835,22.772392348946767,28.445954603885063,0.0,False,False,False,nan,nan,nan,nan,nan,nan,nan,nan,nan,0,0.0,False,0,3.12.3,2.5.2,2.13.0,2.9.0,1.3.0,3.2.7,e9fa15cc35312a5c1ecf0c42668a690b5061c090,7ebad1ecabd28a7000add2d05f888aa2e837c2cc,cf2x,240,30,12.0,0.5,1,36,DATTA-BASAK,2026-09-22T14:45:40+00:00
random,SS5,frigate,135.0,6.0,30,aft,166,952856961,67.10547475977255,-0.27151504023009543,0.1728290791151334,1.8479559382898951,crash,tilt_gt_crash,41,-44.29165885530312,42.45131520252965,54.21356495030543,0.0,False,False,False,nan,nan,nan,nan,nan,nan,nan,nan,nan,0,0.0,False,0,3.12.3,2.5.2,2.13.0,2.9.0,1.3.0,3.2.7,e9fa15cc35312a5c1ecf0c42668a690b5061c090,7ebad1ecabd28a7000add2d05f888aa2e837c2cc,cf2x,240,30,12.0,0.5,1,36,DATTA-BASAK,2026-09-22T14:45:40+00:00
random,SS5,frigate,45.0,0.0,29,aft,167,366090068,37.80647618412581,-0.2063089877199769,0.12547489917277482,1.7063761692493573,crash,tilt_gt_crash,47,-32.19834088496337,45.81618384265966,66.98292710767352,0.0,False,False,False,nan,nan,nan,nan,nan,nan,nan,nan,nan,0,0.0,False,0,3.12.3,2.5.2,2.13.0,2.9.0,1.3.0,3.2.7,e9fa15cc35312a5c1ecf0c42668a690b5061c090,7ebad1ecabd28a7000add2d05f888aa2e837c2cc,cf2x,240,30,12.0,0.5,1,36,DATTA-BASAK,2026-09-22T14:45:40+00:00
random,SS5,frigate,90.0,0.0,31,aft,168,882246619,32.32714862287446,0.08434254657342322,0.1788295597343802,1.6316937318488662,crash,tilt_gt_crash,37,-38.290186946599555,34.86641321647976,45.78866494610365,0.0,False,False,False,nan,nan,nan,nan,nan,nan,nan,nan,nan,0,0.0,False,0,3.12.3,2.5.2,2.13.0,2.9.0,1.3.0,3.2.7,e9fa15cc35312a5c1ecf0c42668a690b5061c090,7ebad1ecabd28a7000add2d05f888aa2e837c2cc,cf2x,240,30,12.0,0.5,1,36,DATTA-BASAK,2026-09-22T14:45:40+00:00
random,SS5,frigate,135.0,0.0,28,aft,169,42781179,86.60747736129612,0.16309350524213162,-0.18508241469523085,1.6356532233144438,crash,tilt_gt_crash,38,-42.96639423452797,34.47195384472885,46.721769866631924,0.0,False,False,False,nan,nan,nan,nan,nan,nan,nan,nan,nan,0,0.0,False,0,3.12.3,2.5.2,2.13.0,2.9.0,1.3.0,3.2.7,e9fa15cc35312a5c1ecf0c42668a690b5061c090,7ebad1ecabd28a7000add2d05f888aa2e837c2cc,cf2x,240,30,12.0,0.5,1,36,DATTA-BASAK,2026-09-22T14:45:40+00:00
random,SS5,frigate,90.0,12.0,29,aft,170,1644290474,43.58033890550781,0.23557159427713698,0.2738196670728184,1.6566932691958471,crash,tilt_gt_crash,28,-32.74432076012529,29.706272090808262,36.791647289129216,0.0,False,False,False,nan,nan,nan,nan,nan,nan,nan,nan,nan,0,0.0,False,0,3.12.3,2.5.2,2.13.0,2.9.0,1.3.0,3.2.7,e9fa15cc35312a5c1ecf0c42668a690b5061c090,7ebad1ecabd28a7000add2d05f888aa2e837c2cc,cf2x,240,30,12.0,0.5,1,36,DATTA-BASAK,2026-09-22T14:45:40+00:00
random,SS5,frigate,180.0,12.0,27,aft,171,1222175258,46.982089014310155,0.2845167102504123,0.28855121683395796,1.9643556125383306,crash,tilt_gt_crash,29,-31.348156471950485,28.164577674580926,39.33678530957208,0.0,False,False,False,nan,nan,nan,nan,nan,nan,nan,nan,nan,0,0.0,False,0,3.12.3,2.5.2,2.13.0,2.9.0,1.3.0,3.2.7,e9fa15cc35312a5c1ecf0c42668a690b5061c090,7ebad1ecabd28a7000add2d05f888aa2e837c2cc,cf2x,240,30,12.0,0.5,1,36,DATTA-BASAK,2026-09-22T14:45:40+00:00
random,SS5,frigate,135.0,6.0,31,aft,172,712155552,97.51474432450138,-0.07844687409617096,-0.01756815526016131,1.9445635801486638,crash,tilt_gt_crash,35,-33.287917071304065,32.75355158675261,44.559468285003334,0.0,False,False,False,nan,nan,nan,nan,nan,nan,nan,nan,nan,0,0.0,False,0,3.12.3,2.5.2,2.13.0,2.9.0,1.3.0,3.2.7,e9fa15cc35312a5c1ecf0c42668a690b5061c090,7ebad1ecabd28a7000add2d05f888aa2e837c2cc,cf2x,240,30,12.0,0.5,1,36,DATTA-BASAK,2026-09-22T14:45:40+00:00
random,SS5,frigate,180.0,6.0,31,aft,173,250351926,77.52162272480537,0.2916973860883321,0.06290748855370515,1.623645379754799,crash,tilt_gt_crash,45,-38.1947212203266,44.24622400607339,61.853173378989375,0.0,False,False,False,nan,nan,nan,nan,nan,nan,nan,nan,nan,0,0.0,False,0,3.12.3,2.5.2,2.13.0,2.9.0,1.3.0,3.2.7,e9fa15cc35312a5c1ecf0c42668a690b5061c090,7ebad1ecabd28a7000add2d05f888aa2e837c2cc,cf2x,240,30,12.0,0.5,1,36,DATTA-BASAK,2026-09-22T14:45:40+00:00
random,SS5,frigate,180.0,6.0,28,aft,174,1130624014,61.08293024401925,-0.2104757303822844,0.10466309659695472,1.608307898825846,crash,tilt_gt_crash,31,-35.32215182303443,27.774997510035007,33.59609721951901,0.0,False,False,False,nan,nan,nan,nan,nan,nan,nan,nan,nan,0,0.0,False,0,3.12.3,2.5.2,2.13.0,2.9.0,1.3.0,3.2.7,e9fa15cc35312a5c1ecf0c42668a690b5061c090,7ebad1ecabd28a7000add2d05f888aa2e837c2cc,cf2x,240,30,12.0,0.5,1,36,DATTA-BASAK,2026-09-22T14:45:40+00:00
random,SS5,frigate,180.0,12.0,30,aft,175,410712295,87.74796857574012,0.06186039795076359,0.13427191193497096,1.9980249012616107,crash,tilt_gt_crash,58,-33.4571169832459,54.21938564736091,73.73410758304811,0.0,False,False,False,nan,nan,nan,nan,nan,nan,nan,nan,nan,0,0.0,False,0,3.12.3,2.5.2,2.13.0,2.9.0,1.3.0,3.2.7,e9fa15cc35312a5c1ecf0c42668a690b5061c090,7ebad1ecabd28a7000add2d05f888aa2e837c2cc,cf2x,240,30,12.0,0.5,1,36,DATTA-BASAK,2026-09-22T14:45:40+00:00
random,SS5,frigate,90.0,6.0,27,aft,176,310843044,66.89559998744792,0.17301785579633072,-0.04979598275289393,1.8646135202041836,crash,tilt_gt_crash,46,-35.11775425058154,45.03836236144506,58.4771390758001,0.0,False,False,False,nan,nan,nan,nan,nan,nan,nan,nan,nan,0,0.0,False,0,3.12.3,2.5.2,2.13.0,2.9.0,1.3.0,3.2.7,e9fa15cc35312a5c1ecf0c42668a690b5061c090,7ebad1ecabd28a7000add2d05f888aa2e837c2cc,cf2x,240,30,12.0,0.5,1,36,DATTA-BASAK,2026-09-22T14:45:40+00:00
random,SS5,frigate,135.0,12.0,29,aft,177,2131924939,60.411449587971944,0.15471867199089068,-0.10967942384934878,1.7226973685796176,crash,tilt_gt_crash,40,-32.944403792552016,39.94021056291491,57.403646948316904,0.0,False,False,False,nan,nan,nan,nan,nan,nan,nan,nan,nan,0,0.0,False,0,3.12.3,2.5.2,2.13.0,2.9.0,1.3.0,3.2.7,e9fa15cc35312a5c1ecf0c42668a690b5061c090,7ebad1ecabd28a7000add2d05f888aa2e837c2cc,cf2x,240,30,12.0,0.5,1,36,DATTA-BASAK,2026-09-22T14:45:40+00:00
random,SS5,frigate,135.0,0.0,29,aft,178,1459265535,32.1293332391052,-0.14458493798738598,0.03296000347646333,1.7963406846953593,crash,tilt_gt_crash,44,-38.31902087805005,41.79913806118458,56.014811671520754,0.0,False,False,False,nan,nan,nan,nan,nan,nan,nan,nan,nan,0,0.0,False,0,3.12.3,2.5.2,2.13.0,2.9.0,1.3.0,3.2.7,e9fa15cc35312a5c1ecf0c42668a690b5061c090,7ebad1ecabd28a7000add2d05f888aa2e837c2cc,cf2x,240,30,12.0,0.5,1,36,DATTA-BASAK,2026-09-22T14:45:40+00:00
random,SS5,frigate,180.0,6.0,28,aft,179,1492006867,18.105374700343646,0.11129426767930656,0.270389968981876,1.6619860808918059,crash,tilt_gt_crash,42,-30.387072653527873,41.50100970819075,55.19809189803137,0.0,False,False,False,nan,nan,nan,nan,nan,nan,nan,nan,nan,0,0.0,False,0,3.12.3,2.5.2,2.13.0,2.9.0,1.3.0,3.2.7,e9fa15cc35312a5c1ecf0c42668a690b5061c090,7ebad1ecabd28a7000add2d05f888aa2e837c2cc,cf2x,240,30,12.0,0.5,1,36,DATTA-BASAK,2026-09-22T14:45:40+00:00
random,SS5,frigate,90.0,0.0,29,aft,180,821398835,106.05768344348682,0.1271480913510915,-0.038648547715818105,1.8310342573373428,crash,tilt_gt_crash,68,-37.91840441636661,70.64430439085041,97.88505316812183,0.0,False,False,False,nan,nan,nan,nan,nan,nan,nan,nan,nan,0,0.0,False,0,3.12.3,2.5.2,2.13.0,2.9.0,1.3.0,3.2.7,e9fa15cc35312a5c1ecf0c42668a690b5061c090,7ebad1ecabd28a7000add2d05f888aa2e837c2cc,cf2x,240,30,12.0,0.5,1,36,DATTA-BASAK,2026-09-22T14:45:40+00:00
random,SS5,frigate,135.0,12.0,29,aft,181,1406330122,96.29945295764446,-0.24420010315124197,0.11979933370559093,1.7243268143150328,crash,tilt_gt_crash,38,-35.82168502303361,37.098213427054574,50.62103456710625,0.0,False,False,False,nan,nan,nan,nan,nan,nan,nan,nan,nan,0,0.0,False,0,3.12.3,2.5.2,2.13.0,2.9.0,1.3.0,3.2.7,e9fa15cc35312a5c1ecf0c42668a690b5061c090,7ebad1ecabd28a7000add2d05f888aa2e837c2cc,cf2x,240,30,12.0,0.5,1,36,DATTA-BASAK,2026-09-22T14:45:40+00:00
random,SS5,frigate,180.0,12.0,27,aft,182,1889174561,10.640205000023801,-0.017528290405645075,-0.029909344798472515,1.9712317801770682,crash,tilt_gt_crash,36,-33.19606807895557,33.346844877728365,52.86733619140388,0.0,False,False,False,nan,nan,nan,nan,nan,nan,nan,nan,nan,0,0.0,False,0,3.12.3,2.5.2,2.13.0,2.9.0,1.3.0,3.2.7,e9fa15cc35312a5c1ecf0c42668a690b5061c090,7ebad1ecabd28a7000add2d05f888aa2e837c2cc,cf2x,240,30,12.0,0.5,1,36,DATTA-BASAK,2026-09-22T14:45:40+00:00
random,SS5,frigate,45.0,6.0,30,aft,183,1271345188,70.8531491453382,0.10554716936598718,-0.05185223703788808,1.8128286967522655,crash,tilt_gt_crash,72,-39.59728604068079,63.04777394801255,87.572037476059,0.0,False,False,False,nan,nan,nan,nan,nan,nan,nan,nan,nan,0,0.0,False,0,3.12.3,2.5.2,2.13.0,2.9.0,1.3.0,3.2.7,e9fa15cc35312a5c1ecf0c42668a690b5061c090,7ebad1ecabd28a7000add2d05f888aa2e837c2cc,cf2x,240,30,12.0,0.5,1,36,DATTA-BASAK,2026-09-22T14:45:40+00:00
random,SS5,frigate,90.0,6.0,28,aft,184,1994517816,94.08947342664027,0.10039985120487743,0.14190103839126078,1.6974863995165386,crash,tilt_gt_crash,47,-28.64214757003165,40.50461762167614,58.844910517894114,0.0,False,False,False,nan,nan,nan,nan,nan,nan,nan,nan,nan,0,0.0,False,0,3.12.3,2.5.2,2.13.0,2.9.0,1.3.0,3.2.7,e9fa15cc35312a5c1ecf0c42668a690b5061c090,7ebad1ecabd28a7000add2d05f888aa2e837c2cc,cf2x,240,30,12.0,0.5,1,36,DATTA-BASAK,2026-09-22T14:45:40+00:00
random,SS5,frigate,135.0,6.0,30,aft,185,823874546,9.432490012086266,0.018395627155077365,0.14465740946124767,1.8738718678513755,crash,tilt_gt_crash,38,-53.746196316585596,37.563786889382726,51.34093164406211,0.0,False,False,False,nan,nan,nan,nan,nan,nan,nan,nan,nan,0,0.0,False,0,3.12.3,2.5.2,2.13.0,2.9.0,1.3.0,3.2.7,e9fa15cc35312a5c1ecf0c42668a690b5061c090,7ebad1ecabd28a7000add2d05f888aa2e837c2cc,cf2x,240,30,12.0,0.5,1,36,DATTA-BASAK,2026-09-22T14:45:40+00:00
random,SS5,frigate,180.0,12.0,31,aft,186,395133474,66.32143762985945,0.17643889726057355,-0.29540889904952045,1.6078666004648112,crash,tilt_gt_crash,36,-43.838195372896266,35.68567734391857,48.22869027381244,0.0,False,False,False,nan,nan,nan,nan,nan,nan,nan,nan,nan,0,0.0,False,0,3.12.3,2.5.2,2.13.0,2.9.0,1.3.0,3.2.7,e9fa15cc35312a5c1ecf0c42668a690b5061c090,7ebad1ecabd28a7000add2d05f888aa2e837c2cc,cf2x,240,30,12.0,0.5,1,36,DATTA-BASAK,2026-09-22T14:45:40+00:00
random,SS5,frigate,135.0,0.0,30,aft,187,125469659,39.737543112436335,0.24480516029029448,-0.2564213045238598,1.6553331732965524,crash,tilt_gt_crash,34,-29.90870793874349,34.06611250878535,45.4081690951098,0.0,False,False,False,nan,nan,nan,nan,nan,nan,nan,nan,nan,0,0.0,False,0,3.12.3,2.5.2,2.13.0,2.9.0,1.3.0,3.2.7,e9fa15cc35312a5c1ecf0c42668a690b5061c090,7ebad1ecabd28a7000add2d05f888aa2e837c2cc,cf2x,240,30,12.0,0.5,1,36,DATTA-BASAK,2026-09-22T14:45:40+00:00
random,SS5,frigate,135.0,0.0,28,aft,188,1817979866,58.11101969315775,0.18489152676366105,-0.24034248845484374,1.9269940256383653,crash,tilt_gt_crash,29,-33.273888001758586,28.66754493233935,37.56600513538066,0.0,False,False,False,nan,nan,nan,nan,nan,nan,nan,nan,nan,0,0.0,False,0,3.12.3,2.5.2,2.13.0,2.9.0,1.3.0,3.2.7,e9fa15cc35312a5c1ecf0c42668a690b5061c090,7ebad1ecabd28a7000add2d05f888aa2e837c2cc,cf2x,240,30,12.0,0.5,1,36,DATTA-BASAK,2026-09-22T14:45:40+00:00
random,SS5,frigate,45.0,6.0,31,aft,189,1785244127,78.90496922872414,0.24823933573841866,-0.20926366814834507,1.7760000359754649,crash,tilt_gt_crash,43,-40.06126176804684,41.71873066419206,61.53650805737705,0.0,False,False,False,nan,nan,nan,nan,nan,nan,nan,nan,nan,0,0.0,False,0,3.12.3,2.5.2,2.13.0,2.9.0,1.3.0,3.2.7,e9fa15cc35312a5c1ecf0c42668a690b5061c090,7ebad1ecabd28a7000add2d05f888aa2e837c2cc,cf2x,240,30,12.0,0.5,1,36,DATTA-BASAK,2026-09-22T14:45:40+00:00
random,SS5,frigate,135.0,6.0,30,aft,190,747043549,57.13262978509274,-0.08659108860716994,-0.1705745416272111,1.876575001641773,crash,tilt_gt_crash,36,-36.016553557911294,35.74823118441718,53.404971222581985,0.0,False,False,False,nan,nan,nan,nan,nan,nan,nan,nan,nan,0,0.0,False,0,3.12.3,2.5.2,2.13.0,2.9.0,1.3.0,3.2.7,e9fa15cc35312a5c1ecf0c42668a690b5061c090,7ebad1ecabd28a7000add2d05f888aa2e837c2cc,cf2x,240,30,12.0,0.5,1,36,DATTA-BASAK,2026-09-22T14:45:40+00:00
random,SS5,frigate,135.0,12.0,30,aft,191,644793309,7.411561158128023,0.22201421833670715,0.25299142714718953,1.6064986402085069,crash,tilt_gt_crash,37,-31.58459617168249,37.80946395357881,52.56322013676482,0.0,False,False,False,nan,nan,nan,nan,nan,nan,nan,nan,nan,0,0.0,False,0,3.12.3,2.5.2,2.13.0,2.9.0,1.3.0,3.2.7,e9fa15cc35312a5c1ecf0c42668a690b5061c090,7ebad1ecabd28a7000add2d05f888aa2e837c2cc,cf2x,240,30,12.0,0.5,1,36,DATTA-BASAK,2026-09-22T14:45:40+00:00
random,SS5,frigate,180.0,12.0,27,aft,192,1528953123,4.030977937630847,-0.01755567959159704,0.08509692297709254,1.6911460749029252,crash,out_of_bounds,75,-82.97553860848956,73.82419399091842,99.19385519140769,0.0,False,False,False,nan,nan,nan,nan,nan,nan,nan,nan,nan,0,0.0,False,0,3.12.3,2.5.2,2.13.0,2.9.0,1.3.0,3.2.7,e9fa15cc35312a5c1ecf0c42668a690b5061c090,7ebad1ecabd28a7000add2d05f888aa2e837c2cc,cf2x,240,30,12.0,0.5,1,36,DATTA-BASAK,2026-09-22T14:45:40+00:00
random,SS5,frigate,45.0,12.0,27,aft,193,201830457,64.97294881041287,0.16880689683086608,-0.03828482287597057,1.7928982755645204,crash,tilt_gt_crash,77,-34.122600050561616,72.11454829951604,96.8327373107463,0.0,False,False,False,nan,nan,nan,nan,nan,nan,nan,nan,nan,0,0.0,False,0,3.12.3,2.5.2,2.13.0,2.9.0,1.3.0,3.2.7,e9fa15cc35312a5c1ecf0c42668a690b5061c090,7ebad1ecabd28a7000add2d05f888aa2e837c2cc,cf2x,240,30,12.0,0.5,1,36,DATTA-BASAK,2026-09-22T14:45:40+00:00
random,SS5,frigate,90.0,12.0,27,aft,194,1410923522,64.7643657832646,-0.10579290292898128,-0.23303247028227436,1.7765465664598539,crash,tilt_gt_crash,36,-37.851325685694405,33.58448607531772,49.63761495662126,0.0,False,False,False,nan,nan,nan,nan,nan,nan,nan,nan,nan,0,0.0,False,0,3.12.3,2.5.2,2.13.0,2.9.0,1.3.0,3.2.7,e9fa15cc35312a5c1ecf0c42668a690b5061c090,7ebad1ecabd28a7000add2d05f888aa2e837c2cc,cf2x,240,30,12.0,0.5,1,36,DATTA-BASAK,2026-09-22T14:45:40+00:00
random,SS5,frigate,180.0,12.0,31,aft,195,11829117,64.60762514554845,0.003543911418503576,0.06285384277510098,1.7672889335492417,crash,tilt_gt_crash,54,-53.779605100373274,51.38168168785514,68.26467141791863,0.0,False,False,False,nan,nan,nan,nan,nan,nan,nan,nan,nan,0,0.0,False,0,3.12.3,2.5.2,2.13.0,2.9.0,1.3.0,3.2.7,e9fa15cc35312a5c1ecf0c42668a690b5061c090,7ebad1ecabd28a7000add2d05f888aa2e837c2cc,cf2x,240,30,12.0,0.5,1,36,DATTA-BASAK,2026-09-22T14:45:40+00:00
random,SS5,frigate,45.0,12.0,28,aft,196,1625890357,94.47081817506407,0.06139506755714652,-0.29314246658235227,1.98936422516713,crash,tilt_gt_crash,57,-29.551255753816832,54.284679889055276,70.51472549769338,0.0,False,False,False,nan,nan,nan,nan,nan,nan,nan,nan,nan,0,0.0,False,0,3.12.3,2.5.2,2.13.0,2.9.0,1.3.0,3.2.7,e9fa15cc35312a5c1ecf0c42668a690b5061c090,7ebad1ecabd28a7000add2d05f888aa2e837c2cc,cf2x,240,30,12.0,0.5,1,36,DATTA-BASAK,2026-09-22T14:45:40+00:00
random,SS5,frigate,90.0,0.0,28,aft,197,369956358,50.40914127085437,-0.028548972996578437,0.2576739735355646,1.7089284344027713,crash,tilt_gt_crash,48,-33.17526625144921,46.714445303169896,60.71750131870537,0.0,False,False,False,nan,nan,nan,nan,nan,nan,nan,nan,nan,0,0.0,False,0,3.12.3,2.5.2,2.13.0,2.9.0,1.3.0,3.2.7,e9fa15cc35312a5c1ecf0c42668a690b5061c090,7ebad1ecabd28a7000add2d05f888aa2e837c2cc,cf2x,240,30,12.0,0.5,1,36,DATTA-BASAK,2026-09-22T14:45:40+00:00
random,SS5,frigate,135.0,6.0,29,aft,198,1501950799,105.0492699115474,0.10001517728485598,0.0455067594383014,1.9781740270367723,crash,tilt_gt_crash,50,-36.212739280325835,49.53632563902668,66.6475694315373,0.0,False,False,False,nan,nan,nan,nan,nan,nan,nan,nan,nan,0,0.0,False,0,3.12.3,2.5.2,2.13.0,2.9.0,1.3.0,3.2.7,e9fa15cc35312a5c1ecf0c42668a690b5061c090,7ebad1ecabd28a7000add2d05f888aa2e837c2cc,cf2x,240,30,12.0,0.5,1,36,DATTA-BASAK,2026-09-22T14:45:40+00:00
random,SS5,frigate,180.0,6.0,30,aft,199,1815681832,104.497077310334,-0.18580764369731229,-0.2972571403715108,1.6868541630544718,crash,tilt_gt_crash,40,-47.90032081390309,40.326671027469686,57.33065053821322,0.0,False,False,False,nan,nan,nan,nan,nan,nan,nan,nan,nan,0,0.0,False,0,3.12.3,2.5.2,2.13.0,2.9.0,1.3.0,3.2.7,e9fa15cc35312a5c1ecf0c42668a690b5061c090,7ebad1ecabd28a7000add2d05f888aa2e837c2cc,cf2x,240,30,12.0,0.5,1,36,DATTA-BASAK,2026-09-22T14:45:40+00:00
