method,privileged,run_seed,pad,regime,ss,n_episodes,n_success,success_rate,success_wilson_lo,success_wilson_hi,frac_crash,frac_off_pad,frac_hard_landing,frac_bounce,frac_success,frac_timeout,n_touchdowns,rel_vz_normal_p50_m_s,rel_vz_normal_p95_m_s,rel_vz_world_z_p50_m_s,rel_vz_world_z_p95_m_s,lateral_p50_m,lateral_p95_m,rel_tilt_p95_deg,time_to_touchdown_mean_s,time_to_touchdown_p50_s,effort_mean_sq,action_jerk_mean,disagreement_n,disagreement_rate,tunnelling_n,max_penetration_m,n_td_in_quiescent_window,frac_td_in_quiescent_window,frac_in_training_distribution,n_reason_ground_contact,n_reason_off_plate_strike,n_reason_tilt_gt_crash,n_reason_below_deck,n_reason_out_of_bounds,n_reason_dwell_complete,n_reason_release,n_reason_time_limit,n_listed,skip_reason,frac_td_in_quiescent_window_wilson_lo,frac_td_in_quiescent_window_wilson_hi,quiet_landings_per_listed,quiet_landings_per_listed_wilson_lo,quiet_landings_per_listed_wilson_hi,run_dir,run_algo,run_total_steps,run_ckpt,run_ckpt_steps,run_train_git_sha,run_config_sha256,run_config_source_sha256,run_model_sha256,run_vecnormalize_sha256,run_checkpoint_json_sha256,run_policy_class,run_needs_motion_feed,run_training_motion,eval_deck_motion,python,numpy,torch,sb3,gymnasium,pybullet,dmf_sha,gpd_sha,success_yaml_sha256,landing_yaml_sha256,observation_yaml_sha256,noise_yaml_sha256,episodes_manifest_sha256,generator_seed,v_max_m_s,driver,arm,condition,arm_motion,start_check,lam_inverse,noise_enabled,noise_position_sigma_m,noise_velocity_sigma_m_s,noise_latency_ms_configured,noise_latency_steps,noise_latency_ms_effective,noise_hold_freq_hz,sinusoid_rms_source_sha256,episode_lists_manifest_sha256
ppo,False,0,aft,id,SS3,200,200,1.0,0.9811546736227335,1.0,0.0,0.0,0.0,0.0,1.0,0.0,200,0.24619215312279108,0.31780289011281165,0.24619210249707868,0.3179984849295398,0.014018772808416697,0.02767186166417452,5.026299447797415,1.5437916666666667,1.5416666666666667,0.24369805011165582,0.22911131832951206,0,0.0,0,-0.002892395564411785,191,0.955,0.755,0,0,0,0,0,200,0,0,200,,0.9167032959981803,0.976147456998507,0.955,0.9167032959981803,0.976147456998507,artifacts/runs/ppo/0,ppo,10000000,final,10010624,1d67488e2ec8c8522968511a772f65cfe3d8699d,aa28e4f4fd67c42b54cc6e93b365289bca6512297f4b84c1784bb2fe48a6d1b3,26b6c49f8552f5fa626c19bab5222205eb83d294854734a23c3b0b1b3d70e14a,1a012394335c44d1e08d20f2199debaf3809d7bef96e04749817ae35b584fd49,9ddb2a992d4263426bc28033f8cd9f7f54daf7011ca67eb81f3099ecf289db6f,2ea668e37f848fc3f7a50cfb21c64435de80f878bbef01ee165e3a8e5b0e00a0,LearnedPolicy,False,jonswap,jonswap,3.12.3,2.5.2,2.13.0,2.9.0,1.3.0,3.2.7,e9fa15cc35312a5c1ecf0c42668a690b5061c090,7ebad1ecabd28a7000add2d05f888aa2e837c2cc,c7fbdcc4df48bd4a2cfe21811613e5e50e3e4868822fe6dddd13745d96692118,b98d65cc5e34337369dcd4d69d63651cc2c99c19e8494199e8b5ec9e06c8b87f,3ee7e46399aea60603c767e0a604e79e7db233924ce71fe027a1ccc1623b7eb0,7beb41daec3d6a34c6da7696c56a982667957298f017ebe137829282b6ce7985,e6f30e55e478d39061b94e38de33959ca99b16e8cac38a3bd99b34f6543ad4a2,20260924,1.5,kinematic,noise,sigma1cm_lat0step,jonswap,strict,25.0,True,0.01,0.05,0.0,0,0.0,30.0,,e6f30e55e478d39061b94e38de33959ca99b16e8cac38a3bd99b34f6543ad4a2
ppo,False,0,aft,id,SS4,200,200,1.0,0.9811546736227335,1.0,0.0,0.0,0.0,0.0,1.0,0.0,200,0.2474672778795367,0.3190333360122278,0.24734648029044062,0.3195246288115589,0.015088423805601629,0.030737073228877372,5.881149451030999,1.5435625,1.5437500000000002,0.2469353698039606,0.2295063721568868,0,0.0,0,-0.003935378160855496,140,0.7,0.75,0,0,0,0,0,200,0,0,200,,0.6332093162728074,0.7592525531762859,0.7,0.6332093162728074,0.7592525531762859,artifacts/runs/ppo/0,ppo,10000000,final,10010624,1d67488e2ec8c8522968511a772f65cfe3d8699d,aa28e4f4fd67c42b54cc6e93b365289bca6512297f4b84c1784bb2fe48a6d1b3,26b6c49f8552f5fa626c19bab5222205eb83d294854734a23c3b0b1b3d70e14a,1a012394335c44d1e08d20f2199debaf3809d7bef96e04749817ae35b584fd49,9ddb2a992d4263426bc28033f8cd9f7f54daf7011ca67eb81f3099ecf289db6f,2ea668e37f848fc3f7a50cfb21c64435de80f878bbef01ee165e3a8e5b0e00a0,LearnedPolicy,False,jonswap,jonswap,3.12.3,2.5.2,2.13.0,2.9.0,1.3.0,3.2.7,e9fa15cc35312a5c1ecf0c42668a690b5061c090,7ebad1ecabd28a7000add2d05f888aa2e837c2cc,c7fbdcc4df48bd4a2cfe21811613e5e50e3e4868822fe6dddd13745d96692118,b98d65cc5e34337369dcd4d69d63651cc2c99c19e8494199e8b5ec9e06c8b87f,3ee7e46399aea60603c767e0a604e79e7db233924ce71fe027a1ccc1623b7eb0,7beb41daec3d6a34c6da7696c56a982667957298f017ebe137829282b6ce7985,e6f30e55e478d39061b94e38de33959ca99b16e8cac38a3bd99b34f6543ad4a2,20260924,1.5,kinematic,noise,sigma1cm_lat0step,jonswap,strict,25.0,True,0.01,0.05,0.0,0,0.0,30.0,,e6f30e55e478d39061b94e38de33959ca99b16e8cac38a3bd99b34f6543ad4a2
ppo,False,0,aft,id,SS5,200,200,1.0,0.9811546736227335,1.0,0.0,0.0,0.0,0.0,1.0,0.0,200,0.24383876984287656,0.30451923553944876,0.24377029365763736,0.30672292283516506,0.016676475014305598,0.033674074171257465,8.235665895690474,1.553125,1.5583333333333333,0.2499496107557564,0.2348777747104373,0,0.0,0,-0.004327867845314703,61,0.305,0.745,0,0,0,0,0,200,0,0,200,,0.24536415630735034,0.37198552097978366,0.305,0.24536415630735034,0.37198552097978366,artifacts/runs/ppo/0,ppo,10000000,final,10010624,1d67488e2ec8c8522968511a772f65cfe3d8699d,aa28e4f4fd67c42b54cc6e93b365289bca6512297f4b84c1784bb2fe48a6d1b3,26b6c49f8552f5fa626c19bab5222205eb83d294854734a23c3b0b1b3d70e14a,1a012394335c44d1e08d20f2199debaf3809d7bef96e04749817ae35b584fd49,9ddb2a992d4263426bc28033f8cd9f7f54daf7011ca67eb81f3099ecf289db6f,2ea668e37f848fc3f7a50cfb21c64435de80f878bbef01ee165e3a8e5b0e00a0,LearnedPolicy,False,jonswap,jonswap,3.12.3,2.5.2,2.13.0,2.9.0,1.3.0,3.2.7,e9fa15cc35312a5c1ecf0c42668a690b5061c090,7ebad1ecabd28a7000add2d05f888aa2e837c2cc,c7fbdcc4df48bd4a2cfe21811613e5e50e3e4868822fe6dddd13745d96692118,b98d65cc5e34337369dcd4d69d63651cc2c99c19e8494199e8b5ec9e06c8b87f,3ee7e46399aea60603c767e0a604e79e7db233924ce71fe027a1ccc1623b7eb0,7beb41daec3d6a34c6da7696c56a982667957298f017ebe137829282b6ce7985,e6f30e55e478d39061b94e38de33959ca99b16e8cac38a3bd99b34f6543ad4a2,20260924,1.5,kinematic,noise,sigma1cm_lat0step,jonswap,strict,25.0,True,0.01,0.05,0.0,0,0.0,30.0,,e6f30e55e478d39061b94e38de33959ca99b16e8cac38a3bd99b34f6543ad4a2
ppo,False,0,aft,id,SS6,200,198,0.99,0.9642782382838231,0.9972533418664555,0.0,0.0,0.01,0.0,0.99,0.0,200,0.24270490605952955,0.3177035345643904,0.24729254986591448,0.31754880639227506,0.016079360448166765,0.0379260445792437,11.431577492459324,1.5817083333333335,1.56875,0.2510768354576699,0.24043909077552691,0,0.0,1,-0.005107179069002727,23,0.115,0.0,0,0,0,0,0,200,0,0,200,,0.07786373232561955,0.16664716898487572,0.115,0.07786373232561955,0.16664716898487572,artifacts/runs/ppo/0,ppo,10000000,final,10010624,1d67488e2ec8c8522968511a772f65cfe3d8699d,aa28e4f4fd67c42b54cc6e93b365289bca6512297f4b84c1784bb2fe48a6d1b3,26b6c49f8552f5fa626c19bab5222205eb83d294854734a23c3b0b1b3d70e14a,1a012394335c44d1e08d20f2199debaf3809d7bef96e04749817ae35b584fd49,9ddb2a992d4263426bc28033f8cd9f7f54daf7011ca67eb81f3099ecf289db6f,2ea668e37f848fc3f7a50cfb21c64435de80f878bbef01ee165e3a8e5b0e00a0,LearnedPolicy,False,jonswap,jonswap,3.12.3,2.5.2,2.13.0,2.9.0,1.3.0,3.2.7,e9fa15cc35312a5c1ecf0c42668a690b5061c090,7ebad1ecabd28a7000add2d05f888aa2e837c2cc,c7fbdcc4df48bd4a2cfe21811613e5e50e3e4868822fe6dddd13745d96692118,b98d65cc5e34337369dcd4d69d63651cc2c99c19e8494199e8b5ec9e06c8b87f,3ee7e46399aea60603c767e0a604e79e7db233924ce71fe027a1ccc1623b7eb0,7beb41daec3d6a34c6da7696c56a982667957298f017ebe137829282b6ce7985,e6f30e55e478d39061b94e38de33959ca99b16e8cac38a3bd99b34f6543ad4a2,20260924,1.5,kinematic,noise,sigma1cm_lat0step,jonswap,strict,25.0,True,0.01,0.05,0.0,0,0.0,30.0,,e6f30e55e478d39061b94e38de33959ca99b16e8cac38a3bd99b34f6543ad4a2
ppo,False,1,aft,id,SS3,200,200,1.0,0.9811546736227335,1.0,0.0,0.0,0.0,0.0,1.0,0.0,200,0.24734369941042783,0.30845560841775466,0.24745184999294345,0.30853131311773674,0.012852453294296705,0.02939463903877919,4.875692352619379,1.5403958333333332,1.5416666666666667,0.2643576974151629,0.22448634777284263,0,0.0,0,-0.003279141095258868,191,0.955,0.755,0,0,0,0,0,200,0,0,200,,0.9167032959981803,0.976147456998507,0.955,0.9167032959981803,0.976147456998507,artifacts/runs/ppo/1,ppo,10000000,final,10010624,1d67488e2ec8c8522968511a772f65cfe3d8699d,aa28e4f4fd67c42b54cc6e93b365289bca6512297f4b84c1784bb2fe48a6d1b3,26b6c49f8552f5fa626c19bab5222205eb83d294854734a23c3b0b1b3d70e14a,77e172f4133c465b39c1f770f59e892666d3c9109a0d74da434e54a2c3a5294b,a82172a5d0cdab6b63ae362ee461ed3fa67d30136b83e87be42a72da47da455f,8d1481982a00eb2ce0ff3666e34c32e7d7d1a5c92dbb3206d2b5c46f3255e70a,LearnedPolicy,False,jonswap,jonswap,3.12.3,2.5.2,2.13.0,2.9.0,1.3.0,3.2.7,e9fa15cc35312a5c1ecf0c42668a690b5061c090,7ebad1ecabd28a7000add2d05f888aa2e837c2cc,c7fbdcc4df48bd4a2cfe21811613e5e50e3e4868822fe6dddd13745d96692118,b98d65cc5e34337369dcd4d69d63651cc2c99c19e8494199e8b5ec9e06c8b87f,3ee7e46399aea60603c767e0a604e79e7db233924ce71fe027a1ccc1623b7eb0,7beb41daec3d6a34c6da7696c56a982667957298f017ebe137829282b6ce7985,e6f30e55e478d39061b94e38de33959ca99b16e8cac38a3bd99b34f6543ad4a2,20260924,1.5,kinematic,noise,sigma1cm_lat0step,jonswap,strict,25.0,True,0.01,0.05,0.0,0,0.0,30.0,,e6f30e55e478d39061b94e38de33959ca99b16e8cac38a3bd99b34f6543ad4a2
ppo,False,1,aft,id,SS4,200,200,1.0,0.9811546736227335,1.0,0.0,0.0,0.0,0.0,1.0,0.0,200,0.24613570920943312,0.320703714692474,0.2462916368141136,0.32371673449363264,0.013984542566366186,0.02793046446329673,5.776131066971786,1.5421458333333333,1.5416666666666667,0.2672153943538433,0.22402792780099617,0,0.0,0,-0.004237619121087753,139,0.695,0.75,0,0,0,0,0,200,0,0,200,,0.6280144790202163,0.7546358436926496,0.695,0.6280144790202163,0.7546358436926496,artifacts/runs/ppo/1,ppo,10000000,final,10010624,1d67488e2ec8c8522968511a772f65cfe3d8699d,aa28e4f4fd67c42b54cc6e93b365289bca6512297f4b84c1784bb2fe48a6d1b3,26b6c49f8552f5fa626c19bab5222205eb83d294854734a23c3b0b1b3d70e14a,77e172f4133c465b39c1f770f59e892666d3c9109a0d74da434e54a2c3a5294b,a82172a5d0cdab6b63ae362ee461ed3fa67d30136b83e87be42a72da47da455f,8d1481982a00eb2ce0ff3666e34c32e7d7d1a5c92dbb3206d2b5c46f3255e70a,LearnedPolicy,False,jonswap,jonswap,3.12.3,2.5.2,2.13.0,2.9.0,1.3.0,3.2.7,e9fa15cc35312a5c1ecf0c42668a690b5061c090,7ebad1ecabd28a7000add2d05f888aa2e837c2cc,c7fbdcc4df48bd4a2cfe21811613e5e50e3e4868822fe6dddd13745d96692118,b98d65cc5e34337369dcd4d69d63651cc2c99c19e8494199e8b5ec9e06c8b87f,3ee7e46399aea60603c767e0a604e79e7db233924ce71fe027a1ccc1623b7eb0,7beb41daec3d6a34c6da7696c56a982667957298f017ebe137829282b6ce7985,e6f30e55e478d39061b94e38de33959ca99b16e8cac38a3bd99b34f6543ad4a2,20260924,1.5,kinematic,noise,sigma1cm_lat0step,jonswap,strict,25.0,True,0.01,0.05,0.0,0,0.0,30.0,,e6f30e55e478d39061b94e38de33959ca99b16e8cac38a3bd99b34f6543ad4a2
ppo,False,1,aft,id,SS5,200,200,1.0,0.9811546736227335,1.0,0.0,0.0,0.0,0.0,1.0,0.0,200,0.2411750024452642,0.29826868333449474,0.2442066049128257,0.3011677160638985,0.01432034067857895,0.027474055528626716,9.001868335096074,1.550875,1.5541666666666667,0.2689661606076759,0.22684134017664026,0,0.0,0,-0.0048073218634073975,59,0.295,0.745,0,0,0,0,0,200,0,0,200,,0.23613943856849148,0.36158714524618774,0.295,0.23613943856849148,0.36158714524618774,artifacts/runs/ppo/1,ppo,10000000,final,10010624,1d67488e2ec8c8522968511a772f65cfe3d8699d,aa28e4f4fd67c42b54cc6e93b365289bca6512297f4b84c1784bb2fe48a6d1b3,26b6c49f8552f5fa626c19bab5222205eb83d294854734a23c3b0b1b3d70e14a,77e172f4133c465b39c1f770f59e892666d3c9109a0d74da434e54a2c3a5294b,a82172a5d0cdab6b63ae362ee461ed3fa67d30136b83e87be42a72da47da455f,8d1481982a00eb2ce0ff3666e34c32e7d7d1a5c92dbb3206d2b5c46f3255e70a,LearnedPolicy,False,jonswap,jonswap,3.12.3,2.5.2,2.13.0,2.9.0,1.3.0,3.2.7,e9fa15cc35312a5c1ecf0c42668a690b5061c090,7ebad1ecabd28a7000add2d05f888aa2e837c2cc,c7fbdcc4df48bd4a2cfe21811613e5e50e3e4868822fe6dddd13745d96692118,b98d65cc5e34337369dcd4d69d63651cc2c99c19e8494199e8b5ec9e06c8b87f,3ee7e46399aea60603c767e0a604e79e7db233924ce71fe027a1ccc1623b7eb0,7beb41daec3d6a34c6da7696c56a982667957298f017ebe137829282b6ce7985,e6f30e55e478d39061b94e38de33959ca99b16e8cac38a3bd99b34f6543ad4a2,20260924,1.5,kinematic,noise,sigma1cm_lat0step,jonswap,strict,25.0,True,0.01,0.05,0.0,0,0.0,30.0,,e6f30e55e478d39061b94e38de33959ca99b16e8cac38a3bd99b34f6543ad4a2
ppo,False,1,aft,id,SS6,200,194,0.97,0.9361057075454807,0.9861796856598887,0.0,0.0,0.02,0.01,0.97,0.0,200,0.2459329565281287,0.31846290055244125,0.25058001166249777,0.32414379296362505,0.014328726129328583,0.030426392210454112,11.806516526927949,1.5746458333333333,1.5666666666666667,0.2699831005683527,0.22733233084261756,0,0.0,3,-0.005694178555420642,23,0.115,0.0,0,0,0,0,0,196,4,0,200,,0.07786373232561955,0.16664716898487572,0.115,0.07786373232561955,0.16664716898487572,artifacts/runs/ppo/1,ppo,10000000,final,10010624,1d67488e2ec8c8522968511a772f65cfe3d8699d,aa28e4f4fd67c42b54cc6e93b365289bca6512297f4b84c1784bb2fe48a6d1b3,26b6c49f8552f5fa626c19bab5222205eb83d294854734a23c3b0b1b3d70e14a,77e172f4133c465b39c1f770f59e892666d3c9109a0d74da434e54a2c3a5294b,a82172a5d0cdab6b63ae362ee461ed3fa67d30136b83e87be42a72da47da455f,8d1481982a00eb2ce0ff3666e34c32e7d7d1a5c92dbb3206d2b5c46f3255e70a,LearnedPolicy,False,jonswap,jonswap,3.12.3,2.5.2,2.13.0,2.9.0,1.3.0,3.2.7,e9fa15cc35312a5c1ecf0c42668a690b5061c090,7ebad1ecabd28a7000add2d05f888aa2e837c2cc,c7fbdcc4df48bd4a2cfe21811613e5e50e3e4868822fe6dddd13745d96692118,b98d65cc5e34337369dcd4d69d63651cc2c99c19e8494199e8b5ec9e06c8b87f,3ee7e46399aea60603c767e0a604e79e7db233924ce71fe027a1ccc1623b7eb0,7beb41daec3d6a34c6da7696c56a982667957298f017ebe137829282b6ce7985,e6f30e55e478d39061b94e38de33959ca99b16e8cac38a3bd99b34f6543ad4a2,20260924,1.5,kinematic,noise,sigma1cm_lat0step,jonswap,strict,25.0,True,0.01,0.05,0.0,0,0.0,30.0,,e6f30e55e478d39061b94e38de33959ca99b16e8cac38a3bd99b34f6543ad4a2
ppo,False,2,aft,id,SS3,200,200,1.0,0.9811546736227335,1.0,0.0,0.0,0.0,0.0,1.0,0.0,200,0.24343361477265013,0.30324997431801887,0.24420030188495795,0.3032909530060279,0.011132786976432728,0.023415053003337957,4.423006101789665,1.5547916666666668,1.5583333333333333,0.22875013220935914,0.23131000449501626,0,0.0,0,-0.002703302274339184,191,0.955,0.755,0,0,0,0,0,200,0,0,200,,0.9167032959981803,0.976147456998507,0.955,0.9167032959981803,0.976147456998507,artifacts/runs/ppo/2,ppo,10000000,final,10010624,1d67488e2ec8c8522968511a772f65cfe3d8699d,aa28e4f4fd67c42b54cc6e93b365289bca6512297f4b84c1784bb2fe48a6d1b3,26b6c49f8552f5fa626c19bab5222205eb83d294854734a23c3b0b1b3d70e14a,785d07894e5792c21be9101064cf625c2f21171047f56684d5a0e9b55a6aee91,9a95795a0e61c02e4389f547b94a9dd08c0912af60a5e2094e5cc314ffbfabc3,02bd6e2fc9633ae4e89365c42d519dc4e8ef0c67d17be4050ff3a485b90047de,LearnedPolicy,False,jonswap,jonswap,3.12.3,2.5.2,2.13.0,2.9.0,1.3.0,3.2.7,e9fa15cc35312a5c1ecf0c42668a690b5061c090,7ebad1ecabd28a7000add2d05f888aa2e837c2cc,c7fbdcc4df48bd4a2cfe21811613e5e50e3e4868822fe6dddd13745d96692118,b98d65cc5e34337369dcd4d69d63651cc2c99c19e8494199e8b5ec9e06c8b87f,3ee7e46399aea60603c767e0a604e79e7db233924ce71fe027a1ccc1623b7eb0,7beb41daec3d6a34c6da7696c56a982667957298f017ebe137829282b6ce7985,e6f30e55e478d39061b94e38de33959ca99b16e8cac38a3bd99b34f6543ad4a2,20260924,1.5,kinematic,noise,sigma1cm_lat0step,jonswap,strict,25.0,True,0.01,0.05,0.0,0,0.0,30.0,,e6f30e55e478d39061b94e38de33959ca99b16e8cac38a3bd99b34f6543ad4a2
ppo,False,2,aft,id,SS4,200,200,1.0,0.9811546736227335,1.0,0.0,0.0,0.0,0.0,1.0,0.0,200,0.24513508706843282,0.32500459816386157,0.24572409678206864,0.32452066409578484,0.01249659458051591,0.02453800419673745,5.740086796371107,1.5568333333333333,1.5583333333333333,0.23177618188458027,0.22913887625395268,0,0.0,0,-0.0027055171111911064,140,0.7,0.75,0,0,0,0,0,200,0,0,200,,0.6332093162728074,0.7592525531762859,0.7,0.6332093162728074,0.7592525531762859,artifacts/runs/ppo/2,ppo,10000000,final,10010624,1d67488e2ec8c8522968511a772f65cfe3d8699d,aa28e4f4fd67c42b54cc6e93b365289bca6512297f4b84c1784bb2fe48a6d1b3,26b6c49f8552f5fa626c19bab5222205eb83d294854734a23c3b0b1b3d70e14a,785d07894e5792c21be9101064cf625c2f21171047f56684d5a0e9b55a6aee91,9a95795a0e61c02e4389f547b94a9dd08c0912af60a5e2094e5cc314ffbfabc3,02bd6e2fc9633ae4e89365c42d519dc4e8ef0c67d17be4050ff3a485b90047de,LearnedPolicy,False,jonswap,jonswap,3.12.3,2.5.2,2.13.0,2.9.0,1.3.0,3.2.7,e9fa15cc35312a5c1ecf0c42668a690b5061c090,7ebad1ecabd28a7000add2d05f888aa2e837c2cc,c7fbdcc4df48bd4a2cfe21811613e5e50e3e4868822fe6dddd13745d96692118,b98d65cc5e34337369dcd4d69d63651cc2c99c19e8494199e8b5ec9e06c8b87f,3ee7e46399aea60603c767e0a604e79e7db233924ce71fe027a1ccc1623b7eb0,7beb41daec3d6a34c6da7696c56a982667957298f017ebe137829282b6ce7985,e6f30e55e478d39061b94e38de33959ca99b16e8cac38a3bd99b34f6543ad4a2,20260924,1.5,kinematic,noise,sigma1cm_lat0step,jonswap,strict,25.0,True,0.01,0.05,0.0,0,0.0,30.0,,e6f30e55e478d39061b94e38de33959ca99b16e8cac38a3bd99b34f6543ad4a2
ppo,False,2,aft,id,SS5,200,200,1.0,0.9811546736227335,1.0,0.0,0.0,0.0,0.0,1.0,0.0,200,0.23823579210443668,0.31828824084609464,0.23922564554780157,0.3174982303299734,0.014262417425775676,0.03439394209435866,8.774576308159535,1.5614791666666668,1.5625,0.23631199286604143,0.23603990290620103,0,0.0,0,-0.004974061849765727,61,0.305,0.745,0,0,0,0,0,200,0,0,200,,0.24536415630735034,0.37198552097978366,0.305,0.24536415630735034,0.37198552097978366,artifacts/runs/ppo/2,ppo,10000000,final,10010624,1d67488e2ec8c8522968511a772f65cfe3d8699d,aa28e4f4fd67c42b54cc6e93b365289bca6512297f4b84c1784bb2fe48a6d1b3,26b6c49f8552f5fa626c19bab5222205eb83d294854734a23c3b0b1b3d70e14a,785d07894e5792c21be9101064cf625c2f21171047f56684d5a0e9b55a6aee91,9a95795a0e61c02e4389f547b94a9dd08c0912af60a5e2094e5cc314ffbfabc3,02bd6e2fc9633ae4e89365c42d519dc4e8ef0c67d17be4050ff3a485b90047de,LearnedPolicy,False,jonswap,jonswap,3.12.3,2.5.2,2.13.0,2.9.0,1.3.0,3.2.7,e9fa15cc35312a5c1ecf0c42668a690b5061c090,7ebad1ecabd28a7000add2d05f888aa2e837c2cc,c7fbdcc4df48bd4a2cfe21811613e5e50e3e4868822fe6dddd13745d96692118,b98d65cc5e34337369dcd4d69d63651cc2c99c19e8494199e8b5ec9e06c8b87f,3ee7e46399aea60603c767e0a604e79e7db233924ce71fe027a1ccc1623b7eb0,7beb41daec3d6a34c6da7696c56a982667957298f017ebe137829282b6ce7985,e6f30e55e478d39061b94e38de33959ca99b16e8cac38a3bd99b34f6543ad4a2,20260924,1.5,kinematic,noise,sigma1cm_lat0step,jonswap,strict,25.0,True,0.01,0.05,0.0,0,0.0,30.0,,e6f30e55e478d39061b94e38de33959ca99b16e8cac38a3bd99b34f6543ad4a2
ppo,False,2,aft,id,SS6,200,197,0.985,0.9568342712073097,0.9948857622067417,0.0,0.0,0.015,0.0,0.985,0.0,200,0.24140776071972625,0.312155942876225,0.2452187149829326,0.313167267844623,0.016786515376017448,0.03963851814301992,11.397202627301494,1.60225,1.5833333333333333,0.23697713882518912,0.23790834143253747,1,0.005,1,-0.005624430348330913,23,0.115,0.0,0,0,0,0,0,199,1,0,200,,0.07786373232561955,0.16664716898487572,0.115,0.07786373232561955,0.16664716898487572,artifacts/runs/ppo/2,ppo,10000000,final,10010624,1d67488e2ec8c8522968511a772f65cfe3d8699d,aa28e4f4fd67c42b54cc6e93b365289bca6512297f4b84c1784bb2fe48a6d1b3,26b6c49f8552f5fa626c19bab5222205eb83d294854734a23c3b0b1b3d70e14a,785d07894e5792c21be9101064cf625c2f21171047f56684d5a0e9b55a6aee91,9a95795a0e61c02e4389f547b94a9dd08c0912af60a5e2094e5cc314ffbfabc3,02bd6e2fc9633ae4e89365c42d519dc4e8ef0c67d17be4050ff3a485b90047de,LearnedPolicy,False,jonswap,jonswap,3.12.3,2.5.2,2.13.0,2.9.0,1.3.0,3.2.7,e9fa15cc35312a5c1ecf0c42668a690b5061c090,7ebad1ecabd28a7000add2d05f888aa2e837c2cc,c7fbdcc4df48bd4a2cfe21811613e5e50e3e4868822fe6dddd13745d96692118,b98d65cc5e34337369dcd4d69d63651cc2c99c19e8494199e8b5ec9e06c8b87f,3ee7e46399aea60603c767e0a604e79e7db233924ce71fe027a1ccc1623b7eb0,7beb41daec3d6a34c6da7696c56a982667957298f017ebe137829282b6ce7985,e6f30e55e478d39061b94e38de33959ca99b16e8cac38a3bd99b34f6543ad4a2,20260924,1.5,kinematic,noise,sigma1cm_lat0step,jonswap,strict,25.0,True,0.01,0.05,0.0,0,0.0,30.0,,e6f30e55e478d39061b94e38de33959ca99b16e8cac38a3bd99b34f6543ad4a2
ppo,False,3,aft,id,SS3,200,200,1.0,0.9811546736227335,1.0,0.0,0.0,0.0,0.0,1.0,0.0,200,0.24764826948805244,0.306495064924791,0.2477140431085167,0.3070530327551713,0.011189978878028651,0.02395123812489529,4.860103125138517,1.520375,1.5187499999999998,0.24578549415772724,0.22214528200191055,0,0.0,0,-0.0026580279762753183,191,0.955,0.755,0,0,0,0,0,200,0,0,200,,0.9167032959981803,0.976147456998507,0.955,0.9167032959981803,0.976147456998507,artifacts/runs/ppo/3,ppo,10000000,final,10010624,1d67488e2ec8c8522968511a772f65cfe3d8699d,aa28e4f4fd67c42b54cc6e93b365289bca6512297f4b84c1784bb2fe48a6d1b3,26b6c49f8552f5fa626c19bab5222205eb83d294854734a23c3b0b1b3d70e14a,ab7152483da4fd50de264a3f0daaffb37cb7febe316803c154b3ed5a494f4d8f,97bb0f4a9cea41eba346cbef16d10a8fd2e625280036dca49859e9d49d7d98f7,e06fa8718729185b93b0874dab70fd01f0cf9fa14cf7de867d18c5555d8c8858,LearnedPolicy,False,jonswap,jonswap,3.12.3,2.5.2,2.13.0,2.9.0,1.3.0,3.2.7,e9fa15cc35312a5c1ecf0c42668a690b5061c090,7ebad1ecabd28a7000add2d05f888aa2e837c2cc,c7fbdcc4df48bd4a2cfe21811613e5e50e3e4868822fe6dddd13745d96692118,b98d65cc5e34337369dcd4d69d63651cc2c99c19e8494199e8b5ec9e06c8b87f,3ee7e46399aea60603c767e0a604e79e7db233924ce71fe027a1ccc1623b7eb0,7beb41daec3d6a34c6da7696c56a982667957298f017ebe137829282b6ce7985,e6f30e55e478d39061b94e38de33959ca99b16e8cac38a3bd99b34f6543ad4a2,20260924,1.5,kinematic,noise,sigma1cm_lat0step,jonswap,strict,25.0,True,0.01,0.05,0.0,0,0.0,30.0,,e6f30e55e478d39061b94e38de33959ca99b16e8cac38a3bd99b34f6543ad4a2
ppo,False,3,aft,id,SS4,200,200,1.0,0.9811546736227335,1.0,0.0,0.0,0.0,0.0,1.0,0.0,200,0.25037509501817384,0.3180160009981789,0.25135224423660796,0.3181690105029117,0.011976021443098537,0.02536982222496252,5.712401132017991,1.523166666666667,1.5229166666666667,0.24811489199814304,0.219073382725438,0,0.0,0,-0.003318932444061594,141,0.705,0.75,0,0,0,0,0,200,0,0,200,,0.6384128547538122,0.7638605614315084,0.705,0.6384128547538122,0.7638605614315084,artifacts/runs/ppo/3,ppo,10000000,final,10010624,1d67488e2ec8c8522968511a772f65cfe3d8699d,aa28e4f4fd67c42b54cc6e93b365289bca6512297f4b84c1784bb2fe48a6d1b3,26b6c49f8552f5fa626c19bab5222205eb83d294854734a23c3b0b1b3d70e14a,ab7152483da4fd50de264a3f0daaffb37cb7febe316803c154b3ed5a494f4d8f,97bb0f4a9cea41eba346cbef16d10a8fd2e625280036dca49859e9d49d7d98f7,e06fa8718729185b93b0874dab70fd01f0cf9fa14cf7de867d18c5555d8c8858,LearnedPolicy,False,jonswap,jonswap,3.12.3,2.5.2,2.13.0,2.9.0,1.3.0,3.2.7,e9fa15cc35312a5c1ecf0c42668a690b5061c090,7ebad1ecabd28a7000add2d05f888aa2e837c2cc,c7fbdcc4df48bd4a2cfe21811613e5e50e3e4868822fe6dddd13745d96692118,b98d65cc5e34337369dcd4d69d63651cc2c99c19e8494199e8b5ec9e06c8b87f,3ee7e46399aea60603c767e0a604e79e7db233924ce71fe027a1ccc1623b7eb0,7beb41daec3d6a34c6da7696c56a982667957298f017ebe137829282b6ce7985,e6f30e55e478d39061b94e38de33959ca99b16e8cac38a3bd99b34f6543ad4a2,20260924,1.5,kinematic,noise,sigma1cm_lat0step,jonswap,strict,25.0,True,0.01,0.05,0.0,0,0.0,30.0,,e6f30e55e478d39061b94e38de33959ca99b16e8cac38a3bd99b34f6543ad4a2
ppo,False,3,aft,id,SS5,200,200,1.0,0.9811546736227335,1.0,0.0,0.0,0.0,0.0,1.0,0.0,200,0.2409591313400351,0.3098929706504664,0.24180386442920798,0.311199687150227,0.012669289304585399,0.02431843618208766,8.119042878794117,1.5285416666666665,1.5291666666666666,0.2507383505562032,0.2225085705992462,0,0.0,1,-0.005116736253293416,62,0.31,0.745,0,0,0,0,0,200,0,0,200,,0.2499894483607809,0.37717177566258037,0.31,0.2499894483607809,0.37717177566258037,artifacts/runs/ppo/3,ppo,10000000,final,10010624,1d67488e2ec8c8522968511a772f65cfe3d8699d,aa28e4f4fd67c42b54cc6e93b365289bca6512297f4b84c1784bb2fe48a6d1b3,26b6c49f8552f5fa626c19bab5222205eb83d294854734a23c3b0b1b3d70e14a,ab7152483da4fd50de264a3f0daaffb37cb7febe316803c154b3ed5a494f4d8f,97bb0f4a9cea41eba346cbef16d10a8fd2e625280036dca49859e9d49d7d98f7,e06fa8718729185b93b0874dab70fd01f0cf9fa14cf7de867d18c5555d8c8858,LearnedPolicy,False,jonswap,jonswap,3.12.3,2.5.2,2.13.0,2.9.0,1.3.0,3.2.7,e9fa15cc35312a5c1ecf0c42668a690b5061c090,7ebad1ecabd28a7000add2d05f888aa2e837c2cc,c7fbdcc4df48bd4a2cfe21811613e5e50e3e4868822fe6dddd13745d96692118,b98d65cc5e34337369dcd4d69d63651cc2c99c19e8494199e8b5ec9e06c8b87f,3ee7e46399aea60603c767e0a604e79e7db233924ce71fe027a1ccc1623b7eb0,7beb41daec3d6a34c6da7696c56a982667957298f017ebe137829282b6ce7985,e6f30e55e478d39061b94e38de33959ca99b16e8cac38a3bd99b34f6543ad4a2,20260924,1.5,kinematic,noise,sigma1cm_lat0step,jonswap,strict,25.0,True,0.01,0.05,0.0,0,0.0,30.0,,e6f30e55e478d39061b94e38de33959ca99b16e8cac38a3bd99b34f6543ad4a2
ppo,False,3,aft,id,SS6,200,198,0.99,0.9642782382838231,0.9972533418664555,0.0,0.0,0.01,0.0,0.99,0.0,200,0.25231997611743373,0.3285702627522798,0.2528528270387238,0.33556942536367507,0.012368161943394827,0.036815805260946695,10.788318128788186,1.5744375,1.55,0.24913848949028136,0.22061457718027458,0,0.0,1,-0.005104418816891738,24,0.12,0.0,0,0,0,0,0,200,0,0,200,,0.08197992706375512,0.17234252098296743,0.12,0.08197992706375512,0.17234252098296743,artifacts/runs/ppo/3,ppo,10000000,final,10010624,1d67488e2ec8c8522968511a772f65cfe3d8699d,aa28e4f4fd67c42b54cc6e93b365289bca6512297f4b84c1784bb2fe48a6d1b3,26b6c49f8552f5fa626c19bab5222205eb83d294854734a23c3b0b1b3d70e14a,ab7152483da4fd50de264a3f0daaffb37cb7febe316803c154b3ed5a494f4d8f,97bb0f4a9cea41eba346cbef16d10a8fd2e625280036dca49859e9d49d7d98f7,e06fa8718729185b93b0874dab70fd01f0cf9fa14cf7de867d18c5555d8c8858,LearnedPolicy,False,jonswap,jonswap,3.12.3,2.5.2,2.13.0,2.9.0,1.3.0,3.2.7,e9fa15cc35312a5c1ecf0c42668a690b5061c090,7ebad1ecabd28a7000add2d05f888aa2e837c2cc,c7fbdcc4df48bd4a2cfe21811613e5e50e3e4868822fe6dddd13745d96692118,b98d65cc5e34337369dcd4d69d63651cc2c99c19e8494199e8b5ec9e06c8b87f,3ee7e46399aea60603c767e0a604e79e7db233924ce71fe027a1ccc1623b7eb0,7beb41daec3d6a34c6da7696c56a982667957298f017ebe137829282b6ce7985,e6f30e55e478d39061b94e38de33959ca99b16e8cac38a3bd99b34f6543ad4a2,20260924,1.5,kinematic,noise,sigma1cm_lat0step,jonswap,strict,25.0,True,0.01,0.05,0.0,0,0.0,30.0,,e6f30e55e478d39061b94e38de33959ca99b16e8cac38a3bd99b34f6543ad4a2
ppo,False,4,aft,id,SS3,200,200,1.0,0.9811546736227335,1.0,0.0,0.0,0.0,0.0,1.0,0.0,200,0.24210680705665905,0.3007586719225079,0.24152865396801773,0.30070305394444835,0.012588116854753775,0.026195191054864307,4.704332622490364,1.5743541666666665,1.5666666666666667,0.24020561552705239,0.22877848281254917,0,0.0,0,-0.0031670691134322074,191,0.955,0.755,0,0,0,0,0,200,0,0,200,,0.9167032959981803,0.976147456998507,0.955,0.9167032959981803,0.976147456998507,artifacts/runs/ppo/4,ppo,10000000,final,10010624,1d67488e2ec8c8522968511a772f65cfe3d8699d,aa28e4f4fd67c42b54cc6e93b365289bca6512297f4b84c1784bb2fe48a6d1b3,26b6c49f8552f5fa626c19bab5222205eb83d294854734a23c3b0b1b3d70e14a,0f6fa22d0d78ca95d6921cbffd3a3f33256b0b062e60450732bc5ff3d852289b,6e5d7599d8b22d2faeae0c29e77815969a718294a40510afc7a7f4c6eeba4d38,25ca4106038d25702886c8826640f3a64cf21ce82006e4cae60c158511cd7d6e,LearnedPolicy,False,jonswap,jonswap,3.12.3,2.5.2,2.13.0,2.9.0,1.3.0,3.2.7,e9fa15cc35312a5c1ecf0c42668a690b5061c090,7ebad1ecabd28a7000add2d05f888aa2e837c2cc,c7fbdcc4df48bd4a2cfe21811613e5e50e3e4868822fe6dddd13745d96692118,b98d65cc5e34337369dcd4d69d63651cc2c99c19e8494199e8b5ec9e06c8b87f,3ee7e46399aea60603c767e0a604e79e7db233924ce71fe027a1ccc1623b7eb0,7beb41daec3d6a34c6da7696c56a982667957298f017ebe137829282b6ce7985,e6f30e55e478d39061b94e38de33959ca99b16e8cac38a3bd99b34f6543ad4a2,20260924,1.5,kinematic,noise,sigma1cm_lat0step,jonswap,strict,25.0,True,0.01,0.05,0.0,0,0.0,30.0,,e6f30e55e478d39061b94e38de33959ca99b16e8cac38a3bd99b34f6543ad4a2
ppo,False,4,aft,id,SS4,200,200,1.0,0.9811546736227335,1.0,0.0,0.0,0.0,0.0,1.0,0.0,200,0.24352886669910578,0.3060099191578097,0.24294070339388077,0.3062356601448455,0.011875531910556023,0.023242995740380558,6.240131717954036,1.5806875000000002,1.5833333333333333,0.24037770871174305,0.229686168024735,0,0.0,0,-0.003476737743429339,139,0.695,0.75,0,0,0,0,0,200,0,0,200,,0.6280144790202163,0.7546358436926496,0.695,0.6280144790202163,0.7546358436926496,artifacts/runs/ppo/4,ppo,10000000,final,10010624,1d67488e2ec8c8522968511a772f65cfe3d8699d,aa28e4f4fd67c42b54cc6e93b365289bca6512297f4b84c1784bb2fe48a6d1b3,26b6c49f8552f5fa626c19bab5222205eb83d294854734a23c3b0b1b3d70e14a,0f6fa22d0d78ca95d6921cbffd3a3f33256b0b062e60450732bc5ff3d852289b,6e5d7599d8b22d2faeae0c29e77815969a718294a40510afc7a7f4c6eeba4d38,25ca4106038d25702886c8826640f3a64cf21ce82006e4cae60c158511cd7d6e,LearnedPolicy,False,jonswap,jonswap,3.12.3,2.5.2,2.13.0,2.9.0,1.3.0,3.2.7,e9fa15cc35312a5c1ecf0c42668a690b5061c090,7ebad1ecabd28a7000add2d05f888aa2e837c2cc,c7fbdcc4df48bd4a2cfe21811613e5e50e3e4868822fe6dddd13745d96692118,b98d65cc5e34337369dcd4d69d63651cc2c99c19e8494199e8b5ec9e06c8b87f,3ee7e46399aea60603c767e0a604e79e7db233924ce71fe027a1ccc1623b7eb0,7beb41daec3d6a34c6da7696c56a982667957298f017ebe137829282b6ce7985,e6f30e55e478d39061b94e38de33959ca99b16e8cac38a3bd99b34f6543ad4a2,20260924,1.5,kinematic,noise,sigma1cm_lat0step,jonswap,strict,25.0,True,0.01,0.05,0.0,0,0.0,30.0,,e6f30e55e478d39061b94e38de33959ca99b16e8cac38a3bd99b34f6543ad4a2
ppo,False,4,aft,id,SS5,200,200,1.0,0.9811546736227335,1.0,0.0,0.0,0.0,0.0,1.0,0.0,200,0.23749372035947186,0.29985810223061576,0.23920561506439236,0.3037285401215249,0.012797286253606086,0.02671123815127927,8.480290567182944,1.5902916666666667,1.5875,0.24271031231385728,0.23388426223141967,0,0.0,0,-0.004561965437700654,61,0.305,0.745,0,0,0,0,0,200,0,0,200,,0.24536415630735034,0.37198552097978366,0.305,0.24536415630735034,0.37198552097978366,artifacts/runs/ppo/4,ppo,10000000,final,10010624,1d67488e2ec8c8522968511a772f65cfe3d8699d,aa28e4f4fd67c42b54cc6e93b365289bca6512297f4b84c1784bb2fe48a6d1b3,26b6c49f8552f5fa626c19bab5222205eb83d294854734a23c3b0b1b3d70e14a,0f6fa22d0d78ca95d6921cbffd3a3f33256b0b062e60450732bc5ff3d852289b,6e5d7599d8b22d2faeae0c29e77815969a718294a40510afc7a7f4c6eeba4d38,25ca4106038d25702886c8826640f3a64cf21ce82006e4cae60c158511cd7d6e,LearnedPolicy,False,jonswap,jonswap,3.12.3,2.5.2,2.13.0,2.9.0,1.3.0,3.2.7,e9fa15cc35312a5c1ecf0c42668a690b5061c090,7ebad1ecabd28a7000add2d05f888aa2e837c2cc,c7fbdcc4df48bd4a2cfe21811613e5e50e3e4868822fe6dddd13745d96692118,b98d65cc5e34337369dcd4d69d63651cc2c99c19e8494199e8b5ec9e06c8b87f,3ee7e46399aea60603c767e0a604e79e7db233924ce71fe027a1ccc1623b7eb0,7beb41daec3d6a34c6da7696c56a982667957298f017ebe137829282b6ce7985,e6f30e55e478d39061b94e38de33959ca99b16e8cac38a3bd99b34f6543ad4a2,20260924,1.5,kinematic,noise,sigma1cm_lat0step,jonswap,strict,25.0,True,0.01,0.05,0.0,0,0.0,30.0,,e6f30e55e478d39061b94e38de33959ca99b16e8cac38a3bd99b34f6543ad4a2
ppo,False,4,aft,id,SS6,200,196,0.98,0.9497129130941735,0.9921955735836505,0.0,0.0,0.02,0.0,0.98,0.0,200,0.23695108959455433,0.31062186647565515,0.24123364518982388,0.30916090679729624,0.015259122642317179,0.03352907096225607,11.816128890564885,1.6189583333333335,1.61875,0.24073727296271513,0.2326014578950066,0,0.0,3,-0.005700965145616255,21,0.105,0.0,0,0,0,0,0,199,1,0,200,,0.06970748792681017,0.1551803199112304,0.105,0.06970748792681017,0.1551803199112304,artifacts/runs/ppo/4,ppo,10000000,final,10010624,1d67488e2ec8c8522968511a772f65cfe3d8699d,aa28e4f4fd67c42b54cc6e93b365289bca6512297f4b84c1784bb2fe48a6d1b3,26b6c49f8552f5fa626c19bab5222205eb83d294854734a23c3b0b1b3d70e14a,0f6fa22d0d78ca95d6921cbffd3a3f33256b0b062e60450732bc5ff3d852289b,6e5d7599d8b22d2faeae0c29e77815969a718294a40510afc7a7f4c6eeba4d38,25ca4106038d25702886c8826640f3a64cf21ce82006e4cae60c158511cd7d6e,LearnedPolicy,False,jonswap,jonswap,3.12.3,2.5.2,2.13.0,2.9.0,1.3.0,3.2.7,e9fa15cc35312a5c1ecf0c42668a690b5061c090,7ebad1ecabd28a7000add2d05f888aa2e837c2cc,c7fbdcc4df48bd4a2cfe21811613e5e50e3e4868822fe6dddd13745d96692118,b98d65cc5e34337369dcd4d69d63651cc2c99c19e8494199e8b5ec9e06c8b87f,3ee7e46399aea60603c767e0a604e79e7db233924ce71fe027a1ccc1623b7eb0,7beb41daec3d6a34c6da7696c56a982667957298f017ebe137829282b6ce7985,e6f30e55e478d39061b94e38de33959ca99b16e8cac38a3bd99b34f6543ad4a2,20260924,1.5,kinematic,noise,sigma1cm_lat0step,jonswap,strict,25.0,True,0.01,0.05,0.0,0,0.0,30.0,,e6f30e55e478d39061b94e38de33959ca99b16e8cac38a3bd99b34f6543ad4a2
sac,False,0,aft,id,SS3,200,197,0.985,0.9568342712073097,0.9948857622067417,0.0,0.005,0.005,0.005,0.985,0.0,200,0.34162155563418506,0.43139817826731425,0.3427376692871287,0.42945742085904914,0.02328405510915388,0.05162916927887766,8.891828191071971,1.1746458333333334,1.1708333333333334,0.6493246023227428,0.5539080079591188,0,0.0,2,-0.005325718139517056,191,0.955,0.755,0,0,0,0,0,198,2,0,200,,0.9167032959981803,0.976147456998507,0.955,0.9167032959981803,0.976147456998507,artifacts/runs/sac/0,sac,2000000,final,2000000,14d7f32bf25e34a16fe3677cdab869c107881536,04af3f42a26542592ae4f363f65c6e5d7add8aeafb0ca57a9a91656a83c5623d,a46f94152e99cd325ec30eb7de6c25c79be05c2294519eddee235e09b8bf5159,3401491ed458d6d474879747c9951dcd51ee8cb8cc761762d78de5b8f4271222,145883fa0744dbaa9bdd35d50f7069f67ed4e6a269023e7d19c524825ca1755b,93dce22b2e888e64cef832c51e9fd69a23b7240739883bba0d0b452edbd0e43a,LearnedPolicy,False,jonswap,jonswap,3.12.3,2.5.2,2.13.0,2.9.0,1.3.0,3.2.7,e9fa15cc35312a5c1ecf0c42668a690b5061c090,7ebad1ecabd28a7000add2d05f888aa2e837c2cc,c7fbdcc4df48bd4a2cfe21811613e5e50e3e4868822fe6dddd13745d96692118,b98d65cc5e34337369dcd4d69d63651cc2c99c19e8494199e8b5ec9e06c8b87f,3ee7e46399aea60603c767e0a604e79e7db233924ce71fe027a1ccc1623b7eb0,7beb41daec3d6a34c6da7696c56a982667957298f017ebe137829282b6ce7985,e6f30e55e478d39061b94e38de33959ca99b16e8cac38a3bd99b34f6543ad4a2,20260924,1.5,kinematic,noise,sigma1cm_lat0step,jonswap,strict,25.0,True,0.01,0.05,0.0,0,0.0,30.0,,e6f30e55e478d39061b94e38de33959ca99b16e8cac38a3bd99b34f6543ad4a2
sac,False,0,aft,id,SS4,200,189,0.945,0.9042130012276914,0.9690146582965411,0.0,0.0,0.055,0.0,0.945,0.0,200,0.35252617586725704,0.4947514734766944,0.35268460188169704,0.4952108116272871,0.02420251221812632,0.05935774432908004,9.488306713728313,1.2065208333333333,1.1791666666666667,0.701777736372016,0.5477004458647105,0,0.0,8,-0.008526459338674994,144,0.72,0.75,0,0,0,0,0,200,0,0,200,,0.6540769541334929,0.7776311022605097,0.72,0.6540769541334929,0.7776311022605097,artifacts/runs/sac/0,sac,2000000,final,2000000,14d7f32bf25e34a16fe3677cdab869c107881536,04af3f42a26542592ae4f363f65c6e5d7add8aeafb0ca57a9a91656a83c5623d,a46f94152e99cd325ec30eb7de6c25c79be05c2294519eddee235e09b8bf5159,3401491ed458d6d474879747c9951dcd51ee8cb8cc761762d78de5b8f4271222,145883fa0744dbaa9bdd35d50f7069f67ed4e6a269023e7d19c524825ca1755b,93dce22b2e888e64cef832c51e9fd69a23b7240739883bba0d0b452edbd0e43a,LearnedPolicy,False,jonswap,jonswap,3.12.3,2.5.2,2.13.0,2.9.0,1.3.0,3.2.7,e9fa15cc35312a5c1ecf0c42668a690b5061c090,7ebad1ecabd28a7000add2d05f888aa2e837c2cc,c7fbdcc4df48bd4a2cfe21811613e5e50e3e4868822fe6dddd13745d96692118,b98d65cc5e34337369dcd4d69d63651cc2c99c19e8494199e8b5ec9e06c8b87f,3ee7e46399aea60603c767e0a604e79e7db233924ce71fe027a1ccc1623b7eb0,7beb41daec3d6a34c6da7696c56a982667957298f017ebe137829282b6ce7985,e6f30e55e478d39061b94e38de33959ca99b16e8cac38a3bd99b34f6543ad4a2,20260924,1.5,kinematic,noise,sigma1cm_lat0step,jonswap,strict,25.0,True,0.01,0.05,0.0,0,0.0,30.0,,e6f30e55e478d39061b94e38de33959ca99b16e8cac38a3bd99b34f6543ad4a2
sac,False,0,aft,id,SS5,200,164,0.82,0.7608852497127511,0.8670537414057983,0.0,0.02,0.155,0.005,0.82,0.0,200,0.3565344912197671,0.5601421925716618,0.3570166710547481,0.5533565407450666,0.03183687224740129,0.08085075733235976,11.326839030127674,1.2928333333333333,1.25,0.7415745439266398,0.5573549626229183,0,0.0,17,-0.008928764557396572,56,0.28,0.745,0,0,0,0,0,197,3,0,200,,0.22236889773949026,0.3459230458665071,0.28,0.22236889773949026,0.3459230458665071,artifacts/runs/sac/0,sac,2000000,final,2000000,14d7f32bf25e34a16fe3677cdab869c107881536,04af3f42a26542592ae4f363f65c6e5d7add8aeafb0ca57a9a91656a83c5623d,a46f94152e99cd325ec30eb7de6c25c79be05c2294519eddee235e09b8bf5159,3401491ed458d6d474879747c9951dcd51ee8cb8cc761762d78de5b8f4271222,145883fa0744dbaa9bdd35d50f7069f67ed4e6a269023e7d19c524825ca1755b,93dce22b2e888e64cef832c51e9fd69a23b7240739883bba0d0b452edbd0e43a,LearnedPolicy,False,jonswap,jonswap,3.12.3,2.5.2,2.13.0,2.9.0,1.3.0,3.2.7,e9fa15cc35312a5c1ecf0c42668a690b5061c090,7ebad1ecabd28a7000add2d05f888aa2e837c2cc,c7fbdcc4df48bd4a2cfe21811613e5e50e3e4868822fe6dddd13745d96692118,b98d65cc5e34337369dcd4d69d63651cc2c99c19e8494199e8b5ec9e06c8b87f,3ee7e46399aea60603c767e0a604e79e7db233924ce71fe027a1ccc1623b7eb0,7beb41daec3d6a34c6da7696c56a982667957298f017ebe137829282b6ce7985,e6f30e55e478d39061b94e38de33959ca99b16e8cac38a3bd99b34f6543ad4a2,20260924,1.5,kinematic,noise,sigma1cm_lat0step,jonswap,strict,25.0,True,0.01,0.05,0.0,0,0.0,30.0,,e6f30e55e478d39061b94e38de33959ca99b16e8cac38a3bd99b34f6543ad4a2
sac,False,0,aft,id,SS6,200,152,0.76,0.6962665902079583,0.8139338400758631,0.005,0.045,0.175,0.015,0.76,0.0,200,0.3909870830631076,0.6327368968683131,0.39496304944874955,0.61461272524414,0.03982040339455083,0.09657987496624747,18.969044504133773,1.376875,1.2979166666666666,0.7525740425329285,0.5763871693133028,0,0.0,39,-0.010160292282742196,22,0.11,0.0,0,1,0,0,0,193,6,0,200,,0.07377244460125303,0.1609269099730149,0.11,0.07377244460125303,0.1609269099730149,artifacts/runs/sac/0,sac,2000000,final,2000000,14d7f32bf25e34a16fe3677cdab869c107881536,04af3f42a26542592ae4f363f65c6e5d7add8aeafb0ca57a9a91656a83c5623d,a46f94152e99cd325ec30eb7de6c25c79be05c2294519eddee235e09b8bf5159,3401491ed458d6d474879747c9951dcd51ee8cb8cc761762d78de5b8f4271222,145883fa0744dbaa9bdd35d50f7069f67ed4e6a269023e7d19c524825ca1755b,93dce22b2e888e64cef832c51e9fd69a23b7240739883bba0d0b452edbd0e43a,LearnedPolicy,False,jonswap,jonswap,3.12.3,2.5.2,2.13.0,2.9.0,1.3.0,3.2.7,e9fa15cc35312a5c1ecf0c42668a690b5061c090,7ebad1ecabd28a7000add2d05f888aa2e837c2cc,c7fbdcc4df48bd4a2cfe21811613e5e50e3e4868822fe6dddd13745d96692118,b98d65cc5e34337369dcd4d69d63651cc2c99c19e8494199e8b5ec9e06c8b87f,3ee7e46399aea60603c767e0a604e79e7db233924ce71fe027a1ccc1623b7eb0,7beb41daec3d6a34c6da7696c56a982667957298f017ebe137829282b6ce7985,e6f30e55e478d39061b94e38de33959ca99b16e8cac38a3bd99b34f6543ad4a2,20260924,1.5,kinematic,noise,sigma1cm_lat0step,jonswap,strict,25.0,True,0.01,0.05,0.0,0,0.0,30.0,,e6f30e55e478d39061b94e38de33959ca99b16e8cac38a3bd99b34f6543ad4a2
sac,False,1,aft,id,SS3,200,181,0.905,0.8563983883518006,0.9383368972826135,0.0,0.015,0.075,0.005,0.905,0.0,200,0.37703818074274964,0.5169696729303815,0.3775109311430668,0.5174380943560111,0.03544087441511305,0.07294622251749118,9.86142100554814,1.3706041666666666,1.3583333333333334,0.8679617226393376,0.5953849529237911,1,0.005,14,-0.010232631988422555,191,0.955,0.755,0,0,0,0,0,199,1,0,200,,0.9167032959981803,0.976147456998507,0.955,0.9167032959981803,0.976147456998507,artifacts/runs/sac/1,sac,2000000,final,2000000,14d7f32bf25e34a16fe3677cdab869c107881536,04af3f42a26542592ae4f363f65c6e5d7add8aeafb0ca57a9a91656a83c5623d,a46f94152e99cd325ec30eb7de6c25c79be05c2294519eddee235e09b8bf5159,8f72450570c886e5c0f75c9a89782a62f7e829fc0ed24e12b4a9994098d4373d,eb9ea77cfdce8e5e360e36f545085ddadcfffcdc64e04912ad9f5564870bcdea,8880fffd9d5bee4a3fa40f00eb2613071bf8fbfc917c39d626b6df6054a06ac4,LearnedPolicy,False,jonswap,jonswap,3.12.3,2.5.2,2.13.0,2.9.0,1.3.0,3.2.7,e9fa15cc35312a5c1ecf0c42668a690b5061c090,7ebad1ecabd28a7000add2d05f888aa2e837c2cc,c7fbdcc4df48bd4a2cfe21811613e5e50e3e4868822fe6dddd13745d96692118,b98d65cc5e34337369dcd4d69d63651cc2c99c19e8494199e8b5ec9e06c8b87f,3ee7e46399aea60603c767e0a604e79e7db233924ce71fe027a1ccc1623b7eb0,7beb41daec3d6a34c6da7696c56a982667957298f017ebe137829282b6ce7985,e6f30e55e478d39061b94e38de33959ca99b16e8cac38a3bd99b34f6543ad4a2,20260924,1.5,kinematic,noise,sigma1cm_lat0step,jonswap,strict,25.0,True,0.01,0.05,0.0,0,0.0,30.0,,e6f30e55e478d39061b94e38de33959ca99b16e8cac38a3bd99b34f6543ad4a2
sac,False,1,aft,id,SS4,200,169,0.845,0.7883930940765792,0.8886036307231068,0.0,0.02,0.13,0.005,0.845,0.0,200,0.36826786944508483,0.5460652369794521,0.36879984841340535,0.5438646275848744,0.03956425467715781,0.0838374409057929,11.787791676279458,1.4318333333333333,1.4166666666666667,0.8421772506396943,0.5996866551152298,0,0.0,16,-0.012151688585026488,145,0.725,0.75,0,0,0,0,0,199,1,0,200,,0.6593166064233035,0.7822029967069265,0.725,0.6593166064233035,0.7822029967069265,artifacts/runs/sac/1,sac,2000000,final,2000000,14d7f32bf25e34a16fe3677cdab869c107881536,04af3f42a26542592ae4f363f65c6e5d7add8aeafb0ca57a9a91656a83c5623d,a46f94152e99cd325ec30eb7de6c25c79be05c2294519eddee235e09b8bf5159,8f72450570c886e5c0f75c9a89782a62f7e829fc0ed24e12b4a9994098d4373d,eb9ea77cfdce8e5e360e36f545085ddadcfffcdc64e04912ad9f5564870bcdea,8880fffd9d5bee4a3fa40f00eb2613071bf8fbfc917c39d626b6df6054a06ac4,LearnedPolicy,False,jonswap,jonswap,3.12.3,2.5.2,2.13.0,2.9.0,1.3.0,3.2.7,e9fa15cc35312a5c1ecf0c42668a690b5061c090,7ebad1ecabd28a7000add2d05f888aa2e837c2cc,c7fbdcc4df48bd4a2cfe21811613e5e50e3e4868822fe6dddd13745d96692118,b98d65cc5e34337369dcd4d69d63651cc2c99c19e8494199e8b5ec9e06c8b87f,3ee7e46399aea60603c767e0a604e79e7db233924ce71fe027a1ccc1623b7eb0,7beb41daec3d6a34c6da7696c56a982667957298f017ebe137829282b6ce7985,e6f30e55e478d39061b94e38de33959ca99b16e8cac38a3bd99b34f6543ad4a2,20260924,1.5,kinematic,noise,sigma1cm_lat0step,jonswap,strict,25.0,True,0.01,0.05,0.0,0,0.0,30.0,,e6f30e55e478d39061b94e38de33959ca99b16e8cac38a3bd99b34f6543ad4a2
sac,False,1,aft,id,SS5,200,145,0.725,0.6593166064233035,0.7822029967069265,0.0,0.05,0.215,0.01,0.725,0.0,200,0.40926569692511133,0.6367648343286111,0.40653951223281415,0.6338258392622217,0.04377572555914197,0.0979416090210946,16.266777302402616,1.5239791666666667,1.4604166666666667,0.8111167606919871,0.6065608168596157,1,0.005,40,-0.012105077530458136,58,0.29,0.745,0,0,0,0,0,193,7,0,200,,0.23154025607067882,0.3563747810077731,0.29,0.23154025607067882,0.3563747810077731,artifacts/runs/sac/1,sac,2000000,final,2000000,14d7f32bf25e34a16fe3677cdab869c107881536,04af3f42a26542592ae4f363f65c6e5d7add8aeafb0ca57a9a91656a83c5623d,a46f94152e99cd325ec30eb7de6c25c79be05c2294519eddee235e09b8bf5159,8f72450570c886e5c0f75c9a89782a62f7e829fc0ed24e12b4a9994098d4373d,eb9ea77cfdce8e5e360e36f545085ddadcfffcdc64e04912ad9f5564870bcdea,8880fffd9d5bee4a3fa40f00eb2613071bf8fbfc917c39d626b6df6054a06ac4,LearnedPolicy,False,jonswap,jonswap,3.12.3,2.5.2,2.13.0,2.9.0,1.3.0,3.2.7,e9fa15cc35312a5c1ecf0c42668a690b5061c090,7ebad1ecabd28a7000add2d05f888aa2e837c2cc,c7fbdcc4df48bd4a2cfe21811613e5e50e3e4868822fe6dddd13745d96692118,b98d65cc5e34337369dcd4d69d63651cc2c99c19e8494199e8b5ec9e06c8b87f,3ee7e46399aea60603c767e0a604e79e7db233924ce71fe027a1ccc1623b7eb0,7beb41daec3d6a34c6da7696c56a982667957298f017ebe137829282b6ce7985,e6f30e55e478d39061b94e38de33959ca99b16e8cac38a3bd99b34f6543ad4a2,20260924,1.5,kinematic,noise,sigma1cm_lat0step,jonswap,strict,25.0,True,0.01,0.05,0.0,0,0.0,30.0,,e6f30e55e478d39061b94e38de33959ca99b16e8cac38a3bd99b34f6543ad4a2
sac,False,1,aft,id,SS6,200,110,0.55,0.48075615138475697,0.6173593159775166,0.03,0.085,0.325,0.01,0.55,0.0,195,0.4261450842400294,0.7079430162067095,0.42567067141590875,0.6812779234398486,0.04955957173974859,0.114676208871338,21.581489989917323,1.7066452991452992,1.5958333333333332,0.792499830298187,0.6250211471379256,2,0.01,64,-0.013222135978703186,20,0.10256410256410256,0.0,0,0,4,1,1,184,10,0,200,,0.06737985828491119,0.153104637658303,0.1,0.06567044866909588,0.1494058124327174,artifacts/runs/sac/1,sac,2000000,final,2000000,14d7f32bf25e34a16fe3677cdab869c107881536,04af3f42a26542592ae4f363f65c6e5d7add8aeafb0ca57a9a91656a83c5623d,a46f94152e99cd325ec30eb7de6c25c79be05c2294519eddee235e09b8bf5159,8f72450570c886e5c0f75c9a89782a62f7e829fc0ed24e12b4a9994098d4373d,eb9ea77cfdce8e5e360e36f545085ddadcfffcdc64e04912ad9f5564870bcdea,8880fffd9d5bee4a3fa40f00eb2613071bf8fbfc917c39d626b6df6054a06ac4,LearnedPolicy,False,jonswap,jonswap,3.12.3,2.5.2,2.13.0,2.9.0,1.3.0,3.2.7,e9fa15cc35312a5c1ecf0c42668a690b5061c090,7ebad1ecabd28a7000add2d05f888aa2e837c2cc,c7fbdcc4df48bd4a2cfe21811613e5e50e3e4868822fe6dddd13745d96692118,b98d65cc5e34337369dcd4d69d63651cc2c99c19e8494199e8b5ec9e06c8b87f,3ee7e46399aea60603c767e0a604e79e7db233924ce71fe027a1ccc1623b7eb0,7beb41daec3d6a34c6da7696c56a982667957298f017ebe137829282b6ce7985,e6f30e55e478d39061b94e38de33959ca99b16e8cac38a3bd99b34f6543ad4a2,20260924,1.5,kinematic,noise,sigma1cm_lat0step,jonswap,strict,25.0,True,0.01,0.05,0.0,0,0.0,30.0,,e6f30e55e478d39061b94e38de33959ca99b16e8cac38a3bd99b34f6543ad4a2
sac,False,2,aft,id,SS3,200,183,0.915,0.8681041292843443,0.9462542498225244,0.0,0.005,0.08,0.0,0.915,0.0,200,0.3331673682115806,0.5339574526791928,0.3331859631340735,0.5384890626956905,0.04436209902497077,0.07665343235307924,12.29059649862416,1.5471458333333334,1.5229166666666667,0.6660777986370156,0.6004571969444465,0,0.0,16,-0.012725681118057827,190,0.95,0.755,0,0,0,0,0,200,0,0,200,,0.9104218518612239,0.972617354399236,0.95,0.9104218518612239,0.972617354399236,artifacts/runs/sac/2,sac,2000000,final,2000000,14d7f32bf25e34a16fe3677cdab869c107881536,04af3f42a26542592ae4f363f65c6e5d7add8aeafb0ca57a9a91656a83c5623d,a46f94152e99cd325ec30eb7de6c25c79be05c2294519eddee235e09b8bf5159,9688985a5ccf9054cc3ea10bb2397c3dc7666ffe045125f5757010ad8b83201c,aa95499ec91ebf4277770bc01b1ca798c570abfbb01f09a3d5835d001ed883ff,22f5bdf89b8ca6f9f0945a492532b9996aef9ed5b0cba343cdcce1b2385836a2,LearnedPolicy,False,jonswap,jonswap,3.12.3,2.5.2,2.13.0,2.9.0,1.3.0,3.2.7,e9fa15cc35312a5c1ecf0c42668a690b5061c090,7ebad1ecabd28a7000add2d05f888aa2e837c2cc,c7fbdcc4df48bd4a2cfe21811613e5e50e3e4868822fe6dddd13745d96692118,b98d65cc5e34337369dcd4d69d63651cc2c99c19e8494199e8b5ec9e06c8b87f,3ee7e46399aea60603c767e0a604e79e7db233924ce71fe027a1ccc1623b7eb0,7beb41daec3d6a34c6da7696c56a982667957298f017ebe137829282b6ce7985,e6f30e55e478d39061b94e38de33959ca99b16e8cac38a3bd99b34f6543ad4a2,20260924,1.5,kinematic,noise,sigma1cm_lat0step,jonswap,strict,25.0,True,0.01,0.05,0.0,0,0.0,30.0,,e6f30e55e478d39061b94e38de33959ca99b16e8cac38a3bd99b34f6543ad4a2
sac,False,2,aft,id,SS4,200,178,0.89,0.839073090026985,0.926227555398747,0.0,0.005,0.09,0.015,0.89,0.0,200,0.33767167840759493,0.5401504386890777,0.3391939511153901,0.5458331080926113,0.03408369126195231,0.07074537442325918,11.820983611324861,1.5656041666666667,1.5229166666666667,0.6627394863584897,0.5834816173085616,0,0.0,14,-0.00933480677781959,145,0.725,0.75,0,0,0,0,0,197,3,0,200,,0.6593166064233035,0.7822029967069265,0.725,0.6593166064233035,0.7822029967069265,artifacts/runs/sac/2,sac,2000000,final,2000000,14d7f32bf25e34a16fe3677cdab869c107881536,04af3f42a26542592ae4f363f65c6e5d7add8aeafb0ca57a9a91656a83c5623d,a46f94152e99cd325ec30eb7de6c25c79be05c2294519eddee235e09b8bf5159,9688985a5ccf9054cc3ea10bb2397c3dc7666ffe045125f5757010ad8b83201c,aa95499ec91ebf4277770bc01b1ca798c570abfbb01f09a3d5835d001ed883ff,22f5bdf89b8ca6f9f0945a492532b9996aef9ed5b0cba343cdcce1b2385836a2,LearnedPolicy,False,jonswap,jonswap,3.12.3,2.5.2,2.13.0,2.9.0,1.3.0,3.2.7,e9fa15cc35312a5c1ecf0c42668a690b5061c090,7ebad1ecabd28a7000add2d05f888aa2e837c2cc,c7fbdcc4df48bd4a2cfe21811613e5e50e3e4868822fe6dddd13745d96692118,b98d65cc5e34337369dcd4d69d63651cc2c99c19e8494199e8b5ec9e06c8b87f,3ee7e46399aea60603c767e0a604e79e7db233924ce71fe027a1ccc1623b7eb0,7beb41daec3d6a34c6da7696c56a982667957298f017ebe137829282b6ce7985,e6f30e55e478d39061b94e38de33959ca99b16e8cac38a3bd99b34f6543ad4a2,20260924,1.5,kinematic,noise,sigma1cm_lat0step,jonswap,strict,25.0,True,0.01,0.05,0.0,0,0.0,30.0,,e6f30e55e478d39061b94e38de33959ca99b16e8cac38a3bd99b34f6543ad4a2
sac,False,2,aft,id,SS5,200,168,0.84,0.7828592983793289,0.8843258796841297,0.005,0.015,0.14,0.0,0.84,0.0,200,0.3630604237934766,0.5634923891676417,0.35709133805530935,0.5740314006091953,0.03299790449415365,0.08077205835357607,14.828557143355807,1.7497500000000001,1.7208333333333332,0.6562145121075201,0.5597338092620969,0,0.0,34,-0.010623226659856275,61,0.305,0.745,0,0,1,0,0,198,1,0,200,,0.24536415630735034,0.37198552097978366,0.305,0.24536415630735034,0.37198552097978366,artifacts/runs/sac/2,sac,2000000,final,2000000,14d7f32bf25e34a16fe3677cdab869c107881536,04af3f42a26542592ae4f363f65c6e5d7add8aeafb0ca57a9a91656a83c5623d,a46f94152e99cd325ec30eb7de6c25c79be05c2294519eddee235e09b8bf5159,9688985a5ccf9054cc3ea10bb2397c3dc7666ffe045125f5757010ad8b83201c,aa95499ec91ebf4277770bc01b1ca798c570abfbb01f09a3d5835d001ed883ff,22f5bdf89b8ca6f9f0945a492532b9996aef9ed5b0cba343cdcce1b2385836a2,LearnedPolicy,False,jonswap,jonswap,3.12.3,2.5.2,2.13.0,2.9.0,1.3.0,3.2.7,e9fa15cc35312a5c1ecf0c42668a690b5061c090,7ebad1ecabd28a7000add2d05f888aa2e837c2cc,c7fbdcc4df48bd4a2cfe21811613e5e50e3e4868822fe6dddd13745d96692118,b98d65cc5e34337369dcd4d69d63651cc2c99c19e8494199e8b5ec9e06c8b87f,3ee7e46399aea60603c767e0a604e79e7db233924ce71fe027a1ccc1623b7eb0,7beb41daec3d6a34c6da7696c56a982667957298f017ebe137829282b6ce7985,e6f30e55e478d39061b94e38de33959ca99b16e8cac38a3bd99b34f6543ad4a2,20260924,1.5,kinematic,noise,sigma1cm_lat0step,jonswap,strict,25.0,True,0.01,0.05,0.0,0,0.0,30.0,,e6f30e55e478d39061b94e38de33959ca99b16e8cac38a3bd99b34f6543ad4a2
sac,False,2,aft,id,SS6,200,136,0.68,0.6124810156588646,0.7407346668453195,0.055,0.055,0.205,0.005,0.68,0.0,189,0.37597034639050514,0.6671811564825899,0.3823683876847567,0.6896813864109863,0.03777471889096925,0.1075257408842098,16.784941426017227,1.7340828924162257,1.6708333333333334,0.6804896973996086,0.5745614857977075,0,0.0,65,-0.013432417505614512,25,0.13227513227513227,0.0,0,0,10,0,1,186,3,0,200,,0.09122596298741356,0.18797467752815342,0.125,0.08611974475712644,0.17801425002582347,artifacts/runs/sac/2,sac,2000000,final,2000000,14d7f32bf25e34a16fe3677cdab869c107881536,04af3f42a26542592ae4f363f65c6e5d7add8aeafb0ca57a9a91656a83c5623d,a46f94152e99cd325ec30eb7de6c25c79be05c2294519eddee235e09b8bf5159,9688985a5ccf9054cc3ea10bb2397c3dc7666ffe045125f5757010ad8b83201c,aa95499ec91ebf4277770bc01b1ca798c570abfbb01f09a3d5835d001ed883ff,22f5bdf89b8ca6f9f0945a492532b9996aef9ed5b0cba343cdcce1b2385836a2,LearnedPolicy,False,jonswap,jonswap,3.12.3,2.5.2,2.13.0,2.9.0,1.3.0,3.2.7,e9fa15cc35312a5c1ecf0c42668a690b5061c090,7ebad1ecabd28a7000add2d05f888aa2e837c2cc,c7fbdcc4df48bd4a2cfe21811613e5e50e3e4868822fe6dddd13745d96692118,b98d65cc5e34337369dcd4d69d63651cc2c99c19e8494199e8b5ec9e06c8b87f,3ee7e46399aea60603c767e0a604e79e7db233924ce71fe027a1ccc1623b7eb0,7beb41daec3d6a34c6da7696c56a982667957298f017ebe137829282b6ce7985,e6f30e55e478d39061b94e38de33959ca99b16e8cac38a3bd99b34f6543ad4a2,20260924,1.5,kinematic,noise,sigma1cm_lat0step,jonswap,strict,25.0,True,0.01,0.05,0.0,0,0.0,30.0,,e6f30e55e478d39061b94e38de33959ca99b16e8cac38a3bd99b34f6543ad4a2
sac,False,3,aft,id,SS3,200,175,0.875,0.8219857499741765,0.9138802552428735,0.0,0.015,0.11,0.0,0.875,0.0,200,0.3609674031506648,0.5467166752863718,0.3609681170090321,0.5487953143585106,0.030119327315173028,0.06340822042300798,15.84161248084052,1.2550833333333333,1.2541666666666667,0.713127995239181,0.5827255243125553,0,0.0,14,-0.009434884425837176,192,0.96,0.755,0,0,0,0,0,199,1,0,200,,0.923067931799067,0.9795943679338476,0.96,0.923067931799067,0.9795943679338476,artifacts/runs/sac/3,sac,2000000,final,2000000,14d7f32bf25e34a16fe3677cdab869c107881536,04af3f42a26542592ae4f363f65c6e5d7add8aeafb0ca57a9a91656a83c5623d,a46f94152e99cd325ec30eb7de6c25c79be05c2294519eddee235e09b8bf5159,c5c2be8fdedb97c8588fe22d1c0a493a9a395296b18aed38768fa6026c39e3b4,6462c1c4f6d72919a26059793a2c5fff3157af26f94456986f0c10c34354e44c,01b9cb82053dd92cd012ffd4b1fe0eb1181007f99200c057e96d1f20bc8a8831,LearnedPolicy,False,jonswap,jonswap,3.12.3,2.5.2,2.13.0,2.9.0,1.3.0,3.2.7,e9fa15cc35312a5c1ecf0c42668a690b5061c090,7ebad1ecabd28a7000add2d05f888aa2e837c2cc,c7fbdcc4df48bd4a2cfe21811613e5e50e3e4868822fe6dddd13745d96692118,b98d65cc5e34337369dcd4d69d63651cc2c99c19e8494199e8b5ec9e06c8b87f,3ee7e46399aea60603c767e0a604e79e7db233924ce71fe027a1ccc1623b7eb0,7beb41daec3d6a34c6da7696c56a982667957298f017ebe137829282b6ce7985,e6f30e55e478d39061b94e38de33959ca99b16e8cac38a3bd99b34f6543ad4a2,20260924,1.5,kinematic,noise,sigma1cm_lat0step,jonswap,strict,25.0,True,0.01,0.05,0.0,0,0.0,30.0,,e6f30e55e478d39061b94e38de33959ca99b16e8cac38a3bd99b34f6543ad4a2
sac,False,3,aft,id,SS4,200,182,0.91,0.8622342812328346,0.9423125511378069,0.0,0.005,0.085,0.0,0.91,0.0,200,0.35319653549975,0.5838418468436961,0.35230525442038707,0.5831821609068318,0.032453817123885446,0.06291388859236798,12.17731550838534,1.2848958333333331,1.2541666666666667,0.7610787915092874,0.5998220467514176,0,0.0,15,-0.010475124934925133,145,0.725,0.75,0,0,0,0,0,199,1,0,200,,0.6593166064233035,0.7822029967069265,0.725,0.6593166064233035,0.7822029967069265,artifacts/runs/sac/3,sac,2000000,final,2000000,14d7f32bf25e34a16fe3677cdab869c107881536,04af3f42a26542592ae4f363f65c6e5d7add8aeafb0ca57a9a91656a83c5623d,a46f94152e99cd325ec30eb7de6c25c79be05c2294519eddee235e09b8bf5159,c5c2be8fdedb97c8588fe22d1c0a493a9a395296b18aed38768fa6026c39e3b4,6462c1c4f6d72919a26059793a2c5fff3157af26f94456986f0c10c34354e44c,01b9cb82053dd92cd012ffd4b1fe0eb1181007f99200c057e96d1f20bc8a8831,LearnedPolicy,False,jonswap,jonswap,3.12.3,2.5.2,2.13.0,2.9.0,1.3.0,3.2.7,e9fa15cc35312a5c1ecf0c42668a690b5061c090,7ebad1ecabd28a7000add2d05f888aa2e837c2cc,c7fbdcc4df48bd4a2cfe21811613e5e50e3e4868822fe6dddd13745d96692118,b98d65cc5e34337369dcd4d69d63651cc2c99c19e8494199e8b5ec9e06c8b87f,3ee7e46399aea60603c767e0a604e79e7db233924ce71fe027a1ccc1623b7eb0,7beb41daec3d6a34c6da7696c56a982667957298f017ebe137829282b6ce7985,e6f30e55e478d39061b94e38de33959ca99b16e8cac38a3bd99b34f6543ad4a2,20260924,1.5,kinematic,noise,sigma1cm_lat0step,jonswap,strict,25.0,True,0.01,0.05,0.0,0,0.0,30.0,,e6f30e55e478d39061b94e38de33959ca99b16e8cac38a3bd99b34f6543ad4a2
sac,False,3,aft,id,SS5,200,148,0.74,0.6750925439746589,0.7958616993642531,0.01,0.03,0.215,0.005,0.74,0.0,198,0.3999120351628165,0.5871680617032138,0.3997848000100777,0.5811691421416276,0.03871785219283308,0.09044113317152187,13.304876633447588,1.3501893939393939,1.3145833333333332,0.8039222536024024,0.5975297549991175,0,0.0,32,-0.008994401761583023,57,0.2878787878787879,0.745,0,0,2,0,0,196,2,0,200,,0.2293222980105758,0.35450948515830527,0.285,0.22695003004617292,0.3511534602960517,artifacts/runs/sac/3,sac,2000000,final,2000000,14d7f32bf25e34a16fe3677cdab869c107881536,04af3f42a26542592ae4f363f65c6e5d7add8aeafb0ca57a9a91656a83c5623d,a46f94152e99cd325ec30eb7de6c25c79be05c2294519eddee235e09b8bf5159,c5c2be8fdedb97c8588fe22d1c0a493a9a395296b18aed38768fa6026c39e3b4,6462c1c4f6d72919a26059793a2c5fff3157af26f94456986f0c10c34354e44c,01b9cb82053dd92cd012ffd4b1fe0eb1181007f99200c057e96d1f20bc8a8831,LearnedPolicy,False,jonswap,jonswap,3.12.3,2.5.2,2.13.0,2.9.0,1.3.0,3.2.7,e9fa15cc35312a5c1ecf0c42668a690b5061c090,7ebad1ecabd28a7000add2d05f888aa2e837c2cc,c7fbdcc4df48bd4a2cfe21811613e5e50e3e4868822fe6dddd13745d96692118,b98d65cc5e34337369dcd4d69d63651cc2c99c19e8494199e8b5ec9e06c8b87f,3ee7e46399aea60603c767e0a604e79e7db233924ce71fe027a1ccc1623b7eb0,7beb41daec3d6a34c6da7696c56a982667957298f017ebe137829282b6ce7985,e6f30e55e478d39061b94e38de33959ca99b16e8cac38a3bd99b34f6543ad4a2,20260924,1.5,kinematic,noise,sigma1cm_lat0step,jonswap,strict,25.0,True,0.01,0.05,0.0,0,0.0,30.0,,e6f30e55e478d39061b94e38de33959ca99b16e8cac38a3bd99b34f6543ad4a2
sac,False,3,aft,id,SS6,200,133,0.665,0.5970219120796653,0.7267591302158368,0.005,0.095,0.235,0.0,0.665,0.0,199,0.4203570953868585,0.6912455976438674,0.42631342304926767,0.6821495290310827,0.04150430233534775,0.11968040103996273,17.72582267570077,1.5005234505862646,1.4291666666666667,0.8227634290429472,0.6099988012330219,0,0.0,58,-0.011360248709996083,20,0.10050251256281408,0.0,0,0,1,0,0,194,5,0,200,,0.06600535377121189,0.15013122439966728,0.1,0.06567044866909588,0.1494058124327174,artifacts/runs/sac/3,sac,2000000,final,2000000,14d7f32bf25e34a16fe3677cdab869c107881536,04af3f42a26542592ae4f363f65c6e5d7add8aeafb0ca57a9a91656a83c5623d,a46f94152e99cd325ec30eb7de6c25c79be05c2294519eddee235e09b8bf5159,c5c2be8fdedb97c8588fe22d1c0a493a9a395296b18aed38768fa6026c39e3b4,6462c1c4f6d72919a26059793a2c5fff3157af26f94456986f0c10c34354e44c,01b9cb82053dd92cd012ffd4b1fe0eb1181007f99200c057e96d1f20bc8a8831,LearnedPolicy,False,jonswap,jonswap,3.12.3,2.5.2,2.13.0,2.9.0,1.3.0,3.2.7,e9fa15cc35312a5c1ecf0c42668a690b5061c090,7ebad1ecabd28a7000add2d05f888aa2e837c2cc,c7fbdcc4df48bd4a2cfe21811613e5e50e3e4868822fe6dddd13745d96692118,b98d65cc5e34337369dcd4d69d63651cc2c99c19e8494199e8b5ec9e06c8b87f,3ee7e46399aea60603c767e0a604e79e7db233924ce71fe027a1ccc1623b7eb0,7beb41daec3d6a34c6da7696c56a982667957298f017ebe137829282b6ce7985,e6f30e55e478d39061b94e38de33959ca99b16e8cac38a3bd99b34f6543ad4a2,20260924,1.5,kinematic,noise,sigma1cm_lat0step,jonswap,strict,25.0,True,0.01,0.05,0.0,0,0.0,30.0,,e6f30e55e478d39061b94e38de33959ca99b16e8cac38a3bd99b34f6543ad4a2
sac,False,4,aft,id,SS3,200,191,0.955,0.9167032959981803,0.976147456998507,0.0,0.0,0.045,0.0,0.955,0.0,200,0.34323201752729693,0.48677229176448056,0.343364643396907,0.4893053173902879,0.022650904027555836,0.05215351446369564,9.613101333796783,1.4397708333333332,1.4208333333333334,0.8439685593665335,0.5761707250165524,0,0.0,4,-0.005452305648527109,195,0.975,0.755,0,0,0,0,0,200,0,0,200,,0.942821659593358,0.9892752803482386,0.975,0.942821659593358,0.9892752803482386,artifacts/runs/sac/4,sac,2000000,final,2000000,14d7f32bf25e34a16fe3677cdab869c107881536,04af3f42a26542592ae4f363f65c6e5d7add8aeafb0ca57a9a91656a83c5623d,a46f94152e99cd325ec30eb7de6c25c79be05c2294519eddee235e09b8bf5159,45a546406b2b9c9a546101424ac98a3ae5a0f312cdeb72fa4a81f368803d5380,5d0066dbcbd8fef89cf79185dc527dfa5c8c3b6e5686032aa02efa479dd858db,ed71bb4c19fe01e28d412178b72ed75c03307f532389b6b201bbf656cc4bced5,LearnedPolicy,False,jonswap,jonswap,3.12.3,2.5.2,2.13.0,2.9.0,1.3.0,3.2.7,e9fa15cc35312a5c1ecf0c42668a690b5061c090,7ebad1ecabd28a7000add2d05f888aa2e837c2cc,c7fbdcc4df48bd4a2cfe21811613e5e50e3e4868822fe6dddd13745d96692118,b98d65cc5e34337369dcd4d69d63651cc2c99c19e8494199e8b5ec9e06c8b87f,3ee7e46399aea60603c767e0a604e79e7db233924ce71fe027a1ccc1623b7eb0,7beb41daec3d6a34c6da7696c56a982667957298f017ebe137829282b6ce7985,e6f30e55e478d39061b94e38de33959ca99b16e8cac38a3bd99b34f6543ad4a2,20260924,1.5,kinematic,noise,sigma1cm_lat0step,jonswap,strict,25.0,True,0.01,0.05,0.0,0,0.0,30.0,,e6f30e55e478d39061b94e38de33959ca99b16e8cac38a3bd99b34f6543ad4a2
sac,False,4,aft,id,SS4,200,178,0.89,0.839073090026985,0.926227555398747,0.0,0.005,0.105,0.0,0.89,0.0,200,0.3347980432612774,0.5440295529035306,0.33492046347409055,0.5471305775370544,0.023446387012561624,0.05967863023771899,10.09709465148069,1.5004374999999999,1.5083333333333333,0.8604393399937612,0.5827657828234031,0,0.0,10,-0.008974645694215737,143,0.715,0.75,0,0,0,0,0,200,0,0,200,,0.6488465397039482,0.7730499699538271,0.715,0.6488465397039482,0.7730499699538271,artifacts/runs/sac/4,sac,2000000,final,2000000,14d7f32bf25e34a16fe3677cdab869c107881536,04af3f42a26542592ae4f363f65c6e5d7add8aeafb0ca57a9a91656a83c5623d,a46f94152e99cd325ec30eb7de6c25c79be05c2294519eddee235e09b8bf5159,45a546406b2b9c9a546101424ac98a3ae5a0f312cdeb72fa4a81f368803d5380,5d0066dbcbd8fef89cf79185dc527dfa5c8c3b6e5686032aa02efa479dd858db,ed71bb4c19fe01e28d412178b72ed75c03307f532389b6b201bbf656cc4bced5,LearnedPolicy,False,jonswap,jonswap,3.12.3,2.5.2,2.13.0,2.9.0,1.3.0,3.2.7,e9fa15cc35312a5c1ecf0c42668a690b5061c090,7ebad1ecabd28a7000add2d05f888aa2e837c2cc,c7fbdcc4df48bd4a2cfe21811613e5e50e3e4868822fe6dddd13745d96692118,b98d65cc5e34337369dcd4d69d63651cc2c99c19e8494199e8b5ec9e06c8b87f,3ee7e46399aea60603c767e0a604e79e7db233924ce71fe027a1ccc1623b7eb0,7beb41daec3d6a34c6da7696c56a982667957298f017ebe137829282b6ce7985,e6f30e55e478d39061b94e38de33959ca99b16e8cac38a3bd99b34f6543ad4a2,20260924,1.5,kinematic,noise,sigma1cm_lat0step,jonswap,strict,25.0,True,0.01,0.05,0.0,0,0.0,30.0,,e6f30e55e478d39061b94e38de33959ca99b16e8cac38a3bd99b34f6543ad4a2
sac,False,4,aft,id,SS5,200,155,0.775,0.7122587676433947,0.8273763028491088,0.01,0.02,0.175,0.02,0.775,0.0,198,0.3830641634257407,0.6571586612521285,0.38347918815597687,0.6536880599958239,0.027539403622579867,0.07502734921652925,12.32851874268657,1.6741582491582492,1.6604166666666664,0.8685038355892343,0.6011456820547183,0,0.0,29,-0.014273874238199943,58,0.29292929292929293,0.745,0,0,1,0,1,190,8,0,200,,0.23396173472912898,0.3597788155071596,0.29,0.23154025607067882,0.3563747810077731,artifacts/runs/sac/4,sac,2000000,final,2000000,14d7f32bf25e34a16fe3677cdab869c107881536,04af3f42a26542592ae4f363f65c6e5d7add8aeafb0ca57a9a91656a83c5623d,a46f94152e99cd325ec30eb7de6c25c79be05c2294519eddee235e09b8bf5159,45a546406b2b9c9a546101424ac98a3ae5a0f312cdeb72fa4a81f368803d5380,5d0066dbcbd8fef89cf79185dc527dfa5c8c3b6e5686032aa02efa479dd858db,ed71bb4c19fe01e28d412178b72ed75c03307f532389b6b201bbf656cc4bced5,LearnedPolicy,False,jonswap,jonswap,3.12.3,2.5.2,2.13.0,2.9.0,1.3.0,3.2.7,e9fa15cc35312a5c1ecf0c42668a690b5061c090,7ebad1ecabd28a7000add2d05f888aa2e837c2cc,c7fbdcc4df48bd4a2cfe21811613e5e50e3e4868822fe6dddd13745d96692118,b98d65cc5e34337369dcd4d69d63651cc2c99c19e8494199e8b5ec9e06c8b87f,3ee7e46399aea60603c767e0a604e79e7db233924ce71fe027a1ccc1623b7eb0,7beb41daec3d6a34c6da7696c56a982667957298f017ebe137829282b6ce7985,e6f30e55e478d39061b94e38de33959ca99b16e8cac38a3bd99b34f6543ad4a2,20260924,1.5,kinematic,noise,sigma1cm_lat0step,jonswap,strict,25.0,True,0.01,0.05,0.0,0,0.0,30.0,,e6f30e55e478d39061b94e38de33959ca99b16e8cac38a3bd99b34f6543ad4a2
sac,False,4,aft,id,SS6,200,132,0.66,0.5918849552683626,0.7220845402909121,0.045,0.035,0.22,0.035,0.66,0.005,192,0.39222524209164245,0.6862390188859004,0.3943745201085885,0.7031242890997472,0.030731639126993265,0.09508347487754028,17.487808546419693,1.832638888888889,1.7270833333333333,0.8705833704646142,0.6051961735110342,1,0.005,29,-0.010569918895261045,24,0.125,0.0,0,1,8,0,0,177,13,1,200,,0.08545671788882409,0.1792546416612415,0.12,0.08197992706375512,0.17234252098296743,artifacts/runs/sac/4,sac,2000000,final,2000000,14d7f32bf25e34a16fe3677cdab869c107881536,04af3f42a26542592ae4f363f65c6e5d7add8aeafb0ca57a9a91656a83c5623d,a46f94152e99cd325ec30eb7de6c25c79be05c2294519eddee235e09b8bf5159,45a546406b2b9c9a546101424ac98a3ae5a0f312cdeb72fa4a81f368803d5380,5d0066dbcbd8fef89cf79185dc527dfa5c8c3b6e5686032aa02efa479dd858db,ed71bb4c19fe01e28d412178b72ed75c03307f532389b6b201bbf656cc4bced5,LearnedPolicy,False,jonswap,jonswap,3.12.3,2.5.2,2.13.0,2.9.0,1.3.0,3.2.7,e9fa15cc35312a5c1ecf0c42668a690b5061c090,7ebad1ecabd28a7000add2d05f888aa2e837c2cc,c7fbdcc4df48bd4a2cfe21811613e5e50e3e4868822fe6dddd13745d96692118,b98d65cc5e34337369dcd4d69d63651cc2c99c19e8494199e8b5ec9e06c8b87f,3ee7e46399aea60603c767e0a604e79e7db233924ce71fe027a1ccc1623b7eb0,7beb41daec3d6a34c6da7696c56a982667957298f017ebe137829282b6ce7985,e6f30e55e478d39061b94e38de33959ca99b16e8cac38a3bd99b34f6543ad4a2,20260924,1.5,kinematic,noise,sigma1cm_lat0step,jonswap,strict,25.0,True,0.01,0.05,0.0,0,0.0,30.0,,e6f30e55e478d39061b94e38de33959ca99b16e8cac38a3bd99b34f6543ad4a2
residual_ppo,False,0,aft,id,SS3,200,200,1.0,0.9811546736227335,1.0,0.0,0.0,0.0,0.0,1.0,0.0,200,0.24441110253235585,0.3008649501787511,0.24454977099521924,0.3009857369527677,0.014788194448342517,0.02791392007995643,6.061123338968317,1.9985,1.9770833333333333,0.12726310687838635,0.2212471972814612,0,0.0,0,-0.0029217021425106274,188,0.94,0.755,0,0,0,0,0,200,0,0,200,,0.8980683070423372,0.9653478057456681,0.94,0.8980683070423372,0.9653478057456681,artifacts/runs/residual_ppo/0,ppo,10000000,final,10010624,6cedd5d9a1fbf7eabafa9ca6146ab19ce81fdab2,19cdad00d93d6be4a86cfe04718de10a5c258cf4c8f4a801437a495be5d5fc86,d706560de93355a04d130211968afc8ccf20e7443dc3b03da0206c0a4414e00c,3faf23260e02091826843f6a2a1888069256f56bb9cd93c74aec52beefdbfe2b,647ece3afc685b286aee3149d637ed8ac15ad27205bb9b011ad6aa2d37c86182,d44cbe30cef4a9768cd85e5b1d08c765902780f9adce81a5b90982fd461f609b,ResidualPolicy,False,jonswap,jonswap,3.12.3,2.5.2,2.13.0,2.9.0,1.3.0,3.2.7,e9fa15cc35312a5c1ecf0c42668a690b5061c090,7ebad1ecabd28a7000add2d05f888aa2e837c2cc,c7fbdcc4df48bd4a2cfe21811613e5e50e3e4868822fe6dddd13745d96692118,b98d65cc5e34337369dcd4d69d63651cc2c99c19e8494199e8b5ec9e06c8b87f,3ee7e46399aea60603c767e0a604e79e7db233924ce71fe027a1ccc1623b7eb0,7beb41daec3d6a34c6da7696c56a982667957298f017ebe137829282b6ce7985,e6f30e55e478d39061b94e38de33959ca99b16e8cac38a3bd99b34f6543ad4a2,20260924,1.5,kinematic,noise,sigma1cm_lat0step,jonswap,strict,25.0,True,0.01,0.05,0.0,0,0.0,30.0,,e6f30e55e478d39061b94e38de33959ca99b16e8cac38a3bd99b34f6543ad4a2
residual_ppo,False,0,aft,id,SS4,200,200,1.0,0.9811546736227335,1.0,0.0,0.0,0.0,0.0,1.0,0.0,200,0.24947623679093206,0.3272013254151033,0.24967322288950738,0.33746113067455763,0.012951286831229975,0.029304674883302184,6.272229913106363,1.999583333333333,1.9812500000000002,0.13310449523125598,0.2200747887173283,0,0.0,0,-0.004100290396828312,138,0.69,0.75,0,0,0,0,0,200,0,0,200,,0.6228282243374195,0.750010551639219,0.69,0.6228282243374195,0.750010551639219,artifacts/runs/residual_ppo/0,ppo,10000000,final,10010624,6cedd5d9a1fbf7eabafa9ca6146ab19ce81fdab2,19cdad00d93d6be4a86cfe04718de10a5c258cf4c8f4a801437a495be5d5fc86,d706560de93355a04d130211968afc8ccf20e7443dc3b03da0206c0a4414e00c,3faf23260e02091826843f6a2a1888069256f56bb9cd93c74aec52beefdbfe2b,647ece3afc685b286aee3149d637ed8ac15ad27205bb9b011ad6aa2d37c86182,d44cbe30cef4a9768cd85e5b1d08c765902780f9adce81a5b90982fd461f609b,ResidualPolicy,False,jonswap,jonswap,3.12.3,2.5.2,2.13.0,2.9.0,1.3.0,3.2.7,e9fa15cc35312a5c1ecf0c42668a690b5061c090,7ebad1ecabd28a7000add2d05f888aa2e837c2cc,c7fbdcc4df48bd4a2cfe21811613e5e50e3e4868822fe6dddd13745d96692118,b98d65cc5e34337369dcd4d69d63651cc2c99c19e8494199e8b5ec9e06c8b87f,3ee7e46399aea60603c767e0a604e79e7db233924ce71fe027a1ccc1623b7eb0,7beb41daec3d6a34c6da7696c56a982667957298f017ebe137829282b6ce7985,e6f30e55e478d39061b94e38de33959ca99b16e8cac38a3bd99b34f6543ad4a2,20260924,1.5,kinematic,noise,sigma1cm_lat0step,jonswap,strict,25.0,True,0.01,0.05,0.0,0,0.0,30.0,,e6f30e55e478d39061b94e38de33959ca99b16e8cac38a3bd99b34f6543ad4a2
residual_ppo,False,0,aft,id,SS5,200,197,0.985,0.9568342712073097,0.9948857622067417,0.0,0.0,0.015,0.0,0.985,0.0,200,0.24948709323618423,0.3181583898505884,0.25077382435347784,0.3189309390386961,0.01414260601337425,0.02942796265539027,8.990487810481119,1.9907708333333334,1.9833333333333334,0.13904995558993177,0.22355769714561455,0,0.0,1,-0.005232623983389438,58,0.29,0.745,0,0,0,0,0,199,1,0,200,,0.23154025607067882,0.3563747810077731,0.29,0.23154025607067882,0.3563747810077731,artifacts/runs/residual_ppo/0,ppo,10000000,final,10010624,6cedd5d9a1fbf7eabafa9ca6146ab19ce81fdab2,19cdad00d93d6be4a86cfe04718de10a5c258cf4c8f4a801437a495be5d5fc86,d706560de93355a04d130211968afc8ccf20e7443dc3b03da0206c0a4414e00c,3faf23260e02091826843f6a2a1888069256f56bb9cd93c74aec52beefdbfe2b,647ece3afc685b286aee3149d637ed8ac15ad27205bb9b011ad6aa2d37c86182,d44cbe30cef4a9768cd85e5b1d08c765902780f9adce81a5b90982fd461f609b,ResidualPolicy,False,jonswap,jonswap,3.12.3,2.5.2,2.13.0,2.9.0,1.3.0,3.2.7,e9fa15cc35312a5c1ecf0c42668a690b5061c090,7ebad1ecabd28a7000add2d05f888aa2e837c2cc,c7fbdcc4df48bd4a2cfe21811613e5e50e3e4868822fe6dddd13745d96692118,b98d65cc5e34337369dcd4d69d63651cc2c99c19e8494199e8b5ec9e06c8b87f,3ee7e46399aea60603c767e0a604e79e7db233924ce71fe027a1ccc1623b7eb0,7beb41daec3d6a34c6da7696c56a982667957298f017ebe137829282b6ce7985,e6f30e55e478d39061b94e38de33959ca99b16e8cac38a3bd99b34f6543ad4a2,20260924,1.5,kinematic,noise,sigma1cm_lat0step,jonswap,strict,25.0,True,0.01,0.05,0.0,0,0.0,30.0,,e6f30e55e478d39061b94e38de33959ca99b16e8cac38a3bd99b34f6543ad4a2
residual_ppo,False,0,aft,id,SS6,200,190,0.95,0.9104218518612239,0.972617354399236,0.0,0.0,0.035,0.015,0.95,0.0,200,0.2573221112998141,0.3210109170347456,0.2576830390074605,0.3241346586828295,0.01777846435479982,0.03933743653473131,12.550298959575812,2.029583333333333,2.025,0.14486506597955598,0.2179287920301115,0,0.0,1,-0.005313090315554521,24,0.12,0.0,0,0,0,0,0,197,3,0,200,,0.08197992706375512,0.17234252098296743,0.12,0.08197992706375512,0.17234252098296743,artifacts/runs/residual_ppo/0,ppo,10000000,final,10010624,6cedd5d9a1fbf7eabafa9ca6146ab19ce81fdab2,19cdad00d93d6be4a86cfe04718de10a5c258cf4c8f4a801437a495be5d5fc86,d706560de93355a04d130211968afc8ccf20e7443dc3b03da0206c0a4414e00c,3faf23260e02091826843f6a2a1888069256f56bb9cd93c74aec52beefdbfe2b,647ece3afc685b286aee3149d637ed8ac15ad27205bb9b011ad6aa2d37c86182,d44cbe30cef4a9768cd85e5b1d08c765902780f9adce81a5b90982fd461f609b,ResidualPolicy,False,jonswap,jonswap,3.12.3,2.5.2,2.13.0,2.9.0,1.3.0,3.2.7,e9fa15cc35312a5c1ecf0c42668a690b5061c090,7ebad1ecabd28a7000add2d05f888aa2e837c2cc,c7fbdcc4df48bd4a2cfe21811613e5e50e3e4868822fe6dddd13745d96692118,b98d65cc5e34337369dcd4d69d63651cc2c99c19e8494199e8b5ec9e06c8b87f,3ee7e46399aea60603c767e0a604e79e7db233924ce71fe027a1ccc1623b7eb0,7beb41daec3d6a34c6da7696c56a982667957298f017ebe137829282b6ce7985,e6f30e55e478d39061b94e38de33959ca99b16e8cac38a3bd99b34f6543ad4a2,20260924,1.5,kinematic,noise,sigma1cm_lat0step,jonswap,strict,25.0,True,0.01,0.05,0.0,0,0.0,30.0,,e6f30e55e478d39061b94e38de33959ca99b16e8cac38a3bd99b34f6543ad4a2
residual_ppo,False,1,aft,id,SS3,200,200,1.0,0.9811546736227335,1.0,0.0,0.0,0.0,0.0,1.0,0.0,200,0.24640664546638383,0.31640174857926784,0.246618550035631,0.31655374550674026,0.014626102074110348,0.03311459666463917,6.71635987225107,1.9956041666666664,1.9854166666666666,0.1220885887934279,0.19974635795964354,0,0.0,0,-0.003340451024436071,189,0.945,0.755,0,0,0,0,0,200,0,0,200,,0.9042130012276914,0.9690146582965411,0.945,0.9042130012276914,0.9690146582965411,artifacts/runs/residual_ppo/1,ppo,10000000,final,10010624,6cedd5d9a1fbf7eabafa9ca6146ab19ce81fdab2,19cdad00d93d6be4a86cfe04718de10a5c258cf4c8f4a801437a495be5d5fc86,d706560de93355a04d130211968afc8ccf20e7443dc3b03da0206c0a4414e00c,1b3a12e22cb8c40d526d1e4a68f00be1afbfa8fd7e118c33d247e18d51339b5a,ad2b2662bdcf6a313c9ca4eb821568d3cee96a7db386ac524dfba4f6d6e9506d,831eb1b8655ac92e1cf3d4907822d4b7f192380179868871581e48397b2a3421,ResidualPolicy,False,jonswap,jonswap,3.12.3,2.5.2,2.13.0,2.9.0,1.3.0,3.2.7,e9fa15cc35312a5c1ecf0c42668a690b5061c090,7ebad1ecabd28a7000add2d05f888aa2e837c2cc,c7fbdcc4df48bd4a2cfe21811613e5e50e3e4868822fe6dddd13745d96692118,b98d65cc5e34337369dcd4d69d63651cc2c99c19e8494199e8b5ec9e06c8b87f,3ee7e46399aea60603c767e0a604e79e7db233924ce71fe027a1ccc1623b7eb0,7beb41daec3d6a34c6da7696c56a982667957298f017ebe137829282b6ce7985,e6f30e55e478d39061b94e38de33959ca99b16e8cac38a3bd99b34f6543ad4a2,20260924,1.5,kinematic,noise,sigma1cm_lat0step,jonswap,strict,25.0,True,0.01,0.05,0.0,0,0.0,30.0,,e6f30e55e478d39061b94e38de33959ca99b16e8cac38a3bd99b34f6543ad4a2
residual_ppo,False,1,aft,id,SS4,200,199,0.995,0.9722262956021069,0.9991168312843989,0.0,0.0,0.0,0.005,0.995,0.0,200,0.2480579725880459,0.3252319491860807,0.24795821302426063,0.3258499209729358,0.015590778476121319,0.03232675448071822,7.476146790429321,2.0006458333333335,1.9749999999999999,0.1280507116433877,0.1990124300389457,0,0.0,0,-0.0032143820771477903,139,0.695,0.75,0,0,0,0,0,199,1,0,200,,0.6280144790202163,0.7546358436926496,0.695,0.6280144790202163,0.7546358436926496,artifacts/runs/residual_ppo/1,ppo,10000000,final,10010624,6cedd5d9a1fbf7eabafa9ca6146ab19ce81fdab2,19cdad00d93d6be4a86cfe04718de10a5c258cf4c8f4a801437a495be5d5fc86,d706560de93355a04d130211968afc8ccf20e7443dc3b03da0206c0a4414e00c,1b3a12e22cb8c40d526d1e4a68f00be1afbfa8fd7e118c33d247e18d51339b5a,ad2b2662bdcf6a313c9ca4eb821568d3cee96a7db386ac524dfba4f6d6e9506d,831eb1b8655ac92e1cf3d4907822d4b7f192380179868871581e48397b2a3421,ResidualPolicy,False,jonswap,jonswap,3.12.3,2.5.2,2.13.0,2.9.0,1.3.0,3.2.7,e9fa15cc35312a5c1ecf0c42668a690b5061c090,7ebad1ecabd28a7000add2d05f888aa2e837c2cc,c7fbdcc4df48bd4a2cfe21811613e5e50e3e4868822fe6dddd13745d96692118,b98d65cc5e34337369dcd4d69d63651cc2c99c19e8494199e8b5ec9e06c8b87f,3ee7e46399aea60603c767e0a604e79e7db233924ce71fe027a1ccc1623b7eb0,7beb41daec3d6a34c6da7696c56a982667957298f017ebe137829282b6ce7985,e6f30e55e478d39061b94e38de33959ca99b16e8cac38a3bd99b34f6543ad4a2,20260924,1.5,kinematic,noise,sigma1cm_lat0step,jonswap,strict,25.0,True,0.01,0.05,0.0,0,0.0,30.0,,e6f30e55e478d39061b94e38de33959ca99b16e8cac38a3bd99b34f6543ad4a2
residual_ppo,False,1,aft,id,SS5,200,196,0.98,0.9497129130941735,0.9921955735836505,0.0,0.0,0.015,0.005,0.98,0.0,200,0.25260657545291443,0.3196993204877163,0.25423397834174466,0.3201749149865332,0.015284371727287504,0.034151564082836115,9.777892825249413,1.9941666666666662,1.9854166666666666,0.13394503507662148,0.20069844041479357,0,0.0,2,-0.0053556491677061255,60,0.3,0.745,0,0,0,0,0,198,2,0,200,,0.24074744682371402,0.36679068372719265,0.3,0.24074744682371402,0.36679068372719265,artifacts/runs/residual_ppo/1,ppo,10000000,final,10010624,6cedd5d9a1fbf7eabafa9ca6146ab19ce81fdab2,19cdad00d93d6be4a86cfe04718de10a5c258cf4c8f4a801437a495be5d5fc86,d706560de93355a04d130211968afc8ccf20e7443dc3b03da0206c0a4414e00c,1b3a12e22cb8c40d526d1e4a68f00be1afbfa8fd7e118c33d247e18d51339b5a,ad2b2662bdcf6a313c9ca4eb821568d3cee96a7db386ac524dfba4f6d6e9506d,831eb1b8655ac92e1cf3d4907822d4b7f192380179868871581e48397b2a3421,ResidualPolicy,False,jonswap,jonswap,3.12.3,2.5.2,2.13.0,2.9.0,1.3.0,3.2.7,e9fa15cc35312a5c1ecf0c42668a690b5061c090,7ebad1ecabd28a7000add2d05f888aa2e837c2cc,c7fbdcc4df48bd4a2cfe21811613e5e50e3e4868822fe6dddd13745d96692118,b98d65cc5e34337369dcd4d69d63651cc2c99c19e8494199e8b5ec9e06c8b87f,3ee7e46399aea60603c767e0a604e79e7db233924ce71fe027a1ccc1623b7eb0,7beb41daec3d6a34c6da7696c56a982667957298f017ebe137829282b6ce7985,e6f30e55e478d39061b94e38de33959ca99b16e8cac38a3bd99b34f6543ad4a2,20260924,1.5,kinematic,noise,sigma1cm_lat0step,jonswap,strict,25.0,True,0.01,0.05,0.0,0,0.0,30.0,,e6f30e55e478d39061b94e38de33959ca99b16e8cac38a3bd99b34f6543ad4a2
residual_ppo,False,1,aft,id,SS6,200,192,0.96,0.923067931799067,0.9795943679338476,0.0,0.0,0.035,0.005,0.96,0.0,200,0.2485710692447542,0.3172621843179201,0.25070435424244375,0.3203658308174249,0.017578847351650353,0.03253483400103521,14.134712755782957,2.0323541666666665,2.01875,0.1381268689154177,0.19777211728877767,0,0.0,1,-0.005286278514732007,23,0.115,0.0,0,0,0,0,0,198,2,0,200,,0.07786373232561955,0.16664716898487572,0.115,0.07786373232561955,0.16664716898487572,artifacts/runs/residual_ppo/1,ppo,10000000,final,10010624,6cedd5d9a1fbf7eabafa9ca6146ab19ce81fdab2,19cdad00d93d6be4a86cfe04718de10a5c258cf4c8f4a801437a495be5d5fc86,d706560de93355a04d130211968afc8ccf20e7443dc3b03da0206c0a4414e00c,1b3a12e22cb8c40d526d1e4a68f00be1afbfa8fd7e118c33d247e18d51339b5a,ad2b2662bdcf6a313c9ca4eb821568d3cee96a7db386ac524dfba4f6d6e9506d,831eb1b8655ac92e1cf3d4907822d4b7f192380179868871581e48397b2a3421,ResidualPolicy,False,jonswap,jonswap,3.12.3,2.5.2,2.13.0,2.9.0,1.3.0,3.2.7,e9fa15cc35312a5c1ecf0c42668a690b5061c090,7ebad1ecabd28a7000add2d05f888aa2e837c2cc,c7fbdcc4df48bd4a2cfe21811613e5e50e3e4868822fe6dddd13745d96692118,b98d65cc5e34337369dcd4d69d63651cc2c99c19e8494199e8b5ec9e06c8b87f,3ee7e46399aea60603c767e0a604e79e7db233924ce71fe027a1ccc1623b7eb0,7beb41daec3d6a34c6da7696c56a982667957298f017ebe137829282b6ce7985,e6f30e55e478d39061b94e38de33959ca99b16e8cac38a3bd99b34f6543ad4a2,20260924,1.5,kinematic,noise,sigma1cm_lat0step,jonswap,strict,25.0,True,0.01,0.05,0.0,0,0.0,30.0,,e6f30e55e478d39061b94e38de33959ca99b16e8cac38a3bd99b34f6543ad4a2
residual_ppo,False,2,aft,id,SS3,200,200,1.0,0.9811546736227335,1.0,0.0,0.0,0.0,0.0,1.0,0.0,200,0.24585639536532009,0.30286331350866297,0.24582021421204236,0.3030822991261555,0.012660137204448264,0.026585609707290563,6.215884656716312,2.0024374999999996,1.9895833333333335,0.12244288138451083,0.21439258344927864,0,0.0,0,-0.0028110363047479463,187,0.935,0.755,0,0,0,0,0,200,0,0,200,,0.8919809207009312,0.961623645350847,0.935,0.8919809207009312,0.961623645350847,artifacts/runs/residual_ppo/2,ppo,10000000,final,10010624,6cedd5d9a1fbf7eabafa9ca6146ab19ce81fdab2,19cdad00d93d6be4a86cfe04718de10a5c258cf4c8f4a801437a495be5d5fc86,d706560de93355a04d130211968afc8ccf20e7443dc3b03da0206c0a4414e00c,c0c86bfafa39418c1ad1ded80d005bcb2766eeb26afcd3c061d671c08d6a6760,7a948ffc92bc3c5ebc907068774b664aca2b9cd84bfd3816b3d5f0f4ef8dd43b,ad79d4285d88ce4ba85634730a71266fe684aec9d831ffa289236d16e2e61991,ResidualPolicy,False,jonswap,jonswap,3.12.3,2.5.2,2.13.0,2.9.0,1.3.0,3.2.7,e9fa15cc35312a5c1ecf0c42668a690b5061c090,7ebad1ecabd28a7000add2d05f888aa2e837c2cc,c7fbdcc4df48bd4a2cfe21811613e5e50e3e4868822fe6dddd13745d96692118,b98d65cc5e34337369dcd4d69d63651cc2c99c19e8494199e8b5ec9e06c8b87f,3ee7e46399aea60603c767e0a604e79e7db233924ce71fe027a1ccc1623b7eb0,7beb41daec3d6a34c6da7696c56a982667957298f017ebe137829282b6ce7985,e6f30e55e478d39061b94e38de33959ca99b16e8cac38a3bd99b34f6543ad4a2,20260924,1.5,kinematic,noise,sigma1cm_lat0step,jonswap,strict,25.0,True,0.01,0.05,0.0,0,0.0,30.0,,e6f30e55e478d39061b94e38de33959ca99b16e8cac38a3bd99b34f6543ad4a2
residual_ppo,False,2,aft,id,SS4,200,200,1.0,0.9811546736227335,1.0,0.0,0.0,0.0,0.0,1.0,0.0,200,0.24813535350247512,0.3148716357598991,0.2485679259789403,0.3146451463342339,0.015209691100919895,0.030369545016329418,7.209029316595579,2.0009166666666665,1.9833333333333334,0.12858758309577076,0.21394476498871778,0,0.0,0,-0.004010677653417813,139,0.695,0.75,0,0,0,0,0,200,0,0,200,,0.6280144790202163,0.7546358436926496,0.695,0.6280144790202163,0.7546358436926496,artifacts/runs/residual_ppo/2,ppo,10000000,final,10010624,6cedd5d9a1fbf7eabafa9ca6146ab19ce81fdab2,19cdad00d93d6be4a86cfe04718de10a5c258cf4c8f4a801437a495be5d5fc86,d706560de93355a04d130211968afc8ccf20e7443dc3b03da0206c0a4414e00c,c0c86bfafa39418c1ad1ded80d005bcb2766eeb26afcd3c061d671c08d6a6760,7a948ffc92bc3c5ebc907068774b664aca2b9cd84bfd3816b3d5f0f4ef8dd43b,ad79d4285d88ce4ba85634730a71266fe684aec9d831ffa289236d16e2e61991,ResidualPolicy,False,jonswap,jonswap,3.12.3,2.5.2,2.13.0,2.9.0,1.3.0,3.2.7,e9fa15cc35312a5c1ecf0c42668a690b5061c090,7ebad1ecabd28a7000add2d05f888aa2e837c2cc,c7fbdcc4df48bd4a2cfe21811613e5e50e3e4868822fe6dddd13745d96692118,b98d65cc5e34337369dcd4d69d63651cc2c99c19e8494199e8b5ec9e06c8b87f,3ee7e46399aea60603c767e0a604e79e7db233924ce71fe027a1ccc1623b7eb0,7beb41daec3d6a34c6da7696c56a982667957298f017ebe137829282b6ce7985,e6f30e55e478d39061b94e38de33959ca99b16e8cac38a3bd99b34f6543ad4a2,20260924,1.5,kinematic,noise,sigma1cm_lat0step,jonswap,strict,25.0,True,0.01,0.05,0.0,0,0.0,30.0,,e6f30e55e478d39061b94e38de33959ca99b16e8cac38a3bd99b34f6543ad4a2
residual_ppo,False,2,aft,id,SS5,200,198,0.99,0.9642782382838231,0.9972533418664555,0.0,0.0,0.01,0.0,0.99,0.0,200,0.2514481696697699,0.31925109244342303,0.25216491719243755,0.31921891372220074,0.016502824259658558,0.030696386124258197,9.849504332816458,1.9855416666666668,1.9708333333333332,0.1349895797177057,0.21309987500603136,0,0.0,0,-0.004883688264358533,60,0.3,0.745,0,0,0,0,0,199,1,0,200,,0.24074744682371402,0.36679068372719265,0.3,0.24074744682371402,0.36679068372719265,artifacts/runs/residual_ppo/2,ppo,10000000,final,10010624,6cedd5d9a1fbf7eabafa9ca6146ab19ce81fdab2,19cdad00d93d6be4a86cfe04718de10a5c258cf4c8f4a801437a495be5d5fc86,d706560de93355a04d130211968afc8ccf20e7443dc3b03da0206c0a4414e00c,c0c86bfafa39418c1ad1ded80d005bcb2766eeb26afcd3c061d671c08d6a6760,7a948ffc92bc3c5ebc907068774b664aca2b9cd84bfd3816b3d5f0f4ef8dd43b,ad79d4285d88ce4ba85634730a71266fe684aec9d831ffa289236d16e2e61991,ResidualPolicy,False,jonswap,jonswap,3.12.3,2.5.2,2.13.0,2.9.0,1.3.0,3.2.7,e9fa15cc35312a5c1ecf0c42668a690b5061c090,7ebad1ecabd28a7000add2d05f888aa2e837c2cc,c7fbdcc4df48bd4a2cfe21811613e5e50e3e4868822fe6dddd13745d96692118,b98d65cc5e34337369dcd4d69d63651cc2c99c19e8494199e8b5ec9e06c8b87f,3ee7e46399aea60603c767e0a604e79e7db233924ce71fe027a1ccc1623b7eb0,7beb41daec3d6a34c6da7696c56a982667957298f017ebe137829282b6ce7985,e6f30e55e478d39061b94e38de33959ca99b16e8cac38a3bd99b34f6543ad4a2,20260924,1.5,kinematic,noise,sigma1cm_lat0step,jonswap,strict,25.0,True,0.01,0.05,0.0,0,0.0,30.0,,e6f30e55e478d39061b94e38de33959ca99b16e8cac38a3bd99b34f6543ad4a2
residual_ppo,False,2,aft,id,SS6,200,190,0.95,0.9104218518612239,0.972617354399236,0.0,0.0,0.04,0.01,0.95,0.0,200,0.2615409093167342,0.32208634457665897,0.2644040459700585,0.32440516138600994,0.017826770259869264,0.03559731828990694,14.279167013297455,2.0045416666666664,2.0041666666666664,0.14033950006821277,0.20870480913959913,0,0.0,0,-0.004955805991992559,22,0.11,0.0,0,0,0,0,0,197,3,0,200,,0.07377244460125303,0.1609269099730149,0.11,0.07377244460125303,0.1609269099730149,artifacts/runs/residual_ppo/2,ppo,10000000,final,10010624,6cedd5d9a1fbf7eabafa9ca6146ab19ce81fdab2,19cdad00d93d6be4a86cfe04718de10a5c258cf4c8f4a801437a495be5d5fc86,d706560de93355a04d130211968afc8ccf20e7443dc3b03da0206c0a4414e00c,c0c86bfafa39418c1ad1ded80d005bcb2766eeb26afcd3c061d671c08d6a6760,7a948ffc92bc3c5ebc907068774b664aca2b9cd84bfd3816b3d5f0f4ef8dd43b,ad79d4285d88ce4ba85634730a71266fe684aec9d831ffa289236d16e2e61991,ResidualPolicy,False,jonswap,jonswap,3.12.3,2.5.2,2.13.0,2.9.0,1.3.0,3.2.7,e9fa15cc35312a5c1ecf0c42668a690b5061c090,7ebad1ecabd28a7000add2d05f888aa2e837c2cc,c7fbdcc4df48bd4a2cfe21811613e5e50e3e4868822fe6dddd13745d96692118,b98d65cc5e34337369dcd4d69d63651cc2c99c19e8494199e8b5ec9e06c8b87f,3ee7e46399aea60603c767e0a604e79e7db233924ce71fe027a1ccc1623b7eb0,7beb41daec3d6a34c6da7696c56a982667957298f017ebe137829282b6ce7985,e6f30e55e478d39061b94e38de33959ca99b16e8cac38a3bd99b34f6543ad4a2,20260924,1.5,kinematic,noise,sigma1cm_lat0step,jonswap,strict,25.0,True,0.01,0.05,0.0,0,0.0,30.0,,e6f30e55e478d39061b94e38de33959ca99b16e8cac38a3bd99b34f6543ad4a2
residual_ppo,False,3,aft,id,SS3,200,199,0.995,0.9722262956021069,0.9991168312843989,0.0,0.0,0.0,0.005,0.995,0.0,200,0.24756919570133484,0.3263183517605567,0.24722182312897661,0.3264408602718857,0.015013317920802034,0.029812347962481486,6.66417852729716,2.001479166666667,1.9729166666666664,0.1307067619360784,0.22678099347786393,0,0.0,0,-0.004017560913723763,187,0.935,0.755,0,0,0,0,0,199,1,0,200,,0.8919809207009312,0.961623645350847,0.935,0.8919809207009312,0.961623645350847,artifacts/runs/residual_ppo/3,ppo,10000000,final,10010624,6cedd5d9a1fbf7eabafa9ca6146ab19ce81fdab2,19cdad00d93d6be4a86cfe04718de10a5c258cf4c8f4a801437a495be5d5fc86,d706560de93355a04d130211968afc8ccf20e7443dc3b03da0206c0a4414e00c,6470e1279334541aaa2df2af0a733534f42442adfdaaa93d0890efc8f7c05fe0,ca32f475846ab9f769c692dbcac664f2677232f74ab7d12208fb3c22b7e07fac,509e1b240700744a76a4c6c983d9a33838778a6ad7d93ebf028bdd2bb50815e2,ResidualPolicy,False,jonswap,jonswap,3.12.3,2.5.2,2.13.0,2.9.0,1.3.0,3.2.7,e9fa15cc35312a5c1ecf0c42668a690b5061c090,7ebad1ecabd28a7000add2d05f888aa2e837c2cc,c7fbdcc4df48bd4a2cfe21811613e5e50e3e4868822fe6dddd13745d96692118,b98d65cc5e34337369dcd4d69d63651cc2c99c19e8494199e8b5ec9e06c8b87f,3ee7e46399aea60603c767e0a604e79e7db233924ce71fe027a1ccc1623b7eb0,7beb41daec3d6a34c6da7696c56a982667957298f017ebe137829282b6ce7985,e6f30e55e478d39061b94e38de33959ca99b16e8cac38a3bd99b34f6543ad4a2,20260924,1.5,kinematic,noise,sigma1cm_lat0step,jonswap,strict,25.0,True,0.01,0.05,0.0,0,0.0,30.0,,e6f30e55e478d39061b94e38de33959ca99b16e8cac38a3bd99b34f6543ad4a2
residual_ppo,False,3,aft,id,SS4,200,200,1.0,0.9811546736227335,1.0,0.0,0.0,0.0,0.0,1.0,0.0,200,0.25780824186356277,0.3218340525587287,0.2583508471268662,0.3211062723276925,0.01545695710315291,0.03050812576171491,7.264399747568656,1.9988333333333332,1.9833333333333334,0.1364219212684752,0.22497481484067364,0,0.0,0,-0.0032564157858467513,140,0.7,0.75,0,0,0,0,0,200,0,0,200,,0.6332093162728074,0.7592525531762859,0.7,0.6332093162728074,0.7592525531762859,artifacts/runs/residual_ppo/3,ppo,10000000,final,10010624,6cedd5d9a1fbf7eabafa9ca6146ab19ce81fdab2,19cdad00d93d6be4a86cfe04718de10a5c258cf4c8f4a801437a495be5d5fc86,d706560de93355a04d130211968afc8ccf20e7443dc3b03da0206c0a4414e00c,6470e1279334541aaa2df2af0a733534f42442adfdaaa93d0890efc8f7c05fe0,ca32f475846ab9f769c692dbcac664f2677232f74ab7d12208fb3c22b7e07fac,509e1b240700744a76a4c6c983d9a33838778a6ad7d93ebf028bdd2bb50815e2,ResidualPolicy,False,jonswap,jonswap,3.12.3,2.5.2,2.13.0,2.9.0,1.3.0,3.2.7,e9fa15cc35312a5c1ecf0c42668a690b5061c090,7ebad1ecabd28a7000add2d05f888aa2e837c2cc,c7fbdcc4df48bd4a2cfe21811613e5e50e3e4868822fe6dddd13745d96692118,b98d65cc5e34337369dcd4d69d63651cc2c99c19e8494199e8b5ec9e06c8b87f,3ee7e46399aea60603c767e0a604e79e7db233924ce71fe027a1ccc1623b7eb0,7beb41daec3d6a34c6da7696c56a982667957298f017ebe137829282b6ce7985,e6f30e55e478d39061b94e38de33959ca99b16e8cac38a3bd99b34f6543ad4a2,20260924,1.5,kinematic,noise,sigma1cm_lat0step,jonswap,strict,25.0,True,0.01,0.05,0.0,0,0.0,30.0,,e6f30e55e478d39061b94e38de33959ca99b16e8cac38a3bd99b34f6543ad4a2
residual_ppo,False,3,aft,id,SS5,200,198,0.99,0.9642782382838231,0.9972533418664555,0.0,0.0,0.01,0.0,0.99,0.0,200,0.25249614947191307,0.31723416440886487,0.2566431848162928,0.31809662742840744,0.01549956800756716,0.03178431930089159,9.782312995630528,1.9913125,1.9708333333333332,0.14129775497926686,0.22370012570649073,0,0.0,1,-0.005787436304339893,60,0.3,0.745,0,0,0,0,0,200,0,0,200,,0.24074744682371402,0.36679068372719265,0.3,0.24074744682371402,0.36679068372719265,artifacts/runs/residual_ppo/3,ppo,10000000,final,10010624,6cedd5d9a1fbf7eabafa9ca6146ab19ce81fdab2,19cdad00d93d6be4a86cfe04718de10a5c258cf4c8f4a801437a495be5d5fc86,d706560de93355a04d130211968afc8ccf20e7443dc3b03da0206c0a4414e00c,6470e1279334541aaa2df2af0a733534f42442adfdaaa93d0890efc8f7c05fe0,ca32f475846ab9f769c692dbcac664f2677232f74ab7d12208fb3c22b7e07fac,509e1b240700744a76a4c6c983d9a33838778a6ad7d93ebf028bdd2bb50815e2,ResidualPolicy,False,jonswap,jonswap,3.12.3,2.5.2,2.13.0,2.9.0,1.3.0,3.2.7,e9fa15cc35312a5c1ecf0c42668a690b5061c090,7ebad1ecabd28a7000add2d05f888aa2e837c2cc,c7fbdcc4df48bd4a2cfe21811613e5e50e3e4868822fe6dddd13745d96692118,b98d65cc5e34337369dcd4d69d63651cc2c99c19e8494199e8b5ec9e06c8b87f,3ee7e46399aea60603c767e0a604e79e7db233924ce71fe027a1ccc1623b7eb0,7beb41daec3d6a34c6da7696c56a982667957298f017ebe137829282b6ce7985,e6f30e55e478d39061b94e38de33959ca99b16e8cac38a3bd99b34f6543ad4a2,20260924,1.5,kinematic,noise,sigma1cm_lat0step,jonswap,strict,25.0,True,0.01,0.05,0.0,0,0.0,30.0,,e6f30e55e478d39061b94e38de33959ca99b16e8cac38a3bd99b34f6543ad4a2
residual_ppo,False,3,aft,id,SS6,200,190,0.95,0.9104218518612239,0.972617354399236,0.0,0.0,0.05,0.0,0.95,0.0,200,0.24732061841121783,0.32322298209453537,0.24977066336701842,0.33083661243515133,0.0170373109692503,0.03840653795998038,14.611256809600471,2.0274375000000004,2.0270833333333336,0.14277935005021153,0.21820048766088795,0,0.0,1,-0.005007640163790522,23,0.115,0.0,0,0,0,0,0,197,3,0,200,,0.07786373232561955,0.16664716898487572,0.115,0.07786373232561955,0.16664716898487572,artifacts/runs/residual_ppo/3,ppo,10000000,final,10010624,6cedd5d9a1fbf7eabafa9ca6146ab19ce81fdab2,19cdad00d93d6be4a86cfe04718de10a5c258cf4c8f4a801437a495be5d5fc86,d706560de93355a04d130211968afc8ccf20e7443dc3b03da0206c0a4414e00c,6470e1279334541aaa2df2af0a733534f42442adfdaaa93d0890efc8f7c05fe0,ca32f475846ab9f769c692dbcac664f2677232f74ab7d12208fb3c22b7e07fac,509e1b240700744a76a4c6c983d9a33838778a6ad7d93ebf028bdd2bb50815e2,ResidualPolicy,False,jonswap,jonswap,3.12.3,2.5.2,2.13.0,2.9.0,1.3.0,3.2.7,e9fa15cc35312a5c1ecf0c42668a690b5061c090,7ebad1ecabd28a7000add2d05f888aa2e837c2cc,c7fbdcc4df48bd4a2cfe21811613e5e50e3e4868822fe6dddd13745d96692118,b98d65cc5e34337369dcd4d69d63651cc2c99c19e8494199e8b5ec9e06c8b87f,3ee7e46399aea60603c767e0a604e79e7db233924ce71fe027a1ccc1623b7eb0,7beb41daec3d6a34c6da7696c56a982667957298f017ebe137829282b6ce7985,e6f30e55e478d39061b94e38de33959ca99b16e8cac38a3bd99b34f6543ad4a2,20260924,1.5,kinematic,noise,sigma1cm_lat0step,jonswap,strict,25.0,True,0.01,0.05,0.0,0,0.0,30.0,,e6f30e55e478d39061b94e38de33959ca99b16e8cac38a3bd99b34f6543ad4a2
residual_ppo,False,4,aft,id,SS3,200,200,1.0,0.9811546736227335,1.0,0.0,0.0,0.0,0.0,1.0,0.0,200,0.24253062321556287,0.3048564800744749,0.24220339358341816,0.30486719967199466,0.014453979495994609,0.028612944191573786,6.85312969632901,2.0019375,1.9958333333333333,0.11747845644953361,0.20583696875368418,0,0.0,0,-0.004286999243110396,188,0.94,0.755,0,0,0,0,0,200,0,0,200,,0.8980683070423372,0.9653478057456681,0.94,0.8980683070423372,0.9653478057456681,artifacts/runs/residual_ppo/4,ppo,10000000,final,10010624,6cedd5d9a1fbf7eabafa9ca6146ab19ce81fdab2,19cdad00d93d6be4a86cfe04718de10a5c258cf4c8f4a801437a495be5d5fc86,d706560de93355a04d130211968afc8ccf20e7443dc3b03da0206c0a4414e00c,ad2c8fbfd1b4cc695216dbdea711bcef287d65bcf37bfc13b77052919bc23e81,a117225dfe54a9f622dfe5254ef0a4fd9bab8f1ea93bda5925dea8ecf55b27dc,424451d859fd957d424c13883815d151bd0a5d18ffd1f6556642d24050fe5acc,ResidualPolicy,False,jonswap,jonswap,3.12.3,2.5.2,2.13.0,2.9.0,1.3.0,3.2.7,e9fa15cc35312a5c1ecf0c42668a690b5061c090,7ebad1ecabd28a7000add2d05f888aa2e837c2cc,c7fbdcc4df48bd4a2cfe21811613e5e50e3e4868822fe6dddd13745d96692118,b98d65cc5e34337369dcd4d69d63651cc2c99c19e8494199e8b5ec9e06c8b87f,3ee7e46399aea60603c767e0a604e79e7db233924ce71fe027a1ccc1623b7eb0,7beb41daec3d6a34c6da7696c56a982667957298f017ebe137829282b6ce7985,e6f30e55e478d39061b94e38de33959ca99b16e8cac38a3bd99b34f6543ad4a2,20260924,1.5,kinematic,noise,sigma1cm_lat0step,jonswap,strict,25.0,True,0.01,0.05,0.0,0,0.0,30.0,,e6f30e55e478d39061b94e38de33959ca99b16e8cac38a3bd99b34f6543ad4a2
residual_ppo,False,4,aft,id,SS4,200,200,1.0,0.9811546736227335,1.0,0.0,0.0,0.0,0.0,1.0,0.0,200,0.24806273991889805,0.3133513244914335,0.2475644162287476,0.3139297525168593,0.01632912767023568,0.03102378080527331,8.182195560461281,2.0071458333333334,1.9875,0.12251390706746783,0.20397581891011016,0,0.0,0,-0.0037870975960126872,138,0.69,0.75,0,0,0,0,0,200,0,0,200,,0.6228282243374195,0.750010551639219,0.69,0.6228282243374195,0.750010551639219,artifacts/runs/residual_ppo/4,ppo,10000000,final,10010624,6cedd5d9a1fbf7eabafa9ca6146ab19ce81fdab2,19cdad00d93d6be4a86cfe04718de10a5c258cf4c8f4a801437a495be5d5fc86,d706560de93355a04d130211968afc8ccf20e7443dc3b03da0206c0a4414e00c,ad2c8fbfd1b4cc695216dbdea711bcef287d65bcf37bfc13b77052919bc23e81,a117225dfe54a9f622dfe5254ef0a4fd9bab8f1ea93bda5925dea8ecf55b27dc,424451d859fd957d424c13883815d151bd0a5d18ffd1f6556642d24050fe5acc,ResidualPolicy,False,jonswap,jonswap,3.12.3,2.5.2,2.13.0,2.9.0,1.3.0,3.2.7,e9fa15cc35312a5c1ecf0c42668a690b5061c090,7ebad1ecabd28a7000add2d05f888aa2e837c2cc,c7fbdcc4df48bd4a2cfe21811613e5e50e3e4868822fe6dddd13745d96692118,b98d65cc5e34337369dcd4d69d63651cc2c99c19e8494199e8b5ec9e06c8b87f,3ee7e46399aea60603c767e0a604e79e7db233924ce71fe027a1ccc1623b7eb0,7beb41daec3d6a34c6da7696c56a982667957298f017ebe137829282b6ce7985,e6f30e55e478d39061b94e38de33959ca99b16e8cac38a3bd99b34f6543ad4a2,20260924,1.5,kinematic,noise,sigma1cm_lat0step,jonswap,strict,25.0,True,0.01,0.05,0.0,0,0.0,30.0,,e6f30e55e478d39061b94e38de33959ca99b16e8cac38a3bd99b34f6543ad4a2
residual_ppo,False,4,aft,id,SS5,200,198,0.99,0.9642782382838231,0.9972533418664555,0.0,0.0,0.005,0.005,0.99,0.0,200,0.24932583165790417,0.3130218517613352,0.2501424911666271,0.3136663187804838,0.015713755767355488,0.031936378114993905,10.413037213140731,2.0002708333333334,1.9854166666666666,0.1280753585603544,0.20552051141523953,0,0.0,0,-0.004514911464190073,59,0.295,0.745,0,0,0,0,0,199,1,0,200,,0.23613943856849148,0.36158714524618774,0.295,0.23613943856849148,0.36158714524618774,artifacts/runs/residual_ppo/4,ppo,10000000,final,10010624,6cedd5d9a1fbf7eabafa9ca6146ab19ce81fdab2,19cdad00d93d6be4a86cfe04718de10a5c258cf4c8f4a801437a495be5d5fc86,d706560de93355a04d130211968afc8ccf20e7443dc3b03da0206c0a4414e00c,ad2c8fbfd1b4cc695216dbdea711bcef287d65bcf37bfc13b77052919bc23e81,a117225dfe54a9f622dfe5254ef0a4fd9bab8f1ea93bda5925dea8ecf55b27dc,424451d859fd957d424c13883815d151bd0a5d18ffd1f6556642d24050fe5acc,ResidualPolicy,False,jonswap,jonswap,3.12.3,2.5.2,2.13.0,2.9.0,1.3.0,3.2.7,e9fa15cc35312a5c1ecf0c42668a690b5061c090,7ebad1ecabd28a7000add2d05f888aa2e837c2cc,c7fbdcc4df48bd4a2cfe21811613e5e50e3e4868822fe6dddd13745d96692118,b98d65cc5e34337369dcd4d69d63651cc2c99c19e8494199e8b5ec9e06c8b87f,3ee7e46399aea60603c767e0a604e79e7db233924ce71fe027a1ccc1623b7eb0,7beb41daec3d6a34c6da7696c56a982667957298f017ebe137829282b6ce7985,e6f30e55e478d39061b94e38de33959ca99b16e8cac38a3bd99b34f6543ad4a2,20260924,1.5,kinematic,noise,sigma1cm_lat0step,jonswap,strict,25.0,True,0.01,0.05,0.0,0,0.0,30.0,,e6f30e55e478d39061b94e38de33959ca99b16e8cac38a3bd99b34f6543ad4a2
residual_ppo,False,4,aft,id,SS6,200,190,0.95,0.9104218518612239,0.972617354399236,0.0,0.0,0.03,0.02,0.95,0.0,200,0.2455846349546234,0.3200030461046575,0.2460657679360458,0.32255498467007715,0.016826028681244342,0.03951163537182603,12.758243579915813,2.0393541666666666,2.0083333333333333,0.13331531127704685,0.20292675311909578,1,0.005,0,-0.004946434884864574,22,0.11,0.0,0,0,0,0,0,195,5,0,200,,0.07377244460125303,0.1609269099730149,0.11,0.07377244460125303,0.1609269099730149,artifacts/runs/residual_ppo/4,ppo,10000000,final,10010624,6cedd5d9a1fbf7eabafa9ca6146ab19ce81fdab2,19cdad00d93d6be4a86cfe04718de10a5c258cf4c8f4a801437a495be5d5fc86,d706560de93355a04d130211968afc8ccf20e7443dc3b03da0206c0a4414e00c,ad2c8fbfd1b4cc695216dbdea711bcef287d65bcf37bfc13b77052919bc23e81,a117225dfe54a9f622dfe5254ef0a4fd9bab8f1ea93bda5925dea8ecf55b27dc,424451d859fd957d424c13883815d151bd0a5d18ffd1f6556642d24050fe5acc,ResidualPolicy,False,jonswap,jonswap,3.12.3,2.5.2,2.13.0,2.9.0,1.3.0,3.2.7,e9fa15cc35312a5c1ecf0c42668a690b5061c090,7ebad1ecabd28a7000add2d05f888aa2e837c2cc,c7fbdcc4df48bd4a2cfe21811613e5e50e3e4868822fe6dddd13745d96692118,b98d65cc5e34337369dcd4d69d63651cc2c99c19e8494199e8b5ec9e06c8b87f,3ee7e46399aea60603c767e0a604e79e7db233924ce71fe027a1ccc1623b7eb0,7beb41daec3d6a34c6da7696c56a982667957298f017ebe137829282b6ce7985,e6f30e55e478d39061b94e38de33959ca99b16e8cac38a3bd99b34f6543ad4a2,20260924,1.5,kinematic,noise,sigma1cm_lat0step,jonswap,strict,25.0,True,0.01,0.05,0.0,0,0.0,30.0,,e6f30e55e478d39061b94e38de33959ca99b16e8cac38a3bd99b34f6543ad4a2
ppo_forecast,False,0,aft,id,SS3,200,200,1.0,0.9811546736227335,1.0,0.0,0.0,0.0,0.0,1.0,0.0,200,0.2412183528004656,0.27909283962331854,0.241908943180869,0.27882607749610433,0.012506155993649688,0.02565848165705939,4.423903812520048,1.5461250000000002,1.5541666666666667,0.23313202024572705,0.2335806131406338,0,0.0,0,-0.0025619415412886136,190,0.95,0.755,0,0,0,0,0,200,0,0,200,,0.9104218518612239,0.972617354399236,0.95,0.9104218518612239,0.972617354399236,artifacts/runs/ppo_forecast/0,ppo,10000000,final,10010624,6cedd5d9a1fbf7eabafa9ca6146ab19ce81fdab2,b765176bb07227178386a716a339effffa4335b08c314bec5a9cbafe01e7a185,42c455437bb58f00f412e7608a10c1b947b234e7a40adfbbb3856c534a5e5e57,a4710fd3f0d36722335bd164a68da1eb99e52f1616d4c6621068ae3ec1473116,0d3e9fe15c11e3f72e195d8e355a49a6927d7d70128a0a74d92e3c780a267a77,d166e6244a3a0f74e35c109a7e7695957ea782495b722d3294fab78c6d06f846,ForecastPolicy,True,jonswap,jonswap,3.12.3,2.5.2,2.13.0,2.9.0,1.3.0,3.2.7,e9fa15cc35312a5c1ecf0c42668a690b5061c090,7ebad1ecabd28a7000add2d05f888aa2e837c2cc,c7fbdcc4df48bd4a2cfe21811613e5e50e3e4868822fe6dddd13745d96692118,b98d65cc5e34337369dcd4d69d63651cc2c99c19e8494199e8b5ec9e06c8b87f,3ee7e46399aea60603c767e0a604e79e7db233924ce71fe027a1ccc1623b7eb0,7beb41daec3d6a34c6da7696c56a982667957298f017ebe137829282b6ce7985,e6f30e55e478d39061b94e38de33959ca99b16e8cac38a3bd99b34f6543ad4a2,20260924,1.5,kinematic,noise,sigma1cm_lat0step,jonswap,strict,25.0,True,0.01,0.05,0.0,0,0.0,30.0,,e6f30e55e478d39061b94e38de33959ca99b16e8cac38a3bd99b34f6543ad4a2
ppo_forecast,False,0,aft,id,SS4,200,200,1.0,0.9811546736227335,1.0,0.0,0.0,0.0,0.0,1.0,0.0,200,0.24122917764801083,0.2951107034279334,0.2413148172060201,0.29498069025757107,0.013720846464473808,0.026180564739214648,5.10515525172134,1.5471666666666666,1.5458333333333334,0.23713800060037793,0.2346600189459825,0,0.0,0,-0.002714017422483522,140,0.7,0.75,0,0,0,0,0,200,0,0,200,,0.6332093162728074,0.7592525531762859,0.7,0.6332093162728074,0.7592525531762859,artifacts/runs/ppo_forecast/0,ppo,10000000,final,10010624,6cedd5d9a1fbf7eabafa9ca6146ab19ce81fdab2,b765176bb07227178386a716a339effffa4335b08c314bec5a9cbafe01e7a185,42c455437bb58f00f412e7608a10c1b947b234e7a40adfbbb3856c534a5e5e57,a4710fd3f0d36722335bd164a68da1eb99e52f1616d4c6621068ae3ec1473116,0d3e9fe15c11e3f72e195d8e355a49a6927d7d70128a0a74d92e3c780a267a77,d166e6244a3a0f74e35c109a7e7695957ea782495b722d3294fab78c6d06f846,ForecastPolicy,True,jonswap,jonswap,3.12.3,2.5.2,2.13.0,2.9.0,1.3.0,3.2.7,e9fa15cc35312a5c1ecf0c42668a690b5061c090,7ebad1ecabd28a7000add2d05f888aa2e837c2cc,c7fbdcc4df48bd4a2cfe21811613e5e50e3e4868822fe6dddd13745d96692118,b98d65cc5e34337369dcd4d69d63651cc2c99c19e8494199e8b5ec9e06c8b87f,3ee7e46399aea60603c767e0a604e79e7db233924ce71fe027a1ccc1623b7eb0,7beb41daec3d6a34c6da7696c56a982667957298f017ebe137829282b6ce7985,e6f30e55e478d39061b94e38de33959ca99b16e8cac38a3bd99b34f6543ad4a2,20260924,1.5,kinematic,noise,sigma1cm_lat0step,jonswap,strict,25.0,True,0.01,0.05,0.0,0,0.0,30.0,,e6f30e55e478d39061b94e38de33959ca99b16e8cac38a3bd99b34f6543ad4a2
ppo_forecast,False,0,aft,id,SS5,200,200,1.0,0.9811546736227335,1.0,0.0,0.0,0.0,0.0,1.0,0.0,200,0.23664083478981515,0.29338803999278235,0.23668951414753964,0.2944240066642769,0.014473416696249736,0.028704439500527645,7.99416818862991,1.5536458333333332,1.5416666666666667,0.24492039161809223,0.23433528948834947,0,0.0,0,-0.004568037446588097,59,0.295,0.745,0,0,0,0,0,200,0,0,200,,0.23613943856849148,0.36158714524618774,0.295,0.23613943856849148,0.36158714524618774,artifacts/runs/ppo_forecast/0,ppo,10000000,final,10010624,6cedd5d9a1fbf7eabafa9ca6146ab19ce81fdab2,b765176bb07227178386a716a339effffa4335b08c314bec5a9cbafe01e7a185,42c455437bb58f00f412e7608a10c1b947b234e7a40adfbbb3856c534a5e5e57,a4710fd3f0d36722335bd164a68da1eb99e52f1616d4c6621068ae3ec1473116,0d3e9fe15c11e3f72e195d8e355a49a6927d7d70128a0a74d92e3c780a267a77,d166e6244a3a0f74e35c109a7e7695957ea782495b722d3294fab78c6d06f846,ForecastPolicy,True,jonswap,jonswap,3.12.3,2.5.2,2.13.0,2.9.0,1.3.0,3.2.7,e9fa15cc35312a5c1ecf0c42668a690b5061c090,7ebad1ecabd28a7000add2d05f888aa2e837c2cc,c7fbdcc4df48bd4a2cfe21811613e5e50e3e4868822fe6dddd13745d96692118,b98d65cc5e34337369dcd4d69d63651cc2c99c19e8494199e8b5ec9e06c8b87f,3ee7e46399aea60603c767e0a604e79e7db233924ce71fe027a1ccc1623b7eb0,7beb41daec3d6a34c6da7696c56a982667957298f017ebe137829282b6ce7985,e6f30e55e478d39061b94e38de33959ca99b16e8cac38a3bd99b34f6543ad4a2,20260924,1.5,kinematic,noise,sigma1cm_lat0step,jonswap,strict,25.0,True,0.01,0.05,0.0,0,0.0,30.0,,e6f30e55e478d39061b94e38de33959ca99b16e8cac38a3bd99b34f6543ad4a2
ppo_forecast,False,0,aft,id,SS6,200,197,0.985,0.9568342712073097,0.9948857622067417,0.0,0.0,0.015,0.0,0.985,0.0,200,0.24260863567066465,0.3004552740907354,0.24465136650521158,0.3003636211641607,0.01737692349506608,0.041298536570097834,12.201143615118138,1.5668958333333334,1.5583333333333333,0.2538765969589189,0.23462551787303482,0,0.0,2,-0.005247186755384683,24,0.12,0.0,0,0,0,0,0,200,0,0,200,,0.08197992706375512,0.17234252098296743,0.12,0.08197992706375512,0.17234252098296743,artifacts/runs/ppo_forecast/0,ppo,10000000,final,10010624,6cedd5d9a1fbf7eabafa9ca6146ab19ce81fdab2,b765176bb07227178386a716a339effffa4335b08c314bec5a9cbafe01e7a185,42c455437bb58f00f412e7608a10c1b947b234e7a40adfbbb3856c534a5e5e57,a4710fd3f0d36722335bd164a68da1eb99e52f1616d4c6621068ae3ec1473116,0d3e9fe15c11e3f72e195d8e355a49a6927d7d70128a0a74d92e3c780a267a77,d166e6244a3a0f74e35c109a7e7695957ea782495b722d3294fab78c6d06f846,ForecastPolicy,True,jonswap,jonswap,3.12.3,2.5.2,2.13.0,2.9.0,1.3.0,3.2.7,e9fa15cc35312a5c1ecf0c42668a690b5061c090,7ebad1ecabd28a7000add2d05f888aa2e837c2cc,c7fbdcc4df48bd4a2cfe21811613e5e50e3e4868822fe6dddd13745d96692118,b98d65cc5e34337369dcd4d69d63651cc2c99c19e8494199e8b5ec9e06c8b87f,3ee7e46399aea60603c767e0a604e79e7db233924ce71fe027a1ccc1623b7eb0,7beb41daec3d6a34c6da7696c56a982667957298f017ebe137829282b6ce7985,e6f30e55e478d39061b94e38de33959ca99b16e8cac38a3bd99b34f6543ad4a2,20260924,1.5,kinematic,noise,sigma1cm_lat0step,jonswap,strict,25.0,True,0.01,0.05,0.0,0,0.0,30.0,,e6f30e55e478d39061b94e38de33959ca99b16e8cac38a3bd99b34f6543ad4a2
ppo_forecast,False,1,aft,id,SS3,200,200,1.0,0.9811546736227335,1.0,0.0,0.0,0.0,0.0,1.0,0.0,200,0.25172159802243665,0.2867795138046816,0.2519762898526193,0.2871803581200379,0.010485402023880328,0.024389834749180005,4.086931588035302,1.5191666666666668,1.5166666666666666,0.31460717086523665,0.24722866072868263,0,0.0,0,-0.0025297424661751117,190,0.95,0.755,0,0,0,0,0,200,0,0,200,,0.9104218518612239,0.972617354399236,0.95,0.9104218518612239,0.972617354399236,artifacts/runs/ppo_forecast/1,ppo,10000000,final,10010624,6cedd5d9a1fbf7eabafa9ca6146ab19ce81fdab2,b765176bb07227178386a716a339effffa4335b08c314bec5a9cbafe01e7a185,42c455437bb58f00f412e7608a10c1b947b234e7a40adfbbb3856c534a5e5e57,05c089bc199302f546b5515b78843df4ef149d56bd90ad7802366907ad0b6cf4,2117c9548c19077acfdaf36025f43e504b62bd6d85d67ff65ff437ab6f6e6ca8,3c666e83901862d15dd53ac47551989654d1aa286e709a208346e8abd81c5e47,ForecastPolicy,True,jonswap,jonswap,3.12.3,2.5.2,2.13.0,2.9.0,1.3.0,3.2.7,e9fa15cc35312a5c1ecf0c42668a690b5061c090,7ebad1ecabd28a7000add2d05f888aa2e837c2cc,c7fbdcc4df48bd4a2cfe21811613e5e50e3e4868822fe6dddd13745d96692118,b98d65cc5e34337369dcd4d69d63651cc2c99c19e8494199e8b5ec9e06c8b87f,3ee7e46399aea60603c767e0a604e79e7db233924ce71fe027a1ccc1623b7eb0,7beb41daec3d6a34c6da7696c56a982667957298f017ebe137829282b6ce7985,e6f30e55e478d39061b94e38de33959ca99b16e8cac38a3bd99b34f6543ad4a2,20260924,1.5,kinematic,noise,sigma1cm_lat0step,jonswap,strict,25.0,True,0.01,0.05,0.0,0,0.0,30.0,,e6f30e55e478d39061b94e38de33959ca99b16e8cac38a3bd99b34f6543ad4a2
ppo_forecast,False,1,aft,id,SS4,200,200,1.0,0.9811546736227335,1.0,0.0,0.0,0.0,0.0,1.0,0.0,200,0.24715729635748487,0.29097665097602476,0.24706313227269133,0.29091120577849816,0.012352500243669748,0.024463338579109584,4.368489166206434,1.5216874999999999,1.525,0.3155629655892817,0.24708930901109494,0,0.0,0,-0.0032963263630771227,140,0.7,0.75,0,0,0,0,0,200,0,0,200,,0.6332093162728074,0.7592525531762859,0.7,0.6332093162728074,0.7592525531762859,artifacts/runs/ppo_forecast/1,ppo,10000000,final,10010624,6cedd5d9a1fbf7eabafa9ca6146ab19ce81fdab2,b765176bb07227178386a716a339effffa4335b08c314bec5a9cbafe01e7a185,42c455437bb58f00f412e7608a10c1b947b234e7a40adfbbb3856c534a5e5e57,05c089bc199302f546b5515b78843df4ef149d56bd90ad7802366907ad0b6cf4,2117c9548c19077acfdaf36025f43e504b62bd6d85d67ff65ff437ab6f6e6ca8,3c666e83901862d15dd53ac47551989654d1aa286e709a208346e8abd81c5e47,ForecastPolicy,True,jonswap,jonswap,3.12.3,2.5.2,2.13.0,2.9.0,1.3.0,3.2.7,e9fa15cc35312a5c1ecf0c42668a690b5061c090,7ebad1ecabd28a7000add2d05f888aa2e837c2cc,c7fbdcc4df48bd4a2cfe21811613e5e50e3e4868822fe6dddd13745d96692118,b98d65cc5e34337369dcd4d69d63651cc2c99c19e8494199e8b5ec9e06c8b87f,3ee7e46399aea60603c767e0a604e79e7db233924ce71fe027a1ccc1623b7eb0,7beb41daec3d6a34c6da7696c56a982667957298f017ebe137829282b6ce7985,e6f30e55e478d39061b94e38de33959ca99b16e8cac38a3bd99b34f6543ad4a2,20260924,1.5,kinematic,noise,sigma1cm_lat0step,jonswap,strict,25.0,True,0.01,0.05,0.0,0,0.0,30.0,,e6f30e55e478d39061b94e38de33959ca99b16e8cac38a3bd99b34f6543ad4a2
ppo_forecast,False,1,aft,id,SS5,200,200,1.0,0.9811546736227335,1.0,0.0,0.0,0.0,0.0,1.0,0.0,200,0.24799885702473215,0.29728113760311753,0.24930371498740136,0.2972023833778154,0.013208236933714389,0.028493688139166116,7.706465293771019,1.5222916666666668,1.5208333333333333,0.3174524716115552,0.24905629241529906,0,0.0,0,-0.0044166819942366015,60,0.3,0.745,0,0,0,0,0,200,0,0,200,,0.24074744682371402,0.36679068372719265,0.3,0.24074744682371402,0.36679068372719265,artifacts/runs/ppo_forecast/1,ppo,10000000,final,10010624,6cedd5d9a1fbf7eabafa9ca6146ab19ce81fdab2,b765176bb07227178386a716a339effffa4335b08c314bec5a9cbafe01e7a185,42c455437bb58f00f412e7608a10c1b947b234e7a40adfbbb3856c534a5e5e57,05c089bc199302f546b5515b78843df4ef149d56bd90ad7802366907ad0b6cf4,2117c9548c19077acfdaf36025f43e504b62bd6d85d67ff65ff437ab6f6e6ca8,3c666e83901862d15dd53ac47551989654d1aa286e709a208346e8abd81c5e47,ForecastPolicy,True,jonswap,jonswap,3.12.3,2.5.2,2.13.0,2.9.0,1.3.0,3.2.7,e9fa15cc35312a5c1ecf0c42668a690b5061c090,7ebad1ecabd28a7000add2d05f888aa2e837c2cc,c7fbdcc4df48bd4a2cfe21811613e5e50e3e4868822fe6dddd13745d96692118,b98d65cc5e34337369dcd4d69d63651cc2c99c19e8494199e8b5ec9e06c8b87f,3ee7e46399aea60603c767e0a604e79e7db233924ce71fe027a1ccc1623b7eb0,7beb41daec3d6a34c6da7696c56a982667957298f017ebe137829282b6ce7985,e6f30e55e478d39061b94e38de33959ca99b16e8cac38a3bd99b34f6543ad4a2,20260924,1.5,kinematic,noise,sigma1cm_lat0step,jonswap,strict,25.0,True,0.01,0.05,0.0,0,0.0,30.0,,e6f30e55e478d39061b94e38de33959ca99b16e8cac38a3bd99b34f6543ad4a2
ppo_forecast,False,1,aft,id,SS6,200,195,0.975,0.942821659593358,0.9892752803482386,0.0,0.0,0.02,0.005,0.975,0.0,200,0.24955006318186096,0.30189959819692297,0.2508868995571093,0.30311907824787815,0.01455119812943946,0.036470059942630646,12.266053457729747,1.5330833333333334,1.525,0.3150608229161678,0.25024312358512046,0,0.0,3,-0.005951318078591049,25,0.125,0.0,0,0,0,0,0,198,2,0,200,,0.08611974475712644,0.17801425002582347,0.125,0.08611974475712644,0.17801425002582347,artifacts/runs/ppo_forecast/1,ppo,10000000,final,10010624,6cedd5d9a1fbf7eabafa9ca6146ab19ce81fdab2,b765176bb07227178386a716a339effffa4335b08c314bec5a9cbafe01e7a185,42c455437bb58f00f412e7608a10c1b947b234e7a40adfbbb3856c534a5e5e57,05c089bc199302f546b5515b78843df4ef149d56bd90ad7802366907ad0b6cf4,2117c9548c19077acfdaf36025f43e504b62bd6d85d67ff65ff437ab6f6e6ca8,3c666e83901862d15dd53ac47551989654d1aa286e709a208346e8abd81c5e47,ForecastPolicy,True,jonswap,jonswap,3.12.3,2.5.2,2.13.0,2.9.0,1.3.0,3.2.7,e9fa15cc35312a5c1ecf0c42668a690b5061c090,7ebad1ecabd28a7000add2d05f888aa2e837c2cc,c7fbdcc4df48bd4a2cfe21811613e5e50e3e4868822fe6dddd13745d96692118,b98d65cc5e34337369dcd4d69d63651cc2c99c19e8494199e8b5ec9e06c8b87f,3ee7e46399aea60603c767e0a604e79e7db233924ce71fe027a1ccc1623b7eb0,7beb41daec3d6a34c6da7696c56a982667957298f017ebe137829282b6ce7985,e6f30e55e478d39061b94e38de33959ca99b16e8cac38a3bd99b34f6543ad4a2,20260924,1.5,kinematic,noise,sigma1cm_lat0step,jonswap,strict,25.0,True,0.01,0.05,0.0,0,0.0,30.0,,e6f30e55e478d39061b94e38de33959ca99b16e8cac38a3bd99b34f6543ad4a2
ppo_forecast,False,2,aft,id,SS3,200,200,1.0,0.9811546736227335,1.0,0.0,0.0,0.0,0.0,1.0,0.0,200,0.24601615145546923,0.27842505094935466,0.24605570383634146,0.27864039420199566,0.012047115220399422,0.024161813450074184,4.052838106299008,1.5243541666666667,1.5166666666666666,0.2510336865978021,0.22464169605512588,0,0.0,0,-0.002709885999522399,190,0.95,0.755,0,0,0,0,0,200,0,0,200,,0.9104218518612239,0.972617354399236,0.95,0.9104218518612239,0.972617354399236,artifacts/runs/ppo_forecast/2,ppo,10000000,final,10010624,6cedd5d9a1fbf7eabafa9ca6146ab19ce81fdab2,b765176bb07227178386a716a339effffa4335b08c314bec5a9cbafe01e7a185,42c455437bb58f00f412e7608a10c1b947b234e7a40adfbbb3856c534a5e5e57,5f04c8068021148a640b3ea72d50804ed91a8fef2204945aeef111a8fe6ef28e,274a35a60429b7e46de492d5f1dbd8ab895cb7a0a6168c6ea51711676981edf5,a8733476d0039390a4865aa02ed85588b37c8925df766aa789b81f6229447507,ForecastPolicy,True,jonswap,jonswap,3.12.3,2.5.2,2.13.0,2.9.0,1.3.0,3.2.7,e9fa15cc35312a5c1ecf0c42668a690b5061c090,7ebad1ecabd28a7000add2d05f888aa2e837c2cc,c7fbdcc4df48bd4a2cfe21811613e5e50e3e4868822fe6dddd13745d96692118,b98d65cc5e34337369dcd4d69d63651cc2c99c19e8494199e8b5ec9e06c8b87f,3ee7e46399aea60603c767e0a604e79e7db233924ce71fe027a1ccc1623b7eb0,7beb41daec3d6a34c6da7696c56a982667957298f017ebe137829282b6ce7985,e6f30e55e478d39061b94e38de33959ca99b16e8cac38a3bd99b34f6543ad4a2,20260924,1.5,kinematic,noise,sigma1cm_lat0step,jonswap,strict,25.0,True,0.01,0.05,0.0,0,0.0,30.0,,e6f30e55e478d39061b94e38de33959ca99b16e8cac38a3bd99b34f6543ad4a2
ppo_forecast,False,2,aft,id,SS4,200,200,1.0,0.9811546736227335,1.0,0.0,0.0,0.0,0.0,1.0,0.0,200,0.24895718087363977,0.28942078421391493,0.24980246096455616,0.2900792172631543,0.012868633923756301,0.024862849008403586,5.230140736871898,1.5253958333333333,1.525,0.25235175197729776,0.22528571033523304,0,0.0,0,-0.004050454934202134,140,0.7,0.75,0,0,0,0,0,200,0,0,200,,0.6332093162728074,0.7592525531762859,0.7,0.6332093162728074,0.7592525531762859,artifacts/runs/ppo_forecast/2,ppo,10000000,final,10010624,6cedd5d9a1fbf7eabafa9ca6146ab19ce81fdab2,b765176bb07227178386a716a339effffa4335b08c314bec5a9cbafe01e7a185,42c455437bb58f00f412e7608a10c1b947b234e7a40adfbbb3856c534a5e5e57,5f04c8068021148a640b3ea72d50804ed91a8fef2204945aeef111a8fe6ef28e,274a35a60429b7e46de492d5f1dbd8ab895cb7a0a6168c6ea51711676981edf5,a8733476d0039390a4865aa02ed85588b37c8925df766aa789b81f6229447507,ForecastPolicy,True,jonswap,jonswap,3.12.3,2.5.2,2.13.0,2.9.0,1.3.0,3.2.7,e9fa15cc35312a5c1ecf0c42668a690b5061c090,7ebad1ecabd28a7000add2d05f888aa2e837c2cc,c7fbdcc4df48bd4a2cfe21811613e5e50e3e4868822fe6dddd13745d96692118,b98d65cc5e34337369dcd4d69d63651cc2c99c19e8494199e8b5ec9e06c8b87f,3ee7e46399aea60603c767e0a604e79e7db233924ce71fe027a1ccc1623b7eb0,7beb41daec3d6a34c6da7696c56a982667957298f017ebe137829282b6ce7985,e6f30e55e478d39061b94e38de33959ca99b16e8cac38a3bd99b34f6543ad4a2,20260924,1.5,kinematic,noise,sigma1cm_lat0step,jonswap,strict,25.0,True,0.01,0.05,0.0,0,0.0,30.0,,e6f30e55e478d39061b94e38de33959ca99b16e8cac38a3bd99b34f6543ad4a2
ppo_forecast,False,2,aft,id,SS5,200,199,0.995,0.9722262956021069,0.9991168312843989,0.0,0.0,0.0,0.005,0.995,0.0,200,0.2419519216964326,0.28945928766746293,0.24466552861847124,0.2912239788395087,0.013604303785917853,0.030558276851111014,8.558150195991788,1.5231458333333336,1.525,0.2545419194448313,0.22787455560451203,0,0.0,0,-0.0044088437096324465,62,0.31,0.745,0,0,0,0,0,199,1,0,200,,0.2499894483607809,0.37717177566258037,0.31,0.2499894483607809,0.37717177566258037,artifacts/runs/ppo_forecast/2,ppo,10000000,final,10010624,6cedd5d9a1fbf7eabafa9ca6146ab19ce81fdab2,b765176bb07227178386a716a339effffa4335b08c314bec5a9cbafe01e7a185,42c455437bb58f00f412e7608a10c1b947b234e7a40adfbbb3856c534a5e5e57,5f04c8068021148a640b3ea72d50804ed91a8fef2204945aeef111a8fe6ef28e,274a35a60429b7e46de492d5f1dbd8ab895cb7a0a6168c6ea51711676981edf5,a8733476d0039390a4865aa02ed85588b37c8925df766aa789b81f6229447507,ForecastPolicy,True,jonswap,jonswap,3.12.3,2.5.2,2.13.0,2.9.0,1.3.0,3.2.7,e9fa15cc35312a5c1ecf0c42668a690b5061c090,7ebad1ecabd28a7000add2d05f888aa2e837c2cc,c7fbdcc4df48bd4a2cfe21811613e5e50e3e4868822fe6dddd13745d96692118,b98d65cc5e34337369dcd4d69d63651cc2c99c19e8494199e8b5ec9e06c8b87f,3ee7e46399aea60603c767e0a604e79e7db233924ce71fe027a1ccc1623b7eb0,7beb41daec3d6a34c6da7696c56a982667957298f017ebe137829282b6ce7985,e6f30e55e478d39061b94e38de33959ca99b16e8cac38a3bd99b34f6543ad4a2,20260924,1.5,kinematic,noise,sigma1cm_lat0step,jonswap,strict,25.0,True,0.01,0.05,0.0,0,0.0,30.0,,e6f30e55e478d39061b94e38de33959ca99b16e8cac38a3bd99b34f6543ad4a2
ppo_forecast,False,2,aft,id,SS6,200,195,0.975,0.942821659593358,0.9892752803482386,0.0,0.0,0.025,0.0,0.975,0.0,200,0.24445797450349505,0.3157620282234761,0.2454462635755728,0.30964914810043936,0.015546127594214892,0.03614928909352719,12.506208324646204,1.5302291666666668,1.5270833333333331,0.2565029192242438,0.22564096979719891,0,0.0,3,-0.005935749753335199,24,0.12,0.0,0,0,0,0,0,200,0,0,200,,0.08197992706375512,0.17234252098296743,0.12,0.08197992706375512,0.17234252098296743,artifacts/runs/ppo_forecast/2,ppo,10000000,final,10010624,6cedd5d9a1fbf7eabafa9ca6146ab19ce81fdab2,b765176bb07227178386a716a339effffa4335b08c314bec5a9cbafe01e7a185,42c455437bb58f00f412e7608a10c1b947b234e7a40adfbbb3856c534a5e5e57,5f04c8068021148a640b3ea72d50804ed91a8fef2204945aeef111a8fe6ef28e,274a35a60429b7e46de492d5f1dbd8ab895cb7a0a6168c6ea51711676981edf5,a8733476d0039390a4865aa02ed85588b37c8925df766aa789b81f6229447507,ForecastPolicy,True,jonswap,jonswap,3.12.3,2.5.2,2.13.0,2.9.0,1.3.0,3.2.7,e9fa15cc35312a5c1ecf0c42668a690b5061c090,7ebad1ecabd28a7000add2d05f888aa2e837c2cc,c7fbdcc4df48bd4a2cfe21811613e5e50e3e4868822fe6dddd13745d96692118,b98d65cc5e34337369dcd4d69d63651cc2c99c19e8494199e8b5ec9e06c8b87f,3ee7e46399aea60603c767e0a604e79e7db233924ce71fe027a1ccc1623b7eb0,7beb41daec3d6a34c6da7696c56a982667957298f017ebe137829282b6ce7985,e6f30e55e478d39061b94e38de33959ca99b16e8cac38a3bd99b34f6543ad4a2,20260924,1.5,kinematic,noise,sigma1cm_lat0step,jonswap,strict,25.0,True,0.01,0.05,0.0,0,0.0,30.0,,e6f30e55e478d39061b94e38de33959ca99b16e8cac38a3bd99b34f6543ad4a2
ppo_forecast,False,3,aft,id,SS3,200,200,1.0,0.9811546736227335,1.0,0.0,0.0,0.0,0.0,1.0,0.0,200,0.24947722039485498,0.28905763413680774,0.25030155810288024,0.28915845301629256,0.010634973754523668,0.020962480804499774,4.544128555616122,1.515875,1.5104166666666665,0.29977967151106005,0.2253236573745059,0,0.0,0,-0.0027718754531344957,190,0.95,0.755,0,0,0,0,0,200,0,0,200,,0.9104218518612239,0.972617354399236,0.95,0.9104218518612239,0.972617354399236,artifacts/runs/ppo_forecast/3,ppo,10000000,final,10010624,6cedd5d9a1fbf7eabafa9ca6146ab19ce81fdab2,b765176bb07227178386a716a339effffa4335b08c314bec5a9cbafe01e7a185,42c455437bb58f00f412e7608a10c1b947b234e7a40adfbbb3856c534a5e5e57,1cb0e664020484704e31df0dffea6de2d0d245454b4822b09bebf74d33cb1412,f04f1806fde35791bd953b8f21d61c001486d3503c6091b6cf8274962140836e,e671d06950623e7ffdce4e1d39991cae8c19fdab70ac4ac26b0f6b2a95a7ad48,ForecastPolicy,True,jonswap,jonswap,3.12.3,2.5.2,2.13.0,2.9.0,1.3.0,3.2.7,e9fa15cc35312a5c1ecf0c42668a690b5061c090,7ebad1ecabd28a7000add2d05f888aa2e837c2cc,c7fbdcc4df48bd4a2cfe21811613e5e50e3e4868822fe6dddd13745d96692118,b98d65cc5e34337369dcd4d69d63651cc2c99c19e8494199e8b5ec9e06c8b87f,3ee7e46399aea60603c767e0a604e79e7db233924ce71fe027a1ccc1623b7eb0,7beb41daec3d6a34c6da7696c56a982667957298f017ebe137829282b6ce7985,e6f30e55e478d39061b94e38de33959ca99b16e8cac38a3bd99b34f6543ad4a2,20260924,1.5,kinematic,noise,sigma1cm_lat0step,jonswap,strict,25.0,True,0.01,0.05,0.0,0,0.0,30.0,,e6f30e55e478d39061b94e38de33959ca99b16e8cac38a3bd99b34f6543ad4a2
ppo_forecast,False,3,aft,id,SS4,200,200,1.0,0.9811546736227335,1.0,0.0,0.0,0.0,0.0,1.0,0.0,200,0.24791987057276343,0.29136813964644354,0.2476610904116917,0.29194784839416954,0.010549245217552478,0.02323636100025818,4.772125335147132,1.5198333333333331,1.5229166666666667,0.296909102335306,0.22555274602866035,0,0.0,0,-0.003266392977935287,140,0.7,0.75,0,0,0,0,0,200,0,0,200,,0.6332093162728074,0.7592525531762859,0.7,0.6332093162728074,0.7592525531762859,artifacts/runs/ppo_forecast/3,ppo,10000000,final,10010624,6cedd5d9a1fbf7eabafa9ca6146ab19ce81fdab2,b765176bb07227178386a716a339effffa4335b08c314bec5a9cbafe01e7a185,42c455437bb58f00f412e7608a10c1b947b234e7a40adfbbb3856c534a5e5e57,1cb0e664020484704e31df0dffea6de2d0d245454b4822b09bebf74d33cb1412,f04f1806fde35791bd953b8f21d61c001486d3503c6091b6cf8274962140836e,e671d06950623e7ffdce4e1d39991cae8c19fdab70ac4ac26b0f6b2a95a7ad48,ForecastPolicy,True,jonswap,jonswap,3.12.3,2.5.2,2.13.0,2.9.0,1.3.0,3.2.7,e9fa15cc35312a5c1ecf0c42668a690b5061c090,7ebad1ecabd28a7000add2d05f888aa2e837c2cc,c7fbdcc4df48bd4a2cfe21811613e5e50e3e4868822fe6dddd13745d96692118,b98d65cc5e34337369dcd4d69d63651cc2c99c19e8494199e8b5ec9e06c8b87f,3ee7e46399aea60603c767e0a604e79e7db233924ce71fe027a1ccc1623b7eb0,7beb41daec3d6a34c6da7696c56a982667957298f017ebe137829282b6ce7985,e6f30e55e478d39061b94e38de33959ca99b16e8cac38a3bd99b34f6543ad4a2,20260924,1.5,kinematic,noise,sigma1cm_lat0step,jonswap,strict,25.0,True,0.01,0.05,0.0,0,0.0,30.0,,e6f30e55e478d39061b94e38de33959ca99b16e8cac38a3bd99b34f6543ad4a2
ppo_forecast,False,3,aft,id,SS5,200,200,1.0,0.9811546736227335,1.0,0.0,0.0,0.0,0.0,1.0,0.0,200,0.2466567189771542,0.2813490090882372,0.24832489940780467,0.28233300984260873,0.013120216825064878,0.027678640762756206,8.406606091244297,1.5247291666666667,1.525,0.29137549597177104,0.22578849818351632,0,0.0,1,-0.005291413470083178,59,0.295,0.745,0,0,0,0,0,200,0,0,200,,0.23613943856849148,0.36158714524618774,0.295,0.23613943856849148,0.36158714524618774,artifacts/runs/ppo_forecast/3,ppo,10000000,final,10010624,6cedd5d9a1fbf7eabafa9ca6146ab19ce81fdab2,b765176bb07227178386a716a339effffa4335b08c314bec5a9cbafe01e7a185,42c455437bb58f00f412e7608a10c1b947b234e7a40adfbbb3856c534a5e5e57,1cb0e664020484704e31df0dffea6de2d0d245454b4822b09bebf74d33cb1412,f04f1806fde35791bd953b8f21d61c001486d3503c6091b6cf8274962140836e,e671d06950623e7ffdce4e1d39991cae8c19fdab70ac4ac26b0f6b2a95a7ad48,ForecastPolicy,True,jonswap,jonswap,3.12.3,2.5.2,2.13.0,2.9.0,1.3.0,3.2.7,e9fa15cc35312a5c1ecf0c42668a690b5061c090,7ebad1ecabd28a7000add2d05f888aa2e837c2cc,c7fbdcc4df48bd4a2cfe21811613e5e50e3e4868822fe6dddd13745d96692118,b98d65cc5e34337369dcd4d69d63651cc2c99c19e8494199e8b5ec9e06c8b87f,3ee7e46399aea60603c767e0a604e79e7db233924ce71fe027a1ccc1623b7eb0,7beb41daec3d6a34c6da7696c56a982667957298f017ebe137829282b6ce7985,e6f30e55e478d39061b94e38de33959ca99b16e8cac38a3bd99b34f6543ad4a2,20260924,1.5,kinematic,noise,sigma1cm_lat0step,jonswap,strict,25.0,True,0.01,0.05,0.0,0,0.0,30.0,,e6f30e55e478d39061b94e38de33959ca99b16e8cac38a3bd99b34f6543ad4a2
ppo_forecast,False,3,aft,id,SS6,200,195,0.975,0.942821659593358,0.9892752803482386,0.0,0.0,0.015,0.01,0.975,0.0,200,0.24705337937638852,0.29729124025931186,0.24817362138985027,0.3003151825001672,0.015146410794898256,0.03652853109128767,11.877804919583117,1.5375,1.5354166666666667,0.2863625277481991,0.23045936179142668,0,0.0,3,-0.005298199296614774,24,0.12,0.0,0,0,0,0,0,197,3,0,200,,0.08197992706375512,0.17234252098296743,0.12,0.08197992706375512,0.17234252098296743,artifacts/runs/ppo_forecast/3,ppo,10000000,final,10010624,6cedd5d9a1fbf7eabafa9ca6146ab19ce81fdab2,b765176bb07227178386a716a339effffa4335b08c314bec5a9cbafe01e7a185,42c455437bb58f00f412e7608a10c1b947b234e7a40adfbbb3856c534a5e5e57,1cb0e664020484704e31df0dffea6de2d0d245454b4822b09bebf74d33cb1412,f04f1806fde35791bd953b8f21d61c001486d3503c6091b6cf8274962140836e,e671d06950623e7ffdce4e1d39991cae8c19fdab70ac4ac26b0f6b2a95a7ad48,ForecastPolicy,True,jonswap,jonswap,3.12.3,2.5.2,2.13.0,2.9.0,1.3.0,3.2.7,e9fa15cc35312a5c1ecf0c42668a690b5061c090,7ebad1ecabd28a7000add2d05f888aa2e837c2cc,c7fbdcc4df48bd4a2cfe21811613e5e50e3e4868822fe6dddd13745d96692118,b98d65cc5e34337369dcd4d69d63651cc2c99c19e8494199e8b5ec9e06c8b87f,3ee7e46399aea60603c767e0a604e79e7db233924ce71fe027a1ccc1623b7eb0,7beb41daec3d6a34c6da7696c56a982667957298f017ebe137829282b6ce7985,e6f30e55e478d39061b94e38de33959ca99b16e8cac38a3bd99b34f6543ad4a2,20260924,1.5,kinematic,noise,sigma1cm_lat0step,jonswap,strict,25.0,True,0.01,0.05,0.0,0,0.0,30.0,,e6f30e55e478d39061b94e38de33959ca99b16e8cac38a3bd99b34f6543ad4a2
ppo_forecast,False,4,aft,id,SS3,200,200,1.0,0.9811546736227335,1.0,0.0,0.0,0.0,0.0,1.0,0.0,200,0.24858809449002517,0.2861440448156937,0.24861462123456304,0.28665896721481177,0.010694535588779796,0.020939027727142595,3.8713162001552135,1.5167916666666668,1.5166666666666666,0.24592247413463028,0.24086768547343582,0,0.0,0,-0.0027540159305634213,190,0.95,0.755,0,0,0,0,0,200,0,0,200,,0.9104218518612239,0.972617354399236,0.95,0.9104218518612239,0.972617354399236,artifacts/runs/ppo_forecast/4,ppo,10000000,final,10010624,6cedd5d9a1fbf7eabafa9ca6146ab19ce81fdab2,b765176bb07227178386a716a339effffa4335b08c314bec5a9cbafe01e7a185,42c455437bb58f00f412e7608a10c1b947b234e7a40adfbbb3856c534a5e5e57,c516a3324c8b088053d065321bcf5f97bbeddbd4068dad5f493c8251cd65873d,640a73a9613c3c177c3d92a9822ce3bfbd9daa77409cd507ea7b5865ec6b143d,1315c92f0f65250b57599e80eadbef22ea9839f0c1b6eca69ae835f592a19ff9,ForecastPolicy,True,jonswap,jonswap,3.12.3,2.5.2,2.13.0,2.9.0,1.3.0,3.2.7,e9fa15cc35312a5c1ecf0c42668a690b5061c090,7ebad1ecabd28a7000add2d05f888aa2e837c2cc,c7fbdcc4df48bd4a2cfe21811613e5e50e3e4868822fe6dddd13745d96692118,b98d65cc5e34337369dcd4d69d63651cc2c99c19e8494199e8b5ec9e06c8b87f,3ee7e46399aea60603c767e0a604e79e7db233924ce71fe027a1ccc1623b7eb0,7beb41daec3d6a34c6da7696c56a982667957298f017ebe137829282b6ce7985,e6f30e55e478d39061b94e38de33959ca99b16e8cac38a3bd99b34f6543ad4a2,20260924,1.5,kinematic,noise,sigma1cm_lat0step,jonswap,strict,25.0,True,0.01,0.05,0.0,0,0.0,30.0,,e6f30e55e478d39061b94e38de33959ca99b16e8cac38a3bd99b34f6543ad4a2
ppo_forecast,False,4,aft,id,SS4,200,200,1.0,0.9811546736227335,1.0,0.0,0.0,0.0,0.0,1.0,0.0,200,0.2511350678982643,0.2952459608551401,0.25134781985137084,0.2962846273490355,0.01169617558249228,0.0242727155097309,5.30735477111736,1.5175,1.5187499999999998,0.24915972001926268,0.2407182814524664,0,0.0,0,-0.002721852444436559,141,0.705,0.75,0,0,0,0,0,200,0,0,200,,0.6384128547538122,0.7638605614315084,0.705,0.6384128547538122,0.7638605614315084,artifacts/runs/ppo_forecast/4,ppo,10000000,final,10010624,6cedd5d9a1fbf7eabafa9ca6146ab19ce81fdab2,b765176bb07227178386a716a339effffa4335b08c314bec5a9cbafe01e7a185,42c455437bb58f00f412e7608a10c1b947b234e7a40adfbbb3856c534a5e5e57,c516a3324c8b088053d065321bcf5f97bbeddbd4068dad5f493c8251cd65873d,640a73a9613c3c177c3d92a9822ce3bfbd9daa77409cd507ea7b5865ec6b143d,1315c92f0f65250b57599e80eadbef22ea9839f0c1b6eca69ae835f592a19ff9,ForecastPolicy,True,jonswap,jonswap,3.12.3,2.5.2,2.13.0,2.9.0,1.3.0,3.2.7,e9fa15cc35312a5c1ecf0c42668a690b5061c090,7ebad1ecabd28a7000add2d05f888aa2e837c2cc,c7fbdcc4df48bd4a2cfe21811613e5e50e3e4868822fe6dddd13745d96692118,b98d65cc5e34337369dcd4d69d63651cc2c99c19e8494199e8b5ec9e06c8b87f,3ee7e46399aea60603c767e0a604e79e7db233924ce71fe027a1ccc1623b7eb0,7beb41daec3d6a34c6da7696c56a982667957298f017ebe137829282b6ce7985,e6f30e55e478d39061b94e38de33959ca99b16e8cac38a3bd99b34f6543ad4a2,20260924,1.5,kinematic,noise,sigma1cm_lat0step,jonswap,strict,25.0,True,0.01,0.05,0.0,0,0.0,30.0,,e6f30e55e478d39061b94e38de33959ca99b16e8cac38a3bd99b34f6543ad4a2
ppo_forecast,False,4,aft,id,SS5,200,200,1.0,0.9811546736227335,1.0,0.0,0.0,0.0,0.0,1.0,0.0,200,0.2483333626575664,0.29418591237597175,0.24774721856180226,0.29567298406869236,0.011548034963943812,0.029852407922254624,7.884726786597653,1.5197500000000002,1.5166666666666666,0.2510449533058876,0.24023448101557768,0,0.0,0,-0.004554027157604841,62,0.31,0.745,0,0,0,0,0,200,0,0,200,,0.2499894483607809,0.37717177566258037,0.31,0.2499894483607809,0.37717177566258037,artifacts/runs/ppo_forecast/4,ppo,10000000,final,10010624,6cedd5d9a1fbf7eabafa9ca6146ab19ce81fdab2,b765176bb07227178386a716a339effffa4335b08c314bec5a9cbafe01e7a185,42c455437bb58f00f412e7608a10c1b947b234e7a40adfbbb3856c534a5e5e57,c516a3324c8b088053d065321bcf5f97bbeddbd4068dad5f493c8251cd65873d,640a73a9613c3c177c3d92a9822ce3bfbd9daa77409cd507ea7b5865ec6b143d,1315c92f0f65250b57599e80eadbef22ea9839f0c1b6eca69ae835f592a19ff9,ForecastPolicy,True,jonswap,jonswap,3.12.3,2.5.2,2.13.0,2.9.0,1.3.0,3.2.7,e9fa15cc35312a5c1ecf0c42668a690b5061c090,7ebad1ecabd28a7000add2d05f888aa2e837c2cc,c7fbdcc4df48bd4a2cfe21811613e5e50e3e4868822fe6dddd13745d96692118,b98d65cc5e34337369dcd4d69d63651cc2c99c19e8494199e8b5ec9e06c8b87f,3ee7e46399aea60603c767e0a604e79e7db233924ce71fe027a1ccc1623b7eb0,7beb41daec3d6a34c6da7696c56a982667957298f017ebe137829282b6ce7985,e6f30e55e478d39061b94e38de33959ca99b16e8cac38a3bd99b34f6543ad4a2,20260924,1.5,kinematic,noise,sigma1cm_lat0step,jonswap,strict,25.0,True,0.01,0.05,0.0,0,0.0,30.0,,e6f30e55e478d39061b94e38de33959ca99b16e8cac38a3bd99b34f6543ad4a2
ppo_forecast,False,4,aft,id,SS6,200,196,0.98,0.9497129130941735,0.9921955735836505,0.0,0.0,0.015,0.005,0.98,0.0,200,0.25207298596057415,0.3180465720628511,0.25046119905340797,0.3129147322870655,0.016305216686991877,0.044827174965095126,12.087374159219657,1.5474583333333334,1.53125,0.24998437833776033,0.23789209211687748,0,0.0,2,-0.006438542401933021,22,0.11,0.0,0,0,0,0,0,199,1,0,200,,0.07377244460125303,0.1609269099730149,0.11,0.07377244460125303,0.1609269099730149,artifacts/runs/ppo_forecast/4,ppo,10000000,final,10010624,6cedd5d9a1fbf7eabafa9ca6146ab19ce81fdab2,b765176bb07227178386a716a339effffa4335b08c314bec5a9cbafe01e7a185,42c455437bb58f00f412e7608a10c1b947b234e7a40adfbbb3856c534a5e5e57,c516a3324c8b088053d065321bcf5f97bbeddbd4068dad5f493c8251cd65873d,640a73a9613c3c177c3d92a9822ce3bfbd9daa77409cd507ea7b5865ec6b143d,1315c92f0f65250b57599e80eadbef22ea9839f0c1b6eca69ae835f592a19ff9,ForecastPolicy,True,jonswap,jonswap,3.12.3,2.5.2,2.13.0,2.9.0,1.3.0,3.2.7,e9fa15cc35312a5c1ecf0c42668a690b5061c090,7ebad1ecabd28a7000add2d05f888aa2e837c2cc,c7fbdcc4df48bd4a2cfe21811613e5e50e3e4868822fe6dddd13745d96692118,b98d65cc5e34337369dcd4d69d63651cc2c99c19e8494199e8b5ec9e06c8b87f,3ee7e46399aea60603c767e0a604e79e7db233924ce71fe027a1ccc1623b7eb0,7beb41daec3d6a34c6da7696c56a982667957298f017ebe137829282b6ce7985,e6f30e55e478d39061b94e38de33959ca99b16e8cac38a3bd99b34f6543ad4a2,20260924,1.5,kinematic,noise,sigma1cm_lat0step,jonswap,strict,25.0,True,0.01,0.05,0.0,0,0.0,30.0,,e6f30e55e478d39061b94e38de33959ca99b16e8cac38a3bd99b34f6543ad4a2
residual_ppo_forecast,False,0,aft,id,SS3,200,200,1.0,0.9811546736227335,1.0,0.0,0.0,0.0,0.0,1.0,0.0,200,0.25573576343095783,0.31380821826682703,0.255613180804827,0.3137705154889042,0.01581282927315443,0.03105402496675894,6.2944454068395,1.9845,1.9708333333333332,0.11749986515095802,0.19943258509469555,0,0.0,0,-0.002888404062490511,186,0.93,0.755,0,0,0,0,0,200,0,0,200,,0.8859451911438936,0.9578478281716571,0.93,0.8859451911438936,0.9578478281716571,artifacts/runs/residual_ppo_forecast/0,ppo,10000000,final,10010624,6cedd5d9a1fbf7eabafa9ca6146ab19ce81fdab2,8276ee8f4e1baa91aa56b31aeb5b5f48aa8845c72939e13cf44ff4fb4e10b2e3,92671b2081ade69e3bda52d06309eb171c7b36b2303c8648d10c93d6591a4765,8642848a224023a069190ceba3a47a93e9d3884843f2a5d4c6ffb4daaac81522,05c683af2cfb1933e7265d6b306fbb2773a0f00e94f8deda7a8a4d729c4af0b4,7c465b02e74bbf27d5c42a8dfbc5bc735556cdcd8a22047f6d60070db40a21bc,ResidualForecastPolicy,True,jonswap,jonswap,3.12.3,2.5.2,2.13.0,2.9.0,1.3.0,3.2.7,e9fa15cc35312a5c1ecf0c42668a690b5061c090,7ebad1ecabd28a7000add2d05f888aa2e837c2cc,c7fbdcc4df48bd4a2cfe21811613e5e50e3e4868822fe6dddd13745d96692118,b98d65cc5e34337369dcd4d69d63651cc2c99c19e8494199e8b5ec9e06c8b87f,3ee7e46399aea60603c767e0a604e79e7db233924ce71fe027a1ccc1623b7eb0,7beb41daec3d6a34c6da7696c56a982667957298f017ebe137829282b6ce7985,e6f30e55e478d39061b94e38de33959ca99b16e8cac38a3bd99b34f6543ad4a2,20260924,1.5,kinematic,noise,sigma1cm_lat0step,jonswap,strict,25.0,True,0.01,0.05,0.0,0,0.0,30.0,,e6f30e55e478d39061b94e38de33959ca99b16e8cac38a3bd99b34f6543ad4a2
residual_ppo_forecast,False,0,aft,id,SS4,200,200,1.0,0.9811546736227335,1.0,0.0,0.0,0.0,0.0,1.0,0.0,200,0.2626232949499234,0.3126882437872373,0.2629299216266462,0.31451923124427034,0.01482375714935106,0.03128972387356508,6.365596732942943,1.9856666666666667,1.9604166666666667,0.12389389233624976,0.20026098773590317,0,0.0,0,-0.00302920454529441,142,0.71,0.75,0,0,0,0,0,200,0,0,200,,0.6436252189922268,0.7684597439293211,0.71,0.6436252189922268,0.7684597439293211,artifacts/runs/residual_ppo_forecast/0,ppo,10000000,final,10010624,6cedd5d9a1fbf7eabafa9ca6146ab19ce81fdab2,8276ee8f4e1baa91aa56b31aeb5b5f48aa8845c72939e13cf44ff4fb4e10b2e3,92671b2081ade69e3bda52d06309eb171c7b36b2303c8648d10c93d6591a4765,8642848a224023a069190ceba3a47a93e9d3884843f2a5d4c6ffb4daaac81522,05c683af2cfb1933e7265d6b306fbb2773a0f00e94f8deda7a8a4d729c4af0b4,7c465b02e74bbf27d5c42a8dfbc5bc735556cdcd8a22047f6d60070db40a21bc,ResidualForecastPolicy,True,jonswap,jonswap,3.12.3,2.5.2,2.13.0,2.9.0,1.3.0,3.2.7,e9fa15cc35312a5c1ecf0c42668a690b5061c090,7ebad1ecabd28a7000add2d05f888aa2e837c2cc,c7fbdcc4df48bd4a2cfe21811613e5e50e3e4868822fe6dddd13745d96692118,b98d65cc5e34337369dcd4d69d63651cc2c99c19e8494199e8b5ec9e06c8b87f,3ee7e46399aea60603c767e0a604e79e7db233924ce71fe027a1ccc1623b7eb0,7beb41daec3d6a34c6da7696c56a982667957298f017ebe137829282b6ce7985,e6f30e55e478d39061b94e38de33959ca99b16e8cac38a3bd99b34f6543ad4a2,20260924,1.5,kinematic,noise,sigma1cm_lat0step,jonswap,strict,25.0,True,0.01,0.05,0.0,0,0.0,30.0,,e6f30e55e478d39061b94e38de33959ca99b16e8cac38a3bd99b34f6543ad4a2
residual_ppo_forecast,False,0,aft,id,SS5,200,197,0.985,0.9568342712073097,0.9948857622067417,0.0,0.005,0.005,0.005,0.985,0.0,200,0.26224471320416576,0.3129638905363346,0.26176470833199533,0.3130388284458021,0.01675855298903833,0.03237860246041192,9.635262950493829,1.9756874999999996,1.9749999999999999,0.12888481032624197,0.19684290076895483,0,0.0,0,-0.004395921391220875,60,0.3,0.745,0,0,0,0,0,197,3,0,200,,0.24074744682371402,0.36679068372719265,0.3,0.24074744682371402,0.36679068372719265,artifacts/runs/residual_ppo_forecast/0,ppo,10000000,final,10010624,6cedd5d9a1fbf7eabafa9ca6146ab19ce81fdab2,8276ee8f4e1baa91aa56b31aeb5b5f48aa8845c72939e13cf44ff4fb4e10b2e3,92671b2081ade69e3bda52d06309eb171c7b36b2303c8648d10c93d6591a4765,8642848a224023a069190ceba3a47a93e9d3884843f2a5d4c6ffb4daaac81522,05c683af2cfb1933e7265d6b306fbb2773a0f00e94f8deda7a8a4d729c4af0b4,7c465b02e74bbf27d5c42a8dfbc5bc735556cdcd8a22047f6d60070db40a21bc,ResidualForecastPolicy,True,jonswap,jonswap,3.12.3,2.5.2,2.13.0,2.9.0,1.3.0,3.2.7,e9fa15cc35312a5c1ecf0c42668a690b5061c090,7ebad1ecabd28a7000add2d05f888aa2e837c2cc,c7fbdcc4df48bd4a2cfe21811613e5e50e3e4868822fe6dddd13745d96692118,b98d65cc5e34337369dcd4d69d63651cc2c99c19e8494199e8b5ec9e06c8b87f,3ee7e46399aea60603c767e0a604e79e7db233924ce71fe027a1ccc1623b7eb0,7beb41daec3d6a34c6da7696c56a982667957298f017ebe137829282b6ce7985,e6f30e55e478d39061b94e38de33959ca99b16e8cac38a3bd99b34f6543ad4a2,20260924,1.5,kinematic,noise,sigma1cm_lat0step,jonswap,strict,25.0,True,0.01,0.05,0.0,0,0.0,30.0,,e6f30e55e478d39061b94e38de33959ca99b16e8cac38a3bd99b34f6543ad4a2
residual_ppo_forecast,False,0,aft,id,SS6,200,192,0.96,0.923067931799067,0.9795943679338476,0.0,0.0,0.035,0.005,0.96,0.0,200,0.25977949865458666,0.3182952287349123,0.26205748276570634,0.31904318013333766,0.01795261924513257,0.04044033776222986,14.343579362662004,2.0110625,2.0,0.1330908225559684,0.19393592952715794,0,0.0,0,-0.0048281800793666,24,0.12,0.0,0,0,0,0,0,196,4,0,200,,0.08197992706375512,0.17234252098296743,0.12,0.08197992706375512,0.17234252098296743,artifacts/runs/residual_ppo_forecast/0,ppo,10000000,final,10010624,6cedd5d9a1fbf7eabafa9ca6146ab19ce81fdab2,8276ee8f4e1baa91aa56b31aeb5b5f48aa8845c72939e13cf44ff4fb4e10b2e3,92671b2081ade69e3bda52d06309eb171c7b36b2303c8648d10c93d6591a4765,8642848a224023a069190ceba3a47a93e9d3884843f2a5d4c6ffb4daaac81522,05c683af2cfb1933e7265d6b306fbb2773a0f00e94f8deda7a8a4d729c4af0b4,7c465b02e74bbf27d5c42a8dfbc5bc735556cdcd8a22047f6d60070db40a21bc,ResidualForecastPolicy,True,jonswap,jonswap,3.12.3,2.5.2,2.13.0,2.9.0,1.3.0,3.2.7,e9fa15cc35312a5c1ecf0c42668a690b5061c090,7ebad1ecabd28a7000add2d05f888aa2e837c2cc,c7fbdcc4df48bd4a2cfe21811613e5e50e3e4868822fe6dddd13745d96692118,b98d65cc5e34337369dcd4d69d63651cc2c99c19e8494199e8b5ec9e06c8b87f,3ee7e46399aea60603c767e0a604e79e7db233924ce71fe027a1ccc1623b7eb0,7beb41daec3d6a34c6da7696c56a982667957298f017ebe137829282b6ce7985,e6f30e55e478d39061b94e38de33959ca99b16e8cac38a3bd99b34f6543ad4a2,20260924,1.5,kinematic,noise,sigma1cm_lat0step,jonswap,strict,25.0,True,0.01,0.05,0.0,0,0.0,30.0,,e6f30e55e478d39061b94e38de33959ca99b16e8cac38a3bd99b34f6543ad4a2
residual_ppo_forecast,False,1,aft,id,SS3,200,200,1.0,0.9811546736227335,1.0,0.0,0.0,0.0,0.0,1.0,0.0,200,0.2606820704501635,0.31167297136804484,0.26092741194666735,0.3117642744522694,0.01548962843641952,0.031857279495103294,6.423897717128677,1.9875,1.9708333333333332,0.1180454620753191,0.19714636445402117,0,0.0,0,-0.003045813960702948,187,0.935,0.755,0,0,0,0,0,200,0,0,200,,0.8919809207009312,0.961623645350847,0.935,0.8919809207009312,0.961623645350847,artifacts/runs/residual_ppo_forecast/1,ppo,10000000,final,10010624,6cedd5d9a1fbf7eabafa9ca6146ab19ce81fdab2,8276ee8f4e1baa91aa56b31aeb5b5f48aa8845c72939e13cf44ff4fb4e10b2e3,92671b2081ade69e3bda52d06309eb171c7b36b2303c8648d10c93d6591a4765,129feb9da2bfce5ab1b169c5e7ee4956ca4b3dd890a44171f0265638cb35eed5,f008964eabf072d81045c92f413c7d29b561e5baf783aa2c8f121c77f04151f8,65ca46d9d2effab3b94ed2360a8e44cc66114dc6d71d1c8beee094459ae3d900,ResidualForecastPolicy,True,jonswap,jonswap,3.12.3,2.5.2,2.13.0,2.9.0,1.3.0,3.2.7,e9fa15cc35312a5c1ecf0c42668a690b5061c090,7ebad1ecabd28a7000add2d05f888aa2e837c2cc,c7fbdcc4df48bd4a2cfe21811613e5e50e3e4868822fe6dddd13745d96692118,b98d65cc5e34337369dcd4d69d63651cc2c99c19e8494199e8b5ec9e06c8b87f,3ee7e46399aea60603c767e0a604e79e7db233924ce71fe027a1ccc1623b7eb0,7beb41daec3d6a34c6da7696c56a982667957298f017ebe137829282b6ce7985,e6f30e55e478d39061b94e38de33959ca99b16e8cac38a3bd99b34f6543ad4a2,20260924,1.5,kinematic,noise,sigma1cm_lat0step,jonswap,strict,25.0,True,0.01,0.05,0.0,0,0.0,30.0,,e6f30e55e478d39061b94e38de33959ca99b16e8cac38a3bd99b34f6543ad4a2
residual_ppo_forecast,False,1,aft,id,SS4,200,199,0.995,0.9722262956021069,0.9991168312843989,0.0,0.0,0.0,0.005,0.995,0.0,200,0.2621105964425393,0.31075411697857747,0.26311492524983515,0.3107862862916887,0.01714133292630087,0.032833516193000865,7.851632972154785,1.983833333333333,1.9708333333333332,0.12341725820702935,0.19383651903456525,0,0.0,0,-0.0037856094199125983,140,0.7,0.75,0,0,0,0,0,199,1,0,200,,0.6332093162728074,0.7592525531762859,0.7,0.6332093162728074,0.7592525531762859,artifacts/runs/residual_ppo_forecast/1,ppo,10000000,final,10010624,6cedd5d9a1fbf7eabafa9ca6146ab19ce81fdab2,8276ee8f4e1baa91aa56b31aeb5b5f48aa8845c72939e13cf44ff4fb4e10b2e3,92671b2081ade69e3bda52d06309eb171c7b36b2303c8648d10c93d6591a4765,129feb9da2bfce5ab1b169c5e7ee4956ca4b3dd890a44171f0265638cb35eed5,f008964eabf072d81045c92f413c7d29b561e5baf783aa2c8f121c77f04151f8,65ca46d9d2effab3b94ed2360a8e44cc66114dc6d71d1c8beee094459ae3d900,ResidualForecastPolicy,True,jonswap,jonswap,3.12.3,2.5.2,2.13.0,2.9.0,1.3.0,3.2.7,e9fa15cc35312a5c1ecf0c42668a690b5061c090,7ebad1ecabd28a7000add2d05f888aa2e837c2cc,c7fbdcc4df48bd4a2cfe21811613e5e50e3e4868822fe6dddd13745d96692118,b98d65cc5e34337369dcd4d69d63651cc2c99c19e8494199e8b5ec9e06c8b87f,3ee7e46399aea60603c767e0a604e79e7db233924ce71fe027a1ccc1623b7eb0,7beb41daec3d6a34c6da7696c56a982667957298f017ebe137829282b6ce7985,e6f30e55e478d39061b94e38de33959ca99b16e8cac38a3bd99b34f6543ad4a2,20260924,1.5,kinematic,noise,sigma1cm_lat0step,jonswap,strict,25.0,True,0.01,0.05,0.0,0,0.0,30.0,,e6f30e55e478d39061b94e38de33959ca99b16e8cac38a3bd99b34f6543ad4a2
residual_ppo_forecast,False,1,aft,id,SS5,200,199,0.995,0.9722262956021069,0.9991168312843989,0.0,0.0,0.005,0.0,0.995,0.0,200,0.2551722576229016,0.30864685638057915,0.2568857297918372,0.3081564468384532,0.017732703531831866,0.03524950007213931,8.757820168818855,1.9902916666666668,1.9791666666666667,0.1271601078558623,0.19340751081326588,0,0.0,0,-0.004583826295117372,59,0.295,0.745,0,0,0,0,0,200,0,0,200,,0.23613943856849148,0.36158714524618774,0.295,0.23613943856849148,0.36158714524618774,artifacts/runs/residual_ppo_forecast/1,ppo,10000000,final,10010624,6cedd5d9a1fbf7eabafa9ca6146ab19ce81fdab2,8276ee8f4e1baa91aa56b31aeb5b5f48aa8845c72939e13cf44ff4fb4e10b2e3,92671b2081ade69e3bda52d06309eb171c7b36b2303c8648d10c93d6591a4765,129feb9da2bfce5ab1b169c5e7ee4956ca4b3dd890a44171f0265638cb35eed5,f008964eabf072d81045c92f413c7d29b561e5baf783aa2c8f121c77f04151f8,65ca46d9d2effab3b94ed2360a8e44cc66114dc6d71d1c8beee094459ae3d900,ResidualForecastPolicy,True,jonswap,jonswap,3.12.3,2.5.2,2.13.0,2.9.0,1.3.0,3.2.7,e9fa15cc35312a5c1ecf0c42668a690b5061c090,7ebad1ecabd28a7000add2d05f888aa2e837c2cc,c7fbdcc4df48bd4a2cfe21811613e5e50e3e4868822fe6dddd13745d96692118,b98d65cc5e34337369dcd4d69d63651cc2c99c19e8494199e8b5ec9e06c8b87f,3ee7e46399aea60603c767e0a604e79e7db233924ce71fe027a1ccc1623b7eb0,7beb41daec3d6a34c6da7696c56a982667957298f017ebe137829282b6ce7985,e6f30e55e478d39061b94e38de33959ca99b16e8cac38a3bd99b34f6543ad4a2,20260924,1.5,kinematic,noise,sigma1cm_lat0step,jonswap,strict,25.0,True,0.01,0.05,0.0,0,0.0,30.0,,e6f30e55e478d39061b94e38de33959ca99b16e8cac38a3bd99b34f6543ad4a2
residual_ppo_forecast,False,1,aft,id,SS6,200,193,0.965,0.9295293884777092,0.9829444579914328,0.0,0.0,0.03,0.005,0.965,0.0,200,0.2563050190845191,0.3146379032281232,0.25689728432594094,0.31983463352975744,0.020147486287944785,0.0433874193632095,12.212301872693256,2.045625,2.03125,0.13004140984486962,0.18924326963612959,0,0.0,0,-0.004272851812109017,23,0.115,0.0,0,0,0,0,0,198,2,0,200,,0.07786373232561955,0.16664716898487572,0.115,0.07786373232561955,0.16664716898487572,artifacts/runs/residual_ppo_forecast/1,ppo,10000000,final,10010624,6cedd5d9a1fbf7eabafa9ca6146ab19ce81fdab2,8276ee8f4e1baa91aa56b31aeb5b5f48aa8845c72939e13cf44ff4fb4e10b2e3,92671b2081ade69e3bda52d06309eb171c7b36b2303c8648d10c93d6591a4765,129feb9da2bfce5ab1b169c5e7ee4956ca4b3dd890a44171f0265638cb35eed5,f008964eabf072d81045c92f413c7d29b561e5baf783aa2c8f121c77f04151f8,65ca46d9d2effab3b94ed2360a8e44cc66114dc6d71d1c8beee094459ae3d900,ResidualForecastPolicy,True,jonswap,jonswap,3.12.3,2.5.2,2.13.0,2.9.0,1.3.0,3.2.7,e9fa15cc35312a5c1ecf0c42668a690b5061c090,7ebad1ecabd28a7000add2d05f888aa2e837c2cc,c7fbdcc4df48bd4a2cfe21811613e5e50e3e4868822fe6dddd13745d96692118,b98d65cc5e34337369dcd4d69d63651cc2c99c19e8494199e8b5ec9e06c8b87f,3ee7e46399aea60603c767e0a604e79e7db233924ce71fe027a1ccc1623b7eb0,7beb41daec3d6a34c6da7696c56a982667957298f017ebe137829282b6ce7985,e6f30e55e478d39061b94e38de33959ca99b16e8cac38a3bd99b34f6543ad4a2,20260924,1.5,kinematic,noise,sigma1cm_lat0step,jonswap,strict,25.0,True,0.01,0.05,0.0,0,0.0,30.0,,e6f30e55e478d39061b94e38de33959ca99b16e8cac38a3bd99b34f6543ad4a2
residual_ppo_forecast,False,2,aft,id,SS3,200,200,1.0,0.9811546736227335,1.0,0.0,0.0,0.0,0.0,1.0,0.0,200,0.25033230996064576,0.29822217135006573,0.2510370921831854,0.2991920560938087,0.014499038520655576,0.03158215228251152,6.29191594405649,1.9914166666666666,1.9645833333333331,0.11887818350019504,0.19276988184644797,0,0.0,0,-0.0034317450948831195,187,0.935,0.755,0,0,0,0,0,200,0,0,200,,0.8919809207009312,0.961623645350847,0.935,0.8919809207009312,0.961623645350847,artifacts/runs/residual_ppo_forecast/2,ppo,10000000,final,10010624,6cedd5d9a1fbf7eabafa9ca6146ab19ce81fdab2,8276ee8f4e1baa91aa56b31aeb5b5f48aa8845c72939e13cf44ff4fb4e10b2e3,92671b2081ade69e3bda52d06309eb171c7b36b2303c8648d10c93d6591a4765,d8bcbef807158e47f88d1da56dfc022073da660ba81ffb023ed44e9a5833e125,aad11ac36d4e4af4e67a276248bbcd500b7b8d75473c3845b41551f2f298a16b,b6ea70e1fe6c0ec92e07af8c47788b29eb1d52a8aebe43f3254509fe4a1e290a,ResidualForecastPolicy,True,jonswap,jonswap,3.12.3,2.5.2,2.13.0,2.9.0,1.3.0,3.2.7,e9fa15cc35312a5c1ecf0c42668a690b5061c090,7ebad1ecabd28a7000add2d05f888aa2e837c2cc,c7fbdcc4df48bd4a2cfe21811613e5e50e3e4868822fe6dddd13745d96692118,b98d65cc5e34337369dcd4d69d63651cc2c99c19e8494199e8b5ec9e06c8b87f,3ee7e46399aea60603c767e0a604e79e7db233924ce71fe027a1ccc1623b7eb0,7beb41daec3d6a34c6da7696c56a982667957298f017ebe137829282b6ce7985,e6f30e55e478d39061b94e38de33959ca99b16e8cac38a3bd99b34f6543ad4a2,20260924,1.5,kinematic,noise,sigma1cm_lat0step,jonswap,strict,25.0,True,0.01,0.05,0.0,0,0.0,30.0,,e6f30e55e478d39061b94e38de33959ca99b16e8cac38a3bd99b34f6543ad4a2
residual_ppo_forecast,False,2,aft,id,SS4,200,200,1.0,0.9811546736227335,1.0,0.0,0.0,0.0,0.0,1.0,0.0,200,0.2508962548019445,0.3046192852579482,0.25171591401356375,0.305043018581728,0.013427657642874735,0.028111244306523807,6.462204633822025,1.9964791666666668,1.9770833333333333,0.12399585139327851,0.19293764273295438,0,0.0,0,-0.002961858763240692,139,0.695,0.75,0,0,0,0,0,200,0,0,200,,0.6280144790202163,0.7546358436926496,0.695,0.6280144790202163,0.7546358436926496,artifacts/runs/residual_ppo_forecast/2,ppo,10000000,final,10010624,6cedd5d9a1fbf7eabafa9ca6146ab19ce81fdab2,8276ee8f4e1baa91aa56b31aeb5b5f48aa8845c72939e13cf44ff4fb4e10b2e3,92671b2081ade69e3bda52d06309eb171c7b36b2303c8648d10c93d6591a4765,d8bcbef807158e47f88d1da56dfc022073da660ba81ffb023ed44e9a5833e125,aad11ac36d4e4af4e67a276248bbcd500b7b8d75473c3845b41551f2f298a16b,b6ea70e1fe6c0ec92e07af8c47788b29eb1d52a8aebe43f3254509fe4a1e290a,ResidualForecastPolicy,True,jonswap,jonswap,3.12.3,2.5.2,2.13.0,2.9.0,1.3.0,3.2.7,e9fa15cc35312a5c1ecf0c42668a690b5061c090,7ebad1ecabd28a7000add2d05f888aa2e837c2cc,c7fbdcc4df48bd4a2cfe21811613e5e50e3e4868822fe6dddd13745d96692118,b98d65cc5e34337369dcd4d69d63651cc2c99c19e8494199e8b5ec9e06c8b87f,3ee7e46399aea60603c767e0a604e79e7db233924ce71fe027a1ccc1623b7eb0,7beb41daec3d6a34c6da7696c56a982667957298f017ebe137829282b6ce7985,e6f30e55e478d39061b94e38de33959ca99b16e8cac38a3bd99b34f6543ad4a2,20260924,1.5,kinematic,noise,sigma1cm_lat0step,jonswap,strict,25.0,True,0.01,0.05,0.0,0,0.0,30.0,,e6f30e55e478d39061b94e38de33959ca99b16e8cac38a3bd99b34f6543ad4a2
residual_ppo_forecast,False,2,aft,id,SS5,200,197,0.985,0.9568342712073097,0.9948857622067417,0.005,0.0,0.01,0.0,0.985,0.0,199,0.24960823204812835,0.3027272892176689,0.2493179962879674,0.302813667571089,0.014730696715628405,0.02977352187356154,9.56223094227456,1.9969011725293129,1.9749999999999999,0.1284707142974477,0.1923042089072584,0,0.0,0,-0.0043822665189726445,60,0.3015075376884422,0.745,0,0,1,0,0,197,2,0,200,,0.2420010294198634,0.3685322389795041,0.3,0.24074744682371402,0.36679068372719265,artifacts/runs/residual_ppo_forecast/2,ppo,10000000,final,10010624,6cedd5d9a1fbf7eabafa9ca6146ab19ce81fdab2,8276ee8f4e1baa91aa56b31aeb5b5f48aa8845c72939e13cf44ff4fb4e10b2e3,92671b2081ade69e3bda52d06309eb171c7b36b2303c8648d10c93d6591a4765,d8bcbef807158e47f88d1da56dfc022073da660ba81ffb023ed44e9a5833e125,aad11ac36d4e4af4e67a276248bbcd500b7b8d75473c3845b41551f2f298a16b,b6ea70e1fe6c0ec92e07af8c47788b29eb1d52a8aebe43f3254509fe4a1e290a,ResidualForecastPolicy,True,jonswap,jonswap,3.12.3,2.5.2,2.13.0,2.9.0,1.3.0,3.2.7,e9fa15cc35312a5c1ecf0c42668a690b5061c090,7ebad1ecabd28a7000add2d05f888aa2e837c2cc,c7fbdcc4df48bd4a2cfe21811613e5e50e3e4868822fe6dddd13745d96692118,b98d65cc5e34337369dcd4d69d63651cc2c99c19e8494199e8b5ec9e06c8b87f,3ee7e46399aea60603c767e0a604e79e7db233924ce71fe027a1ccc1623b7eb0,7beb41daec3d6a34c6da7696c56a982667957298f017ebe137829282b6ce7985,e6f30e55e478d39061b94e38de33959ca99b16e8cac38a3bd99b34f6543ad4a2,20260924,1.5,kinematic,noise,sigma1cm_lat0step,jonswap,strict,25.0,True,0.01,0.05,0.0,0,0.0,30.0,,e6f30e55e478d39061b94e38de33959ca99b16e8cac38a3bd99b34f6543ad4a2
residual_ppo_forecast,False,2,aft,id,SS6,200,187,0.935,0.8919809207009312,0.961623645350847,0.0,0.0,0.05,0.015,0.935,0.0,200,0.2528759420260779,0.30217615793597813,0.25313385950033124,0.30222735973497317,0.017287477379443326,0.03512629526688817,13.911210619749708,2.0353958333333333,2.01875,0.131417697527915,0.18974224335554737,1,0.005,0,-0.004833071043256291,20,0.1,0.0,0,0,0,0,0,191,9,0,200,,0.06567044866909588,0.1494058124327174,0.1,0.06567044866909588,0.1494058124327174,artifacts/runs/residual_ppo_forecast/2,ppo,10000000,final,10010624,6cedd5d9a1fbf7eabafa9ca6146ab19ce81fdab2,8276ee8f4e1baa91aa56b31aeb5b5f48aa8845c72939e13cf44ff4fb4e10b2e3,92671b2081ade69e3bda52d06309eb171c7b36b2303c8648d10c93d6591a4765,d8bcbef807158e47f88d1da56dfc022073da660ba81ffb023ed44e9a5833e125,aad11ac36d4e4af4e67a276248bbcd500b7b8d75473c3845b41551f2f298a16b,b6ea70e1fe6c0ec92e07af8c47788b29eb1d52a8aebe43f3254509fe4a1e290a,ResidualForecastPolicy,True,jonswap,jonswap,3.12.3,2.5.2,2.13.0,2.9.0,1.3.0,3.2.7,e9fa15cc35312a5c1ecf0c42668a690b5061c090,7ebad1ecabd28a7000add2d05f888aa2e837c2cc,c7fbdcc4df48bd4a2cfe21811613e5e50e3e4868822fe6dddd13745d96692118,b98d65cc5e34337369dcd4d69d63651cc2c99c19e8494199e8b5ec9e06c8b87f,3ee7e46399aea60603c767e0a604e79e7db233924ce71fe027a1ccc1623b7eb0,7beb41daec3d6a34c6da7696c56a982667957298f017ebe137829282b6ce7985,e6f30e55e478d39061b94e38de33959ca99b16e8cac38a3bd99b34f6543ad4a2,20260924,1.5,kinematic,noise,sigma1cm_lat0step,jonswap,strict,25.0,True,0.01,0.05,0.0,0,0.0,30.0,,e6f30e55e478d39061b94e38de33959ca99b16e8cac38a3bd99b34f6543ad4a2
residual_ppo_forecast,False,3,aft,id,SS3,200,200,1.0,0.9811546736227335,1.0,0.0,0.0,0.0,0.0,1.0,0.0,200,0.2535117953632037,0.30834656076027,0.2535465859965781,0.3083473057239072,0.018168965700432818,0.03517688256085439,6.1930965266465785,2.003541666666666,1.9958333333333333,0.11458511469083453,0.20609853563897984,0,0.0,0,-0.00385963534932901,189,0.945,0.755,0,0,0,0,0,200,0,0,200,,0.9042130012276914,0.9690146582965411,0.945,0.9042130012276914,0.9690146582965411,artifacts/runs/residual_ppo_forecast/3,ppo,10000000,final,10010624,6cedd5d9a1fbf7eabafa9ca6146ab19ce81fdab2,8276ee8f4e1baa91aa56b31aeb5b5f48aa8845c72939e13cf44ff4fb4e10b2e3,92671b2081ade69e3bda52d06309eb171c7b36b2303c8648d10c93d6591a4765,e0cac6a48fb9a003253bb0dd691ffdf645b079a0bbf9fda0f2eacf3d30811691,50c96efdb27e0015ebf0953295cfbb54ad6de05570c8ae3ab9be24609081e574,699a090ef8aa1265acb749dcf8b882f4eab461dc8075351943ee1c05c164ab99,ResidualForecastPolicy,True,jonswap,jonswap,3.12.3,2.5.2,2.13.0,2.9.0,1.3.0,3.2.7,e9fa15cc35312a5c1ecf0c42668a690b5061c090,7ebad1ecabd28a7000add2d05f888aa2e837c2cc,c7fbdcc4df48bd4a2cfe21811613e5e50e3e4868822fe6dddd13745d96692118,b98d65cc5e34337369dcd4d69d63651cc2c99c19e8494199e8b5ec9e06c8b87f,3ee7e46399aea60603c767e0a604e79e7db233924ce71fe027a1ccc1623b7eb0,7beb41daec3d6a34c6da7696c56a982667957298f017ebe137829282b6ce7985,e6f30e55e478d39061b94e38de33959ca99b16e8cac38a3bd99b34f6543ad4a2,20260924,1.5,kinematic,noise,sigma1cm_lat0step,jonswap,strict,25.0,True,0.01,0.05,0.0,0,0.0,30.0,,e6f30e55e478d39061b94e38de33959ca99b16e8cac38a3bd99b34f6543ad4a2
residual_ppo_forecast,False,3,aft,id,SS4,200,200,1.0,0.9811546736227335,1.0,0.0,0.0,0.0,0.0,1.0,0.0,200,0.26132771308008956,0.3154638911144827,0.2618345011265307,0.3155184732372554,0.019053107578640642,0.0331275167936878,6.297026186858797,2.006625,1.9833333333333334,0.1193041740429214,0.20417619492765873,0,0.0,0,-0.003034287228563728,139,0.695,0.75,0,0,0,0,0,200,0,0,200,,0.6280144790202163,0.7546358436926496,0.695,0.6280144790202163,0.7546358436926496,artifacts/runs/residual_ppo_forecast/3,ppo,10000000,final,10010624,6cedd5d9a1fbf7eabafa9ca6146ab19ce81fdab2,8276ee8f4e1baa91aa56b31aeb5b5f48aa8845c72939e13cf44ff4fb4e10b2e3,92671b2081ade69e3bda52d06309eb171c7b36b2303c8648d10c93d6591a4765,e0cac6a48fb9a003253bb0dd691ffdf645b079a0bbf9fda0f2eacf3d30811691,50c96efdb27e0015ebf0953295cfbb54ad6de05570c8ae3ab9be24609081e574,699a090ef8aa1265acb749dcf8b882f4eab461dc8075351943ee1c05c164ab99,ResidualForecastPolicy,True,jonswap,jonswap,3.12.3,2.5.2,2.13.0,2.9.0,1.3.0,3.2.7,e9fa15cc35312a5c1ecf0c42668a690b5061c090,7ebad1ecabd28a7000add2d05f888aa2e837c2cc,c7fbdcc4df48bd4a2cfe21811613e5e50e3e4868822fe6dddd13745d96692118,b98d65cc5e34337369dcd4d69d63651cc2c99c19e8494199e8b5ec9e06c8b87f,3ee7e46399aea60603c767e0a604e79e7db233924ce71fe027a1ccc1623b7eb0,7beb41daec3d6a34c6da7696c56a982667957298f017ebe137829282b6ce7985,e6f30e55e478d39061b94e38de33959ca99b16e8cac38a3bd99b34f6543ad4a2,20260924,1.5,kinematic,noise,sigma1cm_lat0step,jonswap,strict,25.0,True,0.01,0.05,0.0,0,0.0,30.0,,e6f30e55e478d39061b94e38de33959ca99b16e8cac38a3bd99b34f6543ad4a2
residual_ppo_forecast,False,3,aft,id,SS5,200,197,0.985,0.9568342712073097,0.9948857622067417,0.0,0.0,0.01,0.005,0.985,0.0,200,0.2568530276705281,0.3175270810317886,0.25601225442462305,0.31714572083400816,0.018397739203903623,0.0346788161359504,8.389156607389777,1.9961041666666666,1.9833333333333334,0.12367429355468698,0.2040937160901174,0,0.0,0,-0.004251560345042662,59,0.295,0.745,0,0,0,0,0,198,2,0,200,,0.23613943856849148,0.36158714524618774,0.295,0.23613943856849148,0.36158714524618774,artifacts/runs/residual_ppo_forecast/3,ppo,10000000,final,10010624,6cedd5d9a1fbf7eabafa9ca6146ab19ce81fdab2,8276ee8f4e1baa91aa56b31aeb5b5f48aa8845c72939e13cf44ff4fb4e10b2e3,92671b2081ade69e3bda52d06309eb171c7b36b2303c8648d10c93d6591a4765,e0cac6a48fb9a003253bb0dd691ffdf645b079a0bbf9fda0f2eacf3d30811691,50c96efdb27e0015ebf0953295cfbb54ad6de05570c8ae3ab9be24609081e574,699a090ef8aa1265acb749dcf8b882f4eab461dc8075351943ee1c05c164ab99,ResidualForecastPolicy,True,jonswap,jonswap,3.12.3,2.5.2,2.13.0,2.9.0,1.3.0,3.2.7,e9fa15cc35312a5c1ecf0c42668a690b5061c090,7ebad1ecabd28a7000add2d05f888aa2e837c2cc,c7fbdcc4df48bd4a2cfe21811613e5e50e3e4868822fe6dddd13745d96692118,b98d65cc5e34337369dcd4d69d63651cc2c99c19e8494199e8b5ec9e06c8b87f,3ee7e46399aea60603c767e0a604e79e7db233924ce71fe027a1ccc1623b7eb0,7beb41daec3d6a34c6da7696c56a982667957298f017ebe137829282b6ce7985,e6f30e55e478d39061b94e38de33959ca99b16e8cac38a3bd99b34f6543ad4a2,20260924,1.5,kinematic,noise,sigma1cm_lat0step,jonswap,strict,25.0,True,0.01,0.05,0.0,0,0.0,30.0,,e6f30e55e478d39061b94e38de33959ca99b16e8cac38a3bd99b34f6543ad4a2
residual_ppo_forecast,False,3,aft,id,SS6,200,190,0.95,0.9104218518612239,0.972617354399236,0.0,0.0,0.03,0.02,0.95,0.0,200,0.25642630439828606,0.31406150015644535,0.25828850486954613,0.3139702565308136,0.019302648693453456,0.044041811126812894,13.421713664451225,2.0187083333333335,2.0125,0.12968391039635402,0.19965894048657226,0,0.0,0,-0.004499137604159061,24,0.12,0.0,0,0,0,0,0,195,5,0,200,,0.08197992706375512,0.17234252098296743,0.12,0.08197992706375512,0.17234252098296743,artifacts/runs/residual_ppo_forecast/3,ppo,10000000,final,10010624,6cedd5d9a1fbf7eabafa9ca6146ab19ce81fdab2,8276ee8f4e1baa91aa56b31aeb5b5f48aa8845c72939e13cf44ff4fb4e10b2e3,92671b2081ade69e3bda52d06309eb171c7b36b2303c8648d10c93d6591a4765,e0cac6a48fb9a003253bb0dd691ffdf645b079a0bbf9fda0f2eacf3d30811691,50c96efdb27e0015ebf0953295cfbb54ad6de05570c8ae3ab9be24609081e574,699a090ef8aa1265acb749dcf8b882f4eab461dc8075351943ee1c05c164ab99,ResidualForecastPolicy,True,jonswap,jonswap,3.12.3,2.5.2,2.13.0,2.9.0,1.3.0,3.2.7,e9fa15cc35312a5c1ecf0c42668a690b5061c090,7ebad1ecabd28a7000add2d05f888aa2e837c2cc,c7fbdcc4df48bd4a2cfe21811613e5e50e3e4868822fe6dddd13745d96692118,b98d65cc5e34337369dcd4d69d63651cc2c99c19e8494199e8b5ec9e06c8b87f,3ee7e46399aea60603c767e0a604e79e7db233924ce71fe027a1ccc1623b7eb0,7beb41daec3d6a34c6da7696c56a982667957298f017ebe137829282b6ce7985,e6f30e55e478d39061b94e38de33959ca99b16e8cac38a3bd99b34f6543ad4a2,20260924,1.5,kinematic,noise,sigma1cm_lat0step,jonswap,strict,25.0,True,0.01,0.05,0.0,0,0.0,30.0,,e6f30e55e478d39061b94e38de33959ca99b16e8cac38a3bd99b34f6543ad4a2
residual_ppo_forecast,False,4,aft,id,SS3,200,200,1.0,0.9811546736227335,1.0,0.0,0.0,0.0,0.0,1.0,0.0,200,0.25356377349429743,0.30976990945012695,0.25368896098595384,0.3096206297394266,0.013887711595052012,0.0281887835419102,6.2740307640290816,1.9855,1.9645833333333331,0.11944057559627552,0.18860443187154513,0,0.0,0,-0.0033681342231167465,187,0.935,0.755,0,0,0,0,0,200,0,0,200,,0.8919809207009312,0.961623645350847,0.935,0.8919809207009312,0.961623645350847,artifacts/runs/residual_ppo_forecast/4,ppo,10000000,final,10010624,6cedd5d9a1fbf7eabafa9ca6146ab19ce81fdab2,8276ee8f4e1baa91aa56b31aeb5b5f48aa8845c72939e13cf44ff4fb4e10b2e3,92671b2081ade69e3bda52d06309eb171c7b36b2303c8648d10c93d6591a4765,5927218ad237d36e64672b9d38e25e3d328803f5c4646623c19072e43b5d2763,0b7be3d802f56c6df8190de63634a287ed4dbaa8016d4ff9bb18ca779bcb457b,40643f3e6fba58edff7f05f77955cbb03f4466990a582eecfc035beb4e18043e,ResidualForecastPolicy,True,jonswap,jonswap,3.12.3,2.5.2,2.13.0,2.9.0,1.3.0,3.2.7,e9fa15cc35312a5c1ecf0c42668a690b5061c090,7ebad1ecabd28a7000add2d05f888aa2e837c2cc,c7fbdcc4df48bd4a2cfe21811613e5e50e3e4868822fe6dddd13745d96692118,b98d65cc5e34337369dcd4d69d63651cc2c99c19e8494199e8b5ec9e06c8b87f,3ee7e46399aea60603c767e0a604e79e7db233924ce71fe027a1ccc1623b7eb0,7beb41daec3d6a34c6da7696c56a982667957298f017ebe137829282b6ce7985,e6f30e55e478d39061b94e38de33959ca99b16e8cac38a3bd99b34f6543ad4a2,20260924,1.5,kinematic,noise,sigma1cm_lat0step,jonswap,strict,25.0,True,0.01,0.05,0.0,0,0.0,30.0,,e6f30e55e478d39061b94e38de33959ca99b16e8cac38a3bd99b34f6543ad4a2
residual_ppo_forecast,False,4,aft,id,SS4,200,200,1.0,0.9811546736227335,1.0,0.0,0.0,0.0,0.0,1.0,0.0,200,0.2596968953665408,0.3028724787827146,0.25942367164697105,0.3034604690694678,0.014351215372467044,0.02952302448208195,6.408690378659828,1.9849791666666667,1.95,0.12496631151160553,0.1881465887438423,0,0.0,0,-0.003522806357235857,140,0.7,0.75,0,0,0,0,0,200,0,0,200,,0.6332093162728074,0.7592525531762859,0.7,0.6332093162728074,0.7592525531762859,artifacts/runs/residual_ppo_forecast/4,ppo,10000000,final,10010624,6cedd5d9a1fbf7eabafa9ca6146ab19ce81fdab2,8276ee8f4e1baa91aa56b31aeb5b5f48aa8845c72939e13cf44ff4fb4e10b2e3,92671b2081ade69e3bda52d06309eb171c7b36b2303c8648d10c93d6591a4765,5927218ad237d36e64672b9d38e25e3d328803f5c4646623c19072e43b5d2763,0b7be3d802f56c6df8190de63634a287ed4dbaa8016d4ff9bb18ca779bcb457b,40643f3e6fba58edff7f05f77955cbb03f4466990a582eecfc035beb4e18043e,ResidualForecastPolicy,True,jonswap,jonswap,3.12.3,2.5.2,2.13.0,2.9.0,1.3.0,3.2.7,e9fa15cc35312a5c1ecf0c42668a690b5061c090,7ebad1ecabd28a7000add2d05f888aa2e837c2cc,c7fbdcc4df48bd4a2cfe21811613e5e50e3e4868822fe6dddd13745d96692118,b98d65cc5e34337369dcd4d69d63651cc2c99c19e8494199e8b5ec9e06c8b87f,3ee7e46399aea60603c767e0a604e79e7db233924ce71fe027a1ccc1623b7eb0,7beb41daec3d6a34c6da7696c56a982667957298f017ebe137829282b6ce7985,e6f30e55e478d39061b94e38de33959ca99b16e8cac38a3bd99b34f6543ad4a2,20260924,1.5,kinematic,noise,sigma1cm_lat0step,jonswap,strict,25.0,True,0.01,0.05,0.0,0,0.0,30.0,,e6f30e55e478d39061b94e38de33959ca99b16e8cac38a3bd99b34f6543ad4a2
residual_ppo_forecast,False,4,aft,id,SS5,200,199,0.995,0.9722262956021069,0.9991168312843989,0.0,0.0,0.005,0.0,0.995,0.0,200,0.25469447172916215,0.30890904148839377,0.2548716211820344,0.3090792246566662,0.015266895242639418,0.034417063114988905,9.433406513603936,1.9852499999999997,1.9666666666666666,0.1304838454858183,0.18627260677105847,0,0.0,0,-0.004687274350043399,60,0.3,0.745,0,0,0,0,0,200,0,0,200,,0.24074744682371402,0.36679068372719265,0.3,0.24074744682371402,0.36679068372719265,artifacts/runs/residual_ppo_forecast/4,ppo,10000000,final,10010624,6cedd5d9a1fbf7eabafa9ca6146ab19ce81fdab2,8276ee8f4e1baa91aa56b31aeb5b5f48aa8845c72939e13cf44ff4fb4e10b2e3,92671b2081ade69e3bda52d06309eb171c7b36b2303c8648d10c93d6591a4765,5927218ad237d36e64672b9d38e25e3d328803f5c4646623c19072e43b5d2763,0b7be3d802f56c6df8190de63634a287ed4dbaa8016d4ff9bb18ca779bcb457b,40643f3e6fba58edff7f05f77955cbb03f4466990a582eecfc035beb4e18043e,ResidualForecastPolicy,True,jonswap,jonswap,3.12.3,2.5.2,2.13.0,2.9.0,1.3.0,3.2.7,e9fa15cc35312a5c1ecf0c42668a690b5061c090,7ebad1ecabd28a7000add2d05f888aa2e837c2cc,c7fbdcc4df48bd4a2cfe21811613e5e50e3e4868822fe6dddd13745d96692118,b98d65cc5e34337369dcd4d69d63651cc2c99c19e8494199e8b5ec9e06c8b87f,3ee7e46399aea60603c767e0a604e79e7db233924ce71fe027a1ccc1623b7eb0,7beb41daec3d6a34c6da7696c56a982667957298f017ebe137829282b6ce7985,e6f30e55e478d39061b94e38de33959ca99b16e8cac38a3bd99b34f6543ad4a2,20260924,1.5,kinematic,noise,sigma1cm_lat0step,jonswap,strict,25.0,True,0.01,0.05,0.0,0,0.0,30.0,,e6f30e55e478d39061b94e38de33959ca99b16e8cac38a3bd99b34f6543ad4a2
residual_ppo_forecast,False,4,aft,id,SS6,200,189,0.945,0.9042130012276914,0.9690146582965411,0.0,0.0,0.045,0.01,0.945,0.0,200,0.2594333795911247,0.31196770571143967,0.262858280408952,0.3157982059000928,0.01631995733976243,0.03450306367414371,13.987932605692238,2.0075833333333333,1.9916666666666667,0.13705968768212493,0.1837763304620343,0,0.0,1,-0.005219614088157262,22,0.11,0.0,0,0,0,0,0,198,2,0,200,,0.07377244460125303,0.1609269099730149,0.11,0.07377244460125303,0.1609269099730149,artifacts/runs/residual_ppo_forecast/4,ppo,10000000,final,10010624,6cedd5d9a1fbf7eabafa9ca6146ab19ce81fdab2,8276ee8f4e1baa91aa56b31aeb5b5f48aa8845c72939e13cf44ff4fb4e10b2e3,92671b2081ade69e3bda52d06309eb171c7b36b2303c8648d10c93d6591a4765,5927218ad237d36e64672b9d38e25e3d328803f5c4646623c19072e43b5d2763,0b7be3d802f56c6df8190de63634a287ed4dbaa8016d4ff9bb18ca779bcb457b,40643f3e6fba58edff7f05f77955cbb03f4466990a582eecfc035beb4e18043e,ResidualForecastPolicy,True,jonswap,jonswap,3.12.3,2.5.2,2.13.0,2.9.0,1.3.0,3.2.7,e9fa15cc35312a5c1ecf0c42668a690b5061c090,7ebad1ecabd28a7000add2d05f888aa2e837c2cc,c7fbdcc4df48bd4a2cfe21811613e5e50e3e4868822fe6dddd13745d96692118,b98d65cc5e34337369dcd4d69d63651cc2c99c19e8494199e8b5ec9e06c8b87f,3ee7e46399aea60603c767e0a604e79e7db233924ce71fe027a1ccc1623b7eb0,7beb41daec3d6a34c6da7696c56a982667957298f017ebe137829282b6ce7985,e6f30e55e478d39061b94e38de33959ca99b16e8cac38a3bd99b34f6543ad4a2,20260924,1.5,kinematic,noise,sigma1cm_lat0step,jonswap,strict,25.0,True,0.01,0.05,0.0,0,0.0,30.0,,e6f30e55e478d39061b94e38de33959ca99b16e8cac38a3bd99b34f6543ad4a2
ppo_sinusoid,False,0,aft,id,SS3,200,200,1.0,0.9811546736227335,1.0,0.0,0.0,0.0,0.0,1.0,0.0,200,0.2559556379566932,0.31274844449698397,0.2560884095360969,0.31287475504292217,0.009083955075354491,0.02311166392641468,4.833885297803778,1.5183125000000002,1.5187499999999998,0.23062277527959751,0.1974486379186083,0,0.0,0,-0.0028550967185849412,189,0.945,0.755,0,0,0,0,0,200,0,0,200,,0.9042130012276914,0.9690146582965411,0.945,0.9042130012276914,0.9690146582965411,artifacts/runs/ppo_sinusoid/0,ppo,10000000,final,10010624,6cedd5d9a1fbf7eabafa9ca6146ab19ce81fdab2,0dd539e7ae526fb16bc5d9bcc631b27e1c01056314997b68563497482d3127ff,c760e6ae03ca75505ec61e191edc2174652ebec2e1a3472c11bc32a3dacad4c0,3e30abe049ed0bcc76314f1fcccd90b76d4ddb2765c4a092ffb98e523a3caf5d,af0451da40cb2a79146c1cad8e4631ed3c9ef8d7fc61342074ee4a6326a25841,b4b815011e763bf3b2959ed79210da69e117a802eb70a05290b3517660eaa2ab,LearnedPolicy,False,sinusoid,jonswap,3.12.3,2.5.2,2.13.0,2.9.0,1.3.0,3.2.7,e9fa15cc35312a5c1ecf0c42668a690b5061c090,7ebad1ecabd28a7000add2d05f888aa2e837c2cc,c7fbdcc4df48bd4a2cfe21811613e5e50e3e4868822fe6dddd13745d96692118,b98d65cc5e34337369dcd4d69d63651cc2c99c19e8494199e8b5ec9e06c8b87f,3ee7e46399aea60603c767e0a604e79e7db233924ce71fe027a1ccc1623b7eb0,7beb41daec3d6a34c6da7696c56a982667957298f017ebe137829282b6ce7985,e6f30e55e478d39061b94e38de33959ca99b16e8cac38a3bd99b34f6543ad4a2,20260924,1.5,kinematic,noise,sigma1cm_lat0step,jonswap,strict,25.0,True,0.01,0.05,0.0,0,0.0,30.0,,e6f30e55e478d39061b94e38de33959ca99b16e8cac38a3bd99b34f6543ad4a2
ppo_sinusoid,False,0,aft,id,SS4,200,200,1.0,0.9811546736227335,1.0,0.0,0.0,0.0,0.0,1.0,0.0,200,0.2553969091234485,0.31418973769352676,0.2560623609697038,0.31501806789523695,0.010553610201538187,0.02154252790045161,5.59654861141192,1.5195208333333334,1.5166666666666666,0.23300578866694954,0.19603961578499607,0,0.0,0,-0.002659404523171043,140,0.7,0.75,0,0,0,0,0,200,0,0,200,,0.6332093162728074,0.7592525531762859,0.7,0.6332093162728074,0.7592525531762859,artifacts/runs/ppo_sinusoid/0,ppo,10000000,final,10010624,6cedd5d9a1fbf7eabafa9ca6146ab19ce81fdab2,0dd539e7ae526fb16bc5d9bcc631b27e1c01056314997b68563497482d3127ff,c760e6ae03ca75505ec61e191edc2174652ebec2e1a3472c11bc32a3dacad4c0,3e30abe049ed0bcc76314f1fcccd90b76d4ddb2765c4a092ffb98e523a3caf5d,af0451da40cb2a79146c1cad8e4631ed3c9ef8d7fc61342074ee4a6326a25841,b4b815011e763bf3b2959ed79210da69e117a802eb70a05290b3517660eaa2ab,LearnedPolicy,False,sinusoid,jonswap,3.12.3,2.5.2,2.13.0,2.9.0,1.3.0,3.2.7,e9fa15cc35312a5c1ecf0c42668a690b5061c090,7ebad1ecabd28a7000add2d05f888aa2e837c2cc,c7fbdcc4df48bd4a2cfe21811613e5e50e3e4868822fe6dddd13745d96692118,b98d65cc5e34337369dcd4d69d63651cc2c99c19e8494199e8b5ec9e06c8b87f,3ee7e46399aea60603c767e0a604e79e7db233924ce71fe027a1ccc1623b7eb0,7beb41daec3d6a34c6da7696c56a982667957298f017ebe137829282b6ce7985,e6f30e55e478d39061b94e38de33959ca99b16e8cac38a3bd99b34f6543ad4a2,20260924,1.5,kinematic,noise,sigma1cm_lat0step,jonswap,strict,25.0,True,0.01,0.05,0.0,0,0.0,30.0,,e6f30e55e478d39061b94e38de33959ca99b16e8cac38a3bd99b34f6543ad4a2
ppo_sinusoid,False,0,aft,id,SS5,200,200,1.0,0.9811546736227335,1.0,0.0,0.0,0.0,0.0,1.0,0.0,200,0.2489747283627232,0.3177071007626622,0.250681928988979,0.31747424384208284,0.010812708352313011,0.02114731383681248,8.01637044187813,1.5253958333333333,1.5333333333333332,0.2336315820086816,0.19724761726847043,0,0.0,1,-0.005034909322817703,60,0.3,0.745,0,0,0,0,0,200,0,0,200,,0.24074744682371402,0.36679068372719265,0.3,0.24074744682371402,0.36679068372719265,artifacts/runs/ppo_sinusoid/0,ppo,10000000,final,10010624,6cedd5d9a1fbf7eabafa9ca6146ab19ce81fdab2,0dd539e7ae526fb16bc5d9bcc631b27e1c01056314997b68563497482d3127ff,c760e6ae03ca75505ec61e191edc2174652ebec2e1a3472c11bc32a3dacad4c0,3e30abe049ed0bcc76314f1fcccd90b76d4ddb2765c4a092ffb98e523a3caf5d,af0451da40cb2a79146c1cad8e4631ed3c9ef8d7fc61342074ee4a6326a25841,b4b815011e763bf3b2959ed79210da69e117a802eb70a05290b3517660eaa2ab,LearnedPolicy,False,sinusoid,jonswap,3.12.3,2.5.2,2.13.0,2.9.0,1.3.0,3.2.7,e9fa15cc35312a5c1ecf0c42668a690b5061c090,7ebad1ecabd28a7000add2d05f888aa2e837c2cc,c7fbdcc4df48bd4a2cfe21811613e5e50e3e4868822fe6dddd13745d96692118,b98d65cc5e34337369dcd4d69d63651cc2c99c19e8494199e8b5ec9e06c8b87f,3ee7e46399aea60603c767e0a604e79e7db233924ce71fe027a1ccc1623b7eb0,7beb41daec3d6a34c6da7696c56a982667957298f017ebe137829282b6ce7985,e6f30e55e478d39061b94e38de33959ca99b16e8cac38a3bd99b34f6543ad4a2,20260924,1.5,kinematic,noise,sigma1cm_lat0step,jonswap,strict,25.0,True,0.01,0.05,0.0,0,0.0,30.0,,e6f30e55e478d39061b94e38de33959ca99b16e8cac38a3bd99b34f6543ad4a2
ppo_sinusoid,False,0,aft,id,SS6,200,195,0.975,0.942821659593358,0.9892752803482386,0.0,0.0,0.025,0.0,0.975,0.0,200,0.2517707599443948,0.3223439177881018,0.2559040161026595,0.3279469098509535,0.01144746733154052,0.03612339455218839,13.193672215211844,1.5405625,1.5395833333333333,0.23662891029046254,0.19852918574133743,0,0.0,1,-0.0050339996545147704,24,0.12,0.0,0,0,0,0,0,198,2,0,200,,0.08197992706375512,0.17234252098296743,0.12,0.08197992706375512,0.17234252098296743,artifacts/runs/ppo_sinusoid/0,ppo,10000000,final,10010624,6cedd5d9a1fbf7eabafa9ca6146ab19ce81fdab2,0dd539e7ae526fb16bc5d9bcc631b27e1c01056314997b68563497482d3127ff,c760e6ae03ca75505ec61e191edc2174652ebec2e1a3472c11bc32a3dacad4c0,3e30abe049ed0bcc76314f1fcccd90b76d4ddb2765c4a092ffb98e523a3caf5d,af0451da40cb2a79146c1cad8e4631ed3c9ef8d7fc61342074ee4a6326a25841,b4b815011e763bf3b2959ed79210da69e117a802eb70a05290b3517660eaa2ab,LearnedPolicy,False,sinusoid,jonswap,3.12.3,2.5.2,2.13.0,2.9.0,1.3.0,3.2.7,e9fa15cc35312a5c1ecf0c42668a690b5061c090,7ebad1ecabd28a7000add2d05f888aa2e837c2cc,c7fbdcc4df48bd4a2cfe21811613e5e50e3e4868822fe6dddd13745d96692118,b98d65cc5e34337369dcd4d69d63651cc2c99c19e8494199e8b5ec9e06c8b87f,3ee7e46399aea60603c767e0a604e79e7db233924ce71fe027a1ccc1623b7eb0,7beb41daec3d6a34c6da7696c56a982667957298f017ebe137829282b6ce7985,e6f30e55e478d39061b94e38de33959ca99b16e8cac38a3bd99b34f6543ad4a2,20260924,1.5,kinematic,noise,sigma1cm_lat0step,jonswap,strict,25.0,True,0.01,0.05,0.0,0,0.0,30.0,,e6f30e55e478d39061b94e38de33959ca99b16e8cac38a3bd99b34f6543ad4a2
ppo_sinusoid,False,1,aft,id,SS3,200,200,1.0,0.9811546736227335,1.0,0.0,0.0,0.0,0.0,1.0,0.0,200,0.25029660809330195,0.3133244898886011,0.2512291943364716,0.3133058131137465,0.011034043812914519,0.021284029842648156,4.688204898220181,1.5152708333333333,1.5125,0.20242616421893225,0.19113311187671095,0,0.0,0,-0.0026562849439751195,191,0.955,0.755,0,0,0,0,0,200,0,0,200,,0.9167032959981803,0.976147456998507,0.955,0.9167032959981803,0.976147456998507,artifacts/runs/ppo_sinusoid/1,ppo,10000000,final,10010624,6cedd5d9a1fbf7eabafa9ca6146ab19ce81fdab2,0dd539e7ae526fb16bc5d9bcc631b27e1c01056314997b68563497482d3127ff,c760e6ae03ca75505ec61e191edc2174652ebec2e1a3472c11bc32a3dacad4c0,0f5aa57318f8f61ab42610d56c06d24fdf753c0291c66f1999b6985ed5aecf60,ef9be83f1509767aad9644a06a42934311c1fea3fbae61dd79d97032793a9963,4e9d25f7a12fe9ddf9958b2f7c8cc5fd4b0222ad0b0c9660b4d0926b4b2c4cb0,LearnedPolicy,False,sinusoid,jonswap,3.12.3,2.5.2,2.13.0,2.9.0,1.3.0,3.2.7,e9fa15cc35312a5c1ecf0c42668a690b5061c090,7ebad1ecabd28a7000add2d05f888aa2e837c2cc,c7fbdcc4df48bd4a2cfe21811613e5e50e3e4868822fe6dddd13745d96692118,b98d65cc5e34337369dcd4d69d63651cc2c99c19e8494199e8b5ec9e06c8b87f,3ee7e46399aea60603c767e0a604e79e7db233924ce71fe027a1ccc1623b7eb0,7beb41daec3d6a34c6da7696c56a982667957298f017ebe137829282b6ce7985,e6f30e55e478d39061b94e38de33959ca99b16e8cac38a3bd99b34f6543ad4a2,20260924,1.5,kinematic,noise,sigma1cm_lat0step,jonswap,strict,25.0,True,0.01,0.05,0.0,0,0.0,30.0,,e6f30e55e478d39061b94e38de33959ca99b16e8cac38a3bd99b34f6543ad4a2
ppo_sinusoid,False,1,aft,id,SS4,200,200,1.0,0.9811546736227335,1.0,0.0,0.0,0.0,0.0,1.0,0.0,200,0.24447324194205763,0.32102897005316383,0.24439150328082027,0.32110440986276145,0.010825082361431305,0.023006164351014817,5.476291697385089,1.5186041666666665,1.5125,0.20601053086184673,0.1899430570709352,0,0.0,0,-0.0030787148394216366,139,0.695,0.75,0,0,0,0,0,200,0,0,200,,0.6280144790202163,0.7546358436926496,0.695,0.6280144790202163,0.7546358436926496,artifacts/runs/ppo_sinusoid/1,ppo,10000000,final,10010624,6cedd5d9a1fbf7eabafa9ca6146ab19ce81fdab2,0dd539e7ae526fb16bc5d9bcc631b27e1c01056314997b68563497482d3127ff,c760e6ae03ca75505ec61e191edc2174652ebec2e1a3472c11bc32a3dacad4c0,0f5aa57318f8f61ab42610d56c06d24fdf753c0291c66f1999b6985ed5aecf60,ef9be83f1509767aad9644a06a42934311c1fea3fbae61dd79d97032793a9963,4e9d25f7a12fe9ddf9958b2f7c8cc5fd4b0222ad0b0c9660b4d0926b4b2c4cb0,LearnedPolicy,False,sinusoid,jonswap,3.12.3,2.5.2,2.13.0,2.9.0,1.3.0,3.2.7,e9fa15cc35312a5c1ecf0c42668a690b5061c090,7ebad1ecabd28a7000add2d05f888aa2e837c2cc,c7fbdcc4df48bd4a2cfe21811613e5e50e3e4868822fe6dddd13745d96692118,b98d65cc5e34337369dcd4d69d63651cc2c99c19e8494199e8b5ec9e06c8b87f,3ee7e46399aea60603c767e0a604e79e7db233924ce71fe027a1ccc1623b7eb0,7beb41daec3d6a34c6da7696c56a982667957298f017ebe137829282b6ce7985,e6f30e55e478d39061b94e38de33959ca99b16e8cac38a3bd99b34f6543ad4a2,20260924,1.5,kinematic,noise,sigma1cm_lat0step,jonswap,strict,25.0,True,0.01,0.05,0.0,0,0.0,30.0,,e6f30e55e478d39061b94e38de33959ca99b16e8cac38a3bd99b34f6543ad4a2
ppo_sinusoid,False,1,aft,id,SS5,200,200,1.0,0.9811546736227335,1.0,0.0,0.0,0.0,0.0,1.0,0.0,200,0.2513242083882777,0.31456849288592326,0.25263514914371404,0.31434150541384037,0.011934730311703352,0.022743926776365275,8.477268595579286,1.5153958333333333,1.5166666666666666,0.2120692638744898,0.1896477529545509,0,0.0,0,-0.0044371231125517755,61,0.305,0.745,0,0,0,0,0,200,0,0,200,,0.24536415630735034,0.37198552097978366,0.305,0.24536415630735034,0.37198552097978366,artifacts/runs/ppo_sinusoid/1,ppo,10000000,final,10010624,6cedd5d9a1fbf7eabafa9ca6146ab19ce81fdab2,0dd539e7ae526fb16bc5d9bcc631b27e1c01056314997b68563497482d3127ff,c760e6ae03ca75505ec61e191edc2174652ebec2e1a3472c11bc32a3dacad4c0,0f5aa57318f8f61ab42610d56c06d24fdf753c0291c66f1999b6985ed5aecf60,ef9be83f1509767aad9644a06a42934311c1fea3fbae61dd79d97032793a9963,4e9d25f7a12fe9ddf9958b2f7c8cc5fd4b0222ad0b0c9660b4d0926b4b2c4cb0,LearnedPolicy,False,sinusoid,jonswap,3.12.3,2.5.2,2.13.0,2.9.0,1.3.0,3.2.7,e9fa15cc35312a5c1ecf0c42668a690b5061c090,7ebad1ecabd28a7000add2d05f888aa2e837c2cc,c7fbdcc4df48bd4a2cfe21811613e5e50e3e4868822fe6dddd13745d96692118,b98d65cc5e34337369dcd4d69d63651cc2c99c19e8494199e8b5ec9e06c8b87f,3ee7e46399aea60603c767e0a604e79e7db233924ce71fe027a1ccc1623b7eb0,7beb41daec3d6a34c6da7696c56a982667957298f017ebe137829282b6ce7985,e6f30e55e478d39061b94e38de33959ca99b16e8cac38a3bd99b34f6543ad4a2,20260924,1.5,kinematic,noise,sigma1cm_lat0step,jonswap,strict,25.0,True,0.01,0.05,0.0,0,0.0,30.0,,e6f30e55e478d39061b94e38de33959ca99b16e8cac38a3bd99b34f6543ad4a2
ppo_sinusoid,False,1,aft,id,SS6,200,196,0.98,0.9497129130941735,0.9921955735836505,0.0,0.0,0.02,0.0,0.98,0.0,200,0.2531475147471706,0.3279804524208993,0.25376093150315293,0.33605306867441603,0.011293875466051819,0.027829672507358547,12.15145510814172,1.5424166666666668,1.5375,0.21507192920326246,0.18841048868700597,0,0.0,2,-0.0058912351884891885,23,0.115,0.0,0,0,0,0,0,199,1,0,200,,0.07786373232561955,0.16664716898487572,0.115,0.07786373232561955,0.16664716898487572,artifacts/runs/ppo_sinusoid/1,ppo,10000000,final,10010624,6cedd5d9a1fbf7eabafa9ca6146ab19ce81fdab2,0dd539e7ae526fb16bc5d9bcc631b27e1c01056314997b68563497482d3127ff,c760e6ae03ca75505ec61e191edc2174652ebec2e1a3472c11bc32a3dacad4c0,0f5aa57318f8f61ab42610d56c06d24fdf753c0291c66f1999b6985ed5aecf60,ef9be83f1509767aad9644a06a42934311c1fea3fbae61dd79d97032793a9963,4e9d25f7a12fe9ddf9958b2f7c8cc5fd4b0222ad0b0c9660b4d0926b4b2c4cb0,LearnedPolicy,False,sinusoid,jonswap,3.12.3,2.5.2,2.13.0,2.9.0,1.3.0,3.2.7,e9fa15cc35312a5c1ecf0c42668a690b5061c090,7ebad1ecabd28a7000add2d05f888aa2e837c2cc,c7fbdcc4df48bd4a2cfe21811613e5e50e3e4868822fe6dddd13745d96692118,b98d65cc5e34337369dcd4d69d63651cc2c99c19e8494199e8b5ec9e06c8b87f,3ee7e46399aea60603c767e0a604e79e7db233924ce71fe027a1ccc1623b7eb0,7beb41daec3d6a34c6da7696c56a982667957298f017ebe137829282b6ce7985,e6f30e55e478d39061b94e38de33959ca99b16e8cac38a3bd99b34f6543ad4a2,20260924,1.5,kinematic,noise,sigma1cm_lat0step,jonswap,strict,25.0,True,0.01,0.05,0.0,0,0.0,30.0,,e6f30e55e478d39061b94e38de33959ca99b16e8cac38a3bd99b34f6543ad4a2
ppo_sinusoid,False,2,aft,id,SS3,200,200,1.0,0.9811546736227335,1.0,0.0,0.0,0.0,0.0,1.0,0.0,200,0.25407130897101937,0.3155313329479147,0.25413832401671504,0.31563326688051446,0.00948299934951901,0.02029612918937989,4.03124613623844,1.4879375,1.4875,0.21960825137733456,0.1947889679823966,0,0.0,0,-0.00283986618623129,190,0.95,0.755,0,0,0,0,0,200,0,0,200,,0.9104218518612239,0.972617354399236,0.95,0.9104218518612239,0.972617354399236,artifacts/runs/ppo_sinusoid/2,ppo,10000000,final,10010624,6cedd5d9a1fbf7eabafa9ca6146ab19ce81fdab2,0dd539e7ae526fb16bc5d9bcc631b27e1c01056314997b68563497482d3127ff,c760e6ae03ca75505ec61e191edc2174652ebec2e1a3472c11bc32a3dacad4c0,b1bed34ac4b86a9500f90146d99ee47781491c22f83bcb80aa608a5a085b1142,fa2737b4e406dbc235920c67e88c6ea2a87f57fb91a789f269b0a28af096cb61,df477afd97b6425a6a659ec2f2e5848b674903f24c734f8e297e64d82a525f2a,LearnedPolicy,False,sinusoid,jonswap,3.12.3,2.5.2,2.13.0,2.9.0,1.3.0,3.2.7,e9fa15cc35312a5c1ecf0c42668a690b5061c090,7ebad1ecabd28a7000add2d05f888aa2e837c2cc,c7fbdcc4df48bd4a2cfe21811613e5e50e3e4868822fe6dddd13745d96692118,b98d65cc5e34337369dcd4d69d63651cc2c99c19e8494199e8b5ec9e06c8b87f,3ee7e46399aea60603c767e0a604e79e7db233924ce71fe027a1ccc1623b7eb0,7beb41daec3d6a34c6da7696c56a982667957298f017ebe137829282b6ce7985,e6f30e55e478d39061b94e38de33959ca99b16e8cac38a3bd99b34f6543ad4a2,20260924,1.5,kinematic,noise,sigma1cm_lat0step,jonswap,strict,25.0,True,0.01,0.05,0.0,0,0.0,30.0,,e6f30e55e478d39061b94e38de33959ca99b16e8cac38a3bd99b34f6543ad4a2
ppo_sinusoid,False,2,aft,id,SS4,200,200,1.0,0.9811546736227335,1.0,0.0,0.0,0.0,0.0,1.0,0.0,200,0.2575435424346543,0.3199022346609807,0.2571042539988,0.32003114886339445,0.010404959429720952,0.02336443710408512,4.69327597946029,1.4925625,1.4958333333333333,0.22177067834553227,0.19427434586600426,0,0.0,0,-0.0029371640430535736,140,0.7,0.75,0,0,0,0,0,200,0,0,200,,0.6332093162728074,0.7592525531762859,0.7,0.6332093162728074,0.7592525531762859,artifacts/runs/ppo_sinusoid/2,ppo,10000000,final,10010624,6cedd5d9a1fbf7eabafa9ca6146ab19ce81fdab2,0dd539e7ae526fb16bc5d9bcc631b27e1c01056314997b68563497482d3127ff,c760e6ae03ca75505ec61e191edc2174652ebec2e1a3472c11bc32a3dacad4c0,b1bed34ac4b86a9500f90146d99ee47781491c22f83bcb80aa608a5a085b1142,fa2737b4e406dbc235920c67e88c6ea2a87f57fb91a789f269b0a28af096cb61,df477afd97b6425a6a659ec2f2e5848b674903f24c734f8e297e64d82a525f2a,LearnedPolicy,False,sinusoid,jonswap,3.12.3,2.5.2,2.13.0,2.9.0,1.3.0,3.2.7,e9fa15cc35312a5c1ecf0c42668a690b5061c090,7ebad1ecabd28a7000add2d05f888aa2e837c2cc,c7fbdcc4df48bd4a2cfe21811613e5e50e3e4868822fe6dddd13745d96692118,b98d65cc5e34337369dcd4d69d63651cc2c99c19e8494199e8b5ec9e06c8b87f,3ee7e46399aea60603c767e0a604e79e7db233924ce71fe027a1ccc1623b7eb0,7beb41daec3d6a34c6da7696c56a982667957298f017ebe137829282b6ce7985,e6f30e55e478d39061b94e38de33959ca99b16e8cac38a3bd99b34f6543ad4a2,20260924,1.5,kinematic,noise,sigma1cm_lat0step,jonswap,strict,25.0,True,0.01,0.05,0.0,0,0.0,30.0,,e6f30e55e478d39061b94e38de33959ca99b16e8cac38a3bd99b34f6543ad4a2
ppo_sinusoid,False,2,aft,id,SS5,200,200,1.0,0.9811546736227335,1.0,0.0,0.0,0.0,0.0,1.0,0.0,200,0.2515073982049453,0.33156298448557325,0.25265185684305025,0.3309141472085347,0.009975590722972175,0.021787047474293202,7.995419086527996,1.4951458333333334,1.4916666666666667,0.22671999579404506,0.19317735325638538,0,0.0,1,-0.0050817121207065484,62,0.31,0.745,0,0,0,0,0,200,0,0,200,,0.2499894483607809,0.37717177566258037,0.31,0.2499894483607809,0.37717177566258037,artifacts/runs/ppo_sinusoid/2,ppo,10000000,final,10010624,6cedd5d9a1fbf7eabafa9ca6146ab19ce81fdab2,0dd539e7ae526fb16bc5d9bcc631b27e1c01056314997b68563497482d3127ff,c760e6ae03ca75505ec61e191edc2174652ebec2e1a3472c11bc32a3dacad4c0,b1bed34ac4b86a9500f90146d99ee47781491c22f83bcb80aa608a5a085b1142,fa2737b4e406dbc235920c67e88c6ea2a87f57fb91a789f269b0a28af096cb61,df477afd97b6425a6a659ec2f2e5848b674903f24c734f8e297e64d82a525f2a,LearnedPolicy,False,sinusoid,jonswap,3.12.3,2.5.2,2.13.0,2.9.0,1.3.0,3.2.7,e9fa15cc35312a5c1ecf0c42668a690b5061c090,7ebad1ecabd28a7000add2d05f888aa2e837c2cc,c7fbdcc4df48bd4a2cfe21811613e5e50e3e4868822fe6dddd13745d96692118,b98d65cc5e34337369dcd4d69d63651cc2c99c19e8494199e8b5ec9e06c8b87f,3ee7e46399aea60603c767e0a604e79e7db233924ce71fe027a1ccc1623b7eb0,7beb41daec3d6a34c6da7696c56a982667957298f017ebe137829282b6ce7985,e6f30e55e478d39061b94e38de33959ca99b16e8cac38a3bd99b34f6543ad4a2,20260924,1.5,kinematic,noise,sigma1cm_lat0step,jonswap,strict,25.0,True,0.01,0.05,0.0,0,0.0,30.0,,e6f30e55e478d39061b94e38de33959ca99b16e8cac38a3bd99b34f6543ad4a2
ppo_sinusoid,False,2,aft,id,SS6,200,195,0.975,0.942821659593358,0.9892752803482386,0.0,0.0,0.02,0.005,0.975,0.0,200,0.2588478570036001,0.33246273144977967,0.26056344830878553,0.33849295144492064,0.011691582193758005,0.02542886845777178,12.899601069867416,1.5190208333333333,1.5166666666666666,0.2316093076185063,0.19516695641495813,0,0.0,4,-0.00649074562131643,24,0.12,0.0,0,0,0,0,0,198,2,0,200,,0.08197992706375512,0.17234252098296743,0.12,0.08197992706375512,0.17234252098296743,artifacts/runs/ppo_sinusoid/2,ppo,10000000,final,10010624,6cedd5d9a1fbf7eabafa9ca6146ab19ce81fdab2,0dd539e7ae526fb16bc5d9bcc631b27e1c01056314997b68563497482d3127ff,c760e6ae03ca75505ec61e191edc2174652ebec2e1a3472c11bc32a3dacad4c0,b1bed34ac4b86a9500f90146d99ee47781491c22f83bcb80aa608a5a085b1142,fa2737b4e406dbc235920c67e88c6ea2a87f57fb91a789f269b0a28af096cb61,df477afd97b6425a6a659ec2f2e5848b674903f24c734f8e297e64d82a525f2a,LearnedPolicy,False,sinusoid,jonswap,3.12.3,2.5.2,2.13.0,2.9.0,1.3.0,3.2.7,e9fa15cc35312a5c1ecf0c42668a690b5061c090,7ebad1ecabd28a7000add2d05f888aa2e837c2cc,c7fbdcc4df48bd4a2cfe21811613e5e50e3e4868822fe6dddd13745d96692118,b98d65cc5e34337369dcd4d69d63651cc2c99c19e8494199e8b5ec9e06c8b87f,3ee7e46399aea60603c767e0a604e79e7db233924ce71fe027a1ccc1623b7eb0,7beb41daec3d6a34c6da7696c56a982667957298f017ebe137829282b6ce7985,e6f30e55e478d39061b94e38de33959ca99b16e8cac38a3bd99b34f6543ad4a2,20260924,1.5,kinematic,noise,sigma1cm_lat0step,jonswap,strict,25.0,True,0.01,0.05,0.0,0,0.0,30.0,,e6f30e55e478d39061b94e38de33959ca99b16e8cac38a3bd99b34f6543ad4a2
ppo_sinusoid,False,3,aft,id,SS3,200,200,1.0,0.9811546736227335,1.0,0.0,0.0,0.0,0.0,1.0,0.0,200,0.2533889682900372,0.3087372747946028,0.25386211389727736,0.30895526711425497,0.009959982016775903,0.022325943556855694,4.990325209828802,1.5074375,1.5,0.27206608935277204,0.2138810296078998,0,0.0,0,-0.002913456501694937,190,0.95,0.755,0,0,0,0,0,200,0,0,200,,0.9104218518612239,0.972617354399236,0.95,0.9104218518612239,0.972617354399236,artifacts/runs/ppo_sinusoid/3,ppo,10000000,final,10010624,6cedd5d9a1fbf7eabafa9ca6146ab19ce81fdab2,0dd539e7ae526fb16bc5d9bcc631b27e1c01056314997b68563497482d3127ff,c760e6ae03ca75505ec61e191edc2174652ebec2e1a3472c11bc32a3dacad4c0,d7d65d4e7ec6e0122c1df5469bc0198357850ce8557a25052b7f798f6137264c,032955786bb06d41cdd367f06a4aacdcd388043f7238097255f55427b8d0b780,55ff2375855c56d85915cb2037b331ee03d61c8a427d78d6492d738a006845fb,LearnedPolicy,False,sinusoid,jonswap,3.12.3,2.5.2,2.13.0,2.9.0,1.3.0,3.2.7,e9fa15cc35312a5c1ecf0c42668a690b5061c090,7ebad1ecabd28a7000add2d05f888aa2e837c2cc,c7fbdcc4df48bd4a2cfe21811613e5e50e3e4868822fe6dddd13745d96692118,b98d65cc5e34337369dcd4d69d63651cc2c99c19e8494199e8b5ec9e06c8b87f,3ee7e46399aea60603c767e0a604e79e7db233924ce71fe027a1ccc1623b7eb0,7beb41daec3d6a34c6da7696c56a982667957298f017ebe137829282b6ce7985,e6f30e55e478d39061b94e38de33959ca99b16e8cac38a3bd99b34f6543ad4a2,20260924,1.5,kinematic,noise,sigma1cm_lat0step,jonswap,strict,25.0,True,0.01,0.05,0.0,0,0.0,30.0,,e6f30e55e478d39061b94e38de33959ca99b16e8cac38a3bd99b34f6543ad4a2
ppo_sinusoid,False,3,aft,id,SS4,200,199,0.995,0.9722262956021069,0.9991168312843989,0.0,0.0,0.0,0.005,0.995,0.0,200,0.2549814091176007,0.3278491391877903,0.25496137225097426,0.32865940765895785,0.010733730844386715,0.022089006828471543,5.821640839739249,1.5086666666666664,1.5125,0.27703028886519576,0.2142753625438921,0,0.0,0,-0.004320921138860325,140,0.7,0.75,0,0,0,0,0,199,1,0,200,,0.6332093162728074,0.7592525531762859,0.7,0.6332093162728074,0.7592525531762859,artifacts/runs/ppo_sinusoid/3,ppo,10000000,final,10010624,6cedd5d9a1fbf7eabafa9ca6146ab19ce81fdab2,0dd539e7ae526fb16bc5d9bcc631b27e1c01056314997b68563497482d3127ff,c760e6ae03ca75505ec61e191edc2174652ebec2e1a3472c11bc32a3dacad4c0,d7d65d4e7ec6e0122c1df5469bc0198357850ce8557a25052b7f798f6137264c,032955786bb06d41cdd367f06a4aacdcd388043f7238097255f55427b8d0b780,55ff2375855c56d85915cb2037b331ee03d61c8a427d78d6492d738a006845fb,LearnedPolicy,False,sinusoid,jonswap,3.12.3,2.5.2,2.13.0,2.9.0,1.3.0,3.2.7,e9fa15cc35312a5c1ecf0c42668a690b5061c090,7ebad1ecabd28a7000add2d05f888aa2e837c2cc,c7fbdcc4df48bd4a2cfe21811613e5e50e3e4868822fe6dddd13745d96692118,b98d65cc5e34337369dcd4d69d63651cc2c99c19e8494199e8b5ec9e06c8b87f,3ee7e46399aea60603c767e0a604e79e7db233924ce71fe027a1ccc1623b7eb0,7beb41daec3d6a34c6da7696c56a982667957298f017ebe137829282b6ce7985,e6f30e55e478d39061b94e38de33959ca99b16e8cac38a3bd99b34f6543ad4a2,20260924,1.5,kinematic,noise,sigma1cm_lat0step,jonswap,strict,25.0,True,0.01,0.05,0.0,0,0.0,30.0,,e6f30e55e478d39061b94e38de33959ca99b16e8cac38a3bd99b34f6543ad4a2
ppo_sinusoid,False,3,aft,id,SS5,200,200,1.0,0.9811546736227335,1.0,0.0,0.0,0.0,0.0,1.0,0.0,200,0.24406763616490612,0.31757315256835633,0.24690505639066174,0.31623059846493906,0.010925713939961515,0.0239830315597171,7.466743051662627,1.5128125,1.5145833333333334,0.28240433075030347,0.21383199158851687,0,0.0,0,-0.004714854727774534,60,0.3,0.745,0,0,0,0,0,200,0,0,200,,0.24074744682371402,0.36679068372719265,0.3,0.24074744682371402,0.36679068372719265,artifacts/runs/ppo_sinusoid/3,ppo,10000000,final,10010624,6cedd5d9a1fbf7eabafa9ca6146ab19ce81fdab2,0dd539e7ae526fb16bc5d9bcc631b27e1c01056314997b68563497482d3127ff,c760e6ae03ca75505ec61e191edc2174652ebec2e1a3472c11bc32a3dacad4c0,d7d65d4e7ec6e0122c1df5469bc0198357850ce8557a25052b7f798f6137264c,032955786bb06d41cdd367f06a4aacdcd388043f7238097255f55427b8d0b780,55ff2375855c56d85915cb2037b331ee03d61c8a427d78d6492d738a006845fb,LearnedPolicy,False,sinusoid,jonswap,3.12.3,2.5.2,2.13.0,2.9.0,1.3.0,3.2.7,e9fa15cc35312a5c1ecf0c42668a690b5061c090,7ebad1ecabd28a7000add2d05f888aa2e837c2cc,c7fbdcc4df48bd4a2cfe21811613e5e50e3e4868822fe6dddd13745d96692118,b98d65cc5e34337369dcd4d69d63651cc2c99c19e8494199e8b5ec9e06c8b87f,3ee7e46399aea60603c767e0a604e79e7db233924ce71fe027a1ccc1623b7eb0,7beb41daec3d6a34c6da7696c56a982667957298f017ebe137829282b6ce7985,e6f30e55e478d39061b94e38de33959ca99b16e8cac38a3bd99b34f6543ad4a2,20260924,1.5,kinematic,noise,sigma1cm_lat0step,jonswap,strict,25.0,True,0.01,0.05,0.0,0,0.0,30.0,,e6f30e55e478d39061b94e38de33959ca99b16e8cac38a3bd99b34f6543ad4a2
ppo_sinusoid,False,3,aft,id,SS6,200,194,0.97,0.9361057075454807,0.9861796856598887,0.0,0.0,0.03,0.0,0.97,0.0,200,0.24978259646592177,0.3298702584849434,0.25102868295014424,0.330747299288154,0.012079168826545816,0.02843631971801943,12.794692021348869,1.537395833333333,1.5375,0.2863715641187593,0.2145740625744232,0,0.0,2,-0.005218871128620141,25,0.125,0.0,0,0,0,0,0,200,0,0,200,,0.08611974475712644,0.17801425002582347,0.125,0.08611974475712644,0.17801425002582347,artifacts/runs/ppo_sinusoid/3,ppo,10000000,final,10010624,6cedd5d9a1fbf7eabafa9ca6146ab19ce81fdab2,0dd539e7ae526fb16bc5d9bcc631b27e1c01056314997b68563497482d3127ff,c760e6ae03ca75505ec61e191edc2174652ebec2e1a3472c11bc32a3dacad4c0,d7d65d4e7ec6e0122c1df5469bc0198357850ce8557a25052b7f798f6137264c,032955786bb06d41cdd367f06a4aacdcd388043f7238097255f55427b8d0b780,55ff2375855c56d85915cb2037b331ee03d61c8a427d78d6492d738a006845fb,LearnedPolicy,False,sinusoid,jonswap,3.12.3,2.5.2,2.13.0,2.9.0,1.3.0,3.2.7,e9fa15cc35312a5c1ecf0c42668a690b5061c090,7ebad1ecabd28a7000add2d05f888aa2e837c2cc,c7fbdcc4df48bd4a2cfe21811613e5e50e3e4868822fe6dddd13745d96692118,b98d65cc5e34337369dcd4d69d63651cc2c99c19e8494199e8b5ec9e06c8b87f,3ee7e46399aea60603c767e0a604e79e7db233924ce71fe027a1ccc1623b7eb0,7beb41daec3d6a34c6da7696c56a982667957298f017ebe137829282b6ce7985,e6f30e55e478d39061b94e38de33959ca99b16e8cac38a3bd99b34f6543ad4a2,20260924,1.5,kinematic,noise,sigma1cm_lat0step,jonswap,strict,25.0,True,0.01,0.05,0.0,0,0.0,30.0,,e6f30e55e478d39061b94e38de33959ca99b16e8cac38a3bd99b34f6543ad4a2
ppo_sinusoid,False,4,aft,id,SS3,200,200,1.0,0.9811546736227335,1.0,0.0,0.0,0.0,0.0,1.0,0.0,200,0.25960459856174256,0.3206242220518311,0.2596611081941264,0.32150566114491885,0.009666334694383827,0.020105130461367467,4.500624737293667,1.5190833333333336,1.525,0.23260166435259472,0.20206453455824921,0,0.0,0,-0.0027991349801679668,191,0.955,0.755,0,0,0,0,0,200,0,0,200,,0.9167032959981803,0.976147456998507,0.955,0.9167032959981803,0.976147456998507,artifacts/runs/ppo_sinusoid/4,ppo,10000000,final,10010624,6cedd5d9a1fbf7eabafa9ca6146ab19ce81fdab2,0dd539e7ae526fb16bc5d9bcc631b27e1c01056314997b68563497482d3127ff,c760e6ae03ca75505ec61e191edc2174652ebec2e1a3472c11bc32a3dacad4c0,0f6136e289a8ce9d99314f5751ffb39f8fe83a209f720163b41c3ac9df7ab40c,2b9178a3a663c0c39e406d4be733d6ee885cb31b8b8524c9aa85f86f21153460,60a8b3007f9f578e9f002f2a62ac118b7faea78547c3b1a8e41e6e9c38af7898,LearnedPolicy,False,sinusoid,jonswap,3.12.3,2.5.2,2.13.0,2.9.0,1.3.0,3.2.7,e9fa15cc35312a5c1ecf0c42668a690b5061c090,7ebad1ecabd28a7000add2d05f888aa2e837c2cc,c7fbdcc4df48bd4a2cfe21811613e5e50e3e4868822fe6dddd13745d96692118,b98d65cc5e34337369dcd4d69d63651cc2c99c19e8494199e8b5ec9e06c8b87f,3ee7e46399aea60603c767e0a604e79e7db233924ce71fe027a1ccc1623b7eb0,7beb41daec3d6a34c6da7696c56a982667957298f017ebe137829282b6ce7985,e6f30e55e478d39061b94e38de33959ca99b16e8cac38a3bd99b34f6543ad4a2,20260924,1.5,kinematic,noise,sigma1cm_lat0step,jonswap,strict,25.0,True,0.01,0.05,0.0,0,0.0,30.0,,e6f30e55e478d39061b94e38de33959ca99b16e8cac38a3bd99b34f6543ad4a2
ppo_sinusoid,False,4,aft,id,SS4,200,200,1.0,0.9811546736227335,1.0,0.0,0.0,0.0,0.0,1.0,0.0,200,0.25332756146191193,0.3320055815886556,0.2531542739297734,0.3322183917306808,0.011464071055175938,0.023424261752828836,5.635070097997757,1.5184166666666663,1.5166666666666666,0.2359181889190993,0.20144520499268573,0,0.0,0,-0.004206538095342931,141,0.705,0.75,0,0,0,0,0,200,0,0,200,,0.6384128547538122,0.7638605614315084,0.705,0.6384128547538122,0.7638605614315084,artifacts/runs/ppo_sinusoid/4,ppo,10000000,final,10010624,6cedd5d9a1fbf7eabafa9ca6146ab19ce81fdab2,0dd539e7ae526fb16bc5d9bcc631b27e1c01056314997b68563497482d3127ff,c760e6ae03ca75505ec61e191edc2174652ebec2e1a3472c11bc32a3dacad4c0,0f6136e289a8ce9d99314f5751ffb39f8fe83a209f720163b41c3ac9df7ab40c,2b9178a3a663c0c39e406d4be733d6ee885cb31b8b8524c9aa85f86f21153460,60a8b3007f9f578e9f002f2a62ac118b7faea78547c3b1a8e41e6e9c38af7898,LearnedPolicy,False,sinusoid,jonswap,3.12.3,2.5.2,2.13.0,2.9.0,1.3.0,3.2.7,e9fa15cc35312a5c1ecf0c42668a690b5061c090,7ebad1ecabd28a7000add2d05f888aa2e837c2cc,c7fbdcc4df48bd4a2cfe21811613e5e50e3e4868822fe6dddd13745d96692118,b98d65cc5e34337369dcd4d69d63651cc2c99c19e8494199e8b5ec9e06c8b87f,3ee7e46399aea60603c767e0a604e79e7db233924ce71fe027a1ccc1623b7eb0,7beb41daec3d6a34c6da7696c56a982667957298f017ebe137829282b6ce7985,e6f30e55e478d39061b94e38de33959ca99b16e8cac38a3bd99b34f6543ad4a2,20260924,1.5,kinematic,noise,sigma1cm_lat0step,jonswap,strict,25.0,True,0.01,0.05,0.0,0,0.0,30.0,,e6f30e55e478d39061b94e38de33959ca99b16e8cac38a3bd99b34f6543ad4a2
ppo_sinusoid,False,4,aft,id,SS5,200,200,1.0,0.9811546736227335,1.0,0.0,0.0,0.0,0.0,1.0,0.0,200,0.25197829665629257,0.3126539147646007,0.25382934990559003,0.31380897148569525,0.011468080381974978,0.02404888717320436,7.928051000912506,1.5224375,1.525,0.2384765506928285,0.20133201507603068,0,0.0,0,-0.004491310086038822,61,0.305,0.745,0,0,0,0,0,200,0,0,200,,0.24536415630735034,0.37198552097978366,0.305,0.24536415630735034,0.37198552097978366,artifacts/runs/ppo_sinusoid/4,ppo,10000000,final,10010624,6cedd5d9a1fbf7eabafa9ca6146ab19ce81fdab2,0dd539e7ae526fb16bc5d9bcc631b27e1c01056314997b68563497482d3127ff,c760e6ae03ca75505ec61e191edc2174652ebec2e1a3472c11bc32a3dacad4c0,0f6136e289a8ce9d99314f5751ffb39f8fe83a209f720163b41c3ac9df7ab40c,2b9178a3a663c0c39e406d4be733d6ee885cb31b8b8524c9aa85f86f21153460,60a8b3007f9f578e9f002f2a62ac118b7faea78547c3b1a8e41e6e9c38af7898,LearnedPolicy,False,sinusoid,jonswap,3.12.3,2.5.2,2.13.0,2.9.0,1.3.0,3.2.7,e9fa15cc35312a5c1ecf0c42668a690b5061c090,7ebad1ecabd28a7000add2d05f888aa2e837c2cc,c7fbdcc4df48bd4a2cfe21811613e5e50e3e4868822fe6dddd13745d96692118,b98d65cc5e34337369dcd4d69d63651cc2c99c19e8494199e8b5ec9e06c8b87f,3ee7e46399aea60603c767e0a604e79e7db233924ce71fe027a1ccc1623b7eb0,7beb41daec3d6a34c6da7696c56a982667957298f017ebe137829282b6ce7985,e6f30e55e478d39061b94e38de33959ca99b16e8cac38a3bd99b34f6543ad4a2,20260924,1.5,kinematic,noise,sigma1cm_lat0step,jonswap,strict,25.0,True,0.01,0.05,0.0,0,0.0,30.0,,e6f30e55e478d39061b94e38de33959ca99b16e8cac38a3bd99b34f6543ad4a2
ppo_sinusoid,False,4,aft,id,SS6,200,195,0.975,0.942821659593358,0.9892752803482386,0.0,0.0,0.025,0.0,0.975,0.0,200,0.25309907237087925,0.32763765075490564,0.25351745295129774,0.3274015813768922,0.01367833382195607,0.03118522657704865,11.786808463278998,1.5391666666666668,1.5375,0.23553258492710646,0.2011109560050356,0,0.0,3,-0.00571806906362937,24,0.12,0.0,0,0,0,0,0,200,0,0,200,,0.08197992706375512,0.17234252098296743,0.12,0.08197992706375512,0.17234252098296743,artifacts/runs/ppo_sinusoid/4,ppo,10000000,final,10010624,6cedd5d9a1fbf7eabafa9ca6146ab19ce81fdab2,0dd539e7ae526fb16bc5d9bcc631b27e1c01056314997b68563497482d3127ff,c760e6ae03ca75505ec61e191edc2174652ebec2e1a3472c11bc32a3dacad4c0,0f6136e289a8ce9d99314f5751ffb39f8fe83a209f720163b41c3ac9df7ab40c,2b9178a3a663c0c39e406d4be733d6ee885cb31b8b8524c9aa85f86f21153460,60a8b3007f9f578e9f002f2a62ac118b7faea78547c3b1a8e41e6e9c38af7898,LearnedPolicy,False,sinusoid,jonswap,3.12.3,2.5.2,2.13.0,2.9.0,1.3.0,3.2.7,e9fa15cc35312a5c1ecf0c42668a690b5061c090,7ebad1ecabd28a7000add2d05f888aa2e837c2cc,c7fbdcc4df48bd4a2cfe21811613e5e50e3e4868822fe6dddd13745d96692118,b98d65cc5e34337369dcd4d69d63651cc2c99c19e8494199e8b5ec9e06c8b87f,3ee7e46399aea60603c767e0a604e79e7db233924ce71fe027a1ccc1623b7eb0,7beb41daec3d6a34c6da7696c56a982667957298f017ebe137829282b6ce7985,e6f30e55e478d39061b94e38de33959ca99b16e8cac38a3bd99b34f6543ad4a2,20260924,1.5,kinematic,noise,sigma1cm_lat0step,jonswap,strict,25.0,True,0.01,0.05,0.0,0,0.0,30.0,,e6f30e55e478d39061b94e38de33959ca99b16e8cac38a3bd99b34f6543ad4a2
